epoch,train_loss,val_loss,train_acc_action,train_acc_status,val_acc_action,val_acc_status,learning_rate
1,1.7946431040763855,1.7784441709518433,0.3269230769230769,0.40384615384615385,0.35714285714285715,0.8571428571428571,0.0004
2,1.7849329113960266,1.7665064334869385,0.3269230769230769,0.8269230769230769,0.35714285714285715,0.8571428571428571,0.0004
3,1.7726097702980042,1.7536351680755615,0.3269230769230769,0.8269230769230769,0.35714285714285715,0.8571428571428571,0.0004
4,1.7588461637496948,1.741775393486023,0.3269230769230769,0.8269230769230769,0.35714285714285715,0.8571428571428571,0.0004
5,1.7463530898094177,1.7194932699203491,0.3269230769230769,0.8269230769230769,0.35714285714285715,0.8571428571428571,0.0004
6,1.7251458764076233,1.682564616203308,0.34615384615384615,0.8269230769230769,0.42857142857142855,0.8571428571428571,0.0004
7,1.7120675444602966,1.6210551261901855,0.3076923076923077,0.8269230769230769,0.42857142857142855,0.8571428571428571,0.0004
8,1.6594468355178833,1.6198172569274902,0.3076923076923077,0.8269230769230769,0.42857142857142855,0.8571428571428571,0.0004
9,1.648927390575409,1.608173131942749,0.3076923076923077,0.8269230769230769,0.42857142857142855,0.8571428571428571,0.0004
10,1.5886859893798828,1.5003762245178223,0.3076923076923077,0.8269230769230769,0.42857142857142855,0.8571428571428571,0.0004
11,1.5471264123916626,1.5466188192367554,0.3076923076923077,0.8269230769230769,0.42857142857142855,0.8571428571428571,0.0004
12,1.4956856966018677,1.5179556608200073,0.3076923076923077,0.8269230769230769,0.21428571428571427,0.8571428571428571,0.0004
13,1.537827730178833,1.5568726062774658,0.36538461538461536,0.8269230769230769,0.21428571428571427,0.8571428571428571,0.0004
14,1.5839069485664368,1.5523308515548706,0.36538461538461536,0.8269230769230769,0.21428571428571427,0.8571428571428571,0.0004
15,1.5973351001739502,1.5444369316101074,0.36538461538461536,0.8269230769230769,0.21428571428571427,0.8571428571428571,0.0004
16,1.5628228783607483,1.5692164897918701,0.36538461538461536,0.8269230769230769,0.21428571428571427,0.8571428571428571,0.0004
17,1.55683434009552,1.527491807937622,0.36538461538461536,0.8269230769230769,0.21428571428571427,0.8571428571428571,0.0004
18,1.5494320392608643,1.5548993349075317,0.36538461538461536,0.8269230769230769,0.21428571428571427,0.8571428571428571,0.0004
19,1.5337879657745361,1.5620098114013672,0.36538461538461536,0.8269230769230769,0.21428571428571427,0.8571428571428571,0.0004
20,1.5544126629829407,1.5417263507843018,0.36538461538461536,0.8269230769230769,0.21428571428571427,0.8571428571428571,0.0004
21,1.5410714745521545,1.5327565670013428,0.34615384615384615,0.8269230769230769,0.14285714285714285,0.8571428571428571,0.0004
22,1.5597591400146484,1.5292563438415527,0.38461538461538464,0.8269230769230769,0.2857142857142857,0.8571428571428571,0.0004
23,1.554900050163269,1.5193942785263062,0.38461538461538464,0.8269230769230769,0.2857142857142857,0.8571428571428571,0.0004
24,1.5609135031700134,1.5436159372329712,0.28846153846153844,0.8269230769230769,0.21428571428571427,0.8571428571428571,0.0004
25,1.5537914633750916,1.5322344303131104,0.34615384615384615,0.8269230769230769,0.14285714285714285,0.8571428571428571,0.0004
26,1.5178889632225037,1.5178894996643066,0.38461538461538464,0.8269230769230769,0.21428571428571427,0.8571428571428571,0.0004
27,1.537574052810669,1.535764217376709,0.40384615384615385,0.8269230769230769,0.2857142857142857,0.8571428571428571,0.0004
28,1.5603803992271423,1.5207037925720215,0.34615384615384615,0.8269230769230769,0.2857142857142857,0.8571428571428571,0.0004
29,1.5543758273124695,1.4920774698257446,0.3076923076923077,0.8269230769230769,0.21428571428571427,0.8571428571428571,0.0004
30,1.55306077003479,1.5088744163513184,0.3269230769230769,0.8269230769230769,0.21428571428571427,0.8571428571428571,0.0004
31,1.5105295777320862,1.5076161623001099,0.3269230769230769,0.8269230769230769,0.2857142857142857,0.8571428571428571,0.0004
32,1.5739713907241821,1.525468349456787,0.40384615384615385,0.8269230769230769,0.2857142857142857,0.8571428571428571,0.0004
33,1.5310173034667969,1.5264133214950562,0.3269230769230769,0.8269230769230769,0.21428571428571427,0.8571428571428571,0.0004
34,1.556151270866394,1.4615445137023926,0.3076923076923077,0.8269230769230769,0.21428571428571427,0.8571428571428571,0.0004
35,1.5294265151023865,1.4750614166259766,0.36538461538461536,0.8269230769230769,0.21428571428571427,0.8571428571428571,0.0004
36,1.5349985361099243,1.5025837421417236,0.36538461538461536,0.8269230769230769,0.21428571428571427,0.8571428571428571,0.0004
37,1.5134245157241821,1.497575044631958,0.36538461538461536,0.8269230769230769,0.21428571428571427,0.8571428571428571,0.0004
38,1.5554119348526,1.443476676940918,0.36538461538461536,0.8269230769230769,0.21428571428571427,0.8571428571428571,0.0004
39,1.496856153011322,1.4794628620147705,0.36538461538461536,0.8269230769230769,0.21428571428571427,0.8571428571428571,0.0004
40,1.5497931838035583,1.489068865776062,0.36538461538461536,0.8269230769230769,0.2857142857142857,0.8571428571428571,0.0004
41,1.5331721305847168,1.5194300413131714,0.34615384615384615,0.8269230769230769,0.07142857142857142,0.8571428571428571,0.0004
42,1.5357129573822021,1.5501173734664917,0.38461538461538464,0.8269230769230769,0.21428571428571427,0.8571428571428571,0.0004
43,1.570106565952301,1.6916940212249756,0.36538461538461536,0.8269230769230769,0.14285714285714285,0.8571428571428571,0.0004
44,1.4840503334999084,1.4857500791549683,0.38461538461538464,0.8269230769230769,0.35714285714285715,0.8571428571428571,0.0004
45,1.490574836730957,1.3856112957000732,0.36538461538461536,0.8269230769230769,0.42857142857142855,0.8571428571428571,0.0004
46,1.5676952600479126,1.4945693016052246,0.38461538461538464,0.8269230769230769,0.21428571428571427,0.8571428571428571,0.0004
47,1.4941555261611938,1.442570686340332,0.46153846153846156,0.8269230769230769,0.35714285714285715,0.8571428571428571,0.0004
48,1.4546817541122437,1.4206129312515259,0.40384615384615385,0.8269230769230769,0.35714285714285715,0.8571428571428571,0.0004
49,1.5321878790855408,1.5159133672714233,0.38461538461538464,0.8269230769230769,0.42857142857142855,0.8571428571428571,0.0004
50,1.4902438521385193,1.477325439453125,0.40384615384615385,0.8269230769230769,0.42857142857142855,0.8571428571428571,0.0004
51,1.571918249130249,1.662933588027954,0.3269230769230769,0.8269230769230769,0.2857142857142857,0.8571428571428571,0.0004
52,1.539353847503662,1.608600378036499,0.36538461538461536,0.8269230769230769,0.35714285714285715,0.8571428571428571,0.0004
53,1.4806696772575378,1.5456280708312988,0.46153846153846156,0.8269230769230769,0.5714285714285714,0.8571428571428571,0.0004
54,1.5365716814994812,1.4138206243515015,0.46153846153846156,0.8269230769230769,0.5714285714285714,0.8571428571428571,0.0004
55,1.5393611192703247,1.4703946113586426,0.40384615384615385,0.8269230769230769,0.42857142857142855,0.8571428571428571,0.0004
56,1.4242318868637085,1.3482909202575684,0.5,0.8269230769230769,0.6428571428571429,0.8571428571428571,0.0004
57,1.4120414853096008,1.5758668184280396,0.5192307692307693,0.8269230769230769,0.5,0.8571428571428571,0.0004
58,1.453474521636963,1.5754005908966064,0.4807692307692308,0.8269230769230769,0.5,0.8571428571428571,0.0004
59,1.482368528842926,1.3518040180206299,0.46153846153846156,0.8269230769230769,0.6428571428571429,0.8571428571428571,0.0004
60,1.513112187385559,1.3519232273101807,0.4230769230769231,0.8269230769230769,0.5714285714285714,0.8571428571428571,0.0004
61,1.4143394827842712,1.6666548252105713,0.5192307692307693,0.8269230769230769,0.35714285714285715,0.8571428571428571,0.0004
62,1.5673678517341614,1.5683289766311646,0.34615384615384615,0.8269230769230769,0.5,0.8571428571428571,0.0004
63,1.4657817482948303,1.543208122253418,0.40384615384615385,0.8269230769230769,0.5714285714285714,0.8571428571428571,0.0004
64,1.4164417386054993,1.332497477531433,0.4423076923076923,0.8269230769230769,0.6428571428571429,0.8571428571428571,0.0004
65,1.529657006263733,1.4647374153137207,0.4230769230769231,0.8269230769230769,0.5714285714285714,0.8571428571428571,0.0004
66,1.603927493095398,1.2846026420593262,0.36538461538461536,0.8269230769230769,0.42857142857142855,0.8571428571428571,0.0004
67,1.5246549844741821,1.7570161819458008,0.40384615384615385,0.8269230769230769,0.14285714285714285,0.8571428571428571,0.0004
68,1.553350031375885,1.575806736946106,0.4230769230769231,0.8269230769230769,0.35714285714285715,0.8571428571428571,0.0004
69,1.492013931274414,1.450467586517334,0.4423076923076923,0.8269230769230769,0.42857142857142855,0.8571428571428571,0.0004
70,1.5111433863639832,1.5087350606918335,0.4230769230769231,0.8269230769230769,0.35714285714285715,0.8571428571428571,0.0004
71,1.409334659576416,1.7307146787643433,0.5192307692307693,0.8269230769230769,0.21428571428571427,0.8571428571428571,0.0004
72,1.435932457447052,1.4289822578430176,0.5,0.8269230769230769,0.42857142857142855,0.8571428571428571,0.0004
73,1.404740571975708,1.319462537765503,0.5576923076923077,0.8269230769230769,0.5,0.8571428571428571,0.0004
74,1.430984914302826,1.422968864440918,0.5,0.8269230769230769,0.42857142857142855,0.8571428571428571,0.0004
75,1.332688331604004,1.4553933143615723,0.5961538461538461,0.8269230769230769,0.42857142857142855,0.8571428571428571,0.0004
76,1.4945546388626099,1.3916187286376953,0.5192307692307693,0.8269230769230769,0.35714285714285715,0.8571428571428571,0.0004
77,1.480649709701538,1.4246670007705688,0.4807692307692308,0.8269230769230769,0.2857142857142857,0.8571428571428571,0.0004
78,1.3551318049430847,1.4071276187896729,0.5576923076923077,0.8269230769230769,0.2857142857142857,0.8571428571428571,0.0004
79,1.3566802740097046,1.4671149253845215,0.5384615384615384,0.8269230769230769,0.42857142857142855,0.8571428571428571,0.0004
80,1.3545866012573242,1.4444595575332642,0.5384615384615384,0.8269230769230769,0.35714285714285715,0.8571428571428571,0.0004
81,1.5117178559303284,1.6619795560836792,0.5,0.8269230769230769,0.2857142857142857,0.8571428571428571,0.0004
82,1.4389171600341797,1.3479461669921875,0.5192307692307693,0.8269230769230769,0.42857142857142855,0.8571428571428571,0.0004
83,1.3544516563415527,1.3719978332519531,0.5,0.8269230769230769,0.42857142857142855,0.8571428571428571,0.0004
84,1.3488401770591736,1.9322304725646973,0.5384615384615384,0.8269230769230769,0.14285714285714285,0.8571428571428571,0.0004
85,1.30947345495224,1.475854754447937,0.5192307692307693,0.8269230769230769,0.35714285714285715,0.8571428571428571,0.0004
86,1.4515103697776794,1.3921736478805542,0.5384615384615384,0.8269230769230769,0.42857142857142855,0.8571428571428571,0.0004
87,1.3576977849006653,1.3648979663848877,0.5192307692307693,0.8269230769230769,0.42857142857142855,0.8571428571428571,0.0004
88,1.2912399768829346,1.6678305864334106,0.5384615384615384,0.8269230769230769,0.21428571428571427,0.8571428571428571,0.0004
89,1.3680356740951538,1.1851832866668701,0.5384615384615384,0.8269230769230769,0.5,0.8571428571428571,0.0004
90,1.4966602325439453,1.4652881622314453,0.4807692307692308,0.8269230769230769,0.35714285714285715,0.8571428571428571,0.0004
91,1.3356055617332458,1.2264200448989868,0.5192307692307693,0.8269230769230769,0.42857142857142855,0.8571428571428571,0.0004
92,1.4298349618911743,1.2450076341629028,0.5,0.8269230769230769,0.42857142857142855,0.8571428571428571,0.0004
93,1.3094905614852905,1.2707709074020386,0.5384615384615384,0.8269230769230769,0.5,0.8571428571428571,0.0004
94,1.3912264704704285,1.4902725219726562,0.4807692307692308,0.8269230769230769,0.35714285714285715,0.8571428571428571,0.0004
95,1.6178677082061768,1.3606278896331787,0.36538461538461536,0.8269230769230769,0.35714285714285715,0.8571428571428571,0.0004
96,1.4548994898796082,1.5570623874664307,0.4230769230769231,0.8269230769230769,0.2857142857142857,0.8571428571428571,0.0004
97,1.5191971063613892,1.787145733833313,0.4230769230769231,0.8269230769230769,0.2857142857142857,0.8571428571428571,0.0004
98,1.4239347577095032,1.3355646133422852,0.4807692307692308,0.8269230769230769,0.5,0.8571428571428571,0.0004
99,1.4761995673179626,1.4512584209442139,0.38461538461538464,0.8269230769230769,0.35714285714285715,0.8571428571428571,0.0004
100,1.470457673072815,1.474869728088379,0.5192307692307693,0.8269230769230769,0.35714285714285715,0.8571428571428571,0.0004
101,1.4640212059020996,1.4084869623184204,0.46153846153846156,0.8269230769230769,0.42857142857142855,0.8571428571428571,0.0004
102,1.4572762846946716,1.509157657623291,0.5192307692307693,0.8269230769230769,0.42857142857142855,0.8571428571428571,0.0004
103,1.5193087458610535,1.5581271648406982,0.38461538461538464,0.8269230769230769,0.21428571428571427,0.8571428571428571,0.0004
104,1.5068517327308655,1.4440124034881592,0.36538461538461536,0.8269230769230769,0.35714285714285715,0.8571428571428571,0.0004
105,1.5406144857406616,1.4424993991851807,0.36538461538461536,0.8269230769230769,0.21428571428571427,0.8571428571428571,0.0004
106,1.460880994796753,1.4214805364608765,0.36538461538461536,0.8269230769230769,0.42857142857142855,0.8571428571428571,0.0004
107,1.4750216007232666,1.5504543781280518,0.4807692307692308,0.8269230769230769,0.21428571428571427,0.8571428571428571,0.0004
108,1.4919405579566956,1.4448585510253906,0.4807692307692308,0.8269230769230769,0.35714285714285715,0.8571428571428571,0.0004
109,1.4658695459365845,1.3871774673461914,0.4423076923076923,0.8269230769230769,0.5714285714285714,0.8571428571428571,0.0004
110,1.517501950263977,1.542465090751648,0.46153846153846156,0.8269230769230769,0.5,0.8571428571428571,0.0004
111,1.4609318971633911,1.3595538139343262,0.4807692307692308,0.8269230769230769,0.42857142857142855,0.8571428571428571,0.0004
112,1.4250468015670776,1.5134034156799316,0.5,0.8269230769230769,0.2857142857142857,0.8571428571428571,0.0004
113,1.480688452720642,1.6479072570800781,0.40384615384615385,0.8269230769230769,0.42857142857142855,0.8571428571428571,0.0004
114,1.411800742149353,1.31349515914917,0.5961538461538461,0.8269230769230769,0.5714285714285714,0.8571428571428571,0.0004
115,1.4246003031730652,1.397017240524292,0.5576923076923077,0.8269230769230769,0.35714285714285715,0.8571428571428571,0.0004
116,1.497384488582611,1.4258217811584473,0.5,0.8269230769230769,0.5,0.8571428571428571,0.0004
117,1.441554069519043,1.4519093036651611,0.4807692307692308,0.8269230769230769,0.2857142857142857,0.8571428571428571,0.0004
118,1.3688541650772095,1.3454012870788574,0.5576923076923077,0.8269230769230769,0.5,0.8571428571428571,0.0004
119,1.3454312682151794,1.5176422595977783,0.5961538461538461,0.8269230769230769,0.35714285714285715,0.8571428571428571,0.0004
120,1.3674892783164978,1.461034893989563,0.5384615384615384,0.8269230769230769,0.35714285714285715,0.8571428571428571,0.0004
121,1.3523197174072266,1.3404154777526855,0.46153846153846156,0.8269230769230769,0.5,0.8571428571428571,0.0004
122,1.266101598739624,1.4512789249420166,0.5192307692307693,0.8269230769230769,0.42857142857142855,0.8571428571428571,0.0004
123,1.3777149319648743,1.3783403635025024,0.5384615384615384,0.8269230769230769,0.35714285714285715,0.8571428571428571,0.0004
124,1.4163336157798767,1.5526162385940552,0.4423076923076923,0.8269230769230769,0.42857142857142855,0.8571428571428571,0.0004
125,1.3770048022270203,1.5251173973083496,0.5384615384615384,0.8269230769230769,0.35714285714285715,0.8571428571428571,0.0004
126,1.5203855633735657,1.538438320159912,0.4230769230769231,0.8269230769230769,0.2857142857142857,0.8571428571428571,0.0004
127,1.3826581835746765,1.312218189239502,0.5576923076923077,0.8269230769230769,0.42857142857142855,0.8571428571428571,0.0004
128,1.530352234840393,1.467393398284912,0.4423076923076923,0.8269230769230769,0.5,0.8571428571428571,0.0004
129,1.3375853896141052,1.3845388889312744,0.46153846153846156,0.8269230769230769,0.2857142857142857,0.8571428571428571,0.0004
130,1.3315874934196472,1.4523742198944092,0.4807692307692308,0.8269230769230769,0.42857142857142855,0.8571428571428571,0.0004
131,1.2888053059577942,1.4554792642593384,0.6346153846153846,0.8269230769230769,0.42857142857142855,0.8571428571428571,0.0004
132,1.3894522786140442,1.4121431112289429,0.5,0.8269230769230769,0.42857142857142855,0.8571428571428571,0.0004
133,1.3663282990455627,1.3028424978256226,0.5,0.8269230769230769,0.5,0.8571428571428571,0.0004
134,1.448488712310791,1.4104573726654053,0.4423076923076923,0.8269230769230769,0.35714285714285715,0.8571428571428571,0.0004
135,1.3859362602233887,1.2507933378219604,0.4807692307692308,0.8269230769230769,0.5,0.8571428571428571,0.0004
136,1.4026640057563782,1.3298457860946655,0.5961538461538461,0.8269230769230769,0.5714285714285714,0.8571428571428571,0.0004
137,1.3391850590705872,1.3430030345916748,0.5192307692307693,0.8269230769230769,0.6428571428571429,0.8571428571428571,0.0004
138,1.302015781402588,1.3969215154647827,0.5192307692307693,0.8269230769230769,0.6428571428571429,0.8571428571428571,0.0004
139,1.3949056267738342,1.1453089714050293,0.4423076923076923,0.8269230769230769,0.5,0.8571428571428571,0.0004
140,1.422881305217743,1.2219029664993286,0.5192307692307693,0.8269230769230769,0.7142857142857143,0.8571428571428571,0.0004
141,1.451511025428772,1.3960068225860596,0.5384615384615384,0.8269230769230769,0.35714285714285715,0.8571428571428571,0.0004
142,1.392497479915619,1.2039716243743896,0.5384615384615384,0.8269230769230769,0.5,0.8571428571428571,0.0004
143,1.3245894312858582,1.2611604928970337,0.5576923076923077,0.8269230769230769,0.5,0.8571428571428571,0.0004
144,1.4892268776893616,1.598372220993042,0.4807692307692308,0.8269230769230769,0.35714285714285715,0.8571428571428571,0.0004
145,1.3182930946350098,1.2617384195327759,0.5,0.8269230769230769,0.5714285714285714,0.8571428571428571,0.0004
146,1.5147539973258972,1.7352887392044067,0.4423076923076923,0.8269230769230769,0.5,0.8571428571428571,0.0004
147,1.5076332092285156,1.672881007194519,0.4230769230769231,0.8269230769230769,0.35714285714285715,0.8571428571428571,0.0004
148,1.6498575806617737,1.8473031520843506,0.36538461538461536,0.8269230769230769,0.35714285714285715,0.8571428571428571,0.0004
149,1.6994166374206543,1.603297472000122,0.36538461538461536,0.8269230769230769,0.42857142857142855,0.8571428571428571,0.0004
150,1.7306824326515198,1.800995111465454,0.38461538461538464,0.8269230769230769,0.35714285714285715,0.8571428571428571,0.0004
151,1.7884045243263245,1.85977303981781,0.36538461538461536,0.8269230769230769,0.35714285714285715,0.8571428571428571,0.0004
152,1.704536497592926,1.8485404253005981,0.36538461538461536,0.8269230769230769,0.35714285714285715,0.8571428571428571,0.0004
153,1.7517810463905334,1.8097492456436157,0.34615384615384615,0.8269230769230769,0.35714285714285715,0.8571428571428571,0.0004
154,1.6233314275741577,1.6452758312225342,0.4423076923076923,0.8269230769230769,0.35714285714285715,0.8571428571428571,0.0004
155,1.7550934553146362,1.6942962408065796,0.36538461538461536,0.8269230769230769,0.35714285714285715,0.8571428571428571,0.0004
156,1.7115201950073242,1.5896422863006592,0.36538461538461536,0.8269230769230769,0.42857142857142855,0.8571428571428571,0.0004
157,1.7017433047294617,1.794992208480835,0.4230769230769231,0.8269230769230769,0.2857142857142857,0.8571428571428571,0.0004
158,1.7341318726539612,1.8363994359970093,0.36538461538461536,0.8269230769230769,0.35714285714285715,0.8571428571428571,0.0004
159,1.6699949502944946,1.6245594024658203,0.36538461538461536,0.8269230769230769,0.35714285714285715,0.8571428571428571,0.0004
160,1.671096682548523,1.5865952968597412,0.34615384615384615,0.8269230769230769,0.42857142857142855,0.8571428571428571,0.0004
161,1.6448280811309814,1.6641981601715088,0.36538461538461536,0.8269230769230769,0.35714285714285715,0.8571428571428571,0.0004
162,1.718751609325409,1.6797072887420654,0.34615384615384615,0.8269230769230769,0.35714285714285715,0.8571428571428571,0.0004
163,1.6969279050827026,1.6759552955627441,0.3269230769230769,0.8269230769230769,0.35714285714285715,0.8571428571428571,0.0004
164,1.5530646443367004,1.7508270740509033,0.4423076923076923,0.8269230769230769,0.21428571428571427,0.8571428571428571,0.0004
165,1.5919668674468994,1.5589454174041748,0.34615384615384615,0.8269230769230769,0.42857142857142855,0.8571428571428571,0.0004
166,1.599496603012085,1.5812008380889893,0.40384615384615385,0.8269230769230769,0.42857142857142855,0.8571428571428571,0.0004
167,1.5843914151191711,1.6471116542816162,0.4230769230769231,0.8269230769230769,0.35714285714285715,0.8571428571428571,0.0004
168,1.558765709400177,1.5873045921325684,0.40384615384615385,0.8269230769230769,0.35714285714285715,0.8571428571428571,0.0004
169,1.564011812210083,1.5662634372711182,0.36538461538461536,0.8269230769230769,0.35714285714285715,0.8571428571428571,0.0004
170,1.6008552312850952,1.5642485618591309,0.34615384615384615,0.8269230769230769,0.35714285714285715,0.8571428571428571,0.0004
171,1.7222395539283752,1.558269739151001,0.3076923076923077,0.8269230769230769,0.35714285714285715,0.8571428571428571,0.0004
172,1.4989066123962402,1.5417344570159912,0.4230769230769231,0.8269230769230769,0.35714285714285715,0.8571428571428571,0.0004
173,1.5669648051261902,1.5157052278518677,0.28846153846153844,0.8269230769230769,0.2857142857142857,0.8571428571428571,0.0004
174,1.4989093542099,1.4177656173706055,0.4423076923076923,0.8269230769230769,0.5,0.8571428571428571,0.0004
175,1.5765885710716248,1.4941726922988892,0.38461538461538464,0.8269230769230769,0.42857142857142855,0.8571428571428571,0.0004
176,1.589310646057129,1.8553948402404785,0.3269230769230769,0.8269230769230769,0.2857142857142857,0.8571428571428571,0.0004
177,1.5306731462478638,1.5008889436721802,0.40384615384615385,0.8269230769230769,0.35714285714285715,0.8571428571428571,0.0004
178,1.5986607074737549,1.633493185043335,0.38461538461538464,0.8269230769230769,0.2857142857142857,0.8571428571428571,0.0004
179,1.5171125531196594,1.4588693380355835,0.36538461538461536,0.8269230769230769,0.42857142857142855,0.8571428571428571,0.0004
180,1.4525928497314453,1.4024097919464111,0.4230769230769231,0.8269230769230769,0.5,0.8571428571428571,0.0004
181,1.4494544863700867,1.443613886833191,0.4230769230769231,0.8269230769230769,0.35714285714285715,0.8571428571428571,0.0004
182,1.6012839078903198,1.5577285289764404,0.36538461538461536,0.8269230769230769,0.35714285714285715,0.8571428571428571,0.0004
183,1.511361539363861,1.5359935760498047,0.40384615384615385,0.8269230769230769,0.35714285714285715,0.8571428571428571,0.0004
184,1.5023331046104431,1.5046157836914062,0.38461538461538464,0.8269230769230769,0.42857142857142855,0.8571428571428571,0.0004
185,1.5045557022094727,1.531775951385498,0.34615384615384615,0.8269230769230769,0.42857142857142855,0.8571428571428571,0.0004
186,1.4946277737617493,1.5339879989624023,0.40384615384615385,0.8269230769230769,0.5,0.8571428571428571,0.0004
187,1.5046499967575073,1.4942201375961304,0.40384615384615385,0.8269230769230769,0.35714285714285715,0.8571428571428571,0.0004
188,1.598099708557129,1.509706974029541,0.40384615384615385,0.8269230769230769,0.35714285714285715,0.8571428571428571,0.0004
189,1.5201769471168518,1.5638232231140137,0.38461538461538464,0.8269230769230769,0.2857142857142857,0.8571428571428571,0.0004
190,1.458067774772644,1.7436087131500244,0.40384615384615385,0.8269230769230769,0.2857142857142857,0.8571428571428571,0.0004
191,1.544918417930603,1.7068480253219604,0.38461538461538464,0.8269230769230769,0.35714285714285715,0.8571428571428571,0.0004
192,1.514417290687561,1.496264100074768,0.40384615384615385,0.8269230769230769,0.5,0.8571428571428571,0.0004
193,1.5766137838363647,1.4437525272369385,0.3269230769230769,0.8269230769230769,0.42857142857142855,0.8571428571428571,0.0004
194,1.426617681980133,1.4956045150756836,0.46153846153846156,0.8269230769230769,0.35714285714285715,0.8571428571428571,0.0004
195,1.5373232960700989,1.4323921203613281,0.40384615384615385,0.8269230769230769,0.5,0.8571428571428571,0.0004
196,1.4647738933563232,1.4626164436340332,0.4423076923076923,0.8269230769230769,0.35714285714285715,0.8571428571428571,0.0004
197,1.4534756541252136,1.7852383852005005,0.4807692307692308,0.8269230769230769,0.21428571428571427,0.8571428571428571,0.0004
198,1.5689884424209595,1.7940239906311035,0.38461538461538464,0.8269230769230769,0.2857142857142857,0.8571428571428571,0.0004
199,1.5694355368614197,1.440853476524353,0.38461538461538464,0.8269230769230769,0.35714285714285715,0.8571428571428571,0.0004
200,1.450457513332367,1.4559614658355713,0.4807692307692308,0.8269230769230769,0.5,0.8571428571428571,0.0004
201,1.4953522682189941,1.4147558212280273,0.46153846153846156,0.8269230769230769,0.5,0.8571428571428571,0.0004
202,1.4049988389015198,1.460824728012085,0.5576923076923077,0.8269230769230769,0.5,0.8571428571428571,0.0004
203,1.5934553742408752,1.4686706066131592,0.38461538461538464,0.8269230769230769,0.5714285714285714,0.8571428571428571,0.0004
204,1.5925345420837402,1.459381341934204,0.3076923076923077,0.8269230769230769,0.42857142857142855,0.8571428571428571,0.0004
205,1.440541923046112,1.4739192724227905,0.4423076923076923,0.8269230769230769,0.42857142857142855,0.8571428571428571,0.0004
206,1.5822205543518066,1.3652949333190918,0.4230769230769231,0.8269230769230769,0.5714285714285714,0.8571428571428571,0.0004
207,1.5748088359832764,1.4439365863800049,0.4230769230769231,0.8269230769230769,0.5,0.8571428571428571,0.0004
208,1.5337199568748474,1.5450003147125244,0.4423076923076923,0.8269230769230769,0.2857142857142857,0.8571428571428571,0.0004
209,1.5113540887832642,1.7289199829101562,0.40384615384615385,0.8269230769230769,0.2857142857142857,0.8571428571428571,0.0004
210,1.516584575176239,1.5309526920318604,0.36538461538461536,0.8269230769230769,0.42857142857142855,0.8571428571428571,0.0004
211,1.4325798153877258,1.6838816404342651,0.4423076923076923,0.8269230769230769,0.42857142857142855,0.8571428571428571,0.0004
212,1.5293421745300293,1.2994911670684814,0.36538461538461536,0.8269230769230769,0.6428571428571429,0.8571428571428571,0.0004
213,1.532993197441101,1.5927717685699463,0.40384615384615385,0.8269230769230769,0.42857142857142855,0.8571428571428571,0.0004
214,1.4833810329437256,1.4157410860061646,0.4230769230769231,0.8269230769230769,0.5714285714285714,0.8571428571428571,0.0004
215,1.4718297123908997,1.48526132106781,0.4230769230769231,0.8269230769230769,0.42857142857142855,0.8571428571428571,0.0004
216,1.5164191722869873,1.4632220268249512,0.4423076923076923,0.8269230769230769,0.35714285714285715,0.8571428571428571,0.0004
217,1.5055148601531982,1.5080701112747192,0.4423076923076923,0.8269230769230769,0.42857142857142855,0.8571428571428571,0.0004
218,1.6036922931671143,1.5726016759872437,0.38461538461538464,0.8269230769230769,0.35714285714285715,0.8571428571428571,0.0004
219,1.497717797756195,1.6035380363464355,0.40384615384615385,0.8269230769230769,0.35714285714285715,0.8571428571428571,0.0004
220,1.4681357145309448,1.7054263353347778,0.5,0.8269230769230769,0.35714285714285715,0.8571428571428571,0.0004
221,1.48442143201828,1.6278542280197144,0.4423076923076923,0.8269230769230769,0.5,0.8571428571428571,0.0004
222,1.5223810076713562,1.6064610481262207,0.34615384615384615,0.8269230769230769,0.42857142857142855,0.8571428571428571,0.0004
223,1.5656796097755432,1.5154139995574951,0.3076923076923077,0.8269230769230769,0.42857142857142855,0.8571428571428571,0.0004
224,1.516474425792694,1.561231017112732,0.40384615384615385,0.8269230769230769,0.35714285714285715,0.8571428571428571,0.0004
225,1.604318380355835,1.3859155178070068,0.34615384615384615,0.8269230769230769,0.5,0.8571428571428571,0.0004
226,1.588534414768219,1.5542309284210205,0.40384615384615385,0.8269230769230769,0.35714285714285715,0.8571428571428571,0.0004
227,1.4806089997291565,1.6245588064193726,0.38461538461538464,0.8269230769230769,0.42857142857142855,0.8571428571428571,0.0004
228,1.4322827458381653,1.694566249847412,0.5,0.8269230769230769,0.42857142857142855,0.8571428571428571,0.0004
229,1.5431143641471863,1.6789275407791138,0.4230769230769231,0.8269230769230769,0.35714285714285715,0.8571428571428571,0.0004
230,1.4748172163963318,1.4912058115005493,0.40384615384615385,0.8269230769230769,0.42857142857142855,0.8571428571428571,0.0004
231,1.4656485319137573,1.7186297178268433,0.4807692307692308,0.8269230769230769,0.2857142857142857,0.8571428571428571,0.0004
232,1.5039594173431396,1.4245882034301758,0.4423076923076923,0.8269230769230769,0.42857142857142855,0.8571428571428571,0.0004
233,1.4706133604049683,1.6564463376998901,0.46153846153846156,0.8269230769230769,0.35714285714285715,0.8571428571428571,0.0004
234,1.4631547331809998,1.6610511541366577,0.4230769230769231,0.8269230769230769,0.2857142857142857,0.8571428571428571,0.0004
235,1.5173832774162292,1.5251227617263794,0.4230769230769231,0.8269230769230769,0.21428571428571427,0.8571428571428571,0.0004
236,1.5345726013183594,1.5025171041488647,0.4230769230769231,0.8269230769230769,0.42857142857142855,0.8571428571428571,0.0004
237,1.5066139101982117,1.481441617012024,0.38461538461538464,0.8269230769230769,0.42857142857142855,0.8571428571428571,0.0004
238,1.5642999410629272,1.3758615255355835,0.38461538461538464,0.8269230769230769,0.42857142857142855,0.8571428571428571,0.0004
239,1.3961880207061768,1.5555815696716309,0.4423076923076923,0.8269230769230769,0.35714285714285715,0.8571428571428571,0.0004
240,1.5207808017730713,1.5920805931091309,0.36538461538461536,0.8269230769230769,0.2857142857142857,0.8571428571428571,0.0004
241,1.4442251324653625,1.5325868129730225,0.4230769230769231,0.8269230769230769,0.35714285714285715,0.8571428571428571,0.0004
242,1.4122881293296814,1.4784657955169678,0.5384615384615384,0.8269230769230769,0.42857142857142855,0.8571428571428571,0.0004
243,1.4648939371109009,1.7059088945388794,0.38461538461538464,0.8269230769230769,0.2857142857142857,0.8571428571428571,0.0004
244,1.5492208003997803,1.4070489406585693,0.40384615384615385,0.8269230769230769,0.5,0.8571428571428571,0.0004
245,1.5072307586669922,1.4437203407287598,0.4423076923076923,0.8269230769230769,0.5,0.8571428571428571,0.0004
246,1.5074447393417358,1.497166633605957,0.5769230769230769,0.8269230769230769,0.35714285714285715,0.8571428571428571,0.0004
247,1.5680463314056396,1.525965929031372,0.4423076923076923,0.8269230769230769,0.35714285714285715,0.8571428571428571,0.0004
248,1.6364272832870483,1.4317450523376465,0.3076923076923077,0.8269230769230769,0.42857142857142855,0.8571428571428571,0.0004
249,1.4476160407066345,1.3991585969924927,0.4807692307692308,0.8269230769230769,0.5714285714285714,0.8571428571428571,0.0004
250,1.4490997195243835,1.7133936882019043,0.4423076923076923,0.8269230769230769,0.35714285714285715,0.8571428571428571,0.0004
251,1.4380125999450684,1.4917941093444824,0.4807692307692308,0.8269230769230769,0.2857142857142857,0.8571428571428571,0.0004
252,1.4407473802566528,1.5408785343170166,0.4423076923076923,0.8269230769230769,0.35714285714285715,0.8571428571428571,0.0004
253,1.418369174003601,1.4614593982696533,0.4807692307692308,0.8269230769230769,0.5,0.8571428571428571,0.0004
254,1.3959912061691284,1.4275468587875366,0.5192307692307693,0.8269230769230769,0.42857142857142855,0.8571428571428571,0.0004
255,1.4327148795127869,1.3920254707336426,0.46153846153846156,0.8269230769230769,0.42857142857142855,0.8571428571428571,0.0004
256,1.5307791829109192,1.3565864562988281,0.40384615384615385,0.8269230769230769,0.5,0.8571428571428571,0.0004
257,1.4788157939910889,1.5458015203475952,0.4423076923076923,0.8269230769230769,0.35714285714285715,0.8571428571428571,0.0004
258,1.512646734714508,1.6414906978607178,0.4807692307692308,0.8269230769230769,0.35714285714285715,0.8571428571428571,0.0004
259,1.528409719467163,1.3891961574554443,0.38461538461538464,0.8269230769230769,0.5,0.8571428571428571,0.0004
260,1.446548581123352,1.4942054748535156,0.40384615384615385,0.8269230769230769,0.35714285714285715,0.8571428571428571,0.0004
261,1.548643410205841,1.343735933303833,0.36538461538461536,0.8269230769230769,0.5714285714285714,0.8571428571428571,0.0004
262,1.5300714373588562,1.4518263339996338,0.38461538461538464,0.8269230769230769,0.35714285714285715,0.8571428571428571,0.0004
263,1.4886503219604492,1.3829305171966553,0.4423076923076923,0.8269230769230769,0.5714285714285714,0.8571428571428571,0.0004
264,1.4758855104446411,1.4581971168518066,0.38461538461538464,0.8269230769230769,0.42857142857142855,0.8571428571428571,0.0004
265,1.4495266675949097,1.3044323921203613,0.46153846153846156,0.8269230769230769,0.6428571428571429,0.8571428571428571,0.0004
266,1.4147058129310608,1.4923746585845947,0.4807692307692308,0.8269230769230769,0.42857142857142855,0.8571428571428571,0.0004
267,1.391442060470581,1.3115746974945068,0.5576923076923077,0.8269230769230769,0.6428571428571429,0.8571428571428571,0.0004
268,1.556651532649994,1.526726484298706,0.40384615384615385,0.8269230769230769,0.42857142857142855,0.8571428571428571,0.0004
269,1.395273208618164,1.32503342628479,0.4807692307692308,0.8269230769230769,0.5,0.8571428571428571,0.0004
270,1.4880503416061401,1.519223690032959,0.4230769230769231,0.8269230769230769,0.6428571428571429,0.8571428571428571,0.0004
271,1.480049729347229,1.352334976196289,0.4807692307692308,0.8269230769230769,0.6428571428571429,0.8571428571428571,0.0004
272,1.408366322517395,1.443772315979004,0.5,0.8269230769230769,0.42857142857142855,0.8571428571428571,0.0004
273,1.6371186971664429,1.382371425628662,0.34615384615384615,0.8269230769230769,0.5714285714285714,0.8571428571428571,0.0004
274,1.4983160495758057,1.5377249717712402,0.4423076923076923,0.8269230769230769,0.5,0.8571428571428571,0.0004
275,1.5144542455673218,1.2994351387023926,0.4230769230769231,0.8269230769230769,0.7142857142857143,0.8571428571428571,0.0004
276,1.450897991657257,1.3749886751174927,0.4807692307692308,0.8269230769230769,0.5,0.8571428571428571,0.0004
277,1.4758093357086182,1.6828677654266357,0.4230769230769231,0.8269230769230769,0.42857142857142855,0.8571428571428571,0.0004
278,1.5643179416656494,1.5801094770431519,0.38461538461538464,0.8269230769230769,0.35714285714285715,0.8571428571428571,0.0004
279,1.4905718564987183,1.473231554031372,0.4423076923076923,0.8269230769230769,0.42857142857142855,0.8571428571428571,0.0004
280,1.4307801723480225,1.4583852291107178,0.4807692307692308,0.8269230769230769,0.42857142857142855,0.8571428571428571,0.0004
281,1.5397624969482422,1.682521104812622,0.36538461538461536,0.8269230769230769,0.2857142857142857,0.8571428571428571,0.0004
282,1.5713223218917847,1.3701666593551636,0.4423076923076923,0.8269230769230769,0.5714285714285714,0.8571428571428571,0.0004
283,1.5121248364448547,1.437908411026001,0.4230769230769231,0.8269230769230769,0.35714285714285715,0.8571428571428571,0.0004
284,1.4716796278953552,1.5126680135726929,0.40384615384615385,0.8269230769230769,0.5,0.8571428571428571,0.0004
285,1.5300648212432861,1.4798705577850342,0.5,0.8269230769230769,0.35714285714285715,0.8571428571428571,0.0004
286,1.5338532328605652,1.5754101276397705,0.40384615384615385,0.8269230769230769,0.35714285714285715,0.8571428571428571,0.0004
287,1.4185654520988464,1.5058197975158691,0.5192307692307693,0.8269230769230769,0.42857142857142855,0.8571428571428571,0.0004
288,1.5345534682273865,1.5385857820510864,0.38461538461538464,0.8269230769230769,0.35714285714285715,0.8571428571428571,0.0004
289,1.4924456477165222,1.5036438703536987,0.46153846153846156,0.8269230769230769,0.35714285714285715,0.8571428571428571,0.0004
290,1.432546615600586,1.4054303169250488,0.4423076923076923,0.8269230769230769,0.5,0.8571428571428571,0.0004
291,1.4468163847923279,1.486164927482605,0.46153846153846156,0.8269230769230769,0.42857142857142855,0.8571428571428571,0.0004
292,1.4863252639770508,1.4239096641540527,0.5576923076923077,0.8269230769230769,0.5714285714285714,0.8571428571428571,0.0004
293,1.5284885168075562,1.5586769580841064,0.4423076923076923,0.8269230769230769,0.35714285714285715,0.8571428571428571,0.0004
294,1.4558442831039429,1.6193792819976807,0.46153846153846156,0.8269230769230769,0.42857142857142855,0.8571428571428571,0.0004
295,1.4576135277748108,1.3732850551605225,0.4807692307692308,0.8269230769230769,0.5,0.8571428571428571,0.0004
296,1.494569480419159,1.450026035308838,0.40384615384615385,0.8269230769230769,0.5,0.8571428571428571,0.0004
297,1.5341445207595825,1.3523035049438477,0.36538461538461536,0.8269230769230769,0.5,0.8571428571428571,0.0004
298,1.5467495918273926,1.4821826219558716,0.40384615384615385,0.8269230769230769,0.42857142857142855,0.8571428571428571,0.0004
299,1.4889611601829529,1.3348075151443481,0.46153846153846156,0.8269230769230769,0.5714285714285714,0.8571428571428571,0.0004
300,1.3952287435531616,1.5417892932891846,0.5,0.8269230769230769,0.42857142857142855,0.8571428571428571,0.0004
301,1.4830233454704285,1.5709240436553955,0.40384615384615385,0.8269230769230769,0.2857142857142857,0.8571428571428571,0.0004
302,1.535373866558075,1.5442918539047241,0.38461538461538464,0.8269230769230769,0.42857142857142855,0.8571428571428571,0.0004
303,1.5684036612510681,1.5581748485565186,0.38461538461538464,0.8269230769230769,0.35714285714285715,0.8571428571428571,0.0004
304,1.552208662033081,1.5582635402679443,0.3269230769230769,0.8269230769230769,0.35714285714285715,0.8571428571428571,0.0004
305,1.4639833569526672,1.6210966110229492,0.40384615384615385,0.8269230769230769,0.2857142857142857,0.8571428571428571,0.0004
306,1.5342901349067688,1.5466943979263306,0.34615384615384615,0.8269230769230769,0.35714285714285715,0.8571428571428571,0.0004
307,1.4827376008033752,1.4169245958328247,0.40384615384615385,0.8269230769230769,0.42857142857142855,0.8571428571428571,0.0004
308,1.443052887916565,1.6151602268218994,0.4230769230769231,0.8269230769230769,0.35714285714285715,0.8571428571428571,0.0004
309,1.4983141422271729,1.5120643377304077,0.4230769230769231,0.8269230769230769,0.42857142857142855,0.8571428571428571,0.0004
310,1.4924097061157227,1.533639907836914,0.4423076923076923,0.8269230769230769,0.42857142857142855,0.8571428571428571,0.0004
311,1.5332182049751282,1.450188159942627,0.38461538461538464,0.8269230769230769,0.5,0.8571428571428571,0.0004
312,1.4207957983016968,1.7012006044387817,0.4807692307692308,0.8269230769230769,0.35714285714285715,0.8571428571428571,0.0004
313,1.5059740543365479,1.5201184749603271,0.36538461538461536,0.8269230769230769,0.42857142857142855,0.8571428571428571,0.0004
314,1.4951496124267578,1.5168498754501343,0.38461538461538464,0.8269230769230769,0.42857142857142855,0.8571428571428571,0.0004
315,1.4821255207061768,1.4133328199386597,0.4230769230769231,0.8269230769230769,0.5,0.8571428571428571,0.0004
316,1.4562706351280212,1.4424926042556763,0.38461538461538464,0.8269230769230769,0.42857142857142855,0.8571428571428571,0.0004
317,1.435146450996399,1.4319978952407837,0.4423076923076923,0.8269230769230769,0.5,0.8571428571428571,0.0004
318,1.4229565262794495,1.484497308731079,0.4230769230769231,0.8269230769230769,0.5,0.8571428571428571,0.0004
319,1.5313021540641785,1.5195558071136475,0.38461538461538464,0.8269230769230769,0.42857142857142855,0.8571428571428571,0.0004
320,1.4820166230201721,1.7388877868652344,0.40384615384615385,0.8269230769230769,0.35714285714285715,0.8571428571428571,0.0004
321,1.4200783967971802,1.5463743209838867,0.4230769230769231,0.8269230769230769,0.35714285714285715,0.8571428571428571,0.0004
322,1.4483321905136108,1.5994549989700317,0.40384615384615385,0.8269230769230769,0.5,0.8571428571428571,0.0004
323,1.3784281015396118,1.4181034564971924,0.46153846153846156,0.8269230769230769,0.5714285714285714,0.8571428571428571,0.0004
324,1.4600027799606323,1.4452364444732666,0.4230769230769231,0.8269230769230769,0.42857142857142855,0.8571428571428571,0.0004
325,1.5640463829040527,1.6937589645385742,0.34615384615384615,0.8269230769230769,0.35714285714285715,0.8571428571428571,0.0004
326,1.594923973083496,1.401078224182129,0.34615384615384615,0.8269230769230769,0.5,0.8571428571428571,0.0004
327,1.370705485343933,1.5329551696777344,0.5192307692307693,0.8269230769230769,0.42857142857142855,0.8571428571428571,0.0004
328,1.4974298477172852,1.5121287107467651,0.34615384615384615,0.8269230769230769,0.42857142857142855,0.8571428571428571,0.0004
329,1.4741686582565308,1.4875246286392212,0.38461538461538464,0.8269230769230769,0.42857142857142855,0.8571428571428571,0.0004
330,1.4160025119781494,1.4667248725891113,0.5,0.8269230769230769,0.42857142857142855,0.8571428571428571,0.0004
331,1.371902585029602,1.4211431741714478,0.5,0.8269230769230769,0.42857142857142855,0.8571428571428571,0.0004
332,1.3624971508979797,1.4516172409057617,0.5192307692307693,0.8269230769230769,0.42857142857142855,0.8571428571428571,0.0004
333,1.4055116176605225,1.2648906707763672,0.4423076923076923,0.8269230769230769,0.5,0.8571428571428571,0.0004
334,1.3648890852928162,1.4662485122680664,0.4807692307692308,0.8269230769230769,0.5,0.8571428571428571,0.0004
335,1.470079243183136,1.3494702577590942,0.4230769230769231,0.8269230769230769,0.5714285714285714,0.8571428571428571,0.0004
336,1.5724455118179321,1.5445643663406372,0.46153846153846156,0.8269230769230769,0.2857142857142857,0.8571428571428571,0.0004
337,1.3533101081848145,1.5587043762207031,0.40384615384615385,0.8269230769230769,0.35714285714285715,0.8571428571428571,0.0004
338,1.4013821482658386,1.3026621341705322,0.5384615384615384,0.8269230769230769,0.6428571428571429,0.8571428571428571,0.0004
339,1.4452319741249084,1.4325542449951172,0.40384615384615385,0.8269230769230769,0.35714285714285715,0.8571428571428571,0.0004
340,1.431213140487671,1.4195036888122559,0.5192307692307693,0.8269230769230769,0.42857142857142855,0.8571428571428571,0.0004
341,1.5323413610458374,1.32149076461792,0.40384615384615385,0.8269230769230769,0.5714285714285714,0.8571428571428571,0.0004
342,1.5818976759910583,1.427627444267273,0.40384615384615385,0.8269230769230769,0.2857142857142857,0.8571428571428571,0.0004
343,1.3919670581817627,1.57158362865448,0.4230769230769231,0.8269230769230769,0.5,0.8571428571428571,0.0004
344,1.6011916995048523,1.5225520133972168,0.38461538461538464,0.8269230769230769,0.35714285714285715,0.8571428571428571,0.0004
345,1.4370539784431458,1.5777446031570435,0.38461538461538464,0.8269230769230769,0.21428571428571427,0.8571428571428571,0.0004
346,1.4501627683639526,1.525754451751709,0.34615384615384615,0.8269230769230769,0.35714285714285715,0.8571428571428571,0.0004
347,1.451329231262207,1.759446382522583,0.40384615384615385,0.8269230769230769,0.2857142857142857,0.8571428571428571,0.0004
348,1.424277663230896,1.6460310220718384,0.40384615384615385,0.8269230769230769,0.21428571428571427,0.8571428571428571,0.0004
349,1.4802762269973755,1.5008255243301392,0.5384615384615384,0.8269230769230769,0.2857142857142857,0.8571428571428571,0.0004
350,1.483773648738861,1.5849241018295288,0.5576923076923077,0.8269230769230769,0.2857142857142857,0.8571428571428571,0.0004
351,1.4008338451385498,1.582859754562378,0.5769230769230769,0.8269230769230769,0.35714285714285715,0.8571428571428571,0.0004
352,1.3932555317878723,1.5666288137435913,0.4423076923076923,0.8269230769230769,0.42857142857142855,0.8571428571428571,0.0004
353,1.5240346193313599,1.7474521398544312,0.4423076923076923,0.8269230769230769,0.2857142857142857,0.8571428571428571,0.0004
354,1.5532466769218445,1.4784672260284424,0.40384615384615385,0.8269230769230769,0.42857142857142855,0.8571428571428571,0.0004
355,1.5164228081703186,1.723510980606079,0.46153846153846156,0.8269230769230769,0.2857142857142857,0.8571428571428571,0.0004
356,1.4764369130134583,1.3115931749343872,0.38461538461538464,0.8269230769230769,0.5,0.8571428571428571,0.0004
357,1.4137440919876099,1.45832359790802,0.4423076923076923,0.8269230769230769,0.5,0.8571428571428571,0.0004
358,1.5042030811309814,1.720550298690796,0.38461538461538464,0.8269230769230769,0.5,0.8571428571428571,0.0004
359,1.471069872379303,1.5570169687271118,0.38461538461538464,0.8269230769230769,0.35714285714285715,0.7857142857142857,0.0004
360,1.478874921798706,1.3696091175079346,0.5192307692307693,0.8269230769230769,0.5714285714285714,0.7857142857142857,0.0004
361,1.5909100770950317,1.4200080633163452,0.3076923076923077,0.8076923076923077,0.5714285714285714,0.7857142857142857,0.0004
362,1.3470391035079956,1.5496224164962769,0.5192307692307693,0.8269230769230769,0.21428571428571427,0.7857142857142857,0.0004
363,1.4656980633735657,1.4988055229187012,0.4230769230769231,0.8269230769230769,0.42857142857142855,0.8571428571428571,0.0004
364,1.3166444301605225,1.4950604438781738,0.5384615384615384,0.8269230769230769,0.35714285714285715,0.8571428571428571,0.0004
365,1.4330621361732483,1.5801517963409424,0.4807692307692308,0.8269230769230769,0.35714285714285715,0.8571428571428571,0.0004
366,1.4075927138328552,1.4296660423278809,0.4423076923076923,0.8076923076923077,0.5,0.7142857142857143,0.0004
367,1.373997449874878,1.4516072273254395,0.5192307692307693,0.8269230769230769,0.5,0.8571428571428571,0.0004
368,1.4733684659004211,1.6997950077056885,0.40384615384615385,0.8269230769230769,0.5,0.7142857142857143,0.0004
369,1.4057580828666687,1.3952722549438477,0.46153846153846156,0.8461538461538461,0.5714285714285714,0.7857142857142857,0.0004
370,1.4256402850151062,1.447695016860962,0.5,0.8269230769230769,0.5,0.7857142857142857,0.0004
371,1.5200145840644836,1.648646593093872,0.4807692307692308,0.8269230769230769,0.35714285714285715,0.7857142857142857,0.0004
372,1.4366695880889893,1.4946752786636353,0.4230769230769231,0.8269230769230769,0.42857142857142855,0.7857142857142857,0.0004
373,1.4168049693107605,1.614593267440796,0.46153846153846156,0.8461538461538461,0.2857142857142857,0.7142857142857143,0.0004
374,1.4075660109519958,1.3618431091308594,0.4807692307692308,0.8076923076923077,0.6428571428571429,0.7857142857142857,0.0004
375,1.3842648267745972,1.5505703687667847,0.4807692307692308,0.8461538461538461,0.35714285714285715,0.7142857142857143,0.0004
376,1.3904014229774475,1.5874598026275635,0.46153846153846156,0.8269230769230769,0.42857142857142855,0.7142857142857143,0.0004
377,1.4710289239883423,1.4832003116607666,0.4807692307692308,0.8461538461538461,0.5,0.7857142857142857,0.0004
378,1.4082528948783875,1.6247061491012573,0.5,0.8269230769230769,0.5,0.7857142857142857,0.0004
379,1.420256793498993,1.477977991104126,0.5192307692307693,0.8269230769230769,0.5,0.7857142857142857,0.0004
380,1.4186548590660095,1.4331307411193848,0.5576923076923077,0.8269230769230769,0.5,0.7142857142857143,0.0004
381,1.4723291397094727,1.354469656944275,0.46153846153846156,0.8461538461538461,0.6428571428571429,0.7857142857142857,0.0004
382,1.507985234260559,1.52078378200531,0.40384615384615385,0.8461538461538461,0.42857142857142855,0.7142857142857143,0.0004
383,1.4328554272651672,1.443803310394287,0.38461538461538464,0.8461538461538461,0.5,0.7857142857142857,0.0004
384,1.467081069946289,1.3459696769714355,0.46153846153846156,0.8269230769230769,0.6428571428571429,0.7857142857142857,0.0004
385,1.4824381470680237,1.6489149332046509,0.4807692307692308,0.8269230769230769,0.35714285714285715,0.8571428571428571,0.0004
386,1.5088690519332886,1.4209307432174683,0.40384615384615385,0.7884615384615384,0.5,0.8571428571428571,0.0004
387,1.406607210636139,1.660735011100769,0.5,0.8269230769230769,0.42857142857142855,0.7857142857142857,0.0004
388,1.364689826965332,1.3789830207824707,0.5384615384615384,0.8461538461538461,0.5,0.7857142857142857,0.0004
389,1.3639491200447083,1.518129587173462,0.4423076923076923,0.8269230769230769,0.42857142857142855,0.7142857142857143,0.0004
390,1.3359530568122864,1.6235175132751465,0.5576923076923077,0.8269230769230769,0.42857142857142855,0.7857142857142857,0.0004
391,1.3498989343643188,1.5762629508972168,0.5384615384615384,0.8461538461538461,0.5,0.7142857142857143,0.0004
392,1.3472002744674683,1.3592594861984253,0.5384615384615384,0.8461538461538461,0.5,0.7857142857142857,0.0004
393,1.4450120329856873,1.1737935543060303,0.46153846153846156,0.8461538461538461,0.7857142857142857,0.7142857142857143,0.0004
394,1.3167213201522827,1.2062253952026367,0.5384615384615384,0.8269230769230769,0.6428571428571429,0.8571428571428571,0.0004
395,1.2529524564743042,1.5945897102355957,0.5576923076923077,0.8846153846153846,0.2857142857142857,0.8571428571428571,0.0004
396,1.3157705068588257,1.307459831237793,0.4807692307692308,0.8653846153846154,0.6428571428571429,0.7142857142857143,0.0004
397,1.2564362287521362,1.2925775051116943,0.5961538461538461,0.8269230769230769,0.6428571428571429,0.7857142857142857,0.0004
398,1.2460742592811584,1.5273716449737549,0.6346153846153846,0.8653846153846154,0.5714285714285714,0.7142857142857143,0.0004
399,1.3453680276870728,1.6678968667984009,0.5769230769230769,0.8653846153846154,0.42857142857142855,0.6428571428571429,0.0004
400,1.209546148777008,1.242031216621399,0.5576923076923077,0.8653846153846154,0.5714285714285714,0.7857142857142857,0.0004
401,1.340309500694275,1.1029611825942993,0.5961538461538461,0.9038461538461539,0.7857142857142857,0.7857142857142857,0.0004
402,1.5629743933677673,1.5688096284866333,0.36538461538461536,0.8269230769230769,0.5,0.8571428571428571,0.0004
403,1.3290835618972778,1.4413001537322998,0.5576923076923077,0.8461538461538461,0.6428571428571429,0.7857142857142857,0.0004
404,1.3125468492507935,1.4991486072540283,0.6153846153846154,0.8653846153846154,0.6428571428571429,0.7142857142857143,0.0004
405,1.2802159190177917,1.5547319650650024,0.5769230769230769,0.8653846153846154,0.42857142857142855,0.7857142857142857,0.0004
406,1.310404658317566,1.3030483722686768,0.5961538461538461,0.8653846153846154,0.6428571428571429,0.8571428571428571,0.0004
407,1.3409978747367859,1.559373140335083,0.6153846153846154,0.8269230769230769,0.42857142857142855,0.7857142857142857,0.0004
408,1.3578742742538452,1.910884141921997,0.5576923076923077,0.8269230769230769,0.35714285714285715,0.8571428571428571,0.0004
409,1.3790234327316284,1.5963243246078491,0.5,0.8461538461538461,0.7142857142857143,0.7857142857142857,0.0004
410,1.3398051261901855,1.3089513778686523,0.5192307692307693,0.8653846153846154,0.5714285714285714,0.8571428571428571,0.0004
411,1.303223192691803,1.2710431814193726,0.6153846153846154,0.8461538461538461,0.7142857142857143,0.7857142857142857,0.0004
412,1.5303857922554016,1.4285004138946533,0.5,0.7884615384615384,0.5,0.8571428571428571,0.0004
413,1.369563341140747,1.5757036209106445,0.5192307692307693,0.8269230769230769,0.35714285714285715,0.7857142857142857,0.0004
414,1.4558597207069397,1.6922239065170288,0.46153846153846156,0.8076923076923077,0.35714285714285715,0.7142857142857143,0.0004
415,1.3312777280807495,1.262812852859497,0.5384615384615384,0.7884615384615384,0.6428571428571429,0.7142857142857143,0.0004
416,1.2186760306358337,1.3424654006958008,0.6153846153846154,0.8461538461538461,0.5714285714285714,0.7142857142857143,0.0004
417,1.3566780090332031,1.012868046760559,0.5384615384615384,0.8461538461538461,0.8571428571428571,0.7142857142857143,0.0004
418,1.2874047756195068,1.2489805221557617,0.5769230769230769,0.8269230769230769,0.5714285714285714,0.7142857142857143,0.0004
419,1.2508053183555603,1.7212249040603638,0.5961538461538461,0.8653846153846154,0.35714285714285715,0.7142857142857143,0.0004
420,1.380597472190857,1.3803391456604004,0.5192307692307693,0.8653846153846154,0.35714285714285715,0.7857142857142857,0.0004
421,1.3393918871879578,1.1983171701431274,0.5961538461538461,0.8076923076923077,0.5714285714285714,0.7857142857142857,0.0004
422,1.0403163433074951,1.235503077507019,0.6730769230769231,0.8846153846153846,0.5714285714285714,0.7857142857142857,0.0004
423,1.5557247400283813,1.5911998748779297,0.40384615384615385,0.7692307692307693,0.5714285714285714,0.7857142857142857,0.0004
424,1.3241418600082397,1.4041180610656738,0.5961538461538461,0.8461538461538461,0.5,0.7857142857142857,0.0004
425,1.399031639099121,1.0718357563018799,0.5,0.8653846153846154,0.7142857142857143,0.7857142857142857,0.0004
426,1.603951871395111,1.7375566959381104,0.4230769230769231,0.8269230769230769,0.35714285714285715,0.8571428571428571,0.0004
427,1.3063763976097107,1.4119811058044434,0.5,0.8269230769230769,0.5714285714285714,0.8571428571428571,0.0004
428,1.4193583726882935,1.3401890993118286,0.5576923076923077,0.8461538461538461,0.5,0.7857142857142857,0.0004
429,1.3858162760734558,1.3061840534210205,0.4807692307692308,0.8269230769230769,0.42857142857142855,0.7857142857142857,0.0004
430,1.3238014578819275,1.351963996887207,0.5,0.8653846153846154,0.5,0.7857142857142857,0.0004
431,1.2998030185699463,1.3308347463607788,0.5192307692307693,0.8076923076923077,0.42857142857142855,0.8571428571428571,0.0004
432,1.5150010585784912,1.2362337112426758,0.36538461538461536,0.7884615384615384,0.6428571428571429,0.7142857142857143,0.0004
433,1.3391647934913635,1.5764516592025757,0.5,0.8461538461538461,0.35714285714285715,0.7142857142857143,0.0004
434,1.2625853419303894,1.3157967329025269,0.5576923076923077,0.9038461538461539,0.6428571428571429,0.7857142857142857,0.0004
435,1.1596821546554565,1.1691083908081055,0.5769230769230769,0.9615384615384616,0.5714285714285714,0.8571428571428571,0.0004
436,1.0776293277740479,1.1970096826553345,0.6730769230769231,0.9038461538461539,0.6428571428571429,0.7857142857142857,0.0004
437,1.1387649178504944,1.7351152896881104,0.6153846153846154,0.8846153846153846,0.35714285714285715,0.7857142857142857,0.0004
438,1.3498667478561401,1.3214757442474365,0.5192307692307693,0.8269230769230769,0.35714285714285715,0.9285714285714286,0.0004
439,1.4223348498344421,1.4026991128921509,0.46153846153846156,0.7884615384615384,0.42857142857142855,0.7142857142857143,0.0004
440,1.2664730548858643,1.7765979766845703,0.5961538461538461,0.8076923076923077,0.5,0.6428571428571429,0.0004
441,1.4047280550003052,1.119226098060608,0.46153846153846156,0.8846153846153846,0.5,0.8571428571428571,0.0004
442,1.2831922769546509,1.6531012058258057,0.46153846153846156,0.8461538461538461,0.42857142857142855,0.5714285714285714,0.0004
443,1.4173356294631958,1.4684282541275024,0.5,0.8461538461538461,0.35714285714285715,0.7142857142857143,0.0004
444,1.3948089480400085,1.4057668447494507,0.5,0.8269230769230769,0.42857142857142855,0.7142857142857143,0.0004
445,1.263962984085083,1.740560531616211,0.5,0.8461538461538461,0.2857142857142857,0.7142857142857143,0.0004
446,1.1941258907318115,1.099646806716919,0.6538461538461539,0.9038461538461539,0.6428571428571429,0.8571428571428571,0.0004
447,1.2200397849082947,1.4941110610961914,0.5961538461538461,0.8653846153846154,0.5,0.8571428571428571,0.0004
448,1.250157117843628,1.076993465423584,0.5769230769230769,0.9038461538461539,0.5714285714285714,0.9285714285714286,0.0004
449,1.255104899406433,1.2739500999450684,0.6346153846153846,0.8076923076923077,0.6428571428571429,0.7857142857142857,0.0004
450,1.3933040499687195,1.5814248323440552,0.5576923076923077,0.8461538461538461,0.35714285714285715,0.7857142857142857,0.0004
451,1.326894223690033,1.0954294204711914,0.5576923076923077,0.8461538461538461,0.7857142857142857,0.7857142857142857,0.0004
452,1.2219253182411194,1.3760005235671997,0.5769230769230769,0.8461538461538461,0.5,0.8571428571428571,0.0004
453,1.3077361583709717,1.3081550598144531,0.5192307692307693,0.8269230769230769,0.5714285714285714,0.7857142857142857,0.0004
454,1.0356127619743347,1.5004761219024658,0.6538461538461539,0.9230769230769231,0.5,0.6428571428571429,0.0004
455,1.3059279918670654,0.8570073246955872,0.5192307692307693,0.8653846153846154,0.7142857142857143,0.8571428571428571,0.0004
456,1.085228681564331,1.5720593929290771,0.6923076923076923,0.9230769230769231,0.42857142857142855,0.6428571428571429,0.0004
457,1.0802509784698486,1.3407161235809326,0.6730769230769231,0.8846153846153846,0.5714285714285714,0.7142857142857143,0.0004
458,1.0579432845115662,0.9783371686935425,0.6730769230769231,0.8653846153846154,0.5714285714285714,1.0,0.0004
459,1.2959666848182678,0.9279258847236633,0.6346153846153846,0.7884615384615384,0.7142857142857143,1.0,0.0004
460,1.0069267749786377,1.1039215326309204,0.6923076923076923,0.9038461538461539,0.5,1.0,0.0004
461,1.3073291182518005,1.4121925830841064,0.5961538461538461,0.8846153846153846,0.5,0.8571428571428571,0.0004
462,1.3029234409332275,1.3176831007003784,0.5769230769230769,0.8076923076923077,0.6428571428571429,0.6428571428571429,0.0004
463,1.1764270663261414,1.638054609298706,0.5961538461538461,0.8461538461538461,0.5,0.7857142857142857,0.0004
464,1.2003740072250366,1.859062671661377,0.5769230769230769,0.8269230769230769,0.35714285714285715,0.7142857142857143,0.0004
465,1.3311165571212769,1.180819034576416,0.5384615384615384,0.8653846153846154,0.7142857142857143,0.7142857142857143,0.0004
466,1.174997627735138,1.636231541633606,0.6346153846153846,0.8653846153846154,0.35714285714285715,0.7857142857142857,0.0004
467,1.2947134971618652,1.4002008438110352,0.6538461538461539,0.7692307692307693,0.5,0.8571428571428571,0.0004
468,1.2152594327926636,1.5579148530960083,0.5961538461538461,0.8653846153846154,0.5,0.6428571428571429,0.0004
469,1.2683207392692566,1.5372785329818726,0.5576923076923077,0.8846153846153846,0.42857142857142855,0.7857142857142857,0.0004
470,1.3079967498779297,1.4177240133285522,0.5576923076923077,0.8653846153846154,0.42857142857142855,0.7857142857142857,0.0004
471,1.2041858434677124,1.2309411764144897,0.6730769230769231,0.7692307692307693,0.5714285714285714,0.7142857142857143,0.0004
472,1.13527512550354,1.3062031269073486,0.5961538461538461,0.8269230769230769,0.5714285714285714,0.7857142857142857,0.0004
473,1.1591864228248596,0.9295645356178284,0.6153846153846154,0.8846153846153846,0.7857142857142857,0.9285714285714286,0.0004
474,1.1405166983604431,1.2256556749343872,0.5961538461538461,0.8846153846153846,0.7142857142857143,0.7857142857142857,0.0004
475,1.1204221844673157,1.3134193420410156,0.6153846153846154,0.8461538461538461,0.5714285714285714,0.8571428571428571,0.0004
476,1.080174207687378,1.0834674835205078,0.5576923076923077,0.9038461538461539,0.5714285714285714,0.7142857142857143,0.0004
477,1.1702436804771423,1.4355826377868652,0.6923076923076923,0.7884615384615384,0.42857142857142855,0.7142857142857143,0.0004
478,1.1841565370559692,0.9967751502990723,0.5192307692307693,0.8461538461538461,0.5,0.9285714285714286,0.0004
479,1.342743158340454,1.1612091064453125,0.4807692307692308,0.8846153846153846,0.6428571428571429,0.8571428571428571,0.0004
480,1.115556538105011,1.0416674613952637,0.6538461538461539,0.8846153846153846,0.6428571428571429,0.8571428571428571,0.0004
481,1.2909478545188904,1.4476052522659302,0.4807692307692308,0.8269230769230769,0.5,0.7857142857142857,0.0004
482,1.257070243358612,1.3721504211425781,0.5192307692307693,0.9230769230769231,0.6428571428571429,0.7857142857142857,0.0004
483,1.4107989072799683,0.908332884311676,0.5769230769230769,0.8076923076923077,0.7857142857142857,0.8571428571428571,0.0004
484,1.1893157958984375,1.1033282279968262,0.5576923076923077,0.8653846153846154,0.5,0.8571428571428571,0.0004
485,1.2631385326385498,1.3794622421264648,0.5576923076923077,0.8269230769230769,0.35714285714285715,0.7857142857142857,0.0004
486,1.1262871026992798,1.2811613082885742,0.6153846153846154,0.9038461538461539,0.5714285714285714,0.8571428571428571,0.0004
487,1.164246678352356,1.0067470073699951,0.6153846153846154,0.8653846153846154,0.7142857142857143,0.7857142857142857,0.0004
488,1.3736870288848877,1.4871370792388916,0.5,0.8846153846153846,0.35714285714285715,0.7857142857142857,0.0004
489,1.5211474895477295,1.6168079376220703,0.46153846153846156,0.8076923076923077,0.2857142857142857,0.7142857142857143,0.0004
490,1.35878324508667,1.4345732927322388,0.4807692307692308,0.8846153846153846,0.42857142857142855,0.7142857142857143,0.0004
491,1.486281394958496,1.7722694873809814,0.4423076923076923,0.8269230769230769,0.21428571428571427,0.7142857142857143,0.0004
492,1.4026740789413452,1.2868696451187134,0.40384615384615385,0.8461538461538461,0.42857142857142855,0.7857142857142857,0.0004
493,1.4381365776062012,1.5952881574630737,0.38461538461538464,0.8461538461538461,0.35714285714285715,0.8571428571428571,0.0004
494,1.4155030846595764,1.5479787588119507,0.5192307692307693,0.8269230769230769,0.5,0.7142857142857143,0.0004
495,1.418153166770935,1.3344863653182983,0.4423076923076923,0.8653846153846154,0.5,0.7857142857142857,0.0004
496,1.4011167287826538,1.2549530267715454,0.4807692307692308,0.8461538461538461,0.5714285714285714,0.8571428571428571,0.0004
497,1.30902498960495,1.3215523958206177,0.5384615384615384,0.8461538461538461,0.5,0.8571428571428571,0.0004
498,1.3531809449195862,1.0404338836669922,0.5384615384615384,0.8653846153846154,0.5714285714285714,0.9285714285714286,0.0004
499,1.2948130369186401,1.1697189807891846,0.46153846153846156,0.8269230769230769,0.5714285714285714,0.7142857142857143,0.0004
500,1.294589340686798,1.0975769758224487,0.5576923076923077,0.8653846153846154,0.6428571428571429,0.8571428571428571,0.0004
501,1.378337800502777,0.8534172177314758,0.5,0.7884615384615384,0.9285714285714286,0.9285714285714286,0.0004
502,1.2159287333488464,1.1098405122756958,0.6346153846153846,0.8846153846153846,0.6428571428571429,0.7857142857142857,0.0004
503,1.3429099917411804,1.3917663097381592,0.5192307692307693,0.8461538461538461,0.42857142857142855,0.7857142857142857,0.0004
504,1.5026112794876099,1.2939844131469727,0.5576923076923077,0.8269230769230769,0.7142857142857143,0.7857142857142857,0.0004
505,1.4258434772491455,1.2842724323272705,0.5769230769230769,0.7884615384615384,0.5,0.7857142857142857,0.0004
506,1.3773669600486755,1.5116173028945923,0.5769230769230769,0.8461538461538461,0.5,0.6428571428571429,0.0004
507,1.3588533401489258,1.1599009037017822,0.6346153846153846,0.8653846153846154,0.6428571428571429,0.7857142857142857,0.0004
508,1.2554623484611511,1.3898853063583374,0.5961538461538461,0.8846153846153846,0.5714285714285714,0.7857142857142857,0.0004
509,1.3064143061637878,1.5527766942977905,0.5192307692307693,0.8461538461538461,0.42857142857142855,0.7142857142857143,0.0004
510,1.3452262878417969,1.4806783199310303,0.5192307692307693,0.8269230769230769,0.35714285714285715,0.7857142857142857,0.0004
511,1.3669016361236572,1.1551047563552856,0.6346153846153846,0.8461538461538461,0.6428571428571429,0.7857142857142857,0.0004
512,1.230918049812317,1.1624151468276978,0.6538461538461539,0.8653846153846154,0.7142857142857143,0.7142857142857143,0.0004
513,1.263968050479889,1.2720520496368408,0.6538461538461539,0.8461538461538461,0.5714285714285714,0.7857142857142857,0.0004
514,1.239788293838501,1.3937461376190186,0.6346153846153846,0.8653846153846154,0.5714285714285714,0.7142857142857143,0.0004
515,1.2999050617218018,1.2932389974594116,0.5961538461538461,0.8269230769230769,0.5714285714285714,0.8571428571428571,0.0004
516,1.193697452545166,1.2248624563217163,0.6923076923076923,0.8653846153846154,0.5714285714285714,0.8571428571428571,0.0004
517,1.1635453701019287,0.9869726896286011,0.6153846153846154,0.8653846153846154,0.7857142857142857,0.8571428571428571,0.0004
518,1.2365733981132507,1.204386591911316,0.6346153846153846,0.8461538461538461,0.6428571428571429,0.8571428571428571,0.0004
519,1.1965826153755188,0.9171664714813232,0.6153846153846154,0.8846153846153846,0.9285714285714286,0.7142857142857143,0.0004
520,1.2251043319702148,1.1392064094543457,0.5961538461538461,0.8653846153846154,0.5714285714285714,0.7857142857142857,0.0004
521,1.2272279262542725,1.6344116926193237,0.5769230769230769,0.8461538461538461,0.42857142857142855,0.7142857142857143,0.0004
522,1.1357313394546509,1.1839327812194824,0.5961538461538461,0.9038461538461539,0.6428571428571429,0.7857142857142857,0.0004
523,1.2196085453033447,1.2444963455200195,0.6730769230769231,0.8653846153846154,0.7857142857142857,0.7142857142857143,0.0004
524,1.2268455028533936,1.5390137434005737,0.5961538461538461,0.8653846153846154,0.42857142857142855,0.7142857142857143,0.0004
525,1.1455893516540527,1.2276406288146973,0.6730769230769231,0.8653846153846154,0.6428571428571429,0.7857142857142857,0.0004
526,1.249629020690918,0.8763096332550049,0.6153846153846154,0.8461538461538461,0.9285714285714286,0.7142857142857143,0.0004
527,1.3631531596183777,1.3607772588729858,0.46153846153846156,0.8076923076923077,0.6428571428571429,0.7142857142857143,0.0004
528,1.4694844484329224,1.6441700458526611,0.5576923076923077,0.8076923076923077,0.5,0.5714285714285714,0.0004
529,1.403716802597046,1.4643275737762451,0.5,0.8653846153846154,0.5,0.7142857142857143,0.0004
530,1.180384337902069,1.1308650970458984,0.5576923076923077,0.9038461538461539,0.5714285714285714,0.8571428571428571,0.0004
531,1.4466809630393982,1.6097136735916138,0.5,0.8461538461538461,0.42857142857142855,0.7142857142857143,0.0004
532,1.24627023935318,1.2566821575164795,0.5961538461538461,0.8461538461538461,0.5714285714285714,0.8571428571428571,0.0004
533,1.2792022228240967,1.5959042310714722,0.5769230769230769,0.8653846153846154,0.5714285714285714,0.6428571428571429,0.0004
534,1.0835214853286743,1.6817570924758911,0.6153846153846154,0.9038461538461539,0.35714285714285715,0.7142857142857143,0.0004
535,1.1106106638908386,0.8521451950073242,0.5961538461538461,0.8846153846153846,0.7857142857142857,0.9285714285714286,0.0004
536,1.2244908809661865,1.1824140548706055,0.5769230769230769,0.8653846153846154,0.5714285714285714,0.8571428571428571,0.0004
537,1.1021852493286133,1.3038392066955566,0.6153846153846154,0.8846153846153846,0.5714285714285714,0.7857142857142857,0.0004
538,1.3346807956695557,1.1879699230194092,0.5576923076923077,0.8653846153846154,0.6428571428571429,0.7857142857142857,0.0004
539,1.3468831181526184,1.2584071159362793,0.5769230769230769,0.7692307692307693,0.6428571428571429,0.7857142857142857,0.0004
540,1.103709876537323,1.8845195770263672,0.6346153846153846,0.8653846153846154,0.2857142857142857,0.6428571428571429,0.0004
541,1.100750207901001,1.303389549255371,0.6346153846153846,0.8653846153846154,0.6428571428571429,0.6428571428571429,0.0004
542,1.145442008972168,0.9216257333755493,0.6730769230769231,0.8653846153846154,0.7142857142857143,0.7857142857142857,0.0004
543,1.2486951351165771,1.009251594543457,0.5576923076923077,0.8653846153846154,0.7857142857142857,0.7857142857142857,0.0004
544,1.1366886496543884,1.3147132396697998,0.6923076923076923,0.8846153846153846,0.5,0.7857142857142857,0.0004
545,1.218815267086029,1.578382134437561,0.6346153846153846,0.7692307692307693,0.5,0.7142857142857143,0.0004
546,1.1131746172904968,1.257157802581787,0.6538461538461539,0.8269230769230769,0.7142857142857143,0.7857142857142857,0.0004
547,1.0959259271621704,1.2189621925354004,0.5961538461538461,0.9038461538461539,0.6428571428571429,0.7142857142857143,0.0004
548,1.129214107990265,1.138890266418457,0.6730769230769231,0.8461538461538461,0.5714285714285714,0.7857142857142857,0.0004
549,1.0815500617027283,1.2858047485351562,0.6730769230769231,0.8846153846153846,0.5714285714285714,0.7857142857142857,0.0004
550,1.1019917130470276,1.4029278755187988,0.5961538461538461,0.8653846153846154,0.7142857142857143,0.7142857142857143,0.0004
551,1.0369545817375183,0.8392335176467896,0.6730769230769231,0.8653846153846154,0.7857142857142857,0.7857142857142857,0.0004
552,1.1145585179328918,1.2432456016540527,0.6538461538461539,0.8846153846153846,0.7142857142857143,0.6428571428571429,0.0004
553,0.95929154753685,1.4006361961364746,0.6730769230769231,0.9615384615384616,0.5,0.7142857142857143,0.0004
554,1.0673673152923584,1.2335608005523682,0.6538461538461539,0.9230769230769231,0.5,0.7857142857142857,0.0004
555,1.1121755242347717,1.389169454574585,0.5961538461538461,0.9038461538461539,0.5,0.7857142857142857,0.0004
556,1.2846322655677795,1.264064073562622,0.5961538461538461,0.8461538461538461,0.5,0.7857142857142857,0.0004
557,1.1023597419261932,1.1897040605545044,0.5961538461538461,0.8846153846153846,0.5714285714285714,0.7857142857142857,0.0004
558,1.1829261779785156,1.2731399536132812,0.5961538461538461,0.8653846153846154,0.6428571428571429,0.7857142857142857,0.0004
559,1.2709330916404724,1.3412210941314697,0.5769230769230769,0.8846153846153846,0.6428571428571429,0.7142857142857143,0.0004
560,1.338610053062439,1.2017230987548828,0.5576923076923077,0.8461538461538461,0.5714285714285714,0.7857142857142857,0.0004
561,1.3921858072280884,1.712578535079956,0.46153846153846156,0.8269230769230769,0.5714285714285714,0.6428571428571429,0.0004
562,1.4265573620796204,1.0849716663360596,0.46153846153846156,0.8269230769230769,0.6428571428571429,0.7857142857142857,0.0004
563,1.3519046902656555,1.2113789319992065,0.5,0.8461538461538461,0.6428571428571429,0.7857142857142857,0.0004
564,1.0925323069095612,1.318892240524292,0.6346153846153846,0.8846153846153846,0.5714285714285714,0.9285714285714286,0.0004
565,1.2851248979568481,1.0017192363739014,0.5576923076923077,0.75,0.7142857142857143,0.7857142857142857,0.0004
566,1.194952130317688,0.9580943584442139,0.6730769230769231,0.7692307692307693,0.7857142857142857,0.7142857142857143,0.0004
567,1.1685665249824524,1.081555724143982,0.6730769230769231,0.8653846153846154,0.5714285714285714,0.8571428571428571,0.0004
568,1.0606111586093903,0.9044354557991028,0.6923076923076923,0.9230769230769231,0.8571428571428571,0.7857142857142857,0.0004
569,1.1877567172050476,1.2407089471817017,0.5961538461538461,0.8653846153846154,0.5,0.7857142857142857,0.0004
570,1.286581575870514,1.0494240522384644,0.5576923076923077,0.8461538461538461,0.5714285714285714,0.7857142857142857,0.0004
571,1.1394137144088745,0.757649302482605,0.6153846153846154,0.8846153846153846,0.7142857142857143,0.9285714285714286,0.0004
572,1.2811942100524902,0.8738404512405396,0.5961538461538461,0.8461538461538461,0.8571428571428571,0.7857142857142857,0.0004
573,1.1885057091712952,0.9311790466308594,0.5576923076923077,0.8846153846153846,0.7142857142857143,0.8571428571428571,0.0004
574,1.2727550864219666,1.5264225006103516,0.5961538461538461,0.8461538461538461,0.5714285714285714,0.7857142857142857,0.0004
575,0.947472095489502,1.573567271232605,0.7307692307692307,0.9423076923076923,0.42857142857142855,0.6428571428571429,0.0004
576,1.1930704712867737,1.2116822004318237,0.5576923076923077,0.8846153846153846,0.7142857142857143,0.7857142857142857,0.0004
577,1.2111598253250122,1.0343033075332642,0.5384615384615384,0.8846153846153846,0.6428571428571429,0.8571428571428571,0.0004
578,1.2517498135566711,1.173307180404663,0.5961538461538461,0.8269230769230769,0.6428571428571429,0.7142857142857143,0.0004
579,1.215333640575409,1.8119547367095947,0.5,0.9038461538461539,0.6428571428571429,0.6428571428571429,0.0004
580,1.1559388637542725,0.8597790002822876,0.6346153846153846,0.8461538461538461,0.5714285714285714,1.0,0.0004
581,1.1444526314735413,1.2296178340911865,0.6153846153846154,0.8461538461538461,0.5,0.9285714285714286,0.0004
582,1.1691863536834717,1.4110151529312134,0.5769230769230769,0.9038461538461539,0.5714285714285714,0.7857142857142857,0.0004
583,1.222131371498108,0.863591194152832,0.6346153846153846,0.8269230769230769,0.7142857142857143,0.8571428571428571,0.0004
584,1.1274129152297974,1.138296127319336,0.6923076923076923,0.8269230769230769,0.7142857142857143,0.7142857142857143,0.0004
585,1.049418032169342,1.0174517631530762,0.6730769230769231,0.8846153846153846,0.7857142857142857,0.7857142857142857,0.0004
586,1.1177300214767456,1.2264807224273682,0.6153846153846154,0.8461538461538461,0.42857142857142855,0.8571428571428571,0.0004
587,1.2729377150535583,1.1793349981307983,0.5961538461538461,0.8846153846153846,0.6428571428571429,0.7142857142857143,0.0004
588,1.281966209411621,1.2213457822799683,0.5961538461538461,0.8461538461538461,0.6428571428571429,0.7857142857142857,0.0004
589,1.2998870611190796,0.9648197889328003,0.6346153846153846,0.8461538461538461,0.5714285714285714,0.8571428571428571,0.0004
590,1.1714760959148407,1.1343672275543213,0.6153846153846154,0.8269230769230769,0.6428571428571429,0.7142857142857143,0.0004
591,1.177703320980072,1.4181312322616577,0.7307692307692307,0.8461538461538461,0.5,0.7857142857142857,0.0004
592,1.3482066988945007,1.2308531999588013,0.4807692307692308,0.8846153846153846,0.6428571428571429,0.8571428571428571,0.0004
593,1.320509672164917,1.1683127880096436,0.6346153846153846,0.8461538461538461,0.6428571428571429,0.7857142857142857,0.0004
594,1.2802066802978516,1.0635149478912354,0.6153846153846154,0.8269230769230769,0.7142857142857143,0.9285714285714286,0.0004
595,1.3311848640441895,1.2408900260925293,0.5384615384615384,0.8653846153846154,0.5714285714285714,0.9285714285714286,0.0004
596,1.3067259788513184,1.2879211902618408,0.7115384615384616,0.8076923076923077,0.5714285714285714,0.7857142857142857,0.0004
597,1.2200719118118286,1.6353473663330078,0.6346153846153846,0.8461538461538461,0.35714285714285715,0.8571428571428571,0.0004
598,1.206135332584381,1.2414250373840332,0.6730769230769231,0.8461538461538461,0.5714285714285714,0.7857142857142857,0.0004
599,1.3505686521530151,1.4467954635620117,0.6538461538461539,0.8461538461538461,0.6428571428571429,0.7142857142857143,0.0004
600,1.1781359910964966,1.2021037340164185,0.5961538461538461,0.8653846153846154,0.6428571428571429,0.7857142857142857,0.0004
601,1.1634497046470642,1.3403944969177246,0.6923076923076923,0.8269230769230769,0.42857142857142855,0.8571428571428571,0.0004
602,1.2543144226074219,1.3340134620666504,0.6153846153846154,0.8461538461538461,0.5,0.8571428571428571,0.0004
603,1.2088295221328735,1.1783088445663452,0.5576923076923077,0.8461538461538461,0.6428571428571429,0.8571428571428571,0.0004
604,1.2096394300460815,1.1880909204483032,0.6730769230769231,0.8461538461538461,0.5714285714285714,0.8571428571428571,0.0004
605,1.2904506921768188,1.1826589107513428,0.5769230769230769,0.8269230769230769,0.5714285714285714,0.8571428571428571,0.0004
606,1.2996661067008972,0.9285082817077637,0.6538461538461539,0.8269230769230769,0.7142857142857143,0.8571428571428571,0.0004
607,1.2584826350212097,1.0685529708862305,0.5192307692307693,0.8461538461538461,0.7142857142857143,0.8571428571428571,0.0004
608,1.1289775967597961,1.428090214729309,0.6923076923076923,0.8269230769230769,0.5714285714285714,0.9285714285714286,0.0004
609,1.3070868253707886,1.4151735305786133,0.5769230769230769,0.8461538461538461,0.5,0.7142857142857143,0.0004
610,1.4443305134773254,1.1969130039215088,0.5769230769230769,0.8269230769230769,0.5714285714285714,0.8571428571428571,0.0004
611,1.2974849939346313,1.1696956157684326,0.5961538461538461,0.8076923076923077,0.5,0.9285714285714286,0.0004
612,1.0154375433921814,1.1076130867004395,0.7115384615384616,0.8269230769230769,0.6428571428571429,0.8571428571428571,0.0004
613,1.1044226586818695,1.1930930614471436,0.6923076923076923,0.8269230769230769,0.7857142857142857,0.8571428571428571,0.0004
614,1.186394453048706,0.9974517822265625,0.5961538461538461,0.8269230769230769,0.7857142857142857,0.7857142857142857,0.0004
615,1.150176763534546,0.9387326240539551,0.6346153846153846,0.8269230769230769,0.7142857142857143,0.8571428571428571,0.0004
616,0.9917901456356049,1.3086555004119873,0.6923076923076923,0.8461538461538461,0.5,0.8571428571428571,0.0004
617,1.165857970714569,1.1090290546417236,0.6346153846153846,0.8269230769230769,0.6428571428571429,0.8571428571428571,0.0004
618,1.2309072613716125,1.1956707239151,0.5769230769230769,0.8269230769230769,0.5714285714285714,0.8571428571428571,0.0004
619,1.0095977783203125,1.4221314191818237,0.6923076923076923,0.8269230769230769,0.42857142857142855,0.8571428571428571,0.0004
620,1.1030226945877075,0.9063243865966797,0.6730769230769231,0.8269230769230769,0.7142857142857143,0.8571428571428571,0.0004
621,1.032329022884369,1.0673229694366455,0.7692307692307693,0.8269230769230769,0.6428571428571429,0.8571428571428571,0.0004
622,1.0829895734786987,0.7127275466918945,0.6923076923076923,0.8461538461538461,1.0,0.7857142857142857,0.0004
623,1.2437945008277893,1.718495488166809,0.5769230769230769,0.8269230769230769,0.35714285714285715,0.8571428571428571,0.0004
624,1.3396077752113342,0.7773104906082153,0.5576923076923077,0.8269230769230769,0.8571428571428571,0.8571428571428571,0.0004
625,1.0586515069007874,1.425940752029419,0.6730769230769231,0.8461538461538461,0.5714285714285714,0.8571428571428571,0.0004
626,1.1367244124412537,1.048862338066101,0.6153846153846154,0.8461538461538461,0.7857142857142857,0.7857142857142857,0.0004
627,1.1562609374523163,1.228712797164917,0.5769230769230769,0.8653846153846154,0.5,0.8571428571428571,0.0004
628,1.1216732859611511,1.3124809265136719,0.6346153846153846,0.8653846153846154,0.5714285714285714,0.8571428571428571,0.0004
629,1.003463864326477,1.1553540229797363,0.7692307692307693,0.8461538461538461,0.5714285714285714,0.7857142857142857,0.0004
630,0.9448730051517487,1.1613328456878662,0.6923076923076923,0.8461538461538461,0.7142857142857143,0.7142857142857143,0.0004
631,1.1104056239128113,1.1807317733764648,0.6538461538461539,0.8653846153846154,0.6428571428571429,0.8571428571428571,0.0004
632,1.2199175357818604,1.206003189086914,0.6538461538461539,0.7884615384615384,0.6428571428571429,0.9285714285714286,0.0004
633,1.0876439213752747,1.1638140678405762,0.6730769230769231,0.7884615384615384,0.7857142857142857,0.7857142857142857,0.0004
634,1.2934175729751587,1.4256412982940674,0.5961538461538461,0.7884615384615384,0.6428571428571429,0.6428571428571429,0.0004
635,1.6379461288452148,1.2902812957763672,0.4807692307692308,0.7884615384615384,0.5714285714285714,0.7857142857142857,0.0004
636,1.5599075555801392,0.9432946443557739,0.46153846153846156,0.75,0.7857142857142857,0.7857142857142857,0.0004
637,1.3893773555755615,1.3205242156982422,0.5961538461538461,0.7115384615384616,0.5714285714285714,0.8571428571428571,0.0004
638,1.2729651927947998,1.35984468460083,0.5961538461538461,0.7307692307692307,0.5714285714285714,0.7142857142857143,0.0004
639,1.3603420853614807,1.636151671409607,0.5384615384615384,0.7115384615384616,0.35714285714285715,0.8571428571428571,0.0004
640,1.4756377935409546,1.1164088249206543,0.5192307692307693,0.7884615384615384,0.6428571428571429,0.8571428571428571,0.0004
641,1.195299506187439,1.0965157747268677,0.5769230769230769,0.7692307692307693,0.5714285714285714,0.7857142857142857,0.0004
642,1.3713974356651306,0.9656082391738892,0.5769230769230769,0.8269230769230769,0.7857142857142857,0.7142857142857143,0.0004
643,1.2034668922424316,0.9787583351135254,0.6730769230769231,0.7884615384615384,0.7857142857142857,0.7142857142857143,0.0004
644,1.2509765625,1.0939050912857056,0.6153846153846154,0.8076923076923077,0.5714285714285714,0.9285714285714286,0.0004
645,1.2163289189338684,1.2462291717529297,0.5192307692307693,0.8269230769230769,0.5714285714285714,0.8571428571428571,0.0004
646,1.065417319536209,1.3359736204147339,0.5961538461538461,0.8269230769230769,0.5,0.8571428571428571,0.0004
647,1.1089937388896942,1.3165827989578247,0.5961538461538461,0.8269230769230769,0.35714285714285715,0.8571428571428571,0.0004
648,1.3109582662582397,1.4883756637573242,0.5576923076923077,0.8269230769230769,0.2857142857142857,0.8571428571428571,0.0004
649,1.161277174949646,0.9520730376243591,0.6346153846153846,0.8269230769230769,0.7142857142857143,0.7857142857142857,0.0004
650,1.120899736881256,1.1046700477600098,0.6153846153846154,0.8269230769230769,0.6428571428571429,0.8571428571428571,0.0004
651,1.1344818472862244,1.113407015800476,0.5961538461538461,0.8269230769230769,0.42857142857142855,0.8571428571428571,0.0004
652,1.1132275462150574,1.3260942697525024,0.7115384615384616,0.8269230769230769,0.5,0.8571428571428571,0.0004
653,1.1551631689071655,0.8192223906517029,0.5576923076923077,0.8269230769230769,0.7857142857142857,0.8571428571428571,0.0004
654,1.0819479823112488,0.8073573708534241,0.6923076923076923,0.8269230769230769,0.6428571428571429,0.8571428571428571,0.0004
655,1.0636885166168213,0.9291505813598633,0.6538461538461539,0.8269230769230769,0.8571428571428571,0.8571428571428571,0.0004
656,1.1485933661460876,1.0409510135650635,0.5576923076923077,0.8269230769230769,0.6428571428571429,0.8571428571428571,0.0004
657,1.1832597851753235,1.3279986381530762,0.6538461538461539,0.8269230769230769,0.5714285714285714,0.8571428571428571,0.0004
658,1.476657211780548,1.3743188381195068,0.5576923076923077,0.8269230769230769,0.6428571428571429,0.7142857142857143,0.0004
659,1.0530467629432678,1.4853906631469727,0.7115384615384616,0.8269230769230769,0.6428571428571429,0.7857142857142857,0.0004
660,1.199020266532898,1.2515785694122314,0.6538461538461539,0.8269230769230769,0.6428571428571429,0.8571428571428571,0.0004
661,1.0812591314315796,1.2948867082595825,0.7115384615384616,0.8269230769230769,0.5,0.7857142857142857,0.0004
662,1.1349321007728577,1.3664472103118896,0.6538461538461539,0.8269230769230769,0.6428571428571429,0.7857142857142857,0.0004
663,0.9505442678928375,1.2855911254882812,0.75,0.8461538461538461,0.5714285714285714,0.7857142857142857,0.0004
664,1.0878918170928955,0.7077629566192627,0.6346153846153846,0.8269230769230769,0.9285714285714286,0.7857142857142857,0.0004
665,1.2102264165878296,1.604961633682251,0.5576923076923077,0.8461538461538461,0.5,0.7142857142857143,0.0004
666,1.1356201767921448,1.3177127838134766,0.6538461538461539,0.8653846153846154,0.5,0.7857142857142857,0.0004
667,1.1452896296977997,1.137322187423706,0.6923076923076923,0.8653846153846154,0.6428571428571429,0.7142857142857143,0.0004
668,1.1549435257911682,1.286511778831482,0.6730769230769231,0.8076923076923077,0.5,0.8571428571428571,0.0004
669,1.2139829993247986,1.14434814453125,0.7115384615384616,0.8076923076923077,0.6428571428571429,0.8571428571428571,0.0004
670,1.1845861375331879,1.0222744941711426,0.6153846153846154,0.8653846153846154,0.7142857142857143,0.7857142857142857,0.0004
671,1.1935996413230896,1.176923155784607,0.6346153846153846,0.7884615384615384,0.6428571428571429,0.7857142857142857,0.0004
672,1.0199190378189087,1.4467215538024902,0.6730769230769231,0.8461538461538461,0.35714285714285715,0.8571428571428571,0.0004
673,1.0211475789546967,1.568013310432434,0.7115384615384616,0.8653846153846154,0.5,0.7857142857142857,0.0004
674,0.9501159191131592,1.258782148361206,0.7692307692307693,0.8461538461538461,0.6428571428571429,0.7857142857142857,0.0004
675,1.2703485488891602,1.6413859128952026,0.6538461538461539,0.8461538461538461,0.42857142857142855,0.7857142857142857,0.0004
676,1.1749756336212158,0.984696626663208,0.6730769230769231,0.8269230769230769,0.7857142857142857,0.8571428571428571,0.0004
677,1.031508445739746,0.9855799674987793,0.6538461538461539,0.9038461538461539,0.6428571428571429,0.8571428571428571,0.0004
678,0.9083605408668518,1.2100639343261719,0.7115384615384616,0.8653846153846154,0.5,0.8571428571428571,0.0004
679,1.3095020055770874,1.434605360031128,0.5769230769230769,0.8269230769230769,0.35714285714285715,0.7142857142857143,0.0004
680,0.9944457411766052,1.0948857069015503,0.6923076923076923,0.8461538461538461,0.5714285714285714,1.0,0.0004
681,1.1775165796279907,0.9578620195388794,0.6153846153846154,0.8846153846153846,0.6428571428571429,1.0,0.0004
682,1.062126338481903,1.333350419998169,0.7307692307692307,0.8653846153846154,0.42857142857142855,0.7857142857142857,0.0004
683,1.1565135419368744,0.7824872732162476,0.6538461538461539,0.8653846153846154,0.7857142857142857,0.7857142857142857,0.0004
684,1.141635537147522,1.2044926881790161,0.6153846153846154,0.8269230769230769,0.6428571428571429,0.7857142857142857,0.0004
685,1.0056839883327484,1.2358269691467285,0.6923076923076923,0.9038461538461539,0.6428571428571429,0.7857142857142857,0.0004
686,1.1259366869926453,0.9631417989730835,0.6923076923076923,0.8461538461538461,0.7142857142857143,0.8571428571428571,0.0004
687,1.3082539439201355,1.3032230138778687,0.5192307692307693,0.7884615384615384,0.5,0.7857142857142857,0.0004
688,1.1851235628128052,0.9914884567260742,0.6346153846153846,0.8461538461538461,0.5714285714285714,0.8571428571428571,0.0004
689,1.0956169068813324,0.8915572166442871,0.6153846153846154,0.9038461538461539,0.7142857142857143,0.9285714285714286,0.0004
690,0.9224271774291992,1.646467924118042,0.6730769230769231,0.9423076923076923,0.5,0.7857142857142857,0.0004
691,0.9455991983413696,0.7635441422462463,0.6538461538461539,0.9038461538461539,0.7857142857142857,0.9285714285714286,0.0004
692,1.1831251382827759,0.8613398671150208,0.6153846153846154,0.8653846153846154,0.7142857142857143,0.7857142857142857,0.0004
693,1.0999034643173218,0.8425998091697693,0.6730769230769231,0.8846153846153846,0.7142857142857143,0.8571428571428571,0.0004
694,1.1811102628707886,1.038705825805664,0.6346153846153846,0.8461538461538461,0.6428571428571429,0.8571428571428571,0.0004
695,0.9909955263137817,1.3329246044158936,0.6923076923076923,0.8653846153846154,0.5714285714285714,0.8571428571428571,0.0004
696,1.3269256353378296,1.0726089477539062,0.5192307692307693,0.8846153846153846,0.7142857142857143,0.7142857142857143,0.0004
697,1.1196088194847107,0.902905285358429,0.6153846153846154,0.9038461538461539,0.7857142857142857,0.8571428571428571,0.0004
698,1.0753542184829712,0.9995356798171997,0.6346153846153846,0.9038461538461539,0.7142857142857143,0.8571428571428571,0.0004
699,1.0649529099464417,0.9283263087272644,0.6538461538461539,0.8461538461538461,0.7857142857142857,0.8571428571428571,0.0004
700,0.9103270471096039,0.7859569787979126,0.6153846153846154,0.9230769230769231,0.8571428571428571,0.9285714285714286,0.0004
701,1.2086743116378784,1.213315725326538,0.6346153846153846,0.8269230769230769,0.5,0.7857142857142857,0.0004
702,1.0267517566680908,0.7618073225021362,0.6538461538461539,0.9423076923076923,0.7857142857142857,0.9285714285714286,0.0004
703,0.9847974479198456,1.1603087186813354,0.7307692307692307,0.8846153846153846,0.5,0.8571428571428571,0.0004
704,0.9326298534870148,0.9763229489326477,0.6730769230769231,0.9230769230769231,0.7857142857142857,0.8571428571428571,0.0004
705,1.0933164954185486,1.3694525957107544,0.5961538461538461,0.9038461538461539,0.5,0.8571428571428571,0.0004
706,1.1817876100540161,1.6002172231674194,0.5384615384615384,0.8846153846153846,0.5,0.7142857142857143,0.0004
707,0.8563442826271057,1.5942189693450928,0.7307692307692307,0.9615384615384616,0.6428571428571429,0.7142857142857143,0.0004
708,0.7954707145690918,1.1312254667282104,0.7307692307692307,0.9230769230769231,0.5714285714285714,0.9285714285714286,0.0004
709,1.0777040421962738,1.2635316848754883,0.6730769230769231,0.9038461538461539,0.5,0.8571428571428571,0.0004
710,0.9109905958175659,1.717745065689087,0.7115384615384616,0.8653846153846154,0.42857142857142855,0.7142857142857143,0.0004
711,1.0078391432762146,0.8590333461761475,0.6538461538461539,0.9038461538461539,0.8571428571428571,0.7142857142857143,0.0004
712,1.344357430934906,1.3876121044158936,0.5384615384615384,0.8461538461538461,0.5714285714285714,0.7142857142857143,0.0004
713,1.0556190013885498,1.550832748413086,0.6538461538461539,0.9423076923076923,0.5714285714285714,0.7142857142857143,0.0004
714,1.101191520690918,1.1014235019683838,0.5961538461538461,0.8461538461538461,0.5714285714285714,0.8571428571428571,0.0004
715,1.0290191173553467,1.0149595737457275,0.6538461538461539,0.9230769230769231,0.7142857142857143,0.7857142857142857,0.0004
716,1.632001519203186,1.4236571788787842,0.4807692307692308,0.8076923076923077,0.5,0.7857142857142857,0.0004
717,1.5073766112327576,1.4762511253356934,0.5576923076923077,0.8269230769230769,0.5,0.7857142857142857,0.0004
718,1.4836229085922241,1.1878290176391602,0.5,0.8269230769230769,0.5714285714285714,0.7857142857142857,0.0004
719,1.5576765537261963,1.2532482147216797,0.46153846153846156,0.8269230769230769,0.5714285714285714,0.8571428571428571,0.0004
720,1.3269466757774353,1.431966781616211,0.5384615384615384,0.8269230769230769,0.42857142857142855,0.8571428571428571,0.0004
721,1.378031313419342,1.4728639125823975,0.5769230769230769,0.8269230769230769,0.5,0.8571428571428571,0.0004
722,1.281786322593689,1.5357284545898438,0.5192307692307693,0.8269230769230769,0.42857142857142855,0.8571428571428571,0.0004
723,1.366700828075409,1.4028382301330566,0.5,0.8269230769230769,0.42857142857142855,0.8571428571428571,0.0004
724,1.3080607652664185,1.1378810405731201,0.5769230769230769,0.8269230769230769,0.42857142857142855,0.8571428571428571,0.0004
725,1.2399265766143799,1.3291387557983398,0.5384615384615384,0.8269230769230769,0.6428571428571429,0.8571428571428571,0.0004
726,1.260414183139801,1.2515612840652466,0.5384615384615384,0.8269230769230769,0.5,0.7857142857142857,0.0004
727,1.1152514219284058,1.1462379693984985,0.7115384615384616,0.8269230769230769,0.7142857142857143,0.8571428571428571,0.0004
728,1.2190004587173462,1.111178994178772,0.6153846153846154,0.8269230769230769,0.7142857142857143,0.8571428571428571,0.0004
729,1.1807252764701843,0.9811497926712036,0.6923076923076923,0.8461538461538461,0.6428571428571429,0.8571428571428571,0.0004
730,1.1435225903987885,1.1333932876586914,0.6346153846153846,0.8461538461538461,0.7857142857142857,0.7142857142857143,0.0004
731,1.1630809903144836,1.0099533796310425,0.5576923076923077,0.8461538461538461,0.7857142857142857,0.8571428571428571,0.0004
732,1.1220584511756897,1.2049628496170044,0.5961538461538461,0.8653846153846154,0.6428571428571429,0.8571428571428571,0.0004
733,1.2145336270332336,1.2507739067077637,0.6346153846153846,0.8076923076923077,0.6428571428571429,0.7857142857142857,0.0004
734,1.2256284952163696,1.3726366758346558,0.6153846153846154,0.8269230769230769,0.5714285714285714,0.7857142857142857,0.0004
735,0.9667792320251465,1.4505751132965088,0.7115384615384616,0.8653846153846154,0.5714285714285714,0.7857142857142857,0.0004
736,1.1199999451637268,1.581345558166504,0.5961538461538461,0.8461538461538461,0.5,0.8571428571428571,0.0004
737,1.3603363633155823,1.4886211156845093,0.5961538461538461,0.8653846153846154,0.5,0.7142857142857143,0.0004
738,1.1309806108474731,0.8450995683670044,0.6923076923076923,0.8461538461538461,0.7857142857142857,0.7857142857142857,0.0004
739,0.9365580677986145,1.1416730880737305,0.75,0.8653846153846154,0.6428571428571429,0.8571428571428571,0.0004
740,1.2919347882270813,0.9760702848434448,0.6538461538461539,0.7884615384615384,0.7142857142857143,0.7857142857142857,0.0004
741,1.1655895113945007,1.0574350357055664,0.6538461538461539,0.8461538461538461,0.7142857142857143,0.9285714285714286,0.0004
742,1.0938200652599335,1.137107253074646,0.6538461538461539,0.8653846153846154,0.5714285714285714,0.7857142857142857,0.0004
743,1.160322666168213,1.0387903451919556,0.6538461538461539,0.8653846153846154,0.7142857142857143,0.7857142857142857,0.0004
744,1.1050875782966614,0.9771031141281128,0.6923076923076923,0.8269230769230769,0.8571428571428571,0.7142857142857143,0.0004
745,1.0041186213493347,1.010300636291504,0.7115384615384616,0.8269230769230769,0.6428571428571429,0.8571428571428571,0.0004
746,0.9869591593742371,1.0604801177978516,0.7692307692307693,0.8076923076923077,0.7857142857142857,0.7857142857142857,0.0004
747,1.2778295278549194,1.123308539390564,0.5576923076923077,0.8076923076923077,0.6428571428571429,0.7142857142857143,0.0004
748,1.0982470512390137,1.372546672821045,0.6923076923076923,0.8653846153846154,0.6428571428571429,0.7142857142857143,0.0004
749,1.0131409466266632,1.3039968013763428,0.75,0.7884615384615384,0.5,0.8571428571428571,0.0004
750,1.155372679233551,1.3748316764831543,0.5961538461538461,0.8269230769230769,0.6428571428571429,0.7142857142857143,0.0004
751,1.1170724034309387,1.1020286083221436,0.6538461538461539,0.8461538461538461,0.6428571428571429,0.9285714285714286,0.0004
752,1.2588992714881897,1.3828494548797607,0.6153846153846154,0.8653846153846154,0.5,0.8571428571428571,0.0004
753,1.1651661098003387,1.3418155908584595,0.6346153846153846,0.9230769230769231,0.5714285714285714,0.6428571428571429,0.0004
754,1.0446639955043793,1.1237664222717285,0.6538461538461539,0.9423076923076923,0.5714285714285714,0.7857142857142857,0.0004
755,1.1111083030700684,1.0511384010314941,0.6346153846153846,0.8653846153846154,0.6428571428571429,0.9285714285714286,0.0004
756,1.00592839717865,1.257788896560669,0.7307692307692307,0.8653846153846154,0.6428571428571429,0.8571428571428571,0.0004
757,1.0575637817382812,1.1907193660736084,0.6923076923076923,0.8269230769230769,0.6428571428571429,0.7142857142857143,0.0004
758,0.9776521027088165,1.0036544799804688,0.6538461538461539,0.8846153846153846,0.7857142857142857,0.7857142857142857,0.0004
759,0.9633997678756714,0.9653849005699158,0.6730769230769231,0.8846153846153846,0.7142857142857143,0.7142857142857143,0.0004
760,1.0359606742858887,1.2298836708068848,0.6153846153846154,0.8076923076923077,0.7142857142857143,0.7857142857142857,0.0004
761,1.3004531264305115,1.0723305940628052,0.5384615384615384,0.8269230769230769,0.6428571428571429,0.7857142857142857,0.0004
762,1.2596712708473206,1.0650372505187988,0.5961538461538461,0.8461538461538461,0.5714285714285714,0.8571428571428571,0.0004
763,0.9577623903751373,1.1544528007507324,0.75,0.8653846153846154,0.42857142857142855,0.7857142857142857,0.0004
764,1.0575641989707947,1.4605094194412231,0.7115384615384616,0.8461538461538461,0.42857142857142855,0.7857142857142857,0.0004
765,1.0686612725257874,1.0220550298690796,0.6346153846153846,0.8846153846153846,0.7857142857142857,0.7857142857142857,0.0004
766,1.0907100439071655,1.0741740465164185,0.7307692307692307,0.8653846153846154,0.7857142857142857,0.7142857142857143,0.0004
767,0.9794512093067169,1.2000802755355835,0.7692307692307693,0.8653846153846154,0.5714285714285714,0.8571428571428571,0.0004
768,1.2006428837776184,0.7616793513298035,0.6346153846153846,0.8461538461538461,0.9285714285714286,0.7857142857142857,0.0004
769,1.286975085735321,1.0256321430206299,0.6346153846153846,0.75,0.6428571428571429,0.8571428571428571,0.0004
770,1.0784581899642944,1.136954665184021,0.6730769230769231,0.8846153846153846,0.6428571428571429,0.7857142857142857,0.0004
771,1.3136230111122131,1.1222002506256104,0.5769230769230769,0.7692307692307693,0.6428571428571429,0.7142857142857143,0.0004
772,1.2050495147705078,1.6715137958526611,0.6346153846153846,0.7884615384615384,0.35714285714285715,0.6428571428571429,0.0004
773,1.2740875482559204,1.291313886642456,0.5576923076923077,0.8461538461538461,0.5,0.8571428571428571,0.0004
774,1.1481203436851501,1.0166443586349487,0.6346153846153846,0.8461538461538461,0.6428571428571429,0.7857142857142857,0.0004
775,1.264447808265686,1.2826197147369385,0.6153846153846154,0.75,0.5714285714285714,0.7857142857142857,0.0004
776,1.0044533908367157,1.1813421249389648,0.75,0.7884615384615384,0.5714285714285714,0.7142857142857143,0.0004
777,1.1983376741409302,1.3942455053329468,0.6346153846153846,0.8846153846153846,0.42857142857142855,0.8571428571428571,0.0004
778,1.1899535059928894,0.9619650840759277,0.6153846153846154,0.8269230769230769,0.6428571428571429,0.8571428571428571,0.0004
779,1.2330999970436096,0.7481467127799988,0.5769230769230769,0.8076923076923077,0.7857142857142857,0.9285714285714286,0.0004
780,0.9019450545310974,1.0230612754821777,0.75,0.9038461538461539,0.7857142857142857,0.7142857142857143,0.0004
781,1.137154459953308,0.810050368309021,0.6153846153846154,0.8653846153846154,0.7142857142857143,0.9285714285714286,0.0004
782,1.0118118822574615,1.0840582847595215,0.6923076923076923,0.8653846153846154,0.6428571428571429,0.8571428571428571,0.0004
783,1.1163958013057709,1.0825682878494263,0.6730769230769231,0.8269230769230769,0.5714285714285714,0.9285714285714286,0.0004
784,1.0737823247909546,0.8924920558929443,0.6730769230769231,0.8461538461538461,0.5714285714285714,0.9285714285714286,0.0004
785,1.0424773693084717,1.2271063327789307,0.6153846153846154,0.8461538461538461,0.42857142857142855,0.8571428571428571,0.0004
786,1.226841688156128,1.2833701372146606,0.5961538461538461,0.7884615384615384,0.6428571428571429,0.7142857142857143,0.0004
787,1.0004017651081085,1.2914633750915527,0.6923076923076923,0.8653846153846154,0.5,0.8571428571428571,0.0004
788,1.132830262184143,1.0450921058654785,0.6346153846153846,0.7884615384615384,0.5714285714285714,0.7857142857142857,0.0004
789,1.1204386949539185,1.1283748149871826,0.6923076923076923,0.9038461538461539,0.6428571428571429,0.7857142857142857,0.0004
790,1.0560224056243896,1.0271613597869873,0.6538461538461539,0.8461538461538461,0.7142857142857143,0.7142857142857143,0.0004
791,1.2630242109298706,1.0474390983581543,0.5192307692307693,0.8076923076923077,0.5714285714285714,0.7857142857142857,0.0004
792,1.1279630661010742,0.9979395866394043,0.6153846153846154,0.8653846153846154,0.7142857142857143,0.7857142857142857,0.0004
793,1.1968510746955872,0.8648085594177246,0.5769230769230769,0.8846153846153846,0.6428571428571429,0.7142857142857143,0.0004
794,0.8923278450965881,1.2714238166809082,0.7307692307692307,0.8653846153846154,0.42857142857142855,0.8571428571428571,0.0004
795,1.068107157945633,1.0409395694732666,0.6153846153846154,0.9038461538461539,0.5714285714285714,0.9285714285714286,0.0004
796,1.0294381082057953,1.1425400972366333,0.6923076923076923,0.8269230769230769,0.6428571428571429,0.7142857142857143,0.0004
797,1.002544105052948,1.4278806447982788,0.6538461538461539,0.9038461538461539,0.42857142857142855,0.8571428571428571,0.0004
798,1.140429973602295,1.3018407821655273,0.6730769230769231,0.8076923076923077,0.5714285714285714,0.7142857142857143,0.0004
799,1.102479338645935,0.7216994762420654,0.5769230769230769,0.8461538461538461,0.7857142857142857,0.9285714285714286,0.0004
800,1.1102596819400787,0.9781697988510132,0.5769230769230769,0.9038461538461539,0.7142857142857143,0.7142857142857143,0.0004
801,1.0615805983543396,1.0686795711517334,0.6730769230769231,0.8461538461538461,0.7142857142857143,0.8571428571428571,0.0004
802,1.062398374080658,0.8584380745887756,0.5576923076923077,0.9038461538461539,0.5714285714285714,0.9285714285714286,0.0004
803,1.0146665573120117,1.1281191110610962,0.6730769230769231,0.8269230769230769,0.6428571428571429,0.7142857142857143,0.0004
804,0.9520737528800964,0.883696436882019,0.75,0.8461538461538461,0.7857142857142857,0.7857142857142857,0.0004
805,1.1693006753921509,1.2482781410217285,0.6153846153846154,0.8076923076923077,0.5714285714285714,0.7142857142857143,0.0004
806,1.2363631129264832,1.2325482368469238,0.6538461538461539,0.7307692307692307,0.5714285714285714,0.7857142857142857,0.0004
807,1.1608930826187134,1.1322718858718872,0.6153846153846154,0.8076923076923077,0.7142857142857143,0.7857142857142857,0.0004
808,1.1899572610855103,1.003914713859558,0.5769230769230769,0.8461538461538461,0.7857142857142857,0.5714285714285714,0.0004
809,1.14816814661026,1.1893287897109985,0.6730769230769231,0.8076923076923077,0.6428571428571429,0.6428571428571429,0.0004
810,1.2215620279312134,1.3064429759979248,0.6538461538461539,0.7307692307692307,0.5,0.8571428571428571,0.0004
811,0.9407391250133514,0.8845206499099731,0.6346153846153846,0.9423076923076923,0.7857142857142857,0.7857142857142857,0.0004
812,1.0546343922615051,1.175573706626892,0.6153846153846154,0.8461538461538461,0.7142857142857143,0.7142857142857143,0.0004
813,1.0617970824241638,1.1912058591842651,0.7115384615384616,0.8846153846153846,0.5714285714285714,0.7142857142857143,0.0004
814,1.0540359020233154,0.9973881244659424,0.6730769230769231,0.8461538461538461,0.6428571428571429,0.7857142857142857,0.0004
815,1.1322661638259888,0.8680247664451599,0.6730769230769231,0.8269230769230769,0.6428571428571429,0.8571428571428571,0.0004
816,0.8446889519691467,1.1021349430084229,0.7307692307692307,0.8846153846153846,0.5,0.8571428571428571,0.0004
817,1.1610583066940308,0.7706281542778015,0.6153846153846154,0.8653846153846154,0.7857142857142857,0.8571428571428571,0.0004
818,0.9476554095745087,1.2875356674194336,0.6538461538461539,0.8653846153846154,0.6428571428571429,0.7142857142857143,0.0004
819,0.9696624875068665,0.9087562561035156,0.6538461538461539,0.8653846153846154,0.7142857142857143,0.7142857142857143,0.0004
820,0.9552571773529053,1.498971700668335,0.7307692307692307,0.8653846153846154,0.5,0.6428571428571429,0.0004
821,1.0074665546417236,1.0579862594604492,0.6730769230769231,0.8269230769230769,0.7142857142857143,0.7857142857142857,0.0004
822,1.48293137550354,1.4235026836395264,0.5769230769230769,0.7884615384615384,0.5,0.6428571428571429,0.0004
823,0.9246064126491547,1.0120189189910889,0.7692307692307693,0.8269230769230769,0.7142857142857143,0.7857142857142857,0.0004
824,0.9721438884735107,1.0607458353042603,0.6730769230769231,0.8461538461538461,0.6428571428571429,0.7857142857142857,0.0004
825,1.2026827931404114,0.9313241243362427,0.6346153846153846,0.8461538461538461,0.6428571428571429,0.7142857142857143,0.0004
826,1.1159351468086243,1.091628074645996,0.6730769230769231,0.8461538461538461,0.7142857142857143,0.7857142857142857,0.0004
827,0.9690486788749695,1.2057881355285645,0.6730769230769231,0.8846153846153846,0.5714285714285714,0.7857142857142857,0.0004
828,1.1746549606323242,1.009681224822998,0.6153846153846154,0.8269230769230769,0.7142857142857143,0.7857142857142857,0.0004
829,0.957001119852066,1.0039994716644287,0.75,0.8269230769230769,0.7142857142857143,0.7142857142857143,0.0004
830,0.9203901290893555,0.772244393825531,0.7884615384615384,0.8846153846153846,0.7857142857142857,0.7857142857142857,0.0004
831,1.0630664229393005,1.1887762546539307,0.6730769230769231,0.8269230769230769,0.6428571428571429,0.7857142857142857,0.0004
832,0.8718655705451965,1.0828096866607666,0.7307692307692307,0.8653846153846154,0.7142857142857143,0.8571428571428571,0.0004
833,1.2002068161964417,1.152578353881836,0.5192307692307693,0.8269230769230769,0.6428571428571429,0.7857142857142857,0.0004
834,1.261488139629364,1.1318063735961914,0.6153846153846154,0.8269230769230769,0.5714285714285714,0.8571428571428571,0.0004
835,0.953644871711731,1.102937936782837,0.7115384615384616,0.8653846153846154,0.5714285714285714,0.7857142857142857,0.0004
836,1.095665454864502,0.9808517694473267,0.6538461538461539,0.8269230769230769,0.5,0.8571428571428571,0.0004
837,0.934041827917099,1.0098967552185059,0.6923076923076923,0.8461538461538461,0.7857142857142857,0.7142857142857143,0.0004
838,1.1428870558738708,0.9179360866546631,0.6730769230769231,0.8076923076923077,0.6428571428571429,0.7142857142857143,0.0004
839,1.268830955028534,0.9896484613418579,0.5961538461538461,0.8461538461538461,0.7857142857142857,0.7142857142857143,0.0004
840,0.9877951145172119,0.8767841458320618,0.6538461538461539,0.8461538461538461,0.6428571428571429,0.8571428571428571,0.0004
841,1.078081101179123,1.2573497295379639,0.5961538461538461,0.8653846153846154,0.6428571428571429,0.7857142857142857,0.0004
842,1.1173661947250366,0.8184804916381836,0.5769230769230769,0.8846153846153846,0.7857142857142857,0.8571428571428571,0.0004
843,1.0501426458358765,0.932103157043457,0.6538461538461539,0.9423076923076923,0.7142857142857143,0.7857142857142857,0.0004
844,0.9906401038169861,1.3684355020523071,0.7115384615384616,0.8846153846153846,0.7142857142857143,0.7142857142857143,0.0004
845,1.1354618072509766,1.1203584671020508,0.5961538461538461,0.9230769230769231,0.7142857142857143,0.7857142857142857,0.0004
846,1.1863281726837158,1.535353183746338,0.6346153846153846,0.9038461538461539,0.5,0.7857142857142857,0.0004
847,1.3005714416503906,1.2747308015823364,0.5961538461538461,0.8461538461538461,0.7142857142857143,0.6428571428571429,0.0004
848,1.185811996459961,0.7658728361129761,0.6153846153846154,0.9038461538461539,0.8571428571428571,0.8571428571428571,0.0004
849,1.2916565537452698,1.1513751745224,0.5769230769230769,0.8461538461538461,0.6428571428571429,0.8571428571428571,0.0004
850,1.1485430598258972,1.253602147102356,0.5576923076923077,0.9423076923076923,0.5714285714285714,0.7857142857142857,0.0004
851,1.1106396913528442,1.0956370830535889,0.5769230769230769,0.9423076923076923,0.5714285714285714,0.8571428571428571,0.0004
852,1.2495912313461304,1.3489959239959717,0.6346153846153846,0.8461538461538461,0.5,0.7142857142857143,0.0004
853,1.2558632493019104,1.3349144458770752,0.5576923076923077,0.8461538461538461,0.5,0.7857142857142857,0.0004
854,1.246736228466034,1.1041104793548584,0.5576923076923077,0.8846153846153846,0.7142857142857143,0.7857142857142857,0.0004
855,1.2801279425621033,1.0135021209716797,0.6153846153846154,0.8461538461538461,0.7142857142857143,0.8571428571428571,0.0004
856,0.9694073498249054,1.0983238220214844,0.6346153846153846,0.9615384615384616,0.6428571428571429,0.8571428571428571,0.0004
857,1.2679181098937988,1.4594486951828003,0.6153846153846154,0.8076923076923077,0.42857142857142855,0.7857142857142857,0.0004
858,1.1107849478721619,1.2483129501342773,0.6923076923076923,0.8653846153846154,0.6428571428571429,0.7142857142857143,0.0004
859,1.2473812103271484,1.3871619701385498,0.6538461538461539,0.8076923076923077,0.5,0.7857142857142857,0.0004
860,1.0112686157226562,0.7151558995246887,0.7115384615384616,0.8653846153846154,0.8571428571428571,0.9285714285714286,0.0004
861,1.222457230091095,1.0514180660247803,0.6346153846153846,0.8269230769230769,0.5714285714285714,0.8571428571428571,0.0004
862,1.2680760622024536,1.117676019668579,0.6923076923076923,0.7307692307692307,0.7142857142857143,0.7857142857142857,0.0004
863,1.1275227069854736,1.4706437587738037,0.7115384615384616,0.8461538461538461,0.42857142857142855,0.7142857142857143,0.0004
864,1.1969478130340576,1.1050406694412231,0.6153846153846154,0.8461538461538461,0.5714285714285714,0.7857142857142857,0.0004
865,1.0364730060100555,1.1958262920379639,0.7115384615384616,0.8461538461538461,0.6428571428571429,0.7142857142857143,0.0004
866,1.1869835257530212,1.4232146739959717,0.6538461538461539,0.8653846153846154,0.5714285714285714,0.7142857142857143,0.0004
867,1.0219187438488007,1.1218417882919312,0.7307692307692307,0.8461538461538461,0.6428571428571429,0.7857142857142857,0.0004
868,1.3188443183898926,1.651075005531311,0.5,0.8076923076923077,0.42857142857142855,0.6428571428571429,0.0004
869,1.2501783967018127,1.342066764831543,0.5961538461538461,0.8653846153846154,0.42857142857142855,0.8571428571428571,0.0004
870,1.4266236424446106,1.1841654777526855,0.5,0.8653846153846154,0.42857142857142855,1.0,0.0004
871,1.2523577213287354,1.3255770206451416,0.5576923076923077,0.8653846153846154,0.42857142857142855,0.7857142857142857,0.0004
872,1.164445400238037,1.6685864925384521,0.6153846153846154,0.8269230769230769,0.2857142857142857,0.7857142857142857,0.0004
873,1.3286517262458801,1.0233001708984375,0.5,0.9038461538461539,0.6428571428571429,0.8571428571428571,0.0004
874,1.212507426738739,1.4017709493637085,0.5576923076923077,0.9038461538461539,0.35714285714285715,0.8571428571428571,0.0004
875,1.1088995039463043,1.2292137145996094,0.6346153846153846,0.8653846153846154,0.42857142857142855,0.7857142857142857,0.0004
876,1.0514373481273651,1.257597804069519,0.5769230769230769,0.9423076923076923,0.6428571428571429,0.9285714285714286,0.0004
877,1.1196956634521484,1.102215051651001,0.5961538461538461,0.8846153846153846,0.6428571428571429,0.7857142857142857,0.0004
878,1.1260339617729187,1.1928107738494873,0.5576923076923077,0.8846153846153846,0.5714285714285714,0.8571428571428571,0.0004
879,1.194776475429535,1.2108776569366455,0.5384615384615384,0.9038461538461539,0.5,0.8571428571428571,0.0004
880,1.100900948047638,1.2681736946105957,0.6538461538461539,0.8653846153846154,0.6428571428571429,0.7857142857142857,0.0004
881,1.1496003866195679,1.2580116987228394,0.5769230769230769,0.8846153846153846,0.42857142857142855,0.8571428571428571,0.0004
882,0.9750228822231293,0.8938566446304321,0.6923076923076923,0.9615384615384616,0.6428571428571429,1.0,0.0004
883,1.0688619017601013,1.3152949810028076,0.6538461538461539,0.8846153846153846,0.6428571428571429,0.7142857142857143,0.0004
884,1.0793971121311188,0.9475021958351135,0.6538461538461539,0.8846153846153846,0.7142857142857143,0.8571428571428571,0.0004
885,0.941188633441925,1.1095064878463745,0.7692307692307693,0.9230769230769231,0.6428571428571429,0.7857142857142857,0.0004
886,1.0200077891349792,0.8864113092422485,0.6730769230769231,0.9038461538461539,0.7857142857142857,0.7857142857142857,0.0004
887,1.0388306975364685,1.3614307641983032,0.6923076923076923,0.8846153846153846,0.5714285714285714,0.7142857142857143,0.0004
888,0.9857778251171112,1.0105934143066406,0.7115384615384616,0.9423076923076923,0.5714285714285714,0.8571428571428571,0.0004
889,1.1020891666412354,0.8416533470153809,0.6730769230769231,0.9038461538461539,0.7857142857142857,0.7857142857142857,0.0004
890,1.2135427594184875,0.9985281229019165,0.6730769230769231,0.8269230769230769,0.7857142857142857,0.7142857142857143,0.0004
891,0.9298019707202911,1.3072326183319092,0.75,0.8461538461538461,0.35714285714285715,0.7142857142857143,0.0004
892,1.077675461769104,0.9234412908554077,0.6538461538461539,0.8461538461538461,0.9285714285714286,0.7142857142857143,0.0004
893,0.8561923205852509,1.0276461839675903,0.6923076923076923,0.9615384615384616,0.7142857142857143,0.7857142857142857,0.0004
894,0.9482393860816956,1.3284597396850586,0.7307692307692307,0.8269230769230769,0.5,0.7857142857142857,0.0004
895,0.9917166233062744,1.3968229293823242,0.6346153846153846,0.9038461538461539,0.5,0.7857142857142857,0.0004
896,1.414214551448822,1.1599352359771729,0.5769230769230769,0.8461538461538461,0.5714285714285714,0.8571428571428571,0.0004
897,0.914617121219635,0.6173169612884521,0.7307692307692307,0.9423076923076923,0.7857142857142857,0.8571428571428571,0.0004
898,1.1124871969223022,1.2056341171264648,0.6538461538461539,0.8846153846153846,0.6428571428571429,0.7857142857142857,0.0004
899,0.997093141078949,0.873164176940918,0.7115384615384616,0.9038461538461539,0.8571428571428571,0.7857142857142857,0.0004
900,0.9865939021110535,1.1468677520751953,0.75,0.8461538461538461,0.5714285714285714,0.8571428571428571,0.0004
901,1.1214983463287354,1.3492141962051392,0.6346153846153846,0.8653846153846154,0.5,0.7857142857142857,0.0004
902,1.0394003689289093,0.7034183740615845,0.6923076923076923,0.8653846153846154,0.9285714285714286,0.7857142857142857,0.0004
903,1.0613672137260437,1.1576097011566162,0.5769230769230769,0.9230769230769231,0.6428571428571429,0.7857142857142857,0.0004
904,1.3319578170776367,0.9998509883880615,0.5769230769230769,0.8846153846153846,0.7142857142857143,0.7857142857142857,0.0004
905,1.2344071865081787,1.531016230583191,0.6346153846153846,0.8269230769230769,0.5,0.7142857142857143,0.0004
906,1.0767988860607147,0.828429639339447,0.6730769230769231,0.8653846153846154,0.9285714285714286,0.7857142857142857,0.0004
907,1.1885094046592712,0.8664747476577759,0.7115384615384616,0.8461538461538461,0.7857142857142857,0.7857142857142857,0.0004
908,1.1793813109397888,1.1626472473144531,0.6923076923076923,0.8653846153846154,0.7857142857142857,0.7857142857142857,0.0004
909,1.1784329414367676,1.2976562976837158,0.6923076923076923,0.8846153846153846,0.5714285714285714,0.7857142857142857,0.0004
910,1.1414129137992859,0.8892552852630615,0.6923076923076923,0.8846153846153846,0.8571428571428571,0.8571428571428571,0.0004
911,1.0255760550498962,1.2341285943984985,0.6730769230769231,0.9038461538461539,0.5714285714285714,0.9285714285714286,0.0004
912,0.940362960100174,0.8921632766723633,0.7307692307692307,0.9230769230769231,0.7857142857142857,0.7857142857142857,0.0004
913,1.3046920895576477,0.6083506345748901,0.5576923076923077,0.9038461538461539,0.8571428571428571,0.8571428571428571,0.0004
914,1.0946304202079773,0.8686627745628357,0.6153846153846154,0.9038461538461539,0.6428571428571429,0.9285714285714286,0.0004
915,0.9612265229225159,1.1541074514389038,0.6923076923076923,0.9038461538461539,0.7857142857142857,0.7857142857142857,0.0004
916,1.1732163429260254,0.7857316732406616,0.5769230769230769,0.8461538461538461,0.7142857142857143,0.8571428571428571,0.0004
917,0.8597407639026642,0.9368190765380859,0.7307692307692307,0.8461538461538461,0.8571428571428571,0.7142857142857143,0.0004
918,0.9952989816665649,0.9459567070007324,0.6730769230769231,0.8846153846153846,0.9285714285714286,0.7142857142857143,0.0004
919,1.0289496183395386,0.7656574249267578,0.7307692307692307,0.8653846153846154,0.9285714285714286,0.8571428571428571,0.0004
920,1.0186525881290436,1.3123362064361572,0.7115384615384616,0.8653846153846154,0.6428571428571429,0.6428571428571429,0.0004
921,1.1015415787696838,1.555283546447754,0.6346153846153846,0.9230769230769231,0.5714285714285714,0.6428571428571429,0.0004
922,1.0183713734149933,1.4320104122161865,0.7692307692307693,0.9038461538461539,0.7142857142857143,0.5714285714285714,0.0004
923,0.9698711037635803,1.6717026233673096,0.7692307692307693,0.8461538461538461,0.35714285714285715,0.7857142857142857,0.0004
924,1.0894237756729126,1.4519238471984863,0.6923076923076923,0.8461538461538461,0.6428571428571429,0.7142857142857143,0.0004
925,1.1052844524383545,1.3040169477462769,0.6923076923076923,0.8076923076923077,0.6428571428571429,0.6428571428571429,0.0004
926,0.9262945652008057,1.3914613723754883,0.7692307692307693,0.8461538461538461,0.5714285714285714,0.7857142857142857,0.0004
927,0.8276406526565552,1.415254831314087,0.7692307692307693,0.9038461538461539,0.5714285714285714,0.7857142857142857,0.0004
928,1.1092681288719177,0.9099909067153931,0.6923076923076923,0.8461538461538461,0.7142857142857143,0.7142857142857143,0.0004
929,1.2029193043708801,1.0765968561172485,0.6730769230769231,0.8653846153846154,0.6428571428571429,0.7142857142857143,0.0004
930,0.9854165017604828,0.773116946220398,0.8076923076923077,0.8846153846153846,0.7857142857142857,0.8571428571428571,0.0004
931,0.9066790342330933,0.8233544826507568,0.7307692307692307,0.8653846153846154,0.8571428571428571,0.7142857142857143,0.0004
932,1.2583673596382141,0.7130640745162964,0.5961538461538461,0.8653846153846154,0.8571428571428571,0.7857142857142857,0.0004
933,1.1628313660621643,0.9945803880691528,0.6346153846153846,0.8653846153846154,0.7857142857142857,0.8571428571428571,0.0004
934,1.0309116840362549,1.092301368713379,0.6153846153846154,0.9038461538461539,0.5714285714285714,0.8571428571428571,0.0004
935,1.1049620509147644,1.0100497007369995,0.7115384615384616,0.8846153846153846,0.7142857142857143,0.7857142857142857,0.0004
936,1.051177740097046,0.6927018165588379,0.6923076923076923,0.8846153846153846,0.8571428571428571,0.7857142857142857,0.0004
937,0.902123898267746,0.707639217376709,0.6923076923076923,0.9038461538461539,0.8571428571428571,0.8571428571428571,0.0004
938,0.9336390495300293,0.8391203880310059,0.7692307692307693,0.8653846153846154,0.8571428571428571,0.9285714285714286,0.0004
939,0.9869358837604523,0.7857654094696045,0.8269230769230769,0.8653846153846154,0.7857142857142857,0.8571428571428571,0.0004
940,1.0091143548488617,1.1104897260665894,0.7307692307692307,0.8461538461538461,0.7142857142857143,0.7142857142857143,0.0004
941,0.8947159647941589,1.2038805484771729,0.7692307692307693,0.8846153846153846,0.6428571428571429,0.7142857142857143,0.0004
942,1.023986577987671,0.49948593974113464,0.7115384615384616,0.8653846153846154,1.0,0.8571428571428571,0.0004
943,0.8117020726203918,1.1496622562408447,0.7884615384615384,0.8461538461538461,0.6428571428571429,0.7857142857142857,0.0004
944,1.0503519773483276,0.8803847432136536,0.7692307692307693,0.8461538461538461,0.7857142857142857,0.7142857142857143,0.0004
945,0.9546678066253662,1.2066580057144165,0.7884615384615384,0.8653846153846154,0.5714285714285714,0.8571428571428571,0.0004
946,0.8583877086639404,1.3306589126586914,0.7692307692307693,0.8461538461538461,0.5714285714285714,0.8571428571428571,0.0004
947,1.0701805353164673,0.900891900062561,0.6923076923076923,0.8461538461538461,0.7857142857142857,0.7142857142857143,0.0004
948,1.3403807878494263,0.6774616241455078,0.5576923076923077,0.8653846153846154,0.8571428571428571,0.7857142857142857,0.0004
949,1.3481736183166504,1.4312138557434082,0.5192307692307693,0.8653846153846154,0.5714285714285714,0.7857142857142857,0.0004
950,1.443016529083252,1.3895390033721924,0.5769230769230769,0.8269230769230769,0.6428571428571429,0.9285714285714286,0.0004
951,1.6877509355545044,1.674156665802002,0.4807692307692308,0.8269230769230769,0.5,0.7857142857142857,0.0004
952,1.7919448614120483,1.001173496246338,0.4423076923076923,0.8269230769230769,0.6428571428571429,0.8571428571428571,0.0004
953,1.4314353466033936,1.2780694961547852,0.5,0.8269230769230769,0.7142857142857143,0.7857142857142857,0.0004
954,1.4853111505508423,1.5806934833526611,0.5384615384615384,0.8653846153846154,0.6428571428571429,0.7857142857142857,0.0004
955,1.3605470657348633,1.6986987590789795,0.6538461538461539,0.8461538461538461,0.35714285714285715,0.7857142857142857,0.0004
956,1.335635244846344,1.4947184324264526,0.5769230769230769,0.8269230769230769,0.42857142857142855,0.8571428571428571,0.0004
957,1.1460012197494507,1.5335159301757812,0.6153846153846154,0.9038461538461539,0.5,0.7142857142857143,0.0004
958,1.5536659955978394,1.6219737529754639,0.46153846153846156,0.8846153846153846,0.35714285714285715,0.7857142857142857,0.0004
959,1.3089335560798645,1.2985390424728394,0.5384615384615384,0.8846153846153846,0.35714285714285715,1.0,0.0004
960,1.3445733189582825,1.5046756267547607,0.5192307692307693,0.8461538461538461,0.35714285714285715,0.7857142857142857,0.0004
961,1.727799654006958,1.5984976291656494,0.4230769230769231,0.8269230769230769,0.42857142857142855,0.7142857142857143,0.0004
962,1.4572126865386963,1.3903911113739014,0.4807692307692308,0.7884615384615384,0.2857142857142857,0.9285714285714286,0.0004
963,1.3116475939750671,1.0496639013290405,0.4230769230769231,0.9230769230769231,0.5714285714285714,0.8571428571428571,0.0004
964,1.3783534169197083,1.184329867362976,0.40384615384615385,0.8461538461538461,0.6428571428571429,0.8571428571428571,0.0004
965,1.4000977277755737,1.0709025859832764,0.36538461538461536,0.8461538461538461,0.5714285714285714,0.8571428571428571,0.0004
966,1.2861758470535278,1.2488479614257812,0.5384615384615384,0.8461538461538461,0.5714285714285714,0.7857142857142857,0.0004
967,1.491225004196167,1.4586224555969238,0.4807692307692308,0.8076923076923077,0.42857142857142855,0.7857142857142857,0.0004
968,1.328267753124237,1.2546055316925049,0.5192307692307693,0.8653846153846154,0.6428571428571429,0.7857142857142857,0.0004
969,1.3981094360351562,1.1605329513549805,0.5192307692307693,0.8653846153846154,0.7142857142857143,0.7857142857142857,0.0004
970,1.2098305821418762,1.222577691078186,0.5384615384615384,0.9038461538461539,0.7857142857142857,0.7857142857142857,0.0004
971,1.2536497116088867,1.2263038158416748,0.6730769230769231,0.8269230769230769,0.6428571428571429,0.8571428571428571,0.0004
972,1.2925238609313965,1.1922523975372314,0.5192307692307693,0.8846153846153846,0.7142857142857143,0.8571428571428571,0.0004
973,1.3966534733772278,1.1576801538467407,0.5384615384615384,0.8076923076923077,0.6428571428571429,0.7857142857142857,0.0004
974,1.2840704321861267,1.3400118350982666,0.5576923076923077,0.8846153846153846,0.5714285714285714,0.7857142857142857,0.0004
975,1.230368971824646,1.3722984790802002,0.6538461538461539,0.8653846153846154,0.5714285714285714,0.7142857142857143,0.0004
976,1.2802283763885498,1.323049545288086,0.6153846153846154,0.8653846153846154,0.35714285714285715,0.8571428571428571,0.0004
977,1.2511990666389465,1.2059242725372314,0.5961538461538461,0.8653846153846154,0.6428571428571429,0.7857142857142857,0.0004
978,1.2675212621688843,1.3277440071105957,0.6346153846153846,0.8269230769230769,0.5,0.8571428571428571,0.0004
979,1.2633224725723267,1.3347365856170654,0.6153846153846154,0.8076923076923077,0.2857142857142857,0.9285714285714286,0.0004
980,1.3039920926094055,1.1929407119750977,0.5961538461538461,0.8269230769230769,0.6428571428571429,0.8571428571428571,0.0004
981,1.3073832988739014,1.4543087482452393,0.5384615384615384,0.8269230769230769,0.35714285714285715,0.7142857142857143,0.0004
982,1.1038522124290466,1.0943870544433594,0.6346153846153846,0.9038461538461539,0.6428571428571429,0.7857142857142857,0.0004
983,1.1916720271110535,1.0387221574783325,0.6153846153846154,0.8653846153846154,0.6428571428571429,1.0,0.0004
984,1.0204056203365326,1.1213557720184326,0.6730769230769231,0.9038461538461539,0.7142857142857143,0.7857142857142857,0.0004
985,1.1671853065490723,1.1014753580093384,0.6346153846153846,0.9038461538461539,0.5714285714285714,0.8571428571428571,0.0004
986,1.1520614624023438,1.049041748046875,0.5576923076923077,0.8461538461538461,0.6428571428571429,0.9285714285714286,0.0004
987,1.2413598895072937,1.1196144819259644,0.5576923076923077,0.8076923076923077,0.6428571428571429,0.8571428571428571,0.0004
988,1.346864938735962,0.933165431022644,0.5,0.8653846153846154,0.7857142857142857,0.8571428571428571,0.0004
989,1.118007481098175,1.4392447471618652,0.6538461538461539,0.8269230769230769,0.7142857142857143,0.6428571428571429,0.0004
990,1.0144829154014587,1.1065142154693604,0.6730769230769231,0.9038461538461539,0.7142857142857143,0.9285714285714286,0.0004
991,0.9623062610626221,1.4827452898025513,0.7115384615384616,0.9038461538461539,0.5714285714285714,0.7857142857142857,0.0004
992,1.114516019821167,1.7410924434661865,0.6153846153846154,0.8269230769230769,0.5714285714285714,0.7142857142857143,0.0004
993,1.0903688669204712,1.4725722074508667,0.6923076923076923,0.8076923076923077,0.5714285714285714,0.7142857142857143,0.0004
994,1.404358685016632,1.1075780391693115,0.5576923076923077,0.7692307692307693,0.7142857142857143,0.7857142857142857,0.0004
995,1.3471654653549194,1.073481798171997,0.6346153846153846,0.75,0.7857142857142857,0.7142857142857143,0.0004
996,1.374873399734497,0.7130147218704224,0.6153846153846154,0.7692307692307693,0.9285714285714286,0.8571428571428571,0.0004
997,1.060496211051941,1.6200721263885498,0.6923076923076923,0.8653846153846154,0.5,0.7142857142857143,0.0004
998,1.2793696522712708,1.4803484678268433,0.6538461538461539,0.8653846153846154,0.6428571428571429,0.7142857142857143,0.0004
999,1.1913490891456604,1.664246678352356,0.6346153846153846,0.8269230769230769,0.42857142857142855,0.6428571428571429,0.0004
1000,1.0291930735111237,0.9571964144706726,0.6730769230769231,0.8653846153846154,0.7857142857142857,0.8571428571428571,0.0004
