epoch,train_loss,val_loss,train_acc_action,train_acc_status,val_acc_action,val_acc_status,learning_rate
1,1.786573350429535,1.7753382921218872,0.3076923076923077,0.8269230769230769,0.42857142857142855,0.8571428571428571,0.0004
2,1.7775710821151733,1.767423152923584,0.3076923076923077,0.8269230769230769,0.42857142857142855,0.8571428571428571,0.0004
3,1.7695780992507935,1.758294701576233,0.3076923076923077,0.8269230769230769,0.42857142857142855,0.8571428571428571,0.0004
4,1.7646302580833435,1.748544454574585,0.3076923076923077,0.8269230769230769,0.42857142857142855,0.8571428571428571,0.0004
5,1.7536163330078125,1.740768313407898,0.3076923076923077,0.8269230769230769,0.42857142857142855,0.8571428571428571,0.0004
6,1.7418688535690308,1.7298786640167236,0.3076923076923077,0.8269230769230769,0.42857142857142855,0.8571428571428571,0.0004
7,1.7389431595802307,1.7174201011657715,0.3076923076923077,0.8269230769230769,0.42857142857142855,0.8571428571428571,0.0004
8,1.7062063217163086,1.6793450117111206,0.3076923076923077,0.8269230769230769,0.42857142857142855,0.8571428571428571,0.0004
9,1.676814079284668,1.657884120941162,0.3076923076923077,0.8269230769230769,0.42857142857142855,0.8571428571428571,0.0004
10,1.6269775032997131,1.5916136503219604,0.3076923076923077,0.8269230769230769,0.42857142857142855,0.8571428571428571,0.0004
11,1.5600800514221191,1.5477226972579956,0.3076923076923077,0.8269230769230769,0.42857142857142855,0.8571428571428571,0.0004
12,1.520914912223816,1.5191526412963867,0.3076923076923077,0.8269230769230769,0.42857142857142855,0.8571428571428571,0.0004
13,1.5941293239593506,1.543184757232666,0.3076923076923077,0.8269230769230769,0.21428571428571427,0.8571428571428571,0.0004
14,1.5407273769378662,1.5286948680877686,0.36538461538461536,0.8269230769230769,0.21428571428571427,0.8571428571428571,0.0004
15,1.5349064469337463,1.5336506366729736,0.36538461538461536,0.8269230769230769,0.21428571428571427,0.8571428571428571,0.0004
16,1.6264742016792297,1.5401360988616943,0.36538461538461536,0.8269230769230769,0.21428571428571427,0.8571428571428571,0.0004
17,1.5588027238845825,1.543358564376831,0.36538461538461536,0.8269230769230769,0.21428571428571427,0.8571428571428571,0.0004
18,1.5403125286102295,1.543745517730713,0.36538461538461536,0.8269230769230769,0.21428571428571427,0.8571428571428571,0.0004
19,1.5787500143051147,1.5398919582366943,0.36538461538461536,0.8269230769230769,0.21428571428571427,0.8571428571428571,0.0004
20,1.5360790491104126,1.5381284952163696,0.36538461538461536,0.8269230769230769,0.21428571428571427,0.8571428571428571,0.0004
21,1.5371973514556885,1.5365476608276367,0.36538461538461536,0.8269230769230769,0.21428571428571427,0.8571428571428571,0.0004
22,1.6008261442184448,1.5370250940322876,0.36538461538461536,0.8269230769230769,0.21428571428571427,0.8571428571428571,0.0004
23,1.5535528659820557,1.5322540998458862,0.36538461538461536,0.8269230769230769,0.21428571428571427,0.8571428571428571,0.0004
24,1.6049560904502869,1.5337138175964355,0.36538461538461536,0.8269230769230769,0.21428571428571427,0.8571428571428571,0.0004
25,1.5662429928779602,1.543256163597107,0.36538461538461536,0.8269230769230769,0.21428571428571427,0.8571428571428571,0.0004
26,1.5465518236160278,1.5336967706680298,0.36538461538461536,0.8269230769230769,0.21428571428571427,0.8571428571428571,0.0004
27,1.5631867051124573,1.5398619174957275,0.36538461538461536,0.8269230769230769,0.21428571428571427,0.8571428571428571,0.0004
28,1.5566232800483704,1.536034345626831,0.36538461538461536,0.8269230769230769,0.21428571428571427,0.8571428571428571,0.0004
29,1.5732950568199158,1.539141297340393,0.36538461538461536,0.8269230769230769,0.21428571428571427,0.8571428571428571,0.0004
30,1.5605504512786865,1.5515556335449219,0.36538461538461536,0.8269230769230769,0.21428571428571427,0.8571428571428571,0.0004
31,1.5540991425514221,1.5383737087249756,0.36538461538461536,0.8269230769230769,0.21428571428571427,0.8571428571428571,0.0004
32,1.547760784626007,1.5350160598754883,0.36538461538461536,0.8269230769230769,0.21428571428571427,0.8571428571428571,0.0004
33,1.5728271007537842,1.5438952445983887,0.36538461538461536,0.8269230769230769,0.21428571428571427,0.8571428571428571,0.0004
34,1.5669149160385132,1.5296305418014526,0.36538461538461536,0.8269230769230769,0.21428571428571427,0.8571428571428571,0.0004
35,1.5491068959236145,1.532368540763855,0.36538461538461536,0.8269230769230769,0.21428571428571427,0.8571428571428571,0.0004
36,1.5161892771720886,1.5393364429473877,0.36538461538461536,0.8269230769230769,0.21428571428571427,0.8571428571428571,0.0004
37,1.5326572060585022,1.5277068614959717,0.36538461538461536,0.8269230769230769,0.21428571428571427,0.8571428571428571,0.0004
38,1.5724886655807495,1.5324026346206665,0.36538461538461536,0.8269230769230769,0.21428571428571427,0.8571428571428571,0.0004
39,1.5545583367347717,1.5688725709915161,0.36538461538461536,0.8269230769230769,0.21428571428571427,0.8571428571428571,0.0004
40,1.5170626640319824,1.546035647392273,0.36538461538461536,0.8269230769230769,0.21428571428571427,0.8571428571428571,0.0004
41,1.5042446851730347,1.5558091402053833,0.36538461538461536,0.8269230769230769,0.21428571428571427,0.8571428571428571,0.0004
42,1.541390597820282,1.5238627195358276,0.36538461538461536,0.8269230769230769,0.21428571428571427,0.8571428571428571,0.0004
43,1.513617753982544,1.5216588973999023,0.36538461538461536,0.8269230769230769,0.21428571428571427,0.8571428571428571,0.0004
44,1.493348479270935,1.523678183555603,0.36538461538461536,0.8269230769230769,0.21428571428571427,0.8571428571428571,0.0004
45,1.533009648323059,1.554816484451294,0.36538461538461536,0.8269230769230769,0.21428571428571427,0.8571428571428571,0.0004
46,1.5210893154144287,1.5122443437576294,0.36538461538461536,0.8269230769230769,0.21428571428571427,0.8571428571428571,0.0004
47,1.5441550612449646,1.5250345468521118,0.36538461538461536,0.8269230769230769,0.14285714285714285,0.8571428571428571,0.0004
48,1.508844792842865,1.5337753295898438,0.4230769230769231,0.8269230769230769,0.21428571428571427,0.8571428571428571,0.0004
49,1.5003085732460022,1.566854476928711,0.40384615384615385,0.8269230769230769,0.21428571428571427,0.8571428571428571,0.0004
50,1.503565490245819,1.6246392726898193,0.40384615384615385,0.8269230769230769,0.21428571428571427,0.8571428571428571,0.0004
51,1.4545003175735474,1.5096912384033203,0.38461538461538464,0.8269230769230769,0.21428571428571427,0.8571428571428571,0.0004
52,1.5040622353553772,1.4950370788574219,0.38461538461538464,0.8269230769230769,0.35714285714285715,0.8571428571428571,0.0004
53,1.4552727341651917,1.5007987022399902,0.4423076923076923,0.8269230769230769,0.21428571428571427,0.8571428571428571,0.0004
54,1.550998330116272,1.5926657915115356,0.4230769230769231,0.8269230769230769,0.21428571428571427,0.8571428571428571,0.0004
55,1.4949930906295776,1.415432095527649,0.38461538461538464,0.8269230769230769,0.42857142857142855,0.8571428571428571,0.0004
56,1.4240389466285706,1.4660300016403198,0.46153846153846156,0.8269230769230769,0.2857142857142857,0.8571428571428571,0.0004
57,1.4701176285743713,1.5665819644927979,0.4230769230769231,0.8269230769230769,0.2857142857142857,0.8571428571428571,0.0004
58,1.4053131937980652,1.5227091312408447,0.4807692307692308,0.8269230769230769,0.21428571428571427,0.8571428571428571,0.0004
59,1.421231985092163,1.5585036277770996,0.4807692307692308,0.8269230769230769,0.21428571428571427,0.8571428571428571,0.0004
60,1.4973768591880798,1.6547986268997192,0.40384615384615385,0.8269230769230769,0.14285714285714285,0.8571428571428571,0.0004
61,1.434097945690155,1.6444299221038818,0.40384615384615385,0.8269230769230769,0.21428571428571427,0.8571428571428571,0.0004
62,1.4761617183685303,1.6320475339889526,0.40384615384615385,0.8269230769230769,0.14285714285714285,0.8571428571428571,0.0004
63,1.560016393661499,1.5521074533462524,0.34615384615384615,0.8269230769230769,0.14285714285714285,0.8571428571428571,0.0004
64,1.4341351389884949,1.454539179801941,0.36538461538461536,0.8269230769230769,0.2857142857142857,0.8571428571428571,0.0004
65,1.4330241680145264,1.6059560775756836,0.4423076923076923,0.8269230769230769,0.21428571428571427,0.8571428571428571,0.0004
66,1.3866685032844543,1.4540822505950928,0.40384615384615385,0.8269230769230769,0.35714285714285715,0.8571428571428571,0.0004
67,1.5056890845298767,1.4589715003967285,0.40384615384615385,0.8269230769230769,0.35714285714285715,0.8571428571428571,0.0004
68,1.515870213508606,1.513547658920288,0.3269230769230769,0.8269230769230769,0.2857142857142857,0.8571428571428571,0.0004
69,1.4558175802230835,1.459336280822754,0.34615384615384615,0.8269230769230769,0.35714285714285715,0.8571428571428571,0.0004
70,1.4838742017745972,1.521811842918396,0.40384615384615385,0.8269230769230769,0.2857142857142857,0.8571428571428571,0.0004
71,1.4719367623329163,1.4936974048614502,0.38461538461538464,0.8269230769230769,0.21428571428571427,0.8571428571428571,0.0004
72,1.3699747323989868,1.5271042585372925,0.46153846153846156,0.8269230769230769,0.2857142857142857,0.8571428571428571,0.0004
73,1.455624282360077,1.6073139905929565,0.40384615384615385,0.8269230769230769,0.2857142857142857,0.8571428571428571,0.0004
74,1.3762233257293701,1.7677826881408691,0.4423076923076923,0.8269230769230769,0.14285714285714285,0.8571428571428571,0.0004
75,1.4313058257102966,1.4942238330841064,0.4423076923076923,0.8269230769230769,0.2857142857142857,0.8571428571428571,0.0004
76,1.4031234979629517,1.472386121749878,0.4230769230769231,0.8269230769230769,0.21428571428571427,0.8571428571428571,0.0004
77,1.4864490032196045,1.530002236366272,0.40384615384615385,0.8269230769230769,0.2857142857142857,0.8571428571428571,0.0004
78,1.380193054676056,1.6488640308380127,0.4423076923076923,0.8269230769230769,0.21428571428571427,0.8571428571428571,0.0004
79,1.4395304322242737,1.5311317443847656,0.34615384615384615,0.8269230769230769,0.21428571428571427,0.8571428571428571,0.0004
80,1.356591284275055,1.439040184020996,0.46153846153846156,0.8269230769230769,0.2857142857142857,0.8571428571428571,0.0004
81,1.3418871760368347,1.4506638050079346,0.4230769230769231,0.8269230769230769,0.21428571428571427,0.8571428571428571,0.0004
82,1.316226303577423,1.5192251205444336,0.4807692307692308,0.8269230769230769,0.2857142857142857,0.8571428571428571,0.0004
83,1.4167243838310242,1.5694116353988647,0.40384615384615385,0.8269230769230769,0.2857142857142857,0.8571428571428571,0.0004
84,1.4942131042480469,1.62104070186615,0.40384615384615385,0.8269230769230769,0.2857142857142857,0.8571428571428571,0.0004
85,1.5530260801315308,1.3319469690322876,0.34615384615384615,0.8269230769230769,0.35714285714285715,0.8571428571428571,0.0004
86,1.4239697456359863,1.780177354812622,0.38461538461538464,0.8269230769230769,0.07142857142857142,0.8571428571428571,0.0004
87,1.3887889385223389,1.4506127834320068,0.38461538461538464,0.8269230769230769,0.2857142857142857,0.8571428571428571,0.0004
88,1.4627142548561096,1.5350031852722168,0.4230769230769231,0.8269230769230769,0.2857142857142857,0.8571428571428571,0.0004
89,1.2780340909957886,1.767138957977295,0.4423076923076923,0.8269230769230769,0.2857142857142857,0.8571428571428571,0.0004
90,1.487373411655426,1.678503155708313,0.36538461538461536,0.8269230769230769,0.2857142857142857,0.8571428571428571,0.0004
91,1.3752212524414062,1.607232928276062,0.4230769230769231,0.8269230769230769,0.2857142857142857,0.8571428571428571,0.0004
92,1.376137912273407,1.6431596279144287,0.4423076923076923,0.8269230769230769,0.14285714285714285,0.8571428571428571,0.0004
93,1.3570581078529358,1.5208277702331543,0.40384615384615385,0.8269230769230769,0.21428571428571427,0.8571428571428571,0.0004
94,1.3508395552635193,1.5709726810455322,0.46153846153846156,0.8269230769230769,0.14285714285714285,0.8571428571428571,0.0004
95,1.3625152111053467,1.4869097471237183,0.4423076923076923,0.8269230769230769,0.14285714285714285,0.8571428571428571,0.0004
96,1.3455784916877747,1.609275221824646,0.4423076923076923,0.8269230769230769,0.14285714285714285,0.8571428571428571,0.0004
97,1.353155791759491,1.510690689086914,0.46153846153846156,0.8269230769230769,0.35714285714285715,0.8571428571428571,0.0004
98,1.449708104133606,1.811751365661621,0.4230769230769231,0.8269230769230769,0.14285714285714285,0.8571428571428571,0.0004
99,1.3178555965423584,1.6790884733200073,0.46153846153846156,0.8269230769230769,0.21428571428571427,0.8571428571428571,0.0004
100,1.3873586058616638,1.6953716278076172,0.46153846153846156,0.8269230769230769,0.14285714285714285,0.8571428571428571,0.0004
101,1.446926236152649,1.9427906274795532,0.40384615384615385,0.8269230769230769,0.14285714285714285,0.8571428571428571,0.0004
102,1.3656519651412964,1.7736947536468506,0.40384615384615385,0.8269230769230769,0.21428571428571427,0.8571428571428571,0.0004
103,1.262249767780304,1.535489797592163,0.4807692307692308,0.8269230769230769,0.2857142857142857,0.8571428571428571,0.0004
104,1.413621425628662,1.8130438327789307,0.40384615384615385,0.8269230769230769,0.07142857142857142,0.8571428571428571,0.0004
105,1.4016430377960205,1.5964728593826294,0.4230769230769231,0.8269230769230769,0.21428571428571427,0.8571428571428571,0.0004
106,1.3274055123329163,1.8998701572418213,0.4807692307692308,0.8269230769230769,0.14285714285714285,0.8571428571428571,0.0004
107,1.3926302790641785,1.5751570463180542,0.38461538461538464,0.8269230769230769,0.21428571428571427,0.8571428571428571,0.0004
108,1.4334713816642761,1.6450434923171997,0.4230769230769231,0.8269230769230769,0.21428571428571427,0.8571428571428571,0.0004
109,1.4898800253868103,1.8191636800765991,0.38461538461538464,0.8269230769230769,0.21428571428571427,0.8571428571428571,0.0004
110,1.4181604385375977,1.6718047857284546,0.36538461538461536,0.8269230769230769,0.21428571428571427,0.8571428571428571,0.0004
111,1.377122402191162,1.518723964691162,0.4423076923076923,0.8269230769230769,0.2857142857142857,0.8571428571428571,0.0004
112,1.3352898359298706,1.7799654006958008,0.36538461538461536,0.8269230769230769,0.35714285714285715,0.8571428571428571,0.0004
113,1.3108190298080444,1.4595870971679688,0.4423076923076923,0.8269230769230769,0.5,0.8571428571428571,0.0004
114,1.3444560766220093,1.6138694286346436,0.4230769230769231,0.8269230769230769,0.5,0.8571428571428571,0.0004
115,1.3842006921768188,1.7808105945587158,0.38461538461538464,0.8269230769230769,0.21428571428571427,0.8571428571428571,0.0004
116,1.3206120729446411,1.6346206665039062,0.34615384615384615,0.8269230769230769,0.35714285714285715,0.8571428571428571,0.0004
117,1.3589110374450684,1.7239469289779663,0.38461538461538464,0.8269230769230769,0.35714285714285715,0.8571428571428571,0.0004
118,1.376484453678131,1.5306599140167236,0.34615384615384615,0.8269230769230769,0.35714285714285715,0.8571428571428571,0.0004
119,1.3165335655212402,1.3975677490234375,0.40384615384615385,0.8269230769230769,0.42857142857142855,0.8571428571428571,0.0004
120,1.3496050238609314,1.5371075868606567,0.4230769230769231,0.8269230769230769,0.5,0.8571428571428571,0.0004
121,1.3843039870262146,1.6232185363769531,0.36538461538461536,0.8269230769230769,0.35714285714285715,0.8571428571428571,0.0004
122,1.4089436531066895,1.8757516145706177,0.34615384615384615,0.8269230769230769,0.21428571428571427,0.8571428571428571,0.0004
123,1.2977420091629028,1.7829315662384033,0.4423076923076923,0.8461538461538461,0.42857142857142855,0.7857142857142857,0.0004
124,1.2746001482009888,1.6234475374221802,0.38461538461538464,0.8653846153846154,0.35714285714285715,0.8571428571428571,0.0004
125,1.3259060382843018,1.6172205209732056,0.3269230769230769,0.8653846153846154,0.35714285714285715,0.7857142857142857,0.0004
126,1.3800328969955444,1.5027897357940674,0.4230769230769231,0.8461538461538461,0.42857142857142855,0.8571428571428571,0.0004
127,1.2256710529327393,1.6587241888046265,0.4230769230769231,0.9423076923076923,0.14285714285714285,0.7142857142857143,0.0004
128,1.3352815508842468,1.523511528968811,0.36538461538461536,0.9038461538461539,0.35714285714285715,0.8571428571428571,0.0004
129,1.3704192638397217,1.6726832389831543,0.46153846153846156,0.8076923076923077,0.21428571428571427,0.8571428571428571,0.0004
130,1.2959012389183044,1.5881613492965698,0.5,0.9423076923076923,0.21428571428571427,0.7857142857142857,0.0004
131,1.3094874024391174,1.732583999633789,0.4423076923076923,0.8846153846153846,0.21428571428571427,0.7142857142857143,0.0004
132,1.4915436506271362,1.480168342590332,0.38461538461538464,0.8076923076923077,0.21428571428571427,0.8571428571428571,0.0004
133,1.291166365146637,1.5945708751678467,0.4807692307692308,0.9038461538461539,0.21428571428571427,0.7857142857142857,0.0004
134,1.3642757534980774,1.8092691898345947,0.4423076923076923,0.9038461538461539,0.21428571428571427,0.8571428571428571,0.0004
135,1.2968734502792358,1.7351195812225342,0.4807692307692308,0.9038461538461539,0.14285714285714285,0.7857142857142857,0.0004
136,1.2540009021759033,1.9442059993743896,0.4807692307692308,0.9230769230769231,0.14285714285714285,0.7142857142857143,0.0004
137,1.3898096680641174,1.9809099435806274,0.40384615384615385,0.8461538461538461,0.21428571428571427,0.7142857142857143,0.0004
138,1.488782286643982,1.762698769569397,0.38461538461538464,0.8269230769230769,0.14285714285714285,0.7142857142857143,0.0004
139,1.3167474269866943,1.7327296733856201,0.4423076923076923,0.8653846153846154,0.21428571428571427,0.7142857142857143,0.0004
140,1.2966443300247192,1.843202829360962,0.4230769230769231,0.8846153846153846,0.14285714285714285,0.7142857142857143,0.0004
141,1.4214149117469788,1.5977230072021484,0.40384615384615385,0.8461538461538461,0.21428571428571427,0.7857142857142857,0.0004
142,1.4076483845710754,1.617424488067627,0.4230769230769231,0.8653846153846154,0.21428571428571427,0.7857142857142857,0.0004
143,1.375171959400177,1.6990928649902344,0.4807692307692308,0.8846153846153846,0.21428571428571427,0.7142857142857143,0.0004
144,1.3789770603179932,1.8146979808807373,0.4230769230769231,0.8653846153846154,0.14285714285714285,0.7142857142857143,0.0004
145,1.3104523420333862,1.4253690242767334,0.4230769230769231,0.8653846153846154,0.21428571428571427,0.8571428571428571,0.0004
146,1.3070263862609863,1.3248132467269897,0.4423076923076923,0.9038461538461539,0.35714285714285715,0.9285714285714286,0.0004
147,1.2433555722236633,1.5227638483047485,0.4423076923076923,0.8846153846153846,0.2857142857142857,0.8571428571428571,0.0004
148,1.2383782267570496,1.7795578241348267,0.4807692307692308,0.9230769230769231,0.21428571428571427,0.7857142857142857,0.0004
149,1.3391284346580505,1.7754313945770264,0.46153846153846156,0.8269230769230769,0.2857142857142857,0.7142857142857143,0.0004
150,1.2605732679367065,1.348430871963501,0.34615384615384615,0.9230769230769231,0.5,0.9285714285714286,0.0004
151,1.415219783782959,1.5549495220184326,0.36538461538461536,0.8461538461538461,0.35714285714285715,0.8571428571428571,0.0004
152,1.3864051699638367,1.6713080406188965,0.46153846153846156,0.8653846153846154,0.21428571428571427,0.8571428571428571,0.0004
153,1.3523499369621277,1.5355000495910645,0.46153846153846156,0.8846153846153846,0.42857142857142855,0.8571428571428571,0.0004
154,1.2742289900779724,1.5867488384246826,0.46153846153846156,0.8846153846153846,0.2857142857142857,0.8571428571428571,0.0004
155,1.3378980159759521,1.5775775909423828,0.5,0.9038461538461539,0.2857142857142857,0.8571428571428571,0.0004
156,1.1714009642601013,1.7042711973190308,0.4423076923076923,0.9423076923076923,0.35714285714285715,0.7857142857142857,0.0004
157,1.2989559173583984,1.5933387279510498,0.4423076923076923,0.8461538461538461,0.2857142857142857,0.8571428571428571,0.0004
158,1.206571340560913,1.8496012687683105,0.46153846153846156,0.9230769230769231,0.21428571428571427,0.8571428571428571,0.0004
159,1.4078471660614014,1.9383882284164429,0.34615384615384615,0.8269230769230769,0.21428571428571427,0.6428571428571429,0.0004
160,1.291241705417633,1.4507637023925781,0.4423076923076923,0.9038461538461539,0.2857142857142857,0.8571428571428571,0.0004
161,1.2093015909194946,1.7730152606964111,0.46153846153846156,0.9038461538461539,0.35714285714285715,0.7857142857142857,0.0004
162,1.2537782788276672,1.5306698083877563,0.4423076923076923,0.8653846153846154,0.35714285714285715,0.8571428571428571,0.0004
163,1.2466094493865967,1.7832854986190796,0.5384615384615384,0.8653846153846154,0.35714285714285715,0.7857142857142857,0.0004
164,1.4387515783309937,1.7075421810150146,0.36538461538461536,0.8076923076923077,0.35714285714285715,0.8571428571428571,0.0004
165,1.3432203531265259,1.7854366302490234,0.40384615384615385,0.8461538461538461,0.21428571428571427,0.9285714285714286,0.0004
166,1.2254605889320374,1.5379211902618408,0.38461538461538464,0.9423076923076923,0.5,0.8571428571428571,0.0004
167,1.2057003378868103,1.5020259618759155,0.4423076923076923,0.8846153846153846,0.42857142857142855,0.8571428571428571,0.0004
168,1.3646002411842346,1.832592487335205,0.36538461538461536,0.9038461538461539,0.35714285714285715,0.8571428571428571,0.0004
169,1.2312307357788086,1.7963672876358032,0.4423076923076923,0.9230769230769231,0.07142857142857142,0.7857142857142857,0.0004
170,1.215394139289856,1.5958242416381836,0.5192307692307693,0.9423076923076923,0.21428571428571427,0.8571428571428571,0.0004
171,1.22234708070755,1.4658403396606445,0.40384615384615385,0.9038461538461539,0.21428571428571427,0.8571428571428571,0.0004
172,1.2357606291770935,1.4275002479553223,0.4230769230769231,0.9230769230769231,0.14285714285714285,0.9285714285714286,0.0004
173,1.4965477585792542,1.7329983711242676,0.38461538461538464,0.8076923076923077,0.14285714285714285,0.8571428571428571,0.0004
174,1.3585476279258728,1.6014149188995361,0.40384615384615385,0.8846153846153846,0.21428571428571427,0.8571428571428571,0.0004
175,1.203448235988617,1.5089776515960693,0.5192307692307693,0.9038461538461539,0.21428571428571427,0.8571428571428571,0.0004
176,1.4759665727615356,1.8187386989593506,0.34615384615384615,0.8461538461538461,0.14285714285714285,0.7857142857142857,0.0004
177,1.2408431768417358,2.0381717681884766,0.40384615384615385,0.9230769230769231,0.14285714285714285,0.7142857142857143,0.0004
178,1.323564052581787,1.6226744651794434,0.4423076923076923,0.8846153846153846,0.21428571428571427,0.7857142857142857,0.0004
179,1.2585956454277039,1.485639214515686,0.40384615384615385,0.9423076923076923,0.21428571428571427,0.8571428571428571,0.0004
180,1.2515275478363037,2.0221827030181885,0.4230769230769231,0.9423076923076923,0.14285714285714285,0.7142857142857143,0.0004
181,1.3685410618782043,1.5668649673461914,0.4423076923076923,0.8846153846153846,0.42857142857142855,0.7857142857142857,0.0004
182,1.346481740474701,1.5210134983062744,0.5192307692307693,0.9230769230769231,0.5714285714285714,0.9285714285714286,0.0004
183,1.287817358970642,1.52657151222229,0.40384615384615385,0.8269230769230769,0.42857142857142855,0.8571428571428571,0.0004
184,1.3778148293495178,1.4328713417053223,0.4807692307692308,0.8269230769230769,0.5,0.8571428571428571,0.0004
185,1.3007850646972656,1.737032175064087,0.36538461538461536,0.8653846153846154,0.35714285714285715,0.8571428571428571,0.0004
186,1.3314074873924255,1.814843773841858,0.5192307692307693,0.8846153846153846,0.5,0.7857142857142857,0.0004
187,1.2744014859199524,1.611228585243225,0.46153846153846156,0.9230769230769231,0.2857142857142857,0.7857142857142857,0.0004
188,1.266537368297577,2.0328023433685303,0.4230769230769231,0.9038461538461539,0.2857142857142857,0.6428571428571429,0.0004
189,1.2970942854881287,1.598107099533081,0.4423076923076923,0.9230769230769231,0.42857142857142855,0.7857142857142857,0.0004
190,1.3368061184883118,1.8048707246780396,0.4423076923076923,0.8653846153846154,0.35714285714285715,0.7857142857142857,0.0004
191,1.2078116536140442,1.5837059020996094,0.5192307692307693,0.9423076923076923,0.2857142857142857,0.7857142857142857,0.0004
192,1.2460398077964783,1.8565281629562378,0.4230769230769231,0.9230769230769231,0.2857142857142857,0.7142857142857143,0.0004
193,1.1975550055503845,1.344655156135559,0.46153846153846156,0.9423076923076923,0.42857142857142855,0.9285714285714286,0.0004
194,1.2414741516113281,1.4815807342529297,0.5384615384615384,0.8846153846153846,0.2857142857142857,0.8571428571428571,0.0004
195,1.2006306052207947,1.6224122047424316,0.5384615384615384,0.9230769230769231,0.35714285714285715,0.8571428571428571,0.0004
196,1.3058369159698486,1.3880627155303955,0.46153846153846156,0.8653846153846154,0.2857142857142857,0.9285714285714286,0.0004
197,1.2163901329040527,1.6340559720993042,0.5192307692307693,0.9038461538461539,0.35714285714285715,0.7857142857142857,0.0004
198,1.3619531989097595,1.3821589946746826,0.4423076923076923,0.8653846153846154,0.2857142857142857,0.9285714285714286,0.0004
199,1.2371497750282288,1.594862937927246,0.46153846153846156,0.9230769230769231,0.42857142857142855,0.8571428571428571,0.0004
200,1.1593929529190063,1.5634164810180664,0.5576923076923077,0.9230769230769231,0.42857142857142855,0.8571428571428571,0.0004
201,1.3069149255752563,1.5377371311187744,0.36538461538461536,0.9038461538461539,0.2857142857142857,0.8571428571428571,0.0004
202,1.5494096875190735,1.6260148286819458,0.36538461538461536,0.8269230769230769,0.42857142857142855,0.8571428571428571,0.0004
203,1.6636525392532349,1.7191669940948486,0.38461538461538464,0.8269230769230769,0.2857142857142857,0.8571428571428571,0.0004
204,1.7000929117202759,1.6413052082061768,0.3076923076923077,0.8269230769230769,0.2857142857142857,0.8571428571428571,0.0004
205,1.538366973400116,1.5522710084915161,0.28846153846153844,0.8269230769230769,0.35714285714285715,0.8571428571428571,0.0004
206,1.534778892993927,1.469890832901001,0.46153846153846156,0.8269230769230769,0.42857142857142855,0.8571428571428571,0.0004
207,1.5122586488723755,1.5858097076416016,0.5,0.8269230769230769,0.2857142857142857,0.8571428571428571,0.0004
208,1.4271748065948486,1.4901416301727295,0.5769230769230769,0.8269230769230769,0.2857142857142857,0.8571428571428571,0.0004
209,1.441407322883606,1.5326179265975952,0.46153846153846156,0.8269230769230769,0.35714285714285715,0.8571428571428571,0.0004
210,1.3986385464668274,1.5236363410949707,0.38461538461538464,0.8269230769230769,0.2857142857142857,0.8571428571428571,0.0004
211,1.3728373050689697,1.4947772026062012,0.46153846153846156,0.8269230769230769,0.35714285714285715,0.8571428571428571,0.0004
212,1.414407193660736,1.5008409023284912,0.40384615384615385,0.8269230769230769,0.35714285714285715,0.8571428571428571,0.0004
213,1.3444997668266296,1.4238018989562988,0.4423076923076923,0.8269230769230769,0.35714285714285715,0.9285714285714286,0.0004
214,1.3659014701843262,1.3322348594665527,0.4230769230769231,0.8653846153846154,0.2857142857142857,0.9285714285714286,0.0004
215,1.3152780532836914,1.5300214290618896,0.4230769230769231,0.9038461538461539,0.14285714285714285,0.8571428571428571,0.0004
216,1.3986695408821106,1.5691566467285156,0.4423076923076923,0.9230769230769231,0.35714285714285715,0.7142857142857143,0.0004
217,1.2954217195510864,1.6236495971679688,0.4230769230769231,0.9423076923076923,0.2857142857142857,0.8571428571428571,0.0004
218,1.3205272555351257,1.4349949359893799,0.4807692307692308,0.8653846153846154,0.5,0.9285714285714286,0.0004
219,1.3306864500045776,1.564316749572754,0.5192307692307693,0.9038461538461539,0.5,0.8571428571428571,0.0004
220,1.2555304765701294,1.6253752708435059,0.5,0.8846153846153846,0.35714285714285715,0.8571428571428571,0.0004
221,1.1878217458724976,1.643365740776062,0.5576923076923077,0.9423076923076923,0.14285714285714285,0.8571428571428571,0.0004
222,1.1464501023292542,1.59306800365448,0.5,0.9423076923076923,0.2857142857142857,0.8571428571428571,0.0004
223,1.385857105255127,1.3168193101882935,0.40384615384615385,0.8653846153846154,0.5,0.9285714285714286,0.0004
224,1.364997148513794,1.4590386152267456,0.4807692307692308,0.8653846153846154,0.42857142857142855,0.8571428571428571,0.0004
225,1.1204177737236023,1.5467078685760498,0.4807692307692308,0.9230769230769231,0.42857142857142855,0.8571428571428571,0.0004
226,1.2162446975708008,1.387799620628357,0.4230769230769231,0.9230769230769231,0.35714285714285715,0.9285714285714286,0.0004
227,1.3648123145103455,1.5894438028335571,0.5,0.8846153846153846,0.35714285714285715,0.8571428571428571,0.0004
228,1.4262378215789795,1.6120631694793701,0.4423076923076923,0.8269230769230769,0.35714285714285715,0.7857142857142857,0.0004
229,1.2490051984786987,1.3240302801132202,0.38461538461538464,0.9230769230769231,0.5714285714285714,0.9285714285714286,0.0004
230,1.1750847101211548,1.5374313592910767,0.5,0.9230769230769231,0.2857142857142857,0.8571428571428571,0.0004
231,1.2762110233306885,1.888641119003296,0.38461538461538464,0.9230769230769231,0.35714285714285715,0.7857142857142857,0.0004
232,1.2928840517997742,1.9502665996551514,0.4807692307692308,0.9230769230769231,0.35714285714285715,0.7142857142857143,0.0004
233,1.454524040222168,1.5919575691223145,0.38461538461538464,0.8653846153846154,0.42857142857142855,0.8571428571428571,0.0004
234,1.272965133190155,1.5772578716278076,0.4423076923076923,0.9038461538461539,0.42857142857142855,0.8571428571428571,0.0004
235,1.1400309205055237,1.6328247785568237,0.40384615384615385,0.9230769230769231,0.2857142857142857,0.8571428571428571,0.0004
236,1.3866145610809326,1.5525758266448975,0.46153846153846156,0.8461538461538461,0.2857142857142857,0.8571428571428571,0.0004
237,1.4325017929077148,1.5914878845214844,0.4230769230769231,0.8461538461538461,0.5,0.8571428571428571,0.0004
238,1.2404223680496216,1.7140737771987915,0.46153846153846156,0.9038461538461539,0.21428571428571427,0.8571428571428571,0.0004
239,1.2645156383514404,1.7186832427978516,0.5,0.9038461538461539,0.2857142857142857,0.8571428571428571,0.0004
240,1.2800299525260925,1.4716962575912476,0.5,0.9230769230769231,0.2857142857142857,0.8571428571428571,0.0004
241,1.1520079970359802,1.6402778625488281,0.4423076923076923,0.9615384615384616,0.21428571428571427,0.8571428571428571,0.0004
242,1.2016574144363403,1.3817238807678223,0.4807692307692308,0.9230769230769231,0.42857142857142855,0.9285714285714286,0.0004
243,1.4425212144851685,1.7808012962341309,0.46153846153846156,0.8461538461538461,0.21428571428571427,0.7857142857142857,0.0004
244,1.2139250040054321,1.464134931564331,0.4807692307692308,0.9230769230769231,0.35714285714285715,0.8571428571428571,0.0004
245,1.1395229697227478,1.6254807710647583,0.5384615384615384,0.9230769230769231,0.2857142857142857,0.7857142857142857,0.0004
246,1.2884174585342407,1.6173887252807617,0.4423076923076923,0.8846153846153846,0.14285714285714285,0.8571428571428571,0.0004
247,1.4144117832183838,1.6392138004302979,0.4423076923076923,0.8653846153846154,0.14285714285714285,0.8571428571428571,0.0004
248,1.2866767644882202,1.7226448059082031,0.4423076923076923,0.9038461538461539,0.14285714285714285,0.8571428571428571,0.0004
249,1.194896399974823,1.6093475818634033,0.5,0.9423076923076923,0.21428571428571427,0.8571428571428571,0.0004
250,1.1762114763259888,1.3904304504394531,0.5,0.9423076923076923,0.35714285714285715,0.9285714285714286,0.0004
251,1.1454353332519531,1.6261162757873535,0.5769230769230769,0.9615384615384616,0.35714285714285715,0.8571428571428571,0.0004
252,1.289286732673645,1.3707274198532104,0.46153846153846156,0.8846153846153846,0.2857142857142857,0.9285714285714286,0.0004
253,1.2203654646873474,1.7182657718658447,0.5,0.9038461538461539,0.2857142857142857,0.7857142857142857,0.0004
254,1.4282424449920654,1.7135725021362305,0.5,0.8653846153846154,0.2857142857142857,0.8571428571428571,0.0004
255,1.2881145477294922,1.7468061447143555,0.4807692307692308,0.9038461538461539,0.2857142857142857,0.8571428571428571,0.0004
256,1.1759784817695618,1.8038238286972046,0.5384615384615384,0.9423076923076923,0.42857142857142855,0.7857142857142857,0.0004
257,1.371237874031067,1.7292978763580322,0.5,0.8653846153846154,0.35714285714285715,0.7857142857142857,0.0004
258,1.2139489948749542,1.6588743925094604,0.4807692307692308,0.9230769230769231,0.35714285714285715,0.8571428571428571,0.0004
259,1.3942455649375916,1.5955522060394287,0.40384615384615385,0.8461538461538461,0.42857142857142855,0.8571428571428571,0.0004
260,1.3205287456512451,1.4609040021896362,0.4423076923076923,0.8846153846153846,0.35714285714285715,0.8571428571428571,0.0004
261,1.3648869395256042,1.8097586631774902,0.46153846153846156,0.8653846153846154,0.35714285714285715,0.7857142857142857,0.0004
262,1.245879352092743,1.27579665184021,0.40384615384615385,0.9038461538461539,0.5714285714285714,0.8571428571428571,0.0004
263,1.2951865792274475,1.4685195684432983,0.36538461538461536,0.8653846153846154,0.2857142857142857,0.8571428571428571,0.0004
264,1.3326440453529358,1.4951199293136597,0.40384615384615385,0.9038461538461539,0.21428571428571427,0.8571428571428571,0.0004
265,1.2710062861442566,1.4611773490905762,0.4423076923076923,0.8846153846153846,0.21428571428571427,0.8571428571428571,0.0004
266,1.2200616598129272,1.750828742980957,0.36538461538461536,0.8846153846153846,0.2857142857142857,0.8571428571428571,0.0004
267,1.178877830505371,1.6812009811401367,0.4807692307692308,0.9038461538461539,0.35714285714285715,0.8571428571428571,0.0004
268,1.2554836869239807,1.6361174583435059,0.4807692307692308,0.8653846153846154,0.5,0.8571428571428571,0.0004
269,1.227171003818512,1.5066534280776978,0.5,0.8653846153846154,0.2857142857142857,0.8571428571428571,0.0004
270,1.3320433497428894,1.4087380170822144,0.4423076923076923,0.9038461538461539,0.42857142857142855,0.8571428571428571,0.0004
271,1.392273724079132,1.8434978723526,0.40384615384615385,0.8461538461538461,0.21428571428571427,0.7857142857142857,0.0004
272,1.2877551913261414,1.7121772766113281,0.4230769230769231,0.8846153846153846,0.2857142857142857,0.7857142857142857,0.0004
273,1.4485844373703003,1.354151964187622,0.40384615384615385,0.8461538461538461,0.5714285714285714,0.8571428571428571,0.0004
274,1.473188579082489,1.8114798069000244,0.4230769230769231,0.8653846153846154,0.2857142857142857,0.8571428571428571,0.0004
275,1.307055950164795,1.661291480064392,0.5192307692307693,0.8846153846153846,0.42857142857142855,0.8571428571428571,0.0004
276,1.2029821872711182,1.56028413772583,0.5,0.8846153846153846,0.2857142857142857,0.8571428571428571,0.0004
277,1.1073247790336609,1.4677269458770752,0.4807692307692308,0.9423076923076923,0.5,0.8571428571428571,0.0004
278,1.2388403415679932,1.7223889827728271,0.40384615384615385,0.9230769230769231,0.14285714285714285,0.8571428571428571,0.0004
279,1.1333078742027283,1.3490352630615234,0.4230769230769231,0.9615384615384616,0.35714285714285715,0.9285714285714286,0.0004
280,1.2820631265640259,1.4660003185272217,0.4807692307692308,0.9038461538461539,0.21428571428571427,0.9285714285714286,0.0004
281,1.2215198874473572,1.393414855003357,0.6538461538461539,0.9038461538461539,0.2857142857142857,0.9285714285714286,0.0004
282,1.2343809604644775,1.5609091520309448,0.38461538461538464,0.9230769230769231,0.2857142857142857,0.9285714285714286,0.0004
283,1.2897038459777832,1.31735360622406,0.4423076923076923,0.9230769230769231,0.5,0.9285714285714286,0.0004
284,1.2989973425865173,1.2641552686691284,0.5,0.8846153846153846,0.42857142857142855,0.9285714285714286,0.0004
285,1.3319365978240967,1.8174200057983398,0.40384615384615385,0.8461538461538461,0.2857142857142857,0.8571428571428571,0.0004
286,1.2283298969268799,1.4884874820709229,0.40384615384615385,0.8846153846153846,0.2857142857142857,0.8571428571428571,0.0004
287,1.1416538953781128,1.7160027027130127,0.5,0.8846153846153846,0.35714285714285715,0.8571428571428571,0.0004
288,1.2152047157287598,1.870943546295166,0.5,0.8846153846153846,0.21428571428571427,0.8571428571428571,0.0004
289,1.2583720088005066,1.5954184532165527,0.4423076923076923,0.9230769230769231,0.42857142857142855,0.8571428571428571,0.0004
290,1.3207508325576782,1.806581735610962,0.3076923076923077,0.8461538461538461,0.5714285714285714,0.7857142857142857,0.0004
291,1.3646512031555176,1.8023979663848877,0.4230769230769231,0.8461538461538461,0.35714285714285715,0.7857142857142857,0.0004
292,1.2969028949737549,1.407393217086792,0.40384615384615385,0.8653846153846154,0.42857142857142855,0.8571428571428571,0.0004
293,1.1499254703521729,1.4068577289581299,0.5769230769230769,0.9423076923076923,0.35714285714285715,0.9285714285714286,0.0004
294,1.087553083896637,1.5695726871490479,0.46153846153846156,0.9423076923076923,0.5,0.8571428571428571,0.0004
295,1.137718677520752,1.7102704048156738,0.5192307692307693,0.9230769230769231,0.42857142857142855,0.7857142857142857,0.0004
296,1.2351129651069641,1.72467839717865,0.5384615384615384,0.9038461538461539,0.21428571428571427,0.8571428571428571,0.0004
297,1.144530713558197,1.6707438230514526,0.46153846153846156,0.9230769230769231,0.42857142857142855,0.8571428571428571,0.0004
298,1.1584067940711975,1.6240942478179932,0.4807692307692308,0.9615384615384616,0.35714285714285715,0.8571428571428571,0.0004
299,1.1444754004478455,1.9643107652664185,0.46153846153846156,0.9423076923076923,0.35714285714285715,0.7857142857142857,0.0004
300,1.0863144099712372,1.6392230987548828,0.6346153846153846,0.9615384615384616,0.2857142857142857,0.8571428571428571,0.0004
301,1.0141062140464783,1.4560768604278564,0.5384615384615384,0.9807692307692307,0.2857142857142857,0.9285714285714286,0.0004
302,1.1746994256973267,1.6353240013122559,0.5,0.9230769230769231,0.2857142857142857,0.7857142857142857,0.0004
303,1.1839258968830109,1.804418683052063,0.5,0.9423076923076923,0.14285714285714285,0.7857142857142857,0.0004
304,1.4648715257644653,1.8907182216644287,0.4230769230769231,0.8269230769230769,0.21428571428571427,0.7142857142857143,0.0004
305,1.3353937268257141,1.2853816747665405,0.40384615384615385,0.8846153846153846,0.2857142857142857,0.9285714285714286,0.0004
306,1.2760784029960632,1.5362424850463867,0.46153846153846156,0.9230769230769231,0.2857142857142857,0.8571428571428571,0.0004
307,1.3157528042793274,1.6017661094665527,0.4423076923076923,0.8846153846153846,0.2857142857142857,0.7857142857142857,0.0004
308,1.1400279104709625,1.4581959247589111,0.4807692307692308,0.9615384615384616,0.14285714285714285,0.7857142857142857,0.0004
309,1.3177523612976074,1.5821059942245483,0.5192307692307693,0.9230769230769231,0.2857142857142857,0.7857142857142857,0.0004
310,1.0776571333408356,1.342711329460144,0.5,0.9423076923076923,0.35714285714285715,0.9285714285714286,0.0004
311,1.0594707131385803,1.668144941329956,0.5384615384615384,0.9807692307692307,0.2857142857142857,0.7857142857142857,0.0004
312,1.19091135263443,1.740764856338501,0.5384615384615384,0.9423076923076923,0.21428571428571427,0.7857142857142857,0.0004
313,1.147459864616394,1.9245527982711792,0.4807692307692308,0.9038461538461539,0.2857142857142857,0.7857142857142857,0.0004
314,1.3107836842536926,1.7655671834945679,0.34615384615384615,0.8846153846153846,0.2857142857142857,0.8571428571428571,0.0004
315,1.2237186431884766,1.5838059186935425,0.5,0.9230769230769231,0.21428571428571427,0.8571428571428571,0.0004
316,1.235160231590271,1.5048561096191406,0.5576923076923077,0.9423076923076923,0.42857142857142855,0.8571428571428571,0.0004
317,0.9920780658721924,1.4291844367980957,0.6346153846153846,0.9807692307692307,0.14285714285714285,0.9285714285714286,0.0004
318,1.025033563375473,1.810608148574829,0.5192307692307693,0.9615384615384616,0.35714285714285715,0.7857142857142857,0.0004
319,1.0489450097084045,1.7608143091201782,0.5384615384615384,0.9423076923076923,0.42857142857142855,0.7857142857142857,0.0004
320,1.1065360307693481,1.874617338180542,0.4423076923076923,0.9807692307692307,0.2857142857142857,0.7857142857142857,0.0004
321,1.2585373520851135,2.3775057792663574,0.5384615384615384,0.8846153846153846,0.14285714285714285,0.7142857142857143,0.0004
322,1.0554742813110352,1.9995248317718506,0.4423076923076923,0.9230769230769231,0.35714285714285715,0.7857142857142857,0.0004
323,1.1966066360473633,2.001234769821167,0.5192307692307693,0.9230769230769231,0.35714285714285715,0.7142857142857143,0.0004
324,1.3373250365257263,1.7966225147247314,0.34615384615384615,0.8846153846153846,0.5,0.7142857142857143,0.0004
325,1.1256022453308105,1.4902174472808838,0.5,0.9038461538461539,0.5,0.8571428571428571,0.0004
326,1.124504029750824,1.3487414121627808,0.5192307692307693,0.9423076923076923,0.5,0.9285714285714286,0.0004
327,1.268747329711914,1.4665699005126953,0.46153846153846156,0.8653846153846154,0.2857142857142857,0.8571428571428571,0.0004
328,1.2253667712211609,1.3562724590301514,0.5576923076923077,0.9423076923076923,0.42857142857142855,0.8571428571428571,0.0004
329,1.3167239427566528,1.7334860563278198,0.40384615384615385,0.8269230769230769,0.5,0.7857142857142857,0.0004
330,1.2956335544586182,1.9572032690048218,0.36538461538461536,0.8461538461538461,0.21428571428571427,0.8571428571428571,0.0004
331,1.4730100631713867,1.628867745399475,0.40384615384615385,0.8269230769230769,0.42857142857142855,0.8571428571428571,0.0004
332,1.495361566543579,1.674271583557129,0.38461538461538464,0.8269230769230769,0.21428571428571427,0.8571428571428571,0.0004
333,1.480228066444397,1.7247670888900757,0.38461538461538464,0.8269230769230769,0.35714285714285715,0.8571428571428571,0.0004
334,1.287693440914154,1.5750396251678467,0.46153846153846156,0.8269230769230769,0.42857142857142855,0.8571428571428571,0.0004
335,1.2821691036224365,1.7247745990753174,0.5384615384615384,0.8269230769230769,0.2857142857142857,0.8571428571428571,0.0004
336,1.34268456697464,1.4665377140045166,0.5769230769230769,0.8269230769230769,0.35714285714285715,0.8571428571428571,0.0004
337,1.3411534428596497,1.6618075370788574,0.46153846153846156,0.8269230769230769,0.2857142857142857,0.8571428571428571,0.0004
338,1.3425851464271545,1.5069494247436523,0.5,0.8269230769230769,0.2857142857142857,0.8571428571428571,0.0004
339,1.2247711420059204,1.5133992433547974,0.5192307692307693,0.8269230769230769,0.35714285714285715,0.8571428571428571,0.0004
340,1.3366573452949524,1.8004626035690308,0.3269230769230769,0.8269230769230769,0.35714285714285715,0.8571428571428571,0.0004
341,1.219557523727417,1.451355218887329,0.4807692307692308,0.8846153846153846,0.35714285714285715,0.9285714285714286,0.0004
342,1.1904851198196411,1.740450382232666,0.46153846153846156,0.9423076923076923,0.14285714285714285,0.8571428571428571,0.0004
343,1.2376168966293335,1.6994285583496094,0.5192307692307693,0.9230769230769231,0.5,0.8571428571428571,0.0004
344,1.2683390974998474,1.628010630607605,0.40384615384615385,0.9615384615384616,0.42857142857142855,0.8571428571428571,0.0004
345,1.2446829676628113,1.5986090898513794,0.4230769230769231,0.9615384615384616,0.42857142857142855,0.8571428571428571,0.0004
346,1.2616332173347473,1.5618414878845215,0.4423076923076923,0.9038461538461539,0.21428571428571427,0.9285714285714286,0.0004
347,1.2922865152359009,1.3776181936264038,0.36538461538461536,0.9615384615384616,0.2857142857142857,0.9285714285714286,0.0004
348,1.3444467186927795,1.6927801370620728,0.4423076923076923,0.8653846153846154,0.35714285714285715,0.7857142857142857,0.0004
349,1.117563009262085,1.5041563510894775,0.5384615384615384,1.0,0.5,0.8571428571428571,0.0004
350,1.2126062512397766,1.520195722579956,0.38461538461538464,0.9423076923076923,0.35714285714285715,0.8571428571428571,0.0004
351,1.1661590337753296,1.7428010702133179,0.4423076923076923,0.9423076923076923,0.2857142857142857,0.8571428571428571,0.0004
352,1.236507773399353,1.3258464336395264,0.4423076923076923,0.9230769230769231,0.42857142857142855,0.9285714285714286,0.0004
353,1.1583597660064697,1.4152655601501465,0.5,0.9615384615384616,0.42857142857142855,0.9285714285714286,0.0004
354,1.192922592163086,1.4056177139282227,0.4807692307692308,0.9423076923076923,0.2857142857142857,0.9285714285714286,0.0004
355,1.2350579500198364,1.4417539834976196,0.5384615384615384,0.9615384615384616,0.2857142857142857,0.9285714285714286,0.0004
356,1.1295488476753235,1.5590968132019043,0.5769230769230769,0.9615384615384616,0.2857142857142857,0.8571428571428571,0.0004
357,1.1835843324661255,1.8554589748382568,0.46153846153846156,0.9615384615384616,0.21428571428571427,0.7857142857142857,0.0004
358,1.1183711886405945,1.1567723751068115,0.4423076923076923,0.9807692307692307,0.5,0.9285714285714286,0.0004
359,1.229710578918457,1.670753836631775,0.5384615384615384,0.9423076923076923,0.2857142857142857,0.8571428571428571,0.0004
360,1.1852185130119324,2.015425682067871,0.4423076923076923,0.9230769230769231,0.42857142857142855,0.7857142857142857,0.0004
361,1.0640648007392883,1.7941641807556152,0.5192307692307693,0.9230769230769231,0.2857142857142857,0.8571428571428571,0.0004
362,1.2300028204917908,1.8172404766082764,0.5384615384615384,0.9423076923076923,0.35714285714285715,0.7857142857142857,0.0004
363,1.2333963513374329,1.829129695892334,0.5384615384615384,0.9230769230769231,0.14285714285714285,0.7142857142857143,0.0004
364,1.1550819277763367,1.3251490592956543,0.5,0.9230769230769231,0.5,0.8571428571428571,0.0004
365,1.089761197566986,1.4730865955352783,0.38461538461538464,0.9423076923076923,0.21428571428571427,0.8571428571428571,0.0004
366,1.1707770228385925,1.7843620777130127,0.5,0.9423076923076923,0.2857142857142857,0.7857142857142857,0.0004
367,1.1463878154754639,1.4239873886108398,0.4423076923076923,0.9423076923076923,0.5,0.8571428571428571,0.0004
368,1.0312793254852295,1.366945505142212,0.5192307692307693,0.9807692307692307,0.35714285714285715,0.9285714285714286,0.0004
369,1.165431559085846,1.8012802600860596,0.5192307692307693,0.9615384615384616,0.42857142857142855,0.8571428571428571,0.0004
370,1.2391307353973389,1.59689199924469,0.5384615384615384,0.8846153846153846,0.35714285714285715,0.8571428571428571,0.0004
371,1.3112359046936035,1.425337553024292,0.46153846153846156,0.8846153846153846,0.35714285714285715,0.8571428571428571,0.0004
372,1.273670256137848,1.6021984815597534,0.5192307692307693,0.8846153846153846,0.35714285714285715,0.8571428571428571,0.0004
373,1.1303446292877197,1.7501788139343262,0.5192307692307693,0.9230769230769231,0.35714285714285715,0.7857142857142857,0.0004
374,1.1884630918502808,1.3849022388458252,0.4423076923076923,0.9230769230769231,0.35714285714285715,0.8571428571428571,0.0004
375,1.1365556120872498,1.4160592555999756,0.5384615384615384,0.9423076923076923,0.6428571428571429,0.8571428571428571,0.0004
376,1.0361087918281555,1.4416500329971313,0.5384615384615384,0.9423076923076923,0.5714285714285714,0.8571428571428571,0.0004
377,1.4003888368606567,1.4592795372009277,0.4423076923076923,0.8076923076923077,0.14285714285714285,0.9285714285714286,0.0004
378,1.2929834127426147,1.4627891778945923,0.38461538461538464,0.8846153846153846,0.42857142857142855,0.8571428571428571,0.0004
379,1.0987473130226135,1.1650687456130981,0.5384615384615384,0.9423076923076923,0.5714285714285714,0.9285714285714286,0.0004
380,1.209610104560852,1.9097917079925537,0.5,0.9230769230769231,0.2857142857142857,0.7857142857142857,0.0004
381,1.2019639015197754,1.3760874271392822,0.5384615384615384,0.9423076923076923,0.5714285714285714,0.7857142857142857,0.0004
382,1.1683354377746582,1.7719886302947998,0.5,0.9230769230769231,0.35714285714285715,0.7857142857142857,0.0004
383,1.4353496432304382,1.7027065753936768,0.4230769230769231,0.8846153846153846,0.2857142857142857,0.7857142857142857,0.0004
384,1.1695184707641602,1.3949012756347656,0.4423076923076923,0.9423076923076923,0.5,0.8571428571428571,0.0004
385,1.1543095707893372,1.707470417022705,0.5,0.9230769230769231,0.2857142857142857,0.7857142857142857,0.0004
386,1.2430442571640015,1.2927193641662598,0.4807692307692308,0.9038461538461539,0.42857142857142855,0.9285714285714286,0.0004
387,1.0778306126594543,1.7411400079727173,0.5384615384615384,0.9615384615384616,0.2857142857142857,0.8571428571428571,0.0004
388,1.0961509048938751,1.9746793508529663,0.4230769230769231,0.9230769230769231,0.42857142857142855,0.7142857142857143,0.0004
389,1.278704583644867,1.601307988166809,0.4423076923076923,0.9230769230769231,0.2857142857142857,0.8571428571428571,0.0004
390,1.1127154231071472,1.732146978378296,0.46153846153846156,0.9423076923076923,0.21428571428571427,0.8571428571428571,0.0004
391,1.1677258014678955,1.5861613750457764,0.5961538461538461,0.9423076923076923,0.35714285714285715,0.8571428571428571,0.0004
392,1.1707772612571716,1.3023579120635986,0.46153846153846156,0.9423076923076923,0.5,0.9285714285714286,0.0004
393,1.1267159581184387,1.6114901304244995,0.46153846153846156,0.9230769230769231,0.35714285714285715,0.8571428571428571,0.0004
394,1.1043643951416016,1.699637532234192,0.5192307692307693,0.9230769230769231,0.42857142857142855,0.7857142857142857,0.0004
395,1.0514829754829407,1.4529192447662354,0.4423076923076923,0.9615384615384616,0.2857142857142857,0.8571428571428571,0.0004
396,1.057235300540924,1.4804993867874146,0.4807692307692308,0.9807692307692307,0.5714285714285714,0.8571428571428571,0.0004
397,1.3518478870391846,1.4770458936691284,0.46153846153846156,0.8846153846153846,0.2857142857142857,0.8571428571428571,0.0004
398,1.2498181462287903,1.4168881177902222,0.4230769230769231,0.9038461538461539,0.35714285714285715,0.8571428571428571,0.0004
399,1.3478167057037354,1.7178082466125488,0.5,0.8461538461538461,0.35714285714285715,0.8571428571428571,0.0004
400,1.2653037309646606,1.7298753261566162,0.5,0.8846153846153846,0.35714285714285715,0.8571428571428571,0.0004
401,1.181945562362671,1.4979262351989746,0.4807692307692308,0.9038461538461539,0.35714285714285715,0.8571428571428571,0.0004
402,1.2401362657546997,1.388432502746582,0.4230769230769231,0.9038461538461539,0.42857142857142855,0.8571428571428571,0.0004
403,1.14921635389328,1.7402132749557495,0.4807692307692308,0.9230769230769231,0.35714285714285715,0.8571428571428571,0.0004
404,1.212237536907196,1.7915008068084717,0.40384615384615385,0.9423076923076923,0.2857142857142857,0.7857142857142857,0.0004
405,1.0899500250816345,1.665238380432129,0.5192307692307693,0.9423076923076923,0.35714285714285715,0.8571428571428571,0.0004
406,1.2168031930923462,2.109100103378296,0.40384615384615385,0.9038461538461539,0.2857142857142857,0.6428571428571429,0.0004
407,1.3637239336967468,2.370713949203491,0.4423076923076923,0.8461538461538461,0.14285714285714285,0.6428571428571429,0.0004
408,1.4137765169143677,2.4347589015960693,0.5,0.8269230769230769,0.35714285714285715,0.6428571428571429,0.0004
409,1.3991514444351196,2.343299150466919,0.5,0.8461538461538461,0.2857142857142857,0.5714285714285714,0.0004
410,1.185578465461731,2.313509702682495,0.38461538461538464,0.8269230769230769,0.42857142857142855,0.5714285714285714,0.0004
411,1.3852786421775818,1.3636630773544312,0.46153846153846156,0.7884615384615384,0.42857142857142855,0.8571428571428571,0.0004
412,1.30597323179245,1.599372148513794,0.40384615384615385,0.8846153846153846,0.35714285714285715,0.8571428571428571,0.0004
413,1.2423216700553894,1.4824440479278564,0.5384615384615384,0.9038461538461539,0.5,0.9285714285714286,0.0004
414,1.1673893928527832,1.7037937641143799,0.5384615384615384,0.9423076923076923,0.2857142857142857,0.8571428571428571,0.0004
415,1.2093326449394226,1.782871961593628,0.4423076923076923,0.9230769230769231,0.2857142857142857,0.8571428571428571,0.0004
416,1.2360029220581055,1.680814266204834,0.5576923076923077,0.8846153846153846,0.42857142857142855,0.8571428571428571,0.0004
417,1.3129456639289856,1.7173213958740234,0.46153846153846156,0.8269230769230769,0.2857142857142857,0.8571428571428571,0.0004
418,1.468500018119812,1.8914495706558228,0.36538461538461536,0.8269230769230769,0.35714285714285715,0.8571428571428571,0.0004
419,1.427902102470398,1.892669439315796,0.4807692307692308,0.8269230769230769,0.35714285714285715,0.8571428571428571,0.0004
420,1.2972840666770935,1.5410118103027344,0.5576923076923077,0.8269230769230769,0.5,0.8571428571428571,0.0004
421,1.3331108093261719,1.5803507566452026,0.4807692307692308,0.8461538461538461,0.2857142857142857,0.8571428571428571,0.0004
422,1.2909176349639893,1.7307292222976685,0.5961538461538461,0.8269230769230769,0.14285714285714285,0.8571428571428571,0.0004
423,1.3827373385429382,1.4042935371398926,0.46153846153846156,0.8653846153846154,0.35714285714285715,0.8571428571428571,0.0004
424,1.2934985160827637,1.3898731470108032,0.5192307692307693,0.8846153846153846,0.35714285714285715,0.8571428571428571,0.0004
425,1.311341941356659,1.4079703092575073,0.4423076923076923,0.8846153846153846,0.35714285714285715,0.7857142857142857,0.0004
426,1.2271428108215332,1.2168550491333008,0.46153846153846156,0.9230769230769231,0.6428571428571429,0.9285714285714286,0.0004
427,1.157692551612854,1.3969793319702148,0.5192307692307693,0.9615384615384616,0.42857142857142855,0.8571428571428571,0.0004
428,1.1675904989242554,1.7797129154205322,0.5,0.9423076923076923,0.07142857142857142,0.7857142857142857,0.0004
429,1.1823442578315735,1.294668436050415,0.5,0.9615384615384616,0.42857142857142855,0.8571428571428571,0.0004
430,1.1835627555847168,1.5364423990249634,0.4807692307692308,0.9615384615384616,0.35714285714285715,0.7857142857142857,0.0004
431,1.2044742107391357,1.5149815082550049,0.4230769230769231,0.9423076923076923,0.2857142857142857,0.8571428571428571,0.0004
432,1.121749758720398,1.5810117721557617,0.5384615384615384,0.9807692307692307,0.2857142857142857,0.8571428571428571,0.0004
433,1.1075891852378845,1.5206177234649658,0.5192307692307693,0.9423076923076923,0.5,0.8571428571428571,0.0004
434,1.2557141184806824,1.606316328048706,0.4423076923076923,0.9423076923076923,0.35714285714285715,0.8571428571428571,0.0004
435,1.092959463596344,1.586439609527588,0.6153846153846154,0.9615384615384616,0.35714285714285715,0.8571428571428571,0.0004
436,1.2222888469696045,1.5941691398620605,0.46153846153846156,0.9230769230769231,0.2857142857142857,0.8571428571428571,0.0004
437,1.156330645084381,1.9288808107376099,0.5,0.9807692307692307,0.21428571428571427,0.7857142857142857,0.0004
438,1.2206108570098877,1.8688068389892578,0.5384615384615384,0.9038461538461539,0.2857142857142857,0.7857142857142857,0.0004
439,1.2706433534622192,1.5681166648864746,0.4807692307692308,0.9038461538461539,0.2857142857142857,0.8571428571428571,0.0004
440,1.1643372774124146,1.801464319229126,0.5,0.9423076923076923,0.21428571428571427,0.7857142857142857,0.0004
441,1.2535667419433594,1.5824893712997437,0.5192307692307693,0.9230769230769231,0.42857142857142855,0.8571428571428571,0.0004
442,1.1402282118797302,2.155700922012329,0.5192307692307693,0.9423076923076923,0.2857142857142857,0.6428571428571429,0.0004
443,1.2838521003723145,1.3197345733642578,0.4807692307692308,0.8846153846153846,0.35714285714285715,0.9285714285714286,0.0004
444,1.2496610283851624,1.4213337898254395,0.5961538461538461,0.8846153846153846,0.2857142857142857,0.9285714285714286,0.0004
445,1.282685399055481,1.2575132846832275,0.4807692307692308,0.8846153846153846,0.5,0.9285714285714286,0.0004
446,1.2150275707244873,1.6925398111343384,0.5,0.9038461538461539,0.21428571428571427,0.7857142857142857,0.0004
447,1.1455508470535278,1.9287583827972412,0.5769230769230769,0.9423076923076923,0.2857142857142857,0.7857142857142857,0.0004
448,1.0249427556991577,1.6911203861236572,0.5192307692307693,1.0,0.42857142857142855,0.7857142857142857,0.0004
449,1.1061235666275024,1.7452151775360107,0.5576923076923077,0.9423076923076923,0.42857142857142855,0.8571428571428571,0.0004
450,1.2644075155258179,1.5112266540527344,0.4807692307692308,0.9230769230769231,0.42857142857142855,0.8571428571428571,0.0004
451,1.1112000942230225,1.6471328735351562,0.5384615384615384,0.9807692307692307,0.2857142857142857,0.8571428571428571,0.0004
452,1.1133121848106384,1.4629905223846436,0.4423076923076923,0.9423076923076923,0.5714285714285714,0.8571428571428571,0.0004
453,1.2161195278167725,1.7740398645401,0.4230769230769231,0.9230769230769231,0.35714285714285715,0.7857142857142857,0.0004
454,1.167626976966858,1.7231184244155884,0.6153846153846154,0.8653846153846154,0.2857142857142857,0.8571428571428571,0.0004
455,1.1767714023590088,1.3712635040283203,0.5,0.9230769230769231,0.5,0.9285714285714286,0.0004
456,1.13620263338089,1.6663755178451538,0.46153846153846156,0.9615384615384616,0.5,0.8571428571428571,0.0004
457,1.2408674955368042,1.6573916673660278,0.4230769230769231,0.9230769230769231,0.35714285714285715,0.8571428571428571,0.0004
458,1.1118700206279755,1.4412919282913208,0.5,0.9423076923076923,0.35714285714285715,0.8571428571428571,0.0004
459,1.2553730607032776,1.476944923400879,0.46153846153846156,0.9230769230769231,0.35714285714285715,0.8571428571428571,0.0004
460,1.2612990140914917,1.7386095523834229,0.5,0.9038461538461539,0.35714285714285715,0.7857142857142857,0.0004
461,1.3310455977916718,1.6213432550430298,0.4230769230769231,0.9230769230769231,0.5,0.7857142857142857,0.0004
462,1.0237874388694763,1.619570016860962,0.5961538461538461,0.9615384615384616,0.35714285714285715,0.8571428571428571,0.0004
463,1.2392376065254211,1.612138271331787,0.4230769230769231,0.9038461538461539,0.2857142857142857,0.8571428571428571,0.0004
464,1.2790310978889465,1.898000717163086,0.4807692307692308,0.9038461538461539,0.5,0.7142857142857143,0.0004
465,1.3652610182762146,1.1693806648254395,0.40384615384615385,0.8846153846153846,0.5714285714285714,0.9285714285714286,0.0004
466,1.3373628854751587,1.2149021625518799,0.36538461538461536,0.8846153846153846,0.42857142857142855,0.9285714285714286,0.0004
467,1.1397452354431152,1.481763243675232,0.4230769230769231,0.8653846153846154,0.35714285714285715,0.8571428571428571,0.0004
468,1.1636335849761963,1.4958972930908203,0.5769230769230769,0.9423076923076923,0.42857142857142855,0.8571428571428571,0.0004
469,1.2449843287467957,1.6051480770111084,0.4423076923076923,0.9230769230769231,0.21428571428571427,0.8571428571428571,0.0004
470,1.2032453417778015,1.4058482646942139,0.4423076923076923,0.9038461538461539,0.5,0.8571428571428571,0.0004
471,1.0856850743293762,1.5370792150497437,0.5192307692307693,0.9423076923076923,0.42857142857142855,0.8571428571428571,0.0004
472,1.1948687434196472,1.8098517656326294,0.46153846153846156,0.9423076923076923,0.42857142857142855,0.7857142857142857,0.0004
473,1.1145769357681274,1.67159903049469,0.5192307692307693,0.9615384615384616,0.42857142857142855,0.7857142857142857,0.0004
474,1.1998814344406128,1.7510358095169067,0.5384615384615384,0.9615384615384616,0.5,0.7857142857142857,0.0004
475,1.3621627688407898,1.923033356666565,0.4230769230769231,0.9038461538461539,0.35714285714285715,0.7857142857142857,0.0004
476,0.9982126355171204,1.731450080871582,0.5769230769230769,1.0,0.2857142857142857,0.8571428571428571,0.0004
477,1.2312385439872742,1.1942338943481445,0.5,0.9038461538461539,0.42857142857142855,0.8571428571428571,0.0004
478,1.0204098522663116,1.349528193473816,0.5384615384615384,0.9807692307692307,0.5714285714285714,0.9285714285714286,0.0004
479,1.2579832673072815,1.8048560619354248,0.5,0.9230769230769231,0.5,0.8571428571428571,0.0004
480,1.1969427466392517,1.5827664136886597,0.5192307692307693,0.9038461538461539,0.35714285714285715,0.8571428571428571,0.0004
481,1.1536476612091064,1.562825322151184,0.5192307692307693,0.9230769230769231,0.2857142857142857,0.8571428571428571,0.0004
482,1.117868959903717,1.573970079421997,0.5769230769230769,0.9423076923076923,0.2857142857142857,0.8571428571428571,0.0004
483,1.204464852809906,1.739480972290039,0.46153846153846156,0.9038461538461539,0.42857142857142855,0.7857142857142857,0.0004
484,1.0966789722442627,1.1947319507598877,0.6153846153846154,0.9423076923076923,0.5,0.9285714285714286,0.0004
485,1.1712561249732971,1.7405823469161987,0.4423076923076923,0.9615384615384616,0.42857142857142855,0.8571428571428571,0.0004
486,1.1847320199012756,1.7259849309921265,0.46153846153846156,0.9230769230769231,0.2857142857142857,0.8571428571428571,0.0004
487,1.1474277973175049,1.3409600257873535,0.4807692307692308,0.9423076923076923,0.7142857142857143,0.8571428571428571,0.0004
488,1.1797170639038086,1.6429557800292969,0.6153846153846154,0.9423076923076923,0.42857142857142855,0.8571428571428571,0.0004
489,1.2545209527015686,2.0209593772888184,0.5961538461538461,0.8846153846153846,0.2857142857142857,0.7857142857142857,0.0004
490,1.0865029990673065,1.8918061256408691,0.5192307692307693,0.9807692307692307,0.35714285714285715,0.7142857142857143,0.0004
491,1.249698281288147,1.2608516216278076,0.4807692307692308,0.9230769230769231,0.42857142857142855,0.9285714285714286,0.0004
492,1.0693908035755157,1.3696753978729248,0.5576923076923077,0.9615384615384616,0.35714285714285715,0.9285714285714286,0.0004
493,1.0492838025093079,1.457275629043579,0.5192307692307693,0.9807692307692307,0.42857142857142855,0.9285714285714286,0.0004
494,1.0590503811836243,1.8729782104492188,0.5769230769230769,0.9615384615384616,0.35714285714285715,0.7857142857142857,0.0004
495,1.160902202129364,1.911210298538208,0.4807692307692308,0.9615384615384616,0.21428571428571427,0.8571428571428571,0.0004
496,1.0874176919460297,1.2728276252746582,0.5769230769230769,0.9230769230769231,0.35714285714285715,0.9285714285714286,0.0004
497,1.1267004609107971,1.6301090717315674,0.5769230769230769,0.9423076923076923,0.5,0.8571428571428571,0.0004
498,1.025299310684204,1.2900387048721313,0.6538461538461539,0.9615384615384616,0.42857142857142855,0.9285714285714286,0.0004
499,0.9505172073841095,1.3467936515808105,0.5769230769230769,1.0,0.35714285714285715,0.8571428571428571,0.0004
500,1.0471942126750946,1.6875501871109009,0.5961538461538461,0.9615384615384616,0.35714285714285715,0.7857142857142857,0.0004
501,1.2363225221633911,1.754737377166748,0.5,0.9230769230769231,0.35714285714285715,0.8571428571428571,0.0004
502,1.2726013660430908,1.310165286064148,0.4423076923076923,0.9230769230769231,0.35714285714285715,0.9285714285714286,0.0004
503,0.9779370427131653,1.6058980226516724,0.5769230769230769,0.9807692307692307,0.2857142857142857,0.8571428571428571,0.0004
504,1.2525758147239685,1.3553017377853394,0.5,0.9230769230769231,0.35714285714285715,0.8571428571428571,0.0004
505,1.0435387194156647,1.5952093601226807,0.5384615384615384,0.9807692307692307,0.42857142857142855,0.8571428571428571,0.0004
506,1.1653947234153748,1.4716347455978394,0.5384615384615384,0.9230769230769231,0.35714285714285715,0.9285714285714286,0.0004
507,1.0542733073234558,1.7265679836273193,0.5384615384615384,0.9615384615384616,0.2857142857142857,0.8571428571428571,0.0004
508,1.1980798840522766,1.8321232795715332,0.4807692307692308,0.9038461538461539,0.2857142857142857,0.7857142857142857,0.0004
509,1.1061166524887085,1.6179860830307007,0.4807692307692308,0.9615384615384616,0.21428571428571427,0.8571428571428571,0.0004
510,1.1008520722389221,1.5137319564819336,0.5,0.9615384615384616,0.21428571428571427,0.8571428571428571,0.0004
511,1.0796652138233185,1.0624067783355713,0.5961538461538461,0.9423076923076923,0.5,1.0,0.0004
512,1.0634887218475342,1.3429255485534668,0.4423076923076923,0.9615384615384616,0.35714285714285715,0.9285714285714286,0.0004
513,1.0332281589508057,1.078472375869751,0.5384615384615384,0.9807692307692307,0.5,0.9285714285714286,0.0004
514,1.2153369784355164,1.3404165506362915,0.5384615384615384,0.9038461538461539,0.5,0.9285714285714286,0.0004
515,1.0954979062080383,1.60281240940094,0.5961538461538461,0.9615384615384616,0.42857142857142855,0.8571428571428571,0.0004
516,1.1524147391319275,1.6348347663879395,0.5384615384615384,0.9038461538461539,0.42857142857142855,0.8571428571428571,0.0004
517,1.290582001209259,1.8524751663208008,0.5192307692307693,0.9038461538461539,0.35714285714285715,0.7857142857142857,0.0004
518,1.2886773943901062,1.7832988500595093,0.5,0.9038461538461539,0.2857142857142857,0.8571428571428571,0.0004
519,1.0910025537014008,1.5459580421447754,0.5769230769230769,0.9615384615384616,0.35714285714285715,0.8571428571428571,0.0004
520,1.1602253317832947,1.4867302179336548,0.4807692307692308,0.9230769230769231,0.5,0.8571428571428571,0.0004
521,1.110863983631134,1.3034939765930176,0.6730769230769231,0.9038461538461539,0.42857142857142855,0.8571428571428571,0.0004
522,1.1409950852394104,1.6596641540527344,0.5192307692307693,0.9230769230769231,0.5,0.8571428571428571,0.0004
523,1.1648885607719421,1.7407320737838745,0.5,0.9423076923076923,0.35714285714285715,0.7857142857142857,0.0004
524,1.2352405190467834,1.6516274213790894,0.5961538461538461,0.9038461538461539,0.21428571428571427,0.8571428571428571,0.0004
525,1.0930121541023254,1.3479055166244507,0.5769230769230769,0.9423076923076923,0.35714285714285715,0.9285714285714286,0.0004
526,0.9639397263526917,1.2890065908432007,0.5961538461538461,0.9615384615384616,0.5714285714285714,0.8571428571428571,0.0004
527,1.043966829776764,1.6448003053665161,0.5192307692307693,0.9807692307692307,0.21428571428571427,0.8571428571428571,0.0004
528,1.0887560844421387,1.7804349660873413,0.5961538461538461,0.9615384615384616,0.42857142857142855,0.7857142857142857,0.0004
529,1.048834204673767,1.9692474603652954,0.5384615384615384,0.9615384615384616,0.2857142857142857,0.7142857142857143,0.0004
530,1.3248435258865356,1.5241801738739014,0.46153846153846156,0.8846153846153846,0.35714285714285715,0.8571428571428571,0.0004
531,1.2599337697029114,1.4540363550186157,0.5,0.8846153846153846,0.2857142857142857,0.7857142857142857,0.0004
532,1.1647107005119324,1.5454025268554688,0.5769230769230769,0.9038461538461539,0.35714285714285715,0.8571428571428571,0.0004
533,1.1969007849693298,1.4386593103408813,0.5576923076923077,0.9230769230769231,0.35714285714285715,0.8571428571428571,0.0004
534,1.1345903873443604,1.616912841796875,0.5,0.9615384615384616,0.35714285714285715,0.8571428571428571,0.0004
535,1.1421292424201965,1.5371904373168945,0.5192307692307693,0.9230769230769231,0.42857142857142855,0.8571428571428571,0.0004
536,1.0180522501468658,1.4416663646697998,0.5576923076923077,0.9615384615384616,0.5,0.9285714285714286,0.0004
537,0.9691411256790161,1.3190462589263916,0.5384615384615384,1.0,0.5714285714285714,0.9285714285714286,0.0004
538,1.0449917912483215,1.581432580947876,0.5961538461538461,0.9423076923076923,0.5,0.8571428571428571,0.0004
539,1.217539668083191,2.144477605819702,0.4807692307692308,0.9230769230769231,0.35714285714285715,0.7857142857142857,0.0004
540,1.129185140132904,1.3984971046447754,0.5192307692307693,0.9230769230769231,0.5,0.9285714285714286,0.0004
541,0.9799385666847229,1.913304090499878,0.5961538461538461,1.0,0.42857142857142855,0.7857142857142857,0.0004
542,1.2370066940784454,2.0154690742492676,0.5769230769230769,0.9230769230769231,0.35714285714285715,0.8571428571428571,0.0004
543,1.2310011386871338,2.1529042720794678,0.5576923076923077,0.9038461538461539,0.35714285714285715,0.7857142857142857,0.0004
544,1.124754548072815,1.6410412788391113,0.5769230769230769,0.9615384615384616,0.2857142857142857,0.8571428571428571,0.0004
545,1.2679618000984192,1.7739546298980713,0.4807692307692308,0.9038461538461539,0.35714285714285715,0.8571428571428571,0.0004
546,1.2175208926200867,1.3649781942367554,0.5192307692307693,0.9423076923076923,0.42857142857142855,0.9285714285714286,0.0004
547,0.9923888742923737,1.493495225906372,0.6538461538461539,0.9615384615384616,0.42857142857142855,0.8571428571428571,0.0004
548,1.1599658131599426,1.3742856979370117,0.5769230769230769,0.9615384615384616,0.35714285714285715,0.9285714285714286,0.0004
549,0.8959001004695892,1.8886297941207886,0.5769230769230769,1.0,0.14285714285714285,0.8571428571428571,0.0004
550,1.0855462551116943,1.4733872413635254,0.5384615384615384,0.9615384615384616,0.2857142857142857,0.9285714285714286,0.0004
551,1.116450309753418,1.4921565055847168,0.5384615384615384,0.9423076923076923,0.35714285714285715,0.8571428571428571,0.0004
552,1.2600263357162476,1.7283523082733154,0.5576923076923077,0.9038461538461539,0.42857142857142855,0.7857142857142857,0.0004
553,0.9777032732963562,1.710848093032837,0.6538461538461539,0.9807692307692307,0.5,0.7857142857142857,0.0004
554,1.130192130804062,1.6269302368164062,0.5961538461538461,0.9038461538461539,0.42857142857142855,0.8571428571428571,0.0004
555,1.1214261651039124,1.6320632696151733,0.5769230769230769,0.9615384615384616,0.35714285714285715,0.9285714285714286,0.0004
556,1.1669715642929077,1.6389682292938232,0.5576923076923077,0.9423076923076923,0.5,0.8571428571428571,0.0004
557,1.119990050792694,2.0964646339416504,0.5384615384615384,0.9423076923076923,0.14285714285714285,0.7142857142857143,0.0004
558,1.081646978855133,2.180126905441284,0.5384615384615384,0.9230769230769231,0.2857142857142857,0.7142857142857143,0.0004
559,1.3027600049972534,1.3538055419921875,0.4807692307692308,0.8846153846153846,0.5714285714285714,0.8571428571428571,0.0004
560,0.9750640094280243,1.692566156387329,0.6346153846153846,0.9807692307692307,0.42857142857142855,0.7857142857142857,0.0004
561,1.2732765078544617,1.8949124813079834,0.5384615384615384,0.9038461538461539,0.35714285714285715,0.7857142857142857,0.0004
562,0.9833705425262451,1.7665739059448242,0.6153846153846154,0.9423076923076923,0.42857142857142855,0.8571428571428571,0.0004
563,1.1638513207435608,1.6492782831192017,0.5576923076923077,0.9423076923076923,0.35714285714285715,0.8571428571428571,0.0004
564,1.2039819359779358,1.5363584756851196,0.5384615384615384,0.9038461538461539,0.5,0.8571428571428571,0.0004
565,1.1268489360809326,1.4003456830978394,0.6346153846153846,0.9423076923076923,0.2857142857142857,0.8571428571428571,0.0004
566,1.1345936059951782,1.6404132843017578,0.5,0.9038461538461539,0.35714285714285715,0.7857142857142857,0.0004
567,1.069581925868988,1.4574569463729858,0.6346153846153846,0.9230769230769231,0.2857142857142857,0.8571428571428571,0.0004
568,1.063355714082718,1.675367832183838,0.5961538461538461,0.9615384615384616,0.42857142857142855,0.7857142857142857,0.0004
569,1.0356738567352295,1.4785654544830322,0.5961538461538461,1.0,0.42857142857142855,0.8571428571428571,0.0004
570,1.0978796184062958,1.7983882427215576,0.5384615384615384,0.9423076923076923,0.35714285714285715,0.7857142857142857,0.0004
571,1.0788514912128448,1.287029504776001,0.5769230769230769,0.8846153846153846,0.42857142857142855,0.8571428571428571,0.0004
572,1.1553012132644653,1.5003435611724854,0.5576923076923077,0.9230769230769231,0.35714285714285715,0.8571428571428571,0.0004
573,1.0502219498157501,1.1240723133087158,0.5961538461538461,0.9615384615384616,0.35714285714285715,0.9285714285714286,0.0004
574,1.0314071774482727,1.7454100847244263,0.6538461538461539,0.9423076923076923,0.5714285714285714,0.7857142857142857,0.0004
575,1.310905635356903,1.6252132654190063,0.46153846153846156,0.8653846153846154,0.2857142857142857,0.8571428571428571,0.0004
576,1.008697658777237,2.013242483139038,0.5769230769230769,0.9423076923076923,0.21428571428571427,0.7142857142857143,0.0004
577,0.9738031625747681,1.495348572731018,0.5961538461538461,0.9807692307692307,0.6428571428571429,0.7857142857142857,0.0004
578,0.9555247724056244,1.4570953845977783,0.5769230769230769,0.9423076923076923,0.2857142857142857,0.8571428571428571,0.0004
579,1.0431228578090668,1.8272268772125244,0.5384615384615384,0.9615384615384616,0.2857142857142857,0.8571428571428571,0.0004
580,1.0971659421920776,1.9005508422851562,0.6153846153846154,0.9230769230769231,0.21428571428571427,0.7142857142857143,0.0004
581,1.1910004615783691,1.558964490890503,0.5,0.9230769230769231,0.5,0.7857142857142857,0.0004
582,1.0395365059375763,1.140403151512146,0.5384615384615384,0.9615384615384616,0.42857142857142855,0.9285714285714286,0.0004
583,1.2217003107070923,1.3685109615325928,0.46153846153846156,0.9038461538461539,0.5714285714285714,0.7857142857142857,0.0004
584,1.0031796395778656,1.4417564868927002,0.6153846153846154,0.9423076923076923,0.42857142857142855,0.8571428571428571,0.0004
585,1.0559706687927246,0.9940793514251709,0.5576923076923077,0.9615384615384616,0.5714285714285714,1.0,0.0004
586,1.106968641281128,1.0020616054534912,0.5384615384615384,0.9615384615384616,0.5,0.9285714285714286,0.0004
587,1.0354440808296204,1.68229341506958,0.5961538461538461,0.9423076923076923,0.21428571428571427,0.8571428571428571,0.0004
588,1.1491809487342834,1.2720658779144287,0.5769230769230769,0.9038461538461539,0.42857142857142855,0.9285714285714286,0.0004
589,1.1054443717002869,1.3791694641113281,0.6538461538461539,0.9423076923076923,0.35714285714285715,0.8571428571428571,0.0004
590,1.150229811668396,1.4159231185913086,0.5192307692307693,0.9038461538461539,0.42857142857142855,0.8571428571428571,0.0004
591,1.0543929040431976,1.4533864259719849,0.5769230769230769,0.9615384615384616,0.42857142857142855,0.8571428571428571,0.0004
592,1.174425184726715,1.7283236980438232,0.5384615384615384,0.9230769230769231,0.5714285714285714,0.7857142857142857,0.0004
593,0.9602153301239014,1.5671690702438354,0.5384615384615384,0.9807692307692307,0.5,0.8571428571428571,0.0004
594,1.0804835557937622,1.324187994003296,0.6153846153846154,0.9230769230769231,0.5,0.9285714285714286,0.0004
595,1.0565564036369324,1.7368196249008179,0.6346153846153846,0.9615384615384616,0.2857142857142857,0.7857142857142857,0.0004
596,1.0274397730827332,1.6983577013015747,0.5961538461538461,0.9423076923076923,0.42857142857142855,0.7857142857142857,0.0004
597,1.230580985546112,1.343111515045166,0.5384615384615384,0.9423076923076923,0.2857142857142857,0.9285714285714286,0.0004
598,0.885036438703537,0.9232046604156494,0.5961538461538461,1.0,0.5,1.0,0.0004
599,0.989846259355545,1.8051412105560303,0.5961538461538461,0.9423076923076923,0.35714285714285715,0.8571428571428571,0.0004
600,0.8785340487957001,2.019017219543457,0.5576923076923077,1.0,0.2857142857142857,0.7857142857142857,0.0004
601,0.926353245973587,1.6569795608520508,0.6730769230769231,0.9615384615384616,0.42857142857142855,0.8571428571428571,0.0004
602,1.0589174628257751,1.8052951097488403,0.5961538461538461,0.9230769230769231,0.21428571428571427,0.8571428571428571,0.0004
603,1.0415338575839996,1.5117648839950562,0.5769230769230769,0.9423076923076923,0.5,0.7857142857142857,0.0004
604,0.9203484058380127,1.8999221324920654,0.6346153846153846,0.9807692307692307,0.42857142857142855,0.7857142857142857,0.0004
605,0.8845120370388031,0.9654831290245056,0.6538461538461539,1.0,0.5714285714285714,1.0,0.0004
606,0.9535803198814392,1.3147401809692383,0.5576923076923077,0.9615384615384616,0.5,0.9285714285714286,0.0004
607,1.0105749368667603,1.407294750213623,0.4423076923076923,0.9807692307692307,0.42857142857142855,0.9285714285714286,0.0004
608,0.942111611366272,1.6993632316589355,0.6346153846153846,0.9807692307692307,0.5,0.7857142857142857,0.0004
609,1.1854180693626404,1.000920057296753,0.6153846153846154,0.9423076923076923,0.5714285714285714,1.0,0.0004
610,1.102051317691803,1.6674773693084717,0.6923076923076923,0.9230769230769231,0.42857142857142855,0.8571428571428571,0.0004
611,1.0489668548107147,1.6232311725616455,0.5961538461538461,0.9615384615384616,0.5,0.7857142857142857,0.0004
612,0.9877141416072845,1.8028366565704346,0.5961538461538461,0.9807692307692307,0.5,0.7857142857142857,0.0004
613,1.2290539145469666,1.164760947227478,0.5192307692307693,0.9038461538461539,0.5,0.9285714285714286,0.0004
614,0.9793881773948669,1.7400749921798706,0.5769230769230769,0.9807692307692307,0.35714285714285715,0.8571428571428571,0.0004
615,1.0699834823608398,1.5750102996826172,0.5961538461538461,0.9423076923076923,0.35714285714285715,0.8571428571428571,0.0004
616,1.0126192271709442,1.1467550992965698,0.6153846153846154,0.9615384615384616,0.5714285714285714,0.9285714285714286,0.0004
617,1.1355488896369934,1.421654462814331,0.5961538461538461,0.9423076923076923,0.5,0.8571428571428571,0.0004
618,1.0220613181591034,1.2941148281097412,0.5769230769230769,0.9615384615384616,0.42857142857142855,0.9285714285714286,0.0004
619,1.002577781677246,1.85188889503479,0.6153846153846154,0.9423076923076923,0.42857142857142855,0.7857142857142857,0.0004
620,0.9897702038288116,1.036721110343933,0.6730769230769231,0.9423076923076923,0.5,0.9285714285714286,0.0004
621,1.1289098858833313,1.2358940839767456,0.5576923076923077,0.9038461538461539,0.5714285714285714,0.9285714285714286,0.0004
622,1.026935875415802,1.646323561668396,0.5961538461538461,0.9423076923076923,0.5,0.7857142857142857,0.0004
623,0.9666857123374939,1.3698642253875732,0.6346153846153846,0.9423076923076923,0.5,0.8571428571428571,0.0004
624,1.136103093624115,1.2927768230438232,0.5769230769230769,0.9038461538461539,0.35714285714285715,0.9285714285714286,0.0004
625,1.2622819542884827,1.4542479515075684,0.5769230769230769,0.8846153846153846,0.5,0.8571428571428571,0.0004
626,1.0668165981769562,1.6516432762145996,0.5576923076923077,0.9230769230769231,0.42857142857142855,0.8571428571428571,0.0004
627,1.2337013483047485,1.3638262748718262,0.5192307692307693,0.8846153846153846,0.5714285714285714,0.8571428571428571,0.0004
628,1.2280002236366272,1.6964237689971924,0.5384615384615384,0.9038461538461539,0.2857142857142857,0.8571428571428571,0.0004
629,1.109261155128479,1.2354865074157715,0.5384615384615384,0.9038461538461539,0.5714285714285714,0.8571428571428571,0.0004
630,1.1590253710746765,1.6500365734100342,0.5576923076923077,0.9038461538461539,0.35714285714285715,0.8571428571428571,0.0004
631,0.8760170936584473,1.6965078115463257,0.6923076923076923,0.9615384615384616,0.35714285714285715,0.8571428571428571,0.0004
632,0.9375961422920227,1.5484977960586548,0.6153846153846154,0.9807692307692307,0.42857142857142855,0.7857142857142857,0.0004
633,1.1843979954719543,1.597990870475769,0.5769230769230769,0.9230769230769231,0.35714285714285715,0.8571428571428571,0.0004
634,1.0002833306789398,1.1732804775238037,0.5961538461538461,0.9230769230769231,0.5,0.9285714285714286,0.0004
635,1.3137322068214417,1.4713032245635986,0.4230769230769231,0.9038461538461539,0.5,0.8571428571428571,0.0004
636,1.104151427745819,1.8256887197494507,0.5,0.9230769230769231,0.42857142857142855,0.8571428571428571,0.0004
637,0.914815366268158,1.3654930591583252,0.6923076923076923,0.9615384615384616,0.5,0.9285714285714286,0.0004
638,0.9841432571411133,1.500363826751709,0.6153846153846154,0.9423076923076923,0.5,0.8571428571428571,0.0004
639,1.1928168535232544,1.7312278747558594,0.5576923076923077,0.9038461538461539,0.21428571428571427,0.8571428571428571,0.0004
640,1.2747874855995178,2.148484468460083,0.5384615384615384,0.9038461538461539,0.2857142857142857,0.7857142857142857,0.0004
641,1.0793993473052979,1.367207407951355,0.5384615384615384,0.9423076923076923,0.5714285714285714,0.8571428571428571,0.0004
642,1.1883091926574707,1.6467921733856201,0.5769230769230769,0.9038461538461539,0.35714285714285715,0.8571428571428571,0.0004
643,0.993967741727829,1.3916569948196411,0.6538461538461539,0.9423076923076923,0.35714285714285715,0.8571428571428571,0.0004
644,0.9403677582740784,1.5034724473953247,0.6538461538461539,1.0,0.42857142857142855,0.8571428571428571,0.0004
645,1.0599603056907654,1.819244623184204,0.5961538461538461,0.9615384615384616,0.5714285714285714,0.7857142857142857,0.0004
646,1.0324507057666779,1.5357316732406616,0.6346153846153846,0.9615384615384616,0.42857142857142855,0.7857142857142857,0.0004
647,1.0142792463302612,2.2079362869262695,0.6730769230769231,0.9615384615384616,0.2857142857142857,0.6428571428571429,0.0004
648,1.2541605830192566,1.383476972579956,0.5384615384615384,0.8846153846153846,0.42857142857142855,0.8571428571428571,0.0004
649,0.9552340805530548,1.4146063327789307,0.6153846153846154,0.9423076923076923,0.5,0.9285714285714286,0.0004
650,1.0131366848945618,1.41844642162323,0.6346153846153846,0.9615384615384616,0.42857142857142855,0.9285714285714286,0.0004
651,1.181718111038208,1.312565565109253,0.6153846153846154,0.9615384615384616,0.42857142857142855,0.9285714285714286,0.0004
652,1.0946680903434753,1.3592514991760254,0.6538461538461539,0.9423076923076923,0.42857142857142855,0.9285714285714286,0.0004
653,0.9145311713218689,1.9081003665924072,0.6730769230769231,1.0,0.2857142857142857,0.8571428571428571,0.0004
654,1.0268375277519226,1.5793875455856323,0.6346153846153846,0.9423076923076923,0.5,0.8571428571428571,0.0004
655,1.1245235800743103,2.056788921356201,0.6153846153846154,0.9423076923076923,0.42857142857142855,0.7857142857142857,0.0004
656,0.9509178102016449,2.273810863494873,0.6730769230769231,0.9615384615384616,0.42857142857142855,0.7857142857142857,0.0004
657,1.1965606808662415,2.1963329315185547,0.5961538461538461,0.9230769230769231,0.5,0.7857142857142857,0.0004
658,0.9114826917648315,1.3659197092056274,0.6538461538461539,0.9807692307692307,0.5,0.9285714285714286,0.0004
659,0.8919894695281982,1.7830636501312256,0.7115384615384616,1.0,0.42857142857142855,0.8571428571428571,0.0004
660,0.9881880283355713,1.3095159530639648,0.5961538461538461,0.9807692307692307,0.5,0.8571428571428571,0.0004
661,0.9922215938568115,1.8899083137512207,0.6538461538461539,0.9423076923076923,0.5,0.7857142857142857,0.0004
662,1.1439985036849976,1.4481735229492188,0.5576923076923077,0.9230769230769231,0.5,0.8571428571428571,0.0004
663,1.1249441802501678,1.313303828239441,0.6538461538461539,0.9423076923076923,0.5,0.9285714285714286,0.0004
664,1.1717876195907593,1.860978126525879,0.5384615384615384,0.9230769230769231,0.35714285714285715,0.8571428571428571,0.0004
665,1.0223245322704315,1.2634408473968506,0.6346153846153846,0.9423076923076923,0.35714285714285715,0.8571428571428571,0.0004
666,1.0768544673919678,1.4122955799102783,0.6153846153846154,0.9423076923076923,0.35714285714285715,0.8571428571428571,0.0004
667,1.0289148092269897,1.6795740127563477,0.6346153846153846,0.9230769230769231,0.35714285714285715,0.7857142857142857,0.0004
668,1.0890401303768158,1.2803550958633423,0.5192307692307693,0.9423076923076923,0.42857142857142855,0.8571428571428571,0.0004
669,1.3428604900836945,1.943172812461853,0.5192307692307693,0.9038461538461539,0.2857142857142857,0.7857142857142857,0.0004
670,0.9283487200737,1.8074913024902344,0.6346153846153846,0.9807692307692307,0.42857142857142855,0.8571428571428571,0.0004
671,1.2329350709915161,1.6536295413970947,0.5961538461538461,0.9038461538461539,0.5,0.7857142857142857,0.0004
672,1.176033854484558,1.809434413909912,0.5192307692307693,0.9038461538461539,0.5,0.8571428571428571,0.0004
673,0.9404781460762024,1.6774697303771973,0.6538461538461539,0.9807692307692307,0.35714285714285715,0.8571428571428571,0.0004
674,0.8211995959281921,1.7014960050582886,0.7115384615384616,1.0,0.35714285714285715,0.8571428571428571,0.0004
675,1.01509889960289,1.2405750751495361,0.6730769230769231,0.9423076923076923,0.42857142857142855,0.8571428571428571,0.0004
676,0.9304317533969879,1.4477431774139404,0.6538461538461539,1.0,0.42857142857142855,0.8571428571428571,0.0004
677,0.9102639555931091,1.9425439834594727,0.6730769230769231,0.9423076923076923,0.2857142857142857,0.8571428571428571,0.0004
678,0.9555841982364655,1.9700015783309937,0.6538461538461539,0.9807692307692307,0.42857142857142855,0.7857142857142857,0.0004
679,0.9575395286083221,2.212493896484375,0.6538461538461539,0.9423076923076923,0.35714285714285715,0.7142857142857143,0.0004
680,1.097012609243393,1.284728765487671,0.5961538461538461,0.9230769230769231,0.5714285714285714,0.9285714285714286,0.0004
681,1.1061800718307495,1.737956166267395,0.6346153846153846,0.9038461538461539,0.42857142857142855,0.8571428571428571,0.0004
682,1.1421846747398376,2.3968863487243652,0.6538461538461539,0.9038461538461539,0.35714285714285715,0.6428571428571429,0.0004
683,0.9922553896903992,1.4894737005233765,0.5961538461538461,0.9807692307692307,0.42857142857142855,0.8571428571428571,0.0004
684,1.0468010604381561,1.7787913084030151,0.6538461538461539,0.9615384615384616,0.35714285714285715,0.8571428571428571,0.0004
685,1.0659804344177246,1.5472447872161865,0.5769230769230769,0.9423076923076923,0.5714285714285714,0.8571428571428571,0.0004
686,1.1946696639060974,1.7476463317871094,0.5769230769230769,0.9038461538461539,0.42857142857142855,0.8571428571428571,0.0004
687,1.3710028529167175,1.7104475498199463,0.5192307692307693,0.9038461538461539,0.5,0.8571428571428571,0.0004
688,1.3785251379013062,1.5909887552261353,0.5384615384615384,0.8269230769230769,0.35714285714285715,0.8571428571428571,0.0004
689,1.3808610439300537,1.88219153881073,0.5384615384615384,0.8461538461538461,0.5,0.7857142857142857,0.0004
690,1.3851858377456665,1.6950953006744385,0.4423076923076923,0.8269230769230769,0.42857142857142855,0.8571428571428571,0.0004
691,1.3446592092514038,1.5239804983139038,0.5192307692307693,0.8269230769230769,0.5,0.8571428571428571,0.0004
692,1.2889147400856018,1.5430344343185425,0.5,0.8461538461538461,0.42857142857142855,0.8571428571428571,0.0004
693,1.2588878273963928,1.5080498456954956,0.5384615384615384,0.8653846153846154,0.5,0.8571428571428571,0.0004
694,1.2112871408462524,1.2624828815460205,0.5192307692307693,0.8653846153846154,0.5714285714285714,0.8571428571428571,0.0004
695,1.140099823474884,1.515671968460083,0.6923076923076923,0.8846153846153846,0.35714285714285715,0.8571428571428571,0.0004
696,1.1274571418762207,1.5174956321716309,0.6538461538461539,0.9615384615384616,0.35714285714285715,0.8571428571428571,0.0004
697,1.1596360802650452,1.6364400386810303,0.6346153846153846,0.9230769230769231,0.2857142857142857,0.7857142857142857,0.0004
698,1.1269569396972656,1.3791083097457886,0.7307692307692307,0.9615384615384616,0.42857142857142855,0.8571428571428571,0.0004
699,1.2272990345954895,1.4358760118484497,0.46153846153846156,0.9423076923076923,0.2857142857142857,0.8571428571428571,0.0004
700,1.1157066822052002,1.2538198232650757,0.6153846153846154,0.9230769230769231,0.5714285714285714,0.8571428571428571,0.0004
701,1.156191200017929,1.4181807041168213,0.5961538461538461,0.9230769230769231,0.5,0.8571428571428571,0.0004
702,0.9728336334228516,1.4825513362884521,0.6538461538461539,0.9615384615384616,0.5,0.9285714285714286,0.0004
703,1.0820819735527039,1.7944053411483765,0.6538461538461539,0.9423076923076923,0.35714285714285715,0.7857142857142857,0.0004
704,1.069570779800415,1.3434512615203857,0.6153846153846154,0.9615384615384616,0.5714285714285714,0.8571428571428571,0.0004
705,1.0230126976966858,1.8232017755508423,0.6153846153846154,0.9807692307692307,0.35714285714285715,0.7857142857142857,0.0004
706,1.1333862245082855,1.7845337390899658,0.5769230769230769,0.9423076923076923,0.35714285714285715,0.7857142857142857,0.0004
707,1.0494580566883087,1.7999862432479858,0.6153846153846154,0.9615384615384616,0.2857142857142857,0.8571428571428571,0.0004
708,1.1563910245895386,1.3622586727142334,0.5576923076923077,0.9615384615384616,0.5,0.8571428571428571,0.0004
709,1.1382291316986084,1.6008912324905396,0.5961538461538461,0.9423076923076923,0.35714285714285715,0.8571428571428571,0.0004
710,1.049100399017334,1.2800990343093872,0.6730769230769231,0.9423076923076923,0.6428571428571429,0.8571428571428571,0.0004
711,1.0597516596317291,1.3815267086029053,0.5769230769230769,0.9423076923076923,0.5,0.9285714285714286,0.0004
712,0.992902547121048,1.2493467330932617,0.6730769230769231,0.9807692307692307,0.6428571428571429,0.8571428571428571,0.0004
713,0.9471644163131714,1.2290595769882202,0.6538461538461539,0.9807692307692307,0.5,0.8571428571428571,0.0004
714,1.1604092717170715,1.302490234375,0.6153846153846154,0.9038461538461539,0.42857142857142855,0.9285714285714286,0.0004
715,1.1194049715995789,1.7093472480773926,0.6346153846153846,0.9038461538461539,0.42857142857142855,0.7857142857142857,0.0004
716,0.8919909000396729,2.4709205627441406,0.7115384615384616,1.0,0.2857142857142857,0.6428571428571429,0.0004
717,0.9023585021495819,1.6054133176803589,0.6923076923076923,0.9807692307692307,0.2857142857142857,0.7142857142857143,0.0004
718,1.0069730281829834,0.9612001180648804,0.6730769230769231,0.9423076923076923,0.7142857142857143,1.0,0.0004
719,0.9557441771030426,1.8833072185516357,0.6538461538461539,0.9423076923076923,0.35714285714285715,0.7857142857142857,0.0004
720,1.2313863039016724,2.1579630374908447,0.5384615384615384,0.8846153846153846,0.35714285714285715,0.7142857142857143,0.0004
721,1.017539620399475,1.8178770542144775,0.6730769230769231,0.9423076923076923,0.35714285714285715,0.7857142857142857,0.0004
722,0.9857146143913269,1.6920000314712524,0.6153846153846154,0.9615384615384616,0.42857142857142855,0.7142857142857143,0.0004
723,0.8261630237102509,1.9347347021102905,0.6538461538461539,1.0,0.2857142857142857,0.7857142857142857,0.0004
724,1.0875974297523499,1.6157519817352295,0.6538461538461539,0.9423076923076923,0.35714285714285715,0.8571428571428571,0.0004
725,0.926607757806778,1.2209556102752686,0.6538461538461539,0.9615384615384616,0.5,0.8571428571428571,0.0004
726,1.06549733877182,1.8337273597717285,0.6153846153846154,0.9230769230769231,0.42857142857142855,0.8571428571428571,0.0004
727,1.011666625738144,1.870856523513794,0.6346153846153846,0.9423076923076923,0.42857142857142855,0.8571428571428571,0.0004
728,1.1078229546546936,1.2988789081573486,0.5961538461538461,0.9230769230769231,0.42857142857142855,0.8571428571428571,0.0004
729,1.1208629608154297,1.4699366092681885,0.5576923076923077,0.9230769230769231,0.42857142857142855,0.9285714285714286,0.0004
730,1.0085346698760986,1.7868249416351318,0.6346153846153846,0.9230769230769231,0.42857142857142855,0.8571428571428571,0.0004
731,1.1959680318832397,1.6702189445495605,0.5576923076923077,0.8846153846153846,0.5,0.8571428571428571,0.0004
732,1.197624683380127,1.5832762718200684,0.5384615384615384,0.9038461538461539,0.42857142857142855,0.8571428571428571,0.0004
733,1.0739043354988098,1.5401147603988647,0.5961538461538461,0.8846153846153846,0.5,0.8571428571428571,0.0004
734,1.0440293550491333,1.8577430248260498,0.5961538461538461,0.9423076923076923,0.35714285714285715,0.8571428571428571,0.0004
735,1.0280243754386902,1.7305498123168945,0.5961538461538461,0.9230769230769231,0.5,0.8571428571428571,0.0004
736,1.114218831062317,1.768773078918457,0.5769230769230769,0.9230769230769231,0.35714285714285715,0.8571428571428571,0.0004
737,1.2245681285858154,1.6075420379638672,0.6538461538461539,0.9230769230769231,0.35714285714285715,0.7142857142857143,0.0004
738,0.9572150707244873,1.4573886394500732,0.6346153846153846,0.9423076923076923,0.5,0.9285714285714286,0.0004
739,0.9728901088237762,1.5731086730957031,0.6346153846153846,0.9423076923076923,0.2857142857142857,0.7857142857142857,0.0004
740,0.9699587523937225,1.3089449405670166,0.6346153846153846,0.9423076923076923,0.5,0.9285714285714286,0.0004
741,0.9809174239635468,1.3303487300872803,0.6538461538461539,0.9615384615384616,0.42857142857142855,0.8571428571428571,0.0004
742,0.99553582072258,1.502500295639038,0.6153846153846154,0.9423076923076923,0.42857142857142855,0.8571428571428571,0.0004
743,1.2666390538215637,1.1189690828323364,0.5769230769230769,0.9038461538461539,0.5,0.9285714285714286,0.0004
744,0.9885805547237396,1.4225081205368042,0.6730769230769231,0.9423076923076923,0.5714285714285714,0.8571428571428571,0.0004
745,0.9799557328224182,1.5961337089538574,0.6153846153846154,0.9423076923076923,0.42857142857142855,0.7857142857142857,0.0004
746,1.0065707564353943,1.444725751876831,0.6730769230769231,0.9423076923076923,0.5714285714285714,0.9285714285714286,0.0004
747,0.9990926682949066,1.984674334526062,0.5576923076923077,0.9615384615384616,0.42857142857142855,0.7857142857142857,0.0004
748,1.3101016283035278,1.999934196472168,0.5384615384615384,0.9230769230769231,0.2857142857142857,0.7857142857142857,0.0004
749,0.9314541220664978,1.620286226272583,0.6730769230769231,0.9615384615384616,0.2857142857142857,0.8571428571428571,0.0004
750,0.9697064459323883,1.8885210752487183,0.6346153846153846,0.9423076923076923,0.42857142857142855,0.8571428571428571,0.0004
751,1.116683542728424,1.9199705123901367,0.5961538461538461,0.8846153846153846,0.2857142857142857,0.8571428571428571,0.0004
752,1.1296799778938293,1.4393513202667236,0.6346153846153846,0.9230769230769231,0.5,0.8571428571428571,0.0004
753,1.0768997371196747,1.5571973323822021,0.6153846153846154,0.8846153846153846,0.42857142857142855,0.8571428571428571,0.0004
754,1.1889145374298096,1.6282620429992676,0.5,0.8846153846153846,0.42857142857142855,0.8571428571428571,0.0004
755,0.9904868602752686,1.2039176225662231,0.6730769230769231,0.9230769230769231,0.5714285714285714,0.8571428571428571,0.0004
756,1.0435041189193726,1.3823535442352295,0.6923076923076923,0.9038461538461539,0.35714285714285715,0.8571428571428571,0.0004
757,0.9911676943302155,1.087444543838501,0.6730769230769231,0.9230769230769231,0.5,0.9285714285714286,0.0004
758,1.0846797227859497,1.6682066917419434,0.6346153846153846,0.9423076923076923,0.42857142857142855,0.8571428571428571,0.0004
759,1.1611796021461487,1.6298714876174927,0.5576923076923077,0.9230769230769231,0.35714285714285715,0.8571428571428571,0.0004
760,0.9872955083847046,1.130470871925354,0.6346153846153846,0.9423076923076923,0.6428571428571429,0.9285714285714286,0.0004
761,1.0978433787822723,1.421475887298584,0.5384615384615384,0.8846153846153846,0.42857142857142855,0.7857142857142857,0.0004
762,1.1250757277011871,1.6422934532165527,0.5769230769230769,0.9230769230769231,0.35714285714285715,0.8571428571428571,0.0004
763,1.1480790376663208,2.0016391277313232,0.6346153846153846,0.8846153846153846,0.35714285714285715,0.7142857142857143,0.0004
764,1.278411865234375,1.6496689319610596,0.5769230769230769,0.8846153846153846,0.35714285714285715,0.7142857142857143,0.0004
765,0.9891367852687836,1.2534966468811035,0.6923076923076923,0.9615384615384616,0.6428571428571429,0.9285714285714286,0.0004
766,1.1432346999645233,3.0249509811401367,0.6153846153846154,0.9038461538461539,0.35714285714285715,0.5,0.0004
767,1.6562681794166565,1.5328696966171265,0.5769230769230769,0.8076923076923077,0.5,0.8571428571428571,0.0004
768,1.3619027733802795,1.74232017993927,0.5769230769230769,0.8846153846153846,0.35714285714285715,0.8571428571428571,0.0004
769,1.2415366172790527,1.9460961818695068,0.6346153846153846,0.9230769230769231,0.5,0.8571428571428571,0.0004
770,1.0212789177894592,2.054732322692871,0.6346153846153846,0.9423076923076923,0.35714285714285715,0.7857142857142857,0.0004
771,1.2515303492546082,2.2669992446899414,0.6153846153846154,0.9038461538461539,0.42857142857142855,0.7857142857142857,0.0004
772,1.2650808691978455,1.8346216678619385,0.6346153846153846,0.9038461538461539,0.5,0.8571428571428571,0.0004
773,1.1582621335983276,1.6606988906860352,0.5769230769230769,0.9423076923076923,0.5,0.9285714285714286,0.0004
774,0.985695093870163,2.068295955657959,0.6153846153846154,0.9807692307692307,0.42857142857142855,0.7857142857142857,0.0004
775,1.0192447304725647,1.3758466243743896,0.6923076923076923,0.9615384615384616,0.5,0.8571428571428571,0.0004
776,1.03110009431839,2.1369376182556152,0.6538461538461539,0.9423076923076923,0.42857142857142855,0.8571428571428571,0.0004
777,1.1675838828086853,1.8182392120361328,0.5576923076923077,0.9230769230769231,0.42857142857142855,0.8571428571428571,0.0004
778,1.0402653813362122,1.930076241493225,0.6153846153846154,0.9423076923076923,0.5,0.8571428571428571,0.0004
779,0.9791509807109833,2.0181045532226562,0.5769230769230769,0.9615384615384616,0.42857142857142855,0.7857142857142857,0.0004
780,1.053657203912735,1.6647001504898071,0.6538461538461539,0.9423076923076923,0.5,0.8571428571428571,0.0004
781,1.1028952896595001,2.066378593444824,0.5961538461538461,0.9615384615384616,0.42857142857142855,0.8571428571428571,0.0004
782,0.976806104183197,1.972246527671814,0.7115384615384616,0.9230769230769231,0.42857142857142855,0.8571428571428571,0.0004
783,0.9315943419933319,1.9924466609954834,0.6346153846153846,0.9807692307692307,0.42857142857142855,0.8571428571428571,0.0004
784,0.9163714945316315,1.4028325080871582,0.6538461538461539,0.9423076923076923,0.5,0.9285714285714286,0.0004
785,1.0716485679149628,1.9970476627349854,0.6346153846153846,0.9615384615384616,0.5,0.7857142857142857,0.0004
786,1.3160525560379028,1.8160147666931152,0.5769230769230769,0.9230769230769231,0.42857142857142855,0.8571428571428571,0.0004
787,1.0399112105369568,1.6405901908874512,0.6923076923076923,0.9230769230769231,0.42857142857142855,0.8571428571428571,0.0004
788,1.0868270993232727,1.2121200561523438,0.6538461538461539,0.9230769230769231,0.6428571428571429,0.8571428571428571,0.0004
789,1.0114981830120087,1.1788779497146606,0.5576923076923077,0.9615384615384616,0.5714285714285714,0.9285714285714286,0.0004
790,0.8886556923389435,1.5069226026535034,0.7115384615384616,0.9807692307692307,0.5,0.8571428571428571,0.0004
791,0.9300566017627716,1.14398193359375,0.6730769230769231,0.9615384615384616,0.5,0.9285714285714286,0.0004
792,1.033873438835144,1.5487539768218994,0.6153846153846154,0.9615384615384616,0.42857142857142855,0.8571428571428571,0.0004
793,0.9907538294792175,1.1655707359313965,0.5769230769230769,0.9423076923076923,0.5,0.9285714285714286,0.0004
794,1.1657958030700684,1.7932606935501099,0.5769230769230769,0.9230769230769231,0.5,0.8571428571428571,0.0004
795,0.9020651578903198,1.9183605909347534,0.5961538461538461,0.9807692307692307,0.42857142857142855,0.7142857142857143,0.0004
796,0.8981752097606659,1.1887906789779663,0.6730769230769231,0.9615384615384616,0.5,0.9285714285714286,0.0004
797,1.0713891685009003,1.679940938949585,0.6730769230769231,0.9230769230769231,0.42857142857142855,0.8571428571428571,0.0004
798,0.9732694625854492,1.798432469367981,0.6346153846153846,0.9423076923076923,0.42857142857142855,0.8571428571428571,0.0004
799,0.892670750617981,1.674501657485962,0.6153846153846154,0.9615384615384616,0.5,0.8571428571428571,0.0004
800,0.9683172702789307,1.756934642791748,0.6538461538461539,0.9615384615384616,0.5,0.8571428571428571,0.0004
801,0.9794387817382812,2.073709487915039,0.6346153846153846,0.9615384615384616,0.35714285714285715,0.7857142857142857,0.0004
802,0.9614429771900177,1.667738676071167,0.5961538461538461,0.9230769230769231,0.42857142857142855,0.8571428571428571,0.0004
803,0.9324012398719788,1.5015519857406616,0.6923076923076923,0.9807692307692307,0.42857142857142855,0.9285714285714286,0.0004
804,1.015767514705658,1.4811620712280273,0.6346153846153846,0.9423076923076923,0.5714285714285714,0.8571428571428571,0.0004
805,1.0214118361473083,1.4498167037963867,0.6153846153846154,0.9615384615384616,0.42857142857142855,0.8571428571428571,0.0004
806,1.1584298014640808,1.9168760776519775,0.5576923076923077,0.9230769230769231,0.35714285714285715,0.8571428571428571,0.0004
807,0.8498323261737823,1.2843791246414185,0.6730769230769231,0.9807692307692307,0.5714285714285714,0.9285714285714286,0.0004
808,1.0245300829410553,1.3191167116165161,0.6153846153846154,0.9423076923076923,0.5714285714285714,0.9285714285714286,0.0004
809,0.9891147911548615,1.6999046802520752,0.6730769230769231,0.9615384615384616,0.35714285714285715,0.7857142857142857,0.0004
810,0.9017534554004669,1.7820050716400146,0.6346153846153846,0.9615384615384616,0.42857142857142855,0.8571428571428571,0.0004
811,0.9214520752429962,1.3483153581619263,0.6153846153846154,0.9615384615384616,0.5714285714285714,0.9285714285714286,0.0004
812,0.9032573103904724,1.8025438785552979,0.6538461538461539,0.9807692307692307,0.35714285714285715,0.8571428571428571,0.0004
813,0.9508413672447205,1.583101511001587,0.6538461538461539,0.9807692307692307,0.5714285714285714,0.7857142857142857,0.0004
814,1.1620941758155823,1.3758459091186523,0.6153846153846154,0.9038461538461539,0.42857142857142855,0.8571428571428571,0.0004
815,0.9664608836174011,1.2520792484283447,0.5961538461538461,0.9615384615384616,0.6428571428571429,0.9285714285714286,0.0004
816,0.9688222706317902,1.7662150859832764,0.5769230769230769,0.9807692307692307,0.35714285714285715,0.8571428571428571,0.0004
817,1.042625606060028,1.4046250581741333,0.6153846153846154,0.9038461538461539,0.5,0.9285714285714286,0.0004
818,1.0723881721496582,1.7822411060333252,0.5384615384615384,0.9423076923076923,0.5,0.7857142857142857,0.0004
819,0.8812204599380493,1.437055230140686,0.6538461538461539,0.9423076923076923,0.5,0.8571428571428571,0.0004
820,0.9842020869255066,1.6758625507354736,0.6153846153846154,0.9615384615384616,0.42857142857142855,0.8571428571428571,0.0004
821,0.9046714305877686,1.9654507637023926,0.6730769230769231,0.9807692307692307,0.21428571428571427,0.7857142857142857,0.0004
822,0.9635341167449951,1.5717568397521973,0.6346153846153846,0.9807692307692307,0.42857142857142855,0.8571428571428571,0.0004
823,0.9325511157512665,1.5960522890090942,0.6346153846153846,0.9423076923076923,0.35714285714285715,0.8571428571428571,0.0004
824,1.17013818025589,1.844386100769043,0.6153846153846154,0.9230769230769231,0.5,0.8571428571428571,0.0004
825,1.0914025604724884,1.7477495670318604,0.6153846153846154,0.9230769230769231,0.5,0.8571428571428571,0.0004
826,1.0777848362922668,2.1839659214019775,0.5769230769230769,0.9230769230769231,0.35714285714285715,0.7857142857142857,0.0004
827,1.3737654089927673,1.7746586799621582,0.4807692307692308,0.8653846153846154,0.42857142857142855,0.8571428571428571,0.0004
828,1.2600755095481873,1.6835181713104248,0.5769230769230769,0.8846153846153846,0.5,0.8571428571428571,0.0004
829,1.1054269075393677,1.5309925079345703,0.5769230769230769,0.9230769230769231,0.5,0.8571428571428571,0.0004
830,1.1166988611221313,1.715796947479248,0.6538461538461539,0.9230769230769231,0.35714285714285715,0.7857142857142857,0.0004
831,1.0510155260562897,1.5247337818145752,0.5769230769230769,0.9230769230769231,0.35714285714285715,0.8571428571428571,0.0004
832,0.9640850126743317,1.6406115293502808,0.6538461538461539,0.9423076923076923,0.35714285714285715,0.8571428571428571,0.0004
833,0.8197454214096069,1.167338252067566,0.6923076923076923,0.9807692307692307,0.5,0.9285714285714286,0.0004
834,1.0447370409965515,1.540973424911499,0.6153846153846154,0.9230769230769231,0.35714285714285715,0.9285714285714286,0.0004
835,0.8738777339458466,1.5618127584457397,0.6346153846153846,0.9807692307692307,0.5,0.7857142857142857,0.0004
836,1.1018957197666168,1.1042983531951904,0.6538461538461539,0.9423076923076923,0.42857142857142855,1.0,0.0004
837,1.0707262754440308,1.3698585033416748,0.6153846153846154,0.9038461538461539,0.5,0.8571428571428571,0.0004
838,1.0131617486476898,1.3489714860916138,0.6730769230769231,0.9615384615384616,0.5,0.9285714285714286,0.0004
839,0.9758416712284088,1.41605806350708,0.6730769230769231,0.9423076923076923,0.5,0.8571428571428571,0.0004
840,0.9557638168334961,1.8732093572616577,0.6538461538461539,0.9615384615384616,0.42857142857142855,0.8571428571428571,0.0004
841,1.1291385889053345,1.8033149242401123,0.6538461538461539,0.9423076923076923,0.42857142857142855,0.8571428571428571,0.0004
842,0.8345516622066498,2.3763413429260254,0.6923076923076923,0.9807692307692307,0.35714285714285715,0.7142857142857143,0.0004
843,0.8921922147274017,2.043093681335449,0.6730769230769231,0.9807692307692307,0.35714285714285715,0.7857142857142857,0.0004
844,1.0300345122814178,1.3297053575515747,0.6730769230769231,0.9423076923076923,0.5,0.8571428571428571,0.0004
845,1.2140022814273834,1.2375198602676392,0.6346153846153846,0.9423076923076923,0.5,0.9285714285714286,0.0004
846,0.7834214270114899,1.517530918121338,0.6923076923076923,1.0,0.5714285714285714,0.8571428571428571,0.0004
847,0.9596150815486908,1.360900640487671,0.6346153846153846,0.9038461538461539,0.5714285714285714,0.9285714285714286,0.0004
848,0.9069184958934784,1.317736268043518,0.6923076923076923,0.9615384615384616,0.5714285714285714,0.9285714285714286,0.0004
849,1.202351450920105,1.3424394130706787,0.5769230769230769,0.9230769230769231,0.5,0.9285714285714286,0.0004
850,1.057915210723877,1.5431599617004395,0.6538461538461539,0.9230769230769231,0.42857142857142855,0.9285714285714286,0.0004
851,0.8591841161251068,1.5427181720733643,0.6730769230769231,0.9807692307692307,0.5,0.8571428571428571,0.0004
852,0.9596706628799438,1.2709437608718872,0.7307692307692307,0.9038461538461539,0.5714285714285714,0.9285714285714286,0.0004
853,0.9121155738830566,2.022703170776367,0.6730769230769231,0.9615384615384616,0.42857142857142855,0.7857142857142857,0.0004
854,1.1844871044158936,2.267810821533203,0.6346153846153846,0.9038461538461539,0.35714285714285715,0.7142857142857143,0.0004
855,0.7788780927658081,1.8339654207229614,0.7307692307692307,0.9807692307692307,0.42857142857142855,0.8571428571428571,0.0004
856,0.836659848690033,1.7679129838943481,0.7115384615384616,0.9423076923076923,0.5,0.7857142857142857,0.0004
857,0.9683901071548462,1.5056413412094116,0.6730769230769231,0.9615384615384616,0.5714285714285714,0.8571428571428571,0.0004
858,1.0886715650558472,2.048492908477783,0.6153846153846154,0.9230769230769231,0.35714285714285715,0.7857142857142857,0.0004
859,1.0373711585998535,1.6362695693969727,0.6346153846153846,0.9615384615384616,0.5714285714285714,0.8571428571428571,0.0004
860,1.1540015935897827,2.2177047729492188,0.6346153846153846,0.9038461538461539,0.35714285714285715,0.7857142857142857,0.0004
861,1.0563610792160034,1.3718699216842651,0.6153846153846154,0.9423076923076923,0.5,0.9285714285714286,0.0004
862,1.0584056079387665,1.1062748432159424,0.5961538461538461,0.9615384615384616,0.5714285714285714,0.9285714285714286,0.0004
863,0.9428802728652954,1.5376859903335571,0.6346153846153846,0.9615384615384616,0.35714285714285715,0.9285714285714286,0.0004
864,1.027433693408966,1.760855793952942,0.6346153846153846,0.9615384615384616,0.42857142857142855,0.7857142857142857,0.0004
865,1.015243023633957,1.0321377515792847,0.5961538461538461,0.9423076923076923,0.5714285714285714,0.9285714285714286,0.0004
866,0.8936521112918854,1.6503236293792725,0.6538461538461539,0.9807692307692307,0.42857142857142855,0.8571428571428571,0.0004
867,0.8797996938228607,1.9103374481201172,0.6538461538461539,0.9807692307692307,0.2857142857142857,0.7857142857142857,0.0004
868,1.103934645652771,1.8456631898880005,0.6346153846153846,0.9423076923076923,0.2857142857142857,0.8571428571428571,0.0004
869,0.9874303936958313,1.567049503326416,0.5961538461538461,0.9615384615384616,0.5,0.8571428571428571,0.0004
870,0.8538983166217804,1.1796650886535645,0.7115384615384616,0.9807692307692307,0.5714285714285714,0.9285714285714286,0.0004
871,0.9806192517280579,1.5576131343841553,0.6730769230769231,0.9230769230769231,0.42857142857142855,0.8571428571428571,0.0004
872,0.900570809841156,1.43007493019104,0.6730769230769231,0.9807692307692307,0.5714285714285714,0.9285714285714286,0.0004
873,0.9817264378070831,1.8161834478378296,0.6730769230769231,0.9423076923076923,0.42857142857142855,0.8571428571428571,0.0004
874,0.9377051591873169,1.4868942499160767,0.7115384615384616,0.9807692307692307,0.5,0.8571428571428571,0.0004
875,1.0449720621109009,1.7140917778015137,0.6538461538461539,0.9615384615384616,0.5,0.8571428571428571,0.0004
876,0.9867176413536072,1.8504745960235596,0.6346153846153846,0.9615384615384616,0.5,0.8571428571428571,0.0004
877,1.1036515831947327,2.0809755325317383,0.4807692307692308,0.9615384615384616,0.35714285714285715,0.7857142857142857,0.0004
878,1.0587051510810852,2.618671417236328,0.6153846153846154,0.9038461538461539,0.2857142857142857,0.6428571428571429,0.0004
879,1.0072807669639587,1.873012900352478,0.6923076923076923,0.9423076923076923,0.42857142857142855,0.7857142857142857,0.0004
880,1.1676974892616272,1.524761438369751,0.5576923076923077,0.9230769230769231,0.42857142857142855,0.8571428571428571,0.0004
881,1.4313373565673828,2.0983102321624756,0.5384615384615384,0.8461538461538461,0.35714285714285715,0.7857142857142857,0.0004
882,1.2390294075012207,2.3560705184936523,0.5192307692307693,0.9038461538461539,0.5,0.6428571428571429,0.0004
883,1.1673076152801514,1.932352066040039,0.6346153846153846,0.8269230769230769,0.35714285714285715,0.7142857142857143,0.0004
884,1.3842779397964478,1.879910945892334,0.5769230769230769,0.8269230769230769,0.21428571428571427,0.8571428571428571,0.0004
885,1.2825977206230164,2.751004695892334,0.6153846153846154,0.8846153846153846,0.2857142857142857,0.5714285714285714,0.0004
886,1.5812621116638184,1.4737530946731567,0.5384615384615384,0.7884615384615384,0.42857142857142855,0.7857142857142857,0.0004
887,1.6274808049201965,1.9046404361724854,0.5,0.7884615384615384,0.5714285714285714,0.5714285714285714,0.0004
888,1.531078279018402,2.2101290225982666,0.4807692307692308,0.8076923076923077,0.21428571428571427,0.7142857142857143,0.0004
889,1.2746350169181824,1.2125942707061768,0.5192307692307693,0.8653846153846154,0.5,0.9285714285714286,0.0004
890,1.1580821871757507,1.9223055839538574,0.5769230769230769,0.8846153846153846,0.42857142857142855,0.7857142857142857,0.0004
891,1.1300856471061707,1.1448407173156738,0.6346153846153846,0.8846153846153846,0.5714285714285714,0.8571428571428571,0.0004
892,1.1789247393608093,1.661432147026062,0.5576923076923077,0.8653846153846154,0.5,0.8571428571428571,0.0004
893,1.037247359752655,1.5354233980178833,0.5961538461538461,0.9230769230769231,0.5,0.8571428571428571,0.0004
894,1.1062637567520142,2.194082260131836,0.6153846153846154,0.9423076923076923,0.35714285714285715,0.8571428571428571,0.0004
895,1.0979663729667664,1.6313191652297974,0.6346153846153846,0.9615384615384616,0.5714285714285714,0.8571428571428571,0.0004
896,1.0863784551620483,1.6575253009796143,0.6346153846153846,0.8846153846153846,0.5714285714285714,0.8571428571428571,0.0004
897,1.0298144817352295,1.2471213340759277,0.6346153846153846,0.8269230769230769,0.5,0.8571428571428571,0.0004
898,1.1793936789035797,2.2867846488952637,0.6538461538461539,0.8461538461538461,0.42857142857142855,0.8571428571428571,0.0004
899,1.2521508932113647,2.0145533084869385,0.6346153846153846,0.8269230769230769,0.42857142857142855,0.8571428571428571,0.0004
900,1.2371496558189392,1.596239686012268,0.5769230769230769,0.8269230769230769,0.42857142857142855,0.8571428571428571,0.0004
901,1.3172945976257324,1.7063759565353394,0.5769230769230769,0.8846153846153846,0.42857142857142855,0.8571428571428571,0.0004
902,1.2252256870269775,1.691784143447876,0.6346153846153846,0.8653846153846154,0.42857142857142855,0.8571428571428571,0.0004
903,1.0148150622844696,1.1227291822433472,0.6538461538461539,0.8846153846153846,0.6428571428571429,0.8571428571428571,0.0004
904,1.0753481686115265,2.0266506671905518,0.6538461538461539,0.9615384615384616,0.42857142857142855,0.7857142857142857,0.0004
905,0.8635241687297821,1.991044044494629,0.7307692307692307,1.0,0.42857142857142855,0.7857142857142857,0.0004
906,0.9720463454723358,1.8390724658966064,0.6923076923076923,0.9615384615384616,0.2857142857142857,0.7857142857142857,0.0004
907,0.9810437262058258,1.8813745975494385,0.6730769230769231,0.9423076923076923,0.5,0.8571428571428571,0.0004
908,0.992244303226471,2.216536283493042,0.6153846153846154,0.9423076923076923,0.35714285714285715,0.7857142857142857,0.0004
909,0.9552180171012878,1.3324326276779175,0.6346153846153846,0.9423076923076923,0.5,0.8571428571428571,0.0004
910,0.9011513292789459,1.9082040786743164,0.6346153846153846,0.9807692307692307,0.42857142857142855,0.8571428571428571,0.0004
911,0.9943324029445648,1.642001986503601,0.6153846153846154,0.9423076923076923,0.35714285714285715,0.9285714285714286,0.0004
912,1.0785795748233795,1.6762936115264893,0.5961538461538461,0.8846153846153846,0.42857142857142855,0.8571428571428571,0.0004
913,0.9575074911117554,1.3063554763793945,0.6153846153846154,1.0,0.5714285714285714,0.9285714285714286,0.0004
914,0.7880562841892242,1.687065839767456,0.7115384615384616,1.0,0.5,0.8571428571428571,0.0004
915,1.0827064514160156,1.920801043510437,0.6538461538461539,0.9230769230769231,0.5,0.7857142857142857,0.0004
916,0.8290629982948303,1.7197195291519165,0.6923076923076923,0.9807692307692307,0.5,0.7857142857142857,0.0004
917,0.9672848284244537,1.378227949142456,0.6346153846153846,0.9807692307692307,0.5714285714285714,0.9285714285714286,0.0004
918,0.8939308226108551,1.1231098175048828,0.7307692307692307,0.9615384615384616,0.5,1.0,0.0004
919,0.8054682910442352,1.457180380821228,0.7115384615384616,0.9807692307692307,0.42857142857142855,0.8571428571428571,0.0004
920,0.9650667309761047,1.2344201803207397,0.6346153846153846,0.9423076923076923,0.42857142857142855,0.8571428571428571,0.0004
921,0.9160528182983398,1.6812015771865845,0.6346153846153846,0.9807692307692307,0.35714285714285715,0.8571428571428571,0.0004
922,0.9100390374660492,1.706721544265747,0.6346153846153846,0.9615384615384616,0.42857142857142855,0.8571428571428571,0.0004
923,0.8466471433639526,1.7425179481506348,0.7307692307692307,0.9423076923076923,0.42857142857142855,0.8571428571428571,0.0004
924,0.9839931428432465,1.2370290756225586,0.6730769230769231,0.9615384615384616,0.6428571428571429,0.9285714285714286,0.0004
925,0.9169071018695831,1.7717167139053345,0.6538461538461539,0.9615384615384616,0.5,0.8571428571428571,0.0004
926,0.9687147736549377,1.652077555656433,0.6730769230769231,0.9423076923076923,0.42857142857142855,0.8571428571428571,0.0004
927,1.0553465485572815,2.4042301177978516,0.6153846153846154,0.9230769230769231,0.2857142857142857,0.7142857142857143,0.0004
928,0.9842214584350586,1.6113117933273315,0.6346153846153846,0.9423076923076923,0.42857142857142855,0.8571428571428571,0.0004
929,1.0187186002731323,1.9062275886535645,0.6346153846153846,0.9230769230769231,0.5,0.7857142857142857,0.0004
930,0.936797022819519,1.740427017211914,0.6153846153846154,0.9615384615384616,0.5,0.8571428571428571,0.0004
931,0.9315390586853027,1.5999053716659546,0.6923076923076923,0.9038461538461539,0.5,0.8571428571428571,0.0004
932,1.0205632448196411,1.7520534992218018,0.6538461538461539,0.9423076923076923,0.42857142857142855,0.7857142857142857,0.0004
933,0.8261880278587341,1.7813878059387207,0.7115384615384616,1.0,0.42857142857142855,0.7857142857142857,0.0004
934,0.8219094276428223,1.8289849758148193,0.75,0.9807692307692307,0.42857142857142855,0.7857142857142857,0.0004
935,0.8221127688884735,1.687517523765564,0.6923076923076923,0.9807692307692307,0.35714285714285715,0.9285714285714286,0.0004
936,1.0461690425872803,1.4531159400939941,0.6538461538461539,0.9230769230769231,0.5,0.7857142857142857,0.0004
937,1.0362596809864044,1.8873183727264404,0.6730769230769231,0.9230769230769231,0.35714285714285715,0.7857142857142857,0.0004
938,1.227942943572998,1.3741576671600342,0.5576923076923077,0.8653846153846154,0.5,0.9285714285714286,0.0004
939,1.3374857306480408,2.1272153854370117,0.6153846153846154,0.8076923076923077,0.2857142857142857,0.7142857142857143,0.0004
940,1.2155636548995972,1.3178772926330566,0.6153846153846154,0.8269230769230769,0.42857142857142855,0.8571428571428571,0.0004
941,1.3913897275924683,1.9612829685211182,0.5384615384615384,0.8269230769230769,0.35714285714285715,0.5714285714285714,0.0004
942,1.4744638204574585,2.0685935020446777,0.5961538461538461,0.7115384615384616,0.35714285714285715,0.6428571428571429,0.0004
943,1.391132652759552,1.7519075870513916,0.5769230769230769,0.75,0.5714285714285714,0.6428571428571429,0.0004
944,1.4027262330055237,1.8904390335083008,0.5384615384615384,0.6923076923076923,0.42857142857142855,0.5,0.0004
945,1.2043250799179077,1.5921053886413574,0.6538461538461539,0.7692307692307693,0.42857142857142855,0.5714285714285714,0.0004
946,1.4381637573242188,1.9540773630142212,0.5384615384615384,0.7307692307692307,0.2857142857142857,0.6428571428571429,0.0004
947,1.3929839134216309,1.6356548070907593,0.4807692307692308,0.8269230769230769,0.35714285714285715,0.6428571428571429,0.0004
948,1.3127686977386475,1.3369560241699219,0.5576923076923077,0.8461538461538461,0.5,0.8571428571428571,0.0004
949,1.0597445964813232,1.57937490940094,0.6730769230769231,0.9230769230769231,0.35714285714285715,0.8571428571428571,0.0004
950,1.1741034984588623,1.717278003692627,0.6346153846153846,0.8269230769230769,0.35714285714285715,0.8571428571428571,0.0004
951,1.3161571025848389,1.5706684589385986,0.5,0.8269230769230769,0.42857142857142855,0.8571428571428571,0.0004
952,1.2990809082984924,1.691800832748413,0.5384615384615384,0.8269230769230769,0.42857142857142855,0.8571428571428571,0.0004
953,1.3279170393943787,1.7869290113449097,0.6153846153846154,0.8269230769230769,0.21428571428571427,0.8571428571428571,0.0004
954,1.2018964290618896,1.3479124307632446,0.6538461538461539,0.8269230769230769,0.42857142857142855,0.8571428571428571,0.0004
955,1.2777670621871948,1.725917935371399,0.5576923076923077,0.8269230769230769,0.35714285714285715,0.8571428571428571,0.0004
956,1.1847736835479736,1.3322482109069824,0.5384615384615384,0.8269230769230769,0.5,0.8571428571428571,0.0004
957,1.1363765597343445,1.2761249542236328,0.6730769230769231,0.8269230769230769,0.6428571428571429,0.8571428571428571,0.0004
958,1.1972606182098389,1.3581264019012451,0.5769230769230769,0.8269230769230769,0.5,0.8571428571428571,0.0004
959,1.2285925149917603,1.5538233518600464,0.5961538461538461,0.8269230769230769,0.35714285714285715,0.8571428571428571,0.0004
960,1.259856402873993,1.415170669555664,0.5192307692307693,0.8269230769230769,0.42857142857142855,0.8571428571428571,0.0004
961,1.188588559627533,1.3365893363952637,0.5961538461538461,0.8269230769230769,0.5,0.8571428571428571,0.0004
962,1.2770084142684937,1.2083775997161865,0.5192307692307693,0.8269230769230769,0.6428571428571429,0.8571428571428571,0.0004
963,1.245370090007782,1.3042857646942139,0.5576923076923077,0.8269230769230769,0.5,0.8571428571428571,0.0004
964,1.185756266117096,1.4719769954681396,0.6153846153846154,0.8269230769230769,0.5,0.8571428571428571,0.0004
965,1.1922714114189148,1.3904781341552734,0.5961538461538461,0.8269230769230769,0.5714285714285714,0.8571428571428571,0.0004
966,1.1541603803634644,1.3889479637145996,0.6153846153846154,0.8269230769230769,0.5714285714285714,0.8571428571428571,0.0004
967,1.1467597484588623,1.446251392364502,0.5961538461538461,0.8269230769230769,0.5714285714285714,0.8571428571428571,0.0004
968,1.1203550696372986,1.6200765371322632,0.5961538461538461,0.8269230769230769,0.35714285714285715,0.8571428571428571,0.0004
969,0.9862551391124725,1.4137828350067139,0.6923076923076923,0.9423076923076923,0.5,0.7857142857142857,0.0004
970,1.1920124888420105,1.8044159412384033,0.5384615384615384,0.9230769230769231,0.35714285714285715,0.8571428571428571,0.0004
971,1.0992714166641235,1.5056567192077637,0.5961538461538461,0.9038461538461539,0.42857142857142855,0.7142857142857143,0.0004
972,1.2080652713775635,1.573991060256958,0.5576923076923077,0.9230769230769231,0.5714285714285714,0.7857142857142857,0.0004
973,1.1269185245037079,1.4200968742370605,0.6538461538461539,0.9230769230769231,0.42857142857142855,0.8571428571428571,0.0004
974,1.223108947277069,1.3899401426315308,0.5961538461538461,0.9230769230769231,0.5714285714285714,0.8571428571428571,0.0004
975,1.0941252708435059,1.066973090171814,0.5961538461538461,0.9423076923076923,0.7142857142857143,0.8571428571428571,0.0004
976,1.0940166115760803,1.4040769338607788,0.6346153846153846,0.9615384615384616,0.5714285714285714,0.7857142857142857,0.0004
977,0.9951187074184418,1.4648487567901611,0.6346153846153846,0.9615384615384616,0.5,0.8571428571428571,0.0004
978,1.1501215696334839,1.6137242317199707,0.5961538461538461,0.9038461538461539,0.5,0.7857142857142857,0.0004
979,1.091825246810913,1.9852046966552734,0.5769230769230769,0.9230769230769231,0.2857142857142857,0.7142857142857143,0.0004
980,1.2174300253391266,1.5141620635986328,0.5192307692307693,0.9230769230769231,0.35714285714285715,0.8571428571428571,0.0004
981,1.0835510790348053,1.8847990036010742,0.5384615384615384,0.9230769230769231,0.2857142857142857,0.7857142857142857,0.0004
982,0.9709092974662781,1.424425482749939,0.6538461538461539,0.9423076923076923,0.35714285714285715,0.8571428571428571,0.0004
983,1.1463651657104492,1.271082878112793,0.5961538461538461,0.9615384615384616,0.42857142857142855,0.9285714285714286,0.0004
984,0.944072812795639,1.6253390312194824,0.6538461538461539,0.9807692307692307,0.5,0.8571428571428571,0.0004
985,1.2286946177482605,1.6425306797027588,0.5384615384615384,0.9038461538461539,0.5,0.8571428571428571,0.0004
986,1.0857054591178894,1.6756491661071777,0.5769230769230769,0.9615384615384616,0.42857142857142855,0.7857142857142857,0.0004
987,1.0781177878379822,1.2241963148117065,0.5769230769230769,0.9423076923076923,0.5,0.9285714285714286,0.0004
988,1.038024663925171,1.2764673233032227,0.5961538461538461,0.9423076923076923,0.5,0.9285714285714286,0.0004
989,1.022589236497879,1.2251365184783936,0.5769230769230769,0.9807692307692307,0.42857142857142855,0.9285714285714286,0.0004
990,1.0321295261383057,1.4215019941329956,0.6538461538461539,0.9038461538461539,0.5714285714285714,0.8571428571428571,0.0004
991,1.001397728919983,1.4694507122039795,0.5961538461538461,0.9615384615384616,0.42857142857142855,0.8571428571428571,0.0004
992,1.0766906440258026,1.666982889175415,0.5384615384615384,0.9423076923076923,0.2857142857142857,0.9285714285714286,0.0004
993,0.9980038404464722,1.2637276649475098,0.6346153846153846,0.9230769230769231,0.5714285714285714,0.8571428571428571,0.0004
994,0.9914488792419434,0.921932578086853,0.5769230769230769,0.9615384615384616,0.7142857142857143,0.9285714285714286,0.0004
995,1.1264773607254028,1.8199331760406494,0.5576923076923077,0.9423076923076923,0.42857142857142855,0.8571428571428571,0.0004
996,1.066016137599945,1.3962633609771729,0.6346153846153846,0.9038461538461539,0.5,0.8571428571428571,0.0004
997,1.0236107409000397,1.0225201845169067,0.5769230769230769,0.9807692307692307,0.7142857142857143,0.9285714285714286,0.0004
998,1.0461825132369995,1.5153789520263672,0.6153846153846154,0.9230769230769231,0.42857142857142855,0.8571428571428571,0.0004
999,1.0052402019500732,1.5226740837097168,0.6346153846153846,0.9615384615384616,0.35714285714285715,0.8571428571428571,0.0004
1000,0.9445689916610718,1.3563048839569092,0.5769230769230769,0.9230769230769231,0.5714285714285714,0.8571428571428571,0.0004
