epoch,train_loss,val_loss,train_acc_action,train_acc_status,val_acc_action,val_acc_status,learning_rate
1,1.8243311047554016,1.8142213821411133,0.3269230769230769,0.17307692307692307,0.42857142857142855,0.14285714285714285,0.0004
2,1.8190515637397766,1.8064675331115723,0.28846153846153844,0.17307692307692307,0.42857142857142855,0.14285714285714285,0.0004
3,1.812108337879181,1.7983496189117432,0.3076923076923077,0.19230769230769232,0.42857142857142855,0.14285714285714285,0.0004
4,1.7988641262054443,1.7897772789001465,0.28846153846153844,0.25,0.42857142857142855,0.14285714285714285,0.0004
5,1.8033545017242432,1.7808222770690918,0.3076923076923077,0.3076923076923077,0.42857142857142855,0.8571428571428571,0.0004
6,1.7871337532997131,1.770799160003662,0.28846153846153844,0.6153846153846154,0.42857142857142855,0.8571428571428571,0.0004
7,1.7807254791259766,1.7590217590332031,0.3076923076923077,0.6730769230769231,0.42857142857142855,0.8571428571428571,0.0004
8,1.7799365520477295,1.745097041130066,0.3269230769230769,0.75,0.42857142857142855,0.8571428571428571,0.0004
9,1.7697466611862183,1.7274394035339355,0.28846153846153844,0.7884615384615384,0.42857142857142855,0.8571428571428571,0.0004
10,1.7486143112182617,1.70412015914917,0.23076923076923078,0.8269230769230769,0.42857142857142855,0.8571428571428571,0.0004
11,1.7306087017059326,1.669072151184082,0.28846153846153844,0.8076923076923077,0.42857142857142855,0.8571428571428571,0.0004
12,1.7064111232757568,1.6105213165283203,0.28846153846153844,0.8269230769230769,0.42857142857142855,0.8571428571428571,0.0004
13,1.6760889887809753,1.523129940032959,0.28846153846153844,0.8269230769230769,0.42857142857142855,0.8571428571428571,0.0004
14,1.6640162467956543,1.4844276905059814,0.3076923076923077,0.8269230769230769,0.42857142857142855,0.8571428571428571,0.0004
15,1.7238809466362,1.4807040691375732,0.25,0.8269230769230769,0.42857142857142855,0.8571428571428571,0.0004
16,1.6909579038619995,1.4839979410171509,0.2692307692307692,0.8269230769230769,0.42857142857142855,0.8571428571428571,0.0004
17,1.668107509613037,1.4915101528167725,0.34615384615384615,0.8269230769230769,0.42857142857142855,0.8571428571428571,0.0004
18,1.5539714097976685,1.5018656253814697,0.38461538461538464,0.8269230769230769,0.42857142857142855,0.8571428571428571,0.0004
19,1.5806392431259155,1.5136029720306396,0.3076923076923077,0.8269230769230769,0.42857142857142855,0.8571428571428571,0.0004
20,1.5782496333122253,1.5253791809082031,0.25,0.8269230769230769,0.42857142857142855,0.8571428571428571,0.0004
21,1.6380935907363892,1.5345948934555054,0.34615384615384615,0.8269230769230769,0.42857142857142855,0.8571428571428571,0.0004
22,1.6394962072372437,1.5432963371276855,0.3076923076923077,0.8269230769230769,0.21428571428571427,0.8571428571428571,0.0004
23,1.6118268370628357,1.5508713722229004,0.3269230769230769,0.8269230769230769,0.21428571428571427,0.8571428571428571,0.0004
24,1.6126891374588013,1.556837558746338,0.28846153846153844,0.8269230769230769,0.21428571428571427,0.8571428571428571,0.0004
25,1.6212400794029236,1.5612354278564453,0.36538461538461536,0.8269230769230769,0.21428571428571427,0.8571428571428571,0.0004
26,1.6377622485160828,1.5647447109222412,0.23076923076923078,0.8269230769230769,0.21428571428571427,0.8571428571428571,0.0004
27,1.6085664629936218,1.5678119659423828,0.36538461538461536,0.8269230769230769,0.21428571428571427,0.8571428571428571,0.0004
28,1.5367460250854492,1.5688965320587158,0.40384615384615385,0.8269230769230769,0.21428571428571427,0.8571428571428571,0.0004
29,1.564587116241455,1.5688512325286865,0.36538461538461536,0.8269230769230769,0.21428571428571427,0.8571428571428571,0.0004
30,1.5832606554031372,1.5678791999816895,0.28846153846153844,0.8269230769230769,0.21428571428571427,0.8571428571428571,0.0004
31,1.576674997806549,1.5671433210372925,0.46153846153846156,0.8269230769230769,0.21428571428571427,0.8571428571428571,0.0004
32,1.5738092064857483,1.5666314363479614,0.34615384615384615,0.8269230769230769,0.21428571428571427,0.8571428571428571,0.0004
33,1.5971512198448181,1.564650297164917,0.3269230769230769,0.8269230769230769,0.21428571428571427,0.8571428571428571,0.0004
34,1.5986029505729675,1.5616354942321777,0.34615384615384615,0.8269230769230769,0.21428571428571427,0.8571428571428571,0.0004
35,1.5568876266479492,1.5582706928253174,0.2692307692307692,0.8269230769230769,0.21428571428571427,0.8571428571428571,0.0004
36,1.501044750213623,1.5546995401382446,0.4423076923076923,0.8269230769230769,0.21428571428571427,0.8571428571428571,0.0004
37,1.6144642233848572,1.549984335899353,0.34615384615384615,0.8269230769230769,0.21428571428571427,0.8571428571428571,0.0004
38,1.5907222032546997,1.5460926294326782,0.2692307692307692,0.8269230769230769,0.21428571428571427,0.8571428571428571,0.0004
39,1.5601342916488647,1.5423951148986816,0.4423076923076923,0.8269230769230769,0.21428571428571427,0.8571428571428571,0.0004
40,1.5277708172798157,1.538741111755371,0.34615384615384615,0.8269230769230769,0.21428571428571427,0.8571428571428571,0.0004
41,1.6363988518714905,1.5353400707244873,0.25,0.8269230769230769,0.21428571428571427,0.8571428571428571,0.0004
42,1.5926965475082397,1.5330610275268555,0.4230769230769231,0.8269230769230769,0.21428571428571427,0.8571428571428571,0.0004
43,1.6389268636703491,1.5317015647888184,0.28846153846153844,0.8269230769230769,0.21428571428571427,0.8571428571428571,0.0004
44,1.6341626644134521,1.531215786933899,0.3076923076923077,0.8269230769230769,0.21428571428571427,0.8571428571428571,0.0004
45,1.5774812698364258,1.5315344333648682,0.38461538461538464,0.8269230769230769,0.21428571428571427,0.8571428571428571,0.0004
46,1.585142731666565,1.5319880247116089,0.34615384615384615,0.8269230769230769,0.21428571428571427,0.8571428571428571,0.0004
47,1.6231130361557007,1.5328030586242676,0.36538461538461536,0.8269230769230769,0.21428571428571427,0.8571428571428571,0.0004
48,1.6116642951965332,1.5341932773590088,0.25,0.8269230769230769,0.21428571428571427,0.8571428571428571,0.0004
49,1.582507848739624,1.535740613937378,0.34615384615384615,0.8269230769230769,0.21428571428571427,0.8571428571428571,0.0004
50,1.532201111316681,1.535994529724121,0.40384615384615385,0.8269230769230769,0.21428571428571427,0.8571428571428571,0.0004
51,1.5750194787979126,1.5352301597595215,0.36538461538461536,0.8269230769230769,0.21428571428571427,0.8571428571428571,0.0004
52,1.59332674741745,1.5343873500823975,0.23076923076923078,0.8269230769230769,0.21428571428571427,0.8571428571428571,0.0004
53,1.5754494667053223,1.5327497720718384,0.28846153846153844,0.8269230769230769,0.21428571428571427,0.8571428571428571,0.0004
54,1.5928531289100647,1.5318007469177246,0.3076923076923077,0.8269230769230769,0.21428571428571427,0.8571428571428571,0.0004
55,1.5968828201293945,1.5305166244506836,0.38461538461538464,0.8269230769230769,0.21428571428571427,0.8571428571428571,0.0004
56,1.6523821353912354,1.529923677444458,0.23076923076923078,0.8269230769230769,0.21428571428571427,0.8571428571428571,0.0004
57,1.6286646127700806,1.5297833681106567,0.38461538461538464,0.8269230769230769,0.21428571428571427,0.8571428571428571,0.0004
58,1.6316808462142944,1.5300071239471436,0.3076923076923077,0.8269230769230769,0.21428571428571427,0.8571428571428571,0.0004
59,1.5621674060821533,1.5301551818847656,0.2692307692307692,0.8269230769230769,0.21428571428571427,0.8571428571428571,0.0004
60,1.5434306263923645,1.530219554901123,0.38461538461538464,0.8269230769230769,0.21428571428571427,0.8571428571428571,0.0004
61,1.561544418334961,1.5293684005737305,0.46153846153846156,0.8269230769230769,0.21428571428571427,0.8571428571428571,0.0004
62,1.5540461540222168,1.5287785530090332,0.34615384615384615,0.8269230769230769,0.21428571428571427,0.8571428571428571,0.0004
63,1.5869022011756897,1.5289361476898193,0.2692307692307692,0.8269230769230769,0.21428571428571427,0.8571428571428571,0.0004
64,1.5880507230758667,1.5284078121185303,0.3269230769230769,0.8269230769230769,0.21428571428571427,0.8571428571428571,0.0004
65,1.5050516724586487,1.5281145572662354,0.3076923076923077,0.8269230769230769,0.21428571428571427,0.8571428571428571,0.0004
66,1.5919437408447266,1.5273749828338623,0.36538461538461536,0.8269230769230769,0.21428571428571427,0.8571428571428571,0.0004
67,1.552653193473816,1.5270705223083496,0.46153846153846156,0.8269230769230769,0.21428571428571427,0.8571428571428571,0.0004
68,1.575481653213501,1.5264604091644287,0.34615384615384615,0.8269230769230769,0.21428571428571427,0.8571428571428571,0.0004
69,1.5233297944068909,1.5263481140136719,0.34615384615384615,0.8269230769230769,0.21428571428571427,0.8571428571428571,0.0004
70,1.589838445186615,1.5269092321395874,0.3269230769230769,0.8269230769230769,0.21428571428571427,0.8571428571428571,0.0004
71,1.4985154867172241,1.5271962881088257,0.3076923076923077,0.8269230769230769,0.21428571428571427,0.8571428571428571,0.0004
72,1.6525995135307312,1.5275325775146484,0.34615384615384615,0.8269230769230769,0.21428571428571427,0.8571428571428571,0.0004
73,1.596319854259491,1.527944564819336,0.3076923076923077,0.8269230769230769,0.21428571428571427,0.8571428571428571,0.0004
74,1.5518639087677002,1.5288201570510864,0.34615384615384615,0.8269230769230769,0.21428571428571427,0.8571428571428571,0.0004
75,1.5933801531791687,1.5293692350387573,0.36538461538461536,0.8269230769230769,0.21428571428571427,0.8571428571428571,0.0004
76,1.5572410821914673,1.5304709672927856,0.34615384615384615,0.8269230769230769,0.21428571428571427,0.8571428571428571,0.0004
77,1.6308194398880005,1.5319771766662598,0.25,0.8269230769230769,0.21428571428571427,0.8571428571428571,0.0004
78,1.5252342224121094,1.5335984230041504,0.4230769230769231,0.8269230769230769,0.21428571428571427,0.8571428571428571,0.0004
79,1.536764144897461,1.5353071689605713,0.38461538461538464,0.8269230769230769,0.21428571428571427,0.8571428571428571,0.0004
80,1.623532235622406,1.5372769832611084,0.3269230769230769,0.8269230769230769,0.21428571428571427,0.8571428571428571,0.0004
81,1.568177044391632,1.5390359163284302,0.4230769230769231,0.8269230769230769,0.21428571428571427,0.8571428571428571,0.0004
82,1.5051376819610596,1.5402846336364746,0.46153846153846156,0.8269230769230769,0.21428571428571427,0.8571428571428571,0.0004
83,1.5956608653068542,1.5408601760864258,0.38461538461538464,0.8269230769230769,0.21428571428571427,0.8571428571428571,0.0004
84,1.5946701765060425,1.54096257686615,0.38461538461538464,0.8269230769230769,0.21428571428571427,0.8571428571428571,0.0004
85,1.5476367473602295,1.5411663055419922,0.40384615384615385,0.8269230769230769,0.21428571428571427,0.8571428571428571,0.0004
86,1.5784225463867188,1.5416064262390137,0.40384615384615385,0.8269230769230769,0.21428571428571427,0.8571428571428571,0.0004
87,1.5631431341171265,1.5417273044586182,0.34615384615384615,0.8269230769230769,0.21428571428571427,0.8571428571428571,0.0004
88,1.5272899866104126,1.5413811206817627,0.40384615384615385,0.8269230769230769,0.21428571428571427,0.8571428571428571,0.0004
89,1.6003437042236328,1.5409642457962036,0.25,0.8269230769230769,0.21428571428571427,0.8571428571428571,0.0004
90,1.497022807598114,1.5405144691467285,0.40384615384615385,0.8269230769230769,0.21428571428571427,0.8571428571428571,0.0004
91,1.619243860244751,1.5389313697814941,0.3076923076923077,0.8269230769230769,0.21428571428571427,0.8571428571428571,0.0004
92,1.6126611232757568,1.5376479625701904,0.34615384615384615,0.8269230769230769,0.21428571428571427,0.8571428571428571,0.0004
93,1.5825896263122559,1.5365644693374634,0.25,0.8076923076923077,0.21428571428571427,0.8571428571428571,0.0004
94,1.6394435167312622,1.5356628894805908,0.2692307692307692,0.8269230769230769,0.21428571428571427,0.8571428571428571,0.0004
95,1.583530306816101,1.5349944829940796,0.40384615384615385,0.8269230769230769,0.21428571428571427,0.8571428571428571,0.0004
96,1.5561476349830627,1.5346934795379639,0.34615384615384615,0.8269230769230769,0.21428571428571427,0.8571428571428571,0.0004
97,1.5597988367080688,1.5341638326644897,0.36538461538461536,0.8269230769230769,0.21428571428571427,0.8571428571428571,0.0004
98,1.613299310207367,1.5336772203445435,0.36538461538461536,0.8269230769230769,0.21428571428571427,0.8571428571428571,0.0004
99,1.587714672088623,1.5332965850830078,0.28846153846153844,0.8269230769230769,0.21428571428571427,0.8571428571428571,0.0004
100,1.5686960816383362,1.533220648765564,0.38461538461538464,0.8269230769230769,0.21428571428571427,0.8571428571428571,0.0004
101,1.6469748616218567,1.5331950187683105,0.3269230769230769,0.8269230769230769,0.21428571428571427,0.8571428571428571,0.0004
102,1.5521714091300964,1.5334630012512207,0.4807692307692308,0.8269230769230769,0.21428571428571427,0.8571428571428571,0.0004
103,1.5830392837524414,1.533430814743042,0.4230769230769231,0.8269230769230769,0.21428571428571427,0.8571428571428571,0.0004
104,1.5850956439971924,1.5334728956222534,0.2692307692307692,0.8269230769230769,0.21428571428571427,0.8571428571428571,0.0004
105,1.6069000959396362,1.533695936203003,0.3269230769230769,0.8269230769230769,0.21428571428571427,0.8571428571428571,0.0004
106,1.5692867040634155,1.533416509628296,0.3076923076923077,0.8269230769230769,0.21428571428571427,0.8571428571428571,0.0004
107,1.5522854328155518,1.5329089164733887,0.4423076923076923,0.8269230769230769,0.21428571428571427,0.8571428571428571,0.0004
108,1.5783148407936096,1.5321414470672607,0.40384615384615385,0.8269230769230769,0.21428571428571427,0.8571428571428571,0.0004
109,1.5936248898506165,1.531426191329956,0.2692307692307692,0.8269230769230769,0.21428571428571427,0.8571428571428571,0.0004
110,1.5576230883598328,1.5302958488464355,0.4423076923076923,0.8269230769230769,0.21428571428571427,0.8571428571428571,0.0004
111,1.588899850845337,1.5292994976043701,0.36538461538461536,0.8269230769230769,0.21428571428571427,0.8571428571428571,0.0004
112,1.5677071809768677,1.5277774333953857,0.3269230769230769,0.8269230769230769,0.21428571428571427,0.8571428571428571,0.0004
113,1.5573062896728516,1.5266813039779663,0.3076923076923077,0.8269230769230769,0.21428571428571427,0.8571428571428571,0.0004
114,1.5714448690414429,1.5255860090255737,0.34615384615384615,0.8269230769230769,0.21428571428571427,0.8571428571428571,0.0004
115,1.5468952655792236,1.5250957012176514,0.3076923076923077,0.8269230769230769,0.21428571428571427,0.8571428571428571,0.0004
116,1.6223869323730469,1.5248591899871826,0.34615384615384615,0.8269230769230769,0.21428571428571427,0.8571428571428571,0.0004
117,1.5642130970954895,1.52482271194458,0.40384615384615385,0.8269230769230769,0.21428571428571427,0.8571428571428571,0.0004
118,1.5723434686660767,1.5252337455749512,0.2692307692307692,0.8269230769230769,0.21428571428571427,0.8571428571428571,0.0004
119,1.5684297680854797,1.526413917541504,0.3076923076923077,0.8269230769230769,0.21428571428571427,0.8571428571428571,0.0004
120,1.5938607454299927,1.5266163349151611,0.4423076923076923,0.8269230769230769,0.21428571428571427,0.8571428571428571,0.0004
121,1.5913042426109314,1.5272830724716187,0.34615384615384615,0.8269230769230769,0.21428571428571427,0.8571428571428571,0.0004
122,1.5648785829544067,1.52907133102417,0.38461538461538464,0.8269230769230769,0.21428571428571427,0.8571428571428571,0.0004
123,1.5052816271781921,1.531390905380249,0.3076923076923077,0.8269230769230769,0.21428571428571427,0.8571428571428571,0.0004
124,1.577695608139038,1.5330004692077637,0.34615384615384615,0.8269230769230769,0.21428571428571427,0.8571428571428571,0.0004
125,1.6260286569595337,1.5342376232147217,0.21153846153846154,0.8269230769230769,0.21428571428571427,0.8571428571428571,0.0004
126,1.613128423690796,1.5363216400146484,0.36538461538461536,0.8269230769230769,0.21428571428571427,0.8571428571428571,0.0004
127,1.617573082447052,1.5381354093551636,0.2692307692307692,0.8269230769230769,0.21428571428571427,0.8571428571428571,0.0004
128,1.6303027868270874,1.5398422479629517,0.28846153846153844,0.8269230769230769,0.21428571428571427,0.8571428571428571,0.0004
129,1.5883780121803284,1.5412793159484863,0.3076923076923077,0.8269230769230769,0.21428571428571427,0.8571428571428571,0.0004
130,1.5978733897209167,1.5428755283355713,0.36538461538461536,0.8269230769230769,0.21428571428571427,0.8571428571428571,0.0004
131,1.5793765187263489,1.5447098016738892,0.3269230769230769,0.8269230769230769,0.21428571428571427,0.8571428571428571,0.0004
132,1.6362844705581665,1.5461949110031128,0.34615384615384615,0.8269230769230769,0.21428571428571427,0.8571428571428571,0.0004
133,1.5810253024101257,1.5488563776016235,0.3076923076923077,0.8269230769230769,0.21428571428571427,0.8571428571428571,0.0004
134,1.5743649005889893,1.5508228540420532,0.36538461538461536,0.8269230769230769,0.21428571428571427,0.8571428571428571,0.0004
135,1.608687162399292,1.5505564212799072,0.36538461538461536,0.8269230769230769,0.21428571428571427,0.8571428571428571,0.0004
136,1.6203393936157227,1.5510494709014893,0.38461538461538464,0.8269230769230769,0.21428571428571427,0.8571428571428571,0.0004
137,1.5764703154563904,1.5511921644210815,0.36538461538461536,0.8269230769230769,0.21428571428571427,0.8571428571428571,0.0004
138,1.5386032462120056,1.5501220226287842,0.40384615384615385,0.8269230769230769,0.21428571428571427,0.8571428571428571,0.0004
139,1.576920509338379,1.5484358072280884,0.28846153846153844,0.8269230769230769,0.21428571428571427,0.8571428571428571,0.0004
140,1.5516149401664734,1.546154499053955,0.36538461538461536,0.8269230769230769,0.21428571428571427,0.8571428571428571,0.0004
141,1.6078788042068481,1.543614149093628,0.3076923076923077,0.8269230769230769,0.21428571428571427,0.8571428571428571,0.0004
142,1.4986554384231567,1.5413780212402344,0.4230769230769231,0.8269230769230769,0.21428571428571427,0.8571428571428571,0.0004
143,1.5845744609832764,1.5387791395187378,0.3269230769230769,0.8269230769230769,0.21428571428571427,0.8571428571428571,0.0004
144,1.5954523086547852,1.5368807315826416,0.36538461538461536,0.8269230769230769,0.21428571428571427,0.8571428571428571,0.0004
145,1.5855955481529236,1.5352208614349365,0.38461538461538464,0.8269230769230769,0.21428571428571427,0.8571428571428571,0.0004
146,1.5781253576278687,1.5339640378952026,0.4423076923076923,0.8269230769230769,0.21428571428571427,0.8571428571428571,0.0004
147,1.677268385887146,1.5333441495895386,0.25,0.8269230769230769,0.21428571428571427,0.8571428571428571,0.0004
148,1.582663118839264,1.5328478813171387,0.38461538461538464,0.8269230769230769,0.21428571428571427,0.8571428571428571,0.0004
149,1.652607500553131,1.5328036546707153,0.25,0.8269230769230769,0.21428571428571427,0.8571428571428571,0.0004
150,1.503493309020996,1.53346586227417,0.3269230769230769,0.8269230769230769,0.21428571428571427,0.8571428571428571,0.0004
151,1.5555964708328247,1.5338506698608398,0.3269230769230769,0.8269230769230769,0.21428571428571427,0.8571428571428571,0.0004
152,1.5603339672088623,1.5332893133163452,0.4230769230769231,0.8269230769230769,0.21428571428571427,0.8571428571428571,0.0004
153,1.5273078083992004,1.5335233211517334,0.36538461538461536,0.8269230769230769,0.21428571428571427,0.8571428571428571,0.0004
154,1.5960510969161987,1.533475399017334,0.38461538461538464,0.8269230769230769,0.21428571428571427,0.8571428571428571,0.0004
155,1.6575226187705994,1.5333861112594604,0.25,0.8269230769230769,0.21428571428571427,0.8571428571428571,0.0004
156,1.5696632862091064,1.5340511798858643,0.3269230769230769,0.8269230769230769,0.21428571428571427,0.8571428571428571,0.0004
157,1.5872406363487244,1.5346481800079346,0.38461538461538464,0.8269230769230769,0.21428571428571427,0.8571428571428571,0.0004
158,1.5935936570167542,1.5350337028503418,0.36538461538461536,0.8269230769230769,0.21428571428571427,0.8571428571428571,0.0004
159,1.5849241018295288,1.535430908203125,0.4423076923076923,0.8269230769230769,0.21428571428571427,0.8571428571428571,0.0004
160,1.622913122177124,1.5357939004898071,0.3269230769230769,0.8269230769230769,0.21428571428571427,0.8571428571428571,0.0004
161,1.6080185770988464,1.5360383987426758,0.40384615384615385,0.8269230769230769,0.21428571428571427,0.8571428571428571,0.0004
162,1.6131923198699951,1.536984920501709,0.2692307692307692,0.8269230769230769,0.21428571428571427,0.8571428571428571,0.0004
163,1.6355488300323486,1.5380809307098389,0.3269230769230769,0.8269230769230769,0.21428571428571427,0.8571428571428571,0.0004
164,1.622881531715393,1.5407357215881348,0.25,0.8269230769230769,0.21428571428571427,0.8571428571428571,0.0004
165,1.5410288572311401,1.5426390171051025,0.38461538461538464,0.8269230769230769,0.21428571428571427,0.8571428571428571,0.0004
166,1.5823694467544556,1.5440568923950195,0.40384615384615385,0.8269230769230769,0.21428571428571427,0.8571428571428571,0.0004
167,1.5481411814689636,1.5450365543365479,0.25,0.8269230769230769,0.21428571428571427,0.8571428571428571,0.0004
168,1.6302015781402588,1.5457743406295776,0.28846153846153844,0.8269230769230769,0.21428571428571427,0.8571428571428571,0.0004
169,1.577647089958191,1.5469672679901123,0.19230769230769232,0.8269230769230769,0.21428571428571427,0.8571428571428571,0.0004
170,1.5813524723052979,1.5468809604644775,0.36538461538461536,0.8269230769230769,0.21428571428571427,0.8571428571428571,0.0004
171,1.5704005360603333,1.5465348958969116,0.36538461538461536,0.8269230769230769,0.21428571428571427,0.8571428571428571,0.0004
172,1.5550199151039124,1.546109676361084,0.4230769230769231,0.8269230769230769,0.21428571428571427,0.8571428571428571,0.0004
173,1.5200364589691162,1.5457172393798828,0.4423076923076923,0.8269230769230769,0.21428571428571427,0.8571428571428571,0.0004
174,1.5975828170776367,1.5447230339050293,0.4230769230769231,0.8269230769230769,0.21428571428571427,0.8571428571428571,0.0004
175,1.5877528190612793,1.5443403720855713,0.4230769230769231,0.8269230769230769,0.21428571428571427,0.8571428571428571,0.0004
176,1.5469584465026855,1.544421672821045,0.38461538461538464,0.8269230769230769,0.21428571428571427,0.8571428571428571,0.0004
177,1.5622614026069641,1.5437577962875366,0.4230769230769231,0.8269230769230769,0.21428571428571427,0.8571428571428571,0.0004
178,1.586012065410614,1.54371976852417,0.17307692307692307,0.8269230769230769,0.21428571428571427,0.8571428571428571,0.0004
179,1.557479977607727,1.543165922164917,0.3269230769230769,0.8269230769230769,0.21428571428571427,0.8571428571428571,0.0004
180,1.540348470211029,1.542417287826538,0.4230769230769231,0.8269230769230769,0.21428571428571427,0.8571428571428571,0.0004
181,1.5876606106758118,1.5422104597091675,0.40384615384615385,0.8269230769230769,0.21428571428571427,0.8571428571428571,0.0004
182,1.5795118808746338,1.541459083557129,0.38461538461538464,0.8269230769230769,0.21428571428571427,0.8571428571428571,0.0004
183,1.6150171756744385,1.5405158996582031,0.36538461538461536,0.8269230769230769,0.21428571428571427,0.8571428571428571,0.0004
184,1.605558693408966,1.5399537086486816,0.38461538461538464,0.8269230769230769,0.21428571428571427,0.8571428571428571,0.0004
185,1.6142423152923584,1.5394103527069092,0.25,0.8269230769230769,0.21428571428571427,0.8571428571428571,0.0004
186,1.595174491405487,1.5388519763946533,0.3076923076923077,0.8269230769230769,0.21428571428571427,0.8571428571428571,0.0004
187,1.540280520915985,1.5382957458496094,0.28846153846153844,0.8269230769230769,0.21428571428571427,0.8571428571428571,0.0004
188,1.6684828996658325,1.5378541946411133,0.2692307692307692,0.8269230769230769,0.21428571428571427,0.8571428571428571,0.0004
189,1.5429569482803345,1.5376828908920288,0.40384615384615385,0.8269230769230769,0.21428571428571427,0.8571428571428571,0.0004
190,1.5977396965026855,1.5381511449813843,0.3269230769230769,0.8269230769230769,0.21428571428571427,0.8571428571428571,0.0004
191,1.5626709461212158,1.5384224653244019,0.4230769230769231,0.8269230769230769,0.21428571428571427,0.8571428571428571,0.0004
192,1.5564746856689453,1.5388741493225098,0.34615384615384615,0.8269230769230769,0.21428571428571427,0.8571428571428571,0.0004
193,1.5727151036262512,1.5391104221343994,0.40384615384615385,0.8269230769230769,0.21428571428571427,0.8571428571428571,0.0004
194,1.585964024066925,1.5395642518997192,0.28846153846153844,0.8269230769230769,0.21428571428571427,0.8571428571428571,0.0004
195,1.5433368682861328,1.5389244556427002,0.34615384615384615,0.8269230769230769,0.21428571428571427,0.8571428571428571,0.0004
196,1.547233521938324,1.5389055013656616,0.3269230769230769,0.8269230769230769,0.21428571428571427,0.8571428571428571,0.0004
197,1.5727403163909912,1.53853440284729,0.34615384615384615,0.8269230769230769,0.21428571428571427,0.8571428571428571,0.0004
198,1.5563605427742004,1.5378892421722412,0.34615384615384615,0.8269230769230769,0.21428571428571427,0.8571428571428571,0.0004
199,1.5679695010185242,1.5369057655334473,0.28846153846153844,0.8269230769230769,0.21428571428571427,0.8571428571428571,0.0004
200,1.6627244353294373,1.5361639261245728,0.28846153846153844,0.8269230769230769,0.21428571428571427,0.8571428571428571,0.0004
201,1.5708075165748596,1.5357377529144287,0.28846153846153844,0.8269230769230769,0.21428571428571427,0.8571428571428571,0.0004
202,1.5757393836975098,1.5354609489440918,0.4230769230769231,0.8269230769230769,0.21428571428571427,0.8571428571428571,0.0004
203,1.5686668157577515,1.5350167751312256,0.25,0.8269230769230769,0.21428571428571427,0.8571428571428571,0.0004
204,1.5873355865478516,1.5356168746948242,0.3269230769230769,0.8269230769230769,0.21428571428571427,0.8571428571428571,0.0004
205,1.5933787822723389,1.536060094833374,0.36538461538461536,0.8269230769230769,0.21428571428571427,0.8571428571428571,0.0004
206,1.5641170740127563,1.5363571643829346,0.23076923076923078,0.8269230769230769,0.21428571428571427,0.8571428571428571,0.0004
207,1.5467199087142944,1.536456823348999,0.3076923076923077,0.8269230769230769,0.21428571428571427,0.8571428571428571,0.0004
208,1.6173718571662903,1.5367573499679565,0.28846153846153844,0.8269230769230769,0.21428571428571427,0.8571428571428571,0.0004
209,1.5665927529335022,1.5367913246154785,0.36538461538461536,0.8269230769230769,0.21428571428571427,0.8571428571428571,0.0004
210,1.6613264083862305,1.536649227142334,0.28846153846153844,0.8269230769230769,0.21428571428571427,0.8571428571428571,0.0004
211,1.5422600507736206,1.5374834537506104,0.28846153846153844,0.8269230769230769,0.21428571428571427,0.8571428571428571,0.0004
212,1.5580605864524841,1.5381598472595215,0.38461538461538464,0.8269230769230769,0.21428571428571427,0.8571428571428571,0.0004
213,1.5984134674072266,1.5385653972625732,0.28846153846153844,0.8269230769230769,0.21428571428571427,0.8571428571428571,0.0004
214,1.564084768295288,1.5390325784683228,0.38461538461538464,0.8269230769230769,0.21428571428571427,0.8571428571428571,0.0004
215,1.5711121559143066,1.5387821197509766,0.34615384615384615,0.8269230769230769,0.21428571428571427,0.8571428571428571,0.0004
216,1.6211928129196167,1.5393304824829102,0.40384615384615385,0.8269230769230769,0.21428571428571427,0.8571428571428571,0.0004
217,1.5983969569206238,1.5397552251815796,0.4807692307692308,0.8269230769230769,0.21428571428571427,0.8571428571428571,0.0004
218,1.5625693202018738,1.540036916732788,0.38461538461538464,0.8269230769230769,0.21428571428571427,0.8571428571428571,0.0004
219,1.5865601301193237,1.5402756929397583,0.40384615384615385,0.8269230769230769,0.21428571428571427,0.8571428571428571,0.0004
220,1.5731375217437744,1.5402040481567383,0.4230769230769231,0.8269230769230769,0.21428571428571427,0.8571428571428571,0.0004
221,1.5716043710708618,1.5403220653533936,0.40384615384615385,0.8269230769230769,0.21428571428571427,0.8571428571428571,0.0004
222,1.5422667860984802,1.540352702140808,0.3269230769230769,0.8269230769230769,0.21428571428571427,0.8571428571428571,0.0004
223,1.5798824429512024,1.5401849746704102,0.38461538461538464,0.8269230769230769,0.21428571428571427,0.8571428571428571,0.0004
224,1.5714744329452515,1.5403709411621094,0.38461538461538464,0.8269230769230769,0.21428571428571427,0.8571428571428571,0.0004
225,1.5516678094863892,1.5399068593978882,0.38461538461538464,0.8269230769230769,0.21428571428571427,0.8571428571428571,0.0004
226,1.56791752576828,1.5400121212005615,0.36538461538461536,0.8269230769230769,0.21428571428571427,0.8571428571428571,0.0004
227,1.5714331269264221,1.5394543409347534,0.38461538461538464,0.8269230769230769,0.21428571428571427,0.8571428571428571,0.0004
228,1.5819221138954163,1.5391144752502441,0.3076923076923077,0.8269230769230769,0.21428571428571427,0.8571428571428571,0.0004
229,1.5904285311698914,1.5386449098587036,0.3076923076923077,0.8269230769230769,0.21428571428571427,0.8571428571428571,0.0004
230,1.5557066798210144,1.5379637479782104,0.38461538461538464,0.8269230769230769,0.21428571428571427,0.8571428571428571,0.0004
231,1.5438650250434875,1.5375146865844727,0.4230769230769231,0.8269230769230769,0.21428571428571427,0.8571428571428571,0.0004
232,1.5734895467758179,1.5369609594345093,0.36538461538461536,0.8269230769230769,0.21428571428571427,0.8571428571428571,0.0004
233,1.5469942688941956,1.536655068397522,0.4230769230769231,0.8269230769230769,0.21428571428571427,0.8571428571428571,0.0004
234,1.6032342910766602,1.536348581314087,0.23076923076923078,0.8269230769230769,0.21428571428571427,0.8571428571428571,0.0004
235,1.5859785079956055,1.5362460613250732,0.3269230769230769,0.8269230769230769,0.21428571428571427,0.8571428571428571,0.0004
236,1.5797078609466553,1.5358312129974365,0.3269230769230769,0.8269230769230769,0.21428571428571427,0.8571428571428571,0.0004
237,1.5726251006126404,1.5350396633148193,0.38461538461538464,0.8269230769230769,0.21428571428571427,0.8571428571428571,0.0004
238,1.5342280864715576,1.5343592166900635,0.28846153846153844,0.8269230769230769,0.21428571428571427,0.8571428571428571,0.0004
239,1.6271519660949707,1.5341382026672363,0.28846153846153844,0.8269230769230769,0.21428571428571427,0.8571428571428571,0.0004
240,1.5422714948654175,1.5337049961090088,0.46153846153846156,0.8269230769230769,0.21428571428571427,0.8571428571428571,0.0004
241,1.557789385318756,1.5330301523208618,0.4423076923076923,0.8269230769230769,0.21428571428571427,0.8571428571428571,0.0004
242,1.6339020729064941,1.5323458909988403,0.3269230769230769,0.8269230769230769,0.21428571428571427,0.8571428571428571,0.0004
243,1.5854756236076355,1.5326812267303467,0.40384615384615385,0.8269230769230769,0.21428571428571427,0.8571428571428571,0.0004
244,1.590725600719452,1.5323841571807861,0.3269230769230769,0.8269230769230769,0.21428571428571427,0.8571428571428571,0.0004
245,1.604895293712616,1.5324950218200684,0.28846153846153844,0.8269230769230769,0.21428571428571427,0.8571428571428571,0.0004
246,1.5996668934822083,1.532698154449463,0.25,0.8269230769230769,0.21428571428571427,0.8571428571428571,0.0004
247,1.599385142326355,1.5331119298934937,0.25,0.8269230769230769,0.21428571428571427,0.8571428571428571,0.0004
248,1.606173574924469,1.5331928730010986,0.3076923076923077,0.8269230769230769,0.21428571428571427,0.8571428571428571,0.0004
249,1.6060594320297241,1.533441424369812,0.34615384615384615,0.8269230769230769,0.21428571428571427,0.8571428571428571,0.0004
250,1.5981824398040771,1.533402442932129,0.4423076923076923,0.8269230769230769,0.21428571428571427,0.8571428571428571,0.0004
251,1.5759532451629639,1.533496379852295,0.40384615384615385,0.8269230769230769,0.21428571428571427,0.8571428571428571,0.0004
252,1.5538514256477356,1.533464789390564,0.36538461538461536,0.8269230769230769,0.21428571428571427,0.8571428571428571,0.0004
253,1.6280461549758911,1.5336494445800781,0.3076923076923077,0.8269230769230769,0.21428571428571427,0.8571428571428571,0.0004
254,1.6111973524093628,1.534109354019165,0.3076923076923077,0.8269230769230769,0.21428571428571427,0.8571428571428571,0.0004
255,1.539484441280365,1.5346205234527588,0.34615384615384615,0.8269230769230769,0.21428571428571427,0.8571428571428571,0.0004
256,1.6279516816139221,1.5349133014678955,0.3076923076923077,0.8269230769230769,0.21428571428571427,0.8571428571428571,0.0004
257,1.5926655530929565,1.5350561141967773,0.4230769230769231,0.8269230769230769,0.21428571428571427,0.8571428571428571,0.0004
258,1.6157086491584778,1.5355027914047241,0.28846153846153844,0.8269230769230769,0.21428571428571427,0.8571428571428571,0.0004
259,1.5846853256225586,1.536196231842041,0.40384615384615385,0.8269230769230769,0.21428571428571427,0.8571428571428571,0.0004
260,1.5454686284065247,1.5364744663238525,0.34615384615384615,0.8269230769230769,0.21428571428571427,0.8571428571428571,0.0004
261,1.6170189380645752,1.5359398126602173,0.21153846153846154,0.8269230769230769,0.21428571428571427,0.8571428571428571,0.0004
262,1.533202588558197,1.5363514423370361,0.36538461538461536,0.8269230769230769,0.21428571428571427,0.8571428571428571,0.0004
263,1.5376755595207214,1.5357333421707153,0.38461538461538464,0.8269230769230769,0.21428571428571427,0.8571428571428571,0.0004
264,1.5970483422279358,1.535427212715149,0.2692307692307692,0.8269230769230769,0.21428571428571427,0.8571428571428571,0.0004
265,1.6256866455078125,1.5345886945724487,0.4807692307692308,0.8269230769230769,0.21428571428571427,0.8571428571428571,0.0004
266,1.5808210372924805,1.5345572233200073,0.3076923076923077,0.8269230769230769,0.21428571428571427,0.8571428571428571,0.0004
267,1.6421922445297241,1.5344138145446777,0.36538461538461536,0.8269230769230769,0.21428571428571427,0.8571428571428571,0.0004
268,1.582890510559082,1.5358084440231323,0.4807692307692308,0.8269230769230769,0.21428571428571427,0.8571428571428571,0.0004
269,1.5516486763954163,1.5357351303100586,0.3269230769230769,0.8269230769230769,0.21428571428571427,0.8571428571428571,0.0004
270,1.5582932829856873,1.5365186929702759,0.38461538461538464,0.8269230769230769,0.21428571428571427,0.8571428571428571,0.0004
271,1.6029272675514221,1.5359039306640625,0.40384615384615385,0.8269230769230769,0.21428571428571427,0.8571428571428571,0.0004
272,1.512584149837494,1.5361896753311157,0.36538461538461536,0.8269230769230769,0.21428571428571427,0.8571428571428571,0.0004
273,1.5629436373710632,1.536247730255127,0.3269230769230769,0.8269230769230769,0.21428571428571427,0.8571428571428571,0.0004
274,1.594092071056366,1.5359926223754883,0.38461538461538464,0.8269230769230769,0.21428571428571427,0.8571428571428571,0.0004
275,1.612151324748993,1.5364421606063843,0.3076923076923077,0.8269230769230769,0.21428571428571427,0.8571428571428571,0.0004
276,1.5294110178947449,1.5364230871200562,0.40384615384615385,0.8269230769230769,0.21428571428571427,0.8571428571428571,0.0004
277,1.567722201347351,1.5361053943634033,0.3269230769230769,0.8269230769230769,0.21428571428571427,0.8571428571428571,0.0004
278,1.5866317749023438,1.5356574058532715,0.34615384615384615,0.8269230769230769,0.21428571428571427,0.8571428571428571,0.0004
279,1.5999791622161865,1.5355188846588135,0.28846153846153844,0.8269230769230769,0.21428571428571427,0.8571428571428571,0.0004
280,1.5508368015289307,1.535540223121643,0.3269230769230769,0.8269230769230769,0.21428571428571427,0.8571428571428571,0.0004
281,1.5301634073257446,1.5354090929031372,0.34615384615384615,0.8269230769230769,0.21428571428571427,0.8571428571428571,0.0004
282,1.5813854932785034,1.535031795501709,0.40384615384615385,0.8269230769230769,0.21428571428571427,0.8571428571428571,0.0004
283,1.5625683069229126,1.534857153892517,0.3076923076923077,0.8269230769230769,0.21428571428571427,0.8571428571428571,0.0004
284,1.5600326657295227,1.534998893737793,0.40384615384615385,0.8269230769230769,0.21428571428571427,0.8571428571428571,0.0004
285,1.565706491470337,1.5351290702819824,0.40384615384615385,0.8269230769230769,0.21428571428571427,0.8571428571428571,0.0004
286,1.5724461674690247,1.5354552268981934,0.38461538461538464,0.8269230769230769,0.21428571428571427,0.8571428571428571,0.0004
287,1.5759770274162292,1.535806655883789,0.4807692307692308,0.8269230769230769,0.21428571428571427,0.8571428571428571,0.0004
288,1.627536654472351,1.5365900993347168,0.3269230769230769,0.8269230769230769,0.21428571428571427,0.8571428571428571,0.0004
289,1.6010423302650452,1.5372247695922852,0.38461538461538464,0.8269230769230769,0.21428571428571427,0.8571428571428571,0.0004
290,1.5365073084831238,1.5373319387435913,0.34615384615384615,0.8269230769230769,0.21428571428571427,0.8571428571428571,0.0004
291,1.5385440587997437,1.5374691486358643,0.5192307692307693,0.8269230769230769,0.21428571428571427,0.8571428571428571,0.0004
292,1.604137361049652,1.5379796028137207,0.36538461538461536,0.8269230769230769,0.21428571428571427,0.8571428571428571,0.0004
293,1.5201753377914429,1.5381667613983154,0.46153846153846156,0.8269230769230769,0.21428571428571427,0.8571428571428571,0.0004
294,1.586760401725769,1.538276195526123,0.34615384615384615,0.8269230769230769,0.21428571428571427,0.8571428571428571,0.0004
295,1.5534813404083252,1.5381269454956055,0.3269230769230769,0.8269230769230769,0.21428571428571427,0.8571428571428571,0.0004
296,1.5412182211875916,1.5375969409942627,0.4230769230769231,0.8269230769230769,0.21428571428571427,0.8571428571428571,0.0004
297,1.5745476484298706,1.5369373559951782,0.4423076923076923,0.8269230769230769,0.21428571428571427,0.8571428571428571,0.0004
298,1.5419909358024597,1.5359081029891968,0.38461538461538464,0.8269230769230769,0.21428571428571427,0.8571428571428571,0.0004
299,1.6183488368988037,1.5355075597763062,0.3269230769230769,0.8269230769230769,0.21428571428571427,0.8571428571428571,0.0004
300,1.5535257458686829,1.5346826314926147,0.40384615384615385,0.8269230769230769,0.21428571428571427,0.8571428571428571,0.0004
301,1.6259287595748901,1.5346357822418213,0.40384615384615385,0.8269230769230769,0.21428571428571427,0.8571428571428571,0.0004
302,1.5859015583992004,1.5344431400299072,0.3269230769230769,0.8269230769230769,0.21428571428571427,0.8571428571428571,0.0004
303,1.5931328535079956,1.534957766532898,0.25,0.8269230769230769,0.21428571428571427,0.8571428571428571,0.0004
304,1.59822678565979,1.5348408222198486,0.25,0.8269230769230769,0.21428571428571427,0.8571428571428571,0.0004
305,1.5410598516464233,1.5349067449569702,0.40384615384615385,0.8269230769230769,0.21428571428571427,0.8571428571428571,0.0004
306,1.5669506788253784,1.534997820854187,0.3076923076923077,0.8269230769230769,0.21428571428571427,0.8571428571428571,0.0004
307,1.5917617082595825,1.534919261932373,0.2692307692307692,0.8269230769230769,0.21428571428571427,0.8571428571428571,0.0004
308,1.5559419989585876,1.5351428985595703,0.40384615384615385,0.8269230769230769,0.21428571428571427,0.8571428571428571,0.0004
309,1.491478443145752,1.5349266529083252,0.34615384615384615,0.8269230769230769,0.21428571428571427,0.8571428571428571,0.0004
310,1.5433330535888672,1.5344574451446533,0.38461538461538464,0.8269230769230769,0.21428571428571427,0.8571428571428571,0.0004
311,1.5708669424057007,1.5339545011520386,0.34615384615384615,0.8269230769230769,0.21428571428571427,0.8571428571428571,0.0004
312,1.5758994221687317,1.533710241317749,0.3269230769230769,0.8269230769230769,0.21428571428571427,0.8571428571428571,0.0004
313,1.6024069786071777,1.5336477756500244,0.3269230769230769,0.8269230769230769,0.21428571428571427,0.8571428571428571,0.0004
314,1.593269407749176,1.5335692167282104,0.36538461538461536,0.8269230769230769,0.21428571428571427,0.8571428571428571,0.0004
315,1.616424560546875,1.533291220664978,0.3269230769230769,0.8269230769230769,0.21428571428571427,0.8571428571428571,0.0004
316,1.6049318313598633,1.5338788032531738,0.4230769230769231,0.8269230769230769,0.21428571428571427,0.8571428571428571,0.0004
317,1.580637276172638,1.534205675125122,0.34615384615384615,0.8269230769230769,0.21428571428571427,0.8571428571428571,0.0004
318,1.5026888847351074,1.5344343185424805,0.40384615384615385,0.8269230769230769,0.21428571428571427,0.8571428571428571,0.0004
319,1.6114125847816467,1.5346529483795166,0.34615384615384615,0.8269230769230769,0.21428571428571427,0.8571428571428571,0.0004
320,1.5616668462753296,1.5349502563476562,0.3076923076923077,0.8269230769230769,0.21428571428571427,0.8571428571428571,0.0004
321,1.6192477941513062,1.5350308418273926,0.34615384615384615,0.8269230769230769,0.21428571428571427,0.8571428571428571,0.0004
322,1.5991846323013306,1.5352134704589844,0.38461538461538464,0.8269230769230769,0.21428571428571427,0.8571428571428571,0.0004
323,1.5626752972602844,1.5356101989746094,0.3076923076923077,0.8269230769230769,0.21428571428571427,0.8571428571428571,0.0004
324,1.5540170669555664,1.5352686643600464,0.38461538461538464,0.8269230769230769,0.21428571428571427,0.8571428571428571,0.0004
325,1.5641918778419495,1.5350013971328735,0.38461538461538464,0.8269230769230769,0.21428571428571427,0.8571428571428571,0.0004
326,1.5576037168502808,1.5345218181610107,0.3076923076923077,0.8269230769230769,0.21428571428571427,0.8571428571428571,0.0004
327,1.5848890542984009,1.5343618392944336,0.34615384615384615,0.8269230769230769,0.21428571428571427,0.8571428571428571,0.0004
328,1.6049086451530457,1.534039855003357,0.3076923076923077,0.8269230769230769,0.21428571428571427,0.8571428571428571,0.0004
329,1.625731110572815,1.534001350402832,0.28846153846153844,0.8269230769230769,0.21428571428571427,0.8571428571428571,0.0004
330,1.5324473977088928,1.5337204933166504,0.46153846153846156,0.8269230769230769,0.21428571428571427,0.8571428571428571,0.0004
331,1.6078875064849854,1.5332057476043701,0.2692307692307692,0.8269230769230769,0.21428571428571427,0.8571428571428571,0.0004
332,1.594402015209198,1.5336582660675049,0.34615384615384615,0.8269230769230769,0.21428571428571427,0.8571428571428571,0.0004
333,1.5887457132339478,1.5340657234191895,0.2692307692307692,0.8269230769230769,0.21428571428571427,0.8571428571428571,0.0004
334,1.5476574301719666,1.5338468551635742,0.40384615384615385,0.8269230769230769,0.21428571428571427,0.8571428571428571,0.0004
335,1.5410204529762268,1.5336365699768066,0.38461538461538464,0.8269230769230769,0.21428571428571427,0.8571428571428571,0.0004
336,1.5562652945518494,1.5329256057739258,0.28846153846153844,0.8269230769230769,0.21428571428571427,0.8571428571428571,0.0004
337,1.578343152999878,1.5318230390548706,0.4423076923076923,0.8269230769230769,0.21428571428571427,0.8571428571428571,0.0004
338,1.550936222076416,1.5310933589935303,0.34615384615384615,0.8269230769230769,0.21428571428571427,0.8571428571428571,0.0004
339,1.6648454070091248,1.5309745073318481,0.38461538461538464,0.8269230769230769,0.21428571428571427,0.8571428571428571,0.0004
340,1.5582343935966492,1.5313212871551514,0.38461538461538464,0.8269230769230769,0.21428571428571427,0.8571428571428571,0.0004
341,1.5779277682304382,1.531456470489502,0.4423076923076923,0.8269230769230769,0.21428571428571427,0.8571428571428571,0.0004
342,1.565046489238739,1.5315592288970947,0.34615384615384615,0.8269230769230769,0.21428571428571427,0.8571428571428571,0.0004
343,1.5737682580947876,1.5314172506332397,0.34615384615384615,0.8269230769230769,0.21428571428571427,0.8571428571428571,0.0004
344,1.546696424484253,1.531231164932251,0.3269230769230769,0.8269230769230769,0.21428571428571427,0.8571428571428571,0.0004
345,1.56087327003479,1.5315719842910767,0.4230769230769231,0.8269230769230769,0.21428571428571427,0.8571428571428571,0.0004
346,1.5349397659301758,1.531785011291504,0.5384615384615384,0.8269230769230769,0.21428571428571427,0.8571428571428571,0.0004
347,1.5529022812843323,1.5322704315185547,0.36538461538461536,0.8269230769230769,0.21428571428571427,0.8571428571428571,0.0004
348,1.6228954195976257,1.532576560974121,0.3269230769230769,0.8269230769230769,0.21428571428571427,0.8571428571428571,0.0004
349,1.5414185523986816,1.5330822467803955,0.4423076923076923,0.8269230769230769,0.21428571428571427,0.8571428571428571,0.0004
350,1.5747092366218567,1.5332632064819336,0.4230769230769231,0.8269230769230769,0.21428571428571427,0.8571428571428571,0.0004
351,1.5606502890586853,1.5338695049285889,0.3269230769230769,0.8269230769230769,0.21428571428571427,0.8571428571428571,0.0004
352,1.521866500377655,1.5341215133666992,0.4423076923076923,0.8269230769230769,0.21428571428571427,0.8571428571428571,0.0004
353,1.5830483436584473,1.5344629287719727,0.36538461538461536,0.8269230769230769,0.21428571428571427,0.8571428571428571,0.0004
354,1.5672898292541504,1.5349210500717163,0.34615384615384615,0.8269230769230769,0.21428571428571427,0.8571428571428571,0.0004
355,1.5573095083236694,1.534886360168457,0.25,0.8269230769230769,0.21428571428571427,0.8571428571428571,0.0004
356,1.5495429039001465,1.5356035232543945,0.4423076923076923,0.8269230769230769,0.21428571428571427,0.8571428571428571,0.0004
357,1.5433393716812134,1.535843849182129,0.28846153846153844,0.8269230769230769,0.21428571428571427,0.8571428571428571,0.0004
358,1.6210752725601196,1.5364891290664673,0.38461538461538464,0.8269230769230769,0.21428571428571427,0.8571428571428571,0.0004
359,1.5268087983131409,1.537115454673767,0.40384615384615385,0.8269230769230769,0.21428571428571427,0.8571428571428571,0.0004
360,1.610062837600708,1.5381500720977783,0.3076923076923077,0.8269230769230769,0.21428571428571427,0.8571428571428571,0.0004
361,1.5193751454353333,1.5388456583023071,0.38461538461538464,0.8269230769230769,0.21428571428571427,0.8571428571428571,0.0004
362,1.5799261927604675,1.5395598411560059,0.3076923076923077,0.8269230769230769,0.21428571428571427,0.8571428571428571,0.0004
363,1.5229113101959229,1.540134310722351,0.3269230769230769,0.8269230769230769,0.21428571428571427,0.8571428571428571,0.0004
364,1.5350316762924194,1.5402816534042358,0.3269230769230769,0.8269230769230769,0.21428571428571427,0.8571428571428571,0.0004
365,1.5542040467262268,1.5408707857131958,0.46153846153846156,0.8269230769230769,0.21428571428571427,0.8571428571428571,0.0004
366,1.6008610725402832,1.5411958694458008,0.3076923076923077,0.8269230769230769,0.21428571428571427,0.8571428571428571,0.0004
367,1.6243513822555542,1.5414783954620361,0.25,0.8269230769230769,0.21428571428571427,0.8571428571428571,0.0004
368,1.6222659349441528,1.541971206665039,0.36538461538461536,0.8269230769230769,0.21428571428571427,0.8571428571428571,0.0004
369,1.570539951324463,1.5420126914978027,0.25,0.8269230769230769,0.21428571428571427,0.8571428571428571,0.0004
370,1.5677940249443054,1.5424593687057495,0.28846153846153844,0.8269230769230769,0.21428571428571427,0.8571428571428571,0.0004
371,1.6060693264007568,1.5422873497009277,0.28846153846153844,0.8269230769230769,0.21428571428571427,0.8571428571428571,0.0004
372,1.609298586845398,1.5418944358825684,0.34615384615384615,0.8269230769230769,0.21428571428571427,0.8571428571428571,0.0004
373,1.5668967366218567,1.5418517589569092,0.36538461538461536,0.8269230769230769,0.21428571428571427,0.8571428571428571,0.0004
374,1.5338082909584045,1.5417298078536987,0.4230769230769231,0.8269230769230769,0.21428571428571427,0.8571428571428571,0.0004
375,1.599380075931549,1.5413336753845215,0.34615384615384615,0.8269230769230769,0.21428571428571427,0.8571428571428571,0.0004
376,1.6000956296920776,1.5414692163467407,0.36538461538461536,0.8269230769230769,0.21428571428571427,0.8571428571428571,0.0004
377,1.5876824855804443,1.5414260625839233,0.34615384615384615,0.8269230769230769,0.21428571428571427,0.8571428571428571,0.0004
378,1.5881544351577759,1.5405299663543701,0.40384615384615385,0.8269230769230769,0.21428571428571427,0.8571428571428571,0.0004
379,1.5694206953048706,1.539907455444336,0.25,0.8269230769230769,0.21428571428571427,0.8571428571428571,0.0004
380,1.5901227593421936,1.539015769958496,0.4230769230769231,0.8269230769230769,0.21428571428571427,0.8571428571428571,0.0004
381,1.6271277070045471,1.5380334854125977,0.38461538461538464,0.8269230769230769,0.21428571428571427,0.8571428571428571,0.0004
382,1.5678702592849731,1.537168264389038,0.40384615384615385,0.8269230769230769,0.21428571428571427,0.8571428571428571,0.0004
383,1.6512449979782104,1.5365009307861328,0.28846153846153844,0.8269230769230769,0.21428571428571427,0.8571428571428571,0.0004
384,1.5802922248840332,1.5362513065338135,0.34615384615384615,0.8269230769230769,0.21428571428571427,0.8571428571428571,0.0004
385,1.5832627415657043,1.5356321334838867,0.38461538461538464,0.8269230769230769,0.21428571428571427,0.8571428571428571,0.0004
386,1.5340965390205383,1.53517746925354,0.34615384615384615,0.8269230769230769,0.21428571428571427,0.8571428571428571,0.0004
387,1.5911131501197815,1.5344207286834717,0.3269230769230769,0.8269230769230769,0.21428571428571427,0.8571428571428571,0.0004
388,1.5768663883209229,1.5337893962860107,0.38461538461538464,0.8269230769230769,0.21428571428571427,0.8571428571428571,0.0004
389,1.5720756649971008,1.5331840515136719,0.3076923076923077,0.8269230769230769,0.21428571428571427,0.8571428571428571,0.0004
390,1.5738757848739624,1.5327956676483154,0.5384615384615384,0.8269230769230769,0.21428571428571427,0.8571428571428571,0.0004
391,1.588126301765442,1.5317789316177368,0.38461538461538464,0.8269230769230769,0.21428571428571427,0.8571428571428571,0.0004
392,1.5830935835838318,1.530867099761963,0.34615384615384615,0.8269230769230769,0.21428571428571427,0.8571428571428571,0.0004
393,1.5303947925567627,1.5305190086364746,0.40384615384615385,0.8269230769230769,0.21428571428571427,0.8571428571428571,0.0004
394,1.5715337991714478,1.5292621850967407,0.40384615384615385,0.8269230769230769,0.21428571428571427,0.8571428571428571,0.0004
395,1.5987355709075928,1.5290688276290894,0.23076923076923078,0.8269230769230769,0.21428571428571427,0.8571428571428571,0.0004
396,1.5595431327819824,1.5285239219665527,0.38461538461538464,0.8269230769230769,0.21428571428571427,0.8571428571428571,0.0004
397,1.5758967399597168,1.5276515483856201,0.36538461538461536,0.8269230769230769,0.21428571428571427,0.8571428571428571,0.0004
398,1.628137230873108,1.527428150177002,0.2692307692307692,0.8269230769230769,0.21428571428571427,0.8571428571428571,0.0004
399,1.5738075971603394,1.527158498764038,0.3076923076923077,0.8269230769230769,0.21428571428571427,0.8571428571428571,0.0004
400,1.5735034346580505,1.527693271636963,0.36538461538461536,0.8269230769230769,0.21428571428571427,0.8571428571428571,0.0004
401,1.528627336025238,1.527836561203003,0.25,0.8269230769230769,0.21428571428571427,0.8571428571428571,0.0004
402,1.5848618745803833,1.5282012224197388,0.38461538461538464,0.8269230769230769,0.21428571428571427,0.8571428571428571,0.0004
403,1.5577028393745422,1.5282937288284302,0.34615384615384615,0.8269230769230769,0.21428571428571427,0.8571428571428571,0.0004
404,1.5817350149154663,1.5287805795669556,0.2692307692307692,0.8269230769230769,0.21428571428571427,0.8571428571428571,0.0004
405,1.5498387813568115,1.529109239578247,0.40384615384615385,0.8269230769230769,0.21428571428571427,0.8571428571428571,0.0004
406,1.60942941904068,1.5295294523239136,0.34615384615384615,0.8269230769230769,0.21428571428571427,0.8571428571428571,0.0004
407,1.5473705530166626,1.5299357175827026,0.36538461538461536,0.8269230769230769,0.21428571428571427,0.8571428571428571,0.0004
408,1.618827223777771,1.5301216840744019,0.28846153846153844,0.8269230769230769,0.21428571428571427,0.8571428571428571,0.0004
409,1.5761892795562744,1.5307903289794922,0.25,0.8269230769230769,0.21428571428571427,0.8571428571428571,0.0004
410,1.548797070980072,1.530968427658081,0.4230769230769231,0.8269230769230769,0.21428571428571427,0.8571428571428571,0.0004
411,1.525769293308258,1.531126618385315,0.36538461538461536,0.8269230769230769,0.21428571428571427,0.8571428571428571,0.0004
412,1.6060795187950134,1.5313771963119507,0.36538461538461536,0.8269230769230769,0.21428571428571427,0.8571428571428571,0.0004
413,1.5639912486076355,1.5319890975952148,0.40384615384615385,0.8269230769230769,0.21428571428571427,0.8571428571428571,0.0004
414,1.5874730944633484,1.5324488878250122,0.3076923076923077,0.8269230769230769,0.21428571428571427,0.8571428571428571,0.0004
415,1.5750782489776611,1.5325078964233398,0.21153846153846154,0.8269230769230769,0.21428571428571427,0.8571428571428571,0.0004
416,1.5405179262161255,1.5328971147537231,0.34615384615384615,0.8269230769230769,0.21428571428571427,0.8571428571428571,0.0004
417,1.5591679811477661,1.5329229831695557,0.36538461538461536,0.8269230769230769,0.21428571428571427,0.8571428571428571,0.0004
418,1.5706902146339417,1.5327086448669434,0.3269230769230769,0.8269230769230769,0.21428571428571427,0.8571428571428571,0.0004
419,1.5727688670158386,1.532485008239746,0.4423076923076923,0.8269230769230769,0.21428571428571427,0.8571428571428571,0.0004
420,1.524783432483673,1.5331125259399414,0.40384615384615385,0.8269230769230769,0.21428571428571427,0.8571428571428571,0.0004
421,1.560931921005249,1.5334198474884033,0.40384615384615385,0.8269230769230769,0.21428571428571427,0.8571428571428571,0.0004
422,1.5669156908988953,1.5340290069580078,0.3076923076923077,0.8269230769230769,0.21428571428571427,0.8571428571428571,0.0004
423,1.5723158717155457,1.5341047048568726,0.4230769230769231,0.8269230769230769,0.21428571428571427,0.8571428571428571,0.0004
424,1.553562045097351,1.5346014499664307,0.34615384615384615,0.8269230769230769,0.21428571428571427,0.8571428571428571,0.0004
425,1.5620731711387634,1.5345020294189453,0.3076923076923077,0.8269230769230769,0.21428571428571427,0.8571428571428571,0.0004
426,1.5513899326324463,1.5344756841659546,0.3076923076923077,0.8269230769230769,0.21428571428571427,0.8571428571428571,0.0004
427,1.576219379901886,1.5348623991012573,0.34615384615384615,0.8269230769230769,0.21428571428571427,0.8571428571428571,0.0004
428,1.5229513049125671,1.5350520610809326,0.4230769230769231,0.8269230769230769,0.21428571428571427,0.8571428571428571,0.0004
429,1.649964988231659,1.5352683067321777,0.4230769230769231,0.8269230769230769,0.21428571428571427,0.8571428571428571,0.0004
430,1.5983181595802307,1.535634994506836,0.3269230769230769,0.8269230769230769,0.21428571428571427,0.8571428571428571,0.0004
431,1.5906742811203003,1.536095380783081,0.36538461538461536,0.8269230769230769,0.21428571428571427,0.8571428571428571,0.0004
432,1.5957613587379456,1.5365865230560303,0.34615384615384615,0.8269230769230769,0.21428571428571427,0.8571428571428571,0.0004
433,1.530674695968628,1.537431240081787,0.38461538461538464,0.8269230769230769,0.21428571428571427,0.8571428571428571,0.0004
434,1.554681122303009,1.5378600358963013,0.40384615384615385,0.8269230769230769,0.21428571428571427,0.8571428571428571,0.0004
435,1.5643044710159302,1.5382887125015259,0.34615384615384615,0.8269230769230769,0.21428571428571427,0.8571428571428571,0.0004
436,1.5523953437805176,1.5384960174560547,0.36538461538461536,0.8269230769230769,0.21428571428571427,0.8571428571428571,0.0004
437,1.588502824306488,1.538933515548706,0.28846153846153844,0.8269230769230769,0.21428571428571427,0.8571428571428571,0.0004
438,1.5816748142242432,1.5392212867736816,0.36538461538461536,0.8269230769230769,0.21428571428571427,0.8571428571428571,0.0004
439,1.5749123692512512,1.5395417213439941,0.3269230769230769,0.8269230769230769,0.21428571428571427,0.8571428571428571,0.0004
440,1.5673570036888123,1.5391361713409424,0.38461538461538464,0.8269230769230769,0.21428571428571427,0.8571428571428571,0.0004
441,1.5495371222496033,1.5390928983688354,0.40384615384615385,0.8269230769230769,0.21428571428571427,0.8571428571428571,0.0004
442,1.5778217315673828,1.5384297370910645,0.3076923076923077,0.8269230769230769,0.21428571428571427,0.8571428571428571,0.0004
443,1.600536584854126,1.5373682975769043,0.3269230769230769,0.8269230769230769,0.21428571428571427,0.8571428571428571,0.0004
444,1.5434513688087463,1.5368993282318115,0.3269230769230769,0.8269230769230769,0.21428571428571427,0.8571428571428571,0.0004
445,1.571972131729126,1.536075234413147,0.4230769230769231,0.8269230769230769,0.21428571428571427,0.8571428571428571,0.0004
446,1.5843613743782043,1.5353753566741943,0.4230769230769231,0.8269230769230769,0.21428571428571427,0.8571428571428571,0.0004
447,1.5770367980003357,1.5350234508514404,0.3076923076923077,0.8269230769230769,0.21428571428571427,0.8571428571428571,0.0004
448,1.5646112561225891,1.5343029499053955,0.38461538461538464,0.8269230769230769,0.21428571428571427,0.8571428571428571,0.0004
449,1.5974082350730896,1.5343650579452515,0.40384615384615385,0.8269230769230769,0.21428571428571427,0.8571428571428571,0.0004
450,1.5974740982055664,1.5341813564300537,0.38461538461538464,0.8269230769230769,0.21428571428571427,0.8571428571428571,0.0004
451,1.5836753249168396,1.534170389175415,0.36538461538461536,0.8269230769230769,0.21428571428571427,0.8571428571428571,0.0004
452,1.5882553458213806,1.5342751741409302,0.40384615384615385,0.8269230769230769,0.21428571428571427,0.8571428571428571,0.0004
453,1.5687286853790283,1.533780574798584,0.4807692307692308,0.8269230769230769,0.21428571428571427,0.8571428571428571,0.0004
454,1.5511637926101685,1.53367280960083,0.25,0.8269230769230769,0.21428571428571427,0.8571428571428571,0.0004
455,1.5854894518852234,1.533280372619629,0.38461538461538464,0.8269230769230769,0.21428571428571427,0.8571428571428571,0.0004
456,1.5568456649780273,1.5323073863983154,0.46153846153846156,0.8269230769230769,0.21428571428571427,0.8571428571428571,0.0004
457,1.569950819015503,1.531761646270752,0.3269230769230769,0.8269230769230769,0.21428571428571427,0.8571428571428571,0.0004
458,1.5374104380607605,1.531538963317871,0.36538461538461536,0.8269230769230769,0.21428571428571427,0.8571428571428571,0.0004
459,1.5863428115844727,1.531022310256958,0.34615384615384615,0.8269230769230769,0.21428571428571427,0.8571428571428571,0.0004
460,1.561697244644165,1.5307592153549194,0.25,0.8269230769230769,0.21428571428571427,0.8571428571428571,0.0004
461,1.54011732339859,1.530639886856079,0.36538461538461536,0.8269230769230769,0.21428571428571427,0.8571428571428571,0.0004
462,1.5490576028823853,1.530268669128418,0.28846153846153844,0.8269230769230769,0.21428571428571427,0.8571428571428571,0.0004
463,1.572419822216034,1.5299828052520752,0.4423076923076923,0.8269230769230769,0.21428571428571427,0.8571428571428571,0.0004
464,1.584123134613037,1.529853105545044,0.34615384615384615,0.8269230769230769,0.21428571428571427,0.8571428571428571,0.0004
465,1.5555467009544373,1.5297696590423584,0.34615384615384615,0.8269230769230769,0.21428571428571427,0.8571428571428571,0.0004
466,1.6466619968414307,1.5298075675964355,0.25,0.8269230769230769,0.21428571428571427,0.8571428571428571,0.0004
467,1.5370646715164185,1.5299701690673828,0.28846153846153844,0.8269230769230769,0.21428571428571427,0.8571428571428571,0.0004
468,1.5680984258651733,1.5298491716384888,0.40384615384615385,0.8269230769230769,0.21428571428571427,0.8571428571428571,0.0004
469,1.613444983959198,1.5306192636489868,0.3269230769230769,0.8269230769230769,0.21428571428571427,0.8571428571428571,0.0004
470,1.5863355994224548,1.5318511724472046,0.34615384615384615,0.8269230769230769,0.21428571428571427,0.8571428571428571,0.0004
471,1.6115760803222656,1.5325435400009155,0.25,0.8269230769230769,0.21428571428571427,0.8571428571428571,0.0004
472,1.5751628875732422,1.53350830078125,0.3076923076923077,0.8269230769230769,0.21428571428571427,0.8571428571428571,0.0004
473,1.540600061416626,1.534735918045044,0.2692307692307692,0.8269230769230769,0.21428571428571427,0.8571428571428571,0.0004
474,1.5787033438682556,1.5353660583496094,0.3269230769230769,0.8269230769230769,0.21428571428571427,0.8571428571428571,0.0004
475,1.5583978295326233,1.53548264503479,0.36538461538461536,0.8269230769230769,0.21428571428571427,0.8571428571428571,0.0004
476,1.5888234376907349,1.535643219947815,0.3269230769230769,0.8269230769230769,0.21428571428571427,0.8571428571428571,0.0004
477,1.6035555601119995,1.536163330078125,0.2692307692307692,0.8269230769230769,0.21428571428571427,0.8571428571428571,0.0004
478,1.594105064868927,1.5366766452789307,0.3076923076923077,0.8269230769230769,0.21428571428571427,0.8571428571428571,0.0004
479,1.5749342441558838,1.5368330478668213,0.3076923076923077,0.8269230769230769,0.21428571428571427,0.8571428571428571,0.0004
480,1.5621777176856995,1.5372447967529297,0.38461538461538464,0.8269230769230769,0.21428571428571427,0.8571428571428571,0.0004
481,1.5828028917312622,1.5372756719589233,0.36538461538461536,0.8269230769230769,0.21428571428571427,0.8571428571428571,0.0004
482,1.606489896774292,1.5371536016464233,0.38461538461538464,0.8269230769230769,0.21428571428571427,0.8571428571428571,0.0004
483,1.6079183220863342,1.5379917621612549,0.40384615384615385,0.8269230769230769,0.21428571428571427,0.8571428571428571,0.0004
484,1.5686131715774536,1.5381673574447632,0.36538461538461536,0.8269230769230769,0.21428571428571427,0.8571428571428571,0.0004
485,1.6311815977096558,1.5388342142105103,0.25,0.8269230769230769,0.21428571428571427,0.8571428571428571,0.0004
486,1.5807731747627258,1.5391721725463867,0.3076923076923077,0.8269230769230769,0.21428571428571427,0.8571428571428571,0.0004
487,1.5501450896263123,1.5392214059829712,0.3269230769230769,0.8269230769230769,0.21428571428571427,0.8571428571428571,0.0004
488,1.543226957321167,1.5389491319656372,0.3269230769230769,0.8269230769230769,0.21428571428571427,0.8571428571428571,0.0004
489,1.5346424579620361,1.5383155345916748,0.38461538461538464,0.8269230769230769,0.21428571428571427,0.8571428571428571,0.0004
490,1.5953112840652466,1.5375492572784424,0.28846153846153844,0.8269230769230769,0.21428571428571427,0.8571428571428571,0.0004
491,1.572394073009491,1.5360136032104492,0.34615384615384615,0.8269230769230769,0.21428571428571427,0.8571428571428571,0.0004
492,1.5433552265167236,1.5356310606002808,0.40384615384615385,0.8269230769230769,0.21428571428571427,0.8571428571428571,0.0004
493,1.573670744895935,1.5351266860961914,0.3076923076923077,0.8269230769230769,0.21428571428571427,0.8571428571428571,0.0004
494,1.580012559890747,1.534206509590149,0.3269230769230769,0.8269230769230769,0.21428571428571427,0.8571428571428571,0.0004
495,1.5920374989509583,1.5337340831756592,0.25,0.8269230769230769,0.21428571428571427,0.8571428571428571,0.0004
496,1.5706109404563904,1.5334206819534302,0.36538461538461536,0.8269230769230769,0.21428571428571427,0.8571428571428571,0.0004
497,1.5721397399902344,1.5332612991333008,0.28846153846153844,0.8269230769230769,0.21428571428571427,0.8571428571428571,0.0004
498,1.614388883113861,1.5329630374908447,0.28846153846153844,0.8269230769230769,0.21428571428571427,0.8571428571428571,0.0004
499,1.5982205867767334,1.5332396030426025,0.3269230769230769,0.8269230769230769,0.21428571428571427,0.8571428571428571,0.0004
500,1.5182946920394897,1.5333256721496582,0.34615384615384615,0.8269230769230769,0.21428571428571427,0.8571428571428571,0.0004
501,1.530764400959015,1.5334157943725586,0.40384615384615385,0.8269230769230769,0.21428571428571427,0.8571428571428571,0.0004
502,1.593462347984314,1.5330404043197632,0.3269230769230769,0.8269230769230769,0.21428571428571427,0.8571428571428571,0.0004
503,1.5502381324768066,1.5338276624679565,0.34615384615384615,0.8269230769230769,0.21428571428571427,0.8571428571428571,0.0004
504,1.5362288355827332,1.5337626934051514,0.36538461538461536,0.8269230769230769,0.21428571428571427,0.8571428571428571,0.0004
505,1.5574352145195007,1.5332705974578857,0.36538461538461536,0.8269230769230769,0.21428571428571427,0.8571428571428571,0.0004
506,1.5727460384368896,1.5333844423294067,0.34615384615384615,0.8269230769230769,0.21428571428571427,0.8571428571428571,0.0004
507,1.6227247714996338,1.533273696899414,0.28846153846153844,0.8269230769230769,0.21428571428571427,0.8571428571428571,0.0004
508,1.597959816455841,1.5332672595977783,0.40384615384615385,0.8269230769230769,0.21428571428571427,0.8571428571428571,0.0004
509,1.5705950260162354,1.533907413482666,0.36538461538461536,0.8269230769230769,0.21428571428571427,0.8571428571428571,0.0004
510,1.555024802684784,1.5342278480529785,0.40384615384615385,0.8269230769230769,0.21428571428571427,0.8571428571428571,0.0004
511,1.6166623830795288,1.5349048376083374,0.38461538461538464,0.8269230769230769,0.21428571428571427,0.8571428571428571,0.0004
512,1.5835523009300232,1.5354615449905396,0.28846153846153844,0.8269230769230769,0.21428571428571427,0.8571428571428571,0.0004
513,1.581749439239502,1.5355873107910156,0.3076923076923077,0.8269230769230769,0.21428571428571427,0.8571428571428571,0.0004
514,1.5792827606201172,1.5359241962432861,0.2692307692307692,0.8269230769230769,0.21428571428571427,0.8571428571428571,0.0004
515,1.5927039980888367,1.5360236167907715,0.38461538461538464,0.8269230769230769,0.21428571428571427,0.8571428571428571,0.0004
516,1.567526638507843,1.5364643335342407,0.4423076923076923,0.8269230769230769,0.21428571428571427,0.8571428571428571,0.0004
517,1.534458041191101,1.5364258289337158,0.34615384615384615,0.8269230769230769,0.21428571428571427,0.8571428571428571,0.0004
518,1.5158846974372864,1.53569757938385,0.3269230769230769,0.8269230769230769,0.21428571428571427,0.8571428571428571,0.0004
519,1.5277121663093567,1.5347232818603516,0.4423076923076923,0.8269230769230769,0.21428571428571427,0.8571428571428571,0.0004
520,1.5755103826522827,1.5339138507843018,0.34615384615384615,0.8269230769230769,0.21428571428571427,0.8571428571428571,0.0004
521,1.6323370933532715,1.5333623886108398,0.28846153846153844,0.8269230769230769,0.21428571428571427,0.8571428571428571,0.0004
522,1.5773603320121765,1.5329099893569946,0.38461538461538464,0.8269230769230769,0.21428571428571427,0.8571428571428571,0.0004
523,1.549161672592163,1.5328915119171143,0.36538461538461536,0.8269230769230769,0.21428571428571427,0.8571428571428571,0.0004
524,1.5940796732902527,1.5324208736419678,0.46153846153846156,0.8269230769230769,0.21428571428571427,0.8571428571428571,0.0004
525,1.6309603452682495,1.5322792530059814,0.34615384615384615,0.8269230769230769,0.21428571428571427,0.8571428571428571,0.0004
526,1.600088119506836,1.532461166381836,0.36538461538461536,0.8269230769230769,0.21428571428571427,0.8571428571428571,0.0004
527,1.6049336791038513,1.532141923904419,0.34615384615384615,0.8269230769230769,0.21428571428571427,0.8571428571428571,0.0004
528,1.6237735748291016,1.5324310064315796,0.40384615384615385,0.8269230769230769,0.21428571428571427,0.8571428571428571,0.0004
529,1.5551065802574158,1.5327472686767578,0.38461538461538464,0.8269230769230769,0.21428571428571427,0.8571428571428571,0.0004
530,1.5391254425048828,1.5331339836120605,0.36538461538461536,0.8269230769230769,0.21428571428571427,0.8571428571428571,0.0004
531,1.5465087890625,1.5334686040878296,0.40384615384615385,0.8269230769230769,0.21428571428571427,0.8571428571428571,0.0004
532,1.5534189343452454,1.53340744972229,0.3269230769230769,0.8269230769230769,0.21428571428571427,0.8571428571428571,0.0004
533,1.6415465474128723,1.5335118770599365,0.3269230769230769,0.8269230769230769,0.21428571428571427,0.8571428571428571,0.0004
534,1.5792559385299683,1.5337398052215576,0.34615384615384615,0.8269230769230769,0.21428571428571427,0.8571428571428571,0.0004
535,1.5322654247283936,1.5336533784866333,0.28846153846153844,0.8269230769230769,0.21428571428571427,0.8571428571428571,0.0004
536,1.5663458704948425,1.5338623523712158,0.3076923076923077,0.8269230769230769,0.21428571428571427,0.8571428571428571,0.0004
537,1.605907678604126,1.5336130857467651,0.36538461538461536,0.8269230769230769,0.21428571428571427,0.8571428571428571,0.0004
538,1.5493088960647583,1.5334540605545044,0.36538461538461536,0.8269230769230769,0.21428571428571427,0.8571428571428571,0.0004
539,1.5730986595153809,1.5333914756774902,0.38461538461538464,0.8269230769230769,0.21428571428571427,0.8571428571428571,0.0004
540,1.5582350492477417,1.533109188079834,0.36538461538461536,0.8269230769230769,0.21428571428571427,0.8571428571428571,0.0004
541,1.5853111743927002,1.5330595970153809,0.28846153846153844,0.8269230769230769,0.21428571428571427,0.8571428571428571,0.0004
542,1.5275452136993408,1.5327341556549072,0.36538461538461536,0.8269230769230769,0.21428571428571427,0.8571428571428571,0.0004
543,1.5489065051078796,1.5325868129730225,0.3269230769230769,0.8269230769230769,0.21428571428571427,0.8571428571428571,0.0004
544,1.5761712789535522,1.5323654413223267,0.28846153846153844,0.8269230769230769,0.21428571428571427,0.8571428571428571,0.0004
545,1.5875040888786316,1.5321269035339355,0.19230769230769232,0.8269230769230769,0.21428571428571427,0.8571428571428571,0.0004
546,1.589727520942688,1.5320318937301636,0.34615384615384615,0.8269230769230769,0.21428571428571427,0.8571428571428571,0.0004
547,1.5847947001457214,1.5318317413330078,0.34615384615384615,0.8269230769230769,0.21428571428571427,0.8571428571428571,0.0004
548,1.5597031116485596,1.5317492485046387,0.34615384615384615,0.8269230769230769,0.21428571428571427,0.8571428571428571,0.0004
549,1.5721256732940674,1.5322245359420776,0.4423076923076923,0.8269230769230769,0.21428571428571427,0.8571428571428571,0.0004
550,1.5493334531784058,1.532184362411499,0.36538461538461536,0.8269230769230769,0.21428571428571427,0.8571428571428571,0.0004
551,1.5374422073364258,1.5322811603546143,0.34615384615384615,0.8269230769230769,0.21428571428571427,0.8571428571428571,0.0004
552,1.5850276947021484,1.5322566032409668,0.28846153846153844,0.8269230769230769,0.21428571428571427,0.8571428571428571,0.0004
553,1.5637313723564148,1.5318752527236938,0.46153846153846156,0.8269230769230769,0.21428571428571427,0.8571428571428571,0.0004
554,1.6439768075942993,1.5324745178222656,0.3269230769230769,0.8269230769230769,0.21428571428571427,0.8571428571428571,0.0004
555,1.5589287877082825,1.5328235626220703,0.3269230769230769,0.8269230769230769,0.21428571428571427,0.8571428571428571,0.0004
556,1.5484601855278015,1.5333110094070435,0.36538461538461536,0.8269230769230769,0.21428571428571427,0.8571428571428571,0.0004
557,1.5438215732574463,1.5338103771209717,0.4230769230769231,0.8269230769230769,0.21428571428571427,0.8571428571428571,0.0004
558,1.5708611011505127,1.5340945720672607,0.3076923076923077,0.8269230769230769,0.21428571428571427,0.8571428571428571,0.0004
559,1.5382128953933716,1.5339677333831787,0.3269230769230769,0.8269230769230769,0.21428571428571427,0.8571428571428571,0.0004
560,1.5486032962799072,1.5343395471572876,0.3076923076923077,0.8269230769230769,0.21428571428571427,0.8571428571428571,0.0004
561,1.551051139831543,1.5337603092193604,0.36538461538461536,0.8269230769230769,0.21428571428571427,0.8571428571428571,0.0004
562,1.5926653742790222,1.5340481996536255,0.34615384615384615,0.8269230769230769,0.21428571428571427,0.8571428571428571,0.0004
563,1.5671254992485046,1.5331101417541504,0.4230769230769231,0.8269230769230769,0.21428571428571427,0.8571428571428571,0.0004
564,1.5650992393493652,1.5331425666809082,0.34615384615384615,0.8269230769230769,0.21428571428571427,0.8571428571428571,0.0004
565,1.5853803157806396,1.5328221321105957,0.28846153846153844,0.8269230769230769,0.21428571428571427,0.8571428571428571,0.0004
566,1.5711392760276794,1.5333489179611206,0.3076923076923077,0.8269230769230769,0.21428571428571427,0.8571428571428571,0.0004
567,1.6144980192184448,1.533301591873169,0.3076923076923077,0.8269230769230769,0.21428571428571427,0.8571428571428571,0.0004
568,1.6126463413238525,1.5335615873336792,0.36538461538461536,0.8269230769230769,0.21428571428571427,0.8571428571428571,0.0004
569,1.5800992250442505,1.5339531898498535,0.4423076923076923,0.8269230769230769,0.21428571428571427,0.8571428571428571,0.0004
570,1.598630428314209,1.5348286628723145,0.28846153846153844,0.8269230769230769,0.21428571428571427,0.8571428571428571,0.0004
571,1.5985815525054932,1.5354678630828857,0.34615384615384615,0.8269230769230769,0.21428571428571427,0.8571428571428571,0.0004
572,1.5160146951675415,1.5365540981292725,0.3269230769230769,0.8269230769230769,0.21428571428571427,0.8571428571428571,0.0004
573,1.5944176316261292,1.5370129346847534,0.3076923076923077,0.8269230769230769,0.21428571428571427,0.8571428571428571,0.0004
574,1.5312259793281555,1.5372891426086426,0.4807692307692308,0.8269230769230769,0.21428571428571427,0.8571428571428571,0.0004
575,1.56918066740036,1.537338137626648,0.3269230769230769,0.8269230769230769,0.21428571428571427,0.8571428571428571,0.0004
576,1.574699878692627,1.5379068851470947,0.4230769230769231,0.8269230769230769,0.21428571428571427,0.8571428571428571,0.0004
577,1.571394145488739,1.5380890369415283,0.38461538461538464,0.8269230769230769,0.21428571428571427,0.8571428571428571,0.0004
578,1.5764569640159607,1.538102149963379,0.34615384615384615,0.8269230769230769,0.21428571428571427,0.8571428571428571,0.0004
579,1.5937682390213013,1.5373615026474,0.34615384615384615,0.8269230769230769,0.21428571428571427,0.8571428571428571,0.0004
580,1.5391859412193298,1.5375107526779175,0.34615384615384615,0.8269230769230769,0.21428571428571427,0.8571428571428571,0.0004
581,1.578102707862854,1.537304162979126,0.3269230769230769,0.8269230769230769,0.21428571428571427,0.8571428571428571,0.0004
582,1.5568020939826965,1.5366853475570679,0.38461538461538464,0.8269230769230769,0.21428571428571427,0.8571428571428571,0.0004
583,1.5765218138694763,1.5361534357070923,0.28846153846153844,0.8269230769230769,0.21428571428571427,0.8571428571428571,0.0004
584,1.5642661452293396,1.5357742309570312,0.38461538461538464,0.8269230769230769,0.21428571428571427,0.8571428571428571,0.0004
585,1.560884714126587,1.5354111194610596,0.4423076923076923,0.8269230769230769,0.21428571428571427,0.8571428571428571,0.0004
586,1.6047465205192566,1.5353338718414307,0.40384615384615385,0.8269230769230769,0.21428571428571427,0.8571428571428571,0.0004
587,1.5510389804840088,1.5351848602294922,0.3076923076923077,0.8269230769230769,0.21428571428571427,0.8571428571428571,0.0004
588,1.5445653796195984,1.5351277589797974,0.3076923076923077,0.8269230769230769,0.21428571428571427,0.8571428571428571,0.0004
589,1.5549196004867554,1.5347658395767212,0.3269230769230769,0.8269230769230769,0.21428571428571427,0.8571428571428571,0.0004
590,1.5819138884544373,1.5344421863555908,0.28846153846153844,0.8269230769230769,0.21428571428571427,0.8571428571428571,0.0004
591,1.5591579675674438,1.5341241359710693,0.3269230769230769,0.8269230769230769,0.21428571428571427,0.8571428571428571,0.0004
592,1.5602153539657593,1.534105658531189,0.36538461538461536,0.8269230769230769,0.21428571428571427,0.8571428571428571,0.0004
593,1.5480589270591736,1.5338376760482788,0.38461538461538464,0.8269230769230769,0.21428571428571427,0.8571428571428571,0.0004
594,1.5672663450241089,1.5337812900543213,0.28846153846153844,0.8269230769230769,0.21428571428571427,0.8571428571428571,0.0004
595,1.6289823055267334,1.5335769653320312,0.3269230769230769,0.8269230769230769,0.21428571428571427,0.8571428571428571,0.0004
596,1.5565303564071655,1.5333945751190186,0.3076923076923077,0.8269230769230769,0.21428571428571427,0.8571428571428571,0.0004
597,1.5990736484527588,1.5334513187408447,0.34615384615384615,0.8269230769230769,0.21428571428571427,0.8571428571428571,0.0004
598,1.5654224157333374,1.5337202548980713,0.4230769230769231,0.8269230769230769,0.21428571428571427,0.8571428571428571,0.0004
599,1.5668062567710876,1.5336718559265137,0.40384615384615385,0.8269230769230769,0.21428571428571427,0.8571428571428571,0.0004
600,1.5599858164787292,1.5339769124984741,0.40384615384615385,0.8269230769230769,0.21428571428571427,0.8571428571428571,0.0004
601,1.5647087693214417,1.5343568325042725,0.38461538461538464,0.8269230769230769,0.21428571428571427,0.8571428571428571,0.0004
602,1.5670949220657349,1.5343704223632812,0.34615384615384615,0.8269230769230769,0.21428571428571427,0.8571428571428571,0.0004
603,1.5535686016082764,1.5343399047851562,0.34615384615384615,0.8269230769230769,0.21428571428571427,0.8571428571428571,0.0004
604,1.561336874961853,1.5344250202178955,0.40384615384615385,0.8269230769230769,0.21428571428571427,0.8571428571428571,0.0004
605,1.5941715240478516,1.5345920324325562,0.3269230769230769,0.8269230769230769,0.21428571428571427,0.8571428571428571,0.0004
606,1.5485846996307373,1.5347319841384888,0.28846153846153844,0.8269230769230769,0.21428571428571427,0.8571428571428571,0.0004
607,1.5857085585594177,1.5347033739089966,0.4230769230769231,0.8269230769230769,0.21428571428571427,0.8571428571428571,0.0004
608,1.6183159351348877,1.534918189048767,0.36538461538461536,0.8269230769230769,0.21428571428571427,0.8571428571428571,0.0004
609,1.6215750575065613,1.5353989601135254,0.2692307692307692,0.8269230769230769,0.21428571428571427,0.8571428571428571,0.0004
610,1.5792375206947327,1.5353331565856934,0.36538461538461536,0.8269230769230769,0.21428571428571427,0.8571428571428571,0.0004
611,1.5763522386550903,1.535826325416565,0.40384615384615385,0.8269230769230769,0.21428571428571427,0.8571428571428571,0.0004
612,1.5718733668327332,1.5361312627792358,0.40384615384615385,0.8269230769230769,0.21428571428571427,0.8571428571428571,0.0004
613,1.597133994102478,1.536759376525879,0.34615384615384615,0.8269230769230769,0.21428571428571427,0.8571428571428571,0.0004
614,1.5856412649154663,1.5373018980026245,0.38461538461538464,0.8269230769230769,0.21428571428571427,0.8571428571428571,0.0004
615,1.5767863392829895,1.5374523401260376,0.3269230769230769,0.8269230769230769,0.21428571428571427,0.8571428571428571,0.0004
616,1.5209492444992065,1.5374314785003662,0.40384615384615385,0.8269230769230769,0.21428571428571427,0.8571428571428571,0.0004
617,1.5828105211257935,1.5372053384780884,0.2692307692307692,0.8269230769230769,0.21428571428571427,0.8571428571428571,0.0004
618,1.554188311100006,1.5368448495864868,0.38461538461538464,0.8269230769230769,0.21428571428571427,0.8571428571428571,0.0004
619,1.557216227054596,1.5362626314163208,0.36538461538461536,0.8269230769230769,0.21428571428571427,0.8571428571428571,0.0004
620,1.5365316271781921,1.5357210636138916,0.28846153846153844,0.8269230769230769,0.21428571428571427,0.8571428571428571,0.0004
621,1.5290217995643616,1.5350546836853027,0.3269230769230769,0.8269230769230769,0.21428571428571427,0.8571428571428571,0.0004
622,1.5477986931800842,1.5340315103530884,0.4230769230769231,0.8269230769230769,0.21428571428571427,0.8571428571428571,0.0004
623,1.569557547569275,1.5337061882019043,0.4423076923076923,0.8269230769230769,0.21428571428571427,0.8571428571428571,0.0004
624,1.592085838317871,1.5334043502807617,0.40384615384615385,0.8269230769230769,0.21428571428571427,0.8571428571428571,0.0004
625,1.5384230017662048,1.533498764038086,0.38461538461538464,0.8269230769230769,0.21428571428571427,0.8571428571428571,0.0004
626,1.5650503635406494,1.5344583988189697,0.3269230769230769,0.8269230769230769,0.21428571428571427,0.8571428571428571,0.0004
627,1.5840703845024109,1.5346789360046387,0.40384615384615385,0.8269230769230769,0.21428571428571427,0.8571428571428571,0.0004
628,1.5852317810058594,1.5350546836853027,0.3076923076923077,0.8269230769230769,0.21428571428571427,0.8571428571428571,0.0004
629,1.5829522013664246,1.5356379747390747,0.36538461538461536,0.8269230769230769,0.21428571428571427,0.8571428571428571,0.0004
630,1.5591806769371033,1.536073923110962,0.3076923076923077,0.8269230769230769,0.21428571428571427,0.8571428571428571,0.0004
631,1.568659484386444,1.536558747291565,0.3269230769230769,0.8269230769230769,0.21428571428571427,0.8571428571428571,0.0004
632,1.572496771812439,1.5370819568634033,0.34615384615384615,0.8269230769230769,0.21428571428571427,0.8571428571428571,0.0004
633,1.5852501392364502,1.5376477241516113,0.38461538461538464,0.8269230769230769,0.21428571428571427,0.8571428571428571,0.0004
634,1.581758737564087,1.5377473831176758,0.4423076923076923,0.8269230769230769,0.21428571428571427,0.8571428571428571,0.0004
635,1.5727803111076355,1.538609504699707,0.40384615384615385,0.8269230769230769,0.21428571428571427,0.8571428571428571,0.0004
636,1.5991122722625732,1.5392769575119019,0.28846153846153844,0.8269230769230769,0.21428571428571427,0.8571428571428571,0.0004
637,1.4978218078613281,1.5398104190826416,0.34615384615384615,0.8269230769230769,0.21428571428571427,0.8571428571428571,0.0004
638,1.5348132252693176,1.5402765274047852,0.38461538461538464,0.8269230769230769,0.21428571428571427,0.8571428571428571,0.0004
639,1.6067804098129272,1.5408427715301514,0.36538461538461536,0.8269230769230769,0.21428571428571427,0.8571428571428571,0.0004
640,1.596214771270752,1.5413342714309692,0.3269230769230769,0.8269230769230769,0.21428571428571427,0.8571428571428571,0.0004
641,1.6188439726829529,1.541724681854248,0.28846153846153844,0.8269230769230769,0.21428571428571427,0.8571428571428571,0.0004
642,1.5271925330162048,1.5422894954681396,0.3076923076923077,0.8269230769230769,0.21428571428571427,0.8571428571428571,0.0004
643,1.5615298748016357,1.5425091981887817,0.38461538461538464,0.8269230769230769,0.21428571428571427,0.8571428571428571,0.0004
644,1.5832618474960327,1.5421746969223022,0.36538461538461536,0.8269230769230769,0.21428571428571427,0.8571428571428571,0.0004
645,1.5716354846954346,1.5426349639892578,0.34615384615384615,0.8269230769230769,0.21428571428571427,0.8571428571428571,0.0004
646,1.5443891286849976,1.542664885520935,0.34615384615384615,0.8269230769230769,0.21428571428571427,0.8571428571428571,0.0004
647,1.547601342201233,1.5423393249511719,0.28846153846153844,0.8269230769230769,0.21428571428571427,0.8571428571428571,0.0004
648,1.577915906906128,1.5423662662506104,0.40384615384615385,0.8269230769230769,0.21428571428571427,0.8571428571428571,0.0004
649,1.5328842401504517,1.5420258045196533,0.34615384615384615,0.8269230769230769,0.21428571428571427,0.8571428571428571,0.0004
650,1.5427483320236206,1.5415711402893066,0.4230769230769231,0.8269230769230769,0.21428571428571427,0.8571428571428571,0.0004
651,1.5754464268684387,1.5413248538970947,0.3076923076923077,0.8269230769230769,0.21428571428571427,0.8571428571428571,0.0004
652,1.5069469809532166,1.541013479232788,0.38461538461538464,0.8269230769230769,0.21428571428571427,0.8571428571428571,0.0004
653,1.5285643339157104,1.5403797626495361,0.28846153846153844,0.8269230769230769,0.21428571428571427,0.8571428571428571,0.0004
654,1.6154487133026123,1.5401930809020996,0.28846153846153844,0.8269230769230769,0.21428571428571427,0.8571428571428571,0.0004
655,1.6074073910713196,1.5400680303573608,0.38461538461538464,0.8269230769230769,0.21428571428571427,0.8571428571428571,0.0004
656,1.6262713074684143,1.5400859117507935,0.36538461538461536,0.8269230769230769,0.21428571428571427,0.8571428571428571,0.0004
657,1.5824905633926392,1.5400140285491943,0.36538461538461536,0.8269230769230769,0.21428571428571427,0.8571428571428571,0.0004
658,1.5665807127952576,1.5399994850158691,0.40384615384615385,0.8269230769230769,0.21428571428571427,0.8571428571428571,0.0004
659,1.558073341846466,1.540090560913086,0.3076923076923077,0.8269230769230769,0.21428571428571427,0.8571428571428571,0.0004
660,1.5877905488014221,1.5398502349853516,0.36538461538461536,0.8269230769230769,0.21428571428571427,0.8571428571428571,0.0004
661,1.5247470140457153,1.5397224426269531,0.3269230769230769,0.8269230769230769,0.21428571428571427,0.8571428571428571,0.0004
662,1.5354061126708984,1.5396831035614014,0.38461538461538464,0.8269230769230769,0.21428571428571427,0.8571428571428571,0.0004
663,1.5990078449249268,1.5396418571472168,0.38461538461538464,0.8269230769230769,0.21428571428571427,0.8571428571428571,0.0004
664,1.6159719824790955,1.5398132801055908,0.34615384615384615,0.8269230769230769,0.21428571428571427,0.8571428571428571,0.0004
665,1.5313282012939453,1.5399072170257568,0.36538461538461536,0.8269230769230769,0.21428571428571427,0.8571428571428571,0.0004
666,1.5739376544952393,1.5399187803268433,0.3076923076923077,0.8269230769230769,0.21428571428571427,0.8571428571428571,0.0004
667,1.5523593425750732,1.5399326086044312,0.38461538461538464,0.8269230769230769,0.21428571428571427,0.8571428571428571,0.0004
668,1.5100644826889038,1.5397204160690308,0.36538461538461536,0.8269230769230769,0.21428571428571427,0.8571428571428571,0.0004
669,1.5498283505439758,1.5392792224884033,0.3076923076923077,0.8269230769230769,0.21428571428571427,0.8571428571428571,0.0004
670,1.5702476501464844,1.538907766342163,0.38461538461538464,0.8269230769230769,0.21428571428571427,0.8571428571428571,0.0004
671,1.5599518418312073,1.5386838912963867,0.4807692307692308,0.8269230769230769,0.21428571428571427,0.8571428571428571,0.0004
672,1.5378162860870361,1.538214921951294,0.3076923076923077,0.8269230769230769,0.21428571428571427,0.8571428571428571,0.0004
673,1.5393061637878418,1.5378109216690063,0.4423076923076923,0.8269230769230769,0.21428571428571427,0.8571428571428571,0.0004
674,1.5556309223175049,1.53730309009552,0.34615384615384615,0.8269230769230769,0.21428571428571427,0.8571428571428571,0.0004
675,1.524579107761383,1.5371394157409668,0.38461538461538464,0.8269230769230769,0.21428571428571427,0.8571428571428571,0.0004
676,1.5645664930343628,1.536407470703125,0.36538461538461536,0.8269230769230769,0.21428571428571427,0.8571428571428571,0.0004
677,1.580870270729065,1.5362794399261475,0.40384615384615385,0.8269230769230769,0.21428571428571427,0.8571428571428571,0.0004
678,1.6628016829490662,1.5360372066497803,0.28846153846153844,0.8269230769230769,0.21428571428571427,0.8571428571428571,0.0004
679,1.5905653238296509,1.5360848903656006,0.38461538461538464,0.8269230769230769,0.21428571428571427,0.8571428571428571,0.0004
680,1.587119996547699,1.5359950065612793,0.38461538461538464,0.8269230769230769,0.21428571428571427,0.8571428571428571,0.0004
681,1.5549035668373108,1.5362343788146973,0.34615384615384615,0.8269230769230769,0.21428571428571427,0.8571428571428571,0.0004
682,1.5423714518547058,1.5364763736724854,0.40384615384615385,0.8269230769230769,0.21428571428571427,0.8571428571428571,0.0004
683,1.5769222974777222,1.536563754081726,0.36538461538461536,0.8269230769230769,0.21428571428571427,0.8571428571428571,0.0004
684,1.5749582052230835,1.537013053894043,0.38461538461538464,0.8269230769230769,0.21428571428571427,0.8571428571428571,0.0004
685,1.5907511115074158,1.5373741388320923,0.36538461538461536,0.8269230769230769,0.21428571428571427,0.8571428571428571,0.0004
686,1.6201196908950806,1.538120985031128,0.34615384615384615,0.8269230769230769,0.21428571428571427,0.8571428571428571,0.0004
687,1.6059580445289612,1.5384093523025513,0.3076923076923077,0.8269230769230769,0.21428571428571427,0.8571428571428571,0.0004
688,1.5573073625564575,1.5386099815368652,0.4230769230769231,0.8269230769230769,0.21428571428571427,0.8571428571428571,0.0004
689,1.5707582831382751,1.5387914180755615,0.40384615384615385,0.8269230769230769,0.21428571428571427,0.8571428571428571,0.0004
690,1.5724231600761414,1.5392327308654785,0.40384615384615385,0.8269230769230769,0.21428571428571427,0.8571428571428571,0.0004
691,1.6002556085586548,1.539191722869873,0.3269230769230769,0.8269230769230769,0.21428571428571427,0.8571428571428571,0.0004
692,1.5718545317649841,1.539566993713379,0.34615384615384615,0.8269230769230769,0.21428571428571427,0.8571428571428571,0.0004
693,1.5494945049285889,1.539459228515625,0.4230769230769231,0.8269230769230769,0.21428571428571427,0.8571428571428571,0.0004
694,1.5420610904693604,1.539189338684082,0.36538461538461536,0.8269230769230769,0.21428571428571427,0.8571428571428571,0.0004
695,1.5405192375183105,1.5384621620178223,0.36538461538461536,0.8269230769230769,0.21428571428571427,0.8571428571428571,0.0004
696,1.6178218126296997,1.5379507541656494,0.34615384615384615,0.8269230769230769,0.21428571428571427,0.8571428571428571,0.0004
697,1.5204872488975525,1.5376267433166504,0.36538461538461536,0.8269230769230769,0.21428571428571427,0.8571428571428571,0.0004
698,1.5577351450920105,1.5372555255889893,0.36538461538461536,0.8269230769230769,0.21428571428571427,0.8571428571428571,0.0004
699,1.5513145923614502,1.5365175008773804,0.36538461538461536,0.8269230769230769,0.21428571428571427,0.8571428571428571,0.0004
700,1.5262246131896973,1.536057949066162,0.40384615384615385,0.8269230769230769,0.21428571428571427,0.8571428571428571,0.0004
701,1.623150885105133,1.5355329513549805,0.34615384615384615,0.8269230769230769,0.21428571428571427,0.8571428571428571,0.0004
702,1.5542953610420227,1.535271167755127,0.4230769230769231,0.8269230769230769,0.21428571428571427,0.8571428571428571,0.0004
703,1.6135677695274353,1.535221815109253,0.34615384615384615,0.8269230769230769,0.21428571428571427,0.8571428571428571,0.0004
704,1.5704089403152466,1.5352362394332886,0.3269230769230769,0.8269230769230769,0.21428571428571427,0.8571428571428571,0.0004
705,1.4950953125953674,1.53496253490448,0.36538461538461536,0.8269230769230769,0.21428571428571427,0.8571428571428571,0.0004
706,1.574922800064087,1.5342304706573486,0.3269230769230769,0.8269230769230769,0.21428571428571427,0.8571428571428571,0.0004
707,1.5792022943496704,1.5340657234191895,0.3076923076923077,0.8269230769230769,0.21428571428571427,0.8571428571428571,0.0004
708,1.5815553665161133,1.5333170890808105,0.38461538461538464,0.8269230769230769,0.21428571428571427,0.8571428571428571,0.0004
709,1.5381571054458618,1.532758116722107,0.38461538461538464,0.8269230769230769,0.21428571428571427,0.8571428571428571,0.0004
710,1.5467607975006104,1.532611608505249,0.40384615384615385,0.8269230769230769,0.21428571428571427,0.8571428571428571,0.0004
711,1.6098077893257141,1.5320849418640137,0.3076923076923077,0.8269230769230769,0.21428571428571427,0.8571428571428571,0.0004
712,1.5945999026298523,1.5317864418029785,0.28846153846153844,0.8269230769230769,0.21428571428571427,0.8571428571428571,0.0004
713,1.5617867708206177,1.5318331718444824,0.36538461538461536,0.8269230769230769,0.21428571428571427,0.8571428571428571,0.0004
714,1.5314183235168457,1.5317898988723755,0.34615384615384615,0.8269230769230769,0.21428571428571427,0.8571428571428571,0.0004
715,1.5472520589828491,1.5314563512802124,0.38461538461538464,0.8269230769230769,0.21428571428571427,0.8571428571428571,0.0004
716,1.588800847530365,1.5314440727233887,0.4230769230769231,0.8269230769230769,0.21428571428571427,0.8571428571428571,0.0004
717,1.5947327613830566,1.531432867050171,0.36538461538461536,0.8269230769230769,0.21428571428571427,0.8571428571428571,0.0004
718,1.551977515220642,1.5314539670944214,0.34615384615384615,0.8269230769230769,0.21428571428571427,0.8571428571428571,0.0004
719,1.5543383359909058,1.5316216945648193,0.28846153846153844,0.8269230769230769,0.21428571428571427,0.8571428571428571,0.0004
720,1.5587685108184814,1.5315792560577393,0.36538461538461536,0.8269230769230769,0.21428571428571427,0.8571428571428571,0.0004
721,1.5898958444595337,1.5315608978271484,0.3269230769230769,0.8269230769230769,0.21428571428571427,0.8571428571428571,0.0004
722,1.5842031240463257,1.531278133392334,0.38461538461538464,0.8269230769230769,0.21428571428571427,0.8571428571428571,0.0004
723,1.5715951919555664,1.5314228534698486,0.36538461538461536,0.8269230769230769,0.21428571428571427,0.8571428571428571,0.0004
724,1.5308105945587158,1.5318008661270142,0.36538461538461536,0.8269230769230769,0.21428571428571427,0.8571428571428571,0.0004
725,1.5447535514831543,1.5320676565170288,0.40384615384615385,0.8269230769230769,0.21428571428571427,0.8571428571428571,0.0004
726,1.5520190000534058,1.5319733619689941,0.34615384615384615,0.8269230769230769,0.21428571428571427,0.8571428571428571,0.0004
727,1.592750072479248,1.5318200588226318,0.34615384615384615,0.8269230769230769,0.21428571428571427,0.8571428571428571,0.0004
728,1.5956242084503174,1.5318808555603027,0.3076923076923077,0.8269230769230769,0.21428571428571427,0.8571428571428571,0.0004
729,1.617525577545166,1.532061219215393,0.34615384615384615,0.8269230769230769,0.21428571428571427,0.8571428571428571,0.0004
730,1.5685454607009888,1.5320698022842407,0.3076923076923077,0.8269230769230769,0.21428571428571427,0.8571428571428571,0.0004
731,1.540716528892517,1.5324132442474365,0.34615384615384615,0.8269230769230769,0.21428571428571427,0.8571428571428571,0.0004
732,1.5520751476287842,1.5327385663986206,0.34615384615384615,0.8269230769230769,0.21428571428571427,0.8571428571428571,0.0004
733,1.5534309148788452,1.5323176383972168,0.4423076923076923,0.8269230769230769,0.21428571428571427,0.8571428571428571,0.0004
734,1.52744060754776,1.5324939489364624,0.38461538461538464,0.8269230769230769,0.21428571428571427,0.8571428571428571,0.0004
735,1.5232823491096497,1.5318971872329712,0.34615384615384615,0.8269230769230769,0.21428571428571427,0.8571428571428571,0.0004
736,1.5835932493209839,1.531187653541565,0.34615384615384615,0.8269230769230769,0.21428571428571427,0.8571428571428571,0.0004
737,1.6150082349777222,1.5308079719543457,0.38461538461538464,0.8269230769230769,0.21428571428571427,0.8571428571428571,0.0004
738,1.5267712473869324,1.530430793762207,0.38461538461538464,0.8269230769230769,0.21428571428571427,0.8571428571428571,0.0004
739,1.5584810972213745,1.5301992893218994,0.3076923076923077,0.8269230769230769,0.21428571428571427,0.8571428571428571,0.0004
740,1.5674254298210144,1.5298700332641602,0.40384615384615385,0.8269230769230769,0.21428571428571427,0.8571428571428571,0.0004
741,1.5693880319595337,1.5293300151824951,0.34615384615384615,0.8269230769230769,0.21428571428571427,0.8571428571428571,0.0004
742,1.611616849899292,1.5291147232055664,0.2692307692307692,0.8269230769230769,0.21428571428571427,0.8571428571428571,0.0004
743,1.5223662853240967,1.5290889739990234,0.34615384615384615,0.8269230769230769,0.21428571428571427,0.8571428571428571,0.0004
744,1.607852816581726,1.5293149948120117,0.36538461538461536,0.8269230769230769,0.21428571428571427,0.8571428571428571,0.0004
745,1.5439797043800354,1.5289379358291626,0.28846153846153844,0.8269230769230769,0.21428571428571427,0.8571428571428571,0.0004
746,1.5340691208839417,1.528799295425415,0.38461538461538464,0.8269230769230769,0.21428571428571427,0.8571428571428571,0.0004
747,1.557044804096222,1.5286842584609985,0.36538461538461536,0.8269230769230769,0.21428571428571427,0.8571428571428571,0.0004
748,1.5683462619781494,1.528883934020996,0.38461538461538464,0.8269230769230769,0.21428571428571427,0.8571428571428571,0.0004
749,1.5509588718414307,1.5284603834152222,0.34615384615384615,0.8269230769230769,0.21428571428571427,0.8571428571428571,0.0004
750,1.6184042096138,1.528397560119629,0.46153846153846156,0.8269230769230769,0.21428571428571427,0.8571428571428571,0.0004
751,1.569303035736084,1.5284818410873413,0.34615384615384615,0.8269230769230769,0.21428571428571427,0.8571428571428571,0.0004
752,1.5794827938079834,1.5283935070037842,0.36538461538461536,0.8269230769230769,0.21428571428571427,0.8571428571428571,0.0004
753,1.5384872555732727,1.5285513401031494,0.3269230769230769,0.8269230769230769,0.21428571428571427,0.8571428571428571,0.0004
754,1.5656893253326416,1.528396725654602,0.34615384615384615,0.8269230769230769,0.21428571428571427,0.8571428571428571,0.0004
755,1.5155782103538513,1.5286815166473389,0.40384615384615385,0.8269230769230769,0.21428571428571427,0.8571428571428571,0.0004
756,1.5675984621047974,1.528929591178894,0.38461538461538464,0.8269230769230769,0.21428571428571427,0.8571428571428571,0.0004
757,1.5914274454116821,1.528590202331543,0.38461538461538464,0.8269230769230769,0.21428571428571427,0.8571428571428571,0.0004
758,1.5826911330223083,1.5289441347122192,0.36538461538461536,0.8269230769230769,0.21428571428571427,0.8571428571428571,0.0004
759,1.5641335844993591,1.5294082164764404,0.2692307692307692,0.8269230769230769,0.21428571428571427,0.8571428571428571,0.0004
760,1.5676138997077942,1.5296034812927246,0.40384615384615385,0.8269230769230769,0.21428571428571427,0.8571428571428571,0.0004
761,1.5712366700172424,1.5298712253570557,0.4230769230769231,0.8269230769230769,0.21428571428571427,0.8571428571428571,0.0004
762,1.5428996086120605,1.5297787189483643,0.40384615384615385,0.8269230769230769,0.21428571428571427,0.8571428571428571,0.0004
763,1.5131585597991943,1.5300354957580566,0.3269230769230769,0.8269230769230769,0.21428571428571427,0.8571428571428571,0.0004
764,1.5274391770362854,1.5295464992523193,0.3076923076923077,0.8269230769230769,0.21428571428571427,0.8571428571428571,0.0004
765,1.5590403079986572,1.5297502279281616,0.34615384615384615,0.8269230769230769,0.21428571428571427,0.8571428571428571,0.0004
766,1.5473856925964355,1.5296354293823242,0.40384615384615385,0.8269230769230769,0.21428571428571427,0.8571428571428571,0.0004
767,1.566287636756897,1.5297613143920898,0.3269230769230769,0.8269230769230769,0.21428571428571427,0.8571428571428571,0.0004
768,1.6153594851493835,1.5298709869384766,0.3269230769230769,0.8269230769230769,0.21428571428571427,0.8571428571428571,0.0004
769,1.5797606706619263,1.5297627449035645,0.34615384615384615,0.8269230769230769,0.21428571428571427,0.8571428571428571,0.0004
770,1.5567505359649658,1.5307377576828003,0.36538461538461536,0.8269230769230769,0.21428571428571427,0.8571428571428571,0.0004
771,1.5771378874778748,1.5311477184295654,0.34615384615384615,0.8269230769230769,0.21428571428571427,0.8571428571428571,0.0004
772,1.5429527163505554,1.5318351984024048,0.36538461538461536,0.8269230769230769,0.21428571428571427,0.8571428571428571,0.0004
773,1.5118292570114136,1.5319913625717163,0.46153846153846156,0.8269230769230769,0.21428571428571427,0.8571428571428571,0.0004
774,1.5771527886390686,1.5323385000228882,0.36538461538461536,0.8269230769230769,0.21428571428571427,0.8571428571428571,0.0004
775,1.5427942276000977,1.5329723358154297,0.36538461538461536,0.8269230769230769,0.21428571428571427,0.8571428571428571,0.0004
776,1.5946261286735535,1.5329340696334839,0.34615384615384615,0.8269230769230769,0.21428571428571427,0.8571428571428571,0.0004
777,1.5653013586997986,1.5329804420471191,0.34615384615384615,0.8269230769230769,0.21428571428571427,0.8571428571428571,0.0004
778,1.5114738941192627,1.5332553386688232,0.40384615384615385,0.8269230769230769,0.21428571428571427,0.8571428571428571,0.0004
779,1.5937950611114502,1.533194899559021,0.40384615384615385,0.8269230769230769,0.21428571428571427,0.8571428571428571,0.0004
780,1.5634309649467468,1.5334830284118652,0.34615384615384615,0.8269230769230769,0.21428571428571427,0.8571428571428571,0.0004
781,1.5874796509742737,1.5335712432861328,0.38461538461538464,0.8269230769230769,0.21428571428571427,0.8571428571428571,0.0004
782,1.6434105038642883,1.533858299255371,0.4230769230769231,0.8269230769230769,0.21428571428571427,0.8571428571428571,0.0004
783,1.5251822471618652,1.5342180728912354,0.34615384615384615,0.8269230769230769,0.21428571428571427,0.8571428571428571,0.0004
784,1.5732988119125366,1.534236192703247,0.36538461538461536,0.8269230769230769,0.21428571428571427,0.8571428571428571,0.0004
785,1.6594589948654175,1.5347925424575806,0.4230769230769231,0.8269230769230769,0.21428571428571427,0.8571428571428571,0.0004
786,1.5638169050216675,1.535394310951233,0.3269230769230769,0.8269230769230769,0.21428571428571427,0.8571428571428571,0.0004
787,1.6012243628501892,1.5357203483581543,0.36538461538461536,0.8269230769230769,0.21428571428571427,0.8571428571428571,0.0004
788,1.546370804309845,1.5362193584442139,0.34615384615384615,0.8269230769230769,0.21428571428571427,0.8571428571428571,0.0004
789,1.5578686594963074,1.5372856855392456,0.4423076923076923,0.8269230769230769,0.21428571428571427,0.8571428571428571,0.0004
790,1.5624535083770752,1.537419319152832,0.36538461538461536,0.8269230769230769,0.21428571428571427,0.8571428571428571,0.0004
791,1.5620169043540955,1.5377635955810547,0.3076923076923077,0.8269230769230769,0.21428571428571427,0.8571428571428571,0.0004
792,1.6347052454948425,1.5379142761230469,0.3269230769230769,0.8269230769230769,0.21428571428571427,0.8571428571428571,0.0004
793,1.6013503670692444,1.5388410091400146,0.3076923076923077,0.8269230769230769,0.21428571428571427,0.8571428571428571,0.0004
794,1.6150883436203003,1.539428472518921,0.38461538461538464,0.8269230769230769,0.21428571428571427,0.8571428571428571,0.0004
795,1.6138004064559937,1.5399949550628662,0.3269230769230769,0.8269230769230769,0.21428571428571427,0.8571428571428571,0.0004
796,1.611576497554779,1.5406763553619385,0.23076923076923078,0.8269230769230769,0.21428571428571427,0.8571428571428571,0.0004
797,1.5593376755714417,1.5414950847625732,0.4230769230769231,0.8269230769230769,0.21428571428571427,0.8571428571428571,0.0004
798,1.5808046460151672,1.5416548252105713,0.36538461538461536,0.8269230769230769,0.21428571428571427,0.8571428571428571,0.0004
799,1.5666673183441162,1.541689157485962,0.38461538461538464,0.8269230769230769,0.21428571428571427,0.8571428571428571,0.0004
800,1.5604655742645264,1.5413419008255005,0.36538461538461536,0.8269230769230769,0.21428571428571427,0.8571428571428571,0.0004
801,1.5880688428878784,1.540958046913147,0.28846153846153844,0.8269230769230769,0.21428571428571427,0.8571428571428571,0.0004
802,1.6137057542800903,1.5408847332000732,0.3076923076923077,0.8269230769230769,0.21428571428571427,0.8571428571428571,0.0004
803,1.5863935351371765,1.5402891635894775,0.34615384615384615,0.8269230769230769,0.21428571428571427,0.8571428571428571,0.0004
804,1.5206803679466248,1.5399744510650635,0.34615384615384615,0.8269230769230769,0.21428571428571427,0.8571428571428571,0.0004
805,1.5856115818023682,1.5391789674758911,0.38461538461538464,0.8269230769230769,0.21428571428571427,0.8571428571428571,0.0004
806,1.5578422546386719,1.538466453552246,0.38461538461538464,0.8269230769230769,0.21428571428571427,0.8571428571428571,0.0004
807,1.5742190480232239,1.5378903150558472,0.38461538461538464,0.8269230769230769,0.21428571428571427,0.8571428571428571,0.0004
808,1.6111961603164673,1.5367798805236816,0.3076923076923077,0.8269230769230769,0.21428571428571427,0.8571428571428571,0.0004
809,1.5933852791786194,1.5365545749664307,0.38461538461538464,0.8269230769230769,0.21428571428571427,0.8571428571428571,0.0004
810,1.5337655544281006,1.5363459587097168,0.36538461538461536,0.8269230769230769,0.21428571428571427,0.8571428571428571,0.0004
811,1.5696263313293457,1.5357271432876587,0.3269230769230769,0.8269230769230769,0.21428571428571427,0.8571428571428571,0.0004
812,1.5924903750419617,1.5354368686676025,0.3076923076923077,0.8269230769230769,0.21428571428571427,0.8571428571428571,0.0004
813,1.5900795459747314,1.535024881362915,0.40384615384615385,0.8269230769230769,0.21428571428571427,0.8571428571428571,0.0004
814,1.5739194750785828,1.5349410772323608,0.38461538461538464,0.8269230769230769,0.21428571428571427,0.8571428571428571,0.0004
815,1.5518306493759155,1.53468656539917,0.34615384615384615,0.8269230769230769,0.21428571428571427,0.8571428571428571,0.0004
816,1.600780189037323,1.5348336696624756,0.34615384615384615,0.8269230769230769,0.21428571428571427,0.8571428571428571,0.0004
817,1.5691421627998352,1.5343186855316162,0.28846153846153844,0.8269230769230769,0.21428571428571427,0.8571428571428571,0.0004
818,1.4884601831436157,1.5338687896728516,0.4230769230769231,0.8269230769230769,0.21428571428571427,0.8571428571428571,0.0004
819,1.5086974501609802,1.5334218740463257,0.38461538461538464,0.8269230769230769,0.21428571428571427,0.8571428571428571,0.0004
820,1.62788325548172,1.532902479171753,0.25,0.8269230769230769,0.21428571428571427,0.8571428571428571,0.0004
821,1.5497684478759766,1.532369613647461,0.3269230769230769,0.8269230769230769,0.21428571428571427,0.8571428571428571,0.0004
822,1.5695393085479736,1.5319268703460693,0.3269230769230769,0.8269230769230769,0.21428571428571427,0.8571428571428571,0.0004
823,1.5118123888969421,1.5316154956817627,0.3269230769230769,0.8269230769230769,0.21428571428571427,0.8571428571428571,0.0004
824,1.5473824739456177,1.5310356616973877,0.38461538461538464,0.8269230769230769,0.21428571428571427,0.8571428571428571,0.0004
825,1.6208568811416626,1.5309100151062012,0.34615384615384615,0.8269230769230769,0.21428571428571427,0.8571428571428571,0.0004
826,1.5402870774269104,1.5308778285980225,0.28846153846153844,0.8269230769230769,0.21428571428571427,0.8571428571428571,0.0004
827,1.5024592876434326,1.5304250717163086,0.3076923076923077,0.8269230769230769,0.21428571428571427,0.8571428571428571,0.0004
828,1.592228651046753,1.530482530593872,0.3076923076923077,0.8269230769230769,0.21428571428571427,0.8571428571428571,0.0004
829,1.5683054327964783,1.530199646949768,0.28846153846153844,0.8269230769230769,0.21428571428571427,0.8571428571428571,0.0004
830,1.6096011400222778,1.5306355953216553,0.3076923076923077,0.8269230769230769,0.21428571428571427,0.8571428571428571,0.0004
831,1.5716583132743835,1.5309687852859497,0.38461538461538464,0.8269230769230769,0.21428571428571427,0.8571428571428571,0.0004
832,1.5166026949882507,1.5317578315734863,0.40384615384615385,0.8269230769230769,0.21428571428571427,0.8571428571428571,0.0004
833,1.5252461433410645,1.5320537090301514,0.3269230769230769,0.8269230769230769,0.21428571428571427,0.8571428571428571,0.0004
834,1.5743016004562378,1.532467246055603,0.34615384615384615,0.8269230769230769,0.21428571428571427,0.8571428571428571,0.0004
835,1.5486279726028442,1.533060073852539,0.2692307692307692,0.8269230769230769,0.21428571428571427,0.8571428571428571,0.0004
836,1.5445783138275146,1.533538818359375,0.36538461538461536,0.8269230769230769,0.21428571428571427,0.8571428571428571,0.0004
837,1.5444180369377136,1.5340125560760498,0.36538461538461536,0.8269230769230769,0.21428571428571427,0.8571428571428571,0.0004
838,1.558207094669342,1.5342371463775635,0.28846153846153844,0.8269230769230769,0.21428571428571427,0.8571428571428571,0.0004
839,1.562659740447998,1.5347844362258911,0.3269230769230769,0.8269230769230769,0.21428571428571427,0.8571428571428571,0.0004
840,1.6059475541114807,1.5349366664886475,0.28846153846153844,0.8269230769230769,0.21428571428571427,0.8571428571428571,0.0004
841,1.5500471591949463,1.534954309463501,0.4230769230769231,0.8269230769230769,0.21428571428571427,0.8571428571428571,0.0004
842,1.5488715171813965,1.535435438156128,0.34615384615384615,0.8269230769230769,0.21428571428571427,0.8571428571428571,0.0004
843,1.5385321974754333,1.5355570316314697,0.36538461538461536,0.8269230769230769,0.21428571428571427,0.8571428571428571,0.0004
844,1.5511110424995422,1.5359148979187012,0.34615384615384615,0.8269230769230769,0.21428571428571427,0.8571428571428571,0.0004
845,1.573492705821991,1.536068320274353,0.3269230769230769,0.8269230769230769,0.21428571428571427,0.8571428571428571,0.0004
846,1.5425610542297363,1.5365036725997925,0.34615384615384615,0.8269230769230769,0.21428571428571427,0.8571428571428571,0.0004
847,1.63374924659729,1.5363562107086182,0.36538461538461536,0.8269230769230769,0.21428571428571427,0.8571428571428571,0.0004
848,1.568860113620758,1.5365819931030273,0.36538461538461536,0.8269230769230769,0.21428571428571427,0.8571428571428571,0.0004
849,1.553471028804779,1.5369606018066406,0.38461538461538464,0.8269230769230769,0.21428571428571427,0.8571428571428571,0.0004
850,1.6011223793029785,1.5374221801757812,0.40384615384615385,0.8269230769230769,0.21428571428571427,0.8571428571428571,0.0004
851,1.6059162616729736,1.5377875566482544,0.3076923076923077,0.8269230769230769,0.21428571428571427,0.8571428571428571,0.0004
852,1.5773862600326538,1.537632703781128,0.36538461538461536,0.8269230769230769,0.21428571428571427,0.8571428571428571,0.0004
853,1.561598002910614,1.5384697914123535,0.38461538461538464,0.8269230769230769,0.21428571428571427,0.8571428571428571,0.0004
854,1.568731963634491,1.5391407012939453,0.38461538461538464,0.8269230769230769,0.21428571428571427,0.8571428571428571,0.0004
855,1.5604737401008606,1.539586067199707,0.36538461538461536,0.8269230769230769,0.21428571428571427,0.8571428571428571,0.0004
856,1.5877354741096497,1.5401442050933838,0.34615384615384615,0.8269230769230769,0.21428571428571427,0.8571428571428571,0.0004
857,1.5415876507759094,1.5399547815322876,0.4230769230769231,0.8269230769230769,0.21428571428571427,0.8571428571428571,0.0004
858,1.5276854038238525,1.539934515953064,0.3076923076923077,0.8269230769230769,0.21428571428571427,0.8571428571428571,0.0004
859,1.5784153938293457,1.5398019552230835,0.36538461538461536,0.8269230769230769,0.21428571428571427,0.8571428571428571,0.0004
860,1.5837616324424744,1.5393906831741333,0.3269230769230769,0.8269230769230769,0.21428571428571427,0.8571428571428571,0.0004
861,1.553609549999237,1.5388226509094238,0.38461538461538464,0.8269230769230769,0.21428571428571427,0.8571428571428571,0.0004
862,1.5564945340156555,1.5389653444290161,0.34615384615384615,0.8269230769230769,0.21428571428571427,0.8571428571428571,0.0004
863,1.559251844882965,1.5386756658554077,0.4230769230769231,0.8269230769230769,0.21428571428571427,0.8571428571428571,0.0004
864,1.5461533069610596,1.5384339094161987,0.40384615384615385,0.8269230769230769,0.21428571428571427,0.8571428571428571,0.0004
865,1.6017134189605713,1.5382590293884277,0.3076923076923077,0.8269230769230769,0.21428571428571427,0.8571428571428571,0.0004
866,1.5720504522323608,1.5378543138504028,0.36538461538461536,0.8269230769230769,0.21428571428571427,0.8571428571428571,0.0004
867,1.5722358226776123,1.5379245281219482,0.28846153846153844,0.8269230769230769,0.21428571428571427,0.8571428571428571,0.0004
868,1.5693464279174805,1.537673830986023,0.34615384615384615,0.8269230769230769,0.21428571428571427,0.8571428571428571,0.0004
869,1.5559915900230408,1.5377624034881592,0.4807692307692308,0.8269230769230769,0.21428571428571427,0.8571428571428571,0.0004
870,1.5316028594970703,1.5375056266784668,0.38461538461538464,0.8269230769230769,0.21428571428571427,0.8571428571428571,0.0004
871,1.5884450674057007,1.537434458732605,0.34615384615384615,0.8269230769230769,0.21428571428571427,0.8571428571428571,0.0004
872,1.5759915113449097,1.5376501083374023,0.36538461538461536,0.8269230769230769,0.21428571428571427,0.8571428571428571,0.0004
873,1.5643235445022583,1.537732481956482,0.34615384615384615,0.8269230769230769,0.21428571428571427,0.8571428571428571,0.0004
874,1.5500925183296204,1.5374377965927124,0.36538461538461536,0.8269230769230769,0.21428571428571427,0.8571428571428571,0.0004
875,1.5519344806671143,1.5372620820999146,0.36538461538461536,0.8269230769230769,0.21428571428571427,0.8571428571428571,0.0004
876,1.606285274028778,1.537088394165039,0.40384615384615385,0.8269230769230769,0.21428571428571427,0.8571428571428571,0.0004
877,1.5132994651794434,1.5374927520751953,0.40384615384615385,0.8269230769230769,0.21428571428571427,0.8571428571428571,0.0004
878,1.569683015346527,1.5368828773498535,0.34615384615384615,0.8269230769230769,0.21428571428571427,0.8571428571428571,0.0004
879,1.5490761995315552,1.5368139743804932,0.3269230769230769,0.8269230769230769,0.21428571428571427,0.8571428571428571,0.0004
880,1.5650473833084106,1.5364516973495483,0.3269230769230769,0.8269230769230769,0.21428571428571427,0.8571428571428571,0.0004
881,1.6303499937057495,1.5364429950714111,0.36538461538461536,0.8269230769230769,0.21428571428571427,0.8571428571428571,0.0004
882,1.5996282696723938,1.5362510681152344,0.36538461538461536,0.8269230769230769,0.21428571428571427,0.8571428571428571,0.0004
883,1.5427703261375427,1.5363577604293823,0.4230769230769231,0.8269230769230769,0.21428571428571427,0.8571428571428571,0.0004
884,1.5568991303443909,1.5363743305206299,0.38461538461538464,0.8269230769230769,0.21428571428571427,0.8571428571428571,0.0004
885,1.5683202147483826,1.5364642143249512,0.4423076923076923,0.8269230769230769,0.21428571428571427,0.8571428571428571,0.0004
886,1.6309825778007507,1.5365896224975586,0.40384615384615385,0.8269230769230769,0.21428571428571427,0.8571428571428571,0.0004
887,1.5940649509429932,1.5370255708694458,0.3076923076923077,0.8269230769230769,0.21428571428571427,0.8571428571428571,0.0004
888,1.5516218543052673,1.5374233722686768,0.4423076923076923,0.8269230769230769,0.21428571428571427,0.8571428571428571,0.0004
889,1.5458484292030334,1.5379729270935059,0.34615384615384615,0.8269230769230769,0.21428571428571427,0.8571428571428571,0.0004
890,1.4941073060035706,1.5382728576660156,0.36538461538461536,0.8269230769230769,0.21428571428571427,0.8571428571428571,0.0004
891,1.593072235584259,1.5381488800048828,0.40384615384615385,0.8269230769230769,0.21428571428571427,0.8571428571428571,0.0004
892,1.580245018005371,1.5379936695098877,0.34615384615384615,0.8269230769230769,0.21428571428571427,0.8571428571428571,0.0004
893,1.595246970653534,1.5384531021118164,0.28846153846153844,0.8269230769230769,0.21428571428571427,0.8571428571428571,0.0004
894,1.575601577758789,1.5386741161346436,0.3076923076923077,0.8269230769230769,0.21428571428571427,0.8571428571428571,0.0004
895,1.547825813293457,1.538573980331421,0.34615384615384615,0.8269230769230769,0.21428571428571427,0.8571428571428571,0.0004
896,1.5674327611923218,1.538793921470642,0.34615384615384615,0.8269230769230769,0.21428571428571427,0.8571428571428571,0.0004
897,1.5592060685157776,1.5389726161956787,0.3076923076923077,0.8269230769230769,0.21428571428571427,0.8571428571428571,0.0004
898,1.5467130541801453,1.5377379655838013,0.28846153846153844,0.8269230769230769,0.21428571428571427,0.8571428571428571,0.0004
899,1.6594138145446777,1.53743314743042,0.36538461538461536,0.8269230769230769,0.21428571428571427,0.8571428571428571,0.0004
900,1.5516658425331116,1.5374408960342407,0.3076923076923077,0.8269230769230769,0.21428571428571427,0.8571428571428571,0.0004
901,1.5379104018211365,1.5374393463134766,0.34615384615384615,0.8269230769230769,0.21428571428571427,0.8571428571428571,0.0004
902,1.5369385480880737,1.5371339321136475,0.3076923076923077,0.8269230769230769,0.21428571428571427,0.8571428571428571,0.0004
903,1.558749496936798,1.5366986989974976,0.36538461538461536,0.8269230769230769,0.21428571428571427,0.8571428571428571,0.0004
904,1.5433157682418823,1.5362988710403442,0.34615384615384615,0.8269230769230769,0.21428571428571427,0.8571428571428571,0.0004
905,1.5901115536689758,1.535521149635315,0.3269230769230769,0.8269230769230769,0.21428571428571427,0.8571428571428571,0.0004
906,1.5934542417526245,1.5351988077163696,0.28846153846153844,0.8269230769230769,0.21428571428571427,0.8571428571428571,0.0004
907,1.5922048091888428,1.5347301959991455,0.36538461538461536,0.8269230769230769,0.21428571428571427,0.8571428571428571,0.0004
908,1.5406662225723267,1.5349626541137695,0.40384615384615385,0.8269230769230769,0.21428571428571427,0.8571428571428571,0.0004
909,1.5430737733840942,1.5343923568725586,0.34615384615384615,0.8269230769230769,0.21428571428571427,0.8571428571428571,0.0004
910,1.5963966846466064,1.5342246294021606,0.34615384615384615,0.8269230769230769,0.21428571428571427,0.8571428571428571,0.0004
911,1.5785449147224426,1.5338091850280762,0.36538461538461536,0.8269230769230769,0.21428571428571427,0.8571428571428571,0.0004
912,1.6276676654815674,1.5334291458129883,0.38461538461538464,0.8269230769230769,0.21428571428571427,0.8571428571428571,0.0004
913,1.5426766276359558,1.533552885055542,0.38461538461538464,0.8269230769230769,0.21428571428571427,0.8571428571428571,0.0004
914,1.5834469199180603,1.5334904193878174,0.38461538461538464,0.8269230769230769,0.21428571428571427,0.8571428571428571,0.0004
915,1.608879804611206,1.5334702730178833,0.38461538461538464,0.8269230769230769,0.21428571428571427,0.8571428571428571,0.0004
916,1.562042474746704,1.533527135848999,0.36538461538461536,0.8269230769230769,0.21428571428571427,0.8571428571428571,0.0004
917,1.5646448135375977,1.533503532409668,0.38461538461538464,0.8269230769230769,0.21428571428571427,0.8571428571428571,0.0004
918,1.542511224746704,1.5336545705795288,0.38461538461538464,0.8269230769230769,0.21428571428571427,0.8571428571428571,0.0004
919,1.5759401321411133,1.5336692333221436,0.3269230769230769,0.8269230769230769,0.21428571428571427,0.8571428571428571,0.0004
920,1.5543598532676697,1.5333991050720215,0.34615384615384615,0.8269230769230769,0.21428571428571427,0.8571428571428571,0.0004
921,1.595681369304657,1.5330462455749512,0.40384615384615385,0.8269230769230769,0.21428571428571427,0.8571428571428571,0.0004
922,1.5730522871017456,1.5330479145050049,0.3269230769230769,0.8269230769230769,0.21428571428571427,0.8571428571428571,0.0004
923,1.5593148469924927,1.5330662727355957,0.40384615384615385,0.8269230769230769,0.21428571428571427,0.8571428571428571,0.0004
924,1.5870132446289062,1.5331718921661377,0.28846153846153844,0.8269230769230769,0.21428571428571427,0.8571428571428571,0.0004
925,1.6068478226661682,1.5336171388626099,0.5192307692307693,0.8269230769230769,0.21428571428571427,0.8571428571428571,0.0004
926,1.58914315700531,1.5331997871398926,0.38461538461538464,0.8269230769230769,0.21428571428571427,0.8571428571428571,0.0004
927,1.585999071598053,1.5330543518066406,0.3076923076923077,0.8269230769230769,0.21428571428571427,0.8571428571428571,0.0004
928,1.5746402144432068,1.5330493450164795,0.36538461538461536,0.8269230769230769,0.21428571428571427,0.8571428571428571,0.0004
929,1.606128752231598,1.533488154411316,0.34615384615384615,0.8269230769230769,0.21428571428571427,0.8571428571428571,0.0004
930,1.557052195072174,1.5338952541351318,0.40384615384615385,0.8269230769230769,0.21428571428571427,0.8571428571428571,0.0004
931,1.6195772886276245,1.534237265586853,0.3269230769230769,0.8269230769230769,0.21428571428571427,0.8571428571428571,0.0004
932,1.5900638103485107,1.53428053855896,0.40384615384615385,0.8269230769230769,0.21428571428571427,0.8571428571428571,0.0004
933,1.5544760823249817,1.5347241163253784,0.34615384615384615,0.8269230769230769,0.21428571428571427,0.8571428571428571,0.0004
934,1.5793245434761047,1.534827709197998,0.3269230769230769,0.8269230769230769,0.21428571428571427,0.8571428571428571,0.0004
935,1.5489518642425537,1.5344719886779785,0.40384615384615385,0.8269230769230769,0.21428571428571427,0.8571428571428571,0.0004
936,1.59718257188797,1.5341612100601196,0.40384615384615385,0.8269230769230769,0.21428571428571427,0.8571428571428571,0.0004
937,1.5644060373306274,1.5343003273010254,0.4230769230769231,0.8269230769230769,0.21428571428571427,0.8571428571428571,0.0004
938,1.6192886233329773,1.5344468355178833,0.36538461538461536,0.8269230769230769,0.21428571428571427,0.8571428571428571,0.0004
939,1.6127227544784546,1.5347216129302979,0.34615384615384615,0.8269230769230769,0.21428571428571427,0.8571428571428571,0.0004
940,1.6145605444908142,1.5350255966186523,0.40384615384615385,0.8269230769230769,0.21428571428571427,0.8571428571428571,0.0004
941,1.5922484993934631,1.5356169939041138,0.34615384615384615,0.8269230769230769,0.21428571428571427,0.8571428571428571,0.0004
942,1.5813407897949219,1.5360184907913208,0.34615384615384615,0.8269230769230769,0.21428571428571427,0.8571428571428571,0.0004
943,1.570561170578003,1.536255121231079,0.36538461538461536,0.8269230769230769,0.21428571428571427,0.8571428571428571,0.0004
944,1.6578410863876343,1.5367512702941895,0.34615384615384615,0.8269230769230769,0.21428571428571427,0.8571428571428571,0.0004
945,1.561184585094452,1.5370347499847412,0.38461538461538464,0.8269230769230769,0.21428571428571427,0.8571428571428571,0.0004
946,1.5552011728286743,1.5376291275024414,0.38461538461538464,0.8269230769230769,0.21428571428571427,0.8571428571428571,0.0004
947,1.55394446849823,1.537440538406372,0.40384615384615385,0.8269230769230769,0.21428571428571427,0.8571428571428571,0.0004
948,1.5722886323928833,1.5377647876739502,0.3076923076923077,0.8269230769230769,0.21428571428571427,0.8571428571428571,0.0004
949,1.579485535621643,1.5373663902282715,0.3269230769230769,0.8269230769230769,0.21428571428571427,0.8571428571428571,0.0004
950,1.6259668469429016,1.537431001663208,0.36538461538461536,0.8269230769230769,0.21428571428571427,0.8571428571428571,0.0004
951,1.6127431988716125,1.5371708869934082,0.38461538461538464,0.8269230769230769,0.21428571428571427,0.8571428571428571,0.0004
952,1.5397498607635498,1.5374270677566528,0.3269230769230769,0.8269230769230769,0.21428571428571427,0.8571428571428571,0.0004
953,1.5660149455070496,1.537760853767395,0.4230769230769231,0.8269230769230769,0.21428571428571427,0.8571428571428571,0.0004
954,1.6000626683235168,1.537394642829895,0.3269230769230769,0.8269230769230769,0.21428571428571427,0.8571428571428571,0.0004
955,1.5754154920578003,1.5372017621994019,0.34615384615384615,0.8269230769230769,0.21428571428571427,0.8571428571428571,0.0004
956,1.557463526725769,1.5372651815414429,0.36538461538461536,0.8269230769230769,0.21428571428571427,0.8571428571428571,0.0004
957,1.5436668395996094,1.5367780923843384,0.3076923076923077,0.8269230769230769,0.21428571428571427,0.8571428571428571,0.0004
958,1.5763623714447021,1.536635398864746,0.40384615384615385,0.8269230769230769,0.21428571428571427,0.8571428571428571,0.0004
959,1.5610397458076477,1.535813331604004,0.34615384615384615,0.8269230769230769,0.21428571428571427,0.8571428571428571,0.0004
960,1.553786039352417,1.5354294776916504,0.34615384615384615,0.8269230769230769,0.21428571428571427,0.8571428571428571,0.0004
961,1.5567721128463745,1.5348985195159912,0.4230769230769231,0.8269230769230769,0.21428571428571427,0.8571428571428571,0.0004
962,1.5500388145446777,1.5345021486282349,0.40384615384615385,0.8269230769230769,0.21428571428571427,0.8571428571428571,0.0004
963,1.566997468471527,1.5338540077209473,0.34615384615384615,0.8269230769230769,0.21428571428571427,0.8571428571428571,0.0004
964,1.5485737323760986,1.533705234527588,0.38461538461538464,0.8269230769230769,0.21428571428571427,0.8571428571428571,0.0004
965,1.576599895954132,1.533864140510559,0.34615384615384615,0.8269230769230769,0.21428571428571427,0.8571428571428571,0.0004
966,1.5729542970657349,1.533581256866455,0.38461538461538464,0.8269230769230769,0.21428571428571427,0.8571428571428571,0.0004
967,1.6017808318138123,1.533849835395813,0.34615384615384615,0.8269230769230769,0.21428571428571427,0.8571428571428571,0.0004
968,1.5722100734710693,1.5338561534881592,0.34615384615384615,0.8269230769230769,0.21428571428571427,0.8571428571428571,0.0004
969,1.542586088180542,1.5338441133499146,0.36538461538461536,0.8269230769230769,0.21428571428571427,0.8571428571428571,0.0004
970,1.6129340529441833,1.533905029296875,0.3076923076923077,0.8269230769230769,0.21428571428571427,0.8571428571428571,0.0004
971,1.572765827178955,1.5340397357940674,0.36538461538461536,0.8269230769230769,0.21428571428571427,0.8571428571428571,0.0004
972,1.5908096432685852,1.5341212749481201,0.36538461538461536,0.8269230769230769,0.21428571428571427,0.8571428571428571,0.0004
973,1.5800930857658386,1.5346651077270508,0.36538461538461536,0.8269230769230769,0.21428571428571427,0.8571428571428571,0.0004
974,1.5851545929908752,1.5350208282470703,0.36538461538461536,0.8269230769230769,0.21428571428571427,0.8571428571428571,0.0004
975,1.5747036933898926,1.5353851318359375,0.3076923076923077,0.8269230769230769,0.21428571428571427,0.8571428571428571,0.0004
976,1.5901325345039368,1.5357619524002075,0.36538461538461536,0.8269230769230769,0.21428571428571427,0.8571428571428571,0.0004
977,1.6118685007095337,1.5358717441558838,0.38461538461538464,0.8269230769230769,0.21428571428571427,0.8571428571428571,0.0004
978,1.564541220664978,1.5362541675567627,0.36538461538461536,0.8269230769230769,0.21428571428571427,0.8571428571428571,0.0004
979,1.538625180721283,1.5364959239959717,0.3269230769230769,0.8269230769230769,0.21428571428571427,0.8571428571428571,0.0004
980,1.5746653079986572,1.5366270542144775,0.3269230769230769,0.8269230769230769,0.21428571428571427,0.8571428571428571,0.0004
981,1.614490270614624,1.5366733074188232,0.40384615384615385,0.8269230769230769,0.21428571428571427,0.8571428571428571,0.0004
982,1.5162134766578674,1.536912441253662,0.36538461538461536,0.8269230769230769,0.21428571428571427,0.8571428571428571,0.0004
983,1.5540705919265747,1.5368244647979736,0.34615384615384615,0.8269230769230769,0.21428571428571427,0.8571428571428571,0.0004
984,1.6116530895233154,1.5366859436035156,0.38461538461538464,0.8269230769230769,0.21428571428571427,0.8571428571428571,0.0004
985,1.549686849117279,1.5365188121795654,0.38461538461538464,0.8269230769230769,0.21428571428571427,0.8571428571428571,0.0004
986,1.569109857082367,1.5363011360168457,0.3076923076923077,0.8269230769230769,0.21428571428571427,0.8571428571428571,0.0004
987,1.5613117218017578,1.5359569787979126,0.36538461538461536,0.8269230769230769,0.21428571428571427,0.8571428571428571,0.0004
988,1.544879138469696,1.5360462665557861,0.36538461538461536,0.8269230769230769,0.21428571428571427,0.8571428571428571,0.0004
989,1.5948662161827087,1.535833477973938,0.36538461538461536,0.8269230769230769,0.21428571428571427,0.8571428571428571,0.0004
990,1.5662187337875366,1.5359300374984741,0.36538461538461536,0.8269230769230769,0.21428571428571427,0.8571428571428571,0.0004
991,1.5627847909927368,1.5357400178909302,0.36538461538461536,0.8269230769230769,0.21428571428571427,0.8571428571428571,0.0004
992,1.5549339056015015,1.5357547998428345,0.3269230769230769,0.8269230769230769,0.21428571428571427,0.8571428571428571,0.0004
993,1.5910221338272095,1.535646915435791,0.34615384615384615,0.8269230769230769,0.21428571428571427,0.8571428571428571,0.0004
994,1.5317180156707764,1.5352962017059326,0.34615384615384615,0.8269230769230769,0.21428571428571427,0.8571428571428571,0.0004
995,1.5621329545974731,1.535156011581421,0.36538461538461536,0.8269230769230769,0.21428571428571427,0.8571428571428571,0.0004
996,1.5586235523223877,1.5348246097564697,0.3269230769230769,0.8269230769230769,0.21428571428571427,0.8571428571428571,0.0004
997,1.6214993000030518,1.5345419645309448,0.34615384615384615,0.8269230769230769,0.21428571428571427,0.8571428571428571,0.0004
998,1.5554601550102234,1.5341203212738037,0.38461538461538464,0.8269230769230769,0.21428571428571427,0.8571428571428571,0.0004
999,1.5818673372268677,1.534082055091858,0.34615384615384615,0.8269230769230769,0.21428571428571427,0.8571428571428571,0.0004
1000,1.5877310037612915,1.5340611934661865,0.36538461538461536,0.8269230769230769,0.21428571428571427,0.8571428571428571,0.0004
