epoch,train_loss,val_loss,train_acc_action,train_acc_status,val_acc_action,val_acc_status,learning_rate
1,1.7160095572471619,1.6731116771697998,0.3076923076923077,0.6538461538461539,0.21428571428571427,0.8571428571428571,0.0004
2,1.5876085758209229,1.586574912071228,0.36538461538461536,0.8269230769230769,0.21428571428571427,0.8571428571428571,0.0004
3,1.567485511302948,1.5182915925979614,0.36538461538461536,0.8269230769230769,0.2857142857142857,0.8571428571428571,0.0004
4,1.5742532014846802,1.5051243305206299,0.2692307692307692,0.8269230769230769,0.35714285714285715,0.8571428571428571,0.0004
5,1.5995157957077026,1.5091561079025269,0.3269230769230769,0.8269230769230769,0.35714285714285715,0.8571428571428571,0.0004
6,1.5474403500556946,1.523928165435791,0.3076923076923077,0.8269230769230769,0.21428571428571427,0.8571428571428571,0.0004
7,1.574558436870575,1.547226905822754,0.36538461538461536,0.8269230769230769,0.21428571428571427,0.8571428571428571,0.0004
8,1.5406776070594788,1.559317946434021,0.36538461538461536,0.8269230769230769,0.21428571428571427,0.8571428571428571,0.0004
9,1.603852093219757,1.55718994140625,0.36538461538461536,0.8269230769230769,0.21428571428571427,0.8571428571428571,0.0004
10,1.5556337237358093,1.5480982065200806,0.36538461538461536,0.8269230769230769,0.21428571428571427,0.8571428571428571,0.0004
11,1.5531696677207947,1.5425324440002441,0.36538461538461536,0.8269230769230769,0.21428571428571427,0.8571428571428571,0.0004
12,1.5791220664978027,1.5354115962982178,0.34615384615384615,0.8269230769230769,0.35714285714285715,0.8571428571428571,0.0004
13,1.5723799467086792,1.5327932834625244,0.3076923076923077,0.8269230769230769,0.35714285714285715,0.8571428571428571,0.0004
14,1.5361303687095642,1.5248311758041382,0.3269230769230769,0.8269230769230769,0.35714285714285715,0.8571428571428571,0.0004
15,1.5825631022453308,1.5213651657104492,0.34615384615384615,0.8269230769230769,0.35714285714285715,0.8571428571428571,0.0004
16,1.558259904384613,1.5223095417022705,0.46153846153846156,0.8269230769230769,0.21428571428571427,0.8571428571428571,0.0004
17,1.5918517112731934,1.5348584651947021,0.3076923076923077,0.8269230769230769,0.21428571428571427,0.8571428571428571,0.0004
18,1.5074779391288757,1.5466488599777222,0.36538461538461536,0.8269230769230769,0.21428571428571427,0.8571428571428571,0.0004
19,1.5583614110946655,1.55184006690979,0.36538461538461536,0.8269230769230769,0.21428571428571427,0.8571428571428571,0.0004
20,1.5692139267921448,1.553883671760559,0.36538461538461536,0.8269230769230769,0.21428571428571427,0.8571428571428571,0.0004
21,1.5514894127845764,1.5455849170684814,0.36538461538461536,0.8269230769230769,0.21428571428571427,0.8571428571428571,0.0004
22,1.5688366889953613,1.533528208732605,0.36538461538461536,0.8269230769230769,0.21428571428571427,0.8571428571428571,0.0004
23,1.5221599340438843,1.5276291370391846,0.36538461538461536,0.8269230769230769,0.21428571428571427,0.8571428571428571,0.0004
24,1.5455134510993958,1.526626467704773,0.36538461538461536,0.8269230769230769,0.21428571428571427,0.8571428571428571,0.0004
25,1.5318204164505005,1.5265388488769531,0.40384615384615385,0.8269230769230769,0.21428571428571427,0.8571428571428571,0.0004
26,1.5600028038024902,1.527322769165039,0.4807692307692308,0.8269230769230769,0.35714285714285715,0.8571428571428571,0.0004
27,1.5277041792869568,1.5280430316925049,0.38461538461538464,0.8269230769230769,0.35714285714285715,0.8571428571428571,0.0004
28,1.5281572341918945,1.535359263420105,0.46153846153846156,0.8269230769230769,0.2857142857142857,0.8571428571428571,0.0004
29,1.534844160079956,1.5353801250457764,0.40384615384615385,0.8269230769230769,0.21428571428571427,0.8571428571428571,0.0004
30,1.514786183834076,1.5580979585647583,0.38461538461538464,0.8269230769230769,0.21428571428571427,0.8571428571428571,0.0004
31,1.5139799118041992,1.557222604751587,0.36538461538461536,0.8269230769230769,0.21428571428571427,0.8571428571428571,0.0004
32,1.5126070976257324,1.5595149993896484,0.36538461538461536,0.8269230769230769,0.21428571428571427,0.8571428571428571,0.0004
33,1.5402278900146484,1.5314550399780273,0.36538461538461536,0.8269230769230769,0.21428571428571427,0.8571428571428571,0.0004
34,1.5089004039764404,1.5107239484786987,0.40384615384615385,0.8269230769230769,0.21428571428571427,0.8571428571428571,0.0004
35,1.5119762420654297,1.5107933282852173,0.4230769230769231,0.8269230769230769,0.35714285714285715,0.8571428571428571,0.0004
36,1.4574135541915894,1.48379385471344,0.46153846153846156,0.8269230769230769,0.35714285714285715,0.8571428571428571,0.0004
37,1.4743807911872864,1.5469657182693481,0.38461538461538464,0.8269230769230769,0.21428571428571427,0.8571428571428571,0.0004
38,1.4131478071212769,1.5663397312164307,0.4807692307692308,0.8269230769230769,0.2857142857142857,0.8571428571428571,0.0004
39,1.4026722311973572,1.6035035848617554,0.4423076923076923,0.8269230769230769,0.21428571428571427,0.8571428571428571,0.0004
40,1.4556673765182495,1.5671956539154053,0.40384615384615385,0.8269230769230769,0.35714285714285715,0.8571428571428571,0.0004
41,1.3912637829780579,1.5651332139968872,0.4230769230769231,0.8269230769230769,0.35714285714285715,0.8571428571428571,0.0004
42,1.4008733034133911,1.6226696968078613,0.4230769230769231,0.8269230769230769,0.21428571428571427,0.8571428571428571,0.0004
43,1.352087140083313,1.666431188583374,0.46153846153846156,0.8269230769230769,0.2857142857142857,0.8571428571428571,0.0004
44,1.4509699940681458,1.6906683444976807,0.4230769230769231,0.8269230769230769,0.21428571428571427,0.8571428571428571,0.0004
45,1.346005141735077,1.600952386856079,0.4230769230769231,0.8269230769230769,0.2857142857142857,0.8571428571428571,0.0004
46,1.3883885145187378,1.6915547847747803,0.40384615384615385,0.8269230769230769,0.21428571428571427,0.8571428571428571,0.0004
47,1.342527449131012,1.6098231077194214,0.4230769230769231,0.8269230769230769,0.21428571428571427,0.8571428571428571,0.0004
48,1.322937250137329,1.6510940790176392,0.40384615384615385,0.8269230769230769,0.14285714285714285,0.8571428571428571,0.0004
49,1.274910032749176,1.5768060684204102,0.4807692307692308,0.8269230769230769,0.21428571428571427,0.8571428571428571,0.0004
50,1.319471836090088,1.6105234622955322,0.4230769230769231,0.8269230769230769,0.21428571428571427,0.8571428571428571,0.0004
51,1.2548245191574097,1.7060675621032715,0.46153846153846156,0.8461538461538461,0.21428571428571427,0.7142857142857143,0.0004
52,1.2406951785087585,1.6724518537521362,0.4807692307692308,0.8653846153846154,0.2857142857142857,0.7142857142857143,0.0004
53,1.2865309715270996,1.6793773174285889,0.46153846153846156,0.8076923076923077,0.2857142857142857,0.6428571428571429,0.0004
54,1.318167507648468,1.6885581016540527,0.40384615384615385,0.8461538461538461,0.2857142857142857,0.6428571428571429,0.0004
55,1.2544346451759338,1.7066060304641724,0.4807692307692308,0.8076923076923077,0.2857142857142857,0.7142857142857143,0.0004
56,1.1983472108840942,1.7157211303710938,0.5,0.8653846153846154,0.2857142857142857,0.6428571428571429,0.0004
57,1.3864951729774475,1.8144268989562988,0.40384615384615385,0.8076923076923077,0.21428571428571427,0.6428571428571429,0.0004
58,1.2463477849960327,1.671918272972107,0.46153846153846156,0.8076923076923077,0.2857142857142857,0.7857142857142857,0.0004
59,1.3475563526153564,1.6849441528320312,0.4423076923076923,0.8461538461538461,0.21428571428571427,0.7857142857142857,0.0004
60,1.261781632900238,1.7722530364990234,0.46153846153846156,0.8461538461538461,0.35714285714285715,0.6428571428571429,0.0004
61,1.3435828685760498,1.840664029121399,0.4807692307692308,0.7884615384615384,0.21428571428571427,0.5714285714285714,0.0004
62,1.37525475025177,1.7232344150543213,0.40384615384615385,0.8076923076923077,0.21428571428571427,0.7142857142857143,0.0004
63,1.2309505939483643,1.740768313407898,0.4230769230769231,0.8846153846153846,0.2857142857142857,0.8571428571428571,0.0004
64,1.2525416016578674,1.728421688079834,0.5192307692307693,0.8269230769230769,0.2857142857142857,0.8571428571428571,0.0004
65,1.2287992238998413,1.7769765853881836,0.5576923076923077,0.8269230769230769,0.21428571428571427,0.7857142857142857,0.0004
66,1.2875855565071106,1.7584820985794067,0.4807692307692308,0.8846153846153846,0.21428571428571427,0.6428571428571429,0.0004
67,1.29035484790802,1.9295088052749634,0.4807692307692308,0.8269230769230769,0.14285714285714285,0.5714285714285714,0.0004
68,1.3017466068267822,1.9586787223815918,0.46153846153846156,0.8653846153846154,0.21428571428571427,0.5714285714285714,0.0004
69,1.3152798414230347,1.834168791770935,0.4807692307692308,0.8076923076923077,0.35714285714285715,0.7142857142857143,0.0004
70,1.3523300290107727,2.011946678161621,0.46153846153846156,0.8653846153846154,0.21428571428571427,0.8571428571428571,0.0004
71,1.2101269960403442,1.8427520990371704,0.46153846153846156,0.8461538461538461,0.35714285714285715,0.8571428571428571,0.0004
72,1.2780227661132812,1.6845066547393799,0.5,0.8269230769230769,0.42857142857142855,0.8571428571428571,0.0004
73,1.2328791618347168,1.6516493558883667,0.5192307692307693,0.8269230769230769,0.21428571428571427,0.8571428571428571,0.0004
74,1.2572153210639954,1.7030638456344604,0.5384615384615384,0.8269230769230769,0.35714285714285715,0.7857142857142857,0.0004
75,1.2989321947097778,1.7284363508224487,0.5,0.9615384615384616,0.2857142857142857,0.7857142857142857,0.0004
76,1.4250307083129883,1.7300069332122803,0.5,0.8269230769230769,0.35714285714285715,0.7142857142857143,0.0004
77,1.3330994248390198,1.8350112438201904,0.46153846153846156,0.8461538461538461,0.2857142857142857,0.6428571428571429,0.0004
78,1.1914690732955933,1.7883120775222778,0.5,0.9230769230769231,0.2857142857142857,0.6428571428571429,0.0004
79,1.2600937485694885,1.7877415418624878,0.46153846153846156,0.8846153846153846,0.21428571428571427,0.7142857142857143,0.0004
80,1.3216857314109802,1.7307072877883911,0.5192307692307693,0.8461538461538461,0.35714285714285715,0.8571428571428571,0.0004
81,1.2039870619773865,1.7411110401153564,0.5192307692307693,0.8461538461538461,0.42857142857142855,0.7857142857142857,0.0004
82,1.380040168762207,1.7766486406326294,0.46153846153846156,0.8269230769230769,0.2857142857142857,0.7857142857142857,0.0004
83,1.1972153186798096,1.991947889328003,0.5576923076923077,0.9423076923076923,0.2857142857142857,0.6428571428571429,0.0004
84,1.2388021349906921,2.01552414894104,0.46153846153846156,0.8653846153846154,0.21428571428571427,0.6428571428571429,0.0004
85,1.246573567390442,1.8352711200714111,0.4423076923076923,0.8269230769230769,0.2857142857142857,0.7142857142857143,0.0004
86,1.1720897555351257,1.6891114711761475,0.5,0.8846153846153846,0.21428571428571427,0.6428571428571429,0.0004
87,1.2274258136749268,1.7452930212020874,0.4807692307692308,0.8846153846153846,0.35714285714285715,0.7857142857142857,0.0004
88,1.2352030873298645,1.6679470539093018,0.5576923076923077,0.8461538461538461,0.5,0.7857142857142857,0.0004
89,1.209689974784851,1.5166528224945068,0.5,0.8653846153846154,0.5714285714285714,0.8571428571428571,0.0004
90,1.3083084225654602,1.6683907508850098,0.4230769230769231,0.8269230769230769,0.5,0.7857142857142857,0.0004
91,1.2235740423202515,1.626105546951294,0.5,0.8269230769230769,0.5,0.9285714285714286,0.0004
92,1.0955824255943298,1.6627416610717773,0.5576923076923077,0.9423076923076923,0.42857142857142855,0.7142857142857143,0.0004
93,1.18293696641922,1.8214101791381836,0.4807692307692308,0.9038461538461539,0.42857142857142855,0.7142857142857143,0.0004
94,1.1027471423149109,1.864351511001587,0.5384615384615384,0.9230769230769231,0.35714285714285715,0.7857142857142857,0.0004
95,1.1949841976165771,1.7268049716949463,0.5384615384615384,0.9230769230769231,0.42857142857142855,0.7857142857142857,0.0004
96,1.0648597478866577,1.5851105451583862,0.5192307692307693,0.9423076923076923,0.5714285714285714,0.8571428571428571,0.0004
97,1.2291253805160522,1.6440763473510742,0.5384615384615384,0.8269230769230769,0.5,0.8571428571428571,0.0004
98,1.177886813879013,1.8684232234954834,0.5192307692307693,0.9038461538461539,0.2857142857142857,0.7857142857142857,0.0004
99,1.2596584558486938,2.022799253463745,0.46153846153846156,0.8846153846153846,0.35714285714285715,0.5714285714285714,0.0004
100,1.3063640594482422,1.6878300905227661,0.40384615384615385,0.8269230769230769,0.5,0.8571428571428571,0.0004
101,1.0261386930942535,1.8366317749023438,0.5576923076923077,0.9423076923076923,0.2857142857142857,0.7142857142857143,0.0004
102,1.2047771215438843,1.8494420051574707,0.5384615384615384,0.9038461538461539,0.5,0.7142857142857143,0.0004
103,1.0654019713401794,1.5027008056640625,0.5576923076923077,0.9230769230769231,0.5714285714285714,0.9285714285714286,0.0004
104,0.9935640394687653,1.6500587463378906,0.6923076923076923,0.8846153846153846,0.5714285714285714,0.8571428571428571,0.0004
105,0.9840940237045288,1.7892813682556152,0.6346153846153846,0.9807692307692307,0.35714285714285715,0.7857142857142857,0.0004
106,1.1230609714984894,1.7087039947509766,0.5384615384615384,0.8461538461538461,0.42857142857142855,0.8571428571428571,0.0004
107,1.1126772463321686,1.4715616703033447,0.5576923076923077,0.8653846153846154,0.5,0.9285714285714286,0.0004
108,1.0550241768360138,1.6032369136810303,0.6153846153846154,0.9423076923076923,0.5,0.8571428571428571,0.0004
109,1.011538803577423,1.4555103778839111,0.5961538461538461,0.9615384615384616,0.5714285714285714,0.8571428571428571,0.0004
110,1.0573738813400269,1.1942728757858276,0.5961538461538461,0.9230769230769231,0.5,0.8571428571428571,0.0004
111,1.0452409088611603,1.4433561563491821,0.5384615384615384,0.9038461538461539,0.5714285714285714,0.8571428571428571,0.0004
112,1.007969319820404,1.5275126695632935,0.5576923076923077,0.9615384615384616,0.5714285714285714,0.8571428571428571,0.0004
113,1.0307466983795166,1.7937335968017578,0.6153846153846154,0.8846153846153846,0.42857142857142855,0.6428571428571429,0.0004
114,0.946347564458847,1.6425167322158813,0.5961538461538461,0.9615384615384616,0.5,0.9285714285714286,0.0004
115,1.1336146593093872,1.591442346572876,0.5576923076923077,0.9807692307692307,0.5714285714285714,0.8571428571428571,0.0004
116,0.9652684330940247,1.610427737236023,0.6153846153846154,0.9615384615384616,0.5714285714285714,0.7857142857142857,0.0004
117,1.0348085165023804,1.4687035083770752,0.6346153846153846,0.9230769230769231,0.6428571428571429,0.8571428571428571,0.0004
118,1.170561671257019,1.8916454315185547,0.5,0.9230769230769231,0.42857142857142855,0.7857142857142857,0.0004
119,1.0065729916095734,1.4038360118865967,0.5576923076923077,0.9230769230769231,0.5714285714285714,0.8571428571428571,0.0004
120,1.0802035331726074,1.5833455324172974,0.5192307692307693,0.8846153846153846,0.5714285714285714,0.8571428571428571,0.0004
121,1.0539675056934357,1.7793755531311035,0.6346153846153846,0.9038461538461539,0.42857142857142855,0.7857142857142857,0.0004
122,1.2457614839076996,2.0595319271087646,0.5384615384615384,0.8653846153846154,0.42857142857142855,0.7142857142857143,0.0004
123,1.1314622163772583,1.6474905014038086,0.5576923076923077,0.9038461538461539,0.5,0.8571428571428571,0.0004
124,1.104747235774994,1.863962173461914,0.5769230769230769,0.9038461538461539,0.5,0.7142857142857143,0.0004
125,1.0891073942184448,1.5314207077026367,0.5769230769230769,0.9423076923076923,0.42857142857142855,0.8571428571428571,0.0004
126,1.1673913598060608,1.8511362075805664,0.5384615384615384,0.8076923076923077,0.42857142857142855,0.7142857142857143,0.0004
127,1.2320621013641357,1.8206448554992676,0.5,0.8653846153846154,0.42857142857142855,0.7857142857142857,0.0004
128,1.4009785056114197,1.8422133922576904,0.5,0.8461538461538461,0.35714285714285715,0.7857142857142857,0.0004
129,1.4343432188034058,1.8711286783218384,0.4807692307692308,0.75,0.5,0.7857142857142857,0.0004
130,1.3688634634017944,2.034677028656006,0.4230769230769231,0.8076923076923077,0.42857142857142855,0.6428571428571429,0.0004
131,1.2435161471366882,1.586094617843628,0.5769230769230769,0.8269230769230769,0.35714285714285715,0.7857142857142857,0.0004
132,1.0715052485466003,1.6054950952529907,0.5384615384615384,0.8846153846153846,0.5,0.7857142857142857,0.0004
133,1.1103944182395935,1.2226046323776245,0.5576923076923077,0.9038461538461539,0.7142857142857143,0.9285714285714286,0.0004
134,1.0469360947608948,1.686004400253296,0.6153846153846154,0.8846153846153846,0.5714285714285714,0.7857142857142857,0.0004
135,1.0581113398075104,1.593062162399292,0.6730769230769231,0.9038461538461539,0.42857142857142855,0.8571428571428571,0.0004
136,1.02960404753685,1.5180985927581787,0.6153846153846154,0.8653846153846154,0.6428571428571429,0.7857142857142857,0.0004
137,1.0741454362869263,1.495115041732788,0.5769230769230769,0.9038461538461539,0.5,0.8571428571428571,0.0004
138,1.2481401562690735,1.334505319595337,0.4807692307692308,0.8653846153846154,0.7142857142857143,0.7857142857142857,0.0004
139,1.089154601097107,1.3861273527145386,0.6153846153846154,0.9038461538461539,0.42857142857142855,0.7857142857142857,0.0004
140,1.1927081942558289,1.657416582107544,0.5384615384615384,0.8846153846153846,0.5,0.7857142857142857,0.0004
141,1.056369662284851,1.5664175748825073,0.5961538461538461,0.8461538461538461,0.5,0.8571428571428571,0.0004
142,0.9802529811859131,1.3364717960357666,0.6346153846153846,0.9807692307692307,0.5714285714285714,0.8571428571428571,0.0004
143,0.9927564263343811,1.8019369840621948,0.5961538461538461,0.9230769230769231,0.35714285714285715,0.7857142857142857,0.0004
144,0.9513903558254242,1.9758588075637817,0.6153846153846154,0.9423076923076923,0.42857142857142855,0.7142857142857143,0.0004
145,1.0190229415893555,1.5324621200561523,0.5384615384615384,0.9038461538461539,0.7142857142857143,0.8571428571428571,0.0004
146,1.0677982866764069,1.7436225414276123,0.5769230769230769,0.9615384615384616,0.5,0.7857142857142857,0.0004
147,0.9948319792747498,1.3712942600250244,0.5961538461538461,0.9038461538461539,0.7857142857142857,0.8571428571428571,0.0004
148,1.1469478607177734,1.3631199598312378,0.5961538461538461,0.9038461538461539,0.7857142857142857,0.9285714285714286,0.0004
149,1.0830576121807098,1.7445714473724365,0.6538461538461539,0.9230769230769231,0.5714285714285714,0.8571428571428571,0.0004
150,1.1137782335281372,1.5790166854858398,0.5384615384615384,0.9230769230769231,0.35714285714285715,0.8571428571428571,0.0004
151,1.0555723309516907,1.4991819858551025,0.5961538461538461,0.9807692307692307,0.5,0.8571428571428571,0.0004
152,0.9538779556751251,1.4827055931091309,0.6153846153846154,0.9615384615384616,0.6428571428571429,0.8571428571428571,0.0004
153,0.8130762875080109,1.4500458240509033,0.7115384615384616,0.9807692307692307,0.5714285714285714,0.9285714285714286,0.0004
154,0.8827311098575592,1.8082995414733887,0.5961538461538461,0.9615384615384616,0.5,0.7857142857142857,0.0004
155,1.1933218240737915,1.3920481204986572,0.5961538461538461,0.8653846153846154,0.6428571428571429,0.8571428571428571,0.0004
156,1.0356128513813019,1.5600299835205078,0.4807692307692308,0.9423076923076923,0.5,0.9285714285714286,0.0004
157,1.0784265995025635,1.7251160144805908,0.5769230769230769,0.9038461538461539,0.5,0.8571428571428571,0.0004
158,0.9604555666446686,1.6997045278549194,0.6346153846153846,0.9423076923076923,0.6428571428571429,0.8571428571428571,0.0004
159,0.918965756893158,1.6310604810714722,0.6730769230769231,0.9807692307692307,0.7142857142857143,0.7857142857142857,0.0004
160,0.9416788518428802,1.2438030242919922,0.5961538461538461,0.9423076923076923,0.8571428571428571,0.9285714285714286,0.0004
161,1.2857457399368286,1.406583547592163,0.5384615384615384,0.8846153846153846,0.7142857142857143,0.8571428571428571,0.0004
162,1.103266716003418,1.4101104736328125,0.6153846153846154,0.8653846153846154,0.7857142857142857,0.8571428571428571,0.0004
163,0.832397073507309,1.1093108654022217,0.6923076923076923,0.9807692307692307,0.5714285714285714,0.8571428571428571,0.0004
164,1.3029963076114655,1.4621756076812744,0.5192307692307693,0.9038461538461539,0.5714285714285714,0.7857142857142857,0.0004
165,0.9048146903514862,1.683480978012085,0.6346153846153846,0.9615384615384616,0.5714285714285714,0.7142857142857143,0.0004
166,0.9531014263629913,1.618168830871582,0.5769230769230769,0.9423076923076923,0.5714285714285714,0.7142857142857143,0.0004
167,1.370855689048767,1.9005341529846191,0.5384615384615384,0.8653846153846154,0.5714285714285714,0.7142857142857143,0.0004
168,1.2743534445762634,1.9863919019699097,0.5192307692307693,0.8846153846153846,0.5,0.6428571428571429,0.0004
169,1.2320833206176758,1.9234919548034668,0.5192307692307693,0.8653846153846154,0.5,0.7142857142857143,0.0004
170,1.0338853597640991,1.5840184688568115,0.5961538461538461,0.9230769230769231,0.5714285714285714,0.9285714285714286,0.0004
171,0.9438297748565674,1.8961896896362305,0.6538461538461539,0.9038461538461539,0.42857142857142855,0.7142857142857143,0.0004
172,1.0015307366847992,1.3915672302246094,0.6538461538461539,0.8846153846153846,0.5714285714285714,0.8571428571428571,0.0004
173,1.0724477171897888,1.3823702335357666,0.6730769230769231,0.9230769230769231,0.6428571428571429,0.8571428571428571,0.0004
174,0.896594226360321,1.6274714469909668,0.6153846153846154,0.9423076923076923,0.5714285714285714,0.7857142857142857,0.0004
175,1.1005984544754028,1.1709169149398804,0.6153846153846154,0.8846153846153846,0.7857142857142857,0.8571428571428571,0.0004
176,1.1993869543075562,1.2971811294555664,0.5769230769230769,0.8653846153846154,0.7857142857142857,0.8571428571428571,0.0004
177,0.9503991603851318,1.3330857753753662,0.5769230769230769,0.9230769230769231,0.6428571428571429,0.7857142857142857,0.0004
178,0.8980410695075989,1.1183232069015503,0.7115384615384616,0.9038461538461539,0.6428571428571429,0.8571428571428571,0.0004
179,0.8981359899044037,1.8225057125091553,0.7115384615384616,0.9615384615384616,0.5,0.6428571428571429,0.0004
180,1.2603070735931396,1.4280219078063965,0.5961538461538461,0.8846153846153846,0.7857142857142857,0.8571428571428571,0.0004
181,0.9509672522544861,1.3665748834609985,0.6346153846153846,0.9807692307692307,0.6428571428571429,0.9285714285714286,0.0004
182,0.9565694034099579,1.6350314617156982,0.5961538461538461,0.9807692307692307,0.6428571428571429,0.8571428571428571,0.0004
183,1.1429203748703003,1.8418545722961426,0.5961538461538461,0.8461538461538461,0.6428571428571429,0.7857142857142857,0.0004
184,0.9909495711326599,1.5856337547302246,0.6346153846153846,0.9423076923076923,0.5,0.8571428571428571,0.0004
185,1.1964093446731567,1.2957825660705566,0.5384615384615384,0.9423076923076923,0.5714285714285714,0.9285714285714286,0.0004
186,1.1212924718856812,1.4416245222091675,0.6538461538461539,0.8846153846153846,0.7142857142857143,0.7857142857142857,0.0004
187,1.0147119164466858,1.7163960933685303,0.6538461538461539,0.9615384615384616,0.5714285714285714,0.7857142857142857,0.0004
188,0.9283513426780701,1.5818228721618652,0.5961538461538461,0.9807692307692307,0.5,0.7857142857142857,0.0004
189,0.8477571904659271,1.4908907413482666,0.6346153846153846,0.9615384615384616,0.6428571428571429,0.8571428571428571,0.0004
190,1.02268648147583,1.5856192111968994,0.6346153846153846,0.9230769230769231,0.6428571428571429,0.8571428571428571,0.0004
191,0.8742502927780151,1.6155933141708374,0.6153846153846154,0.9615384615384616,0.5,0.8571428571428571,0.0004
192,1.0276055335998535,1.868375301361084,0.5769230769230769,0.9615384615384616,0.6428571428571429,0.8571428571428571,0.0004
193,0.8531564772129059,1.6573941707611084,0.6538461538461539,0.9423076923076923,0.5714285714285714,0.7857142857142857,0.0004
194,0.8630910217761993,1.7459475994110107,0.6346153846153846,0.9423076923076923,0.5,0.8571428571428571,0.0004
195,0.8786132335662842,1.8748825788497925,0.6538461538461539,0.9615384615384616,0.5714285714285714,0.8571428571428571,0.0004
196,1.0300986766815186,1.5030701160430908,0.5384615384615384,0.9038461538461539,0.5,0.7857142857142857,0.0004
197,0.8642283976078033,0.9617449641227722,0.6923076923076923,0.9423076923076923,0.9285714285714286,0.9285714285714286,0.0004
198,0.8184084594249725,1.3444805145263672,0.6346153846153846,0.9807692307692307,0.7857142857142857,0.9285714285714286,0.0004
199,0.8384387195110321,1.6875660419464111,0.5769230769230769,0.9807692307692307,0.7857142857142857,0.8571428571428571,0.0004
200,0.9418642222881317,1.1368860006332397,0.6923076923076923,0.9038461538461539,0.9285714285714286,0.9285714285714286,0.0004
201,0.8224829733371735,1.6502245664596558,0.7307692307692307,0.9807692307692307,0.5714285714285714,0.8571428571428571,0.0004
202,0.9340203404426575,1.198951005935669,0.6346153846153846,0.9038461538461539,0.7142857142857143,0.9285714285714286,0.0004
203,1.0218984186649323,1.5333027839660645,0.5961538461538461,0.9615384615384616,0.7142857142857143,0.8571428571428571,0.0004
204,0.8903430998325348,1.533689260482788,0.6538461538461539,0.9423076923076923,0.6428571428571429,0.8571428571428571,0.0004
205,0.8514657318592072,1.8812589645385742,0.6538461538461539,0.9615384615384616,0.6428571428571429,0.7857142857142857,0.0004
206,0.8365871906280518,1.8749732971191406,0.6538461538461539,0.9615384615384616,0.5714285714285714,0.7857142857142857,0.0004
207,0.7893649637699127,1.6611647605895996,0.6923076923076923,0.9615384615384616,0.5,0.7857142857142857,0.0004
208,1.158395767211914,1.599247932434082,0.5384615384615384,0.9423076923076923,0.35714285714285715,0.8571428571428571,0.0004
209,0.7645441889762878,1.1465097665786743,0.6730769230769231,0.9423076923076923,0.7142857142857143,0.9285714285714286,0.0004
210,0.9504418969154358,1.1511235237121582,0.5769230769230769,0.9615384615384616,0.7857142857142857,0.9285714285714286,0.0004
211,0.957007884979248,1.2349181175231934,0.6153846153846154,0.9038461538461539,0.6428571428571429,0.9285714285714286,0.0004
212,0.8573614060878754,1.4904694557189941,0.6153846153846154,0.9807692307692307,0.6428571428571429,0.8571428571428571,0.0004
213,0.8482334911823273,1.932201623916626,0.7115384615384616,0.9038461538461539,0.5,0.7857142857142857,0.0004
214,0.7261719703674316,1.6525661945343018,0.7692307692307693,0.9807692307692307,0.5,0.7857142857142857,0.0004
215,0.9686556756496429,1.8141272068023682,0.6538461538461539,0.9423076923076923,0.7142857142857143,0.7857142857142857,0.0004
216,0.7676875591278076,1.4760892391204834,0.6538461538461539,1.0,0.7142857142857143,0.8571428571428571,0.0004
217,0.9041185677051544,1.8289698362350464,0.6538461538461539,0.9615384615384616,0.6428571428571429,0.7142857142857143,0.0004
218,0.9164505004882812,1.9981319904327393,0.6730769230769231,0.9807692307692307,0.42857142857142855,0.7142857142857143,0.0004
219,1.02779421210289,1.3383419513702393,0.6538461538461539,0.9230769230769231,0.7142857142857143,0.8571428571428571,0.0004
220,0.9441548883914948,1.1259543895721436,0.6346153846153846,0.9615384615384616,0.7857142857142857,0.9285714285714286,0.0004
221,0.9477757811546326,1.9266557693481445,0.6538461538461539,0.9423076923076923,0.6428571428571429,0.7857142857142857,0.0004
222,1.0215728878974915,1.6668835878372192,0.5576923076923077,0.9423076923076923,0.7142857142857143,0.8571428571428571,0.0004
223,0.959222137928009,2.0615034103393555,0.6730769230769231,0.9038461538461539,0.5714285714285714,0.7857142857142857,0.0004
224,0.8706213533878326,1.4029122591018677,0.7115384615384616,0.9615384615384616,0.5714285714285714,0.8571428571428571,0.0004
225,1.0440674722194672,1.3396457433700562,0.6153846153846154,0.9230769230769231,0.7142857142857143,0.9285714285714286,0.0004
226,1.0157800912857056,1.2681550979614258,0.6730769230769231,0.9615384615384616,0.7857142857142857,0.9285714285714286,0.0004
227,1.1049288511276245,1.6442623138427734,0.6923076923076923,0.8846153846153846,0.6428571428571429,0.8571428571428571,0.0004
228,0.8668018877506256,1.486407995223999,0.6730769230769231,0.9615384615384616,0.5714285714285714,0.8571428571428571,0.0004
229,1.0431265532970428,1.2853400707244873,0.5961538461538461,0.9230769230769231,0.6428571428571429,0.8571428571428571,0.0004
230,0.9253757894039154,1.7227473258972168,0.6346153846153846,0.9615384615384616,0.6428571428571429,0.7857142857142857,0.0004
231,0.9156663119792938,1.5312355756759644,0.6730769230769231,0.9230769230769231,0.7142857142857143,0.7857142857142857,0.0004
232,1.1938459277153015,1.59144926071167,0.6153846153846154,0.9038461538461539,0.7142857142857143,0.8571428571428571,0.0004
233,0.8429967761039734,1.4338719844818115,0.6153846153846154,0.9807692307692307,0.7857142857142857,0.8571428571428571,0.0004
234,0.9069427251815796,1.5463391542434692,0.7115384615384616,0.9230769230769231,0.5,0.8571428571428571,0.0004
235,0.7435284852981567,1.3301770687103271,0.6923076923076923,0.9807692307692307,0.6428571428571429,0.9285714285714286,0.0004
236,0.8439838290214539,1.2536828517913818,0.6538461538461539,0.9423076923076923,0.8571428571428571,0.8571428571428571,0.0004
237,0.8794877529144287,1.6897456645965576,0.6730769230769231,0.9230769230769231,0.5,0.8571428571428571,0.0004
238,0.9504917860031128,1.174344539642334,0.7115384615384616,0.9423076923076923,0.7857142857142857,0.9285714285714286,0.0004
239,0.9859313070774078,1.6188890933990479,0.5961538461538461,0.9230769230769231,0.7142857142857143,0.8571428571428571,0.0004
240,0.9585043787956238,1.7955188751220703,0.6538461538461539,0.9423076923076923,0.5,0.7857142857142857,0.0004
241,0.9378644227981567,1.419663429260254,0.7115384615384616,0.9423076923076923,0.6428571428571429,0.8571428571428571,0.0004
242,0.8421895802021027,1.170046329498291,0.75,0.9423076923076923,0.7857142857142857,0.9285714285714286,0.0004
243,0.9923588037490845,1.4559519290924072,0.6923076923076923,0.9038461538461539,0.6428571428571429,0.8571428571428571,0.0004
244,1.0395212769508362,1.2950316667556763,0.5769230769230769,0.9230769230769231,0.7857142857142857,0.9285714285714286,0.0004
245,0.9731943905353546,1.3561315536499023,0.6730769230769231,0.9807692307692307,0.5714285714285714,0.8571428571428571,0.0004
246,0.8489934206008911,1.3652596473693848,0.6730769230769231,0.9230769230769231,0.5714285714285714,0.8571428571428571,0.0004
247,0.9136124849319458,1.3069565296173096,0.6923076923076923,0.9423076923076923,0.5714285714285714,0.9285714285714286,0.0004
248,0.8504519462585449,1.511236548423767,0.6538461538461539,0.9423076923076923,0.5,0.7857142857142857,0.0004
249,0.922829270362854,0.9997100830078125,0.7115384615384616,0.9038461538461539,0.7142857142857143,0.9285714285714286,0.0004
250,0.9587633013725281,1.4780447483062744,0.6153846153846154,0.9423076923076923,0.6428571428571429,0.8571428571428571,0.0004
251,1.0009844303131104,1.837015986442566,0.6730769230769231,0.9423076923076923,0.5,0.7857142857142857,0.0004
252,0.6344342827796936,1.6725960969924927,0.8269230769230769,1.0,0.7142857142857143,0.8571428571428571,0.0004
253,0.8775680065155029,1.7406134605407715,0.7884615384615384,0.9423076923076923,0.5714285714285714,0.9285714285714286,0.0004
254,0.8054594099521637,1.512963891029358,0.75,0.9615384615384616,0.5714285714285714,0.9285714285714286,0.0004
255,1.0291998386383057,1.6776572465896606,0.5961538461538461,0.9230769230769231,0.5714285714285714,0.7857142857142857,0.0004
256,1.0806535482406616,1.2305922508239746,0.6153846153846154,0.9038461538461539,0.7857142857142857,0.9285714285714286,0.0004
257,0.861543744802475,1.6840192079544067,0.6923076923076923,0.9807692307692307,0.6428571428571429,0.7857142857142857,0.0004
258,0.6601785719394684,1.5359810590744019,0.75,1.0,0.5,0.8571428571428571,0.0004
259,0.8141156435012817,1.6315171718597412,0.6923076923076923,0.9615384615384616,0.6428571428571429,0.7142857142857143,0.0004
260,0.8075488209724426,1.7218862771987915,0.7307692307692307,0.9615384615384616,0.5714285714285714,0.8571428571428571,0.0004
261,0.9425518214702606,1.9459974765777588,0.6923076923076923,0.9423076923076923,0.5714285714285714,0.7857142857142857,0.0004
262,1.0581565201282501,1.8630313873291016,0.5769230769230769,0.9038461538461539,0.6428571428571429,0.7857142857142857,0.0004
263,1.0945470929145813,1.5506832599639893,0.5576923076923077,0.9230769230769231,0.6428571428571429,0.7142857142857143,0.0004
264,0.92462158203125,1.305922508239746,0.6923076923076923,0.9423076923076923,0.6428571428571429,0.9285714285714286,0.0004
265,0.9375378489494324,1.744549036026001,0.6346153846153846,0.9423076923076923,0.6428571428571429,0.8571428571428571,0.0004
266,1.194949060678482,1.4452054500579834,0.5576923076923077,0.8846153846153846,0.5714285714285714,0.8571428571428571,0.0004
267,0.7625608444213867,2.3469347953796387,0.7115384615384616,0.9615384615384616,0.42857142857142855,0.7142857142857143,0.0004
268,0.7290057837963104,1.7140471935272217,0.7115384615384616,0.9615384615384616,0.5,0.7857142857142857,0.0004
269,0.827120304107666,2.0407602787017822,0.7115384615384616,0.9423076923076923,0.5714285714285714,0.7142857142857143,0.0004
270,1.2369632720947266,1.1039378643035889,0.5384615384615384,0.8461538461538461,0.7857142857142857,0.9285714285714286,0.0004
271,0.9744524359703064,1.6824641227722168,0.6923076923076923,0.9230769230769231,0.5,0.7142857142857143,0.0004
272,0.8654890060424805,1.3236764669418335,0.6923076923076923,0.9807692307692307,0.5714285714285714,0.9285714285714286,0.0004
273,1.0249786376953125,1.3640053272247314,0.6153846153846154,0.9423076923076923,0.7142857142857143,0.9285714285714286,0.0004
274,0.9479848742485046,1.6392240524291992,0.7692307692307693,0.9038461538461539,0.5,0.9285714285714286,0.0004
275,1.0101137459278107,1.4482405185699463,0.5961538461538461,0.9230769230769231,0.7142857142857143,0.8571428571428571,0.0004
276,0.981363981962204,1.3669660091400146,0.5384615384615384,0.9423076923076923,0.7142857142857143,0.8571428571428571,0.0004
277,0.9847466349601746,1.3182523250579834,0.6153846153846154,0.9038461538461539,0.6428571428571429,0.9285714285714286,0.0004
278,0.676172137260437,1.7487940788269043,0.6923076923076923,0.9807692307692307,0.6428571428571429,0.7857142857142857,0.0004
279,0.9227624535560608,1.1088581085205078,0.6538461538461539,0.9038461538461539,0.5714285714285714,0.8571428571428571,0.0004
280,0.8400641083717346,1.4652032852172852,0.6346153846153846,0.9807692307692307,0.5,0.8571428571428571,0.0004
281,0.9840163588523865,1.276772379875183,0.6346153846153846,0.9230769230769231,0.5714285714285714,0.8571428571428571,0.0004
282,0.8822008669376373,1.0574984550476074,0.6346153846153846,0.9230769230769231,0.5,0.7857142857142857,0.0004
283,0.7522477507591248,1.5809721946716309,0.7307692307692307,0.9423076923076923,0.5,0.7857142857142857,0.0004
284,0.7768300771713257,1.1198906898498535,0.6730769230769231,1.0,0.7142857142857143,0.9285714285714286,0.0004
285,0.7268348038196564,1.183603048324585,0.7307692307692307,1.0,0.6428571428571429,0.8571428571428571,0.0004
286,0.9470701813697815,1.465107798576355,0.6538461538461539,0.8846153846153846,0.7142857142857143,0.8571428571428571,0.0004
287,0.8538470566272736,1.8508896827697754,0.6153846153846154,1.0,0.5,0.7857142857142857,0.0004
288,0.7343026101589203,1.29015052318573,0.75,0.9807692307692307,0.7857142857142857,0.8571428571428571,0.0004
289,0.8161107003688812,1.0185496807098389,0.6346153846153846,0.9615384615384616,0.7857142857142857,0.9285714285714286,0.0004
290,1.031188577413559,1.5694403648376465,0.5384615384615384,0.8846153846153846,0.7142857142857143,0.7857142857142857,0.0004
291,1.0256651043891907,1.576080560684204,0.5576923076923077,0.9230769230769231,0.5714285714285714,0.9285714285714286,0.0004
292,0.9559704661369324,1.3082263469696045,0.5961538461538461,0.9230769230769231,0.7142857142857143,0.8571428571428571,0.0004
293,0.8011209666728973,1.5634442567825317,0.7307692307692307,0.9230769230769231,0.5714285714285714,0.8571428571428571,0.0004
294,0.7863019108772278,1.2647031545639038,0.75,0.9230769230769231,0.7857142857142857,0.8571428571428571,0.0004
295,0.940494954586029,1.6451700925827026,0.6346153846153846,0.9615384615384616,0.5,0.8571428571428571,0.0004
296,0.7810362577438354,1.5216822624206543,0.7307692307692307,0.9807692307692307,0.5,0.8571428571428571,0.0004
297,0.8026217222213745,1.0410271883010864,0.6730769230769231,0.9423076923076923,0.6428571428571429,0.9285714285714286,0.0004
298,0.7146985530853271,1.6072170734405518,0.75,1.0,0.6428571428571429,0.8571428571428571,0.0004
299,0.7686337530612946,1.3261711597442627,0.6923076923076923,0.9615384615384616,0.7857142857142857,0.8571428571428571,0.0004
300,0.8684771358966827,1.995441198348999,0.7307692307692307,0.9615384615384616,0.5,0.7857142857142857,0.0004
301,0.6992625296115875,1.447259545326233,0.6730769230769231,0.9807692307692307,0.7857142857142857,0.8571428571428571,0.0004
302,0.7718385756015778,1.3851617574691772,0.6730769230769231,0.9807692307692307,0.6428571428571429,0.8571428571428571,0.0004
303,0.9234429001808167,1.5965484380722046,0.7307692307692307,0.9423076923076923,0.6428571428571429,0.7857142857142857,0.0004
304,0.7604731619358063,1.2419602870941162,0.6730769230769231,0.9807692307692307,0.5714285714285714,0.8571428571428571,0.0004
305,1.0305596888065338,1.0946414470672607,0.5384615384615384,0.9038461538461539,0.9285714285714286,0.9285714285714286,0.0004
306,0.76833376288414,1.467340350151062,0.7307692307692307,0.9807692307692307,0.5714285714285714,0.8571428571428571,0.0004
307,0.8187336921691895,1.3008925914764404,0.6730769230769231,0.9807692307692307,0.8571428571428571,0.7857142857142857,0.0004
308,0.8558677732944489,1.1257721185684204,0.5,0.9807692307692307,0.8571428571428571,0.9285714285714286,0.0004
309,0.7622998058795929,1.479872703552246,0.7307692307692307,0.9807692307692307,0.5714285714285714,0.7857142857142857,0.0004
310,0.8608042895793915,1.2224736213684082,0.6923076923076923,0.9807692307692307,0.7142857142857143,0.9285714285714286,0.0004
311,0.6987522542476654,1.0747452974319458,0.75,0.9807692307692307,0.7142857142857143,0.9285714285714286,0.0004
312,1.2047637701034546,1.6870975494384766,0.6346153846153846,0.8461538461538461,0.5,0.8571428571428571,0.0004
313,0.7598524391651154,1.555159091949463,0.6730769230769231,0.9807692307692307,0.5714285714285714,0.8571428571428571,0.0004
314,1.0332180559635162,1.3714547157287598,0.5961538461538461,0.9230769230769231,0.5714285714285714,0.7857142857142857,0.0004
315,0.8626772165298462,1.7875863313674927,0.6538461538461539,0.9615384615384616,0.7142857142857143,0.7857142857142857,0.0004
316,0.825987696647644,1.6519451141357422,0.6923076923076923,0.9230769230769231,0.5714285714285714,0.7857142857142857,0.0004
317,1.0444926917552948,2.470672130584717,0.6730769230769231,0.9423076923076923,0.5714285714285714,0.6428571428571429,0.0004
318,1.3949591517448425,1.154639482498169,0.6153846153846154,0.8461538461538461,0.7142857142857143,0.8571428571428571,0.0004
319,1.152310848236084,1.4834957122802734,0.5961538461538461,0.8846153846153846,0.7142857142857143,0.8571428571428571,0.0004
320,0.7351432144641876,1.8641307353973389,0.7307692307692307,0.9615384615384616,0.6428571428571429,0.7857142857142857,0.0004
321,0.754435807466507,1.1390728950500488,0.7115384615384616,0.9615384615384616,0.7142857142857143,0.9285714285714286,0.0004
322,1.2781266570091248,1.6342921257019043,0.6153846153846154,0.8846153846153846,0.5714285714285714,0.7857142857142857,0.0004
323,0.8130658268928528,1.146243929862976,0.7692307692307693,0.9423076923076923,0.7142857142857143,0.9285714285714286,0.0004
324,1.0009930729866028,1.1187201738357544,0.5769230769230769,0.9230769230769231,0.7857142857142857,0.9285714285714286,0.0004
325,0.7332376837730408,1.1740186214447021,0.7692307692307693,0.9615384615384616,0.7142857142857143,0.9285714285714286,0.0004
326,0.9448621571063995,1.795512318611145,0.6538461538461539,0.9423076923076923,0.6428571428571429,0.7857142857142857,0.0004
327,0.8627220392227173,1.3894765377044678,0.6346153846153846,0.9423076923076923,0.6428571428571429,0.8571428571428571,0.0004
328,1.058588683605194,1.7772715091705322,0.5769230769230769,0.9230769230769231,0.5,0.7857142857142857,0.0004
329,0.8888775706291199,1.2710864543914795,0.6153846153846154,0.9615384615384616,0.5714285714285714,0.7857142857142857,0.0004
330,0.971028208732605,1.573671817779541,0.5961538461538461,0.9230769230769231,0.5,0.7857142857142857,0.0004
331,1.0841832160949707,1.2332113981246948,0.6346153846153846,0.9230769230769231,0.7142857142857143,0.8571428571428571,0.0004
332,0.6951871812343597,1.2201530933380127,0.7692307692307693,0.9807692307692307,0.6428571428571429,0.8571428571428571,0.0004
333,0.6602461040019989,0.9529099464416504,0.7115384615384616,0.9807692307692307,0.9285714285714286,0.9285714285714286,0.0004
334,0.9357284307479858,1.7283830642700195,0.6538461538461539,0.9423076923076923,0.7142857142857143,0.8571428571428571,0.0004
335,0.6985659003257751,1.25401771068573,0.7884615384615384,0.9615384615384616,0.7857142857142857,0.8571428571428571,0.0004
336,0.9135353565216064,1.5805797576904297,0.6153846153846154,0.9807692307692307,0.5,0.7857142857142857,0.0004
337,0.5995579659938812,1.4257713556289673,0.8076923076923077,0.9807692307692307,0.5714285714285714,0.8571428571428571,0.0004
338,0.6665529608726501,1.7127184867858887,0.75,1.0,0.6428571428571429,0.8571428571428571,0.0004
339,0.7609246075153351,1.9144532680511475,0.7115384615384616,0.9807692307692307,0.35714285714285715,0.8571428571428571,0.0004
340,0.8937020003795624,1.5621925592422485,0.6153846153846154,0.9615384615384616,0.5,0.8571428571428571,0.0004
341,0.8276196718215942,1.0899714231491089,0.5961538461538461,0.9615384615384616,0.7857142857142857,0.9285714285714286,0.0004
342,0.6153735220432281,0.9568873643875122,0.7307692307692307,0.9807692307692307,0.7857142857142857,0.9285714285714286,0.0004
343,0.9197272062301636,1.625725507736206,0.6538461538461539,0.9230769230769231,0.7142857142857143,0.7857142857142857,0.0004
344,0.7275284230709076,1.0358161926269531,0.7307692307692307,0.9807692307692307,0.7142857142857143,0.9285714285714286,0.0004
345,1.0732207298278809,1.3069446086883545,0.5769230769230769,0.9038461538461539,0.6428571428571429,0.8571428571428571,0.0004
346,0.8404985070228577,1.6665383577346802,0.6923076923076923,0.9423076923076923,0.7857142857142857,0.7857142857142857,0.0004
347,0.7761954665184021,1.7449615001678467,0.6730769230769231,0.9615384615384616,0.5,0.7857142857142857,0.0004
348,0.881995677947998,1.2057609558105469,0.6730769230769231,0.9423076923076923,0.6428571428571429,0.8571428571428571,0.0004
349,0.6663654446601868,1.150295376777649,0.75,0.9615384615384616,0.6428571428571429,0.8571428571428571,0.0004
350,0.7220350503921509,1.294514775276184,0.75,0.9423076923076923,0.6428571428571429,0.9285714285714286,0.0004
351,0.7781623899936676,0.9710010886192322,0.6923076923076923,0.9807692307692307,0.7857142857142857,0.9285714285714286,0.0004
352,0.7595247328281403,1.4423339366912842,0.6923076923076923,0.9423076923076923,0.6428571428571429,0.8571428571428571,0.0004
353,0.8640884459018707,1.1545627117156982,0.6730769230769231,0.9230769230769231,0.7142857142857143,0.9285714285714286,0.0004
354,0.9568226635456085,1.3736274242401123,0.6923076923076923,0.9615384615384616,0.8571428571428571,0.8571428571428571,0.0004
355,0.8407471477985382,1.153125286102295,0.7307692307692307,0.9423076923076923,0.8571428571428571,0.9285714285714286,0.0004
356,0.7868941724300385,1.0087462663650513,0.7692307692307693,0.9615384615384616,0.7142857142857143,0.9285714285714286,0.0004
357,0.8172523379325867,1.6842663288116455,0.6730769230769231,0.9423076923076923,0.7142857142857143,0.8571428571428571,0.0004
358,0.8857189416885376,1.4028799533843994,0.6923076923076923,0.9423076923076923,0.7857142857142857,0.8571428571428571,0.0004
359,0.7132574915885925,1.8355779647827148,0.7115384615384616,0.9807692307692307,0.42857142857142855,0.9285714285714286,0.0004
360,0.6704108119010925,1.463240623474121,0.7115384615384616,0.9807692307692307,0.6428571428571429,0.7857142857142857,0.0004
361,0.7376757264137268,1.5275146961212158,0.7115384615384616,0.9038461538461539,0.5714285714285714,0.8571428571428571,0.0004
362,0.8871657848358154,1.4140210151672363,0.6730769230769231,0.9615384615384616,0.7142857142857143,0.8571428571428571,0.0004
363,0.8999208211898804,0.9443915486335754,0.6346153846153846,0.9423076923076923,0.8571428571428571,0.9285714285714286,0.0004
364,0.6782479584217072,1.1413973569869995,0.7115384615384616,0.9615384615384616,0.7142857142857143,0.8571428571428571,0.0004
365,0.6086722612380981,1.847609043121338,0.8076923076923077,1.0,0.6428571428571429,0.7857142857142857,0.0004
366,0.6431775689125061,1.1734950542449951,0.7115384615384616,0.9807692307692307,0.6428571428571429,0.8571428571428571,0.0004
367,0.8127609491348267,1.4085441827774048,0.6346153846153846,0.9615384615384616,0.6428571428571429,0.8571428571428571,0.0004
368,1.1687355637550354,1.1086901426315308,0.6153846153846154,0.8653846153846154,0.8571428571428571,0.7857142857142857,0.0004
369,0.9169024527072906,0.8957360982894897,0.6153846153846154,0.9807692307692307,0.8571428571428571,0.9285714285714286,0.0004
370,0.7926425933837891,1.3194363117218018,0.7692307692307693,0.9615384615384616,0.7142857142857143,0.8571428571428571,0.0004
371,0.8071312010288239,1.0391497611999512,0.6923076923076923,0.9423076923076923,0.7857142857142857,0.9285714285714286,0.0004
372,0.9015812277793884,1.4252434968948364,0.7115384615384616,0.9230769230769231,0.6428571428571429,0.8571428571428571,0.0004
373,0.6264869272708893,0.9827269315719604,0.7884615384615384,0.9423076923076923,0.7857142857142857,0.9285714285714286,0.0004
374,0.6970763802528381,1.1723103523254395,0.75,0.9615384615384616,0.7857142857142857,0.9285714285714286,0.0004
375,0.8264135718345642,0.9076318740844727,0.6153846153846154,0.9423076923076923,0.8571428571428571,0.9285714285714286,0.0004
376,1.2578065693378448,2.6709232330322266,0.5961538461538461,0.9038461538461539,0.42857142857142855,0.6428571428571429,0.0004
377,1.009678304195404,2.1202664375305176,0.7115384615384616,0.9038461538461539,0.5,0.7857142857142857,0.0004
378,0.9225300550460815,1.0091075897216797,0.6153846153846154,0.9038461538461539,0.7857142857142857,0.9285714285714286,0.0004
379,0.7475973516702652,1.4130852222442627,0.6923076923076923,0.9423076923076923,0.7142857142857143,0.8571428571428571,0.0004
380,0.800150066614151,1.086938738822937,0.6538461538461539,0.9615384615384616,0.7857142857142857,0.9285714285714286,0.0004
381,0.6994934380054474,1.453470230102539,0.75,0.9807692307692307,0.7142857142857143,0.8571428571428571,0.0004
382,0.8730511963367462,1.243597149848938,0.6538461538461539,0.9038461538461539,0.7142857142857143,0.9285714285714286,0.0004
383,1.0437622368335724,2.0078117847442627,0.5384615384615384,0.8846153846153846,0.5714285714285714,0.7857142857142857,0.0004
384,0.9385751485824585,1.5144678354263306,0.6346153846153846,0.9038461538461539,0.6428571428571429,0.8571428571428571,0.0004
385,0.5663539916276932,1.8140108585357666,0.7307692307692307,1.0,0.5,0.7857142857142857,0.0004
386,0.8911493420600891,1.6669776439666748,0.6730769230769231,0.9423076923076923,0.5714285714285714,0.7857142857142857,0.0004
387,0.9423119127750397,1.2954506874084473,0.6538461538461539,0.9230769230769231,0.8571428571428571,0.8571428571428571,0.0004
388,0.6230672895908356,1.5086313486099243,0.7692307692307693,0.9615384615384616,0.7142857142857143,0.8571428571428571,0.0004
389,0.791706770658493,1.1852545738220215,0.6538461538461539,0.9615384615384616,0.7857142857142857,0.7857142857142857,0.0004
390,0.8252314031124115,0.6661436557769775,0.7115384615384616,0.9615384615384616,0.7857142857142857,1.0,0.0004
391,0.8397793769836426,1.2886323928833008,0.7115384615384616,0.9230769230769231,0.7857142857142857,0.9285714285714286,0.0004
392,0.9524471759796143,0.8834511041641235,0.75,0.9038461538461539,1.0,0.9285714285714286,0.0004
393,0.8489477038383484,1.1955819129943848,0.75,0.9615384615384616,0.7857142857142857,0.9285714285714286,0.0004
394,0.9294794797897339,1.4748274087905884,0.6346153846153846,0.9615384615384616,0.7142857142857143,0.8571428571428571,0.0004
395,0.9100695848464966,1.691807508468628,0.75,0.9615384615384616,0.6428571428571429,0.8571428571428571,0.0004
396,0.9078783392906189,1.9752027988433838,0.6923076923076923,0.9230769230769231,0.5714285714285714,0.7142857142857143,0.0004
397,0.8472009301185608,0.8921531438827515,0.6730769230769231,0.9230769230769231,0.9285714285714286,0.9285714285714286,0.0004
398,0.981325626373291,1.2900071144104004,0.5961538461538461,0.9230769230769231,0.7857142857142857,0.8571428571428571,0.0004
399,1.0607013702392578,1.6279547214508057,0.6346153846153846,0.9038461538461539,0.7142857142857143,0.7857142857142857,0.0004
400,0.7464934587478638,1.4376804828643799,0.6923076923076923,0.9615384615384616,0.7857142857142857,0.8571428571428571,0.0004
401,1.0245016813278198,1.027557373046875,0.7307692307692307,0.8846153846153846,0.8571428571428571,0.9285714285714286,0.0004
402,1.0884663462638855,1.668444275856018,0.6538461538461539,0.8846153846153846,0.6428571428571429,0.7857142857142857,0.0004
403,0.8112353980541229,1.036744236946106,0.6923076923076923,0.9615384615384616,0.7857142857142857,0.9285714285714286,0.0004
404,0.7317214608192444,1.4722087383270264,0.75,1.0,0.6428571428571429,0.7857142857142857,0.0004
405,0.9726234078407288,1.3334813117980957,0.6730769230769231,0.9230769230769231,0.6428571428571429,0.8571428571428571,0.0004
406,0.7166517376899719,1.2179938554763794,0.7692307692307693,0.9423076923076923,0.5,0.8571428571428571,0.0004
407,0.651402086019516,1.252786636352539,0.7692307692307693,0.9807692307692307,0.7857142857142857,0.9285714285714286,0.0004
408,0.9695167541503906,2.6369972229003906,0.6346153846153846,0.9038461538461539,0.5,0.7142857142857143,0.0004
409,0.8345941305160522,1.6900209188461304,0.6730769230769231,0.9423076923076923,0.7142857142857143,0.7857142857142857,0.0004
410,0.9239577949047089,1.9523208141326904,0.6538461538461539,0.9038461538461539,0.5714285714285714,0.7857142857142857,0.0004
411,0.8559322655200958,1.408721685409546,0.6923076923076923,0.9615384615384616,0.7142857142857143,0.8571428571428571,0.0004
412,0.8414622843265533,1.187631607055664,0.6730769230769231,0.9615384615384616,0.7857142857142857,0.8571428571428571,0.0004
413,0.960156112909317,1.257692575454712,0.6153846153846154,0.9423076923076923,0.7857142857142857,0.9285714285714286,0.0004
414,0.6906518936157227,1.1002442836761475,0.7884615384615384,0.9807692307692307,0.7857142857142857,0.9285714285714286,0.0004
415,0.74188232421875,1.3539998531341553,0.75,1.0,0.7857142857142857,0.9285714285714286,0.0004
416,0.8221404254436493,1.1104334592819214,0.7307692307692307,0.9615384615384616,0.9285714285714286,0.9285714285714286,0.0004
417,0.9024339914321899,0.8964270353317261,0.7115384615384616,0.9615384615384616,0.7142857142857143,0.9285714285714286,0.0004
418,0.6696212291717529,1.2178245782852173,0.75,0.9807692307692307,0.7142857142857143,0.9285714285714286,0.0004
419,0.8439562618732452,1.231896996498108,0.6346153846153846,0.9615384615384616,0.5714285714285714,0.9285714285714286,0.0004
420,0.7545614540576935,1.213209867477417,0.6923076923076923,0.9807692307692307,0.5714285714285714,0.9285714285714286,0.0004
421,0.8950126469135284,0.9561635255813599,0.7884615384615384,0.9423076923076923,0.7142857142857143,0.9285714285714286,0.0004
422,0.9729193449020386,1.5945683717727661,0.6538461538461539,0.8846153846153846,0.6428571428571429,0.7857142857142857,0.0004
423,0.6682172417640686,1.3480050563812256,0.7692307692307693,0.9807692307692307,0.5714285714285714,0.8571428571428571,0.0004
424,0.9018789231777191,1.485213041305542,0.75,0.9423076923076923,0.7142857142857143,0.8571428571428571,0.0004
425,0.5940028429031372,1.0739312171936035,0.8269230769230769,1.0,0.7857142857142857,0.9285714285714286,0.0004
426,0.8667310476303101,1.0739389657974243,0.6730769230769231,0.9423076923076923,0.7142857142857143,0.9285714285714286,0.0004
427,0.8482463955879211,1.4827601909637451,0.7115384615384616,0.9807692307692307,0.8571428571428571,0.8571428571428571,0.0004
428,0.8275704681873322,1.6194329261779785,0.6538461538461539,0.9615384615384616,0.5714285714285714,0.7857142857142857,0.0004
429,1.0600606203079224,1.7193779945373535,0.5961538461538461,0.8846153846153846,0.5714285714285714,0.8571428571428571,0.0004
430,0.8668397665023804,1.8032472133636475,0.5961538461538461,0.9615384615384616,0.7142857142857143,0.7142857142857143,0.0004
431,0.5510815382003784,1.7642827033996582,0.7692307692307693,1.0,0.5,0.7857142857142857,0.0004
432,0.8849307298660278,1.5903468132019043,0.6538461538461539,0.9615384615384616,0.7142857142857143,0.8571428571428571,0.0004
433,0.8214810192584991,1.6917307376861572,0.6730769230769231,0.9615384615384616,0.7142857142857143,0.7857142857142857,0.0004
434,0.8743394613265991,1.385846734046936,0.6730769230769231,0.9230769230769231,0.8571428571428571,0.8571428571428571,0.0004
435,0.9275730550289154,1.1174092292785645,0.6730769230769231,0.9230769230769231,0.7857142857142857,0.9285714285714286,0.0004
436,0.8564280271530151,1.252785325050354,0.75,0.9230769230769231,0.6428571428571429,0.9285714285714286,0.0004
437,0.7036430835723877,1.6588895320892334,0.6730769230769231,1.0,0.5714285714285714,0.8571428571428571,0.0004
438,0.9597610235214233,1.3894009590148926,0.6730769230769231,0.9230769230769231,0.5714285714285714,0.8571428571428571,0.0004
439,0.7941552996635437,1.2057554721832275,0.7307692307692307,0.9423076923076923,0.7857142857142857,0.8571428571428571,0.0004
440,0.8392693400382996,1.6130026578903198,0.6730769230769231,0.9807692307692307,0.7142857142857143,0.7857142857142857,0.0004
441,0.8701190650463104,1.3387342691421509,0.7115384615384616,0.9615384615384616,0.6428571428571429,0.8571428571428571,0.0004
442,0.7612267136573792,1.7491121292114258,0.6730769230769231,0.9423076923076923,0.7857142857142857,0.7857142857142857,0.0004
443,0.9321959018707275,1.012688159942627,0.7115384615384616,0.9230769230769231,0.9285714285714286,0.9285714285714286,0.0004
444,0.847089409828186,1.2466975450515747,0.6923076923076923,0.9615384615384616,0.7142857142857143,0.9285714285714286,0.0004
445,0.8683248162269592,1.157836675643921,0.6153846153846154,0.9230769230769231,0.7857142857142857,0.9285714285714286,0.0004
446,0.7821053266525269,1.3573662042617798,0.75,0.9230769230769231,0.7142857142857143,0.9285714285714286,0.0004
447,0.8813782036304474,1.8450961112976074,0.6730769230769231,0.9230769230769231,0.5714285714285714,0.7857142857142857,0.0004
448,0.7889931499958038,2.024714708328247,0.7307692307692307,0.9230769230769231,0.7142857142857143,0.7142857142857143,0.0004
449,0.7055105566978455,1.118963360786438,0.6923076923076923,0.9615384615384616,0.7857142857142857,0.8571428571428571,0.0004
450,0.7400402426719666,1.3706032037734985,0.7115384615384616,0.9615384615384616,0.5714285714285714,0.9285714285714286,0.0004
451,0.7513338625431061,1.3555119037628174,0.75,0.9807692307692307,0.5714285714285714,0.8571428571428571,0.0004
452,0.6834475696086884,1.161634087562561,0.7307692307692307,0.9615384615384616,0.7857142857142857,0.9285714285714286,0.0004
453,0.9634566307067871,1.133592128753662,0.6538461538461539,0.9038461538461539,0.7142857142857143,0.9285714285714286,0.0004
454,0.8041611313819885,1.2316051721572876,0.7307692307692307,0.9615384615384616,0.7142857142857143,0.9285714285714286,0.0004
455,0.7018178999423981,1.914438247680664,0.7884615384615384,0.9615384615384616,0.6428571428571429,0.7857142857142857,0.0004
456,0.6820625066757202,1.7418172359466553,0.6923076923076923,0.9615384615384616,0.5,0.7142857142857143,0.0004
457,0.9594543874263763,1.230832576751709,0.7115384615384616,0.9423076923076923,0.7142857142857143,0.9285714285714286,0.0004
458,0.8653275370597839,1.3319096565246582,0.7115384615384616,0.9230769230769231,0.7142857142857143,0.7857142857142857,0.0004
459,1.244495689868927,1.186040997505188,0.5961538461538461,0.8653846153846154,0.8571428571428571,0.8571428571428571,0.0004
460,0.8007198870182037,0.7892593741416931,0.6923076923076923,0.9615384615384616,0.8571428571428571,0.9285714285714286,0.0004
461,0.7080658674240112,0.8662452101707458,0.7884615384615384,0.9615384615384616,0.8571428571428571,0.9285714285714286,0.0004
462,0.8131715655326843,0.9488415718078613,0.7307692307692307,0.9615384615384616,0.7857142857142857,0.9285714285714286,0.0004
463,0.8913032412528992,1.145841360092163,0.7307692307692307,0.9423076923076923,0.7142857142857143,0.8571428571428571,0.0004
464,0.6383505463600159,1.9253184795379639,0.7692307692307693,0.9807692307692307,0.7142857142857143,0.7142857142857143,0.0004
465,0.8310638964176178,1.3057807683944702,0.6538461538461539,0.9423076923076923,0.7857142857142857,0.8571428571428571,0.0004
466,0.7208034098148346,0.9643524289131165,0.6730769230769231,0.9615384615384616,0.7142857142857143,0.9285714285714286,0.0004
467,1.0624072849750519,1.1134010553359985,0.6153846153846154,0.9230769230769231,0.7142857142857143,0.8571428571428571,0.0004
468,0.8851529061794281,1.595780849456787,0.7115384615384616,0.9423076923076923,0.5714285714285714,0.7857142857142857,0.0004
469,0.7278046905994415,1.0824682712554932,0.7692307692307693,0.9807692307692307,0.9285714285714286,0.9285714285714286,0.0004
470,0.6171472072601318,1.2291815280914307,0.75,0.9807692307692307,0.8571428571428571,0.7857142857142857,0.0004
471,0.8585617244243622,1.4580605030059814,0.75,0.9423076923076923,0.6428571428571429,0.8571428571428571,0.0004
472,0.6838821768760681,1.3492515087127686,0.7115384615384616,0.9807692307692307,0.6428571428571429,0.8571428571428571,0.0004
473,0.6693230271339417,1.040416955947876,0.6923076923076923,0.9615384615384616,0.7142857142857143,0.9285714285714286,0.0004
474,0.8138088285923004,0.9319930672645569,0.7307692307692307,0.9615384615384616,0.7857142857142857,0.9285714285714286,0.0004
475,0.7852219641208649,1.3078542947769165,0.6346153846153846,0.9423076923076923,0.7142857142857143,0.9285714285714286,0.0004
476,0.7312934100627899,1.4470055103302002,0.7884615384615384,0.9615384615384616,0.5714285714285714,0.7857142857142857,0.0004
477,0.640127032995224,1.2657465934753418,0.75,1.0,0.8571428571428571,0.9285714285714286,0.0004
478,0.820807933807373,1.346550464630127,0.7115384615384616,0.9038461538461539,0.6428571428571429,0.8571428571428571,0.0004
479,0.8026602566242218,1.3806874752044678,0.7115384615384616,0.9615384615384616,0.7857142857142857,0.8571428571428571,0.0004
480,0.6700347363948822,0.7902999520301819,0.7115384615384616,0.9807692307692307,0.8571428571428571,0.9285714285714286,0.0004
481,0.9656633734703064,1.1188263893127441,0.6346153846153846,0.9615384615384616,0.8571428571428571,0.8571428571428571,0.0004
482,0.7571284919977188,0.9856175780296326,0.75,0.9615384615384616,0.7142857142857143,0.8571428571428571,0.0004
483,0.7768791913986206,1.085505723953247,0.6730769230769231,0.9807692307692307,0.9285714285714286,0.8571428571428571,0.0004
484,0.8026860356330872,1.1152424812316895,0.7115384615384616,0.9423076923076923,0.7857142857142857,0.9285714285714286,0.0004
485,0.8212990164756775,0.9230383634567261,0.6346153846153846,0.9615384615384616,0.9285714285714286,0.9285714285714286,0.0004
486,0.7137060463428497,0.9478244185447693,0.75,0.9615384615384616,0.9285714285714286,0.9285714285714286,0.0004
487,0.8304473757743835,1.1477875709533691,0.6923076923076923,0.9615384615384616,0.8571428571428571,0.9285714285714286,0.0004
488,0.7933255136013031,1.0611610412597656,0.6538461538461539,0.9423076923076923,0.8571428571428571,0.9285714285714286,0.0004
489,0.8743357360363007,1.1797258853912354,0.6730769230769231,0.9230769230769231,0.7142857142857143,0.9285714285714286,0.0004
490,0.8280589878559113,1.182239055633545,0.6730769230769231,0.9615384615384616,0.7142857142857143,0.8571428571428571,0.0004
491,0.9162337779998779,1.4394750595092773,0.6346153846153846,0.9038461538461539,0.7142857142857143,0.8571428571428571,0.0004
492,0.796496570110321,1.0135647058486938,0.7307692307692307,0.9423076923076923,0.7857142857142857,0.9285714285714286,0.0004
493,0.8268820643424988,2.0807313919067383,0.6923076923076923,0.9230769230769231,0.5714285714285714,0.7857142857142857,0.0004
494,0.6034075319766998,1.2271056175231934,0.7692307692307693,0.9807692307692307,0.8571428571428571,0.9285714285714286,0.0004
495,0.7333451509475708,0.91496741771698,0.7115384615384616,0.9423076923076923,0.8571428571428571,0.9285714285714286,0.0004
496,0.7551238834857941,1.321812629699707,0.7884615384615384,0.9230769230769231,0.7142857142857143,0.8571428571428571,0.0004
497,0.5466268360614777,1.3589893579483032,0.8461538461538461,0.9807692307692307,0.7857142857142857,0.8571428571428571,0.0004
498,0.6039122492074966,1.69400954246521,0.7307692307692307,0.9615384615384616,0.5714285714285714,0.8571428571428571,0.0004
499,0.6246387660503387,1.2983007431030273,0.75,0.9807692307692307,0.6428571428571429,0.8571428571428571,0.0004
500,0.8545246124267578,1.412197470664978,0.6730769230769231,0.9423076923076923,0.7142857142857143,0.8571428571428571,0.0004
501,0.6911711990833282,1.31003999710083,0.75,0.9615384615384616,0.7857142857142857,0.8571428571428571,0.0004
502,0.6553307771682739,1.2393172979354858,0.7115384615384616,0.9807692307692307,0.7142857142857143,0.7857142857142857,0.0004
503,0.5141605734825134,1.0224578380584717,0.8461538461538461,0.9807692307692307,0.7857142857142857,0.8571428571428571,0.0004
504,0.651240199804306,1.1817823648452759,0.7692307692307693,1.0,0.7142857142857143,0.8571428571428571,0.0004
505,0.6542598903179169,1.3203203678131104,0.7307692307692307,0.9807692307692307,0.7857142857142857,0.7857142857142857,0.0004
506,0.9008196592330933,1.3675603866577148,0.6923076923076923,0.9615384615384616,0.7142857142857143,0.8571428571428571,0.0004
507,0.7894513309001923,1.2250336408615112,0.7115384615384616,0.9615384615384616,0.7142857142857143,0.8571428571428571,0.0004
508,0.7622866332530975,1.6201958656311035,0.75,0.9807692307692307,0.7142857142857143,0.7857142857142857,0.0004
509,0.6352677643299103,1.623220443725586,0.7115384615384616,0.9807692307692307,0.5714285714285714,0.8571428571428571,0.0004
510,0.7063547074794769,1.4885021448135376,0.75,0.9615384615384616,0.7142857142857143,0.9285714285714286,0.0004
511,0.8568581938743591,1.3642420768737793,0.6538461538461539,0.9615384615384616,0.6428571428571429,0.8571428571428571,0.0004
512,0.5205448418855667,1.3450584411621094,0.8269230769230769,0.9615384615384616,0.7857142857142857,0.8571428571428571,0.0004
513,0.8555271327495575,1.4897239208221436,0.7307692307692307,0.9230769230769231,0.5714285714285714,0.9285714285714286,0.0004
514,0.7628255784511566,1.5298842191696167,0.6730769230769231,0.9807692307692307,0.6428571428571429,0.8571428571428571,0.0004
515,0.8912049531936646,1.7457194328308105,0.6730769230769231,0.9230769230769231,0.5714285714285714,0.8571428571428571,0.0004
516,0.9270342886447906,1.7682700157165527,0.6346153846153846,0.9807692307692307,0.6428571428571429,0.7857142857142857,0.0004
517,0.747258186340332,1.6347239017486572,0.7115384615384616,0.9615384615384616,0.7857142857142857,0.8571428571428571,0.0004
518,0.8282096087932587,1.9633394479751587,0.7115384615384616,0.9423076923076923,0.5,0.8571428571428571,0.0004
519,1.0623427033424377,1.387189269065857,0.6153846153846154,0.9423076923076923,0.7142857142857143,0.8571428571428571,0.0004
520,0.8860227167606354,1.2838544845581055,0.6923076923076923,0.9038461538461539,0.7142857142857143,0.9285714285714286,0.0004
521,1.0003312826156616,1.2217063903808594,0.6153846153846154,0.9230769230769231,0.6428571428571429,0.8571428571428571,0.0004
522,0.788942277431488,1.503006935119629,0.6538461538461539,1.0,0.7142857142857143,0.8571428571428571,0.0004
523,0.9387159049510956,1.3070600032806396,0.6153846153846154,0.9615384615384616,0.7142857142857143,0.7857142857142857,0.0004
524,0.8496077060699463,0.8229236602783203,0.7115384615384616,0.9423076923076923,0.9285714285714286,0.9285714285714286,0.0004
525,0.8539929687976837,1.7164417505264282,0.7115384615384616,0.9230769230769231,0.6428571428571429,0.8571428571428571,0.0004
526,0.8323804140090942,1.462348461151123,0.7307692307692307,0.9423076923076923,0.5714285714285714,0.8571428571428571,0.0004
527,0.6778041422367096,1.5934154987335205,0.6923076923076923,0.9615384615384616,0.5714285714285714,0.8571428571428571,0.0004
528,0.8785037398338318,1.529487133026123,0.5961538461538461,0.9615384615384616,0.5714285714285714,0.8571428571428571,0.0004
529,0.7743774652481079,1.124776840209961,0.6538461538461539,0.9615384615384616,0.7857142857142857,0.9285714285714286,0.0004
530,0.7191949486732483,0.8782309293746948,0.6923076923076923,0.9615384615384616,0.7857142857142857,0.9285714285714286,0.0004
531,0.6375791430473328,0.9896378517150879,0.7692307692307693,0.9807692307692307,0.8571428571428571,0.9285714285714286,0.0004
532,0.9085376262664795,1.127504587173462,0.6923076923076923,0.9423076923076923,0.7857142857142857,0.8571428571428571,0.0004
533,0.8367099165916443,1.1734641790390015,0.7307692307692307,0.9615384615384616,0.7857142857142857,0.8571428571428571,0.0004
534,0.5696737468242645,1.9040027856826782,0.7884615384615384,1.0,0.7857142857142857,0.7857142857142857,0.0004
535,0.672295868396759,0.8960509300231934,0.7884615384615384,0.9615384615384616,0.9285714285714286,0.9285714285714286,0.0004
536,0.6070385575294495,1.174210548400879,0.7307692307692307,0.9807692307692307,0.8571428571428571,0.8571428571428571,0.0004
537,0.6228881776332855,0.9264176487922668,0.75,1.0,1.0,0.9285714285714286,0.0004
538,0.8218685984611511,1.3443481922149658,0.7115384615384616,0.9423076923076923,0.7857142857142857,0.9285714285714286,0.0004
539,0.48813633620738983,1.7788772583007812,0.8076923076923077,0.9807692307692307,0.6428571428571429,0.8571428571428571,0.0004
540,0.6993183493614197,2.258023738861084,0.7692307692307693,0.9423076923076923,0.5,0.7857142857142857,0.0004
541,0.7693594694137573,1.9362479448318481,0.6538461538461539,0.9807692307692307,0.6428571428571429,0.8571428571428571,0.0004
542,0.7372709512710571,1.718883752822876,0.7307692307692307,0.9615384615384616,0.6428571428571429,0.7857142857142857,0.0004
543,0.8331468105316162,2.0708069801330566,0.7307692307692307,0.9423076923076923,0.5714285714285714,0.7857142857142857,0.0004
544,0.7729547917842865,0.859700083732605,0.75,0.9807692307692307,0.7857142857142857,0.9285714285714286,0.0004
545,0.5560446828603745,0.790073037147522,0.7884615384615384,0.9807692307692307,0.8571428571428571,0.9285714285714286,0.0004
546,1.0916679501533508,1.275940179824829,0.6538461538461539,0.8846153846153846,0.7142857142857143,0.8571428571428571,0.0004
547,0.7944227159023285,1.4273829460144043,0.7115384615384616,0.9615384615384616,0.7142857142857143,0.8571428571428571,0.0004
548,0.9589298665523529,0.8949952125549316,0.6346153846153846,0.9230769230769231,0.8571428571428571,0.9285714285714286,0.0004
549,0.6291533410549164,1.4105663299560547,0.7692307692307693,0.9423076923076923,0.7142857142857143,0.8571428571428571,0.0004
550,0.6745306551456451,1.3891526460647583,0.7307692307692307,0.9807692307692307,0.42857142857142855,0.8571428571428571,0.0004
551,0.9647796154022217,0.9237359762191772,0.6730769230769231,0.9230769230769231,0.7857142857142857,0.9285714285714286,0.0004
552,0.6002130210399628,1.151346206665039,0.75,1.0,0.7857142857142857,0.8571428571428571,0.0004
553,0.5112862884998322,1.048264980316162,0.7884615384615384,1.0,0.7857142857142857,0.9285714285714286,0.0004
554,0.6897382438182831,1.0549988746643066,0.7884615384615384,0.9807692307692307,0.7857142857142857,0.9285714285714286,0.0004
555,1.0058202147483826,1.1662771701812744,0.6730769230769231,0.9230769230769231,0.7857142857142857,0.8571428571428571,0.0004
556,0.755555048584938,0.7096901535987854,0.8076923076923077,0.9423076923076923,0.9285714285714286,0.9285714285714286,0.0004
557,1.1282793879508972,1.5117087364196777,0.6923076923076923,0.8846153846153846,0.6428571428571429,0.8571428571428571,0.0004
558,0.7500856816768646,0.7771342992782593,0.75,0.9807692307692307,0.9285714285714286,0.9285714285714286,0.0004
559,1.0215675830841064,1.7319378852844238,0.6346153846153846,0.9423076923076923,0.6428571428571429,0.8571428571428571,0.0004
560,0.8521111607551575,1.089959979057312,0.7115384615384616,0.9230769230769231,0.7857142857142857,0.9285714285714286,0.0004
561,0.8173792064189911,1.633720874786377,0.7115384615384616,0.9807692307692307,0.6428571428571429,0.7857142857142857,0.0004
562,0.7173972725868225,1.0119893550872803,0.7115384615384616,0.9807692307692307,0.7857142857142857,0.9285714285714286,0.0004
563,0.8857710957527161,0.7871260643005371,0.7115384615384616,0.9230769230769231,0.7857142857142857,0.9285714285714286,0.0004
564,0.8343664407730103,0.9083021879196167,0.6923076923076923,0.9807692307692307,0.8571428571428571,0.9285714285714286,0.0004
565,0.7846828997135162,0.990607500076294,0.6730769230769231,0.9615384615384616,0.7857142857142857,0.8571428571428571,0.0004
566,0.7804029583930969,1.3818563222885132,0.75,0.9615384615384616,0.7142857142857143,0.7857142857142857,0.0004
567,0.5929111540317535,1.0686585903167725,0.7692307692307693,0.9807692307692307,0.8571428571428571,0.9285714285714286,0.0004
568,0.5994279980659485,1.0595734119415283,0.7692307692307693,0.9807692307692307,0.8571428571428571,0.9285714285714286,0.0004
569,0.7177373468875885,1.2962753772735596,0.7307692307692307,0.9423076923076923,0.6428571428571429,0.9285714285714286,0.0004
570,0.7826664447784424,1.5099823474884033,0.5961538461538461,0.9423076923076923,0.7857142857142857,0.8571428571428571,0.0004
571,0.6414805054664612,2.31329345703125,0.75,0.9807692307692307,0.5714285714285714,0.7142857142857143,0.0004
572,0.718731701374054,2.0264248847961426,0.8269230769230769,0.9615384615384616,0.7857142857142857,0.7857142857142857,0.0004
573,0.5865475833415985,1.3113789558410645,0.8269230769230769,0.9615384615384616,0.7142857142857143,0.8571428571428571,0.0004
574,0.7921708524227142,1.1534740924835205,0.6923076923076923,0.9615384615384616,0.8571428571428571,0.9285714285714286,0.0004
575,0.5994554162025452,1.9062507152557373,0.75,0.9807692307692307,0.5,0.7857142857142857,0.0004
576,0.6291269510984421,2.0305299758911133,0.6923076923076923,0.9423076923076923,0.5,0.7857142857142857,0.0004
577,0.6597993075847626,1.3421502113342285,0.6923076923076923,0.9807692307692307,0.7142857142857143,0.8571428571428571,0.0004
578,0.8498069941997528,1.4187169075012207,0.6730769230769231,0.9230769230769231,0.7142857142857143,0.8571428571428571,0.0004
579,0.7854461669921875,1.2014954090118408,0.6730769230769231,0.9423076923076923,0.7142857142857143,0.8571428571428571,0.0004
580,0.6848926842212677,1.2349333763122559,0.7307692307692307,0.9615384615384616,0.7857142857142857,0.8571428571428571,0.0004
581,0.9350886344909668,1.124150276184082,0.7115384615384616,0.9230769230769231,0.7857142857142857,0.9285714285714286,0.0004
582,0.7555506229400635,0.8270087242126465,0.7115384615384616,0.9230769230769231,0.7857142857142857,0.9285714285714286,0.0004
583,0.7089555263519287,0.8925561308860779,0.7692307692307693,0.9615384615384616,0.8571428571428571,0.9285714285714286,0.0004
584,0.5576338022947311,0.8203507661819458,0.8076923076923077,1.0,0.8571428571428571,0.9285714285714286,0.0004
585,0.503010556101799,1.6689794063568115,0.8076923076923077,1.0,0.5714285714285714,0.8571428571428571,0.0004
586,1.175321877002716,2.319878101348877,0.6538461538461539,0.8653846153846154,0.5714285714285714,0.8571428571428571,0.0004
587,0.8601881265640259,1.1936347484588623,0.6730769230769231,0.9615384615384616,0.8571428571428571,0.9285714285714286,0.0004
588,0.8400433659553528,0.8306965827941895,0.6730769230769231,0.9423076923076923,0.9285714285714286,0.9285714285714286,0.0004
589,0.6553134918212891,1.1844679117202759,0.7692307692307693,0.9423076923076923,0.7142857142857143,0.9285714285714286,0.0004
590,0.7015922367572784,1.6573588848114014,0.7692307692307693,0.9615384615384616,0.7857142857142857,0.8571428571428571,0.0004
591,0.8010433912277222,1.3846023082733154,0.7115384615384616,0.9423076923076923,0.6428571428571429,0.9285714285714286,0.0004
592,0.6714594960212708,1.7998210191726685,0.6923076923076923,1.0,0.6428571428571429,0.8571428571428571,0.0004
593,0.7414042949676514,1.9995399713516235,0.75,1.0,0.5714285714285714,0.7142857142857143,0.0004
594,0.7267554700374603,2.622767686843872,0.6923076923076923,0.9615384615384616,0.35714285714285715,0.7142857142857143,0.0004
595,0.7362384498119354,1.1834676265716553,0.7115384615384616,0.9807692307692307,0.6428571428571429,0.9285714285714286,0.0004
596,0.7806452512741089,2.2314515113830566,0.7692307692307693,0.9423076923076923,0.6428571428571429,0.7857142857142857,0.0004
597,0.7357926964759827,2.0077435970306396,0.7307692307692307,0.9423076923076923,0.5714285714285714,0.8571428571428571,0.0004
598,0.7214037179946899,1.4053789377212524,0.7692307692307693,0.9038461538461539,0.8571428571428571,0.8571428571428571,0.0004
599,0.654504120349884,0.8059899806976318,0.75,1.0,1.0,0.9285714285714286,0.0004
600,0.7847620248794556,1.210536241531372,0.7307692307692307,0.9807692307692307,0.7857142857142857,0.8571428571428571,0.0004
601,0.7868525683879852,0.8136455416679382,0.7884615384615384,0.9615384615384616,0.7857142857142857,0.8571428571428571,0.0004
602,0.8009931445121765,1.1436855792999268,0.6346153846153846,0.9615384615384616,0.7857142857142857,0.7857142857142857,0.0004
603,0.9354206323623657,1.1572353839874268,0.75,0.9423076923076923,0.7142857142857143,0.9285714285714286,0.0004
604,0.6746492236852646,0.910595178604126,0.7692307692307693,0.9807692307692307,0.7857142857142857,0.9285714285714286,0.0004
605,0.5688893795013428,1.7037324905395508,0.7307692307692307,1.0,0.7857142857142857,0.8571428571428571,0.0004
606,0.6053414642810822,1.7690387964248657,0.7692307692307693,0.9807692307692307,0.5,0.7857142857142857,0.0004
607,0.8193265795707703,1.8684165477752686,0.6923076923076923,0.9423076923076923,0.5,0.8571428571428571,0.0004
608,0.7302471995353699,2.2968006134033203,0.7692307692307693,0.9615384615384616,0.7142857142857143,0.7142857142857143,0.0004
609,0.6538455188274384,1.990100383758545,0.7115384615384616,0.9615384615384616,0.5714285714285714,0.7857142857142857,0.0004
610,0.8803959786891937,2.3244900703430176,0.7115384615384616,0.9615384615384616,0.6428571428571429,0.6428571428571429,0.0004
611,0.8006936013698578,1.7119698524475098,0.6923076923076923,0.9423076923076923,0.6428571428571429,0.8571428571428571,0.0004
612,0.9450089335441589,1.2504608631134033,0.6923076923076923,0.9615384615384616,0.7857142857142857,0.9285714285714286,0.0004
613,0.9071444869041443,1.522230863571167,0.6538461538461539,0.9807692307692307,0.8571428571428571,0.8571428571428571,0.0004
614,0.65974560379982,1.0240068435668945,0.75,0.9807692307692307,0.8571428571428571,0.9285714285714286,0.0004
615,0.7142927944660187,1.2525478601455688,0.6730769230769231,0.9423076923076923,0.5714285714285714,0.8571428571428571,0.0004
616,0.665059819817543,1.1732627153396606,0.7115384615384616,0.9615384615384616,0.7857142857142857,0.9285714285714286,0.0004
617,0.8026611804962158,1.4598469734191895,0.6346153846153846,0.9615384615384616,0.7142857142857143,0.8571428571428571,0.0004
618,0.9875958561897278,1.635826826095581,0.6538461538461539,0.9423076923076923,0.7142857142857143,0.7857142857142857,0.0004
619,0.9950852692127228,1.6594024896621704,0.6346153846153846,0.9230769230769231,0.6428571428571429,0.8571428571428571,0.0004
620,0.7653839290142059,1.9553322792053223,0.6730769230769231,0.9807692307692307,0.6428571428571429,0.7142857142857143,0.0004
621,1.0286378264427185,1.7653062343597412,0.5576923076923077,0.9423076923076923,0.5714285714285714,0.7857142857142857,0.0004
622,0.661427915096283,1.2686748504638672,0.75,0.9807692307692307,0.6428571428571429,0.8571428571428571,0.0004
623,0.798157662153244,1.1937546730041504,0.6538461538461539,0.9038461538461539,0.7857142857142857,0.9285714285714286,0.0004
624,0.9365719556808472,0.9301031827926636,0.6538461538461539,0.9423076923076923,0.8571428571428571,0.8571428571428571,0.0004
625,0.7148472964763641,1.892559289932251,0.7884615384615384,0.9615384615384616,0.5714285714285714,0.8571428571428571,0.0004
626,0.7297331690788269,1.1820876598358154,0.6923076923076923,0.9615384615384616,0.9285714285714286,0.8571428571428571,0.0004
627,0.9828576743602753,1.193178415298462,0.5769230769230769,0.9615384615384616,0.7857142857142857,0.8571428571428571,0.0004
628,0.5521915555000305,1.174604058265686,0.7884615384615384,0.9615384615384616,0.7142857142857143,0.8571428571428571,0.0004
629,1.0661556720733643,1.50870943069458,0.6538461538461539,0.9230769230769231,0.6428571428571429,0.7857142857142857,0.0004
630,0.5357562005519867,1.0100637674331665,0.7884615384615384,1.0,0.8571428571428571,0.9285714285714286,0.0004
631,0.7580007910728455,1.0101304054260254,0.75,0.9615384615384616,0.7142857142857143,0.9285714285714286,0.0004
632,0.7423210740089417,1.4933114051818848,0.75,0.9423076923076923,0.5,0.7857142857142857,0.0004
633,0.5887835621833801,0.9043413996696472,0.7115384615384616,0.9807692307692307,0.7142857142857143,0.9285714285714286,0.0004
634,0.6894124448299408,2.2197344303131104,0.7307692307692307,0.9423076923076923,0.5714285714285714,0.7857142857142857,0.0004
635,0.5723544657230377,1.4709774255752563,0.7884615384615384,0.9615384615384616,0.42857142857142855,0.8571428571428571,0.0004
636,0.7536455690860748,1.3052904605865479,0.7307692307692307,1.0,0.7142857142857143,0.9285714285714286,0.0004
637,0.9190094172954559,1.0953454971313477,0.6923076923076923,0.9615384615384616,0.7142857142857143,0.9285714285714286,0.0004
638,0.7388868927955627,1.2494860887527466,0.6923076923076923,0.9615384615384616,0.6428571428571429,0.9285714285714286,0.0004
639,0.5425304621458054,2.078216552734375,0.7692307692307693,1.0,0.5714285714285714,0.7857142857142857,0.0004
640,0.6550951600074768,1.0229713916778564,0.75,0.9807692307692307,0.7857142857142857,0.9285714285714286,0.0004
641,0.649865984916687,1.633913278579712,0.7115384615384616,0.9615384615384616,0.7142857142857143,0.8571428571428571,0.0004
642,0.6671567261219025,2.0380630493164062,0.7692307692307693,0.9807692307692307,0.5714285714285714,0.7142857142857143,0.0004
643,0.9276047945022583,1.5617769956588745,0.6153846153846154,0.9038461538461539,0.8571428571428571,0.8571428571428571,0.0004
644,0.5198460668325424,1.698615312576294,0.8269230769230769,0.9807692307692307,0.5,0.8571428571428571,0.0004
645,0.6556760668754578,0.9108511209487915,0.7884615384615384,0.9807692307692307,0.8571428571428571,0.9285714285714286,0.0004
646,0.5787439942359924,1.506819486618042,0.7884615384615384,1.0,0.7142857142857143,0.7857142857142857,0.0004
647,0.7992410063743591,1.3309378623962402,0.6346153846153846,0.9423076923076923,0.7857142857142857,0.8571428571428571,0.0004
648,0.6917847692966461,1.1877405643463135,0.7115384615384616,0.9615384615384616,0.6428571428571429,0.7857142857142857,0.0004
649,0.9989046156406403,0.9325588345527649,0.7307692307692307,0.9230769230769231,0.6428571428571429,0.9285714285714286,0.0004
650,1.052944928407669,1.0073784589767456,0.6730769230769231,0.8846153846153846,0.8571428571428571,0.9285714285714286,0.0004
651,0.7298975884914398,0.8076635599136353,0.7115384615384616,0.9807692307692307,1.0,0.8571428571428571,0.0004
652,0.7458795011043549,1.336766242980957,0.75,0.9615384615384616,0.6428571428571429,0.9285714285714286,0.0004
653,0.7311729192733765,1.8045618534088135,0.7884615384615384,0.9615384615384616,0.6428571428571429,0.7857142857142857,0.0004
654,0.7758942246437073,1.1425461769104004,0.75,0.9807692307692307,0.7857142857142857,0.9285714285714286,0.0004
655,1.0194196105003357,1.0968120098114014,0.7307692307692307,0.9038461538461539,0.8571428571428571,0.8571428571428571,0.0004
656,0.8669955432415009,1.0768522024154663,0.7115384615384616,0.9423076923076923,0.7857142857142857,0.9285714285714286,0.0004
657,0.532196581363678,1.5166356563568115,0.7884615384615384,0.9807692307692307,0.5,0.7857142857142857,0.0004
658,0.7694451808929443,1.3119845390319824,0.7115384615384616,0.9423076923076923,0.6428571428571429,0.8571428571428571,0.0004
659,0.6589289903640747,1.5845861434936523,0.75,0.9615384615384616,0.7857142857142857,0.7857142857142857,0.0004
660,0.5598189830780029,1.282108187675476,0.7692307692307693,0.9807692307692307,0.8571428571428571,0.8571428571428571,0.0004
661,0.7177218794822693,1.7237398624420166,0.7692307692307693,0.9615384615384616,0.6428571428571429,0.8571428571428571,0.0004
662,0.7022557556629181,2.164247989654541,0.7692307692307693,0.9423076923076923,0.42857142857142855,0.7857142857142857,0.0004
663,0.9727687835693359,0.906170129776001,0.7115384615384616,0.9423076923076923,0.9285714285714286,0.9285714285714286,0.0004
664,0.6667969226837158,1.045643925666809,0.8461538461538461,0.9615384615384616,0.7142857142857143,0.9285714285714286,0.0004
665,0.9476423859596252,1.6870852708816528,0.75,0.9423076923076923,0.7857142857142857,0.7142857142857143,0.0004
666,0.6263790428638458,1.3265440464019775,0.8269230769230769,0.9807692307692307,0.42857142857142855,0.9285714285714286,0.0004
667,0.6701516509056091,1.138730525970459,0.7307692307692307,0.9615384615384616,0.6428571428571429,0.9285714285714286,0.0004
668,0.615788608789444,0.8722988367080688,0.7115384615384616,0.9807692307692307,0.8571428571428571,0.9285714285714286,0.0004
669,0.8243813514709473,1.0741301774978638,0.6923076923076923,0.9615384615384616,0.7142857142857143,0.9285714285714286,0.0004
670,0.6695987582206726,1.6881630420684814,0.7115384615384616,0.9807692307692307,0.7857142857142857,0.8571428571428571,0.0004
671,0.6503109633922577,1.401607871055603,0.7307692307692307,1.0,0.6428571428571429,0.8571428571428571,0.0004
672,0.7038260698318481,1.1455409526824951,0.6923076923076923,0.9807692307692307,0.6428571428571429,0.8571428571428571,0.0004
673,0.7552348077297211,0.8923764228820801,0.8076923076923077,0.9615384615384616,0.8571428571428571,0.9285714285714286,0.0004
674,1.0655189752578735,1.4419245719909668,0.6923076923076923,0.9230769230769231,0.6428571428571429,0.8571428571428571,0.0004
675,0.77433842420578,1.8674105405807495,0.6923076923076923,0.9807692307692307,0.6428571428571429,0.7857142857142857,0.0004
676,0.7207260727882385,1.1439255475997925,0.7884615384615384,0.9423076923076923,0.8571428571428571,0.8571428571428571,0.0004
677,0.6905770599842072,1.8848583698272705,0.6730769230769231,0.9423076923076923,0.7142857142857143,0.7857142857142857,0.0004
678,0.9245328903198242,1.2731969356536865,0.6730769230769231,0.9038461538461539,0.6428571428571429,0.8571428571428571,0.0004
679,0.5795964449644089,1.0596606731414795,0.7692307692307693,0.9807692307692307,0.7142857142857143,0.8571428571428571,0.0004
680,0.7928915619850159,1.3367977142333984,0.6730769230769231,0.9615384615384616,0.6428571428571429,0.9285714285714286,0.0004
681,0.8747353553771973,0.6896625757217407,0.6346153846153846,0.9230769230769231,0.8571428571428571,0.8571428571428571,0.0004
682,0.8144015073776245,1.1686139106750488,0.7307692307692307,0.9615384615384616,0.7142857142857143,0.9285714285714286,0.0004
683,0.645880788564682,0.8880460858345032,0.75,0.9423076923076923,0.8571428571428571,0.9285714285714286,0.0004
684,0.8321317434310913,0.8247606754302979,0.7115384615384616,0.9230769230769231,0.8571428571428571,0.9285714285714286,0.0004
685,0.8334046006202698,0.9058712720870972,0.6153846153846154,0.9230769230769231,0.7857142857142857,0.9285714285714286,0.0004
686,0.6422489285469055,1.4056060314178467,0.7692307692307693,0.9807692307692307,0.7142857142857143,0.9285714285714286,0.0004
687,0.8132966756820679,0.6482334136962891,0.75,0.9807692307692307,1.0,0.9285714285714286,0.0004
688,0.7213617861270905,0.8420938849449158,0.7884615384615384,0.9423076923076923,0.9285714285714286,0.9285714285714286,0.0004
689,0.7046865522861481,1.5884945392608643,0.7884615384615384,0.9423076923076923,0.7857142857142857,0.8571428571428571,0.0004
690,0.5692303776741028,1.0736632347106934,0.8269230769230769,0.9807692307692307,0.7857142857142857,0.9285714285714286,0.0004
691,0.8603791296482086,0.9642924070358276,0.7307692307692307,0.9423076923076923,0.7857142857142857,0.9285714285714286,0.0004
692,0.7946053445339203,0.8047549724578857,0.6923076923076923,0.9230769230769231,0.9285714285714286,0.8571428571428571,0.0004
693,0.7410843074321747,1.615924596786499,0.6923076923076923,0.9423076923076923,0.6428571428571429,0.8571428571428571,0.0004
694,0.8400098085403442,0.8419733047485352,0.6730769230769231,0.9423076923076923,0.7857142857142857,0.9285714285714286,0.0004
695,0.817734569311142,2.148294448852539,0.7115384615384616,0.9423076923076923,0.5,0.6428571428571429,0.0004
696,0.6399902105331421,0.8076157569885254,0.6923076923076923,0.9807692307692307,0.9285714285714286,0.9285714285714286,0.0004
697,0.7461484670639038,1.0842620134353638,0.75,0.9615384615384616,0.9285714285714286,0.8571428571428571,0.0004
698,0.6750513017177582,1.6672735214233398,0.8653846153846154,0.9615384615384616,0.7142857142857143,0.7857142857142857,0.0004
699,0.7722769379615784,1.6274662017822266,0.7307692307692307,0.9807692307692307,0.7857142857142857,0.8571428571428571,0.0004
700,0.7284178733825684,1.329515814781189,0.7692307692307693,0.9807692307692307,0.7142857142857143,0.8571428571428571,0.0004
701,0.7575904726982117,0.9417130947113037,0.7884615384615384,0.9615384615384616,0.8571428571428571,0.9285714285714286,0.0004
702,0.6441918015480042,2.196701765060425,0.7692307692307693,0.9615384615384616,0.6428571428571429,0.7857142857142857,0.0004
703,0.4995531737804413,1.230482578277588,0.8461538461538461,0.9807692307692307,0.8571428571428571,0.8571428571428571,0.0004
704,0.6331489980220795,1.9506592750549316,0.75,0.9615384615384616,0.6428571428571429,0.7857142857142857,0.0004
705,0.7975536584854126,1.5252220630645752,0.6923076923076923,0.9615384615384616,0.7142857142857143,0.8571428571428571,0.0004
706,0.5884401202201843,1.1081740856170654,0.8269230769230769,1.0,0.6428571428571429,0.9285714285714286,0.0004
707,0.7199660837650299,1.2785570621490479,0.8076923076923077,0.9615384615384616,0.7142857142857143,0.8571428571428571,0.0004
708,0.5773458182811737,1.7553582191467285,0.8461538461538461,1.0,0.7857142857142857,0.7857142857142857,0.0004
709,0.7114274203777313,1.198133945465088,0.7692307692307693,0.9807692307692307,0.7857142857142857,0.8571428571428571,0.0004
710,0.7346744239330292,0.9696815013885498,0.7307692307692307,0.9423076923076923,0.7142857142857143,0.9285714285714286,0.0004
711,0.47134310007095337,1.069597840309143,0.7884615384615384,0.9807692307692307,0.8571428571428571,0.9285714285714286,0.0004
712,0.5712314248085022,0.616041898727417,0.7692307692307693,0.9807692307692307,0.9285714285714286,0.9285714285714286,0.0004
713,0.636887788772583,0.9138367176055908,0.7307692307692307,1.0,0.7142857142857143,0.9285714285714286,0.0004
714,0.8830741047859192,1.2321017980575562,0.75,0.9230769230769231,0.7857142857142857,0.8571428571428571,0.0004
715,0.9465635418891907,1.3103816509246826,0.6538461538461539,0.9230769230769231,0.7142857142857143,0.8571428571428571,0.0004
716,0.8650445640087128,1.7812273502349854,0.7307692307692307,0.9230769230769231,0.6428571428571429,0.8571428571428571,0.0004
717,0.7371562719345093,1.0229521989822388,0.7307692307692307,0.9615384615384616,0.7857142857142857,0.9285714285714286,0.0004
718,0.8112046420574188,1.4222569465637207,0.7115384615384616,0.9423076923076923,0.7857142857142857,0.8571428571428571,0.0004
719,0.4934842884540558,0.941238284111023,0.8461538461538461,0.9807692307692307,0.7142857142857143,0.9285714285714286,0.0004
720,0.5571117699146271,1.5246326923370361,0.8076923076923077,0.9807692307692307,0.7857142857142857,0.8571428571428571,0.0004
721,1.0545016527175903,1.3987951278686523,0.7115384615384616,0.8846153846153846,0.5714285714285714,0.7857142857142857,0.0004
722,0.6159639656543732,0.9718614220619202,0.7692307692307693,0.9615384615384616,0.7857142857142857,0.9285714285714286,0.0004
723,0.6414147019386292,1.1553783416748047,0.7692307692307693,0.9615384615384616,0.8571428571428571,0.8571428571428571,0.0004
724,0.6375608742237091,0.9462989568710327,0.8076923076923077,0.9807692307692307,0.8571428571428571,0.9285714285714286,0.0004
725,0.43608880043029785,1.2750217914581299,0.8269230769230769,1.0,0.7857142857142857,0.8571428571428571,0.0004
726,0.6285749077796936,1.4283642768859863,0.7884615384615384,0.9615384615384616,0.7142857142857143,0.7857142857142857,0.0004
727,0.6410336196422577,0.8547881841659546,0.7307692307692307,0.9615384615384616,0.8571428571428571,0.9285714285714286,0.0004
728,0.5475066006183624,0.9172394275665283,0.7692307692307693,1.0,0.7857142857142857,0.9285714285714286,0.0004
729,0.6734587252140045,1.4939749240875244,0.75,0.9807692307692307,0.5,0.7857142857142857,0.0004
730,0.7691325843334198,1.0251028537750244,0.7115384615384616,0.9423076923076923,0.8571428571428571,0.8571428571428571,0.0004
731,0.5711206793785095,1.1145070791244507,0.8076923076923077,0.9807692307692307,0.8571428571428571,0.8571428571428571,0.0004
732,0.5464233160018921,1.2690147161483765,0.75,0.9807692307692307,0.8571428571428571,0.8571428571428571,0.0004
733,0.8976969718933105,1.5148041248321533,0.6923076923076923,0.9423076923076923,0.8571428571428571,0.8571428571428571,0.0004
734,0.8709501624107361,1.3087645769119263,0.6923076923076923,0.9230769230769231,0.7857142857142857,0.7857142857142857,0.0004
735,0.7361998111009598,1.075953483581543,0.75,0.9230769230769231,0.7142857142857143,0.9285714285714286,0.0004
736,0.48112137615680695,0.9820834398269653,0.7692307692307693,0.9807692307692307,0.8571428571428571,0.9285714285714286,0.0004
737,0.8844092786312103,1.1305913925170898,0.6923076923076923,0.9423076923076923,0.7857142857142857,0.9285714285714286,0.0004
738,0.8112359642982483,1.0411105155944824,0.7115384615384616,0.9423076923076923,0.9285714285714286,0.9285714285714286,0.0004
739,0.767861396074295,1.9066892862319946,0.6923076923076923,0.9038461538461539,0.5714285714285714,0.8571428571428571,0.0004
740,0.585367277264595,1.6379754543304443,0.8076923076923077,0.9807692307692307,0.5714285714285714,0.7857142857142857,0.0004
741,0.601582407951355,1.3401758670806885,0.7692307692307693,0.9807692307692307,0.6428571428571429,0.9285714285714286,0.0004
742,0.6093144714832306,1.2432646751403809,0.7307692307692307,0.9807692307692307,0.7857142857142857,0.8571428571428571,0.0004
743,0.7799813747406006,1.5329875946044922,0.75,0.9038461538461539,0.7142857142857143,0.7857142857142857,0.0004
744,0.5535896122455597,0.9093377590179443,0.7692307692307693,0.9807692307692307,0.7857142857142857,0.9285714285714286,0.0004
745,0.6035029590129852,1.323838710784912,0.75,1.0,0.6428571428571429,0.8571428571428571,0.0004
746,0.8072278499603271,1.285820722579956,0.7884615384615384,0.9423076923076923,0.7857142857142857,0.9285714285714286,0.0004
747,0.5530014783143997,0.955227255821228,0.8653846153846154,0.9807692307692307,0.7857142857142857,0.9285714285714286,0.0004
748,0.5241236984729767,1.233530044555664,0.8846153846153846,1.0,0.8571428571428571,0.8571428571428571,0.0004
749,0.5920142531394958,1.396174430847168,0.7115384615384616,1.0,0.7142857142857143,0.8571428571428571,0.0004
750,0.5497103929519653,0.9861873984336853,0.7884615384615384,1.0,0.8571428571428571,0.8571428571428571,0.0004
751,0.7497804760932922,1.5751991271972656,0.75,0.9423076923076923,0.5,0.8571428571428571,0.0004
752,0.8352760374546051,1.6941285133361816,0.7884615384615384,0.9807692307692307,0.5714285714285714,0.7857142857142857,0.0004
753,0.5519641041755676,1.4435056447982788,0.7692307692307693,1.0,0.7857142857142857,0.7857142857142857,0.0004
754,0.5404051393270493,1.55946683883667,0.8076923076923077,0.9807692307692307,0.5714285714285714,0.7857142857142857,0.0004
755,0.7321352958679199,1.269413948059082,0.7884615384615384,0.9615384615384616,0.6428571428571429,0.9285714285714286,0.0004
756,0.8491325974464417,0.9428769946098328,0.7115384615384616,0.9038461538461539,0.8571428571428571,0.9285714285714286,0.0004
757,0.5545817017555237,1.3910582065582275,0.7884615384615384,0.9423076923076923,0.8571428571428571,0.8571428571428571,0.0004
758,0.6959147453308105,1.6279559135437012,0.7692307692307693,0.9807692307692307,0.6428571428571429,0.7857142857142857,0.0004
759,0.7344356775283813,0.8987632989883423,0.75,0.9230769230769231,0.8571428571428571,0.9285714285714286,0.0004
760,0.7220710515975952,1.4385757446289062,0.7692307692307693,0.9615384615384616,0.6428571428571429,0.9285714285714286,0.0004
761,0.5857552886009216,1.3127756118774414,0.8076923076923077,0.9615384615384616,0.7857142857142857,0.8571428571428571,0.0004
762,0.6478961706161499,1.00361168384552,0.8076923076923077,0.9615384615384616,0.8571428571428571,0.9285714285714286,0.0004
763,0.7004199028015137,1.31242036819458,0.7884615384615384,0.9615384615384616,0.7142857142857143,0.7857142857142857,0.0004
764,0.6833090782165527,0.9036243557929993,0.8076923076923077,0.9230769230769231,0.8571428571428571,0.8571428571428571,0.0004
765,0.6818394958972931,1.1791480779647827,0.7884615384615384,0.9615384615384616,0.7857142857142857,0.8571428571428571,0.0004
766,0.7977140247821808,1.2346916198730469,0.75,0.9615384615384616,0.7142857142857143,0.8571428571428571,0.0004
767,0.5901590585708618,1.2915891408920288,0.75,1.0,0.7142857142857143,0.7857142857142857,0.0004
768,0.519503191113472,1.2851964235305786,0.7884615384615384,0.9807692307692307,0.7857142857142857,0.9285714285714286,0.0004
769,0.56601282954216,1.284391164779663,0.8269230769230769,0.9807692307692307,0.7142857142857143,0.7857142857142857,0.0004
770,0.5270225405693054,1.2543144226074219,0.75,0.9807692307692307,0.7142857142857143,0.8571428571428571,0.0004
771,0.5415298938751221,1.4221553802490234,0.8076923076923077,0.9807692307692307,0.7142857142857143,0.8571428571428571,0.0004
772,0.7019495368003845,1.1928935050964355,0.6923076923076923,0.9615384615384616,0.6428571428571429,0.8571428571428571,0.0004
773,0.5921161770820618,1.1514010429382324,0.8076923076923077,1.0,0.8571428571428571,0.8571428571428571,0.0004
774,0.6455760598182678,1.0109590291976929,0.75,0.9807692307692307,0.8571428571428571,0.9285714285714286,0.0004
775,0.6401678323745728,1.2317447662353516,0.8076923076923077,0.9615384615384616,0.7857142857142857,0.8571428571428571,0.0004
776,0.8505715131759644,1.1642401218414307,0.75,0.9230769230769231,0.8571428571428571,0.9285714285714286,0.0004
777,0.5242215394973755,1.0908799171447754,0.75,0.9807692307692307,0.7857142857142857,0.9285714285714286,0.0004
778,0.7358023524284363,1.5578258037567139,0.7692307692307693,1.0,0.6428571428571429,0.8571428571428571,0.0004
779,0.7914663553237915,1.0382893085479736,0.6730769230769231,0.9423076923076923,0.8571428571428571,0.9285714285714286,0.0004
780,0.5822403430938721,1.656293272972107,0.8076923076923077,1.0,0.5714285714285714,0.8571428571428571,0.0004
781,0.4985157251358032,1.6172237396240234,0.7307692307692307,0.9615384615384616,0.7857142857142857,0.8571428571428571,0.0004
782,0.8733073770999908,1.7956023216247559,0.7307692307692307,0.9230769230769231,0.7142857142857143,0.7857142857142857,0.0004
783,0.9115049839019775,0.9168550968170166,0.7115384615384616,0.9615384615384616,0.7857142857142857,0.8571428571428571,0.0004
784,0.953315019607544,1.0840147733688354,0.6923076923076923,0.9423076923076923,0.7857142857142857,0.9285714285714286,0.0004
785,0.7382512390613556,1.8704957962036133,0.7115384615384616,0.9615384615384616,0.7142857142857143,0.7857142857142857,0.0004
786,0.9924921989440918,0.901294469833374,0.6730769230769231,0.9230769230769231,0.7857142857142857,0.9285714285714286,0.0004
787,0.7701253890991211,1.1167809963226318,0.7692307692307693,0.9423076923076923,0.8571428571428571,0.8571428571428571,0.0004
788,0.578610748052597,1.7237544059753418,0.7884615384615384,0.9807692307692307,0.7142857142857143,0.7857142857142857,0.0004
789,0.8239282965660095,1.2590281963348389,0.6346153846153846,0.9230769230769231,0.7142857142857143,0.9285714285714286,0.0004
790,0.9450559020042419,1.019334077835083,0.5769230769230769,0.9230769230769231,0.9285714285714286,0.9285714285714286,0.0004
791,0.6069922596216202,2.3919858932495117,0.8653846153846154,0.9807692307692307,0.6428571428571429,0.7142857142857143,0.0004
792,0.6812069416046143,1.508526086807251,0.7115384615384616,0.9807692307692307,0.7142857142857143,0.7857142857142857,0.0004
793,1.1538512110710144,1.8531053066253662,0.6923076923076923,0.8653846153846154,0.7142857142857143,0.7142857142857143,0.0004
794,0.5629584640264511,0.931796669960022,0.7884615384615384,0.9807692307692307,0.7857142857142857,0.9285714285714286,0.0004
795,0.70057213306427,1.1430706977844238,0.7115384615384616,0.9230769230769231,0.7142857142857143,0.8571428571428571,0.0004
796,0.8452074825763702,0.8152222633361816,0.6730769230769231,0.9615384615384616,0.8571428571428571,0.9285714285714286,0.0004
797,0.7399018704891205,1.0121104717254639,0.8076923076923077,0.9423076923076923,0.8571428571428571,0.9285714285714286,0.0004
798,0.7934925854206085,0.9261124730110168,0.7692307692307693,0.9423076923076923,0.8571428571428571,0.9285714285714286,0.0004
799,0.7205030620098114,1.1136828660964966,0.6923076923076923,0.9423076923076923,0.8571428571428571,0.8571428571428571,0.0004
800,0.8726859986782074,1.0386327505111694,0.6346153846153846,0.9038461538461539,0.7857142857142857,0.9285714285714286,0.0004
801,0.8936965465545654,1.3563926219940186,0.6730769230769231,0.8846153846153846,0.8571428571428571,0.8571428571428571,0.0004
802,0.6860225796699524,1.6907768249511719,0.7115384615384616,0.9423076923076923,0.6428571428571429,0.8571428571428571,0.0004
803,0.6140012145042419,0.9858429431915283,0.8653846153846154,0.9615384615384616,0.7857142857142857,0.9285714285714286,0.0004
804,0.7658772468566895,1.4159116744995117,0.7307692307692307,0.9230769230769231,0.8571428571428571,0.8571428571428571,0.0004
805,0.8423106670379639,0.9932693243026733,0.75,0.9423076923076923,0.8571428571428571,0.9285714285714286,0.0004
806,0.9086615741252899,1.136048436164856,0.6730769230769231,0.9038461538461539,0.7857142857142857,0.8571428571428571,0.0004
807,0.8694582283496857,1.014254093170166,0.7115384615384616,0.9230769230769231,0.7857142857142857,0.7857142857142857,0.0004
808,0.7021706998348236,0.7732406854629517,0.75,0.9807692307692307,0.7857142857142857,0.9285714285714286,0.0004
809,0.6530506312847137,0.7444125413894653,0.75,0.9807692307692307,0.8571428571428571,0.9285714285714286,0.0004
810,0.553359717130661,0.965283989906311,0.7884615384615384,0.9807692307692307,0.8571428571428571,0.9285714285714286,0.0004
811,0.5956581234931946,1.9554132223129272,0.7692307692307693,0.9807692307692307,0.5,0.7857142857142857,0.0004
812,0.8089677095413208,1.1661229133605957,0.7307692307692307,0.9230769230769231,0.7142857142857143,0.8571428571428571,0.0004
813,0.6652730107307434,1.4141836166381836,0.7884615384615384,0.9615384615384616,0.7142857142857143,0.7857142857142857,0.0004
814,0.9258905947208405,1.0513371229171753,0.6538461538461539,0.9230769230769231,0.7857142857142857,0.8571428571428571,0.0004
815,0.7798276841640472,1.3626066446304321,0.7307692307692307,0.9615384615384616,0.6428571428571429,0.8571428571428571,0.0004
816,0.5563157200813293,1.5029666423797607,0.7884615384615384,0.9615384615384616,0.5714285714285714,0.7857142857142857,0.0004
817,0.7912013232707977,1.7855288982391357,0.6730769230769231,0.9038461538461539,0.7857142857142857,0.8571428571428571,0.0004
818,0.4705251455307007,1.8413037061691284,0.8461538461538461,1.0,0.6428571428571429,0.7142857142857143,0.0004
819,0.650245189666748,1.0143671035766602,0.7115384615384616,0.9615384615384616,0.7857142857142857,0.9285714285714286,0.0004
820,0.5272183567285538,1.7024199962615967,0.7884615384615384,1.0,0.5714285714285714,0.7857142857142857,0.0004
821,0.9871411919593811,1.3150310516357422,0.6730769230769231,0.8846153846153846,0.7142857142857143,0.9285714285714286,0.0004
822,1.0296164453029633,1.173628568649292,0.6730769230769231,0.8653846153846154,0.7857142857142857,0.8571428571428571,0.0004
823,0.9189885556697845,1.4674867391586304,0.6923076923076923,0.9423076923076923,0.6428571428571429,0.8571428571428571,0.0004
824,0.6817487180233002,1.446969985961914,0.75,0.9807692307692307,0.7142857142857143,0.8571428571428571,0.0004
825,0.8436819016933441,1.1870932579040527,0.6730769230769231,0.9423076923076923,0.7857142857142857,0.8571428571428571,0.0004
826,0.6987602710723877,0.9165494441986084,0.7692307692307693,1.0,0.8571428571428571,0.9285714285714286,0.0004
827,0.6800993978977203,1.184946060180664,0.7884615384615384,0.9038461538461539,0.8571428571428571,0.9285714285714286,0.0004
828,0.671040415763855,0.9135940074920654,0.7692307692307693,0.9423076923076923,0.9285714285714286,0.8571428571428571,0.0004
829,0.5686463117599487,1.798980951309204,0.8461538461538461,1.0,0.5714285714285714,0.7857142857142857,0.0004
830,0.7196970880031586,1.4520061016082764,0.7307692307692307,0.9807692307692307,0.7142857142857143,0.8571428571428571,0.0004
831,0.5639678686857224,1.2501459121704102,0.8269230769230769,0.9807692307692307,0.8571428571428571,0.8571428571428571,0.0004
832,0.6050588488578796,1.7191836833953857,0.7307692307692307,0.9807692307692307,0.5714285714285714,0.7857142857142857,0.0004
833,0.8505623936653137,0.8925241231918335,0.6730769230769231,0.9038461538461539,0.8571428571428571,0.9285714285714286,0.0004
834,1.0186672508716583,1.4522663354873657,0.7307692307692307,0.9230769230769231,0.6428571428571429,0.8571428571428571,0.0004
835,0.9340247511863708,0.9466926455497742,0.6730769230769231,0.9615384615384616,0.7857142857142857,0.9285714285714286,0.0004
836,0.6391573995351791,1.160386085510254,0.75,0.9230769230769231,0.7857142857142857,0.8571428571428571,0.0004
837,0.6600686609745026,1.3868999481201172,0.7692307692307693,0.9615384615384616,0.6428571428571429,0.8571428571428571,0.0004
838,0.6218210458755493,1.9104365110397339,0.8076923076923077,1.0,0.6428571428571429,0.7857142857142857,0.0004
839,0.7682125866413116,1.964440107345581,0.7692307692307693,0.9038461538461539,0.7142857142857143,0.7857142857142857,0.0004
840,0.9199227094650269,0.9685733318328857,0.6730769230769231,0.9423076923076923,0.8571428571428571,0.9285714285714286,0.0004
841,0.6069708615541458,1.5052618980407715,0.8076923076923077,0.9807692307692307,0.7857142857142857,0.8571428571428571,0.0004
842,0.5952566266059875,1.8208636045455933,0.7692307692307693,0.9807692307692307,0.6428571428571429,0.7857142857142857,0.0004
843,0.5954844951629639,1.5045561790466309,0.7884615384615384,0.9807692307692307,0.7142857142857143,0.8571428571428571,0.0004
844,0.8373509347438812,0.6014867424964905,0.6346153846153846,0.9615384615384616,1.0,0.9285714285714286,0.0004
845,0.5368278473615646,0.8236337900161743,0.8076923076923077,1.0,0.9285714285714286,0.9285714285714286,0.0004
846,0.520587608218193,0.9540213942527771,0.8461538461538461,0.9807692307692307,0.6428571428571429,0.9285714285714286,0.0004
847,0.7340025007724762,0.8137432336807251,0.75,0.9423076923076923,0.9285714285714286,0.9285714285714286,0.0004
848,0.5808433592319489,0.9376275539398193,0.7692307692307693,1.0,0.8571428571428571,0.9285714285714286,0.0004
849,0.7266427278518677,1.3171741962432861,0.7115384615384616,0.9807692307692307,0.7142857142857143,0.8571428571428571,0.0004
850,0.5131012946367264,1.3039193153381348,0.7884615384615384,0.9807692307692307,0.8571428571428571,0.8571428571428571,0.0004
851,0.700320690870285,1.370164155960083,0.7307692307692307,0.9615384615384616,0.7142857142857143,0.8571428571428571,0.0004
852,0.6387641131877899,1.3206559419631958,0.7307692307692307,0.9615384615384616,0.6428571428571429,0.9285714285714286,0.0004
853,0.7076953947544098,0.9149083495140076,0.8076923076923077,0.9807692307692307,0.7857142857142857,0.9285714285714286,0.0004
854,0.8721575438976288,1.8209493160247803,0.6923076923076923,0.9615384615384616,0.6428571428571429,0.8571428571428571,0.0004
855,0.49013805389404297,1.2664964199066162,0.8076923076923077,0.9807692307692307,0.7857142857142857,0.8571428571428571,0.0004
856,0.5716042220592499,1.7695720195770264,0.8076923076923077,1.0,0.5714285714285714,0.7857142857142857,0.0004
857,0.5073535144329071,1.4597485065460205,0.8461538461538461,0.9807692307692307,0.7142857142857143,0.8571428571428571,0.0004
858,0.5647929310798645,1.086336374282837,0.8076923076923077,0.9807692307692307,0.7142857142857143,0.9285714285714286,0.0004
859,0.718447282910347,0.9434431791305542,0.6538461538461539,0.9615384615384616,0.9285714285714286,0.9285714285714286,0.0004
860,0.4706026762723923,1.1045418977737427,0.8653846153846154,1.0,0.8571428571428571,0.9285714285714286,0.0004
861,0.8671035766601562,0.8433415293693542,0.7115384615384616,0.9423076923076923,0.8571428571428571,0.9285714285714286,0.0004
862,0.895843118429184,1.7572216987609863,0.6923076923076923,0.9230769230769231,0.5714285714285714,0.7857142857142857,0.0004
863,0.6077832579612732,1.5464305877685547,0.7884615384615384,0.9807692307692307,0.7142857142857143,0.8571428571428571,0.0004
864,0.7624081373214722,1.6732903718948364,0.7884615384615384,0.9423076923076923,0.7142857142857143,0.8571428571428571,0.0004
865,0.5651461482048035,1.2635937929153442,0.7884615384615384,0.9807692307692307,0.8571428571428571,0.8571428571428571,0.0004
866,0.7360171973705292,1.3513706922531128,0.7692307692307693,0.9615384615384616,0.7857142857142857,0.8571428571428571,0.0004
867,0.8430784344673157,1.093127965927124,0.6923076923076923,0.9230769230769231,0.7142857142857143,0.9285714285714286,0.0004
868,0.709908664226532,1.8384045362472534,0.6923076923076923,0.9230769230769231,0.7142857142857143,0.7857142857142857,0.0004
869,0.6344656944274902,2.4846956729888916,0.7307692307692307,0.9615384615384616,0.7142857142857143,0.7857142857142857,0.0004
870,0.899230420589447,1.3621246814727783,0.75,0.9423076923076923,0.7857142857142857,0.8571428571428571,0.0004
871,0.4572303891181946,1.3899470567703247,0.8653846153846154,1.0,0.7857142857142857,0.7857142857142857,0.0004
872,0.735761433839798,1.0679322481155396,0.7307692307692307,0.9615384615384616,0.7142857142857143,0.8571428571428571,0.0004
873,0.7843741476535797,1.0749033689498901,0.8076923076923077,0.9423076923076923,0.7142857142857143,0.8571428571428571,0.0004
874,0.9300020039081573,1.1303414106369019,0.6923076923076923,0.9230769230769231,0.7857142857142857,0.8571428571428571,0.0004
875,0.8285831809043884,2.014129161834717,0.7115384615384616,0.9615384615384616,0.6428571428571429,0.7142857142857143,0.0004
876,0.9722165167331696,2.3875174522399902,0.7307692307692307,0.9423076923076923,0.6428571428571429,0.7142857142857143,0.0004
877,0.4496864825487137,1.0785813331604004,0.8269230769230769,0.9807692307692307,0.7142857142857143,0.8571428571428571,0.0004
878,0.7927939891815186,1.264695644378662,0.7115384615384616,0.9423076923076923,0.7142857142857143,0.9285714285714286,0.0004
879,0.7452401518821716,1.2248103618621826,0.6923076923076923,0.9423076923076923,0.8571428571428571,0.9285714285714286,0.0004
880,0.6998907923698425,1.327798843383789,0.7307692307692307,0.9615384615384616,0.7142857142857143,0.8571428571428571,0.0004
881,0.7863777875900269,1.1475067138671875,0.6538461538461539,0.9807692307692307,0.7857142857142857,0.9285714285714286,0.0004
882,0.8628163933753967,1.3078434467315674,0.75,0.9615384615384616,0.7857142857142857,0.7857142857142857,0.0004
883,0.7520514130592346,0.9232245683670044,0.8269230769230769,0.9615384615384616,0.8571428571428571,0.9285714285714286,0.0004
884,0.7764648795127869,1.448633074760437,0.7115384615384616,0.9230769230769231,0.6428571428571429,0.7857142857142857,0.0004
885,0.7145971357822418,1.6952288150787354,0.6923076923076923,0.9615384615384616,0.5714285714285714,0.7857142857142857,0.0004
886,0.8817530870437622,1.2273094654083252,0.6730769230769231,0.9230769230769231,0.7857142857142857,0.9285714285714286,0.0004
887,0.52027228474617,1.051424264907837,0.7884615384615384,0.9807692307692307,0.7142857142857143,0.8571428571428571,0.0004
888,0.8750333487987518,1.3154847621917725,0.7115384615384616,0.9423076923076923,0.6428571428571429,0.7857142857142857,0.0004
889,0.7097338736057281,1.0957286357879639,0.7115384615384616,0.9807692307692307,0.6428571428571429,0.9285714285714286,0.0004
890,0.5918994545936584,1.040648102760315,0.7884615384615384,0.9807692307692307,0.8571428571428571,0.7857142857142857,0.0004
891,0.6800564229488373,1.070718765258789,0.7692307692307693,0.9615384615384616,0.7857142857142857,0.9285714285714286,0.0004
892,0.7705691456794739,0.7922661304473877,0.75,0.9230769230769231,0.9285714285714286,0.9285714285714286,0.0004
893,0.6686503142118454,1.0469592809677124,0.7884615384615384,0.9615384615384616,0.7857142857142857,0.9285714285714286,0.0004
894,0.7369606792926788,1.105741024017334,0.7115384615384616,0.9423076923076923,0.7857142857142857,0.9285714285714286,0.0004
895,0.7038854360580444,1.1890006065368652,0.7115384615384616,0.9423076923076923,0.8571428571428571,0.8571428571428571,0.0004
896,0.52449069917202,1.264149785041809,0.8269230769230769,0.9807692307692307,0.7142857142857143,0.9285714285714286,0.0004
897,0.7041106224060059,1.4519121646881104,0.8269230769230769,0.9423076923076923,0.6428571428571429,0.8571428571428571,0.0004
898,0.607812911272049,1.1858267784118652,0.8269230769230769,1.0,0.8571428571428571,0.9285714285714286,0.0004
899,0.6172157824039459,1.1499619483947754,0.8076923076923077,0.9807692307692307,0.7857142857142857,0.9285714285714286,0.0004
900,0.7118253707885742,0.8940411806106567,0.7692307692307693,0.9615384615384616,0.8571428571428571,0.9285714285714286,0.0004
901,0.5826191008090973,1.0687470436096191,0.7884615384615384,1.0,0.8571428571428571,0.9285714285714286,0.0004
902,0.5296780616044998,1.1385276317596436,0.7884615384615384,0.9807692307692307,0.8571428571428571,0.9285714285714286,0.0004
903,0.6231438219547272,1.1824737787246704,0.75,0.9615384615384616,0.8571428571428571,0.8571428571428571,0.0004
904,0.586911678314209,1.6405868530273438,0.7884615384615384,0.9615384615384616,0.7142857142857143,0.8571428571428571,0.0004
905,0.6710842549800873,1.2976243495941162,0.7884615384615384,0.9807692307692307,0.7857142857142857,0.8571428571428571,0.0004
906,0.9318562746047974,2.4244565963745117,0.7307692307692307,0.9038461538461539,0.6428571428571429,0.7857142857142857,0.0004
907,0.6723635643720627,1.1802362203598022,0.7307692307692307,0.9615384615384616,0.6428571428571429,0.9285714285714286,0.0004
908,0.5705031156539917,1.1205203533172607,0.75,1.0,0.7142857142857143,0.7857142857142857,0.0004
909,0.6627852022647858,0.9165081977844238,0.7307692307692307,0.9615384615384616,0.7142857142857143,0.9285714285714286,0.0004
910,0.6066657304763794,1.4753451347351074,0.7307692307692307,0.9807692307692307,0.5714285714285714,0.8571428571428571,0.0004
911,0.8404267579317093,1.711803674697876,0.7115384615384616,0.9423076923076923,0.7142857142857143,0.8571428571428571,0.0004
912,0.7475574314594269,1.3834987878799438,0.7307692307692307,0.9615384615384616,0.6428571428571429,0.9285714285714286,0.0004
913,0.9028515219688416,1.5122288465499878,0.7692307692307693,0.9230769230769231,0.7142857142857143,0.9285714285714286,0.0004
914,0.8851162791252136,1.1505004167556763,0.75,0.9230769230769231,0.7857142857142857,0.9285714285714286,0.0004
915,0.7237711846828461,1.7529879808425903,0.6923076923076923,0.9423076923076923,0.6428571428571429,0.7857142857142857,0.0004
916,0.7373205423355103,0.9443219900131226,0.7115384615384616,0.9807692307692307,0.7857142857142857,0.9285714285714286,0.0004
917,0.5647737383842468,0.8436945080757141,0.7115384615384616,0.9807692307692307,0.8571428571428571,0.9285714285714286,0.0004
918,0.6427583992481232,0.9082671403884888,0.7692307692307693,0.9615384615384616,0.9285714285714286,0.9285714285714286,0.0004
919,0.7061247229576111,1.045651912689209,0.7307692307692307,0.9615384615384616,0.7857142857142857,0.9285714285714286,0.0004
920,0.4831816405057907,1.4905716180801392,0.8076923076923077,1.0,0.7142857142857143,0.8571428571428571,0.0004
921,0.544429138302803,1.7468299865722656,0.8269230769230769,0.9807692307692307,0.7142857142857143,0.8571428571428571,0.0004
922,0.6188414692878723,0.8415282964706421,0.7884615384615384,0.9615384615384616,0.8571428571428571,0.9285714285714286,0.0004
923,0.8271537125110626,1.4586067199707031,0.7115384615384616,0.9230769230769231,0.5714285714285714,0.7857142857142857,0.0004
924,0.7767558395862579,0.76640784740448,0.75,0.9423076923076923,1.0,0.9285714285714286,0.0004
925,0.44542431831359863,0.872139573097229,0.8461538461538461,1.0,0.7857142857142857,0.8571428571428571,0.0004
926,0.7471675872802734,0.8655714988708496,0.7692307692307693,0.9615384615384616,0.8571428571428571,0.9285714285714286,0.0004
927,0.7609068155288696,1.2102974653244019,0.7307692307692307,0.9807692307692307,0.9285714285714286,0.8571428571428571,0.0004
928,0.7686904966831207,1.1086629629135132,0.7884615384615384,0.9615384615384616,0.7142857142857143,0.9285714285714286,0.0004
929,0.7295238077640533,1.498030424118042,0.7115384615384616,0.9423076923076923,0.5714285714285714,0.8571428571428571,0.0004
930,0.9824807047843933,1.0864421129226685,0.7115384615384616,0.8846153846153846,0.7857142857142857,0.8571428571428571,0.0004
931,0.8300580382347107,1.331729531288147,0.6923076923076923,0.9807692307692307,0.7857142857142857,0.8571428571428571,0.0004
932,0.6251067221164703,1.3163670301437378,0.8269230769230769,0.9615384615384616,0.7857142857142857,0.8571428571428571,0.0004
933,0.6777929067611694,0.7376378178596497,0.8076923076923077,0.9615384615384616,1.0,0.9285714285714286,0.0004
934,0.7674701511859894,1.6990090608596802,0.75,0.9423076923076923,0.6428571428571429,0.8571428571428571,0.0004
935,0.6343304812908173,1.4480876922607422,0.7307692307692307,0.9423076923076923,0.6428571428571429,0.8571428571428571,0.0004
936,0.8698624670505524,1.4330594539642334,0.7307692307692307,0.9230769230769231,0.7142857142857143,0.9285714285714286,0.0004
937,0.4957441985607147,1.2118738889694214,0.8076923076923077,1.0,0.7857142857142857,0.9285714285714286,0.0004
938,0.904579222202301,1.4744398593902588,0.6730769230769231,0.9615384615384616,0.5714285714285714,0.7857142857142857,0.0004
939,0.5725066810846329,1.454784870147705,0.8076923076923077,0.9615384615384616,0.7142857142857143,0.9285714285714286,0.0004
940,0.7478384971618652,1.0966837406158447,0.6923076923076923,0.9615384615384616,0.8571428571428571,0.9285714285714286,0.0004
941,0.6111943423748016,1.108980417251587,0.8461538461538461,0.9615384615384616,0.7142857142857143,0.9285714285714286,0.0004
942,0.802720844745636,1.9323265552520752,0.6923076923076923,0.9807692307692307,0.5714285714285714,0.8571428571428571,0.0004
943,0.6060693860054016,1.517526626586914,0.8653846153846154,0.9615384615384616,0.5714285714285714,0.9285714285714286,0.0004
944,0.623058408498764,1.5677951574325562,0.75,0.9807692307692307,0.7857142857142857,0.8571428571428571,0.0004
945,0.7717828154563904,1.554121732711792,0.7692307692307693,0.9423076923076923,0.7857142857142857,0.7857142857142857,0.0004
946,0.5987550318241119,1.3055293560028076,0.75,0.9615384615384616,0.7857142857142857,0.8571428571428571,0.0004
947,0.7853156626224518,0.9671880602836609,0.6538461538461539,0.9423076923076923,0.7857142857142857,0.9285714285714286,0.0004
948,0.8541742265224457,1.62327241897583,0.6730769230769231,0.9230769230769231,0.5714285714285714,0.8571428571428571,0.0004
949,0.577046126127243,1.4717180728912354,0.7692307692307693,1.0,0.8571428571428571,0.8571428571428571,0.0004
950,0.6850292682647705,1.4880322217941284,0.7115384615384616,1.0,0.7142857142857143,0.8571428571428571,0.0004
951,0.8409053981304169,1.3438751697540283,0.7115384615384616,0.9423076923076923,0.7857142857142857,0.8571428571428571,0.0004
952,0.6893291473388672,1.477440357208252,0.7692307692307693,0.9615384615384616,0.6428571428571429,0.8571428571428571,0.0004
953,0.5312179923057556,1.4898974895477295,0.8269230769230769,0.9615384615384616,0.7142857142857143,0.8571428571428571,0.0004
954,0.7232239246368408,1.299460530281067,0.8461538461538461,0.9230769230769231,0.7857142857142857,0.8571428571428571,0.0004
955,0.7687714993953705,1.073402762413025,0.7884615384615384,0.9423076923076923,0.7142857142857143,0.9285714285714286,0.0004
956,0.7385536879301071,0.8552881479263306,0.7115384615384616,0.9615384615384616,0.8571428571428571,0.9285714285714286,0.0004
957,0.47824403643608093,2.41774845123291,0.9038461538461539,0.9807692307692307,0.5714285714285714,0.7857142857142857,0.0004
958,0.5687601566314697,1.6583389043807983,0.8461538461538461,0.9615384615384616,0.5714285714285714,0.9285714285714286,0.0004
959,0.7501116394996643,1.1429564952850342,0.7307692307692307,0.9615384615384616,0.7857142857142857,0.9285714285714286,0.0004
960,0.602894052863121,1.0364171266555786,0.7692307692307693,0.9615384615384616,0.5714285714285714,0.9285714285714286,0.0004
961,0.8208831250667572,1.5818150043487549,0.75,0.9615384615384616,0.7142857142857143,0.8571428571428571,0.0004
962,0.5640273541212082,1.3722848892211914,0.7884615384615384,0.9807692307692307,0.7857142857142857,0.8571428571428571,0.0004
963,0.5578093528747559,1.2324968576431274,0.7692307692307693,1.0,0.7857142857142857,0.9285714285714286,0.0004
964,0.7491734325885773,1.5114824771881104,0.6538461538461539,0.9615384615384616,0.7857142857142857,0.8571428571428571,0.0004
965,0.4528833031654358,1.450953483581543,0.8269230769230769,1.0,0.9285714285714286,0.8571428571428571,0.0004
966,0.7332414090633392,0.6880807280540466,0.7115384615384616,0.9615384615384616,0.9285714285714286,0.9285714285714286,0.0004
967,0.6847872734069824,1.1403563022613525,0.7307692307692307,0.9615384615384616,0.7857142857142857,0.8571428571428571,0.0004
968,0.696967288851738,2.0748534202575684,0.7884615384615384,0.9615384615384616,0.5714285714285714,0.7857142857142857,0.0004
969,0.8881840407848358,1.0908005237579346,0.6730769230769231,0.9423076923076923,0.8571428571428571,0.8571428571428571,0.0004
970,0.6170134842395782,1.6720654964447021,0.75,0.9807692307692307,0.7857142857142857,0.8571428571428571,0.0004
971,0.6523080170154572,1.073615312576294,0.7884615384615384,0.9615384615384616,0.7142857142857143,0.9285714285714286,0.0004
972,0.5494218170642853,1.689162015914917,0.8076923076923077,0.9807692307692307,0.6428571428571429,0.7857142857142857,0.0004
973,0.754297137260437,1.2688193321228027,0.6923076923076923,0.9615384615384616,0.6428571428571429,0.8571428571428571,0.0004
974,0.6963621079921722,1.4729323387145996,0.75,0.9615384615384616,0.7857142857142857,0.8571428571428571,0.0004
975,0.6841274350881577,1.05067777633667,0.75,0.9423076923076923,0.7857142857142857,0.8571428571428571,0.0004
976,0.6274931132793427,0.6904006004333496,0.7884615384615384,0.9423076923076923,1.0,0.9285714285714286,0.0004
977,0.5121228396892548,1.1452360153198242,0.8076923076923077,1.0,0.8571428571428571,0.9285714285714286,0.0004
978,0.7100085318088531,1.5706138610839844,0.7307692307692307,0.9807692307692307,0.7142857142857143,0.8571428571428571,0.0004
979,0.7979550361633301,1.5495471954345703,0.7115384615384616,0.9423076923076923,0.8571428571428571,0.8571428571428571,0.0004
980,0.7324694395065308,1.8164422512054443,0.7692307692307693,0.9423076923076923,0.6428571428571429,0.9285714285714286,0.0004
981,0.5745959728956223,1.084001898765564,0.7884615384615384,0.9807692307692307,0.8571428571428571,0.9285714285714286,0.0004
982,0.41964997351169586,1.4474127292633057,0.9038461538461539,1.0,0.7857142857142857,0.8571428571428571,0.0004
983,0.6870637536048889,1.0449572801589966,0.7692307692307693,0.9423076923076923,0.7142857142857143,0.9285714285714286,0.0004
984,0.530983030796051,0.6847862005233765,0.8269230769230769,0.9807692307692307,0.9285714285714286,0.9285714285714286,0.0004
985,0.6760757267475128,1.6491351127624512,0.75,0.9807692307692307,0.6428571428571429,0.8571428571428571,0.0004
986,0.7010394334793091,0.9630469083786011,0.7307692307692307,0.9615384615384616,0.8571428571428571,0.9285714285714286,0.0004
987,0.6954799890518188,1.1682701110839844,0.75,0.9807692307692307,0.7857142857142857,0.9285714285714286,0.0004
988,0.6953316330909729,1.6233018636703491,0.7115384615384616,0.9615384615384616,0.6428571428571429,0.8571428571428571,0.0004
989,0.6989119350910187,0.9087486267089844,0.6730769230769231,0.9615384615384616,0.8571428571428571,0.8571428571428571,0.0004
990,0.7612253427505493,1.42315673828125,0.7692307692307693,0.9423076923076923,0.7857142857142857,0.8571428571428571,0.0004
991,0.6200404167175293,0.970359206199646,0.75,0.9807692307692307,0.9285714285714286,0.9285714285714286,0.0004
992,0.7910484671592712,1.170278787612915,0.7307692307692307,0.9423076923076923,0.7142857142857143,0.9285714285714286,0.0004
993,0.6453911662101746,1.1409660577774048,0.7692307692307693,0.9807692307692307,0.6428571428571429,0.8571428571428571,0.0004
994,0.5882079601287842,1.0139148235321045,0.75,0.9615384615384616,0.7857142857142857,0.8571428571428571,0.0004
995,0.6638487875461578,1.4652996063232422,0.75,0.9423076923076923,0.7857142857142857,0.8571428571428571,0.0004
996,0.9260944724082947,0.8386427164077759,0.75,0.9615384615384616,0.8571428571428571,0.9285714285714286,0.0004
997,0.6931325793266296,2.1437220573425293,0.6923076923076923,0.9615384615384616,0.7142857142857143,0.7857142857142857,0.0004
998,0.4715818762779236,1.0393078327178955,0.8076923076923077,1.0,0.7857142857142857,0.9285714285714286,0.0004
999,0.6194469481706619,0.9637632369995117,0.7884615384615384,0.9807692307692307,0.7142857142857143,0.9285714285714286,0.0004
1000,0.6999913454055786,1.3982586860656738,0.6538461538461539,0.9615384615384616,0.8571428571428571,0.8571428571428571,0.0004
