epoch,train_loss,val_loss,train_acc_action,train_acc_status,val_acc_action,val_acc_status,learning_rate
1,1.785487174987793,1.8005008697509766,0.36538461538461536,0.8269230769230769,0.21428571428571427,0.8571428571428571,0.0004
2,1.779237449169159,1.792792558670044,0.36538461538461536,0.8269230769230769,0.21428571428571427,0.8571428571428571,0.0004
3,1.7724128365516663,1.7843986749649048,0.36538461538461536,0.8269230769230769,0.21428571428571427,0.8571428571428571,0.0004
4,1.7620506882667542,1.7760529518127441,0.36538461538461536,0.8269230769230769,0.21428571428571427,0.8571428571428571,0.0004
5,1.7488372921943665,1.7665268182754517,0.36538461538461536,0.8269230769230769,0.21428571428571427,0.8571428571428571,0.0004
6,1.745006799697876,1.7547008991241455,0.36538461538461536,0.8269230769230769,0.21428571428571427,0.8571428571428571,0.0004
7,1.7289202809333801,1.73757803440094,0.36538461538461536,0.8269230769230769,0.21428571428571427,0.8571428571428571,0.0004
8,1.713980495929718,1.7096900939941406,0.36538461538461536,0.8269230769230769,0.21428571428571427,0.8571428571428571,0.0004
9,1.6790612936019897,1.6654834747314453,0.36538461538461536,0.8269230769230769,0.21428571428571427,0.8571428571428571,0.0004
10,1.6446048021316528,1.6041556596755981,0.36538461538461536,0.8269230769230769,0.21428571428571427,0.8571428571428571,0.0004
11,1.6429275274276733,1.5670117139816284,0.36538461538461536,0.8269230769230769,0.21428571428571427,0.8571428571428571,0.0004
12,1.5998650789260864,1.5491269826889038,0.36538461538461536,0.8269230769230769,0.21428571428571427,0.8571428571428571,0.0004
13,1.579766035079956,1.5368460416793823,0.36538461538461536,0.8269230769230769,0.21428571428571427,0.8571428571428571,0.0004
14,1.5907660126686096,1.5251559019088745,0.36538461538461536,0.8269230769230769,0.21428571428571427,0.8571428571428571,0.0004
15,1.5528245568275452,1.5198153257369995,0.36538461538461536,0.8269230769230769,0.21428571428571427,0.8571428571428571,0.0004
16,1.5507339239120483,1.5182292461395264,0.36538461538461536,0.8269230769230769,0.35714285714285715,0.8571428571428571,0.0004
17,1.553932011127472,1.522565484046936,0.3269230769230769,0.8269230769230769,0.35714285714285715,0.8571428571428571,0.0004
18,1.5516359210014343,1.526267170906067,0.3269230769230769,0.8269230769230769,0.35714285714285715,0.8571428571428571,0.0004
19,1.556698977947235,1.5308603048324585,0.3269230769230769,0.8269230769230769,0.35714285714285715,0.8571428571428571,0.0004
20,1.5526825189590454,1.5361851453781128,0.3269230769230769,0.8269230769230769,0.35714285714285715,0.8571428571428571,0.0004
21,1.5648342370986938,1.5414847135543823,0.3269230769230769,0.8269230769230769,0.35714285714285715,0.8571428571428571,0.0004
22,1.5558391213417053,1.5465787649154663,0.3269230769230769,0.8269230769230769,0.35714285714285715,0.8571428571428571,0.0004
23,1.5593924522399902,1.552342176437378,0.36538461538461536,0.8269230769230769,0.21428571428571427,0.8571428571428571,0.0004
24,1.5428876280784607,1.5560863018035889,0.36538461538461536,0.8269230769230769,0.21428571428571427,0.8571428571428571,0.0004
25,1.5601162314414978,1.559161901473999,0.36538461538461536,0.8269230769230769,0.21428571428571427,0.8571428571428571,0.0004
26,1.5711253881454468,1.5594452619552612,0.36538461538461536,0.8269230769230769,0.21428571428571427,0.8571428571428571,0.0004
27,1.5724271535873413,1.557822585105896,0.36538461538461536,0.8269230769230769,0.21428571428571427,0.8571428571428571,0.0004
28,1.5623369216918945,1.553755760192871,0.36538461538461536,0.8269230769230769,0.21428571428571427,0.8571428571428571,0.0004
29,1.5677799582481384,1.5502570867538452,0.36538461538461536,0.8269230769230769,0.21428571428571427,0.8571428571428571,0.0004
30,1.536570429801941,1.5455436706542969,0.36538461538461536,0.8269230769230769,0.21428571428571427,0.8571428571428571,0.0004
31,1.5676140785217285,1.541027545928955,0.36538461538461536,0.8269230769230769,0.21428571428571427,0.8571428571428571,0.0004
32,1.5373462438583374,1.5365381240844727,0.36538461538461536,0.8269230769230769,0.21428571428571427,0.8571428571428571,0.0004
33,1.584447205066681,1.5322340726852417,0.36538461538461536,0.8269230769230769,0.21428571428571427,0.8571428571428571,0.0004
34,1.5510783195495605,1.5270469188690186,0.36538461538461536,0.8269230769230769,0.21428571428571427,0.8571428571428571,0.0004
35,1.5519757866859436,1.5227611064910889,0.36538461538461536,0.8269230769230769,0.21428571428571427,0.8571428571428571,0.0004
36,1.5363478660583496,1.5196564197540283,0.36538461538461536,0.8269230769230769,0.21428571428571427,0.8571428571428571,0.0004
37,1.5225828289985657,1.518455982208252,0.36538461538461536,0.8269230769230769,0.21428571428571427,0.8571428571428571,0.0004
38,1.5825186967849731,1.5179622173309326,0.36538461538461536,0.8269230769230769,0.21428571428571427,0.8571428571428571,0.0004
39,1.567978858947754,1.5181926488876343,0.36538461538461536,0.8269230769230769,0.21428571428571427,0.8571428571428571,0.0004
40,1.5508639812469482,1.5183149576187134,0.36538461538461536,0.8269230769230769,0.21428571428571427,0.8571428571428571,0.0004
41,1.5815227627754211,1.51957106590271,0.36538461538461536,0.8269230769230769,0.21428571428571427,0.8571428571428571,0.0004
42,1.5495020151138306,1.5210890769958496,0.36538461538461536,0.8269230769230769,0.21428571428571427,0.8571428571428571,0.0004
43,1.5497222542762756,1.5238531827926636,0.36538461538461536,0.8269230769230769,0.21428571428571427,0.8571428571428571,0.0004
44,1.5180761814117432,1.5267882347106934,0.36538461538461536,0.8269230769230769,0.21428571428571427,0.8571428571428571,0.0004
45,1.5476874709129333,1.5310771465301514,0.36538461538461536,0.8269230769230769,0.21428571428571427,0.8571428571428571,0.0004
46,1.5189436078071594,1.535360336303711,0.36538461538461536,0.8269230769230769,0.21428571428571427,0.8571428571428571,0.0004
47,1.5334141850471497,1.5401160717010498,0.36538461538461536,0.8269230769230769,0.21428571428571427,0.8571428571428571,0.0004
48,1.5468889474868774,1.543923020362854,0.36538461538461536,0.8269230769230769,0.21428571428571427,0.8571428571428571,0.0004
49,1.5950681567192078,1.5482025146484375,0.36538461538461536,0.8269230769230769,0.21428571428571427,0.8571428571428571,0.0004
50,1.509067177772522,1.551822543144226,0.36538461538461536,0.8269230769230769,0.21428571428571427,0.8571428571428571,0.0004
51,1.550451934337616,1.552420973777771,0.36538461538461536,0.8269230769230769,0.21428571428571427,0.8571428571428571,0.0004
52,1.5597298741340637,1.5524585247039795,0.36538461538461536,0.8269230769230769,0.21428571428571427,0.8571428571428571,0.0004
53,1.5776678323745728,1.55324125289917,0.36538461538461536,0.8269230769230769,0.21428571428571427,0.8571428571428571,0.0004
54,1.5360041856765747,1.5515234470367432,0.36538461538461536,0.8269230769230769,0.21428571428571427,0.8571428571428571,0.0004
55,1.553772211074829,1.547798991203308,0.36538461538461536,0.8269230769230769,0.21428571428571427,0.8571428571428571,0.0004
56,1.5310673117637634,1.5435864925384521,0.36538461538461536,0.8269230769230769,0.21428571428571427,0.8571428571428571,0.0004
57,1.5317763090133667,1.5420939922332764,0.36538461538461536,0.8269230769230769,0.21428571428571427,0.8571428571428571,0.0004
58,1.5179378986358643,1.539584994316101,0.36538461538461536,0.8269230769230769,0.21428571428571427,0.8571428571428571,0.0004
59,1.549710750579834,1.537412166595459,0.36538461538461536,0.8269230769230769,0.21428571428571427,0.8571428571428571,0.0004
60,1.5586990118026733,1.5350816249847412,0.36538461538461536,0.8269230769230769,0.21428571428571427,0.8571428571428571,0.0004
61,1.5466858744621277,1.5336873531341553,0.36538461538461536,0.8269230769230769,0.21428571428571427,0.8571428571428571,0.0004
62,1.5812613368034363,1.5346238613128662,0.36538461538461536,0.8269230769230769,0.21428571428571427,0.8571428571428571,0.0004
63,1.5614330172538757,1.5345256328582764,0.36538461538461536,0.8269230769230769,0.21428571428571427,0.8571428571428571,0.0004
64,1.5484577417373657,1.5340937376022339,0.36538461538461536,0.8269230769230769,0.21428571428571427,0.8571428571428571,0.0004
65,1.530940592288971,1.5343197584152222,0.36538461538461536,0.8269230769230769,0.21428571428571427,0.8571428571428571,0.0004
66,1.5505212545394897,1.5349414348602295,0.36538461538461536,0.8269230769230769,0.21428571428571427,0.8571428571428571,0.0004
67,1.5637503266334534,1.5346912145614624,0.36538461538461536,0.8269230769230769,0.21428571428571427,0.8571428571428571,0.0004
68,1.5507248044013977,1.5367770195007324,0.36538461538461536,0.8269230769230769,0.21428571428571427,0.8571428571428571,0.0004
69,1.560672104358673,1.5357913970947266,0.36538461538461536,0.8269230769230769,0.21428571428571427,0.8571428571428571,0.0004
70,1.5204575061798096,1.53662109375,0.36538461538461536,0.8269230769230769,0.21428571428571427,0.8571428571428571,0.0004
71,1.549847960472107,1.537490963935852,0.36538461538461536,0.8269230769230769,0.21428571428571427,0.8571428571428571,0.0004
72,1.5640907883644104,1.5357763767242432,0.36538461538461536,0.8269230769230769,0.21428571428571427,0.8571428571428571,0.0004
73,1.6314290165901184,1.5359725952148438,0.36538461538461536,0.8269230769230769,0.21428571428571427,0.8571428571428571,0.0004
74,1.5616801381111145,1.534560203552246,0.36538461538461536,0.8269230769230769,0.21428571428571427,0.8571428571428571,0.0004
75,1.5311075448989868,1.5335168838500977,0.36538461538461536,0.8269230769230769,0.21428571428571427,0.8571428571428571,0.0004
76,1.549068570137024,1.533026933670044,0.36538461538461536,0.8269230769230769,0.21428571428571427,0.8571428571428571,0.0004
77,1.5774478316307068,1.5326941013336182,0.36538461538461536,0.8269230769230769,0.21428571428571427,0.8571428571428571,0.0004
78,1.5331840515136719,1.5335428714752197,0.36538461538461536,0.8269230769230769,0.21428571428571427,0.8571428571428571,0.0004
79,1.5636247396469116,1.5339992046356201,0.36538461538461536,0.8269230769230769,0.21428571428571427,0.8571428571428571,0.0004
80,1.5616191029548645,1.5336037874221802,0.36538461538461536,0.8269230769230769,0.21428571428571427,0.8571428571428571,0.0004
81,1.5626941323280334,1.532948613166809,0.36538461538461536,0.8269230769230769,0.21428571428571427,0.8571428571428571,0.0004
82,1.5612846612930298,1.5326151847839355,0.36538461538461536,0.8269230769230769,0.21428571428571427,0.8571428571428571,0.0004
83,1.557986855506897,1.5343977212905884,0.36538461538461536,0.8269230769230769,0.21428571428571427,0.8571428571428571,0.0004
84,1.5833313465118408,1.5357524156570435,0.36538461538461536,0.8269230769230769,0.21428571428571427,0.8571428571428571,0.0004
85,1.5560884475708008,1.5354725122451782,0.36538461538461536,0.8269230769230769,0.21428571428571427,0.8571428571428571,0.0004
86,1.574951708316803,1.5366307497024536,0.36538461538461536,0.8269230769230769,0.21428571428571427,0.8571428571428571,0.0004
87,1.559847116470337,1.541860818862915,0.36538461538461536,0.8269230769230769,0.21428571428571427,0.8571428571428571,0.0004
88,1.5644731521606445,1.538738489151001,0.36538461538461536,0.8269230769230769,0.21428571428571427,0.8571428571428571,0.0004
89,1.5751903653144836,1.5352838039398193,0.36538461538461536,0.8269230769230769,0.21428571428571427,0.8571428571428571,0.0004
90,1.5164990425109863,1.539260745048523,0.36538461538461536,0.8269230769230769,0.21428571428571427,0.8571428571428571,0.0004
91,1.533986210823059,1.5413825511932373,0.36538461538461536,0.8269230769230769,0.21428571428571427,0.8571428571428571,0.0004
92,1.5789576172828674,1.541174292564392,0.36538461538461536,0.8269230769230769,0.21428571428571427,0.8571428571428571,0.0004
93,1.6098368167877197,1.5472357273101807,0.36538461538461536,0.8269230769230769,0.21428571428571427,0.8571428571428571,0.0004
94,1.5341423153877258,1.5439212322235107,0.36538461538461536,0.8269230769230769,0.21428571428571427,0.8571428571428571,0.0004
95,1.533124327659607,1.5371297597885132,0.36538461538461536,0.8269230769230769,0.21428571428571427,0.8571428571428571,0.0004
96,1.5763605833053589,1.5360084772109985,0.36538461538461536,0.8269230769230769,0.21428571428571427,0.8571428571428571,0.0004
97,1.5601776838302612,1.5391886234283447,0.36538461538461536,0.8269230769230769,0.21428571428571427,0.8571428571428571,0.0004
98,1.5576345920562744,1.531358003616333,0.36538461538461536,0.8269230769230769,0.21428571428571427,0.8571428571428571,0.0004
99,1.5458964705467224,1.529405951499939,0.36538461538461536,0.8269230769230769,0.21428571428571427,0.8571428571428571,0.0004
100,1.5533340573310852,1.5284671783447266,0.36538461538461536,0.8269230769230769,0.21428571428571427,0.8571428571428571,0.0004
101,1.5764884948730469,1.531677484512329,0.36538461538461536,0.8269230769230769,0.21428571428571427,0.8571428571428571,0.0004
102,1.5734899640083313,1.5365118980407715,0.36538461538461536,0.8269230769230769,0.21428571428571427,0.8571428571428571,0.0004
103,1.5626288652420044,1.5244920253753662,0.36538461538461536,0.8269230769230769,0.21428571428571427,0.8571428571428571,0.0004
104,1.54246324300766,1.5290297269821167,0.36538461538461536,0.8269230769230769,0.21428571428571427,0.8571428571428571,0.0004
105,1.5668026208877563,1.5276151895523071,0.36538461538461536,0.8269230769230769,0.21428571428571427,0.8571428571428571,0.0004
106,1.4958527088165283,1.5150107145309448,0.36538461538461536,0.8269230769230769,0.2857142857142857,0.8571428571428571,0.0004
107,1.5613784193992615,1.545691967010498,0.38461538461538464,0.8269230769230769,0.21428571428571427,0.8571428571428571,0.0004
108,1.5254054069519043,1.538256287574768,0.36538461538461536,0.8269230769230769,0.21428571428571427,0.8571428571428571,0.0004
109,1.5259316563606262,1.5203453302383423,0.36538461538461536,0.8269230769230769,0.21428571428571427,0.8571428571428571,0.0004
110,1.516740322113037,1.5116236209869385,0.36538461538461536,0.8269230769230769,0.2857142857142857,0.8571428571428571,0.0004
111,1.5219659805297852,1.549820899963379,0.40384615384615385,0.8269230769230769,0.21428571428571427,0.8571428571428571,0.0004
112,1.531045913696289,1.508699893951416,0.38461538461538464,0.8269230769230769,0.35714285714285715,0.8571428571428571,0.0004
113,1.5203524231910706,1.5197455883026123,0.40384615384615385,0.8269230769230769,0.21428571428571427,0.8571428571428571,0.0004
114,1.467642366886139,1.621913194656372,0.40384615384615385,0.8269230769230769,0.21428571428571427,0.8571428571428571,0.0004
115,1.4467008113861084,1.5301178693771362,0.5,0.8269230769230769,0.35714285714285715,0.8571428571428571,0.0004
116,1.5123572945594788,1.5844581127166748,0.38461538461538464,0.8269230769230769,0.35714285714285715,0.8571428571428571,0.0004
117,1.4456350207328796,1.5581750869750977,0.46153846153846156,0.8269230769230769,0.35714285714285715,0.8571428571428571,0.0004
118,1.466055452823639,1.572162389755249,0.4423076923076923,0.8269230769230769,0.21428571428571427,0.8571428571428571,0.0004
119,1.5788076519966125,1.6356068849563599,0.36538461538461536,0.8269230769230769,0.21428571428571427,0.8571428571428571,0.0004
120,1.5811240077018738,1.6118243932724,0.36538461538461536,0.8269230769230769,0.21428571428571427,0.8571428571428571,0.0004
121,1.6410866379737854,1.5799694061279297,0.36538461538461536,0.8269230769230769,0.21428571428571427,0.8571428571428571,0.0004
122,1.629158079624176,1.54728102684021,0.36538461538461536,0.8269230769230769,0.21428571428571427,0.8571428571428571,0.0004
123,1.5870338678359985,1.5234311819076538,0.36538461538461536,0.8269230769230769,0.42857142857142855,0.8571428571428571,0.0004
124,1.594453752040863,1.505091905593872,0.3076923076923077,0.8269230769230769,0.42857142857142855,0.8571428571428571,0.0004
125,1.5665879845619202,1.4959385395050049,0.3076923076923077,0.8269230769230769,0.35714285714285715,0.8571428571428571,0.0004
126,1.5774421691894531,1.4970741271972656,0.3269230769230769,0.8269230769230769,0.35714285714285715,0.8571428571428571,0.0004
127,1.5734865069389343,1.5055960416793823,0.3269230769230769,0.8269230769230769,0.35714285714285715,0.8571428571428571,0.0004
128,1.5819293856620789,1.517302393913269,0.3269230769230769,0.8269230769230769,0.35714285714285715,0.8571428571428571,0.0004
129,1.5949375629425049,1.5309319496154785,0.3269230769230769,0.8269230769230769,0.35714285714285715,0.8571428571428571,0.0004
130,1.5791211128234863,1.5424050092697144,0.3269230769230769,0.8269230769230769,0.35714285714285715,0.8571428571428571,0.0004
131,1.59530770778656,1.5532974004745483,0.3269230769230769,0.8269230769230769,0.35714285714285715,0.8571428571428571,0.0004
132,1.567950189113617,1.5618797540664673,0.3269230769230769,0.8269230769230769,0.21428571428571427,0.8571428571428571,0.0004
133,1.5517038702964783,1.5659511089324951,0.36538461538461536,0.8269230769230769,0.21428571428571427,0.8571428571428571,0.0004
134,1.5877111554145813,1.567460060119629,0.36538461538461536,0.8269230769230769,0.21428571428571427,0.8571428571428571,0.0004
135,1.5772359371185303,1.5668532848358154,0.36538461538461536,0.8269230769230769,0.21428571428571427,0.8571428571428571,0.0004
136,1.571418046951294,1.5648062229156494,0.36538461538461536,0.8269230769230769,0.21428571428571427,0.8571428571428571,0.0004
137,1.5701857805252075,1.5589877367019653,0.36538461538461536,0.8269230769230769,0.21428571428571427,0.8571428571428571,0.0004
138,1.5477913618087769,1.5539531707763672,0.36538461538461536,0.8269230769230769,0.21428571428571427,0.8571428571428571,0.0004
139,1.565850853919983,1.5470324754714966,0.36538461538461536,0.8269230769230769,0.21428571428571427,0.8571428571428571,0.0004
140,1.5645436644554138,1.5414810180664062,0.36538461538461536,0.8269230769230769,0.21428571428571427,0.8571428571428571,0.0004
141,1.5775126814842224,1.5369679927825928,0.36538461538461536,0.8269230769230769,0.21428571428571427,0.8571428571428571,0.0004
142,1.5500093698501587,1.5339198112487793,0.36538461538461536,0.8269230769230769,0.21428571428571427,0.8571428571428571,0.0004
143,1.5469328165054321,1.5310003757476807,0.36538461538461536,0.8269230769230769,0.21428571428571427,0.8571428571428571,0.0004
144,1.5508477687835693,1.5301036834716797,0.36538461538461536,0.8269230769230769,0.21428571428571427,0.8571428571428571,0.0004
145,1.5189414024353027,1.5288201570510864,0.36538461538461536,0.8269230769230769,0.21428571428571427,0.8571428571428571,0.0004
146,1.549315631389618,1.5289380550384521,0.36538461538461536,0.8269230769230769,0.21428571428571427,0.8571428571428571,0.0004
147,1.516916036605835,1.5293749570846558,0.36538461538461536,0.8269230769230769,0.21428571428571427,0.8571428571428571,0.0004
148,1.568532645702362,1.5310944318771362,0.36538461538461536,0.8269230769230769,0.21428571428571427,0.8571428571428571,0.0004
149,1.554225742816925,1.5320483446121216,0.36538461538461536,0.8269230769230769,0.21428571428571427,0.8571428571428571,0.0004
150,1.6156436800956726,1.5321769714355469,0.36538461538461536,0.8269230769230769,0.21428571428571427,0.8571428571428571,0.0004
151,1.580868899822235,1.531956434249878,0.36538461538461536,0.8269230769230769,0.21428571428571427,0.8571428571428571,0.0004
152,1.5686732530593872,1.5336554050445557,0.36538461538461536,0.8269230769230769,0.21428571428571427,0.8571428571428571,0.0004
153,1.5636045932769775,1.5327119827270508,0.36538461538461536,0.8269230769230769,0.21428571428571427,0.8571428571428571,0.0004
154,1.5833229422569275,1.534669041633606,0.36538461538461536,0.8269230769230769,0.21428571428571427,0.8571428571428571,0.0004
155,1.5496100783348083,1.5351545810699463,0.36538461538461536,0.8269230769230769,0.21428571428571427,0.8571428571428571,0.0004
156,1.5514323115348816,1.5361015796661377,0.36538461538461536,0.8269230769230769,0.21428571428571427,0.8571428571428571,0.0004
157,1.5665249824523926,1.5362532138824463,0.36538461538461536,0.8269230769230769,0.21428571428571427,0.8571428571428571,0.0004
158,1.5611759424209595,1.5348671674728394,0.36538461538461536,0.8269230769230769,0.21428571428571427,0.8571428571428571,0.0004
159,1.57709538936615,1.5351935625076294,0.36538461538461536,0.8269230769230769,0.21428571428571427,0.8571428571428571,0.0004
160,1.5637527108192444,1.5362746715545654,0.36538461538461536,0.8269230769230769,0.21428571428571427,0.8571428571428571,0.0004
161,1.534783124923706,1.537438154220581,0.36538461538461536,0.8269230769230769,0.21428571428571427,0.8571428571428571,0.0004
162,1.5254674553871155,1.5390357971191406,0.36538461538461536,0.8269230769230769,0.21428571428571427,0.8571428571428571,0.0004
163,1.562963604927063,1.5391414165496826,0.36538461538461536,0.8269230769230769,0.21428571428571427,0.8571428571428571,0.0004
164,1.519161880016327,1.5389504432678223,0.36538461538461536,0.8269230769230769,0.21428571428571427,0.8571428571428571,0.0004
165,1.5536558628082275,1.5397124290466309,0.36538461538461536,0.8269230769230769,0.21428571428571427,0.8571428571428571,0.0004
166,1.532957673072815,1.5393555164337158,0.36538461538461536,0.8269230769230769,0.21428571428571427,0.8571428571428571,0.0004
167,1.5531478524208069,1.539646029472351,0.36538461538461536,0.8269230769230769,0.21428571428571427,0.8571428571428571,0.0004
168,1.5389059782028198,1.5392236709594727,0.36538461538461536,0.8269230769230769,0.21428571428571427,0.8571428571428571,0.0004
169,1.5761041641235352,1.5374603271484375,0.36538461538461536,0.8269230769230769,0.21428571428571427,0.8571428571428571,0.0004
170,1.5536839365959167,1.5368510484695435,0.36538461538461536,0.8269230769230769,0.21428571428571427,0.8571428571428571,0.0004
171,1.5840021967887878,1.5355224609375,0.36538461538461536,0.8269230769230769,0.21428571428571427,0.8571428571428571,0.0004
172,1.5344269275665283,1.5327696800231934,0.36538461538461536,0.8269230769230769,0.21428571428571427,0.8571428571428571,0.0004
173,1.5637533068656921,1.5309226512908936,0.36538461538461536,0.8269230769230769,0.21428571428571427,0.8571428571428571,0.0004
174,1.549852728843689,1.529649019241333,0.36538461538461536,0.8269230769230769,0.21428571428571427,0.8571428571428571,0.0004
175,1.5497336387634277,1.528656244277954,0.36538461538461536,0.8269230769230769,0.21428571428571427,0.8571428571428571,0.0004
176,1.5342060327529907,1.5277557373046875,0.36538461538461536,0.8269230769230769,0.21428571428571427,0.8571428571428571,0.0004
177,1.5610979199409485,1.5277440547943115,0.36538461538461536,0.8269230769230769,0.21428571428571427,0.8571428571428571,0.0004
178,1.5506763458251953,1.5292279720306396,0.36538461538461536,0.8269230769230769,0.21428571428571427,0.8571428571428571,0.0004
179,1.5668781995773315,1.531036376953125,0.36538461538461536,0.8269230769230769,0.21428571428571427,0.8571428571428571,0.0004
180,1.5657612085342407,1.5319006443023682,0.36538461538461536,0.8269230769230769,0.21428571428571427,0.8571428571428571,0.0004
181,1.597856879234314,1.532944679260254,0.36538461538461536,0.8269230769230769,0.21428571428571427,0.8571428571428571,0.0004
182,1.5667003989219666,1.5331600904464722,0.36538461538461536,0.8269230769230769,0.21428571428571427,0.8571428571428571,0.0004
183,1.5665926337242126,1.5328335762023926,0.36538461538461536,0.8269230769230769,0.21428571428571427,0.8571428571428571,0.0004
184,1.537011981010437,1.5321717262268066,0.36538461538461536,0.8269230769230769,0.21428571428571427,0.8571428571428571,0.0004
185,1.5821300148963928,1.531532645225525,0.36538461538461536,0.8269230769230769,0.21428571428571427,0.8571428571428571,0.0004
186,1.5499154329299927,1.5301895141601562,0.36538461538461536,0.8269230769230769,0.21428571428571427,0.8571428571428571,0.0004
187,1.567146122455597,1.5296522378921509,0.36538461538461536,0.8269230769230769,0.21428571428571427,0.8571428571428571,0.0004
188,1.5513576865196228,1.529234766960144,0.36538461538461536,0.8269230769230769,0.21428571428571427,0.8571428571428571,0.0004
189,1.5644266605377197,1.5288418531417847,0.36538461538461536,0.8269230769230769,0.21428571428571427,0.8571428571428571,0.0004
190,1.5503661632537842,1.5287021398544312,0.36538461538461536,0.8269230769230769,0.21428571428571427,0.8571428571428571,0.0004
191,1.5808398723602295,1.5288373231887817,0.36538461538461536,0.8269230769230769,0.21428571428571427,0.8571428571428571,0.0004
192,1.580645203590393,1.528527855873108,0.36538461538461536,0.8269230769230769,0.21428571428571427,0.8571428571428571,0.0004
193,1.5793654918670654,1.5287249088287354,0.36538461538461536,0.8269230769230769,0.21428571428571427,0.8571428571428571,0.0004
194,1.5641134977340698,1.5285420417785645,0.36538461538461536,0.8269230769230769,0.21428571428571427,0.8571428571428571,0.0004
195,1.5961791276931763,1.529183030128479,0.36538461538461536,0.8269230769230769,0.21428571428571427,0.8571428571428571,0.0004
196,1.5816534757614136,1.529374599456787,0.36538461538461536,0.8269230769230769,0.21428571428571427,0.8571428571428571,0.0004
197,1.5094785690307617,1.5292736291885376,0.36538461538461536,0.8269230769230769,0.21428571428571427,0.8571428571428571,0.0004
198,1.552512288093567,1.5285779237747192,0.36538461538461536,0.8269230769230769,0.21428571428571427,0.8571428571428571,0.0004
199,1.5673719644546509,1.527563452720642,0.36538461538461536,0.8269230769230769,0.21428571428571427,0.8571428571428571,0.0004
200,1.5210984945297241,1.526402235031128,0.36538461538461536,0.8269230769230769,0.21428571428571427,0.8571428571428571,0.0004
201,1.5803083181381226,1.5263001918792725,0.36538461538461536,0.8269230769230769,0.21428571428571427,0.8571428571428571,0.0004
202,1.5486767888069153,1.5260233879089355,0.36538461538461536,0.8269230769230769,0.21428571428571427,0.8571428571428571,0.0004
203,1.5777822136878967,1.5269702672958374,0.36538461538461536,0.8269230769230769,0.21428571428571427,0.8571428571428571,0.0004
204,1.5224100947380066,1.5290873050689697,0.36538461538461536,0.8269230769230769,0.21428571428571427,0.8571428571428571,0.0004
205,1.5751467943191528,1.5303804874420166,0.36538461538461536,0.8269230769230769,0.21428571428571427,0.8571428571428571,0.0004
206,1.5490766763687134,1.5336568355560303,0.36538461538461536,0.8269230769230769,0.21428571428571427,0.8571428571428571,0.0004
207,1.563373327255249,1.536853551864624,0.36538461538461536,0.8269230769230769,0.21428571428571427,0.8571428571428571,0.0004
208,1.5698938369750977,1.5400943756103516,0.36538461538461536,0.8269230769230769,0.21428571428571427,0.8571428571428571,0.0004
209,1.563461184501648,1.5411362648010254,0.36538461538461536,0.8269230769230769,0.21428571428571427,0.8571428571428571,0.0004
210,1.548971951007843,1.5424714088439941,0.36538461538461536,0.8269230769230769,0.21428571428571427,0.8571428571428571,0.0004
211,1.5784415006637573,1.5436335802078247,0.36538461538461536,0.8269230769230769,0.21428571428571427,0.8571428571428571,0.0004
212,1.5529242753982544,1.5444738864898682,0.36538461538461536,0.8269230769230769,0.21428571428571427,0.8571428571428571,0.0004
213,1.5659900307655334,1.5435576438903809,0.36538461538461536,0.8269230769230769,0.21428571428571427,0.8571428571428571,0.0004
214,1.5495266914367676,1.542405605316162,0.36538461538461536,0.8269230769230769,0.21428571428571427,0.8571428571428571,0.0004
215,1.5489376783370972,1.5414161682128906,0.36538461538461536,0.8269230769230769,0.21428571428571427,0.8571428571428571,0.0004
216,1.5398857593536377,1.5399978160858154,0.36538461538461536,0.8269230769230769,0.21428571428571427,0.8571428571428571,0.0004
217,1.5478399991989136,1.5378895998001099,0.36538461538461536,0.8269230769230769,0.21428571428571427,0.8571428571428571,0.0004
218,1.5486114025115967,1.5354387760162354,0.36538461538461536,0.8269230769230769,0.21428571428571427,0.8571428571428571,0.0004
219,1.565270483493805,1.5337531566619873,0.36538461538461536,0.8269230769230769,0.21428571428571427,0.8571428571428571,0.0004
220,1.5515727400779724,1.5325772762298584,0.36538461538461536,0.8269230769230769,0.21428571428571427,0.8571428571428571,0.0004
221,1.5520896315574646,1.530480146408081,0.36538461538461536,0.8269230769230769,0.21428571428571427,0.8571428571428571,0.0004
222,1.5475037693977356,1.5283288955688477,0.36538461538461536,0.8269230769230769,0.21428571428571427,0.8571428571428571,0.0004
223,1.5662371516227722,1.5269579887390137,0.36538461538461536,0.8269230769230769,0.21428571428571427,0.8571428571428571,0.0004
224,1.5522127151489258,1.5263793468475342,0.36538461538461536,0.8269230769230769,0.21428571428571427,0.8571428571428571,0.0004
225,1.5361276268959045,1.5247911214828491,0.36538461538461536,0.8269230769230769,0.21428571428571427,0.8571428571428571,0.0004
226,1.5788370370864868,1.5230644941329956,0.36538461538461536,0.8269230769230769,0.21428571428571427,0.8571428571428571,0.0004
227,1.5499703884124756,1.522592544555664,0.36538461538461536,0.8269230769230769,0.21428571428571427,0.8571428571428571,0.0004
228,1.5501368045806885,1.5227713584899902,0.36538461538461536,0.8269230769230769,0.21428571428571427,0.8571428571428571,0.0004
229,1.5489606857299805,1.5231742858886719,0.36538461538461536,0.8269230769230769,0.21428571428571427,0.8571428571428571,0.0004
230,1.5774569511413574,1.5242059230804443,0.36538461538461536,0.8269230769230769,0.21428571428571427,0.8571428571428571,0.0004
231,1.581131398677826,1.5272612571716309,0.36538461538461536,0.8269230769230769,0.21428571428571427,0.8571428571428571,0.0004
232,1.5475462675094604,1.5299078226089478,0.36538461538461536,0.8269230769230769,0.21428571428571427,0.8571428571428571,0.0004
233,1.5506791472434998,1.53254234790802,0.36538461538461536,0.8269230769230769,0.21428571428571427,0.8571428571428571,0.0004
234,1.5619851350784302,1.5347793102264404,0.36538461538461536,0.8269230769230769,0.21428571428571427,0.8571428571428571,0.0004
235,1.5801117420196533,1.5376543998718262,0.36538461538461536,0.8269230769230769,0.21428571428571427,0.8571428571428571,0.0004
236,1.5542662143707275,1.5399620532989502,0.36538461538461536,0.8269230769230769,0.21428571428571427,0.8571428571428571,0.0004
237,1.563403606414795,1.5407154560089111,0.36538461538461536,0.8269230769230769,0.21428571428571427,0.8571428571428571,0.0004
238,1.5658118724822998,1.5412918329238892,0.36538461538461536,0.8269230769230769,0.21428571428571427,0.8571428571428571,0.0004
239,1.561565339565277,1.5408302545547485,0.36538461538461536,0.8269230769230769,0.21428571428571427,0.8571428571428571,0.0004
240,1.5234624147415161,1.5408672094345093,0.36538461538461536,0.8269230769230769,0.21428571428571427,0.8571428571428571,0.0004
241,1.5392716526985168,1.5399645566940308,0.36538461538461536,0.8269230769230769,0.21428571428571427,0.8571428571428571,0.0004
242,1.5702322125434875,1.5406910181045532,0.36538461538461536,0.8269230769230769,0.21428571428571427,0.8571428571428571,0.0004
243,1.5626418590545654,1.5377767086029053,0.36538461538461536,0.8269230769230769,0.21428571428571427,0.8571428571428571,0.0004
244,1.5335384011268616,1.5371259450912476,0.36538461538461536,0.8269230769230769,0.21428571428571427,0.8571428571428571,0.0004
245,1.5513435006141663,1.5352768898010254,0.36538461538461536,0.8269230769230769,0.21428571428571427,0.8571428571428571,0.0004
246,1.5357317924499512,1.533477544784546,0.36538461538461536,0.8269230769230769,0.21428571428571427,0.8571428571428571,0.0004
247,1.5341442823410034,1.5316200256347656,0.36538461538461536,0.8269230769230769,0.21428571428571427,0.8571428571428571,0.0004
248,1.5355829000473022,1.530165433883667,0.36538461538461536,0.8269230769230769,0.21428571428571427,0.8571428571428571,0.0004
249,1.5172332525253296,1.5286610126495361,0.36538461538461536,0.8269230769230769,0.21428571428571427,0.8571428571428571,0.0004
250,1.5653891563415527,1.5282652378082275,0.36538461538461536,0.8269230769230769,0.21428571428571427,0.8571428571428571,0.0004
251,1.5152096152305603,1.5280227661132812,0.36538461538461536,0.8269230769230769,0.21428571428571427,0.8571428571428571,0.0004
252,1.6124758124351501,1.5299525260925293,0.36538461538461536,0.8269230769230769,0.21428571428571427,0.8571428571428571,0.0004
253,1.552175521850586,1.5314269065856934,0.36538461538461536,0.8269230769230769,0.21428571428571427,0.8571428571428571,0.0004
254,1.6000266075134277,1.532570481300354,0.36538461538461536,0.8269230769230769,0.21428571428571427,0.8571428571428571,0.0004
255,1.550268828868866,1.5327610969543457,0.36538461538461536,0.8269230769230769,0.21428571428571427,0.8571428571428571,0.0004
256,1.5340423583984375,1.5325794219970703,0.36538461538461536,0.8269230769230769,0.21428571428571427,0.8571428571428571,0.0004
257,1.5789665579795837,1.53262460231781,0.36538461538461536,0.8269230769230769,0.21428571428571427,0.8571428571428571,0.0004
258,1.5529840588569641,1.533047080039978,0.36538461538461536,0.8269230769230769,0.21428571428571427,0.8571428571428571,0.0004
259,1.551559329032898,1.5327953100204468,0.36538461538461536,0.8269230769230769,0.21428571428571427,0.8571428571428571,0.0004
260,1.5455482602119446,1.5315361022949219,0.36538461538461536,0.8269230769230769,0.21428571428571427,0.8571428571428571,0.0004
261,1.615580439567566,1.5322893857955933,0.36538461538461536,0.8269230769230769,0.21428571428571427,0.8571428571428571,0.0004
262,1.5529546737670898,1.5317857265472412,0.36538461538461536,0.8269230769230769,0.21428571428571427,0.8571428571428571,0.0004
263,1.56609445810318,1.5308414697647095,0.36538461538461536,0.8269230769230769,0.21428571428571427,0.8571428571428571,0.0004
264,1.5779134035110474,1.5302588939666748,0.36538461538461536,0.8269230769230769,0.21428571428571427,0.8571428571428571,0.0004
265,1.5599337816238403,1.5299853086471558,0.36538461538461536,0.8269230769230769,0.21428571428571427,0.8571428571428571,0.0004
266,1.5244684219360352,1.5305896997451782,0.36538461538461536,0.8269230769230769,0.21428571428571427,0.8571428571428571,0.0004
267,1.5507451295852661,1.5322492122650146,0.36538461538461536,0.8269230769230769,0.21428571428571427,0.8571428571428571,0.0004
268,1.5674000978469849,1.5333021879196167,0.36538461538461536,0.8269230769230769,0.21428571428571427,0.8571428571428571,0.0004
269,1.5559701323509216,1.5338605642318726,0.36538461538461536,0.8269230769230769,0.21428571428571427,0.8571428571428571,0.0004
270,1.5773351192474365,1.5329704284667969,0.36538461538461536,0.8269230769230769,0.21428571428571427,0.8571428571428571,0.0004
271,1.5615131258964539,1.5312621593475342,0.36538461538461536,0.8269230769230769,0.21428571428571427,0.8571428571428571,0.0004
272,1.59646874666214,1.5318695306777954,0.36538461538461536,0.8269230769230769,0.21428571428571427,0.8571428571428571,0.0004
273,1.5486897230148315,1.5309427976608276,0.36538461538461536,0.8269230769230769,0.21428571428571427,0.8571428571428571,0.0004
274,1.5502123832702637,1.5306470394134521,0.36538461538461536,0.8269230769230769,0.21428571428571427,0.8571428571428571,0.0004
275,1.5671753287315369,1.530993938446045,0.36538461538461536,0.8269230769230769,0.21428571428571427,0.8571428571428571,0.0004
276,1.5083420872688293,1.5302881002426147,0.36538461538461536,0.8269230769230769,0.21428571428571427,0.8571428571428571,0.0004
277,1.5484273433685303,1.5307369232177734,0.36538461538461536,0.8269230769230769,0.21428571428571427,0.8571428571428571,0.0004
278,1.5784715414047241,1.531081199645996,0.36538461538461536,0.8269230769230769,0.21428571428571427,0.8571428571428571,0.0004
279,1.5338799357414246,1.532107949256897,0.36538461538461536,0.8269230769230769,0.21428571428571427,0.8571428571428571,0.0004
280,1.532778024673462,1.5341055393218994,0.36538461538461536,0.8269230769230769,0.21428571428571427,0.8571428571428571,0.0004
281,1.5664845705032349,1.5363810062408447,0.36538461538461536,0.8269230769230769,0.21428571428571427,0.8571428571428571,0.0004
282,1.5336421728134155,1.53714120388031,0.36538461538461536,0.8269230769230769,0.21428571428571427,0.8571428571428571,0.0004
283,1.5340201258659363,1.538596749305725,0.36538461538461536,0.8269230769230769,0.21428571428571427,0.8571428571428571,0.0004
284,1.550314486026764,1.5402288436889648,0.36538461538461536,0.8269230769230769,0.21428571428571427,0.8571428571428571,0.0004
285,1.5435346364974976,1.5405192375183105,0.36538461538461536,0.8269230769230769,0.21428571428571427,0.8571428571428571,0.0004
286,1.5463826656341553,1.5413763523101807,0.36538461538461536,0.8269230769230769,0.21428571428571427,0.8571428571428571,0.0004
287,1.5458868145942688,1.5422630310058594,0.36538461538461536,0.8269230769230769,0.21428571428571427,0.8571428571428571,0.0004
288,1.572955310344696,1.543571949005127,0.36538461538461536,0.8269230769230769,0.21428571428571427,0.8571428571428571,0.0004
289,1.5733559131622314,1.5431487560272217,0.36538461538461536,0.8269230769230769,0.21428571428571427,0.8571428571428571,0.0004
290,1.5821176171302795,1.5404512882232666,0.36538461538461536,0.8269230769230769,0.21428571428571427,0.8571428571428571,0.0004
291,1.5792234539985657,1.5369287729263306,0.36538461538461536,0.8269230769230769,0.21428571428571427,0.8571428571428571,0.0004
292,1.5753566026687622,1.5347455739974976,0.36538461538461536,0.8269230769230769,0.21428571428571427,0.8571428571428571,0.0004
293,1.56161230802536,1.5325015783309937,0.36538461538461536,0.8269230769230769,0.21428571428571427,0.8571428571428571,0.0004
294,1.5660268068313599,1.531266689300537,0.36538461538461536,0.8269230769230769,0.21428571428571427,0.8571428571428571,0.0004
295,1.565439522266388,1.5321497917175293,0.36538461538461536,0.8269230769230769,0.21428571428571427,0.8571428571428571,0.0004
296,1.593318223953247,1.5306119918823242,0.36538461538461536,0.8269230769230769,0.21428571428571427,0.8571428571428571,0.0004
297,1.6102571487426758,1.5311431884765625,0.36538461538461536,0.8269230769230769,0.21428571428571427,0.8571428571428571,0.0004
298,1.5647950172424316,1.5301517248153687,0.36538461538461536,0.8269230769230769,0.21428571428571427,0.8571428571428571,0.0004
299,1.5544935464859009,1.529960036277771,0.36538461538461536,0.8269230769230769,0.21428571428571427,0.8571428571428571,0.0004
300,1.5357250571250916,1.5295639038085938,0.36538461538461536,0.8269230769230769,0.14285714285714285,0.8571428571428571,0.0004
301,1.553565502166748,1.5281484127044678,0.34615384615384615,0.8269230769230769,0.21428571428571427,0.8571428571428571,0.0004
302,1.549713909626007,1.5283808708190918,0.36538461538461536,0.8269230769230769,0.21428571428571427,0.8571428571428571,0.0004
303,1.5411472916603088,1.5296683311462402,0.36538461538461536,0.8269230769230769,0.21428571428571427,0.8571428571428571,0.0004
304,1.5956716537475586,1.5289785861968994,0.36538461538461536,0.8269230769230769,0.21428571428571427,0.8571428571428571,0.0004
305,1.593682050704956,1.530214548110962,0.36538461538461536,0.8269230769230769,0.21428571428571427,0.8571428571428571,0.0004
306,1.5673688650131226,1.530613899230957,0.36538461538461536,0.8269230769230769,0.21428571428571427,0.8571428571428571,0.0004
307,1.560862421989441,1.5285968780517578,0.36538461538461536,0.8269230769230769,0.21428571428571427,0.8571428571428571,0.0004
308,1.5363094806671143,1.5283820629119873,0.36538461538461536,0.8269230769230769,0.21428571428571427,0.8571428571428571,0.0004
309,1.539932906627655,1.529806137084961,0.36538461538461536,0.8269230769230769,0.21428571428571427,0.8571428571428571,0.0004
310,1.5469136238098145,1.529462218284607,0.36538461538461536,0.8269230769230769,0.21428571428571427,0.8571428571428571,0.0004
311,1.5513046383857727,1.5303854942321777,0.36538461538461536,0.8269230769230769,0.21428571428571427,0.8571428571428571,0.0004
312,1.5630803108215332,1.5315444469451904,0.36538461538461536,0.8269230769230769,0.21428571428571427,0.8571428571428571,0.0004
313,1.5336304903030396,1.532883882522583,0.36538461538461536,0.8269230769230769,0.21428571428571427,0.8571428571428571,0.0004
314,1.5459147095680237,1.5330921411514282,0.36538461538461536,0.8269230769230769,0.21428571428571427,0.8571428571428571,0.0004
315,1.5653421878814697,1.5346578359603882,0.36538461538461536,0.8269230769230769,0.21428571428571427,0.8571428571428571,0.0004
316,1.5807663798332214,1.5349149703979492,0.36538461538461536,0.8269230769230769,0.21428571428571427,0.8571428571428571,0.0004
317,1.5842869877815247,1.5346825122833252,0.36538461538461536,0.8269230769230769,0.21428571428571427,0.8571428571428571,0.0004
318,1.5328903794288635,1.535391092300415,0.36538461538461536,0.8269230769230769,0.21428571428571427,0.8571428571428571,0.0004
319,1.5539135336875916,1.5355827808380127,0.36538461538461536,0.8269230769230769,0.21428571428571427,0.8571428571428571,0.0004
320,1.5678882598876953,1.5343378782272339,0.36538461538461536,0.8269230769230769,0.21428571428571427,0.8571428571428571,0.0004
321,1.5482827425003052,1.5323899984359741,0.36538461538461536,0.8269230769230769,0.21428571428571427,0.8571428571428571,0.0004
322,1.5316649675369263,1.5308690071105957,0.36538461538461536,0.8269230769230769,0.21428571428571427,0.8571428571428571,0.0004
323,1.5761266946792603,1.5298106670379639,0.36538461538461536,0.8269230769230769,0.21428571428571427,0.8571428571428571,0.0004
324,1.6069542169570923,1.5288629531860352,0.36538461538461536,0.8269230769230769,0.21428571428571427,0.8571428571428571,0.0004
325,1.5609078407287598,1.5288984775543213,0.36538461538461536,0.8269230769230769,0.21428571428571427,0.8571428571428571,0.0004
326,1.5459442734718323,1.5302073955535889,0.36538461538461536,0.8269230769230769,0.21428571428571427,0.8571428571428571,0.0004
327,1.5358723402023315,1.5309604406356812,0.36538461538461536,0.8269230769230769,0.21428571428571427,0.8571428571428571,0.0004
328,1.5250325202941895,1.5330346822738647,0.36538461538461536,0.8269230769230769,0.21428571428571427,0.8571428571428571,0.0004
329,1.5446240901947021,1.5335795879364014,0.36538461538461536,0.8269230769230769,0.21428571428571427,0.8571428571428571,0.0004
330,1.5195969343185425,1.5350152254104614,0.36538461538461536,0.8269230769230769,0.21428571428571427,0.8571428571428571,0.0004
331,1.5525321960449219,1.5393036603927612,0.36538461538461536,0.8269230769230769,0.21428571428571427,0.8571428571428571,0.0004
332,1.547243356704712,1.5400078296661377,0.36538461538461536,0.8269230769230769,0.21428571428571427,0.8571428571428571,0.0004
333,1.5792586207389832,1.539190649986267,0.36538461538461536,0.8269230769230769,0.21428571428571427,0.8571428571428571,0.0004
334,1.579154372215271,1.5399445295333862,0.36538461538461536,0.8269230769230769,0.21428571428571427,0.8571428571428571,0.0004
335,1.5617623925209045,1.536505937576294,0.36538461538461536,0.8269230769230769,0.21428571428571427,0.8571428571428571,0.0004
336,1.5294813513755798,1.5359628200531006,0.36538461538461536,0.8269230769230769,0.21428571428571427,0.8571428571428571,0.0004
337,1.5604587197303772,1.5350010395050049,0.36538461538461536,0.8269230769230769,0.21428571428571427,0.8571428571428571,0.0004
338,1.5677543878555298,1.534620761871338,0.36538461538461536,0.8269230769230769,0.21428571428571427,0.8571428571428571,0.0004
339,1.5167967677116394,1.5279350280761719,0.36538461538461536,0.8269230769230769,0.21428571428571427,0.8571428571428571,0.0004
340,1.5431702733039856,1.5302114486694336,0.36538461538461536,0.8269230769230769,0.21428571428571427,0.8571428571428571,0.0004
341,1.5898587703704834,1.5233726501464844,0.36538461538461536,0.8269230769230769,0.21428571428571427,0.8571428571428571,0.0004
342,1.529980182647705,1.535187005996704,0.36538461538461536,0.8269230769230769,0.21428571428571427,0.8571428571428571,0.0004
343,1.540532112121582,1.5278937816619873,0.36538461538461536,0.8269230769230769,0.14285714285714285,0.8571428571428571,0.0004
344,1.5433366894721985,1.521813154220581,0.46153846153846156,0.8269230769230769,0.35714285714285715,0.8571428571428571,0.0004
345,1.5120959281921387,1.542070984840393,0.5192307692307693,0.8269230769230769,0.21428571428571427,0.8571428571428571,0.0004
346,1.5990810990333557,1.5448333024978638,0.36538461538461536,0.8269230769230769,0.21428571428571427,0.8571428571428571,0.0004
347,1.5611333847045898,1.5455145835876465,0.36538461538461536,0.8269230769230769,0.21428571428571427,0.8571428571428571,0.0004
348,1.5368937253952026,1.5423829555511475,0.36538461538461536,0.8269230769230769,0.21428571428571427,0.8571428571428571,0.0004
349,1.5349458456039429,1.538449764251709,0.36538461538461536,0.8269230769230769,0.21428571428571427,0.8571428571428571,0.0004
350,1.5362032055854797,1.5347864627838135,0.36538461538461536,0.8269230769230769,0.21428571428571427,0.8571428571428571,0.0004
351,1.5973515510559082,1.5313595533370972,0.36538461538461536,0.8269230769230769,0.21428571428571427,0.8571428571428571,0.0004
352,1.5470893383026123,1.5300114154815674,0.36538461538461536,0.8269230769230769,0.21428571428571427,0.8571428571428571,0.0004
353,1.528296411037445,1.5255985260009766,0.36538461538461536,0.8269230769230769,0.21428571428571427,0.8571428571428571,0.0004
354,1.5374910235404968,1.52978515625,0.36538461538461536,0.8269230769230769,0.21428571428571427,0.8571428571428571,0.0004
355,1.5340826511383057,1.531219244003296,0.36538461538461536,0.8269230769230769,0.21428571428571427,0.8571428571428571,0.0004
356,1.5545724630355835,1.5329724550247192,0.36538461538461536,0.8269230769230769,0.21428571428571427,0.8571428571428571,0.0004
357,1.5668523907661438,1.5403382778167725,0.36538461538461536,0.8269230769230769,0.21428571428571427,0.8571428571428571,0.0004
358,1.580126941204071,1.523680329322815,0.36538461538461536,0.8269230769230769,0.21428571428571427,0.8571428571428571,0.0004
359,1.534098207950592,1.531400203704834,0.34615384615384615,0.8269230769230769,0.35714285714285715,0.8571428571428571,0.0004
360,1.5355098247528076,1.533348560333252,0.38461538461538464,0.8269230769230769,0.35714285714285715,0.8571428571428571,0.0004
361,1.534027636051178,1.5351014137268066,0.40384615384615385,0.8269230769230769,0.21428571428571427,0.8571428571428571,0.0004
362,1.5149381756782532,1.5380412340164185,0.36538461538461536,0.8269230769230769,0.21428571428571427,0.8571428571428571,0.0004
363,1.516927719116211,1.530382752418518,0.36538461538461536,0.8269230769230769,0.2857142857142857,0.8571428571428571,0.0004
364,1.5388028621673584,1.5284500122070312,0.3076923076923077,0.8269230769230769,0.35714285714285715,0.8571428571428571,0.0004
365,1.515538513660431,1.5149712562561035,0.40384615384615385,0.8269230769230769,0.42857142857142855,0.8571428571428571,0.0004
366,1.5003523230552673,1.5507097244262695,0.46153846153846156,0.8269230769230769,0.21428571428571427,0.8571428571428571,0.0004
367,1.6172940135002136,1.56145441532135,0.36538461538461536,0.8269230769230769,0.21428571428571427,0.8571428571428571,0.0004
368,1.5616201758384705,1.5592515468597412,0.36538461538461536,0.8269230769230769,0.21428571428571427,0.8571428571428571,0.0004
369,1.5691550970077515,1.5497709512710571,0.36538461538461536,0.8269230769230769,0.21428571428571427,0.8571428571428571,0.0004
370,1.5645589232444763,1.5362253189086914,0.36538461538461536,0.8269230769230769,0.21428571428571427,0.8571428571428571,0.0004
371,1.5933430194854736,1.5325074195861816,0.36538461538461536,0.8269230769230769,0.21428571428571427,0.8571428571428571,0.0004
372,1.5364591479301453,1.5288550853729248,0.36538461538461536,0.8269230769230769,0.21428571428571427,0.8571428571428571,0.0004
373,1.5752868056297302,1.5234601497650146,0.36538461538461536,0.8269230769230769,0.42857142857142855,0.8571428571428571,0.0004
374,1.5480085015296936,1.5213494300842285,0.38461538461538464,0.8269230769230769,0.35714285714285715,0.8571428571428571,0.0004
375,1.5643652081489563,1.5223591327667236,0.3269230769230769,0.8269230769230769,0.35714285714285715,0.8571428571428571,0.0004
376,1.5559768080711365,1.5234811305999756,0.3269230769230769,0.8269230769230769,0.35714285714285715,0.8571428571428571,0.0004
377,1.5715854167938232,1.5251737833023071,0.3269230769230769,0.8269230769230769,0.35714285714285715,0.8571428571428571,0.0004
378,1.575805127620697,1.525392770767212,0.3269230769230769,0.8269230769230769,0.35714285714285715,0.8571428571428571,0.0004
379,1.5655903220176697,1.5278007984161377,0.3269230769230769,0.8269230769230769,0.35714285714285715,0.8571428571428571,0.0004
380,1.5509637594223022,1.5286592245101929,0.34615384615384615,0.8269230769230769,0.21428571428571427,0.8571428571428571,0.0004
381,1.5757941007614136,1.5304951667785645,0.40384615384615385,0.8269230769230769,0.21428571428571427,0.8571428571428571,0.0004
382,1.5248645544052124,1.5335962772369385,0.36538461538461536,0.8269230769230769,0.21428571428571427,0.8571428571428571,0.0004
383,1.5657883882522583,1.537113070487976,0.36538461538461536,0.8269230769230769,0.21428571428571427,0.8571428571428571,0.0004
384,1.5609124898910522,1.5380743741989136,0.36538461538461536,0.8269230769230769,0.21428571428571427,0.8571428571428571,0.0004
385,1.5299756526947021,1.5381032228469849,0.36538461538461536,0.8269230769230769,0.21428571428571427,0.8571428571428571,0.0004
386,1.5440858602523804,1.5417203903198242,0.36538461538461536,0.8269230769230769,0.21428571428571427,0.8571428571428571,0.0004
387,1.528861165046692,1.54487144947052,0.36538461538461536,0.8269230769230769,0.21428571428571427,0.8571428571428571,0.0004
388,1.5333471894264221,1.5470045804977417,0.36538461538461536,0.8269230769230769,0.21428571428571427,0.8571428571428571,0.0004
389,1.538132667541504,1.5508720874786377,0.36538461538461536,0.8269230769230769,0.21428571428571427,0.8571428571428571,0.0004
390,1.5787644386291504,1.5498145818710327,0.36538461538461536,0.8269230769230769,0.21428571428571427,0.8571428571428571,0.0004
391,1.5699066519737244,1.5512843132019043,0.36538461538461536,0.8269230769230769,0.21428571428571427,0.8571428571428571,0.0004
392,1.5742141008377075,1.5479552745819092,0.36538461538461536,0.8269230769230769,0.21428571428571427,0.8571428571428571,0.0004
393,1.5655822157859802,1.543626308441162,0.36538461538461536,0.8269230769230769,0.21428571428571427,0.8571428571428571,0.0004
394,1.5407835841178894,1.5438034534454346,0.36538461538461536,0.8269230769230769,0.21428571428571427,0.8571428571428571,0.0004
395,1.5338159799575806,1.5411906242370605,0.36538461538461536,0.8269230769230769,0.21428571428571427,0.8571428571428571,0.0004
396,1.5806084275245667,1.5346391201019287,0.36538461538461536,0.8269230769230769,0.21428571428571427,0.8571428571428571,0.0004
397,1.5840075016021729,1.531952977180481,0.36538461538461536,0.8269230769230769,0.21428571428571427,0.8571428571428571,0.0004
398,1.5455979108810425,1.5268018245697021,0.36538461538461536,0.8269230769230769,0.21428571428571427,0.8571428571428571,0.0004
399,1.544465720653534,1.5192286968231201,0.36538461538461536,0.8269230769230769,0.21428571428571427,0.8571428571428571,0.0004
400,1.5475791096687317,1.5227830410003662,0.36538461538461536,0.8269230769230769,0.21428571428571427,0.8571428571428571,0.0004
401,1.5341653227806091,1.5238245725631714,0.36538461538461536,0.8269230769230769,0.21428571428571427,0.8571428571428571,0.0004
402,1.5693120956420898,1.5216662883758545,0.36538461538461536,0.8269230769230769,0.21428571428571427,0.8571428571428571,0.0004
403,1.5450050234794617,1.5246986150741577,0.36538461538461536,0.8269230769230769,0.21428571428571427,0.8571428571428571,0.0004
404,1.5530235767364502,1.5254871845245361,0.36538461538461536,0.8269230769230769,0.21428571428571427,0.8571428571428571,0.0004
405,1.5328351259231567,1.5280848741531372,0.36538461538461536,0.8269230769230769,0.21428571428571427,0.8571428571428571,0.0004
406,1.5632105469703674,1.5272269248962402,0.36538461538461536,0.8269230769230769,0.21428571428571427,0.8571428571428571,0.0004
407,1.5896588563919067,1.5267508029937744,0.36538461538461536,0.8269230769230769,0.21428571428571427,0.8571428571428571,0.0004
408,1.5749031901359558,1.5319738388061523,0.36538461538461536,0.8269230769230769,0.21428571428571427,0.8571428571428571,0.0004
409,1.5598872900009155,1.5256863832473755,0.36538461538461536,0.8269230769230769,0.21428571428571427,0.8571428571428571,0.0004
410,1.531236469745636,1.5279581546783447,0.36538461538461536,0.8269230769230769,0.21428571428571427,0.8571428571428571,0.0004
411,1.5334216356277466,1.5348351001739502,0.36538461538461536,0.8269230769230769,0.21428571428571427,0.8571428571428571,0.0004
412,1.561682939529419,1.5295616388320923,0.36538461538461536,0.8269230769230769,0.21428571428571427,0.8571428571428571,0.0004
413,1.5494754910469055,1.5305372476577759,0.36538461538461536,0.8269230769230769,0.21428571428571427,0.8571428571428571,0.0004
414,1.5520212650299072,1.5416555404663086,0.36538461538461536,0.8269230769230769,0.21428571428571427,0.8571428571428571,0.0004
415,1.5282512307167053,1.5344924926757812,0.36538461538461536,0.8269230769230769,0.21428571428571427,0.8571428571428571,0.0004
416,1.5444597005844116,1.5433094501495361,0.36538461538461536,0.8269230769230769,0.21428571428571427,0.8571428571428571,0.0004
417,1.5495221614837646,1.542982578277588,0.36538461538461536,0.8269230769230769,0.21428571428571427,0.8571428571428571,0.0004
418,1.5395029783248901,1.5367977619171143,0.36538461538461536,0.8269230769230769,0.21428571428571427,0.8571428571428571,0.0004
419,1.5850367546081543,1.5367138385772705,0.36538461538461536,0.8269230769230769,0.21428571428571427,0.8571428571428571,0.0004
420,1.5387120246887207,1.5380750894546509,0.36538461538461536,0.8269230769230769,0.21428571428571427,0.8571428571428571,0.0004
421,1.5306043028831482,1.5470361709594727,0.36538461538461536,0.8269230769230769,0.21428571428571427,0.8571428571428571,0.0004
422,1.5709282755851746,1.5346136093139648,0.36538461538461536,0.8269230769230769,0.21428571428571427,0.8571428571428571,0.0004
423,1.5501009225845337,1.5330568552017212,0.38461538461538464,0.8269230769230769,0.21428571428571427,0.8571428571428571,0.0004
424,1.5267128348350525,1.5417652130126953,0.40384615384615385,0.8269230769230769,0.21428571428571427,0.8571428571428571,0.0004
425,1.5252931714057922,1.5424370765686035,0.4423076923076923,0.8269230769230769,0.21428571428571427,0.8571428571428571,0.0004
426,1.5067994594573975,1.5232830047607422,0.36538461538461536,0.8269230769230769,0.21428571428571427,0.8571428571428571,0.0004
427,1.5462639331817627,1.547569751739502,0.36538461538461536,0.8269230769230769,0.21428571428571427,0.8571428571428571,0.0004
428,1.5269952416419983,1.5222907066345215,0.38461538461538464,0.8269230769230769,0.14285714285714285,0.8571428571428571,0.0004
429,1.542353332042694,1.5278232097625732,0.38461538461538464,0.8269230769230769,0.21428571428571427,0.8571428571428571,0.0004
430,1.5515995025634766,1.5253432989120483,0.4230769230769231,0.8269230769230769,0.2857142857142857,0.8571428571428571,0.0004
431,1.5208381414413452,1.523805856704712,0.40384615384615385,0.8269230769230769,0.2857142857142857,0.8571428571428571,0.0004
432,1.5108541250228882,1.513621211051941,0.40384615384615385,0.8269230769230769,0.21428571428571427,0.8571428571428571,0.0004
433,1.5156404376029968,1.5538628101348877,0.4423076923076923,0.8269230769230769,0.14285714285714285,0.8571428571428571,0.0004
434,1.4705440402030945,1.5352469682693481,0.4423076923076923,0.8269230769230769,0.2857142857142857,0.8571428571428571,0.0004
435,1.498127520084381,1.489833116531372,0.38461538461538464,0.8269230769230769,0.2857142857142857,0.8571428571428571,0.0004
436,1.481307864189148,1.593534231185913,0.40384615384615385,0.8269230769230769,0.21428571428571427,0.8571428571428571,0.0004
437,1.4725187420845032,1.510731816291809,0.4230769230769231,0.8269230769230769,0.21428571428571427,0.8571428571428571,0.0004
438,1.4279240369796753,1.6618930101394653,0.4230769230769231,0.8269230769230769,0.21428571428571427,0.8571428571428571,0.0004
439,1.5173804759979248,1.5501559972763062,0.38461538461538464,0.8269230769230769,0.2857142857142857,0.8571428571428571,0.0004
440,1.4692566990852356,1.5025854110717773,0.46153846153846156,0.8269230769230769,0.2857142857142857,0.8571428571428571,0.0004
441,1.4485456943511963,1.5522702932357788,0.40384615384615385,0.8269230769230769,0.21428571428571427,0.8571428571428571,0.0004
442,1.4638498425483704,1.5988364219665527,0.38461538461538464,0.8269230769230769,0.21428571428571427,0.8571428571428571,0.0004
443,1.5298888683319092,1.5957084894180298,0.4230769230769231,0.8269230769230769,0.14285714285714285,0.8571428571428571,0.0004
444,1.5284005999565125,1.571014642715454,0.34615384615384615,0.8269230769230769,0.35714285714285715,0.8571428571428571,0.0004
445,1.557392418384552,1.5276846885681152,0.4230769230769231,0.8269230769230769,0.42857142857142855,0.8571428571428571,0.0004
446,1.5462910532951355,1.5494470596313477,0.4230769230769231,0.8269230769230769,0.2857142857142857,0.8571428571428571,0.0004
447,1.5383028984069824,1.560831904411316,0.40384615384615385,0.8269230769230769,0.21428571428571427,0.8571428571428571,0.0004
448,1.5396248698234558,1.5494716167449951,0.36538461538461536,0.8269230769230769,0.21428571428571427,0.8571428571428571,0.0004
449,1.5265851020812988,1.5521526336669922,0.36538461538461536,0.8269230769230769,0.21428571428571427,0.8571428571428571,0.0004
450,1.547050654888153,1.5515220165252686,0.36538461538461536,0.8269230769230769,0.21428571428571427,0.8571428571428571,0.0004
451,1.5633346438407898,1.5238592624664307,0.36538461538461536,0.8269230769230769,0.21428571428571427,0.8571428571428571,0.0004
452,1.5225152969360352,1.5628421306610107,0.4423076923076923,0.8269230769230769,0.2857142857142857,0.8571428571428571,0.0004
453,1.5231746435165405,1.506757140159607,0.4423076923076923,0.8269230769230769,0.35714285714285715,0.8571428571428571,0.0004
454,1.5253204107284546,1.4973173141479492,0.4807692307692308,0.8269230769230769,0.35714285714285715,0.8571428571428571,0.0004
455,1.4950371384620667,1.5323584079742432,0.5,0.8269230769230769,0.2857142857142857,0.8571428571428571,0.0004
456,1.4820849895477295,1.4995125532150269,0.4230769230769231,0.8269230769230769,0.2857142857142857,0.8571428571428571,0.0004
457,1.4950894117355347,1.6142408847808838,0.4807692307692308,0.8269230769230769,0.14285714285714285,0.8571428571428571,0.0004
458,1.4484313130378723,1.4627889394760132,0.4807692307692308,0.8269230769230769,0.35714285714285715,0.8571428571428571,0.0004
459,1.4714590311050415,1.516436219215393,0.4230769230769231,0.8269230769230769,0.35714285714285715,0.8571428571428571,0.0004
460,1.5259695649147034,1.4883909225463867,0.4423076923076923,0.8269230769230769,0.5,0.8571428571428571,0.0004
461,1.5407387614250183,1.529184103012085,0.4423076923076923,0.8269230769230769,0.42857142857142855,0.8571428571428571,0.0004
462,1.5091274976730347,1.5358002185821533,0.4423076923076923,0.8269230769230769,0.21428571428571427,0.8571428571428571,0.0004
463,1.5136285424232483,1.58192777633667,0.38461538461538464,0.8269230769230769,0.21428571428571427,0.8571428571428571,0.0004
464,1.4392205476760864,1.5792417526245117,0.36538461538461536,0.8269230769230769,0.21428571428571427,0.8571428571428571,0.0004
465,1.4886151552200317,1.4999346733093262,0.34615384615384615,0.8269230769230769,0.2857142857142857,0.8571428571428571,0.0004
466,1.4794949293136597,1.5187900066375732,0.38461538461538464,0.8269230769230769,0.2857142857142857,0.8571428571428571,0.0004
467,1.4093374609947205,1.5956134796142578,0.40384615384615385,0.8269230769230769,0.21428571428571427,0.8571428571428571,0.0004
468,1.4934093356132507,1.5970544815063477,0.4230769230769231,0.8269230769230769,0.21428571428571427,0.8571428571428571,0.0004
469,1.5320783257484436,1.5344301462173462,0.36538461538461536,0.8269230769230769,0.2857142857142857,0.8571428571428571,0.0004
470,1.4407204389572144,1.501038670539856,0.4230769230769231,0.8269230769230769,0.2857142857142857,0.8571428571428571,0.0004
471,1.4555273652076721,1.5305225849151611,0.40384615384615385,0.8269230769230769,0.35714285714285715,0.8571428571428571,0.0004
472,1.4517322778701782,1.4862797260284424,0.4423076923076923,0.8269230769230769,0.35714285714285715,0.8571428571428571,0.0004
473,1.4353218078613281,1.5297982692718506,0.46153846153846156,0.8269230769230769,0.2857142857142857,0.8571428571428571,0.0004
474,1.4419782757759094,1.5259284973144531,0.4230769230769231,0.8269230769230769,0.35714285714285715,0.8571428571428571,0.0004
475,1.4157514572143555,1.6005465984344482,0.4423076923076923,0.8269230769230769,0.21428571428571427,0.8571428571428571,0.0004
476,1.387130856513977,1.7309149503707886,0.4423076923076923,0.8269230769230769,0.21428571428571427,0.8571428571428571,0.0004
477,1.3255499005317688,1.5534499883651733,0.5,0.8269230769230769,0.2857142857142857,0.8571428571428571,0.0004
478,1.2545204758644104,1.6468985080718994,0.5384615384615384,0.8269230769230769,0.21428571428571427,0.8571428571428571,0.0004
479,1.623079240322113,1.6154069900512695,0.36538461538461536,0.8269230769230769,0.21428571428571427,0.8571428571428571,0.0004
480,1.3267488479614258,1.6081414222717285,0.5192307692307693,0.8269230769230769,0.35714285714285715,0.8571428571428571,0.0004
481,1.655146598815918,1.740667700767517,0.38461538461538464,0.8269230769230769,0.35714285714285715,0.8571428571428571,0.0004
482,1.777130901813507,1.7391562461853027,0.3269230769230769,0.8269230769230769,0.35714285714285715,0.8571428571428571,0.0004
483,1.8100233674049377,1.7168042659759521,0.3269230769230769,0.8269230769230769,0.35714285714285715,0.8571428571428571,0.0004
484,1.7834012508392334,1.6852306127548218,0.3269230769230769,0.8269230769230769,0.35714285714285715,0.8571428571428571,0.0004
485,1.7440276741981506,1.6555252075195312,0.3269230769230769,0.8269230769230769,0.35714285714285715,0.8571428571428571,0.0004
486,1.6921676397323608,1.6249475479125977,0.3269230769230769,0.8269230769230769,0.35714285714285715,0.8571428571428571,0.0004
487,1.6685838103294373,1.6011979579925537,0.3269230769230769,0.8269230769230769,0.35714285714285715,0.8571428571428571,0.0004
488,1.633958101272583,1.5866408348083496,0.3269230769230769,0.8269230769230769,0.35714285714285715,0.8571428571428571,0.0004
489,1.6181539297103882,1.576817274093628,0.3269230769230769,0.8269230769230769,0.35714285714285715,0.8571428571428571,0.0004
490,1.5745252966880798,1.5703449249267578,0.3269230769230769,0.8269230769230769,0.35714285714285715,0.8571428571428571,0.0004
491,1.5940604209899902,1.569466233253479,0.3269230769230769,0.8269230769230769,0.35714285714285715,0.8571428571428571,0.0004
492,1.5653262734413147,1.5721853971481323,0.3269230769230769,0.8269230769230769,0.35714285714285715,0.8571428571428571,0.0004
493,1.5744554996490479,1.5728552341461182,0.3269230769230769,0.8269230769230769,0.35714285714285715,0.8571428571428571,0.0004
494,1.5364452600479126,1.5757886171340942,0.3269230769230769,0.8269230769230769,0.35714285714285715,0.8571428571428571,0.0004
495,1.5654681324958801,1.5748467445373535,0.3269230769230769,0.8269230769230769,0.2857142857142857,0.8571428571428571,0.0004
496,1.5426835417747498,1.5708657503128052,0.40384615384615385,0.8269230769230769,0.21428571428571427,0.8571428571428571,0.0004
497,1.5557526350021362,1.5699536800384521,0.4807692307692308,0.8269230769230769,0.21428571428571427,0.8571428571428571,0.0004
498,1.5915212631225586,1.5676321983337402,0.36538461538461536,0.8269230769230769,0.21428571428571427,0.8571428571428571,0.0004
499,1.5623157024383545,1.5656551122665405,0.36538461538461536,0.8269230769230769,0.21428571428571427,0.8571428571428571,0.0004
500,1.571078598499298,1.5616918802261353,0.36538461538461536,0.8269230769230769,0.21428571428571427,0.8571428571428571,0.0004
501,1.5353265404701233,1.5609318017959595,0.36538461538461536,0.8269230769230769,0.21428571428571427,0.8571428571428571,0.0004
502,1.5391204357147217,1.5561834573745728,0.36538461538461536,0.8269230769230769,0.21428571428571427,0.8571428571428571,0.0004
503,1.5771137475967407,1.553206443786621,0.36538461538461536,0.8269230769230769,0.21428571428571427,0.8571428571428571,0.0004
504,1.51380455493927,1.5454716682434082,0.36538461538461536,0.8269230769230769,0.21428571428571427,0.8571428571428571,0.0004
505,1.5362640619277954,1.5417137145996094,0.36538461538461536,0.8269230769230769,0.21428571428571427,0.8571428571428571,0.0004
506,1.550365924835205,1.548255205154419,0.36538461538461536,0.8269230769230769,0.21428571428571427,0.8571428571428571,0.0004
507,1.5066812634468079,1.5391390323638916,0.36538461538461536,0.8269230769230769,0.21428571428571427,0.8571428571428571,0.0004
508,1.5396356582641602,1.5400986671447754,0.36538461538461536,0.8269230769230769,0.21428571428571427,0.8571428571428571,0.0004
509,1.5100314021110535,1.5363707542419434,0.36538461538461536,0.8269230769230769,0.21428571428571427,0.8571428571428571,0.0004
510,1.5619917511940002,1.5264053344726562,0.36538461538461536,0.8269230769230769,0.21428571428571427,0.8571428571428571,0.0004
511,1.548854410648346,1.533623456954956,0.36538461538461536,0.8269230769230769,0.21428571428571427,0.8571428571428571,0.0004
512,1.5426912903785706,1.519835352897644,0.36538461538461536,0.8269230769230769,0.21428571428571427,0.8571428571428571,0.0004
513,1.5072046518325806,1.5283448696136475,0.36538461538461536,0.8269230769230769,0.21428571428571427,0.8571428571428571,0.0004
514,1.5196537375450134,1.520082712173462,0.36538461538461536,0.8269230769230769,0.21428571428571427,0.8571428571428571,0.0004
515,1.5320134162902832,1.519149661064148,0.36538461538461536,0.8269230769230769,0.21428571428571427,0.8571428571428571,0.0004
516,1.546812653541565,1.5274450778961182,0.36538461538461536,0.8269230769230769,0.21428571428571427,0.8571428571428571,0.0004
517,1.5582714080810547,1.5208531618118286,0.36538461538461536,0.8269230769230769,0.21428571428571427,0.8571428571428571,0.0004
518,1.5322129130363464,1.5256507396697998,0.36538461538461536,0.8269230769230769,0.21428571428571427,0.8571428571428571,0.0004
519,1.5316741466522217,1.522094488143921,0.36538461538461536,0.8269230769230769,0.21428571428571427,0.8571428571428571,0.0004
520,1.497792363166809,1.5061519145965576,0.36538461538461536,0.8269230769230769,0.21428571428571427,0.8571428571428571,0.0004
521,1.5180565118789673,1.5223790407180786,0.36538461538461536,0.8269230769230769,0.21428571428571427,0.8571428571428571,0.0004
522,1.511886179447174,1.52634859085083,0.36538461538461536,0.8269230769230769,0.21428571428571427,0.8571428571428571,0.0004
523,1.5052412152290344,1.5350842475891113,0.36538461538461536,0.8269230769230769,0.21428571428571427,0.8571428571428571,0.0004
524,1.4807786345481873,1.5086277723312378,0.36538461538461536,0.8269230769230769,0.21428571428571427,0.8571428571428571,0.0004
525,1.4859546422958374,1.505707025527954,0.36538461538461536,0.8269230769230769,0.21428571428571427,0.8571428571428571,0.0004
526,1.4843026995658875,1.518235683441162,0.36538461538461536,0.8269230769230769,0.21428571428571427,0.8571428571428571,0.0004
527,1.5006791353225708,1.5035510063171387,0.3269230769230769,0.8269230769230769,0.5,0.8571428571428571,0.0004
528,1.4689396023750305,1.586717128753662,0.2692307692307692,0.8269230769230769,0.2857142857142857,0.7857142857142857,0.0004
529,1.4593986868858337,1.547473430633545,0.3269230769230769,0.8461538461538461,0.2857142857142857,0.8571428571428571,0.0004
530,1.4073044061660767,1.4637166261672974,0.38461538461538464,0.8269230769230769,0.2857142857142857,0.8571428571428571,0.0004
531,1.4826712608337402,1.5187485218048096,0.34615384615384615,0.8076923076923077,0.2857142857142857,0.7142857142857143,0.0004
532,1.4183919429779053,1.904319167137146,0.4423076923076923,0.8269230769230769,0.2857142857142857,0.35714285714285715,0.0004
533,1.4874250888824463,1.7787296772003174,0.46153846153846156,0.7115384615384616,0.35714285714285715,0.35714285714285715,0.0004
534,1.4896308183670044,1.6076502799987793,0.4423076923076923,0.6538461538461539,0.2857142857142857,0.6428571428571429,0.0004
535,1.4648311138153076,1.4596949815750122,0.4423076923076923,0.8076923076923077,0.2857142857142857,0.9285714285714286,0.0004
536,1.433398962020874,1.5581358671188354,0.40384615384615385,0.7692307692307693,0.21428571428571427,0.8571428571428571,0.0004
537,1.5775634050369263,1.5196205377578735,0.36538461538461536,0.8269230769230769,0.21428571428571427,0.8571428571428571,0.0004
538,1.564119040966034,1.580759048461914,0.36538461538461536,0.8269230769230769,0.21428571428571427,0.8571428571428571,0.0004
539,1.5769090056419373,1.4758597612380981,0.36538461538461536,0.8269230769230769,0.21428571428571427,0.8571428571428571,0.0004
540,1.4858721494674683,1.4829788208007812,0.36538461538461536,0.8269230769230769,0.21428571428571427,0.8571428571428571,0.0004
541,1.423409104347229,1.4941153526306152,0.46153846153846156,0.8269230769230769,0.2857142857142857,0.8571428571428571,0.0004
542,1.4469871520996094,1.5370090007781982,0.46153846153846156,0.8269230769230769,0.2857142857142857,0.8571428571428571,0.0004
543,1.457924723625183,1.5798194408416748,0.4807692307692308,0.8076923076923077,0.2857142857142857,0.8571428571428571,0.0004
544,1.4802049398422241,1.4963784217834473,0.4230769230769231,0.8461538461538461,0.2857142857142857,0.9285714285714286,0.0004
545,1.415789246559143,1.571913242340088,0.4807692307692308,0.8846153846153846,0.21428571428571427,0.7857142857142857,0.0004
546,1.3739533424377441,1.5355920791625977,0.46153846153846156,0.8653846153846154,0.21428571428571427,0.8571428571428571,0.0004
547,1.3470818996429443,1.498802900314331,0.4423076923076923,0.8269230769230769,0.21428571428571427,0.8571428571428571,0.0004
548,1.3962095975875854,1.4981248378753662,0.40384615384615385,0.8269230769230769,0.2857142857142857,0.8571428571428571,0.0004
549,1.363304316997528,1.60844886302948,0.46153846153846156,0.8269230769230769,0.2857142857142857,0.8571428571428571,0.0004
550,1.4091012477874756,1.6008139848709106,0.4423076923076923,0.8461538461538461,0.21428571428571427,0.8571428571428571,0.0004
551,1.3063840866088867,1.579743504524231,0.4423076923076923,0.8461538461538461,0.2857142857142857,0.7857142857142857,0.0004
552,1.2940560579299927,1.6420562267303467,0.5,0.9038461538461539,0.21428571428571427,0.7857142857142857,0.0004
553,1.4209097623825073,1.7869493961334229,0.4230769230769231,0.8461538461538461,0.21428571428571427,0.7142857142857143,0.0004
554,1.3941489458084106,1.5952931642532349,0.46153846153846156,0.8269230769230769,0.2857142857142857,0.7857142857142857,0.0004
555,1.326885998249054,1.6685584783554077,0.46153846153846156,0.8461538461538461,0.21428571428571427,0.8571428571428571,0.0004
556,1.6403586864471436,1.6741983890533447,0.38461538461538464,0.8269230769230769,0.21428571428571427,0.8571428571428571,0.0004
557,1.7170350551605225,1.6679153442382812,0.36538461538461536,0.8269230769230769,0.21428571428571427,0.8571428571428571,0.0004
558,1.6866419911384583,1.6481990814208984,0.36538461538461536,0.8269230769230769,0.21428571428571427,0.8571428571428571,0.0004
559,1.7057496905326843,1.6273107528686523,0.36538461538461536,0.8269230769230769,0.21428571428571427,0.8571428571428571,0.0004
560,1.6382643580436707,1.6077089309692383,0.36538461538461536,0.8269230769230769,0.21428571428571427,0.8571428571428571,0.0004
561,1.651973843574524,1.5875836610794067,0.36538461538461536,0.8269230769230769,0.21428571428571427,0.8571428571428571,0.0004
562,1.6062471866607666,1.5733730792999268,0.36538461538461536,0.8269230769230769,0.21428571428571427,0.8571428571428571,0.0004
563,1.6440284848213196,1.5660908222198486,0.36538461538461536,0.8269230769230769,0.21428571428571427,0.8571428571428571,0.0004
564,1.5627660155296326,1.5468909740447998,0.36538461538461536,0.8269230769230769,0.21428571428571427,0.8571428571428571,0.0004
565,1.5507683753967285,1.538137435913086,0.36538461538461536,0.8269230769230769,0.21428571428571427,0.8571428571428571,0.0004
566,1.5815759301185608,1.5372925996780396,0.36538461538461536,0.8269230769230769,0.21428571428571427,0.8571428571428571,0.0004
567,1.6099256873130798,1.524586796760559,0.36538461538461536,0.8269230769230769,0.21428571428571427,0.8571428571428571,0.0004
568,1.578849971294403,1.5197316408157349,0.36538461538461536,0.8269230769230769,0.21428571428571427,0.8571428571428571,0.0004
569,1.6234163641929626,1.5194917917251587,0.36538461538461536,0.8269230769230769,0.21428571428571427,0.8571428571428571,0.0004
570,1.531109631061554,1.5158692598342896,0.38461538461538464,0.8269230769230769,0.2857142857142857,0.8571428571428571,0.0004
571,1.5475302934646606,1.5166475772857666,0.4230769230769231,0.8269230769230769,0.21428571428571427,0.8571428571428571,0.0004
572,1.555542528629303,1.5238988399505615,0.4230769230769231,0.8269230769230769,0.2857142857142857,0.8571428571428571,0.0004
573,1.5447015166282654,1.5271847248077393,0.4807692307692308,0.8269230769230769,0.21428571428571427,0.8571428571428571,0.0004
574,1.5246645212173462,1.5276098251342773,0.4230769230769231,0.8269230769230769,0.2857142857142857,0.8571428571428571,0.0004
575,1.520719051361084,1.5312137603759766,0.4807692307692308,0.8269230769230769,0.2857142857142857,0.8571428571428571,0.0004
576,1.5825738906860352,1.540431022644043,0.4230769230769231,0.8269230769230769,0.21428571428571427,0.8571428571428571,0.0004
577,1.5594943165779114,1.5391379594802856,0.36538461538461536,0.8269230769230769,0.21428571428571427,0.8571428571428571,0.0004
578,1.5571361780166626,1.540586233139038,0.36538461538461536,0.8269230769230769,0.21428571428571427,0.8571428571428571,0.0004
579,1.5415920615196228,1.5417108535766602,0.36538461538461536,0.8269230769230769,0.21428571428571427,0.8571428571428571,0.0004
580,1.5438209772109985,1.5445821285247803,0.36538461538461536,0.8269230769230769,0.21428571428571427,0.8571428571428571,0.0004
581,1.5417029857635498,1.5491855144500732,0.36538461538461536,0.8269230769230769,0.21428571428571427,0.8571428571428571,0.0004
582,1.5565953254699707,1.5494905710220337,0.36538461538461536,0.8269230769230769,0.21428571428571427,0.8571428571428571,0.0004
583,1.5601805448532104,1.555403709411621,0.36538461538461536,0.8269230769230769,0.21428571428571427,0.8571428571428571,0.0004
584,1.5356072187423706,1.5515856742858887,0.36538461538461536,0.8269230769230769,0.21428571428571427,0.8571428571428571,0.0004
585,1.5368657112121582,1.5522725582122803,0.36538461538461536,0.8269230769230769,0.21428571428571427,0.8571428571428571,0.0004
586,1.5293773412704468,1.5480165481567383,0.36538461538461536,0.8269230769230769,0.21428571428571427,0.8571428571428571,0.0004
587,1.5390088558197021,1.5448212623596191,0.36538461538461536,0.8269230769230769,0.21428571428571427,0.8571428571428571,0.0004
588,1.515968918800354,1.5519094467163086,0.36538461538461536,0.8269230769230769,0.21428571428571427,0.8571428571428571,0.0004
589,1.592228353023529,1.5459210872650146,0.36538461538461536,0.8269230769230769,0.21428571428571427,0.8571428571428571,0.0004
590,1.5617467761039734,1.5556904077529907,0.36538461538461536,0.8269230769230769,0.21428571428571427,0.8571428571428571,0.0004
591,1.5602695941925049,1.541008710861206,0.36538461538461536,0.8269230769230769,0.21428571428571427,0.8571428571428571,0.0004
592,1.5206648111343384,1.5353666543960571,0.36538461538461536,0.8269230769230769,0.21428571428571427,0.8571428571428571,0.0004
593,1.5364258289337158,1.5570796728134155,0.36538461538461536,0.8269230769230769,0.21428571428571427,0.8571428571428571,0.0004
594,1.5448383688926697,1.533950924873352,0.36538461538461536,0.8269230769230769,0.21428571428571427,0.8571428571428571,0.0004
595,1.52857506275177,1.5189018249511719,0.36538461538461536,0.8269230769230769,0.21428571428571427,0.8571428571428571,0.0004
596,1.5249065160751343,1.519680142402649,0.36538461538461536,0.8269230769230769,0.21428571428571427,0.8571428571428571,0.0004
597,1.5844966769218445,1.5236772298812866,0.36538461538461536,0.8269230769230769,0.21428571428571427,0.8571428571428571,0.0004
598,1.5347784757614136,1.5240929126739502,0.36538461538461536,0.8269230769230769,0.21428571428571427,0.8571428571428571,0.0004
599,1.5403479933738708,1.5146195888519287,0.36538461538461536,0.8269230769230769,0.2857142857142857,0.8571428571428571,0.0004
600,1.5136934518814087,1.515218734741211,0.40384615384615385,0.8269230769230769,0.21428571428571427,0.8571428571428571,0.0004
601,1.4938885569572449,1.5178232192993164,0.36538461538461536,0.8269230769230769,0.21428571428571427,0.8571428571428571,0.0004
602,1.5681631565093994,1.5216619968414307,0.36538461538461536,0.8269230769230769,0.21428571428571427,0.8571428571428571,0.0004
603,1.526458501815796,1.5226210355758667,0.36538461538461536,0.8269230769230769,0.21428571428571427,0.8571428571428571,0.0004
604,1.5735125541687012,1.5404201745986938,0.36538461538461536,0.8269230769230769,0.21428571428571427,0.8571428571428571,0.0004
605,1.5545990467071533,1.5211281776428223,0.36538461538461536,0.8269230769230769,0.21428571428571427,0.8571428571428571,0.0004
606,1.5390066504478455,1.5236568450927734,0.36538461538461536,0.8269230769230769,0.21428571428571427,0.8571428571428571,0.0004
607,1.5523452758789062,1.52260422706604,0.36538461538461536,0.8269230769230769,0.21428571428571427,0.8571428571428571,0.0004
608,1.5343437790870667,1.5336073637008667,0.36538461538461536,0.8269230769230769,0.21428571428571427,0.8571428571428571,0.0004
609,1.567950189113617,1.5154988765716553,0.36538461538461536,0.8269230769230769,0.2857142857142857,0.8571428571428571,0.0004
610,1.5181010365486145,1.524638295173645,0.4423076923076923,0.8269230769230769,0.21428571428571427,0.8571428571428571,0.0004
611,1.5086961388587952,1.506873607635498,0.4423076923076923,0.8269230769230769,0.35714285714285715,0.8571428571428571,0.0004
612,1.5359721779823303,1.525867223739624,0.4230769230769231,0.8269230769230769,0.2857142857142857,0.8571428571428571,0.0004
613,1.5475919842720032,1.5275487899780273,0.3269230769230769,0.8269230769230769,0.2857142857142857,0.8571428571428571,0.0004
614,1.5433964729309082,1.5450241565704346,0.40384615384615385,0.8269230769230769,0.21428571428571427,0.8571428571428571,0.0004
615,1.54218190908432,1.5230345726013184,0.46153846153846156,0.8269230769230769,0.2857142857142857,0.8571428571428571,0.0004
616,1.5438007712364197,1.5297939777374268,0.5,0.8269230769230769,0.21428571428571427,0.8571428571428571,0.0004
617,1.5162394642829895,1.5242156982421875,0.40384615384615385,0.8269230769230769,0.21428571428571427,0.8571428571428571,0.0004
618,1.506894588470459,1.5330013036727905,0.36538461538461536,0.8269230769230769,0.21428571428571427,0.8571428571428571,0.0004
619,1.5165026187896729,1.5271499156951904,0.36538461538461536,0.8269230769230769,0.21428571428571427,0.8571428571428571,0.0004
620,1.5421874523162842,1.5276674032211304,0.36538461538461536,0.8269230769230769,0.21428571428571427,0.8571428571428571,0.0004
621,1.5052592158317566,1.529897689819336,0.36538461538461536,0.8269230769230769,0.21428571428571427,0.8571428571428571,0.0004
622,1.4930819272994995,1.5477185249328613,0.36538461538461536,0.8269230769230769,0.21428571428571427,0.8571428571428571,0.0004
623,1.513429343700409,1.548105239868164,0.36538461538461536,0.8269230769230769,0.21428571428571427,0.8571428571428571,0.0004
624,1.5088875889778137,1.5120820999145508,0.36538461538461536,0.8269230769230769,0.21428571428571427,0.8571428571428571,0.0004
625,1.539417326450348,1.529421329498291,0.36538461538461536,0.8269230769230769,0.21428571428571427,0.8571428571428571,0.0004
626,1.5133730173110962,1.5469129085540771,0.40384615384615385,0.8269230769230769,0.2857142857142857,0.8571428571428571,0.0004
627,1.4738118648529053,1.563734769821167,0.4230769230769231,0.8269230769230769,0.14285714285714285,0.8571428571428571,0.0004
628,1.5057194232940674,1.5357590913772583,0.5192307692307693,0.8269230769230769,0.21428571428571427,0.8571428571428571,0.0004
629,1.5168780088424683,1.5893172025680542,0.46153846153846156,0.8269230769230769,0.14285714285714285,0.8571428571428571,0.0004
630,1.467066466808319,1.5287752151489258,0.46153846153846156,0.8269230769230769,0.21428571428571427,0.8571428571428571,0.0004
631,1.4615318179130554,1.5377061367034912,0.4423076923076923,0.8269230769230769,0.21428571428571427,0.8571428571428571,0.0004
632,1.4678859114646912,1.5022861957550049,0.46153846153846156,0.8269230769230769,0.21428571428571427,0.8571428571428571,0.0004
633,1.4772082567214966,1.5122989416122437,0.4423076923076923,0.8269230769230769,0.35714285714285715,0.8571428571428571,0.0004
634,1.527421474456787,1.524726390838623,0.38461538461538464,0.8269230769230769,0.42857142857142855,0.8571428571428571,0.0004
635,1.5319793820381165,1.5098481178283691,0.36538461538461536,0.8269230769230769,0.42857142857142855,0.8571428571428571,0.0004
636,1.535596251487732,1.5276495218276978,0.4230769230769231,0.8269230769230769,0.35714285714285715,0.8571428571428571,0.0004
637,1.5322375297546387,1.5472010374069214,0.38461538461538464,0.8269230769230769,0.2857142857142857,0.8571428571428571,0.0004
638,1.4882108569145203,1.5450220108032227,0.4230769230769231,0.8269230769230769,0.21428571428571427,0.8571428571428571,0.0004
639,1.5031241178512573,1.5530436038970947,0.4423076923076923,0.8269230769230769,0.21428571428571427,0.8571428571428571,0.0004
640,1.5103355050086975,1.5454310178756714,0.36538461538461536,0.8269230769230769,0.21428571428571427,0.8571428571428571,0.0004
641,1.5073585510253906,1.569692850112915,0.36538461538461536,0.8269230769230769,0.21428571428571427,0.8571428571428571,0.0004
642,1.5086035132408142,1.5575461387634277,0.36538461538461536,0.8269230769230769,0.21428571428571427,0.8571428571428571,0.0004
643,1.5261950492858887,1.5319788455963135,0.36538461538461536,0.8269230769230769,0.21428571428571427,0.8571428571428571,0.0004
644,1.4828477501869202,1.5708732604980469,0.36538461538461536,0.8269230769230769,0.21428571428571427,0.8571428571428571,0.0004
645,1.4952686429023743,1.4942491054534912,0.36538461538461536,0.8269230769230769,0.21428571428571427,0.8571428571428571,0.0004
646,1.4865955710411072,1.522363543510437,0.36538461538461536,0.8269230769230769,0.21428571428571427,0.8571428571428571,0.0004
647,1.5214884281158447,1.54654061794281,0.4230769230769231,0.8269230769230769,0.2857142857142857,0.8571428571428571,0.0004
648,1.4912115931510925,1.469756007194519,0.5,0.8269230769230769,0.2857142857142857,0.8571428571428571,0.0004
649,1.4908707737922668,1.5147526264190674,0.40384615384615385,0.8269230769230769,0.21428571428571427,0.8571428571428571,0.0004
650,1.440089225769043,1.4710925817489624,0.4807692307692308,0.8269230769230769,0.2857142857142857,0.8571428571428571,0.0004
651,1.4538626670837402,1.5210283994674683,0.38461538461538464,0.8269230769230769,0.2857142857142857,0.8571428571428571,0.0004
652,1.4804641604423523,1.5407789945602417,0.40384615384615385,0.8269230769230769,0.21428571428571427,0.8571428571428571,0.0004
653,1.4347326755523682,1.4975335597991943,0.4423076923076923,0.8269230769230769,0.2857142857142857,0.8571428571428571,0.0004
654,1.40920752286911,1.5885589122772217,0.4807692307692308,0.8269230769230769,0.14285714285714285,0.8571428571428571,0.0004
655,1.3951431512832642,1.6142572164535522,0.5,0.8269230769230769,0.14285714285714285,0.8571428571428571,0.0004
656,1.4371176958084106,1.588953971862793,0.4230769230769231,0.8269230769230769,0.2857142857142857,0.8571428571428571,0.0004
657,1.4585251212120056,1.563058614730835,0.40384615384615385,0.8269230769230769,0.2857142857142857,0.8571428571428571,0.0004
658,1.4633669257164001,1.4330642223358154,0.4423076923076923,0.8269230769230769,0.42857142857142855,0.8571428571428571,0.0004
659,1.3944530487060547,1.513461709022522,0.5,0.8269230769230769,0.21428571428571427,0.8571428571428571,0.0004
660,1.4110479354858398,1.442671298980713,0.4230769230769231,0.8269230769230769,0.2857142857142857,0.8571428571428571,0.0004
661,1.410901427268982,1.5556085109710693,0.4807692307692308,0.8269230769230769,0.21428571428571427,0.8571428571428571,0.0004
662,1.4429640769958496,1.6020292043685913,0.4230769230769231,0.8269230769230769,0.21428571428571427,0.8571428571428571,0.0004
663,1.4542335271835327,1.535475254058838,0.46153846153846156,0.8269230769230769,0.21428571428571427,0.8571428571428571,0.0004
664,1.388831615447998,1.5240139961242676,0.46153846153846156,0.8269230769230769,0.21428571428571427,0.8571428571428571,0.0004
665,1.3727314472198486,1.5165154933929443,0.46153846153846156,0.8269230769230769,0.2857142857142857,0.8571428571428571,0.0004
666,1.353810429573059,1.5325515270233154,0.4230769230769231,0.8269230769230769,0.14285714285714285,0.8571428571428571,0.0004
667,1.3730586767196655,1.6055065393447876,0.4230769230769231,0.8269230769230769,0.21428571428571427,0.8571428571428571,0.0004
668,1.3201729655265808,1.5942027568817139,0.5,0.8269230769230769,0.21428571428571427,0.8571428571428571,0.0004
669,1.3747247457504272,1.470795750617981,0.4807692307692308,0.8269230769230769,0.2857142857142857,0.8571428571428571,0.0004
670,1.4917142391204834,1.4232418537139893,0.4230769230769231,0.8269230769230769,0.2857142857142857,0.8571428571428571,0.0004
671,1.5248408913612366,1.5341966152191162,0.40384615384615385,0.8269230769230769,0.21428571428571427,0.8571428571428571,0.0004
672,1.5060580968856812,1.4854564666748047,0.46153846153846156,0.8269230769230769,0.21428571428571427,0.8571428571428571,0.0004
673,1.3827658891677856,1.6022775173187256,0.4423076923076923,0.8269230769230769,0.2857142857142857,0.8571428571428571,0.0004
674,1.5335189700126648,1.6450612545013428,0.40384615384615385,0.8269230769230769,0.35714285714285715,0.8571428571428571,0.0004
675,1.4895001649856567,1.5031564235687256,0.46153846153846156,0.8269230769230769,0.35714285714285715,0.8571428571428571,0.0004
676,1.4335830807685852,1.5842235088348389,0.4230769230769231,0.8269230769230769,0.35714285714285715,0.8571428571428571,0.0004
677,1.3700849413871765,1.46949303150177,0.4423076923076923,0.8269230769230769,0.2857142857142857,0.8571428571428571,0.0004
678,1.4489734172821045,1.7118021249771118,0.4230769230769231,0.8269230769230769,0.21428571428571427,0.8571428571428571,0.0004
679,1.4665259718894958,1.5900667905807495,0.40384615384615385,0.8269230769230769,0.21428571428571427,0.8571428571428571,0.0004
680,1.442063570022583,1.5858575105667114,0.40384615384615385,0.8269230769230769,0.2857142857142857,0.8571428571428571,0.0004
681,1.420023500919342,1.809516429901123,0.4423076923076923,0.8269230769230769,0.14285714285714285,0.8571428571428571,0.0004
682,1.402407467365265,1.6859850883483887,0.4230769230769231,0.8269230769230769,0.2857142857142857,0.8571428571428571,0.0004
683,1.394207239151001,1.5805044174194336,0.40384615384615385,0.8269230769230769,0.2857142857142857,0.8571428571428571,0.0004
684,1.376666009426117,1.5509793758392334,0.4423076923076923,0.8269230769230769,0.2857142857142857,0.8571428571428571,0.0004
685,1.325788974761963,1.59614896774292,0.46153846153846156,0.8269230769230769,0.2857142857142857,0.8571428571428571,0.0004
686,1.3248159289360046,1.5247511863708496,0.4230769230769231,0.8269230769230769,0.2857142857142857,0.8571428571428571,0.0004
687,1.3692676424980164,1.6107374429702759,0.46153846153846156,0.8269230769230769,0.21428571428571427,0.8571428571428571,0.0004
688,1.4000283479690552,1.7757006883621216,0.4423076923076923,0.8269230769230769,0.14285714285714285,0.8571428571428571,0.0004
689,1.3256105780601501,1.5332727432250977,0.46153846153846156,0.8269230769230769,0.2857142857142857,0.8571428571428571,0.0004
690,1.3870987296104431,1.6150977611541748,0.4423076923076923,0.8269230769230769,0.2857142857142857,0.8571428571428571,0.0004
691,1.3760010600090027,1.6009011268615723,0.4230769230769231,0.8269230769230769,0.21428571428571427,0.8571428571428571,0.0004
692,1.4171038269996643,1.515228033065796,0.36538461538461536,0.8269230769230769,0.2857142857142857,0.8571428571428571,0.0004
693,1.4140955805778503,1.734096646308899,0.4230769230769231,0.8269230769230769,0.14285714285714285,0.8571428571428571,0.0004
694,1.2607144713401794,1.7946046590805054,0.46153846153846156,0.8269230769230769,0.21428571428571427,0.8571428571428571,0.0004
695,1.3884854912757874,1.614039659500122,0.4807692307692308,0.8269230769230769,0.2857142857142857,0.7857142857142857,0.0004
696,1.3731812834739685,1.7656385898590088,0.4230769230769231,0.8653846153846154,0.21428571428571427,0.7857142857142857,0.0004
697,1.44138765335083,1.8703536987304688,0.38461538461538464,0.8653846153846154,0.21428571428571427,0.7142857142857143,0.0004
698,1.3823124170303345,1.742464542388916,0.40384615384615385,0.8076923076923077,0.2857142857142857,0.7142857142857143,0.0004
699,1.375351071357727,1.7128698825836182,0.4423076923076923,0.8461538461538461,0.2857142857142857,0.6428571428571429,0.0004
700,1.374580442905426,1.69283926486969,0.46153846153846156,0.8461538461538461,0.2857142857142857,0.8571428571428571,0.0004
701,1.3868434429168701,1.714750051498413,0.4230769230769231,0.8653846153846154,0.21428571428571427,0.8571428571428571,0.0004
702,1.4264360070228577,1.5335427522659302,0.40384615384615385,0.8269230769230769,0.2857142857142857,0.8571428571428571,0.0004
703,1.3823439478874207,1.6750614643096924,0.46153846153846156,0.8269230769230769,0.2857142857142857,0.8571428571428571,0.0004
704,1.46874338388443,1.6290442943572998,0.4230769230769231,0.8269230769230769,0.21428571428571427,0.8571428571428571,0.0004
705,1.3485199213027954,1.7805812358856201,0.4230769230769231,0.8269230769230769,0.14285714285714285,0.7857142857142857,0.0004
706,1.4378585815429688,1.4384657144546509,0.38461538461538464,0.7884615384615384,0.2857142857142857,0.9285714285714286,0.0004
707,1.4778831005096436,1.5314297676086426,0.38461538461538464,0.8269230769230769,0.42857142857142855,0.7857142857142857,0.0004
708,1.3662074208259583,1.3979811668395996,0.4230769230769231,0.9423076923076923,0.42857142857142855,0.8571428571428571,0.0004
709,1.4606235027313232,1.5735843181610107,0.38461538461538464,0.8461538461538461,0.2857142857142857,0.8571428571428571,0.0004
710,1.4861222505569458,1.569832682609558,0.4230769230769231,0.8269230769230769,0.21428571428571427,0.8571428571428571,0.0004
711,1.4234632849693298,1.6789175271987915,0.4230769230769231,0.8269230769230769,0.21428571428571427,0.8571428571428571,0.0004
712,1.3889737129211426,1.6070184707641602,0.4807692307692308,0.8269230769230769,0.2857142857142857,0.8571428571428571,0.0004
713,1.3526901602745056,1.6244078874588013,0.4423076923076923,0.8269230769230769,0.21428571428571427,0.8571428571428571,0.0004
714,1.3712904453277588,1.537848949432373,0.40384615384615385,0.8269230769230769,0.21428571428571427,0.8571428571428571,0.0004
715,1.406347930431366,1.5320863723754883,0.46153846153846156,0.8269230769230769,0.42857142857142855,0.8571428571428571,0.0004
716,1.33986234664917,1.778604507446289,0.4423076923076923,0.8269230769230769,0.21428571428571427,0.8571428571428571,0.0004
717,1.3908655047416687,1.7585569620132446,0.40384615384615385,0.8269230769230769,0.14285714285714285,0.8571428571428571,0.0004
718,1.3260202407836914,1.6723113059997559,0.46153846153846156,0.8269230769230769,0.21428571428571427,0.8571428571428571,0.0004
719,1.3795878291130066,1.7165921926498413,0.40384615384615385,0.8269230769230769,0.21428571428571427,0.7857142857142857,0.0004
720,1.234091877937317,1.4655150175094604,0.5192307692307693,0.8846153846153846,0.35714285714285715,0.8571428571428571,0.0004
721,1.366974949836731,1.8071110248565674,0.4230769230769231,0.8076923076923077,0.2857142857142857,0.7857142857142857,0.0004
722,1.5291239023208618,1.7390782833099365,0.4230769230769231,0.6923076923076923,0.35714285714285715,0.5,0.0004
723,1.5263546705245972,1.6742198467254639,0.40384615384615385,0.6923076923076923,0.35714285714285715,0.5714285714285714,0.0004
724,1.7261813282966614,1.4090211391448975,0.40384615384615385,0.5384615384615384,0.35714285714285715,0.7857142857142857,0.0004
725,1.5010871887207031,1.8549134731292725,0.4423076923076923,0.6923076923076923,0.21428571428571427,0.5714285714285714,0.0004
726,1.2982764840126038,1.531722903251648,0.4423076923076923,0.8846153846153846,0.2857142857142857,0.8571428571428571,0.0004
727,1.314313530921936,1.7200895547866821,0.4807692307692308,0.8461538461538461,0.14285714285714285,0.8571428571428571,0.0004
728,1.4941570162773132,1.6236917972564697,0.40384615384615385,0.8076923076923077,0.2857142857142857,0.8571428571428571,0.0004
729,1.4927623867988586,1.6538995504379272,0.4230769230769231,0.8269230769230769,0.35714285714285715,0.8571428571428571,0.0004
730,1.2645164728164673,1.5859674215316772,0.4807692307692308,0.8461538461538461,0.21428571428571427,0.7857142857142857,0.0004
731,1.379929542541504,1.5020420551300049,0.38461538461538464,0.8461538461538461,0.35714285714285715,0.7857142857142857,0.0004
732,1.3963673114776611,1.7494864463806152,0.4230769230769231,0.8076923076923077,0.2857142857142857,0.8571428571428571,0.0004
733,1.4664629697799683,1.6211450099945068,0.36538461538461536,0.9038461538461539,0.2857142857142857,0.9285714285714286,0.0004
734,1.3972455263137817,1.865335464477539,0.4230769230769231,0.8653846153846154,0.2857142857142857,0.8571428571428571,0.0004
735,1.3033504486083984,1.8774522542953491,0.5,0.8269230769230769,0.21428571428571427,0.8571428571428571,0.0004
736,1.3426560163497925,1.6687897443771362,0.4423076923076923,0.8269230769230769,0.2857142857142857,0.8571428571428571,0.0004
737,1.3186742067337036,1.5940451622009277,0.4807692307692308,0.8269230769230769,0.2857142857142857,0.8571428571428571,0.0004
738,1.2511097192764282,1.583690881729126,0.46153846153846156,0.8269230769230769,0.2857142857142857,0.8571428571428571,0.0004
739,1.3393574357032776,1.9391469955444336,0.4423076923076923,0.8461538461538461,0.21428571428571427,0.7857142857142857,0.0004
740,1.336074709892273,1.67327082157135,0.4423076923076923,0.8461538461538461,0.2857142857142857,0.8571428571428571,0.0004
741,1.2550344467163086,1.4920783042907715,0.4423076923076923,0.8846153846153846,0.2857142857142857,0.9285714285714286,0.0004
742,1.3121145367622375,1.6392420530319214,0.46153846153846156,0.8846153846153846,0.21428571428571427,0.8571428571428571,0.0004
743,1.2436594367027283,1.4725165367126465,0.4807692307692308,0.9230769230769231,0.2857142857142857,0.8571428571428571,0.0004
744,1.359014630317688,1.755129098892212,0.4423076923076923,0.8846153846153846,0.21428571428571427,0.8571428571428571,0.0004
745,1.3507922291755676,1.5103306770324707,0.4807692307692308,0.9230769230769231,0.2857142857142857,0.8571428571428571,0.0004
746,1.2158113718032837,1.586209774017334,0.5,0.9423076923076923,0.2857142857142857,0.7857142857142857,0.0004
747,1.4342445731163025,1.643320083618164,0.4230769230769231,0.8076923076923077,0.2857142857142857,0.7857142857142857,0.0004
748,1.246955394744873,1.705120325088501,0.4423076923076923,0.8846153846153846,0.35714285714285715,0.6428571428571429,0.0004
749,1.3951945900917053,1.7783771753311157,0.4230769230769231,0.7884615384615384,0.21428571428571427,0.6428571428571429,0.0004
750,1.3571062684059143,1.8019905090332031,0.46153846153846156,0.7884615384615384,0.2857142857142857,0.5714285714285714,0.0004
751,1.4502801895141602,1.7891721725463867,0.4230769230769231,0.75,0.21428571428571427,0.6428571428571429,0.0004
752,1.4368122220039368,1.825545072555542,0.4230769230769231,0.7692307692307693,0.2857142857142857,0.5714285714285714,0.0004
753,1.3935966491699219,1.9118907451629639,0.46153846153846156,0.75,0.21428571428571427,0.5714285714285714,0.0004
754,1.2515884637832642,1.8305617570877075,0.4807692307692308,0.8846153846153846,0.21428571428571427,0.6428571428571429,0.0004
755,1.312419831752777,1.5783319473266602,0.4423076923076923,0.8461538461538461,0.2857142857142857,0.8571428571428571,0.0004
756,1.269830346107483,1.9170763492584229,0.46153846153846156,0.8653846153846154,0.21428571428571427,0.5714285714285714,0.0004
757,1.3966830968856812,1.624265432357788,0.4230769230769231,0.8076923076923077,0.2857142857142857,0.8571428571428571,0.0004
758,1.3214061260223389,1.672168493270874,0.4807692307692308,0.8846153846153846,0.2857142857142857,0.8571428571428571,0.0004
759,1.2824143767356873,1.6029223203659058,0.46153846153846156,0.9230769230769231,0.2857142857142857,0.7857142857142857,0.0004
760,1.4423819184303284,1.8054207563400269,0.46153846153846156,0.9230769230769231,0.21428571428571427,0.8571428571428571,0.0004
761,1.319426715373993,1.8074874877929688,0.4807692307692308,0.9038461538461539,0.21428571428571427,0.8571428571428571,0.0004
762,1.6930338144302368,1.7825758457183838,0.4230769230769231,0.8461538461538461,0.21428571428571427,0.8571428571428571,0.0004
763,1.868351697921753,1.7512476444244385,0.36538461538461536,0.8269230769230769,0.21428571428571427,0.8571428571428571,0.0004
764,1.7750173807144165,1.7681822776794434,0.36538461538461536,0.8269230769230769,0.21428571428571427,0.7857142857142857,0.0004
765,1.6242789030075073,1.62356436252594,0.40384615384615385,0.8461538461538461,0.21428571428571427,0.8571428571428571,0.0004
766,1.457040250301361,1.3804123401641846,0.4230769230769231,0.8461538461538461,0.2857142857142857,0.9285714285714286,0.0004
767,1.2967810034751892,1.5640000104904175,0.46153846153846156,0.9423076923076923,0.35714285714285715,0.8571428571428571,0.0004
768,1.3295267820358276,1.4488050937652588,0.36538461538461536,0.8846153846153846,0.35714285714285715,0.8571428571428571,0.0004
769,1.3647666573524475,1.578729510307312,0.36538461538461536,0.9038461538461539,0.2857142857142857,0.7857142857142857,0.0004
770,1.3740270137786865,1.4610168933868408,0.3269230769230769,0.8846153846153846,0.42857142857142855,0.9285714285714286,0.0004
771,1.3386541604995728,1.569278359413147,0.36538461538461536,0.9230769230769231,0.42857142857142855,0.7857142857142857,0.0004
772,1.3218691945075989,1.5998034477233887,0.34615384615384615,0.9038461538461539,0.42857142857142855,0.7857142857142857,0.0004
773,1.3833300471305847,1.6800668239593506,0.40384615384615385,0.9230769230769231,0.35714285714285715,0.7142857142857143,0.0004
774,1.3757941126823425,1.5475882291793823,0.38461538461538464,0.8846153846153846,0.42857142857142855,0.7857142857142857,0.0004
775,1.4800835251808167,1.5558034181594849,0.38461538461538464,0.8076923076923077,0.2857142857142857,0.7857142857142857,0.0004
776,1.5228580832481384,1.7827272415161133,0.40384615384615385,0.8076923076923077,0.21428571428571427,0.6428571428571429,0.0004
777,1.4327222108840942,1.547477126121521,0.40384615384615385,0.7884615384615384,0.2857142857142857,0.7857142857142857,0.0004
778,1.4029276371002197,1.6380798816680908,0.4423076923076923,0.8269230769230769,0.21428571428571427,0.7142857142857143,0.0004
779,1.2946863174438477,1.6291189193725586,0.4230769230769231,0.8653846153846154,0.35714285714285715,0.7142857142857143,0.0004
780,1.4522468447685242,1.6979715824127197,0.40384615384615385,0.7884615384615384,0.21428571428571427,0.7857142857142857,0.0004
781,1.3511452674865723,1.6930347681045532,0.4423076923076923,0.8653846153846154,0.21428571428571427,0.7857142857142857,0.0004
782,1.274696409702301,1.7120610475540161,0.4423076923076923,0.8846153846153846,0.21428571428571427,0.7857142857142857,0.0004
783,1.4438787698745728,1.6140921115875244,0.4423076923076923,0.7884615384615384,0.2857142857142857,0.8571428571428571,0.0004
784,1.3256239891052246,1.6816294193267822,0.46153846153846156,0.8269230769230769,0.21428571428571427,0.8571428571428571,0.0004
785,1.246070683002472,1.707858920097351,0.5192307692307693,0.8269230769230769,0.21428571428571427,0.8571428571428571,0.0004
786,1.377159595489502,1.6260713338851929,0.40384615384615385,0.8269230769230769,0.21428571428571427,0.8571428571428571,0.0004
787,1.4120116829872131,1.5852526426315308,0.4423076923076923,0.8269230769230769,0.2857142857142857,0.8571428571428571,0.0004
788,1.3385208249092102,1.5718646049499512,0.4423076923076923,0.8269230769230769,0.21428571428571427,0.8571428571428571,0.0004
789,1.3178229331970215,1.7080388069152832,0.46153846153846156,0.8269230769230769,0.21428571428571427,0.8571428571428571,0.0004
790,1.3219957947731018,1.537635326385498,0.4423076923076923,0.8269230769230769,0.2857142857142857,0.8571428571428571,0.0004
791,1.2933775186538696,1.6646888256072998,0.46153846153846156,0.8269230769230769,0.2857142857142857,0.8571428571428571,0.0004
792,1.3283304572105408,1.5492342710494995,0.4423076923076923,0.8269230769230769,0.21428571428571427,0.8571428571428571,0.0004
793,1.3275750875473022,1.6775543689727783,0.4230769230769231,0.8269230769230769,0.21428571428571427,0.8571428571428571,0.0004
794,1.3082518577575684,1.699751853942871,0.40384615384615385,0.8269230769230769,0.21428571428571427,0.8571428571428571,0.0004
795,1.2811285853385925,1.6630516052246094,0.5,0.8269230769230769,0.14285714285714285,0.8571428571428571,0.0004
796,1.3810853958129883,1.6662038564682007,0.4230769230769231,0.8461538461538461,0.2857142857142857,0.8571428571428571,0.0004
797,1.221472978591919,1.5280230045318604,0.4807692307692308,0.8269230769230769,0.2857142857142857,0.8571428571428571,0.0004
798,1.335218906402588,1.4860570430755615,0.4423076923076923,0.9230769230769231,0.2857142857142857,0.8571428571428571,0.0004
799,1.350221872329712,1.6480439901351929,0.4423076923076923,0.8461538461538461,0.2857142857142857,0.7142857142857143,0.0004
800,1.330304205417633,1.5577104091644287,0.46153846153846156,0.8653846153846154,0.2857142857142857,0.8571428571428571,0.0004
801,1.3604873418807983,1.6754263639450073,0.4230769230769231,0.8653846153846154,0.21428571428571427,0.7142857142857143,0.0004
802,1.3525826334953308,1.3996529579162598,0.4423076923076923,0.8653846153846154,0.2857142857142857,0.9285714285714286,0.0004
803,1.425709068775177,1.7690261602401733,0.46153846153846156,0.8653846153846154,0.14285714285714285,0.7857142857142857,0.0004
804,1.2431472539901733,1.7317466735839844,0.46153846153846156,0.9230769230769231,0.21428571428571427,0.8571428571428571,0.0004
805,1.5272201299667358,1.6457114219665527,0.40384615384615385,0.8461538461538461,0.21428571428571427,0.8571428571428571,0.0004
806,1.3289697766304016,1.4648566246032715,0.4807692307692308,0.9038461538461539,0.2857142857142857,0.8571428571428571,0.0004
807,1.3577978610992432,1.7570244073867798,0.4230769230769231,0.8846153846153846,0.14285714285714285,0.7142857142857143,0.0004
808,1.1970857977867126,1.6869924068450928,0.4807692307692308,0.9230769230769231,0.21428571428571427,0.7142857142857143,0.0004
809,1.27369886636734,1.608083963394165,0.46153846153846156,0.9038461538461539,0.2857142857142857,0.7857142857142857,0.0004
810,1.2771660089492798,1.5219776630401611,0.4423076923076923,0.8846153846153846,0.21428571428571427,0.8571428571428571,0.0004
811,1.2282379269599915,1.3587311506271362,0.4423076923076923,0.9038461538461539,0.2857142857142857,0.9285714285714286,0.0004
812,1.2591646909713745,1.681302547454834,0.4807692307692308,0.9230769230769231,0.21428571428571427,0.8571428571428571,0.0004
813,1.276431381702423,1.4476122856140137,0.46153846153846156,0.9038461538461539,0.2857142857142857,0.9285714285714286,0.0004
814,1.1621004343032837,1.5841591358184814,0.46153846153846156,0.9615384615384616,0.21428571428571427,0.7857142857142857,0.0004
815,1.3020758032798767,1.8502368927001953,0.46153846153846156,0.8269230769230769,0.14285714285714285,0.7142857142857143,0.0004
816,1.37214195728302,1.8452014923095703,0.4423076923076923,0.8269230769230769,0.14285714285714285,0.6428571428571429,0.0004
817,1.4488521814346313,1.8406190872192383,0.4230769230769231,0.8076923076923077,0.07142857142857142,0.7142857142857143,0.0004
818,1.337851643562317,1.7181482315063477,0.46153846153846156,0.8461538461538461,0.21428571428571427,0.7857142857142857,0.0004
819,1.3701782822608948,1.7535501718521118,0.4230769230769231,0.7692307692307693,0.35714285714285715,0.6428571428571429,0.0004
820,1.36190527677536,1.839149832725525,0.46153846153846156,0.8076923076923077,0.2857142857142857,0.5714285714285714,0.0004
821,1.430351734161377,1.89231538772583,0.4423076923076923,0.8269230769230769,0.21428571428571427,0.5714285714285714,0.0004
822,1.3198452591896057,1.5267904996871948,0.40384615384615385,0.8269230769230769,0.35714285714285715,0.7142857142857143,0.0004
823,1.4891080856323242,1.8488998413085938,0.40384615384615385,0.7692307692307693,0.21428571428571427,0.6428571428571429,0.0004
824,1.491981327533722,1.6249961853027344,0.38461538461538464,0.7115384615384616,0.21428571428571427,0.8571428571428571,0.0004
825,1.2862887382507324,1.756960153579712,0.4807692307692308,0.8461538461538461,0.21428571428571427,0.6428571428571429,0.0004
826,1.2708086371421814,1.3769556283950806,0.46153846153846156,0.8653846153846154,0.35714285714285715,0.8571428571428571,0.0004
827,1.2637301087379456,1.7487951517105103,0.4423076923076923,0.8653846153846154,0.21428571428571427,0.7142857142857143,0.0004
828,1.2609511613845825,1.6305629014968872,0.4423076923076923,0.8653846153846154,0.2857142857142857,0.7857142857142857,0.0004
829,1.192281186580658,1.7257592678070068,0.5192307692307693,0.9423076923076923,0.21428571428571427,0.7857142857142857,0.0004
830,1.335944652557373,1.6638683080673218,0.46153846153846156,0.8846153846153846,0.21428571428571427,0.8571428571428571,0.0004
831,1.1579143404960632,1.8775417804718018,0.5,0.9038461538461539,0.21428571428571427,0.7142857142857143,0.0004
832,1.3403019309043884,1.8337693214416504,0.46153846153846156,0.8076923076923077,0.21428571428571427,0.7142857142857143,0.0004
833,1.322176218032837,1.8538542985916138,0.4423076923076923,0.8269230769230769,0.14285714285714285,0.8571428571428571,0.0004
834,1.2395966053009033,1.623390793800354,0.4423076923076923,0.9230769230769231,0.21428571428571427,0.7857142857142857,0.0004
835,1.3394885659217834,1.84694504737854,0.40384615384615385,0.8653846153846154,0.14285714285714285,0.7857142857142857,0.0004
836,1.2921819686889648,1.611037254333496,0.46153846153846156,0.8076923076923077,0.2857142857142857,0.8571428571428571,0.0004
837,1.2494871020317078,1.6550800800323486,0.4807692307692308,0.8846153846153846,0.21428571428571427,0.7857142857142857,0.0004
838,1.3684027791023254,1.8953771591186523,0.40384615384615385,0.8653846153846154,0.14285714285714285,0.7857142857142857,0.0004
839,1.3008803725242615,1.5633207559585571,0.40384615384615385,0.8269230769230769,0.21428571428571427,0.7857142857142857,0.0004
840,1.251938283443451,1.629044532775879,0.4807692307692308,0.8846153846153846,0.2857142857142857,0.8571428571428571,0.0004
841,1.2624818086624146,1.575289011001587,0.4807692307692308,0.8653846153846154,0.21428571428571427,0.8571428571428571,0.0004
842,1.329537808895111,1.5829391479492188,0.4423076923076923,0.8269230769230769,0.21428571428571427,0.8571428571428571,0.0004
843,1.1961753964424133,1.5880203247070312,0.4423076923076923,0.9423076923076923,0.2857142857142857,0.7142857142857143,0.0004
844,1.3436704277992249,1.5816460847854614,0.4423076923076923,0.8076923076923077,0.21428571428571427,0.8571428571428571,0.0004
845,1.2732807397842407,1.8121916055679321,0.46153846153846156,0.8653846153846154,0.14285714285714285,0.8571428571428571,0.0004
846,1.2414089441299438,1.5076615810394287,0.4807692307692308,0.8846153846153846,0.2857142857142857,0.8571428571428571,0.0004
847,1.3179429769515991,1.803248643875122,0.4807692307692308,0.8846153846153846,0.21428571428571427,0.8571428571428571,0.0004
848,1.3230424523353577,1.6399508714675903,0.46153846153846156,0.8461538461538461,0.2857142857142857,0.7857142857142857,0.0004
849,1.2277407050132751,1.8496475219726562,0.46153846153846156,0.8846153846153846,0.14285714285714285,0.7142857142857143,0.0004
850,1.2550377249717712,1.6911756992340088,0.4807692307692308,0.9038461538461539,0.14285714285714285,0.6428571428571429,0.0004
851,1.2261978387832642,1.7637962102890015,0.4230769230769231,0.9038461538461539,0.21428571428571427,0.5714285714285714,0.0004
852,1.408592700958252,1.6471209526062012,0.4807692307692308,0.7307692307692307,0.35714285714285715,0.5,0.0004
853,1.7089840769767761,1.6746423244476318,0.34615384615384615,0.6346153846153846,0.35714285714285715,0.5714285714285714,0.0004
854,1.6028005480766296,1.5446463823318481,0.4230769230769231,0.5961538461538461,0.35714285714285715,0.5,0.0004
855,1.5003437399864197,1.7501375675201416,0.4230769230769231,0.6346153846153846,0.21428571428571427,0.6428571428571429,0.0004
856,1.5983973145484924,1.7579994201660156,0.4423076923076923,0.6153846153846154,0.2857142857142857,0.5714285714285714,0.0004
857,1.4284417033195496,1.763617753982544,0.40384615384615385,0.7307692307692307,0.21428571428571427,0.6428571428571429,0.0004
858,1.3075321912765503,1.5628068447113037,0.5,0.8846153846153846,0.21428571428571427,0.8571428571428571,0.0004
859,1.3656880259513855,1.5644011497497559,0.4423076923076923,0.8269230769230769,0.2857142857142857,0.9285714285714286,0.0004
860,1.3140326738357544,1.6024821996688843,0.40384615384615385,0.8653846153846154,0.2857142857142857,0.8571428571428571,0.0004
861,1.3968766927719116,1.607952356338501,0.4423076923076923,0.8269230769230769,0.21428571428571427,0.8571428571428571,0.0004
862,1.2764419913291931,1.6309925317764282,0.4423076923076923,0.8269230769230769,0.21428571428571427,0.8571428571428571,0.0004
863,1.3405081033706665,1.6724871397018433,0.4423076923076923,0.8269230769230769,0.21428571428571427,0.8571428571428571,0.0004
864,1.27637779712677,1.51912522315979,0.4807692307692308,0.8269230769230769,0.2857142857142857,0.8571428571428571,0.0004
865,1.296283483505249,1.6876469850540161,0.4807692307692308,0.8269230769230769,0.2857142857142857,0.8571428571428571,0.0004
866,1.471713662147522,1.8117294311523438,0.4807692307692308,0.8269230769230769,0.21428571428571427,0.8571428571428571,0.0004
867,1.2164362668991089,1.5329267978668213,0.46153846153846156,0.8269230769230769,0.2857142857142857,0.8571428571428571,0.0004
868,1.269383192062378,1.6184030771255493,0.5384615384615384,0.8269230769230769,0.21428571428571427,0.8571428571428571,0.0004
869,1.3193824887275696,1.5235369205474854,0.46153846153846156,0.8269230769230769,0.21428571428571427,0.7857142857142857,0.0004
870,1.2359822392463684,1.6667633056640625,0.4807692307692308,0.9038461538461539,0.21428571428571427,0.7857142857142857,0.0004
871,1.2018564343452454,1.6449706554412842,0.4807692307692308,0.9038461538461539,0.2857142857142857,0.7142857142857143,0.0004
872,1.2855511903762817,1.6757861375808716,0.4807692307692308,0.9230769230769231,0.2857142857142857,0.7857142857142857,0.0004
873,1.157492995262146,1.442607045173645,0.5,0.9615384615384616,0.2857142857142857,0.8571428571428571,0.0004
874,1.234114944934845,1.621515154838562,0.5,0.8846153846153846,0.21428571428571427,0.8571428571428571,0.0004
875,1.3456899523735046,1.380144715309143,0.4423076923076923,0.9038461538461539,0.2857142857142857,0.9285714285714286,0.0004
876,1.192466378211975,1.6712923049926758,0.5192307692307693,0.9615384615384616,0.21428571428571427,0.7857142857142857,0.0004
877,1.1948516368865967,1.4406516551971436,0.5576923076923077,0.9230769230769231,0.2857142857142857,0.9285714285714286,0.0004
878,1.2013235092163086,1.6370019912719727,0.46153846153846156,0.9423076923076923,0.21428571428571427,0.8571428571428571,0.0004
879,1.1835650205612183,1.468311071395874,0.5,0.9423076923076923,0.35714285714285715,0.9285714285714286,0.0004
880,1.2162633538246155,1.7463634014129639,0.5,0.9230769230769231,0.14285714285714285,0.8571428571428571,0.0004
881,1.263221263885498,1.5814330577850342,0.4423076923076923,0.9615384615384616,0.2857142857142857,0.8571428571428571,0.0004
882,1.2588983178138733,1.654977798461914,0.5,0.8846153846153846,0.21428571428571427,0.7857142857142857,0.0004
883,1.2794492840766907,1.5593782663345337,0.46153846153846156,0.9038461538461539,0.2857142857142857,0.8571428571428571,0.0004
884,1.209655225276947,1.5830798149108887,0.4423076923076923,0.9423076923076923,0.21428571428571427,0.7857142857142857,0.0004
885,1.277648687362671,1.4079210758209229,0.46153846153846156,0.8846153846153846,0.21428571428571427,0.9285714285714286,0.0004
886,1.206680417060852,1.5591195821762085,0.46153846153846156,0.9038461538461539,0.14285714285714285,0.8571428571428571,0.0004
887,1.285299301147461,1.3630183935165405,0.5,0.9230769230769231,0.21428571428571427,0.8571428571428571,0.0004
888,1.1063746809959412,1.5259835720062256,0.5192307692307693,0.9615384615384616,0.21428571428571427,0.8571428571428571,0.0004
889,1.3330470323562622,1.4338032007217407,0.4807692307692308,0.8653846153846154,0.2857142857142857,0.8571428571428571,0.0004
890,1.138877272605896,1.6549410820007324,0.4807692307692308,0.9423076923076923,0.21428571428571427,0.7857142857142857,0.0004
891,1.163702517747879,1.6444705724716187,0.5384615384615384,0.8846153846153846,0.35714285714285715,0.7142857142857143,0.0004
892,1.2409727573394775,1.7685099840164185,0.4230769230769231,0.9230769230769231,0.21428571428571427,0.7142857142857143,0.0004
893,1.2824861407279968,1.8452785015106201,0.46153846153846156,0.8461538461538461,0.21428571428571427,0.7142857142857143,0.0004
894,1.1908111572265625,1.8737163543701172,0.4807692307692308,0.9038461538461539,0.21428571428571427,0.7857142857142857,0.0004
895,1.2968351244926453,1.7040735483169556,0.4423076923076923,0.8653846153846154,0.21428571428571427,0.7857142857142857,0.0004
896,1.1733454465866089,1.845947504043579,0.46153846153846156,0.9615384615384616,0.2857142857142857,0.7142857142857143,0.0004
897,1.1458469033241272,2.0936005115509033,0.5,0.9230769230769231,0.21428571428571427,0.6428571428571429,0.0004
898,1.1870163679122925,1.8577991724014282,0.5,0.9230769230769231,0.21428571428571427,0.8571428571428571,0.0004
899,1.2845968008041382,1.781495213508606,0.46153846153846156,0.9230769230769231,0.2857142857142857,0.7857142857142857,0.0004
900,1.380112648010254,1.519951343536377,0.4807692307692308,0.9230769230769231,0.2857142857142857,0.9285714285714286,0.0004
901,1.4567511677742004,1.5562026500701904,0.4423076923076923,0.9038461538461539,0.2857142857142857,0.8571428571428571,0.0004
902,1.3423627614974976,1.7761842012405396,0.4807692307692308,0.8653846153846154,0.21428571428571427,0.8571428571428571,0.0004
903,1.2338536977767944,1.5481942892074585,0.5,0.9230769230769231,0.2857142857142857,0.8571428571428571,0.0004
904,1.3660888671875,1.9821865558624268,0.46153846153846156,0.8846153846153846,0.21428571428571427,0.7142857142857143,0.0004
905,1.3725032806396484,1.3911410570144653,0.4423076923076923,0.8846153846153846,0.2857142857142857,0.9285714285714286,0.0004
906,1.373419165611267,1.786604404449463,0.4230769230769231,0.8846153846153846,0.21428571428571427,0.7857142857142857,0.0004
907,1.077449232339859,1.890794277191162,0.5384615384615384,0.9807692307692307,0.21428571428571427,0.7142857142857143,0.0004
908,1.2333647012710571,1.3405709266662598,0.4423076923076923,0.9038461538461539,0.2857142857142857,0.9285714285714286,0.0004
909,1.1230231523513794,1.7849299907684326,0.5,0.9615384615384616,0.2857142857142857,0.7857142857142857,0.0004
910,1.336199700832367,1.6241650581359863,0.4423076923076923,0.9038461538461539,0.14285714285714285,0.8571428571428571,0.0004
911,1.236327886581421,1.37839937210083,0.5,0.9423076923076923,0.2857142857142857,0.9285714285714286,0.0004
912,1.3179630637168884,1.7664117813110352,0.4230769230769231,0.9423076923076923,0.14285714285714285,0.7857142857142857,0.0004
913,1.3528589010238647,1.7164411544799805,0.46153846153846156,0.8653846153846154,0.21428571428571427,0.7857142857142857,0.0004
914,1.2746385335922241,1.4948309659957886,0.4807692307692308,0.8461538461538461,0.2857142857142857,0.8571428571428571,0.0004
915,1.2760223150253296,1.4090379476547241,0.5192307692307693,0.9423076923076923,0.21428571428571427,0.9285714285714286,0.0004
916,1.2089940905570984,1.6957024335861206,0.5192307692307693,0.9423076923076923,0.21428571428571427,0.7857142857142857,0.0004
917,1.4214683175086975,1.4980993270874023,0.4230769230769231,0.8653846153846154,0.2857142857142857,0.8571428571428571,0.0004
918,1.1464180946350098,1.6626863479614258,0.5,0.9423076923076923,0.2857142857142857,0.7857142857142857,0.0004
919,1.147086501121521,1.705299973487854,0.5,0.9230769230769231,0.21428571428571427,0.7857142857142857,0.0004
920,1.235714852809906,1.603668212890625,0.4807692307692308,0.9230769230769231,0.2857142857142857,0.7857142857142857,0.0004
921,1.255338966846466,1.5374257564544678,0.4423076923076923,0.9038461538461539,0.2857142857142857,0.8571428571428571,0.0004
922,1.2266437411308289,1.4914660453796387,0.5,0.9038461538461539,0.2857142857142857,0.8571428571428571,0.0004
923,1.2145596146583557,1.5424835681915283,0.4423076923076923,0.9423076923076923,0.2857142857142857,0.8571428571428571,0.0004
924,1.2503384947776794,1.5201503038406372,0.4807692307692308,0.9038461538461539,0.2857142857142857,0.8571428571428571,0.0004
925,1.511388897895813,1.681127905845642,0.4423076923076923,0.8461538461538461,0.21428571428571427,0.8571428571428571,0.0004
926,1.6898919343948364,1.687894582748413,0.36538461538461536,0.8269230769230769,0.21428571428571427,0.8571428571428571,0.0004
927,1.7293369770050049,1.7349481582641602,0.36538461538461536,0.8269230769230769,0.21428571428571427,0.8571428571428571,0.0004
928,1.7162993550300598,1.7207896709442139,0.36538461538461536,0.8269230769230769,0.21428571428571427,0.8571428571428571,0.0004
929,1.681891918182373,1.7119898796081543,0.36538461538461536,0.8269230769230769,0.21428571428571427,0.8571428571428571,0.0004
930,1.6162457466125488,1.673022985458374,0.36538461538461536,0.8269230769230769,0.21428571428571427,0.8571428571428571,0.0004
931,1.5905612111091614,1.5913480520248413,0.36538461538461536,0.8269230769230769,0.21428571428571427,0.8571428571428571,0.0004
932,1.5512035489082336,1.5667483806610107,0.36538461538461536,0.8269230769230769,0.21428571428571427,0.8571428571428571,0.0004
933,1.5226455926895142,1.515223741531372,0.38461538461538464,0.8269230769230769,0.2857142857142857,0.8571428571428571,0.0004
934,1.483240783214569,1.5197362899780273,0.4423076923076923,0.8269230769230769,0.14285714285714285,0.8571428571428571,0.0004
935,1.5063720345497131,1.49642813205719,0.38461538461538464,0.8269230769230769,0.2857142857142857,0.8571428571428571,0.0004
936,1.4778035879135132,1.5476840734481812,0.34615384615384615,0.8269230769230769,0.35714285714285715,0.8571428571428571,0.0004
937,1.4707841873168945,1.5170977115631104,0.3269230769230769,0.8269230769230769,0.35714285714285715,0.8571428571428571,0.0004
938,1.504602074623108,1.5152548551559448,0.3269230769230769,0.8269230769230769,0.35714285714285715,0.8571428571428571,0.0004
939,1.5237564444541931,1.5554322004318237,0.3076923076923077,0.8269230769230769,0.35714285714285715,0.8571428571428571,0.0004
940,1.5133405923843384,1.484389066696167,0.3269230769230769,0.8269230769230769,0.35714285714285715,0.8571428571428571,0.0004
941,1.4946295022964478,1.5482096672058105,0.34615384615384615,0.8269230769230769,0.35714285714285715,0.8571428571428571,0.0004
942,1.4732476472854614,1.5103899240493774,0.40384615384615385,0.8269230769230769,0.42857142857142855,0.8571428571428571,0.0004
943,1.4881914258003235,1.505576491355896,0.36538461538461536,0.8269230769230769,0.2857142857142857,0.8571428571428571,0.0004
944,1.4865654110908508,1.5405874252319336,0.4423076923076923,0.8269230769230769,0.14285714285714285,0.8571428571428571,0.0004
945,1.4624996185302734,1.5074595212936401,0.5,0.8269230769230769,0.21428571428571427,0.8571428571428571,0.0004
946,1.458082914352417,1.4998133182525635,0.46153846153846156,0.8269230769230769,0.2857142857142857,0.8571428571428571,0.0004
947,1.4267120957374573,1.5278418064117432,0.5384615384615384,0.8269230769230769,0.21428571428571427,0.8571428571428571,0.0004
948,1.4828230142593384,1.4870105981826782,0.46153846153846156,0.8269230769230769,0.2857142857142857,0.8571428571428571,0.0004
949,1.462341547012329,1.5108182430267334,0.4807692307692308,0.8269230769230769,0.21428571428571427,0.8571428571428571,0.0004
950,1.4416321516036987,1.527438998222351,0.38461538461538464,0.8269230769230769,0.21428571428571427,0.8571428571428571,0.0004
951,1.4280550479888916,1.6089086532592773,0.38461538461538464,0.8269230769230769,0.21428571428571427,0.8571428571428571,0.0004
952,1.4231914281845093,1.4946988821029663,0.4423076923076923,0.8269230769230769,0.2857142857142857,0.8571428571428571,0.0004
953,1.3753563165664673,1.450262427330017,0.5192307692307693,0.8269230769230769,0.2857142857142857,0.8571428571428571,0.0004
954,1.3382962942123413,1.498422384262085,0.4807692307692308,0.8269230769230769,0.2857142857142857,0.8571428571428571,0.0004
955,1.3490625619888306,1.4899663925170898,0.46153846153846156,0.8269230769230769,0.2857142857142857,0.8571428571428571,0.0004
956,1.3058980703353882,1.4218577146530151,0.5192307692307693,0.8269230769230769,0.2857142857142857,0.8571428571428571,0.0004
957,1.261303424835205,1.5021467208862305,0.5192307692307693,0.8269230769230769,0.21428571428571427,0.8571428571428571,0.0004
958,1.3184370398521423,1.527768611907959,0.4807692307692308,0.8653846153846154,0.2857142857142857,0.9285714285714286,0.0004
959,1.3131901025772095,1.5572930574417114,0.4807692307692308,0.8653846153846154,0.2857142857142857,0.7857142857142857,0.0004
960,1.2087215185165405,1.6694530248641968,0.5,0.9615384615384616,0.21428571428571427,0.7857142857142857,0.0004
961,1.2109376788139343,1.6685998439788818,0.5192307692307693,0.9615384615384616,0.21428571428571427,0.7857142857142857,0.0004
962,1.2339197993278503,1.4190073013305664,0.5192307692307693,0.9230769230769231,0.2857142857142857,0.9285714285714286,0.0004
963,1.4378221035003662,1.6133460998535156,0.4423076923076923,0.8461538461538461,0.21428571428571427,0.8571428571428571,0.0004
964,1.545702040195465,1.622779369354248,0.36538461538461536,0.8269230769230769,0.21428571428571427,0.8571428571428571,0.0004
965,1.6336549520492554,1.6389590501785278,0.36538461538461536,0.8269230769230769,0.21428571428571427,0.8571428571428571,0.0004
966,1.5782275199890137,1.6263020038604736,0.36538461538461536,0.8269230769230769,0.21428571428571427,0.8571428571428571,0.0004
967,1.5745242834091187,1.5642298460006714,0.36538461538461536,0.8269230769230769,0.21428571428571427,0.8571428571428571,0.0004
968,1.5074092745780945,1.5756399631500244,0.36538461538461536,0.8269230769230769,0.21428571428571427,0.8571428571428571,0.0004
969,1.5032970309257507,1.5248937606811523,0.36538461538461536,0.8269230769230769,0.21428571428571427,0.8571428571428571,0.0004
970,1.5140276551246643,1.5279932022094727,0.40384615384615385,0.8269230769230769,0.2857142857142857,0.8571428571428571,0.0004
971,1.4793959259986877,1.5465598106384277,0.4423076923076923,0.8269230769230769,0.21428571428571427,0.8571428571428571,0.0004
972,1.4537656903266907,1.511936068534851,0.5,0.8269230769230769,0.2857142857142857,0.8571428571428571,0.0004
973,1.4906028509140015,1.5178234577178955,0.38461538461538464,0.8269230769230769,0.35714285714285715,0.8571428571428571,0.0004
974,1.5028388500213623,1.4716131687164307,0.3076923076923077,0.8269230769230769,0.35714285714285715,0.8571428571428571,0.0004
975,1.5238712430000305,1.5199730396270752,0.3269230769230769,0.8269230769230769,0.35714285714285715,0.8571428571428571,0.0004
976,1.5578259229660034,1.5091537237167358,0.3269230769230769,0.8269230769230769,0.35714285714285715,0.8571428571428571,0.0004
977,1.5342466831207275,1.5222816467285156,0.3076923076923077,0.8269230769230769,0.42857142857142855,0.8571428571428571,0.0004
978,1.4739710688591003,1.5137255191802979,0.40384615384615385,0.8269230769230769,0.35714285714285715,0.8571428571428571,0.0004
979,1.541265845298767,1.5338406562805176,0.40384615384615385,0.8269230769230769,0.14285714285714285,0.8571428571428571,0.0004
980,1.528048574924469,1.5362296104431152,0.4423076923076923,0.8269230769230769,0.21428571428571427,0.8571428571428571,0.0004
981,1.4999600648880005,1.5497169494628906,0.36538461538461536,0.8269230769230769,0.21428571428571427,0.8571428571428571,0.0004
982,1.5379441380500793,1.5543794631958008,0.36538461538461536,0.8269230769230769,0.21428571428571427,0.8571428571428571,0.0004
983,1.506720781326294,1.535010576248169,0.36538461538461536,0.8269230769230769,0.21428571428571427,0.8571428571428571,0.0004
984,1.5174845457077026,1.537237524986267,0.36538461538461536,0.8269230769230769,0.21428571428571427,0.8571428571428571,0.0004
985,1.5040883421897888,1.5514323711395264,0.36538461538461536,0.8269230769230769,0.21428571428571427,0.8571428571428571,0.0004
986,1.506467342376709,1.5529935359954834,0.36538461538461536,0.8269230769230769,0.21428571428571427,0.8571428571428571,0.0004
987,1.5026018023490906,1.5176398754119873,0.36538461538461536,0.8269230769230769,0.21428571428571427,0.8571428571428571,0.0004
988,1.4676502346992493,1.5317599773406982,0.36538461538461536,0.8269230769230769,0.21428571428571427,0.8571428571428571,0.0004
989,1.462682068347931,1.5354578495025635,0.4230769230769231,0.8269230769230769,0.21428571428571427,0.8571428571428571,0.0004
990,1.5175290703773499,1.5429480075836182,0.4807692307692308,0.8269230769230769,0.21428571428571427,0.8571428571428571,0.0004
991,1.4605091214179993,1.5036143064498901,0.46153846153846156,0.8269230769230769,0.2857142857142857,0.8571428571428571,0.0004
992,1.4742416739463806,1.5413318872451782,0.4423076923076923,0.8269230769230769,0.21428571428571427,0.8571428571428571,0.0004
993,1.4683457612991333,1.4853440523147583,0.4807692307692308,0.8269230769230769,0.2857142857142857,0.8571428571428571,0.0004
994,1.4382375478744507,1.516039490699768,0.4807692307692308,0.8269230769230769,0.21428571428571427,0.8571428571428571,0.0004
995,1.4626787900924683,1.5242633819580078,0.4230769230769231,0.8269230769230769,0.21428571428571427,0.8571428571428571,0.0004
996,1.45773845911026,1.5466071367263794,0.40384615384615385,0.8269230769230769,0.21428571428571427,0.8571428571428571,0.0004
997,1.4738905429840088,1.5469551086425781,0.4230769230769231,0.8269230769230769,0.21428571428571427,0.8571428571428571,0.0004
998,1.5175763368606567,1.5263563394546509,0.36538461538461536,0.8269230769230769,0.21428571428571427,0.8571428571428571,0.0004
999,1.5290388464927673,1.5321691036224365,0.36538461538461536,0.8269230769230769,0.21428571428571427,0.8571428571428571,0.0004
1000,1.504763901233673,1.5351319313049316,0.4423076923076923,0.8269230769230769,0.2857142857142857,0.8571428571428571,0.0004
