epoch,train_loss,test_loss,train_acc_action,test_acc_action,train_acc_status,test_acc_status,learning_rate,epoch_time
1,1.7256428599357605,1.7113127708435059,44.23076923076923,42.857142857142854,69.23076923076923,78.57142857142857,0.00039990131207314633,0.8871185779571533
2,1.697521984577179,1.7784855365753174,46.15384615384615,28.571428571428573,75.0,85.71428571428571,0.00039960534568565434,0.6210129261016846
3,1.6593586206436157,1.5863089561462402,42.30769230769231,35.714285714285715,78.84615384615384,85.71428571428571,0.00039911239292061604,0.625159502029419
4,1.7039862871170044,1.798839807510376,36.53846153846154,28.571428571428573,84.61538461538461,85.71428571428571,0.00039842294026289565,0.6229386329650879
5,1.6555150151252747,1.6412725448608398,40.38461538461539,50.0,82.6923076923077,85.71428571428571,0.0003975376681190276,0.6257829666137695
6,1.6294124722480774,1.4863865375518799,42.30769230769231,57.142857142857146,82.6923076923077,85.71428571428571,0.0003964574501457378,0.6254222393035889
7,1.6362618207931519,1.5072877407073975,46.15384615384615,50.0,82.6923076923077,85.71428571428571,0.00039518335238774953,0.6204540729522705
8,1.5706371068954468,1.5893685817718506,46.15384615384615,28.571428571428573,82.6923076923077,85.71428571428571,0.00039371663222572626,0.6203079223632812
9,1.6205270290374756,1.606203317642212,51.92307692307692,42.857142857142854,82.6923076923077,85.71428571428571,0.0003920587371353887,0.621666431427002
10,1.4813787937164307,1.499906063079834,50.0,57.142857142857146,82.6923076923077,85.71428571428571,0.0003902113032590308,0.6221737861633301
11,1.5078628659248352,1.5819523334503174,67.3076923076923,42.857142857142854,80.76923076923077,85.71428571428571,0.0003881761537908452,0.6158733367919922
12,1.5609389543533325,1.4798530340194702,40.38461538461539,57.142857142857146,82.6923076923077,85.71428571428571,0.0003859552971776504,0.6479718685150146
13,1.4655400514602661,1.4270086288452148,48.07692307692308,64.28571428571429,82.6923076923077,85.71428571428571,0.0003835509251367963,0.6145071983337402
14,1.546760082244873,1.3610879182815552,55.76923076923077,57.142857142857146,82.6923076923077,85.71428571428571,0.000380965410493204,0.6156489849090576
15,1.4979368448257446,1.323354721069336,44.23076923076923,64.28571428571429,82.6923076923077,85.71428571428571,0.0003782013048376737,0.6256418228149414
16,1.4092844724655151,1.369544267654419,57.69230769230769,71.42857142857143,82.6923076923077,85.71428571428571,0.00037526133600877283,0.6216833591461182
17,1.3700059652328491,1.4406416416168213,59.61538461538461,64.28571428571429,82.6923076923077,85.71428571428571,0.0003721484054007889,0.6117379665374756
18,1.43413907289505,1.410306692123413,55.76923076923077,71.42857142857143,82.6923076923077,85.71428571428571,0.0003688655851004032,0.620431661605835
19,1.5602681040763855,1.2864043712615967,46.15384615384615,57.142857142857146,82.6923076923077,85.71428571428571,0.00036541611485491255,0.6174626350402832
20,1.3544524908065796,1.5150961875915527,67.3076923076923,64.28571428571429,82.6923076923077,85.71428571428571,0.0003618033988749897,0.6256170272827148
21,1.3866251707077026,1.4660176038742065,53.84615384615385,57.142857142857146,82.6923076923077,85.71428571428571,0.00035803100247513823,0.6262280941009521
22,1.4143059253692627,1.4527549743652344,59.61538461538461,57.142857142857146,82.6923076923077,85.71428571428571,0.000354102648555158,0.617821455001831
23,1.3846063613891602,1.2795939445495605,55.76923076923077,57.142857142857146,82.6923076923077,85.71428571428571,0.0003500222139260921,0.6134381294250488
24,1.4351940155029297,1.4229316711425781,61.53846153846154,50.0,82.6923076923077,85.71428571428571,0.00034579372548428246,0.6103475093841553
25,1.347612202167511,1.4562747478485107,59.61538461538461,50.0,82.6923076923077,85.71428571428571,0.0003414213562373096,0.6199905872344971
26,1.3866116404533386,1.5591647624969482,53.84615384615385,42.857142857142854,82.6923076923077,85.71428571428571,0.00033690942118573785,0.6117346286773682
27,1.2600849866867065,1.5445311069488525,73.07692307692308,35.714285714285715,82.6923076923077,85.71428571428571,0.0003322623730647305,0.6147117614746094
28,1.383182168006897,1.2783219814300537,63.46153846153846,64.28571428571429,82.6923076923077,85.71428571428571,0.00032748479794973803,0.6194884777069092
29,1.3497254848480225,1.3581445217132568,65.38461538461539,64.28571428571429,82.6923076923077,85.71428571428571,0.00032258141073059543,0.6147453784942627
30,1.288217008113861,1.3640213012695312,63.46153846153846,64.28571428571429,82.6923076923077,85.71428571428571,0.0003175570504584948,0.6234817504882812
31,1.283937394618988,1.0507172346115112,67.3076923076923,92.85714285714286,82.6923076923077,85.71428571428571,0.0003124166755704263,0.6174020767211914
32,1.3247466087341309,1.069373369216919,67.3076923076923,92.85714285714286,82.6923076923077,85.71428571428571,0.0003071653589957995,0.6172294616699219
33,1.18625807762146,1.2330329418182373,75.0,64.28571428571429,82.6923076923077,85.71428571428571,0.00030180828315007444,0.6219675540924072
34,1.2305647134780884,1.2076144218444824,73.07692307692308,64.28571428571429,82.6923076923077,85.71428571428571,0.0002963507348203432,0.6106166839599609
35,1.2101858854293823,1.0456703901290894,75.0,85.71428571428571,82.6923076923077,85.71428571428571,0.00029079809994790953,0.6120116710662842
36,1.2092230319976807,1.1534861326217651,67.3076923076923,78.57142857142857,82.6923076923077,85.71428571428571,0.00028515585831301473,0.6205670833587646
37,1.2264620065689087,0.9919649362564087,73.07692307692308,100.0,82.6923076923077,85.71428571428571,0.0002794295781269563,0.6198244094848633
38,1.250784158706665,1.0150060653686523,71.15384615384616,78.57142857142857,82.6923076923077,85.71428571428571,0.0002736249105369358,0.6217901706695557
39,1.1268928050994873,1.0006359815597534,69.23076923076923,85.71428571428571,82.6923076923077,85.71428571428571,0.0002677475840490585,0.6134824752807617
40,1.2176309823989868,1.1250391006469727,73.07692307692308,78.57142857142857,82.6923076923077,85.71428571428571,0.0002618033988749897,0.6197588443756104
41,1.119888424873352,1.016167163848877,73.07692307692308,71.42857142857143,82.6923076923077,85.71428571428571,0.0002557982212078461,0.6378695964813232
42,1.1630380153656006,1.2509305477142334,75.0,64.28571428571429,82.6923076923077,85.71428571428571,0.00024973797743297113,0.6273689270019531
43,1.0738195776939392,1.0741219520568848,80.76923076923077,71.42857142857143,82.6923076923077,85.71428571428571,0.00024362864827930873,0.6205687522888184
44,1.2209921479225159,1.0635250806808472,69.23076923076923,78.57142857142857,82.6923076923077,85.71428571428571,0.00023747626291714514,0.6217474937438965
45,1.0695815086364746,1.1169564723968506,82.6923076923077,64.28571428571429,82.6923076923077,85.71428571428571,0.00023128689300804637,0.6123795509338379
46,1.2330329418182373,0.8414909839630127,71.15384615384616,100.0,82.6923076923077,85.71428571428571,0.00022506664671286108,0.6159019470214844
47,1.0592752397060394,1.301727056503296,80.76923076923077,64.28571428571429,82.6923076923077,85.71428571428571,0.00021882166266370303,0.6138591766357422
48,1.0230428576469421,1.3960261344909668,80.76923076923077,57.142857142857146,82.6923076923077,85.71428571428571,0.00021255810390586287,0.6153035163879395
49,1.147885501384735,1.294879674911499,71.15384615384616,57.142857142857146,82.6923076923077,85.71428571428571,0.00020628215181562584,0.6195776462554932
50,1.167779803276062,0.9664391279220581,75.0,85.71428571428571,82.6923076923077,85.71428571428571,0.00020000000000000017,0.6161899566650391
51,1.1327804923057556,1.2401483058929443,73.07692307692308,64.28571428571429,82.6923076923077,85.71428571428571,0.0001937178481843745,0.6122057437896729
52,1.121130883693695,1.3917492628097534,76.92307692307692,50.0,82.6923076923077,85.71428571428571,0.00018744189609413747,0.6119413375854492
53,1.1817229986190796,0.9648592472076416,76.92307692307692,78.57142857142857,82.6923076923077,85.71428571428571,0.00018117833733629726,0.6172366142272949
54,1.0380204021930695,1.280393123626709,78.84615384615384,64.28571428571429,82.6923076923077,85.71428571428571,0.0001749333532871393,0.6120240688323975
55,1.0979328751564026,1.0757642984390259,76.92307692307692,78.57142857142857,82.6923076923077,85.71428571428571,0.00016871310699195395,0.6138019561767578
56,1.2412810921669006,1.0719001293182373,73.07692307692308,71.42857142857143,82.6923076923077,85.71428571428571,0.0001625237370828552,0.6180446147918701
57,0.9882269203662872,1.2282545566558838,78.84615384615384,64.28571428571429,82.6923076923077,85.71428571428571,0.00015637135172069167,0.6116034984588623
58,1.1959757208824158,1.188949465751648,75.0,71.42857142857143,82.6923076923077,85.71428571428571,0.00015026202256702916,0.6152236461639404
59,1.13420569896698,1.0492472648620605,78.84615384615384,71.42857142857143,82.6923076923077,85.71428571428571,0.0001442017787921543,0.6158020496368408
60,1.2576602697372437,0.9738158583641052,69.23076923076923,85.71428571428571,82.6923076923077,85.71428571428571,0.0001381966011250107,0.6178610324859619
61,1.0813204646110535,1.0136038064956665,80.76923076923077,78.57142857142857,82.6923076923077,85.71428571428571,0.00013225241595094187,0.6184825897216797
62,1.0887430310249329,0.9770980477333069,76.92307692307692,92.85714285714286,82.6923076923077,85.71428571428571,0.0001263750894630646,0.6141793727874756
63,1.092735767364502,1.4622207880020142,73.07692307692308,64.28571428571429,82.6923076923077,85.71428571428571,0.00012057042187304399,0.6188998222351074
64,1.1931402087211609,1.3046618700027466,75.0,57.142857142857146,82.6923076923077,85.71428571428571,0.00011484414168698559,0.620450496673584
65,1.0008291900157928,0.9647586345672607,78.84615384615384,85.71428571428571,82.6923076923077,85.71428571428571,0.00010920190005209077,0.6127462387084961
66,1.076930046081543,0.8471384048461914,82.6923076923077,85.71428571428571,82.6923076923077,85.71428571428571,0.00010364926517965704,0.6139953136444092
67,1.1389796137809753,0.8924905061721802,78.84615384615384,92.85714285714286,82.6923076923077,85.71428571428571,9.819171684992585e-05,0.611607551574707
68,1.1418409943580627,1.0329532623291016,73.07692307692308,71.42857142857143,82.6923076923077,85.71428571428571,9.283464100420074e-05,0.6172184944152832
69,1.030121088027954,1.204093098640442,76.92307692307692,64.28571428571429,82.6923076923077,85.71428571428571,8.758332442957398e-05,0.6137640476226807
70,1.012907087802887,1.239807367324829,75.0,57.142857142857146,82.6923076923077,85.71428571428571,8.24429495415055e-05,0.6199872493743896
71,0.965839684009552,0.8180137872695923,86.53846153846153,92.85714285714286,82.6923076923077,85.71428571428571,7.741858926940478e-05,0.6166660785675049
72,0.957019031047821,0.9115609526634216,82.6923076923077,92.85714285714286,82.6923076923077,85.71428571428571,7.251520205026215e-05,0.6198501586914062
73,0.9511885643005371,1.0551925897598267,90.38461538461539,71.42857142857143,82.6923076923077,85.71428571428571,6.773762693526975e-05,0.6159794330596924
74,1.0898418426513672,0.9623667001724243,75.0,78.57142857142857,82.6923076923077,85.71428571428571,6.309057881426234e-05,0.6179013252258301
75,1.0381210148334503,0.7880489826202393,76.92307692307692,100.0,82.6923076923077,85.71428571428571,5.857864376269059e-05,0.6134030818939209
76,1.168332815170288,1.2207849025726318,73.07692307692308,64.28571428571429,82.6923076923077,85.71428571428571,5.420627451571781e-05,0.6153225898742676
77,0.9118162989616394,0.9742112159729004,84.61538461538461,78.57142857142857,82.6923076923077,85.71428571428571,4.9977786073908174e-05,0.6114253997802734
78,1.0487019419670105,1.3356869220733643,73.07692307692308,64.28571428571429,82.6923076923077,85.71428571428571,4.5897351444842234e-05,0.6206302642822266
79,0.9913411140441895,1.0227363109588623,80.76923076923077,78.57142857142857,82.6923076923077,85.71428571428571,4.1968997524861976e-05,0.6176559925079346
80,0.9612130522727966,1.0100643634796143,84.61538461538461,78.57142857142857,82.6923076923077,85.71428571428571,3.8196601125010586e-05,0.6200447082519531
81,1.1642671823501587,1.3634320497512817,73.07692307692308,71.42857142857143,82.6923076923077,85.71428571428571,3.458388514508772e-05,0.6185157299041748
82,1.0837714672088623,0.9883629083633423,80.76923076923077,85.71428571428571,82.6923076923077,85.71428571428571,3.113441489959707e-05,0.6161556243896484
83,1.02514186501503,0.984845757484436,84.61538461538461,85.71428571428571,82.6923076923077,85.71428571428571,2.7851594599211286e-05,0.6179754734039307
84,1.1245173811912537,0.8654425144195557,75.0,100.0,82.6923076923077,85.71428571428571,2.4738663991227316e-05,0.6188797950744629
85,1.103785753250122,0.8526474237442017,73.07692307692308,78.57142857142857,82.6923076923077,85.71428571428571,2.179869516232647e-05,0.6399712562561035
86,1.015921413898468,1.0840874910354614,80.76923076923077,71.42857142857143,82.6923076923077,85.71428571428571,1.9034589506796152e-05,0.6105949878692627
87,1.0850390791893005,1.1194782257080078,78.84615384615384,78.57142857142857,82.6923076923077,85.71428571428571,1.6449074863203837e-05,0.6190567016601562
88,1.0721412897109985,1.092079758644104,80.76923076923077,71.42857142857143,82.6923076923077,85.71428571428571,1.4044702822349747e-05,0.6204414367675781
89,1.042481243610382,1.2224704027175903,82.6923076923077,64.28571428571429,82.6923076923077,85.71428571428571,1.1823846209154923e-05,0.6276125907897949
90,1.0821806192398071,1.1949687004089355,78.84615384615384,64.28571428571429,82.6923076923077,85.71428571428571,9.788696740969305e-06,0.6105785369873047
91,1.0866231322288513,1.0772349834442139,73.07692307692308,78.57142857142857,82.6923076923077,85.71428571428571,7.941262864611418e-06,0.6217474937438965
92,1.049321711063385,0.9758315682411194,78.84615384615384,71.42857142857143,82.6923076923077,85.71428571428571,6.283367774273814e-06,0.6163880825042725
93,1.054584562778473,1.2290074825286865,82.6923076923077,71.42857142857143,82.6923076923077,85.71428571428571,4.816647612250541e-06,0.6184055805206299
94,1.0305238366127014,0.895134449005127,80.76923076923077,92.85714285714286,82.6923076923077,85.71428571428571,3.54254985426226e-06,0.6227774620056152
95,1.016253113746643,0.9616150856018066,76.92307692307692,78.57142857142857,82.6923076923077,85.71428571428571,2.462331880972471e-06,0.6206879615783691
96,1.0170729160308838,1.0280020236968994,88.46153846153847,71.42857142857143,82.6923076923077,85.71428571428571,1.577059737104449e-06,0.6191534996032715
97,0.9846552014350891,0.9781640768051147,80.76923076923077,78.57142857142857,82.6923076923077,85.71428571428571,8.876070793840018e-07,0.6253225803375244
98,1.0533392429351807,0.9058542251586914,76.92307692307692,85.71428571428571,82.6923076923077,85.71428571428571,3.946543143456887e-07,0.6259312629699707
99,0.9490636885166168,0.968425989151001,86.53846153846153,78.57142857142857,82.6923076923077,85.71428571428571,9.86879268536801e-08,0.623837947845459
100,1.2397337555885315,0.8045724630355835,69.23076923076923,92.85714285714286,82.6923076923077,85.71428571428571,0.0,0.6191859245300293
101,0.9555791616439819,0.9156168699264526,78.84615384615384,78.57142857142857,82.6923076923077,85.71428571428571,2.467198171342e-07,0.6170990467071533
102,1.0469673871994019,1.0164058208465576,82.6923076923077,78.57142857142857,82.6923076923077,85.71428571428571,9.866357858642204e-07,0.6124327182769775
103,1.0438871085643768,0.9616949558258057,75.0,71.42857142857143,82.6923076923077,85.71428571428571,2.2190176984600015e-06,0.6211369037628174
104,1.0773904919624329,0.9064902067184448,76.92307692307692,85.71428571428571,82.6923076923077,85.71428571428571,3.9426493427610614e-06,0.6166174411773682
105,1.0109372437000275,1.1899282932281494,76.92307692307692,78.57142857142857,82.6923076923077,85.71428571428571,6.155829702431114e-06,0.6220836639404297
106,1.0451902151107788,1.0051368474960327,73.07692307692308,85.71428571428571,82.6923076923077,85.71428571428571,8.856374635655695e-06,0.6226441860198975
107,0.9396599233150482,1.1624584197998047,86.53846153846153,71.42857142857143,82.6923076923077,85.71428571428571,1.2041619030626284e-05,0.6147687435150146
108,1.0466081500053406,1.2185633182525635,80.76923076923077,64.28571428571429,82.6923076923077,85.71428571428571,1.570841943568441e-05,0.6239800453186035
109,1.1222769021987915,1.0618486404418945,78.84615384615384,71.42857142857143,82.6923076923077,85.71428571428571,1.9853157161528415e-05,0.6272685527801514
110,1.007588267326355,1.4676263332366943,78.84615384615384,57.142857142857146,82.6923076923077,85.71428571428571,2.447174185242318e-05,0.619011640548706
111,0.9230806827545166,1.3047211170196533,86.53846153846153,64.28571428571429,82.6923076923077,85.71428571428571,2.9559615522887274e-05,0.6196362972259521
112,1.0318413376808167,1.5117474794387817,78.84615384615384,50.0,82.6923076923077,85.71428571428571,3.511175705587427e-05,0.6098043918609619
113,0.9956777989864349,1.1406502723693848,82.6923076923077,71.42857142857143,82.6923076923077,85.71428571428571,4.112268715800937e-05,0.6190786361694336
114,1.0252578854560852,1.3945425748825073,78.84615384615384,57.142857142857146,82.6923076923077,85.71428571428571,4.758647376699015e-05,0.615062952041626
115,0.9985200762748718,0.987879753112793,78.84615384615384,78.57142857142857,82.6923076923077,85.71428571428571,5.449673790581616e-05,0.6151962280273438
116,1.0955709218978882,1.1942150592803955,80.76923076923077,64.28571428571429,82.6923076923077,85.71428571428571,6.18466599780682e-05,0.6200194358825684
117,1.0027147829532623,0.9509835243225098,86.53846153846153,85.71428571428571,82.6923076923077,85.71428571428571,6.962898649802817e-05,0.6302673816680908
118,1.103234589099884,0.9139732122421265,76.92307692307692,85.71428571428571,82.6923076923077,85.71428571428571,7.78360372489924e-05,0.617316722869873
119,1.1838270425796509,0.9647840261459351,78.84615384615384,85.71428571428571,82.6923076923077,85.71428571428571,8.645971286271896e-05,0.61625075340271
120,1.0397270917892456,1.097231149673462,75.0,78.57142857142857,82.6923076923077,85.71428571428571,9.54915028125261e-05,0.6275465488433838
121,1.2203013896942139,1.0645356178283691,67.3076923076923,78.57142857142857,82.6923076923077,85.71428571428571,0.00010492249381215483,0.6137385368347168
122,1.1326301097869873,1.084821343421936,75.0,78.57142857142857,82.6923076923077,85.71428571428571,0.00011474337861210537,0.6155714988708496
123,0.9793180227279663,1.007331371307373,84.61538461538461,78.57142857142857,82.6923076923077,85.71428571428571,0.00012494446518477014,0.6137425899505615
124,1.1506839990615845,0.9471515417098999,71.15384615384616,78.57142857142857,82.6923076923077,85.71428571428571,0.00013551568628929406,0.616375207901001
125,1.0685867071151733,1.2392971515655518,73.07692307692308,64.28571428571429,82.6923076923077,85.71428571428571,0.00014644660940672606,0.6187705993652344
126,1.2651191353797913,0.8532756567001343,75.0,92.85714285714286,82.6923076923077,85.71428571428571,0.00015772644703565569,0.6171920299530029
127,0.9799505472183228,1.1774879693984985,82.6923076923077,78.57142857142857,82.6923076923077,85.71428571428571,0.00016934406733817403,0.6120083332061768
128,1.0698898434638977,0.9477004408836365,76.92307692307692,85.71428571428571,82.6923076923077,85.71428571428571,0.00018128800512565523,0.6100866794586182
129,1.125853955745697,1.5577943325042725,73.07692307692308,42.857142857142854,82.6923076923077,85.71428571428571,0.00019354647317351177,0.614809513092041
130,0.9907947778701782,0.8689073324203491,80.76923076923077,85.71428571428571,82.6923076923077,85.71428571428571,0.0002061073738537634,0.6147620677947998
131,1.0630955696105957,1.035907506942749,76.92307692307692,85.71428571428571,84.61538461538461,85.71428571428571,0.00021895831107393457,0.6218945980072021
132,1.0863940715789795,0.8008602857589722,78.84615384615384,92.85714285714286,82.6923076923077,85.71428571428571,0.00023208660251050189,0.6092915534973145
133,0.9505898952484131,1.0272337198257446,82.6923076923077,85.71428571428571,82.6923076923077,85.71428571428571,0.00024547929212481446,0.6220877170562744
134,1.0254264175891876,0.8907848596572876,80.76923076923077,78.57142857142857,82.6923076923077,85.71428571428571,0.0002591231629491424,0.6124956607818604
135,1.0271081924438477,0.8839633464813232,82.6923076923077,78.57142857142857,82.6923076923077,85.71428571428571,0.0002730047501302265,0.6141769886016846
136,1.038101613521576,1.1471647024154663,82.6923076923077,71.42857142857143,84.61538461538461,85.71428571428571,0.0002871103542174639,0.6147944927215576
137,0.9928629398345947,0.8346461653709412,76.92307692307692,85.71428571428571,84.61538461538461,85.71428571428571,0.0003014260546826098,0.6172199249267578
138,1.0661958456039429,0.8894013166427612,78.84615384615384,78.57142857142857,84.61538461538461,85.71428571428571,0.00031593772365766105,0.6162514686584473
139,1.0029525756835938,0.723354697227478,82.6923076923077,100.0,82.6923076923077,85.71428571428571,0.00033063103987735425,0.6191329956054688
140,0.8729641437530518,0.8736594915390015,84.61538461538461,92.85714285714286,82.6923076923077,85.71428571428571,0.00034549150281252617,0.6176338195800781
141,1.1147499680519104,0.8743127584457397,76.92307692307692,85.71428571428571,86.53846153846153,85.71428571428571,0.0003605044469803852,0.6164283752441406
142,1.1491847336292267,0.7891772985458374,78.84615384615384,92.85714285714286,82.6923076923077,85.71428571428571,0.00037565505641757284,0.6117072105407715
143,1.11769300699234,0.7147459983825684,73.07692307692308,100.0,86.53846153846153,78.57142857142857,0.00039092837930172883,0.618485689163208
144,1.0161671042442322,0.9169223308563232,76.92307692307692,64.28571428571429,88.46153846153847,85.71428571428571,0.0004063093427071377,0.6160213947296143
145,1.0605638027191162,0.9038256406784058,75.0,78.57142857142857,86.53846153846153,78.57142857142857,0.00042178276747988454,0.6056489944458008
146,0.9429285526275635,0.8596252202987671,82.6923076923077,85.71428571428571,80.76923076923077,71.42857142857143,0.00043733338321784774,0.6186048984527588
147,0.8862364888191223,0.9755473136901855,84.61538461538461,78.57142857142857,84.61538461538461,78.57142857142857,0.000452945843340743,0.6093814373016357
148,0.8985288441181183,1.0348790884017944,80.76923076923077,71.42857142857143,86.53846153846153,78.57142857142857,0.00046860474023534336,0.62215256690979
149,0.9164654314517975,1.0102144479751587,82.6923076923077,78.57142857142857,82.6923076923077,85.71428571428571,0.00048429462046093585,0.6160235404968262
150,1.1163650751113892,0.8819937109947205,80.76923076923077,85.71428571428571,82.6923076923077,71.42857142857143,0.0004999999999999999,0.6120953559875488
151,0.7728759050369263,1.6442509889602661,90.38461538461539,50.0,84.61538461538461,78.57142857142857,0.0005157053795390639,0.6150612831115723
152,0.8591389060020447,1.0385472774505615,88.46153846153847,78.57142857142857,88.46153846153847,85.71428571428571,0.0005313952597646563,0.6110613346099854
153,0.9281319081783295,0.8360059261322021,84.61538461538461,85.71428571428571,88.46153846153847,78.57142857142857,0.0005470541566592572,0.6155846118927002
154,0.9557209312915802,0.8115827441215515,78.84615384615384,92.85714285714286,86.53846153846153,71.42857142857143,0.0005626666167821521,0.615264892578125
155,0.9252070188522339,0.9110894799232483,78.84615384615384,85.71428571428571,92.3076923076923,78.57142857142857,0.0005782172325201154,0.6173663139343262
156,0.9649908542633057,0.9979637861251831,80.76923076923077,71.42857142857143,88.46153846153847,85.71428571428571,0.0005936906572928622,0.6134171485900879
157,0.8510892689228058,1.26028573513031,78.84615384615384,64.28571428571429,90.38461538461539,100.0,0.0006090716206982711,0.6129660606384277
158,1.0416566729545593,1.2065742015838623,82.6923076923077,71.42857142857143,88.46153846153847,85.71428571428571,0.0006243449435824275,0.6130566596984863
159,1.1499009132385254,1.0160547494888306,71.15384615384616,78.57142857142857,82.6923076923077,85.71428571428571,0.0006394955530196146,0.6152627468109131
160,0.8732636570930481,0.956902265548706,90.38461538461539,85.71428571428571,86.53846153846153,78.57142857142857,0.0006545084971874736,0.6125695705413818
161,1.0908804535865784,0.780921220779419,82.6923076923077,85.71428571428571,88.46153846153847,85.71428571428571,0.0006693689601226455,0.6182365417480469
162,0.9624839723110199,0.9089794158935547,76.92307692307692,78.57142857142857,92.3076923076923,85.71428571428571,0.0006840622763423387,0.6111125946044922
163,0.9715369641780853,1.3255943059921265,78.84615384615384,71.42857142857143,84.61538461538461,85.71428571428571,0.00069857394531739,0.6190485954284668
164,1.043418526649475,0.8224263191223145,76.92307692307692,85.71428571428571,90.38461538461539,71.42857142857143,0.0007128896457825359,0.6166195869445801
165,0.9651665091514587,1.0586570501327515,76.92307692307692,71.42857142857143,86.53846153846153,78.57142857142857,0.0007269952498697729,0.6181340217590332
166,0.9295551478862762,1.018860101699829,80.76923076923077,71.42857142857143,80.76923076923077,85.71428571428571,0.0007408768370508579,0.6151533126831055
167,1.1726520657539368,0.8618664741516113,73.07692307692308,85.71428571428571,80.76923076923077,85.71428571428571,0.0007545207078751859,0.608959436416626
168,1.0857175588607788,1.2164089679718018,69.23076923076923,71.42857142857143,73.07692307692308,92.85714285714286,0.0007679133974894986,0.614250659942627
169,1.0222544074058533,1.3902651071548462,78.84615384615384,57.142857142857146,92.3076923076923,85.71428571428571,0.0007810416889260655,0.6069033145904541
170,1.0259874761104584,0.8739340305328369,78.84615384615384,85.71428571428571,86.53846153846153,78.57142857142857,0.0007938926261462367,0.6087822914123535
171,0.8602184355258942,0.8402062058448792,82.6923076923077,92.85714285714286,82.6923076923077,78.57142857142857,0.0008064535268264883,0.6191670894622803
172,1.0656916499137878,1.0642147064208984,76.92307692307692,64.28571428571429,80.76923076923077,78.57142857142857,0.0008187119948743449,0.6320507526397705
173,1.0447973608970642,1.1469777822494507,78.84615384615384,78.57142857142857,82.6923076923077,64.28571428571429,0.0008306559326618259,0.6102762222290039
174,1.0126945972442627,1.286869764328003,78.84615384615384,71.42857142857143,92.3076923076923,85.71428571428571,0.0008422735529643441,0.6109511852264404
175,1.0682979822158813,1.2548174858093262,71.15384615384616,64.28571428571429,88.46153846153847,78.57142857142857,0.0008535533905932735,0.6152207851409912
176,1.109039843082428,1.5441267490386963,78.84615384615384,57.142857142857146,86.53846153846153,78.57142857142857,0.0008644843137107058,0.6139571666717529
177,0.9609079658985138,1.5736618041992188,78.84615384615384,50.0,90.38461538461539,85.71428571428571,0.0008750555348152301,0.6129474639892578
178,0.9336060881614685,1.022892713546753,80.76923076923077,71.42857142857143,90.38461538461539,78.57142857142857,0.0008852566213878949,0.6146953105926514
179,0.9450547099113464,1.125751256942749,80.76923076923077,85.71428571428571,88.46153846153847,71.42857142857143,0.0008950775061878453,0.6119301319122314
180,0.9403814375400543,1.2828463315963745,80.76923076923077,64.28571428571429,92.3076923076923,85.71428571428571,0.0009045084971874741,0.6080834865570068
181,0.9186997413635254,1.38826584815979,82.6923076923077,64.28571428571429,92.3076923076923,85.71428571428571,0.0009135402871372812,0.6162924766540527
182,0.8957910537719727,1.080702781677246,84.61538461538461,71.42857142857143,92.3076923076923,78.57142857142857,0.0009221639627510079,0.6096630096435547
183,1.1181704998016357,0.8090888261795044,69.23076923076923,85.71428571428571,88.46153846153847,92.85714285714286,0.000930371013501972,0.6182472705841064
184,0.7133221626281738,0.6865274906158447,92.3076923076923,92.85714285714286,86.53846153846153,85.71428571428571,0.000938153340021932,0.6138968467712402
185,1.137859046459198,1.2077064514160156,73.07692307692308,64.28571428571429,88.46153846153847,71.42857142857143,0.0009455032620941843,0.6164510250091553
186,0.9250172972679138,1.0300352573394775,78.84615384615384,64.28571428571429,92.3076923076923,85.71428571428571,0.0009524135262330102,0.6127665042877197
187,1.1220535039901733,1.1112298965454102,65.38461538461539,64.28571428571429,84.61538461538461,85.71428571428571,0.0009588773128419913,0.6128265857696533
188,0.9256630539894104,1.543393850326538,82.6923076923077,64.28571428571429,84.61538461538461,85.71428571428571,0.0009648882429441262,0.6209359169006348
189,1.1400941014289856,1.4881068468093872,73.07692307692308,64.28571428571429,82.6923076923077,78.57142857142857,0.0009704403844771133,0.615015983581543
190,0.895389050245285,0.769503116607666,80.76923076923077,92.85714285714286,88.46153846153847,92.85714285714286,0.0009755282581475773,0.6151528358459473
191,0.9885146021842957,1.132871389389038,82.6923076923077,71.42857142857143,84.61538461538461,85.71428571428571,0.000980146842838472,0.615708589553833
192,1.2063575983047485,1.578749656677246,75.0,64.28571428571429,86.53846153846153,78.57142857142857,0.0009842915805643162,0.6089420318603516
193,1.0189155340194702,1.0840816497802734,71.15384615384616,71.42857142857143,94.23076923076923,78.57142857142857,0.0009879583809693743,0.61663818359375
194,1.0034045577049255,0.9132726192474365,73.07692307692308,78.57142857142857,86.53846153846153,78.57142857142857,0.000991143625364345,0.6126844882965088
195,1.175330400466919,0.9703665375709534,73.07692307692308,78.57142857142857,86.53846153846153,85.71428571428571,0.0009938441702975695,0.6153929233551025
196,0.8912091553211212,1.5411882400512695,88.46153846153847,57.142857142857146,88.46153846153847,78.57142857142857,0.0009960573506572394,0.6111676692962646
197,0.9100395739078522,1.295784831047058,80.76923076923077,78.57142857142857,80.76923076923077,71.42857142857143,0.0009977809823015407,0.6118547916412354
198,1.0893258452415466,1.7850861549377441,73.07692307692308,57.142857142857146,82.6923076923077,78.57142857142857,0.0009990133642141365,0.6167142391204834
199,1.1406334042549133,1.2752796411514282,71.15384615384616,57.142857142857146,86.53846153846153,85.71428571428571,0.0009997532801828664,0.6094326972961426
200,0.9680282175540924,1.1066815853118896,73.07692307692308,71.42857142857143,90.38461538461539,85.71428571428571,0.0010000000000000007,0.6155202388763428
201,1.0394192337989807,1.0202142000198364,78.84615384615384,78.57142857142857,88.46153846153847,78.57142857142857,0.0009997532801828664,0.6132724285125732
202,0.9254270195960999,0.7932495474815369,76.92307692307692,85.71428571428571,90.38461538461539,85.71428571428571,0.0009990133642141365,0.6071958541870117
203,1.1952038407325745,1.0709741115570068,71.15384615384616,71.42857142857143,92.3076923076923,64.28571428571429,0.0009977809823015407,0.6159200668334961
204,0.9563109278678894,1.065632939338684,78.84615384615384,71.42857142857143,84.61538461538461,92.85714285714286,0.0009960573506572396,0.6170628070831299
205,1.0526456236839294,1.279200792312622,75.0,50.0,94.23076923076923,78.57142857142857,0.0009938441702975695,0.6146626472473145
206,1.1482852697372437,1.2427752017974854,80.76923076923077,78.57142857142857,82.6923076923077,85.71428571428571,0.000991143625364345,0.6205968856811523
207,1.1349619626998901,1.2837824821472168,65.38461538461539,78.57142857142857,90.38461538461539,71.42857142857143,0.0009879583809693743,0.6159632205963135
208,0.812527060508728,1.3022074699401855,84.61538461538461,64.28571428571429,88.46153846153847,85.71428571428571,0.000984291580564316,0.6225371360778809
209,0.9184449315071106,1.2508851289749146,76.92307692307692,71.42857142857143,88.46153846153847,85.71428571428571,0.000980146842838472,0.6154229640960693
210,1.0213969051837921,0.8378812074661255,78.84615384615384,71.42857142857143,82.6923076923077,85.71428571428571,0.0009755282581475773,0.613325834274292
211,0.998517632484436,1.1808090209960938,78.84615384615384,71.42857142857143,88.46153846153847,64.28571428571429,0.0009704403844771134,0.6204738616943359
212,1.0646554231643677,1.1852658987045288,75.0,85.71428571428571,88.46153846153847,85.71428571428571,0.0009648882429441263,0.616142988204956
213,1.1935118436813354,1.4367364645004272,65.38461538461539,71.42857142857143,90.38461538461539,85.71428571428571,0.000958877312841991,0.6224603652954102
214,0.9372429251670837,1.1288352012634277,82.6923076923077,78.57142857142857,84.61538461538461,92.85714285714286,0.0009524135262330103,0.617560625076294
215,0.9953645467758179,1.0106360912322998,80.76923076923077,64.28571428571429,86.53846153846153,85.71428571428571,0.0009455032620941846,0.6138365268707275
216,0.951733261346817,1.324533462524414,78.84615384615384,57.142857142857146,94.23076923076923,78.57142857142857,0.0009381533400219324,0.6208195686340332
217,1.1220850348472595,1.2071137428283691,76.92307692307692,78.57142857142857,84.61538461538461,78.57142857142857,0.0009303710135019726,0.6133265495300293
218,1.135757029056549,0.8276122808456421,69.23076923076923,92.85714285714286,88.46153846153847,78.57142857142857,0.0009221639627510083,0.6145420074462891
219,0.9008573293685913,0.8904309272766113,86.53846153846153,85.71428571428571,84.61538461538461,78.57142857142857,0.0009135402871372813,0.6163468360900879
220,0.993924081325531,0.9437782168388367,76.92307692307692,78.57142857142857,92.3076923076923,71.42857142857143,0.0009045084971874742,0.6187067031860352
221,1.008364498615265,1.1383203268051147,78.84615384615384,64.28571428571429,92.3076923076923,85.71428571428571,0.0008950775061878455,0.63055419921875
222,0.7740041017532349,0.802575945854187,82.6923076923077,85.71428571428571,90.38461538461539,92.85714285714286,0.000885256621387895,0.611630916595459
223,1.0514166057109833,1.4964094161987305,82.6923076923077,42.857142857142854,80.76923076923077,71.42857142857143,0.0008750555348152302,0.6140623092651367
224,1.1070218086242676,0.7192702293395996,75.0,92.85714285714286,90.38461538461539,71.42857142857143,0.0008644843137107062,0.6122105121612549
225,0.9587582647800446,1.074997901916504,78.84615384615384,85.71428571428571,88.46153846153847,71.42857142857143,0.0008535533905932743,0.6085197925567627
226,0.9870447516441345,1.3322054147720337,80.76923076923077,71.42857142857143,88.46153846153847,92.85714285714286,0.0008422735529643449,0.6154623031616211
227,0.890658438205719,1.043111801147461,78.84615384615384,85.71428571428571,92.3076923076923,85.71428571428571,0.0008306559326618266,0.607046365737915
228,1.0592129826545715,0.9246420860290527,76.92307692307692,85.71428571428571,84.61538461538461,71.42857142857143,0.0008187119948743455,0.6137280464172363
229,1.0250148177146912,0.8598729372024536,73.07692307692308,78.57142857142857,86.53846153846153,78.57142857142857,0.0008064535268264891,0.6112184524536133
230,0.9081563353538513,0.870576798915863,84.61538461538461,71.42857142857143,88.46153846153847,85.71428571428571,0.0007938926261462368,0.6176962852478027
231,1.1012930870056152,0.6906514167785645,76.92307692307692,85.71428571428571,80.76923076923077,92.85714285714286,0.0007810416889260656,0.6183006763458252
232,1.0693855583667755,1.3528227806091309,69.23076923076923,64.28571428571429,84.61538461538461,85.71428571428571,0.0007679133974894987,0.6119966506958008
233,0.9681991040706635,0.9155203104019165,80.76923076923077,71.42857142857143,94.23076923076923,85.71428571428571,0.0007545207078751862,0.6134750843048096
234,0.9696777760982513,1.0553196668624878,69.23076923076923,92.85714285714286,88.46153846153847,85.71428571428571,0.0007408768370508582,0.6127650737762451
235,1.061054289340973,1.2627167701721191,78.84615384615384,71.42857142857143,90.38461538461539,78.57142857142857,0.000726995249869774,0.6150400638580322
236,0.9364045262336731,1.3123611211776733,82.6923076923077,64.28571428571429,86.53846153846153,78.57142857142857,0.0007128896457825371,0.6178436279296875
237,1.0089932084083557,0.7929558753967285,76.92307692307692,85.71428571428571,94.23076923076923,85.71428571428571,0.0006985739453173912,0.6169488430023193
238,0.7481604814529419,0.8878366947174072,90.38461538461539,85.71428571428571,94.23076923076923,78.57142857142857,0.00068406227634234,0.621232271194458
239,1.061086356639862,0.6604562997817993,76.92307692307692,92.85714285714286,82.6923076923077,92.85714285714286,0.0006693689601226468,0.6205146312713623
240,1.0133511424064636,1.1160510778427124,78.84615384615384,57.142857142857146,86.53846153846153,85.71428571428571,0.0006545084971874749,0.6179473400115967
241,0.9883071780204773,1.2157471179962158,82.6923076923077,71.42857142857143,78.84615384615384,78.57142857142857,0.000639495553019615,0.6218411922454834
242,1.039009004831314,1.0196166038513184,73.07692307692308,78.57142857142857,82.6923076923077,71.42857142857143,0.0006243449435824279,0.6163744926452637
243,0.9465797543525696,1.0307633876800537,82.6923076923077,71.42857142857143,84.61538461538461,92.85714285714286,0.0006090716206982718,0.6166946887969971
244,0.8244196474552155,1.4163461923599243,84.61538461538461,78.57142857142857,86.53846153846153,64.28571428571429,0.000593690657292863,0.6191298961639404
245,0.947172224521637,0.8104624152183533,78.84615384615384,78.57142857142857,86.53846153846153,78.57142857142857,0.0005782172325201161,0.614945650100708
246,0.9582505226135254,0.9500623345375061,84.61538461538461,78.57142857142857,88.46153846153847,92.85714285714286,0.0005626666167821529,0.614476203918457
247,0.8150588274002075,1.378544569015503,80.76923076923077,57.142857142857146,90.38461538461539,85.71428571428571,0.000547054156659258,0.6182119846343994
248,0.8937470614910126,0.9874718189239502,80.76923076923077,64.28571428571429,92.3076923076923,100.0,0.0005313952597646575,0.6141788959503174
249,0.8042585253715515,0.9363833665847778,84.61538461538461,85.71428571428571,88.46153846153847,85.71428571428571,0.0005157053795390652,0.6158318519592285
250,0.9560851752758026,0.9106957316398621,82.6923076923077,57.142857142857146,92.3076923076923,85.71428571428571,0.000500000000000001,0.6141209602355957
251,0.7991390526294708,0.8212122917175293,86.53846153846153,85.71428571428571,96.15384615384616,78.57142857142857,0.000484294620460936,0.6137809753417969
252,0.7711090445518494,1.0608439445495605,92.3076923076923,78.57142857142857,92.3076923076923,92.85714285714286,0.0004686047402353436,0.6161799430847168
253,0.9294517636299133,1.404841423034668,86.53846153846153,64.28571428571429,94.23076923076923,85.71428571428571,0.00045294584334074317,0.6239700317382812
254,1.0462482869625092,1.0228310823440552,84.61538461538461,85.71428571428571,90.38461538461539,78.57142857142857,0.0004373333832178482,0.617283821105957
255,0.7946857810020447,1.1400384902954102,82.6923076923077,64.28571428571429,86.53846153846153,71.42857142857143,0.0004217827674798846,0.6116220951080322
256,0.9715823233127594,1.2750715017318726,71.15384615384616,78.57142857142857,90.38461538461539,92.85714285714286,0.0004063093427071378,0.6156115531921387
257,0.8286285400390625,1.1992231607437134,80.76923076923077,78.57142857142857,88.46153846153847,92.85714285714286,0.0003909283793017289,0.6145544052124023
258,0.9924256503582001,1.1232513189315796,76.92307692307692,78.57142857142857,82.6923076923077,85.71428571428571,0.0003756550564175728,0.6135680675506592
259,0.8652222156524658,1.1234968900680542,86.53846153846153,78.57142857142857,84.61538461538461,85.71428571428571,0.00036050444698038564,0.6169323921203613
260,0.783135861158371,0.947226881980896,86.53846153846153,71.42857142857143,86.53846153846153,92.85714285714286,0.00034549150281252666,0.6111791133880615
261,0.6852789521217346,1.3236799240112305,94.23076923076923,71.42857142857143,90.38461538461539,85.71428571428571,0.00033063103987735474,0.614093542098999
262,0.6751194298267365,0.8679215908050537,90.38461538461539,92.85714285714286,90.38461538461539,100.0,0.00031593772365766154,0.6189424991607666
263,0.9110039472579956,1.378138780593872,84.61538461538461,78.57142857142857,82.6923076923077,78.57142857142857,0.00030142605468260944,0.6181292533874512
264,0.8425286114215851,1.0652012825012207,88.46153846153847,78.57142857142857,92.3076923076923,85.71428571428571,0.0002871103542174635,0.6238884925842285
265,1.0061315596103668,1.484175443649292,76.92307692307692,71.42857142857143,88.46153846153847,78.57142857142857,0.0002730047501302265,0.6164064407348633
266,0.7903858423233032,0.9517632126808167,84.61538461538461,64.28571428571429,92.3076923076923,100.0,0.00025912316294914234,0.6197869777679443
267,0.8394058346748352,1.3671306371688843,88.46153846153847,71.42857142857143,88.46153846153847,85.71428571428571,0.00024547929212481446,0.6364669799804688
268,0.8081812262535095,0.9796966314315796,86.53846153846153,78.57142857142857,86.53846153846153,78.57142857142857,0.00023208660251050186,0.6188123226165771
269,0.7879918217658997,1.1200801134109497,80.76923076923077,71.42857142857143,92.3076923076923,71.42857142857143,0.00021895831107393495,0.626410961151123
270,0.8406346142292023,1.5225712060928345,84.61538461538461,78.57142857142857,90.38461538461539,92.85714285714286,0.00020610737385376373,0.6161108016967773
271,0.801265686750412,1.3995120525360107,82.6923076923077,64.28571428571429,90.38461538461539,100.0,0.00019354647317351215,0.6117651462554932
272,0.8106764853000641,1.3655847311019897,86.53846153846153,71.42857142857143,88.46153846153847,100.0,0.0001812880051256549,0.6146650314331055
273,0.6591166853904724,1.2752217054367065,86.53846153846153,64.28571428571429,86.53846153846153,85.71428571428571,0.00016934406733817387,0.6189985275268555
274,0.8858823180198669,1.193121075630188,84.61538461538461,64.28571428571429,88.46153846153847,78.57142857142857,0.00015772644703565558,0.6212315559387207
275,0.9310299158096313,1.105398416519165,76.92307692307692,71.42857142857143,86.53846153846153,71.42857142857143,0.0001464466094067262,0.6125075817108154
276,0.9960359632968903,1.3350441455841064,75.0,71.42857142857143,90.38461538461539,85.71428571428571,0.00013551568628929425,0.6182458400726318
277,0.7246339917182922,1.3232755661010742,88.46153846153847,71.42857142857143,92.3076923076923,92.85714285714286,0.00012494446518477028,0.6200659275054932
278,0.8226930797100067,1.2547134160995483,80.76923076923077,71.42857142857143,88.46153846153847,100.0,0.00011474337861210549,0.6117115020751953
279,0.9418422281742096,1.248841643333435,84.61538461538461,64.28571428571429,86.53846153846153,85.71428571428571,0.00010492249381215495,0.6211495399475098
280,0.6644341945648193,1.737368106842041,90.38461538461539,50.0,88.46153846153847,92.85714285714286,9.549150281252649e-05,0.6171338558197021
281,0.9154051244258881,1.0852911472320557,78.84615384615384,71.42857142857143,90.38461538461539,85.71428571428571,8.645971286271934e-05,0.6188771724700928
282,0.8691346943378448,1.2749452590942383,78.84615384615384,64.28571428571429,94.23076923076923,92.85714285714286,7.783603724899271e-05,0.6188819408416748
283,0.9540756642818451,1.354478359222412,76.92307692307692,57.142857142857146,90.38461538461539,78.57142857142857,6.962898649802803e-05,0.6157982349395752
284,0.8174067139625549,1.3235673904418945,84.61538461538461,78.57142857142857,86.53846153846153,85.71428571428571,6.18466599780681e-05,0.6201694011688232
285,0.6831422746181488,1.8619590997695923,92.3076923076923,57.142857142857146,90.38461538461539,92.85714285714286,5.4496737905815994e-05,0.6264824867248535
286,0.9063401520252228,1.2148512601852417,82.6923076923077,64.28571428571429,90.38461538461539,100.0,4.7586473766990206e-05,0.6122162342071533
287,0.771639347076416,1.2267330884933472,88.46153846153847,57.142857142857146,90.38461538461539,85.71428571428571,4.112268715800942e-05,0.6173107624053955
288,0.803883284330368,1.1203022003173828,88.46153846153847,78.57142857142857,88.46153846153847,78.57142857142857,3.5111757055874305e-05,0.6075806617736816
289,0.9195481836795807,0.7043597102165222,78.84615384615384,92.85714285714286,90.38461538461539,85.71428571428571,2.9559615522887304e-05,0.6187117099761963
290,0.7116420865058899,1.4172329902648926,88.46153846153847,64.28571428571429,88.46153846153847,71.42857142857143,2.4471741852423316e-05,0.6198053359985352
291,0.6714115142822266,1.0722568035125732,90.38461538461539,78.57142857142857,98.07692307692308,78.57142857142857,1.9853157161528543e-05,0.6134233474731445
292,0.8272398710250854,1.0984622240066528,82.6923076923077,78.57142857142857,88.46153846153847,92.85714285714286,1.5708419435684534e-05,0.621370792388916
293,0.7580201029777527,1.479468584060669,88.46153846153847,78.57142857142857,90.38461538461539,71.42857142857143,1.2041619030626406e-05,0.6171326637268066
294,0.8196313381195068,1.1325445175170898,82.6923076923077,71.42857142857143,86.53846153846153,78.57142857142857,8.856374635655593e-06,0.6214280128479004
295,0.8080546259880066,1.3534009456634521,86.53846153846153,71.42857142857143,92.3076923076923,85.71428571428571,6.155829702431122e-06,0.6212265491485596
296,0.829796552658081,1.2615694999694824,86.53846153846153,71.42857142857143,90.38461538461539,78.57142857142857,3.9426493427610665e-06,0.6146690845489502
297,0.7755465805530548,1.1744844913482666,84.61538461538461,71.42857142857143,94.23076923076923,85.71428571428571,2.2190176984600044e-06,0.617469072341919
298,0.8065714240074158,0.666980504989624,76.92307692307692,100.0,94.23076923076923,71.42857142857143,9.866357858642217e-07,0.6136300563812256
299,0.8075720071792603,1.3142327070236206,84.61538461538461,71.42857142857143,90.38461538461539,78.57142857142857,2.4671981713420025e-07,0.6174769401550293
300,0.8740045428276062,1.7231700420379639,82.6923076923077,57.142857142857146,98.07692307692308,92.85714285714286,0.0,0.6148569583892822
301,0.706441193819046,0.82521653175354,84.61538461538461,85.71428571428571,98.07692307692308,85.71428571428571,2.467198171342e-07,0.6178324222564697
302,0.9886418282985687,1.5695159435272217,82.6923076923077,64.28571428571429,88.46153846153847,78.57142857142857,9.866357858642204e-07,0.6154398918151855
303,0.8349575996398926,1.6073899269104004,78.84615384615384,78.57142857142857,92.3076923076923,85.71428571428571,2.2190176984599464e-06,0.6215879917144775
304,0.7957822382450104,1.2322683334350586,90.38461538461539,71.42857142857143,92.3076923076923,78.57142857142857,3.942649342761006e-06,0.6182198524475098
305,0.9090920090675354,1.8208677768707275,75.0,35.714285714285715,88.46153846153847,85.71428571428571,6.155829702431169e-06,0.6201753616333008
306,0.9321076571941376,1.1361780166625977,80.76923076923077,71.42857142857143,86.53846153846153,85.71428571428571,8.856374635655693e-06,0.6118998527526855
307,0.894053190946579,1.1790329217910767,78.84615384615384,78.57142857142857,90.38461538461539,78.57142857142857,1.2041619030626337e-05,0.6192502975463867
308,0.7062025666236877,1.8747127056121826,82.6923076923077,64.28571428571429,96.15384615384616,78.57142857142857,1.570841943568446e-05,0.6214780807495117
309,0.7254435420036316,1.2910690307617188,92.3076923076923,85.71428571428571,84.61538461538461,78.57142857142857,1.9853157161528408e-05,0.6158390045166016
310,0.7747556269168854,0.8773714303970337,82.6923076923077,78.57142857142857,96.15384615384616,85.71428571428571,2.4471741852423174e-05,0.6208117008209229
311,0.7889465689659119,1.4914581775665283,82.6923076923077,64.28571428571429,98.07692307692308,85.71428571428571,2.9559615522887152e-05,0.621553897857666
312,0.9311310648918152,1.2463477849960327,84.61538461538461,85.71428571428571,90.38461538461539,85.71428571428571,3.511175705587414e-05,0.6189773082733154
313,0.9877427816390991,1.7501220703125,78.84615384615384,64.28571428571429,92.3076923076923,85.71428571428571,4.112268715800924e-05,0.6160938739776611
314,0.8954962491989136,1.5389361381530762,84.61538461538461,71.42857142857143,88.46153846153847,92.85714285714286,4.758647376698997e-05,0.6182355880737305
315,0.9855903089046478,1.2883223295211792,76.92307692307692,78.57142857142857,94.23076923076923,92.85714285714286,5.449673790581614e-05,0.6229326725006104
316,0.71854367852211,1.5276143550872803,88.46153846153847,71.42857142857143,94.23076923076923,85.71428571428571,6.184665997806823e-05,0.6150698661804199
317,0.9302067756652832,1.2876650094985962,76.92307692307692,71.42857142857143,88.46153846153847,100.0,6.96289864980282e-05,0.6197357177734375
318,0.6835579574108124,0.8788893222808838,88.46153846153847,71.42857142857143,94.23076923076923,78.57142857142857,7.783603724899242e-05,0.6260731220245361
319,0.7556154727935791,1.136220932006836,92.3076923076923,78.57142857142857,84.61538461538461,85.71428571428571,8.645971286271898e-05,0.6162655353546143
320,0.6856536865234375,1.189758539199829,90.38461538461539,85.71428571428571,90.38461538461539,78.57142857142857,9.54915028125261e-05,0.6178622245788574
321,0.7883360981941223,1.0290870666503906,88.46153846153847,71.42857142857143,90.38461538461539,92.85714285714286,0.00010492249381215455,0.6122701168060303
322,0.6942402422428131,0.9441537857055664,86.53846153846153,64.28571428571429,94.23076923076923,85.71428571428571,0.00011474337861210506,0.6156501770019531
323,0.915155827999115,1.2305264472961426,76.92307692307692,64.28571428571429,92.3076923076923,78.57142857142857,0.00012494446518476982,0.6145076751708984
324,0.6477684676647186,1.3657466173171997,86.53846153846153,78.57142857142857,96.15384615384616,78.57142857142857,0.0001355156862892937,0.6203882694244385
325,0.7715499401092529,0.752129077911377,80.76923076923077,85.71428571428571,94.23076923076923,92.85714285714286,0.00014644660940672563,0.625579833984375
326,0.8490674197673798,1.1683372259140015,78.84615384615384,78.57142857142857,88.46153846153847,85.71428571428571,0.000157726447035655,0.613426923751831
327,0.9038196206092834,1.254990816116333,80.76923076923077,71.42857142857143,90.38461538461539,100.0,0.00016934406733817395,0.6190223693847656
328,0.734889954328537,1.3699442148208618,90.38461538461539,64.28571428571429,88.46153846153847,92.85714285714286,0.0001812880051256543,0.6195480823516846
329,0.9752207100391388,1.5541877746582031,75.0,57.142857142857146,90.38461538461539,92.85714285714286,0.00019354647317351147,0.6122379302978516
330,0.806384950876236,1.0198376178741455,82.6923076923077,78.57142857142857,90.38461538461539,78.57142857142857,0.00020610737385376234,0.6128575801849365
331,0.7267549633979797,1.2735939025878906,88.46153846153847,78.57142857142857,92.3076923076923,85.71428571428571,0.00021895831107393427,0.6128387451171875
332,0.7422271370887756,0.9534873962402344,90.38461538461539,85.71428571428571,88.46153846153847,78.57142857142857,0.00023208660251050189,0.6161618232727051
333,0.6884379684925079,1.0565288066864014,88.46153846153847,71.42857142857143,98.07692307692308,92.85714285714286,0.0002454792921248137,0.6140315532684326
334,0.8423503339290619,1.744979739189148,82.6923076923077,57.142857142857146,86.53846153846153,92.85714285714286,0.00025912316294914234,0.6175832748413086
335,0.8594865202903748,1.1390190124511719,84.61538461538461,78.57142857142857,94.23076923076923,78.57142857142857,0.0002730047501302257,0.6175792217254639
336,0.6814201474189758,1.0728403329849243,94.23076923076923,85.71428571428571,90.38461538461539,85.71428571428571,0.00028711035421746345,0.6168830394744873
337,0.8412144482135773,1.2555567026138306,82.6923076923077,71.42857142857143,94.23076923076923,78.57142857142857,0.0003014260546826086,0.6184015274047852
338,0.8741472661495209,1.0746138095855713,84.61538461538461,71.42857142857143,96.15384615384616,85.71428571428571,0.00031593772365766056,0.618427038192749
339,0.7510510981082916,1.0497645139694214,82.6923076923077,78.57142857142857,96.15384615384616,78.57142857142857,0.0003306310398773529,0.6190783977508545
340,0.7888961434364319,1.0085152387619019,86.53846153846153,64.28571428571429,90.38461538461539,78.57142857142857,0.0003454915028125255,0.6171979904174805
341,0.7938627004623413,1.1183303594589233,80.76923076923077,78.57142857142857,88.46153846153847,85.71428571428571,0.0003605044469803837,0.6175446510314941
342,0.7067132592201233,0.8802706003189087,86.53846153846153,71.42857142857143,94.23076923076923,92.85714285714286,0.00037565505641757175,0.6158530712127686
343,0.7884855270385742,1.3059210777282715,88.46153846153847,71.42857142857143,88.46153846153847,85.71428571428571,0.0003909283793017286,0.6152727603912354
344,0.73365917801857,1.1429558992385864,88.46153846153847,78.57142857142857,88.46153846153847,85.71428571428571,0.00040630934270713664,0.6173174381256104
345,0.8405304551124573,1.3719216585159302,78.84615384615384,64.28571428571429,92.3076923076923,100.0,0.00042178276747988427,0.6188998222351074
346,0.6714264452457428,1.1726018190383911,90.38461538461539,78.57142857142857,90.38461538461539,92.85714285714286,0.0004373333832178466,0.61930251121521
347,0.9902947843074799,1.4742275476455688,76.92307692307692,64.28571428571429,86.53846153846153,71.42857142857143,0.00045294584334074235,0.6159446239471436
348,0.8339306712150574,0.7901012897491455,82.6923076923077,85.71428571428571,92.3076923076923,78.57142857142857,0.0004686047402353418,0.6140913963317871
349,0.7691286206245422,0.6730859279632568,86.53846153846153,100.0,88.46153846153847,78.57142857142857,0.00048429462046093515,0.6205329895019531
350,0.8116729557514191,1.2969681024551392,82.6923076923077,78.57142857142857,92.3076923076923,85.71428571428571,0.0004999999999999983,0.6199491024017334
351,1.0740100145339966,0.9070519208908081,78.84615384615384,78.57142857142857,84.61538461538461,85.71428571428571,0.0005157053795390631,0.6166784763336182
352,0.9043884873390198,0.9233710765838623,80.76923076923077,85.71428571428571,92.3076923076923,71.42857142857143,0.0005313952597646556,0.622230052947998
353,1.0269644856452942,1.4158010482788086,75.0,57.142857142857146,90.38461538461539,78.57142857142857,0.0005470541566592559,0.6133654117584229
354,0.7375507950782776,1.7771844863891602,84.61538461538461,35.714285714285715,98.07692307692308,85.71428571428571,0.0005626666167821516,0.6198863983154297
355,0.6907695531845093,1.3451437950134277,86.53846153846153,64.28571428571429,94.23076923076923,78.57142857142857,0.000578217232520114,0.6164424419403076
356,0.890343189239502,0.8990263342857361,82.6923076923077,78.57142857142857,90.38461538461539,85.71428571428571,0.0005936906572928615,0.6191589832305908
357,0.7650930285453796,1.5661462545394897,90.38461538461539,57.142857142857146,90.38461538461539,92.85714285714286,0.0006090716206982696,0.6171917915344238
358,0.8157681226730347,1.233339786529541,82.6923076923077,71.42857142857143,90.38461538461539,78.57142857142857,0.0006243449435824264,0.6119132041931152
359,0.7713618874549866,1.2960666418075562,84.61538461538461,71.42857142857143,86.53846153846153,92.85714285714286,0.0006394955530196126,0.6157102584838867
360,0.9431873261928558,0.7402248382568359,78.84615384615384,92.85714285714286,92.3076923076923,85.71428571428571,0.0006545084971874727,0.6185891628265381
361,0.8459778428077698,1.460585117340088,88.46153846153847,64.28571428571429,84.61538461538461,85.71428571428571,0.0006693689601226445,0.6130433082580566
362,0.6858235001564026,1.2860031127929688,80.76923076923077,78.57142857142857,96.15384615384616,71.42857142857143,0.0006840622763423378,0.6190564632415771
363,0.9269252717494965,1.258207082748413,76.92307692307692,78.57142857142857,90.38461538461539,71.42857142857143,0.0006985739453173898,0.6144945621490479
364,0.6967673301696777,1.507676601409912,90.38461538461539,71.42857142857143,96.15384615384616,78.57142857142857,0.0007128896457825348,0.617037296295166
365,0.851917952299118,0.8749209046363831,84.61538461538461,78.57142857142857,90.38461538461539,78.57142857142857,0.0007269952498697726,0.6130552291870117
366,0.8451956212520599,1.6052489280700684,86.53846153846153,57.142857142857146,88.46153846153847,64.28571428571429,0.0007408768370508559,0.6131868362426758
367,0.8752855658531189,1.2060703039169312,86.53846153846153,71.42857142857143,92.3076923076923,78.57142857142857,0.0007545207078751845,0.6371283531188965
368,0.8832831084728241,1.1549992561340332,84.61538461538461,64.28571428571429,86.53846153846153,92.85714285714286,0.0007679133974894963,0.6126744747161865
369,0.7408412992954254,1.5113720893859863,86.53846153846153,57.142857142857146,96.15384615384616,71.42857142857143,0.0007810416889260641,0.6194858551025391
370,0.9524523913860321,1.1797515153884888,78.84615384615384,64.28571428571429,84.61538461538461,85.71428571428571,0.0007938926261462354,0.6189122200012207
371,0.8388240337371826,1.2431144714355469,86.53846153846153,64.28571428571429,86.53846153846153,78.57142857142857,0.0008064535268264869,0.6135766506195068
372,0.880516916513443,1.316678762435913,78.84615384615384,64.28571428571429,90.38461538461539,85.71428571428571,0.0008187119948743434,0.6214940547943115
373,0.8089594841003418,1.373694896697998,84.61538461538461,78.57142857142857,88.46153846153847,85.71428571428571,0.0008306559326618243,0.6191749572753906
374,0.7973998785018921,1.0199769735336304,86.53846153846153,85.71428571428571,90.38461538461539,71.42857142857143,0.0008422735529643434,0.6234958171844482
375,0.9341402947902679,1.2966749668121338,86.53846153846153,71.42857142857143,90.38461538461539,100.0,0.0008535533905932721,0.6227500438690186
376,0.934261679649353,1.2368378639221191,80.76923076923077,64.28571428571429,88.46153846153847,85.71428571428571,0.0008644843137107048,0.6237132549285889
377,0.5926880240440369,0.8329998850822449,94.23076923076923,78.57142857142857,90.38461538461539,92.85714285714286,0.0008750555348152279,0.6183991432189941
378,0.7912940084934235,1.2882994413375854,80.76923076923077,78.57142857142857,88.46153846153847,85.71428571428571,0.0008852566213878934,0.6142323017120361
379,1.0144041776657104,1.4657251834869385,76.92307692307692,64.28571428571429,86.53846153846153,71.42857142857143,0.0008950775061878439,0.6150155067443848
380,0.8917941749095917,1.5986135005950928,75.0,71.42857142857143,90.38461538461539,85.71428571428571,0.0009045084971874722,0.6226687431335449
381,0.9545203745365143,1.4590778350830078,82.6923076923077,57.142857142857146,86.53846153846153,71.42857142857143,0.0009135402871372796,0.6184027194976807
382,0.99517822265625,1.1457171440124512,78.84615384615384,78.57142857142857,94.23076923076923,78.57142857142857,0.0009221639627510062,0.6178886890411377
383,0.785849004983902,1.29889714717865,90.38461538461539,78.57142857142857,86.53846153846153,78.57142857142857,0.0009303710135019704,0.6217801570892334
384,0.883616030216217,0.9347051382064819,86.53846153846153,71.42857142857143,88.46153846153847,92.85714285714286,0.0009381533400219304,0.6156842708587646
385,1.142077088356018,1.6969634294509888,73.07692307692308,57.142857142857146,86.53846153846153,85.71428571428571,0.0009455032620941829,0.6193861961364746
386,1.0090120434761047,0.8886304497718811,75.0,71.42857142857143,94.23076923076923,85.71428571428571,0.0009524135262330084,0.611541748046875
387,0.772198885679245,1.116306185722351,82.6923076923077,57.142857142857146,96.15384615384616,92.85714285714286,0.0009588773128419893,0.6202492713928223
388,0.7511552572250366,0.8807963132858276,88.46153846153847,78.57142857142857,96.15384615384616,92.85714285714286,0.0009648882429441245,0.6131823062896729
389,0.6680618822574615,0.9194952249526978,86.53846153846153,78.57142857142857,96.15384615384616,78.57142857142857,0.0009704403844771113,0.6242737770080566
390,0.7647705972194672,1.0915650129318237,90.38461538461539,78.57142857142857,88.46153846153847,85.71428571428571,0.0009755282581475754,0.6226406097412109
391,0.6891142129898071,1.374272108078003,88.46153846153847,78.57142857142857,88.46153846153847,71.42857142857143,0.0009801468428384701,0.6173293590545654
392,0.7814913392066956,1.2257280349731445,90.38461538461539,71.42857142857143,90.38461538461539,71.42857142857143,0.0009842915805643143,0.6213812828063965
393,0.9787250459194183,1.6793742179870605,76.92307692307692,50.0,88.46153846153847,78.57142857142857,0.0009879583809693723,0.6168169975280762
394,0.8367283344268799,1.8595150709152222,86.53846153846153,57.142857142857146,82.6923076923077,78.57142857142857,0.0009911436253643429,0.6166555881500244
395,0.7343229651451111,1.3944175243377686,84.61538461538461,78.57142857142857,92.3076923076923,71.42857142857143,0.0009938441702975675,0.6198902130126953
396,0.6349046528339386,1.344512939453125,94.23076923076923,78.57142857142857,90.38461538461539,92.85714285714286,0.0009960573506572377,0.6124563217163086
397,1.0541181564331055,1.4677016735076904,78.84615384615384,57.142857142857146,84.61538461538461,85.71428571428571,0.0009977809823015387,0.6208064556121826
398,0.9903696775436401,1.393105387687683,80.76923076923077,71.42857142857143,86.53846153846153,71.42857142857143,0.0009990133642141345,0.6198842525482178
399,0.9103085100650787,0.7864519357681274,90.38461538461539,85.71428571428571,86.53846153846153,78.57142857142857,0.0009997532801828645,0.6159987449645996
400,1.1163226068019867,1.2664004564285278,80.76923076923077,71.42857142857143,76.92307692307692,64.28571428571429,0.0009999999999999987,0.6208524703979492
401,0.840896487236023,1.5157896280288696,86.53846153846153,57.142857142857146,84.61538461538461,78.57142857142857,0.0009997532801828645,0.6124992370605469
402,0.8371222019195557,1.1172401905059814,80.76923076923077,78.57142857142857,92.3076923076923,92.85714285714286,0.0009990133642141345,0.6170709133148193
403,0.9458975195884705,1.11100172996521,82.6923076923077,64.28571428571429,82.6923076923077,92.85714285714286,0.0009977809823015387,0.6147537231445312
404,0.988154947757721,1.100359320640564,80.76923076923077,71.42857142857143,92.3076923076923,85.71428571428571,0.0009960573506572377,0.6173324584960938
405,0.7263941764831543,1.224771499633789,92.3076923076923,71.42857142857143,86.53846153846153,92.85714285714286,0.0009938441702975677,0.6148004531860352
406,0.7656778693199158,1.4642724990844727,84.61538461538461,71.42857142857143,88.46153846153847,78.57142857142857,0.000991143625364343,0.6173701286315918
407,0.8829658925533295,0.7505159378051758,80.76923076923077,85.71428571428571,90.38461538461539,85.71428571428571,0.0009879583809693725,0.6208157539367676
408,0.788614809513092,0.9349582195281982,86.53846153846153,71.42857142857143,82.6923076923077,85.71428571428571,0.0009842915805643143,0.6185309886932373
409,0.8758164048194885,0.9043906331062317,86.53846153846153,92.85714285714286,88.46153846153847,92.85714285714286,0.0009801468428384703,0.6196353435516357
410,1.0691091120243073,1.509871482849121,73.07692307692308,78.57142857142857,82.6923076923077,85.71428571428571,0.0009755282581475755,0.6206624507904053
411,0.8161619305610657,1.1695311069488525,86.53846153846153,71.42857142857143,84.61538461538461,78.57142857142857,0.0009704403844771115,0.6185939311981201
412,0.9616127908229828,1.482736349105835,80.76923076923077,71.42857142857143,88.46153846153847,78.57142857142857,0.0009648882429441247,0.628577709197998
413,0.8382559716701508,1.1990697383880615,84.61538461538461,64.28571428571429,84.61538461538461,85.71428571428571,0.0009588773128419895,0.6180615425109863
414,1.1672332286834717,1.6942157745361328,73.07692307692308,57.142857142857146,86.53846153846153,85.71428571428571,0.0009524135262330088,0.6227626800537109
415,0.9224813580513,1.089802622795105,84.61538461538461,71.42857142857143,90.38461538461539,85.71428571428571,0.0009455032620941826,0.6236307621002197
416,0.886484682559967,1.5872609615325928,80.76923076923077,57.142857142857146,92.3076923076923,92.85714285714286,0.0009381533400219305,0.6194193363189697
417,0.9530833959579468,1.2229100465774536,80.76923076923077,64.28571428571429,86.53846153846153,85.71428571428571,0.0009303710135019706,0.6218686103820801
418,0.7919336557388306,1.3219506740570068,84.61538461538461,64.28571428571429,80.76923076923077,71.42857142857143,0.0009221639627510065,0.6171681880950928
419,1.1299329102039337,1.4370547533035278,73.07692307692308,57.142857142857146,92.3076923076923,85.71428571428571,0.0009135402871372799,0.62158203125
420,0.8646118342876434,1.1209523677825928,84.61538461538461,71.42857142857143,88.46153846153847,85.71428571428571,0.0009045084971874728,0.6190252304077148
421,0.9205633103847504,1.2560784816741943,88.46153846153847,71.42857142857143,88.46153846153847,78.57142857142857,0.0008950775061878442,0.6223428249359131
422,0.8590799570083618,1.1323808431625366,84.61538461538461,85.71428571428571,90.38461538461539,85.71428571428571,0.0008852566213878938,0.6244223117828369
423,0.8061257302761078,1.3106114864349365,84.61538461538461,64.28571428571429,84.61538461538461,85.71428571428571,0.000875055534815229,0.6208770275115967
424,0.7663446068763733,1.457911729812622,88.46153846153847,64.28571428571429,90.38461538461539,92.85714285714286,0.0008644843137107044,0.6198086738586426
425,0.8193767666816711,0.8662480711936951,86.53846153846153,78.57142857142857,92.3076923076923,78.57142857142857,0.0008535533905932732,0.6202290058135986
426,0.8848898112773895,1.0312281847000122,78.84615384615384,92.85714285714286,92.3076923076923,71.42857142857143,0.0008422735529643432,0.6176245212554932
427,0.8677384257316589,0.9086151123046875,84.61538461538461,85.71428571428571,86.53846153846153,85.71428571428571,0.0008306559326618249,0.6202833652496338
428,0.8677057921886444,0.9630612134933472,82.6923076923077,78.57142857142857,90.38461538461539,71.42857142857143,0.0008187119948743438,0.6132626533508301
429,1.0659196376800537,1.192204475402832,80.76923076923077,71.42857142857143,84.61538461538461,78.57142857142857,0.0008064535268264873,0.61678147315979
430,0.9699448943138123,1.3474040031433105,78.84615384615384,71.42857142857143,90.38461538461539,64.28571428571429,0.0007938926261462357,0.6191737651824951
431,0.737767368555069,1.0916601419448853,90.38461538461539,85.71428571428571,94.23076923076923,85.71428571428571,0.0007810416889260646,0.6178429126739502
432,0.8559158444404602,1.9803035259246826,86.53846153846153,57.142857142857146,92.3076923076923,85.71428571428571,0.0007679133974894978,0.6256086826324463
433,1.0409604907035828,1.0559356212615967,75.0,78.57142857142857,94.23076923076923,85.71428571428571,0.0007545207078751844,0.6221108436584473
434,1.131443202495575,1.4036191701889038,63.46153846153846,78.57142857142857,84.61538461538461,85.71428571428571,0.0007408768370508572,0.6123762130737305
435,0.97965407371521,1.3403706550598145,78.84615384615384,64.28571428571429,90.38461538461539,85.71428571428571,0.0007269952498697724,0.6196565628051758
436,0.9773501753807068,1.8384156227111816,78.84615384615384,57.142857142857146,92.3076923076923,85.71428571428571,0.0007128896457825362,0.6190426349639893
437,0.8869962692260742,1.570129632949829,80.76923076923077,57.142857142857146,90.38461538461539,92.85714285714286,0.0006985739453173894,0.6231410503387451
438,0.851739764213562,1.470773696899414,82.6923076923077,64.28571428571429,92.3076923076923,85.71428571428571,0.0006840622763423383,0.6204688549041748
439,0.9376335144042969,1.1991015672683716,73.07692307692308,78.57142857142857,86.53846153846153,78.57142857142857,0.000669368960122645,0.6225457191467285
440,0.9386194944381714,0.804685652256012,80.76923076923077,92.85714285714286,92.3076923076923,71.42857142857143,0.0006545084971874732,0.6229219436645508
441,1.0257049202919006,1.5689709186553955,73.07692307692308,57.142857142857146,86.53846153846153,92.85714285714286,0.0006394955530196142,0.620732307434082
442,1.0199667811393738,0.9548746347427368,73.07692307692308,85.71428571428571,88.46153846153847,100.0,0.0006243449435824263,0.6248326301574707
443,0.9487112760543823,1.5678516626358032,86.53846153846153,57.142857142857146,82.6923076923077,92.85714285714286,0.0006090716206982711,0.6224370002746582
444,1.0015965402126312,0.9698381423950195,75.0,85.71428571428571,88.46153846153847,85.71428571428571,0.0005936906572928613,0.6179344654083252
445,0.9417006969451904,1.3085660934448242,78.84615384615384,50.0,94.23076923076923,78.57142857142857,0.0005782172325201155,0.6186420917510986
446,0.7779612839221954,1.6175698041915894,84.61538461538461,57.142857142857146,94.23076923076923,78.57142857142857,0.0005626666167821514,0.6173596382141113
447,1.0002253651618958,1.0230402946472168,76.92307692307692,78.57142857142857,84.61538461538461,85.71428571428571,0.0005470541566592574,0.617692232131958
448,0.7055563926696777,1.3808456659317017,82.6923076923077,64.28571428571429,96.15384615384616,92.85714285714286,0.0005313952597646561,0.6205995082855225
449,0.7064557075500488,1.0729258060455322,86.53846153846153,78.57142857142857,92.3076923076923,78.57142857142857,0.0005157053795390638,0.6221432685852051
450,0.9000530242919922,1.067129135131836,78.84615384615384,64.28571428571429,88.46153846153847,71.42857142857143,0.0004999999999999997,0.6244573593139648
451,0.9092973470687866,1.0327389240264893,82.6923076923077,78.57142857142857,88.46153846153847,78.57142857142857,0.0004842946204609348,0.6200511455535889
452,0.8603231906890869,0.6947891712188721,82.6923076923077,78.57142857142857,88.46153846153847,100.0,0.0004686047402353432,0.6204025745391846
453,0.8748939633369446,0.9511436820030212,82.6923076923077,64.28571428571429,90.38461538461539,100.0,0.000452945843340742,0.6192238330841064
454,0.9724101722240448,0.8104400634765625,84.61538461538461,78.57142857142857,86.53846153846153,85.71428571428571,0.000437333383217848,0.6192765235900879
455,0.8885169923305511,1.6040167808532715,86.53846153846153,64.28571428571429,82.6923076923077,64.28571428571429,0.0004217827674798839,0.6198604106903076
456,1.007266640663147,1.082953691482544,82.6923076923077,78.57142857142857,90.38461538461539,78.57142857142857,0.000406309342707138,0.6137666702270508
457,0.8688867092132568,1.4326809644699097,78.84615384615384,64.28571428571429,82.6923076923077,78.57142857142857,0.0003909283793017283,0.6228387355804443
458,0.7790268659591675,1.9633983373641968,86.53846153846153,57.142857142857146,90.38461538461539,78.57142857142857,0.00037565505641757316,0.6195008754730225
459,0.7708159983158112,0.8988391160964966,84.61538461538461,71.42857142857143,92.3076923076923,92.85714285714286,0.0003605044469803851,0.6189472675323486
460,0.9478142857551575,1.2104638814926147,80.76923076923077,78.57142857142857,88.46153846153847,78.57142857142857,0.0003454915028125253,0.6161208152770996
461,0.8419481217861176,0.8381751775741577,84.61538461538461,85.71428571428571,84.61538461538461,78.57142857142857,0.00033063103987735425,0.6156373023986816
462,0.7663570046424866,1.0635390281677246,88.46153846153847,71.42857142857143,84.61538461538461,78.57142857142857,0.00031593772365766024,0.6237316131591797
463,0.7954446077346802,1.2143974304199219,88.46153846153847,71.42857142857143,90.38461538461539,92.85714285714286,0.0003014260546826098,0.6189277172088623
464,0.8645180761814117,1.1772286891937256,86.53846153846153,71.42857142857143,78.84615384615384,78.57142857142857,0.0002871103542174631,0.6185994148254395
465,0.7216647267341614,1.1325925588607788,84.61538461538461,71.42857142857143,94.23076923076923,85.71428571428571,0.00027300475013022695,0.6367299556732178
466,0.6924149394035339,1.3252418041229248,92.3076923076923,71.42857142857143,88.46153846153847,71.42857142857143,0.00025912316294914196,0.6150226593017578
467,0.6619065701961517,1.5391244888305664,90.38461538461539,57.142857142857146,90.38461538461539,71.42857142857143,0.0002454792921248148,0.6194503307342529
468,0.9029749035835266,1.1798901557922363,82.6923076923077,64.28571428571429,92.3076923076923,85.71428571428571,0.00023208660251050148,0.6178116798400879
469,0.7420517802238464,1.219360589981079,86.53846153846153,64.28571428571429,90.38461538461539,71.42857142857143,0.0002189583110739353,0.6205244064331055
470,0.92669677734375,1.379662275314331,84.61538461538461,85.71428571428571,90.38461538461539,64.28571428571429,0.00020610737385376337,0.6261780261993408
471,0.8305916488170624,0.9977775812149048,82.6923076923077,78.57142857142857,94.23076923076923,92.85714285714286,0.00019354647317351112,0.6161572933197021
472,0.7667731046676636,0.8994147181510925,86.53846153846153,78.57142857142857,90.38461538461539,85.71428571428571,0.0001812880051256553,0.6247291564941406
473,0.726825088262558,0.6590019464492798,86.53846153846153,92.85714285714286,90.38461538461539,78.57142857142857,0.0001693440673381736,0.6217331886291504
474,0.8707161247730255,0.973797082901001,78.84615384615384,92.85714285714286,92.3076923076923,78.57142857142857,0.00015772644703565593,0.6206445693969727
475,0.8086830973625183,1.2324415445327759,82.6923076923077,78.57142857142857,86.53846153846153,78.57142857142857,0.00014644660940672598,0.6178877353668213
476,0.7742740511894226,0.7625126242637634,82.6923076923077,92.85714285714286,90.38461538461539,85.71428571428571,0.00013551568628929463,0.618027925491333
477,0.9502797424793243,0.9962174892425537,82.6923076923077,78.57142857142857,94.23076923076923,92.85714285714286,0.00012494446518477011,0.6236472129821777
478,0.8027400970458984,1.0331915616989136,90.38461538461539,85.71428571428571,96.15384615384616,64.28571428571429,0.00011474337861210591,0.6144723892211914
479,0.8353951275348663,1.3525406122207642,76.92307692307692,78.57142857142857,88.46153846153847,92.85714285714286,0.00010492249381215485,0.6185870170593262
480,0.6599741876125336,1.0438040494918823,90.38461538461539,71.42857142857143,96.15384615384616,85.71428571428571,9.54915028125269e-05,0.6180431842803955
481,0.9574567973613739,1.5255054235458374,84.61538461538461,71.42857142857143,82.6923076923077,92.85714285714286,8.645971286271922e-05,0.6181671619415283
482,0.76426100730896,0.9107093811035156,80.76923076923077,85.71428571428571,92.3076923076923,78.57142857142857,7.783603724899216e-05,0.6154055595397949
483,0.6997216939926147,1.3157563209533691,90.38461538461539,57.142857142857146,90.38461538461539,78.57142857142857,6.962898649802839e-05,0.6164360046386719
484,0.7019670009613037,0.9471439123153687,90.38461538461539,71.42857142857143,92.3076923076923,85.71428571428571,6.184665997806804e-05,0.6165237426757812
485,0.7291935980319977,0.9127047061920166,90.38461538461539,78.57142857142857,90.38461538461539,92.85714285714286,5.449673790581633e-05,0.6193883419036865
486,0.7279467284679413,0.9088997840881348,86.53846153846153,78.57142857142857,88.46153846153847,85.71428571428571,4.7586473766990165e-05,0.6187465190887451
487,0.7313930988311768,1.3551867008209229,86.53846153846153,71.42857142857143,92.3076923076923,92.85714285714286,4.112268715800978e-05,0.6192657947540283
488,0.7113129496574402,0.7070872783660889,92.3076923076923,85.71428571428571,86.53846153846153,92.85714285714286,3.511175705587429e-05,0.6217451095581055
489,0.7158149480819702,0.8433662056922913,92.3076923076923,92.85714285714286,80.76923076923077,71.42857142857143,2.955961552288763e-05,0.6170692443847656
490,0.651559978723526,0.7672324180603027,92.3076923076923,85.71428571428571,98.07692307692308,85.71428571428571,2.4471741852423262e-05,0.6190023422241211
491,0.7423576414585114,1.2561707496643066,86.53846153846153,78.57142857142857,88.46153846153847,85.71428571428571,1.985315716152828e-05,0.632047176361084
492,0.7273402810096741,0.7564679384231567,82.6923076923077,85.71428571428571,92.3076923076923,85.71428571428571,1.5708419435684555e-05,0.6220331192016602
493,0.7399910688400269,1.4237117767333984,86.53846153846153,71.42857142857143,86.53846153846153,85.71428571428571,1.2041619030626213e-05,0.6232345104217529
494,0.8092819452285767,1.4382362365722656,86.53846153846153,71.42857142857143,92.3076923076923,78.57142857142857,8.856374635655795e-06,0.6144874095916748
495,0.6662206649780273,0.6507008075714111,88.46153846153847,92.85714285714286,92.3076923076923,78.57142857142857,6.1558297024311075e-06,0.6205732822418213
496,0.7936161756515503,0.8624972105026245,90.38461538461539,71.42857142857143,88.46153846153847,85.71428571428571,3.942649342761168e-06,0.6155505180358887
497,0.7754578292369843,1.3157947063446045,86.53846153846153,64.28571428571429,98.07692307692308,92.85714285714286,2.2190176984599993e-06,0.6496148109436035
498,0.9478904008865356,1.4432227611541748,88.46153846153847,71.42857142857143,88.46153846153847,92.85714285714286,9.86635785864275e-07,0.6204197406768799
499,0.9114753901958466,1.105738878250122,80.76923076923077,85.71428571428571,94.23076923076923,78.57142857142857,2.4671981713425525e-07,0.6176373958587646
500,0.6825087666511536,0.7722492814064026,92.3076923076923,92.85714285714286,86.53846153846153,78.57142857142857,0.0,0.6205916404724121
501,0.8137150406837463,0.7214084267616272,88.46153846153847,92.85714285714286,88.46153846153847,78.57142857142857,2.467198171342e-07,0.6212215423583984
502,0.7708674967288971,1.1360125541687012,84.61538461538461,78.57142857142857,90.38461538461539,92.85714285714286,9.866357858642204e-07,0.6208288669586182
503,0.6192055493593216,1.1566470861434937,90.38461538461539,71.42857142857143,92.3076923076923,92.85714285714286,2.2190176984599464e-06,0.6249630451202393
504,0.8092266321182251,1.0103461742401123,80.76923076923077,71.42857142857143,90.38461538461539,85.71428571428571,3.942649342761118e-06,0.6182360649108887
505,0.6216851770877838,1.1047688722610474,94.23076923076923,78.57142857142857,90.38461538461539,92.85714285714286,6.155829702431005e-06,0.6180810928344727
506,0.7244485020637512,1.034613013267517,84.61538461538461,71.42857142857143,94.23076923076923,71.42857142857143,8.856374635655697e-06,0.6182405948638916
507,0.6164327263832092,0.8890273571014404,94.23076923076923,78.57142857142857,90.38461538461539,78.57142857142857,1.2041619030626118e-05,0.617687463760376
508,0.889287918806076,1.2300968170166016,82.6923076923077,64.28571428571429,86.53846153846153,85.71428571428571,1.570841943568441e-05,0.6222243309020996
509,0.9013310670852661,1.154846429824829,84.61538461538461,78.57142857142857,90.38461538461539,78.57142857142857,1.9853157161528137e-05,0.619377851486206
510,0.682598888874054,1.0907580852508545,92.3076923076923,71.42857142857143,86.53846153846153,85.71428571428571,2.4471741852423404e-05,0.6226794719696045
511,0.6611804664134979,1.0084707736968994,92.3076923076923,85.71428571428571,92.3076923076923,85.71428571428571,2.955961552288711e-05,0.6238250732421875
512,0.9007604718208313,1.1042670011520386,82.6923076923077,71.42857142857143,94.23076923076923,85.71428571428571,3.511175705587445e-05,0.6199219226837158
513,0.8270899653434753,1.3014638423919678,84.61538461538461,71.42857142857143,92.3076923076923,85.71428571428571,4.112268715800922e-05,0.6265733242034912
514,0.7932366728782654,1.8846468925476074,84.61538461538461,64.28571428571429,90.38461538461539,85.71428571428571,4.7586473766990335e-05,0.6193680763244629
515,0.9260011911392212,1.265694499015808,76.92307692307692,78.57142857142857,90.38461538461539,78.57142857142857,5.449673790581573e-05,0.6225171089172363
516,0.7712733745574951,0.6929096579551697,88.46153846153847,85.71428571428571,90.38461538461539,92.85714285714286,6.184665997806823e-05,0.6224298477172852
517,0.6988629698753357,1.1288288831710815,86.53846153846153,78.57142857142857,92.3076923076923,100.0,6.962898649802864e-05,0.6201772689819336
518,0.6155716180801392,0.7039958238601685,90.38461538461539,92.85714285714286,98.07692307692308,85.71428571428571,7.783603724899244e-05,0.6277573108673096
519,0.6929152011871338,1.039750337600708,92.3076923076923,85.71428571428571,88.46153846153847,85.71428571428571,8.645971286271952e-05,0.6134970188140869
520,0.7976706922054291,1.133821725845337,90.38461538461539,71.42857142857143,84.61538461538461,78.57142857142857,9.549150281252615e-05,0.620549201965332
521,0.8765961229801178,1.1381030082702637,82.6923076923077,78.57142857142857,86.53846153846153,78.57142857142857,0.00010492249381215516,0.6202292442321777
522,0.7495928108692169,1.7380645275115967,90.38461538461539,64.28571428571429,90.38461538461539,85.71428571428571,0.00011474337861210514,0.6242287158966064
523,0.8887680172920227,1.029778242111206,80.76923076923077,78.57142857142857,88.46153846153847,85.71428571428571,0.00012494446518477047,0.6245450973510742
524,0.8660130500793457,1.2375950813293457,80.76923076923077,71.42857142857143,92.3076923076923,92.85714285714286,0.00013551568628929382,0.6184799671173096
525,0.7457242608070374,1.0048582553863525,86.53846153846153,85.71428571428571,94.23076923076923,78.57142857142857,0.00014644660940672636,0.6186075210571289
526,0.8373102843761444,0.8013759255409241,82.6923076923077,85.71428571428571,92.3076923076923,78.57142857142857,0.00015772644703565642,0.6168091297149658
527,0.6160491704940796,1.2101948261260986,88.46153846153847,78.57142857142857,92.3076923076923,78.57142857142857,0.0001693440673381741,0.6155757904052734
528,0.8035846650600433,0.885356068611145,80.76923076923077,85.71428571428571,88.46153846153847,78.57142857142857,0.0001812880051256558,0.6223189830780029
529,0.7952223420143127,1.3797577619552612,78.84615384615384,64.28571428571429,92.3076923076923,92.85714285714286,0.00019354647317351164,0.6178755760192871
530,0.6882714927196503,1.6311990022659302,88.46153846153847,57.142857142857146,94.23076923076923,85.71428571428571,0.00020610737385376394,0.6199784278869629
531,0.7801600098609924,1.3225620985031128,92.3076923076923,64.28571428571429,88.46153846153847,78.57142857142857,0.00021895831107393446,0.6238336563110352
532,0.7911303341388702,0.7972490191459656,88.46153846153847,78.57142857142857,88.46153846153847,78.57142857142857,0.0002320866025105021,0.6161019802093506
533,0.9058974981307983,1.6170238256454468,88.46153846153847,57.142857142857146,84.61538461538461,71.42857142857143,0.0002454792921248139,0.6181361675262451
534,0.7853881418704987,1.1195740699768066,82.6923076923077,71.42857142857143,92.3076923076923,85.71428571428571,0.0002591231629491426,0.6181960105895996
535,0.5451115071773529,1.0013724565505981,96.15384615384616,85.71428571428571,88.46153846153847,71.42857142857143,0.0002730047501302276,0.6254832744598389
536,0.7533183097839355,0.8338240385055542,88.46153846153847,78.57142857142857,92.3076923076923,78.57142857142857,0.00028711035421746377,0.6217789649963379
537,0.6725632548332214,1.1511502265930176,94.23076923076923,85.71428571428571,88.46153846153847,78.57142857142857,0.00030142605468261053,0.6163551807403564
538,0.6221195161342621,0.8671835064888,90.38461538461539,78.57142857142857,94.23076923076923,71.42857142857143,0.000315937723657661,0.6220047473907471
539,0.8132337033748627,0.8664230108261108,82.6923076923077,78.57142857142857,90.38461538461539,78.57142857142857,0.00033063103987735507,0.615243673324585
540,0.7667095065116882,0.8431417942047119,88.46153846153847,92.85714285714286,88.46153846153847,71.42857142857143,0.0003454915028125261,0.6227798461914062
541,0.7615119218826294,1.2136955261230469,90.38461538461539,78.57142857142857,82.6923076923077,85.71428571428571,0.00036050444698038607,0.6189515590667725
542,0.7050409018993378,0.855892539024353,88.46153846153847,78.57142857142857,90.38461538461539,78.57142857142857,0.0003756550564175724,0.6213650703430176
543,0.7696728110313416,0.8257055282592773,82.6923076923077,85.71428571428571,86.53846153846153,85.71428571428571,0.0003909283793017293,0.6206815242767334
544,0.49928298592567444,1.0635454654693604,96.15384615384616,71.42857142857143,98.07692307692308,85.71428571428571,0.0004063093427071391,0.6178357601165771
545,0.9046312570571899,1.1269956827163696,82.6923076923077,71.42857142857143,90.38461538461539,85.71428571428571,0.00042178276747988503,0.6211516857147217
546,0.7678450047969818,1.0113608837127686,90.38461538461539,71.42857142857143,86.53846153846153,100.0,0.0004373333832178491,0.6205151081085205
547,0.9489859342575073,1.0020875930786133,82.6923076923077,78.57142857142857,90.38461538461539,78.57142857142857,0.00045294584334074317,0.6144313812255859
548,0.65532186627388,1.5364348888397217,86.53846153846153,71.42857142857143,88.46153846153847,85.71428571428571,0.00046860474023534444,0.6134786605834961
549,0.7337855696678162,0.867925763130188,90.38461538461539,78.57142857142857,94.23076923076923,85.71428571428571,0.000484294620460936,0.6108531951904297
550,0.6901111006736755,0.8902920484542847,90.38461538461539,85.71428571428571,92.3076923076923,85.71428571428571,0.0005000000000000009,0.6175668239593506
551,0.7607771754264832,1.3834528923034668,88.46153846153847,71.42857142857143,92.3076923076923,78.57142857142857,0.000515705379539064,0.6209225654602051
552,0.7085273861885071,0.8587644100189209,90.38461538461539,85.71428571428571,94.23076923076923,85.71428571428571,0.0005313952597646574,0.6266353130340576
553,0.6248250305652618,0.741365373134613,96.15384615384616,92.85714285714286,90.38461538461539,85.71428571428571,0.000547054156659257,0.6252446174621582
554,0.8231537044048309,1.4156057834625244,88.46153846153847,78.57142857142857,90.38461538461539,85.71428571428571,0.0005626666167821528,0.6156108379364014
555,1.102060317993164,1.0559284687042236,78.84615384615384,85.71428571428571,86.53846153846153,85.71428571428571,0.0005782172325201169,0.6189560890197754
556,0.6501653492450714,1.2898070812225342,90.38461538461539,71.42857142857143,90.38461538461539,92.85714285714286,0.0005936906572928627,0.6191675662994385
557,0.761149674654007,1.7731374502182007,88.46153846153847,57.142857142857146,92.3076923076923,78.57142857142857,0.0006090716206982724,0.6148960590362549
558,0.8858642280101776,1.2437031269073486,84.61538461538461,71.42857142857143,94.23076923076923,78.57142857142857,0.0006243449435824277,0.6233417987823486
559,0.818329930305481,1.8018770217895508,76.92307692307692,71.42857142857143,92.3076923076923,78.57142857142857,0.0006394955530196158,0.6201951503753662
560,0.8646549582481384,1.3757655620574951,82.6923076923077,78.57142857142857,94.23076923076923,85.71428571428571,0.000654508497187474,0.6214299201965332
561,0.8217187821865082,0.9578596949577332,86.53846153846153,64.28571428571429,86.53846153846153,92.85714285714286,0.0006693689601226467,0.6247713565826416
562,0.7546864449977875,1.3105480670928955,88.46153846153847,57.142857142857146,92.3076923076923,78.57142857142857,0.0006840622763423391,0.6194255352020264
563,0.7218277156352997,1.0643635988235474,84.61538461538461,71.42857142857143,86.53846153846153,85.71428571428571,0.0006985739453173912,0.6235740184783936
564,0.8459989130496979,1.0924432277679443,84.61538461538461,71.42857142857143,86.53846153846153,85.71428571428571,0.0007128896457825364,0.6129670143127441
565,0.7953769266605377,1.1163504123687744,84.61538461538461,78.57142857142857,82.6923076923077,78.57142857142857,0.0007269952498697741,0.620133638381958
566,0.8437409400939941,1.131767988204956,80.76923076923077,64.28571428571429,90.38461538461539,78.57142857142857,0.000740876837050859,0.6182360649108887
567,0.7028807699680328,0.8102973699569702,90.38461538461539,85.71428571428571,92.3076923076923,85.71428571428571,0.0007545207078751864,0.6191763877868652
568,0.7272388339042664,0.9666649103164673,90.38461538461539,78.57142857142857,90.38461538461539,100.0,0.0007679133974894997,0.6391692161560059
569,0.792165219783783,1.3732002973556519,80.76923076923077,71.42857142857143,90.38461538461539,92.85714285714286,0.0007810416889260658,0.6182165145874023
570,0.8309840261936188,1.478885531425476,84.61538461538461,64.28571428571429,88.46153846153847,92.85714285714286,0.0007938926261462379,0.6229243278503418
571,0.8291869163513184,1.2261395454406738,84.61538461538461,78.57142857142857,92.3076923076923,78.57142857142857,0.0008064535268264887,0.6202380657196045
572,0.8277617990970612,1.3590422868728638,88.46153846153847,71.42857142857143,88.46153846153847,71.42857142857143,0.0008187119948743461,0.6190934181213379
573,0.6415673494338989,1.3746180534362793,92.3076923076923,71.42857142857143,92.3076923076923,85.71428571428571,0.0008306559326618264,0.6228976249694824
574,0.5172525495290756,1.4504249095916748,94.23076923076923,64.28571428571429,94.23076923076923,85.71428571428571,0.0008422735529643455,0.6254849433898926
575,0.8508131504058838,1.4752522706985474,80.76923076923077,64.28571428571429,92.3076923076923,92.85714285714286,0.0008535533905932741,0.6155838966369629
576,0.8165048956871033,2.056567668914795,86.53846153846153,57.142857142857146,92.3076923076923,78.57142857142857,0.0008644843137107068,0.6265013217926025
577,0.7945536077022552,1.1699998378753662,84.61538461538461,64.28571428571429,94.23076923076923,85.71428571428571,0.0008750555348152313,0.6218976974487305
578,0.8733660876750946,0.9524668455123901,84.61538461538461,78.57142857142857,88.46153846153847,78.57142857142857,0.0008852566213878955,0.6216232776641846
579,1.1535765528678894,0.9711073637008667,73.07692307692308,78.57142857142857,88.46153846153847,78.57142857142857,0.0008950775061878465,0.6293671131134033
580,0.8957848846912384,1.8082486391067505,78.84615384615384,50.0,90.38461538461539,85.71428571428571,0.0009045084971874744,0.6243898868560791
581,0.9869110584259033,2.4500491619110107,78.84615384615384,35.714285714285715,84.61538461538461,85.71428571428571,0.000913540287137282,0.6268348693847656
582,1.043127954006195,1.174713134765625,78.84615384615384,71.42857142857143,86.53846153846153,92.85714285714286,0.000922163962751008,0.623098611831665
583,0.8398997187614441,0.8708009123802185,80.76923076923077,85.71428571428571,88.46153846153847,71.42857142857143,0.0009303710135019726,0.6265769004821777
584,1.0586217045783997,1.1588213443756104,78.84615384615384,64.28571428571429,88.46153846153847,85.71428571428571,0.0009381533400219321,0.6171197891235352
585,1.0845497250556946,0.8779799938201904,75.0,78.57142857142857,84.61538461538461,92.85714285714286,0.0009455032620941845,0.6240127086639404
586,0.992485910654068,1.081672191619873,75.0,78.57142857142857,90.38461538461539,85.71428571428571,0.0009524135262330099,0.6311242580413818
587,0.8615259230136871,1.0363185405731201,86.53846153846153,78.57142857142857,90.38461538461539,85.71428571428571,0.000958877312841991,0.6229696273803711
588,0.9222514629364014,1.1437007188796997,86.53846153846153,64.28571428571429,88.46153846153847,78.57142857142857,0.0009648882429441264,0.6324813365936279
589,0.8061795830726624,1.559833288192749,86.53846153846153,50.0,86.53846153846153,85.71428571428571,0.0009704403844771131,0.6252202987670898
590,1.0441910922527313,1.4597550630569458,73.07692307692308,64.28571428571429,86.53846153846153,85.71428571428571,0.0009755282581475773,0.6202409267425537
591,0.7640984952449799,1.1186206340789795,84.61538461538461,78.57142857142857,88.46153846153847,78.57142857142857,0.0009801468428384719,0.6263349056243896
592,0.8554707765579224,0.904620885848999,88.46153846153847,78.57142857142857,88.46153846153847,92.85714285714286,0.000984291580564316,0.6204912662506104
593,0.9096952080726624,1.393547773361206,82.6923076923077,78.57142857142857,86.53846153846153,64.28571428571429,0.0009879583809693738,0.6193652153015137
594,0.7635656595230103,1.1836867332458496,88.46153846153847,85.71428571428571,94.23076923076923,71.42857142857143,0.0009911436253643446,0.6372873783111572
595,0.7302343845367432,0.7544540166854858,88.46153846153847,78.57142857142857,92.3076923076923,92.85714285714286,0.0009938441702975688,0.6228697299957275
596,0.8950986266136169,0.8477020263671875,88.46153846153847,78.57142857142857,88.46153846153847,85.71428571428571,0.0009960573506572392,0.6229660511016846
597,0.8554286956787109,1.1442465782165527,82.6923076923077,85.71428571428571,90.38461538461539,78.57142857142857,0.0009977809823015402,0.6187589168548584
598,0.9391880333423615,1.469991683959961,76.92307692307692,71.42857142857143,96.15384615384616,92.85714285714286,0.000999013364214136,0.6290910243988037
599,1.0897826850414276,1.1360106468200684,80.76923076923077,71.42857142857143,88.46153846153847,85.71428571428571,0.000999753280182866,0.6200144290924072
600,0.7973217964172363,1.2756996154785156,88.46153846153847,71.42857142857143,90.38461538461539,92.85714285714286,0.0010000000000000002,0.6268811225891113
601,0.7883405089378357,1.9792711734771729,86.53846153846153,50.0,92.3076923076923,64.28571428571429,0.000999753280182866,0.6215341091156006
602,0.6836956143379211,0.8163698315620422,90.38461538461539,85.71428571428571,90.38461538461539,85.71428571428571,0.0009990133642141363,0.6302824020385742
603,0.8907650113105774,1.608976125717163,82.6923076923077,64.28571428571429,90.38461538461539,78.57142857142857,0.0009977809823015404,0.615217924118042
604,0.9904727935791016,1.7049046754837036,78.84615384615384,64.28571428571429,86.53846153846153,85.71428571428571,0.0009960573506572394,0.6476988792419434
605,0.8337805867195129,0.7058714032173157,86.53846153846153,85.71428571428571,92.3076923076923,92.85714285714286,0.0009938441702975693,0.6234097480773926
606,0.9503759741783142,1.274765133857727,76.92307692307692,71.42857142857143,92.3076923076923,92.85714285714286,0.0009911436253643448,0.616757869720459
607,0.9695867896080017,1.4500341415405273,71.15384615384616,57.142857142857146,92.3076923076923,92.85714285714286,0.000987958380969374,0.615896463394165
608,0.8092622756958008,0.864928126335144,86.53846153846153,78.57142857142857,86.53846153846153,92.85714285714286,0.000984291580564316,0.6192619800567627
609,0.7524402141571045,2.0185623168945312,86.53846153846153,42.857142857142854,90.38461538461539,64.28571428571429,0.0009801468428384719,0.6268234252929688
610,1.0865174531936646,0.9918045997619629,75.0,64.28571428571429,84.61538461538461,85.71428571428571,0.0009755282581475768,0.6110901832580566
611,1.0196622610092163,1.458721399307251,84.61538461538461,57.142857142857146,84.61538461538461,85.71428571428571,0.0009704403844771132,0.6210830211639404
612,0.8547022342681885,1.287236213684082,78.84615384615384,64.28571428571429,88.46153846153847,85.71428571428571,0.0009648882429441259,0.619267463684082
613,0.9500177800655365,1.36875581741333,75.0,57.142857142857146,92.3076923076923,78.57142857142857,0.0009588773128419912,0.6157419681549072
614,0.9485951066017151,1.5280572175979614,76.92307692307692,64.28571428571429,82.6923076923077,78.57142857142857,0.00095241352623301,0.6167008876800537
615,0.7495829164981842,1.3818509578704834,86.53846153846153,64.28571428571429,92.3076923076923,78.57142857142857,0.0009455032620941847,0.6201152801513672
616,0.8748324513435364,1.0192607641220093,86.53846153846153,85.71428571428571,92.3076923076923,78.57142857142857,0.0009381533400219321,0.6151065826416016
617,0.9485458135604858,1.1785967350006104,76.92307692307692,78.57142857142857,86.53846153846153,71.42857142857143,0.0009303710135019726,0.6170856952667236
618,0.6814800798892975,1.6964836120605469,84.61538461538461,64.28571428571429,96.15384615384616,92.85714285714286,0.000922163962751008,0.6146519184112549
619,0.8837981224060059,0.9721028208732605,82.6923076923077,85.71428571428571,90.38461538461539,71.42857142857143,0.000913540287137281,0.6242654323577881
620,0.7470236718654633,1.2088351249694824,88.46153846153847,71.42857142857143,94.23076923076923,85.71428571428571,0.0009045084971874743,0.6134703159332275
621,0.9448079466819763,0.8337962627410889,82.6923076923077,78.57142857142857,90.38461538461539,78.57142857142857,0.0008950775061878452,0.6162230968475342
622,0.9583487510681152,1.1639639139175415,82.6923076923077,64.28571428571429,90.38461538461539,78.57142857142857,0.0008852566213878953,0.6155016422271729
623,0.8737736344337463,0.988383412361145,84.61538461538461,78.57142857142857,88.46153846153847,85.71428571428571,0.0008750555348152299,0.6168360710144043
624,0.9768401086330414,0.9850940704345703,80.76923076923077,85.71428571428571,86.53846153846153,92.85714285714286,0.0008644843137107066,0.6177091598510742
625,0.8672080636024475,1.2319958209991455,78.84615384615384,64.28571428571429,88.46153846153847,85.71428571428571,0.0008535533905932739,0.609257698059082
626,0.8139366805553436,1.4328175783157349,86.53846153846153,71.42857142857143,90.38461538461539,71.42857142857143,0.0008422735529643453,0.6155283451080322
627,0.7949149906635284,1.535266399383545,86.53846153846153,78.57142857142857,86.53846153846153,71.42857142857143,0.0008306559326618263,0.6212561130523682
628,0.7656691074371338,1.0968124866485596,84.61538461538461,71.42857142857143,90.38461538461539,71.42857142857143,0.000818711994874346,0.6100964546203613
629,0.8575920462608337,1.4535388946533203,84.61538461538461,64.28571428571429,88.46153846153847,78.57142857142857,0.0008064535268264887,0.6135616302490234
630,0.9738196134567261,1.2324655055999756,82.6923076923077,71.42857142857143,94.23076923076923,85.71428571428571,0.0007938926261462365,0.6112504005432129
631,0.881700873374939,1.257101058959961,82.6923076923077,71.42857142857143,90.38461538461539,92.85714285714286,0.0007810416889260658,0.6122136116027832
632,0.6956141591072083,1.502648949623108,92.3076923076923,71.42857142857143,88.46153846153847,85.71428571428571,0.0007679133974894983,0.6165809631347656
633,0.8746830523014069,1.0171105861663818,82.6923076923077,85.71428571428571,90.38461538461539,92.85714285714286,0.0007545207078751865,0.6244602203369141
634,0.7803064286708832,0.8104335069656372,84.61538461538461,78.57142857142857,94.23076923076923,92.85714285714286,0.0007408768370508578,0.6182610988616943
635,0.8429131209850311,0.8804244995117188,82.6923076923077,78.57142857142857,94.23076923076923,92.85714285714286,0.0007269952498697744,0.6226193904876709
636,0.8091608285903931,0.8875502347946167,88.46153846153847,71.42857142857143,84.61538461538461,92.85714285714286,0.0007128896457825366,0.6213173866271973
637,0.7232571244239807,0.9473586082458496,92.3076923076923,71.42857142857143,86.53846153846153,92.85714285714286,0.0006985739453173915,0.6181306838989258
638,0.8487865328788757,0.9018464088439941,80.76923076923077,85.71428571428571,88.46153846153847,64.28571428571429,0.0006840622763423395,0.6250040531158447
639,0.7369707226753235,0.824671745300293,86.53846153846153,85.71428571428571,94.23076923076923,78.57142857142857,0.000669368960122647,0.6227293014526367
640,0.7996938526630402,0.8905340433120728,86.53846153846153,85.71428571428571,92.3076923076923,92.85714285714286,0.0006545084971874743,0.6207680702209473
641,0.8241059482097626,0.9925296306610107,88.46153846153847,85.71428571428571,90.38461538461539,71.42857142857143,0.0006394955530196145,0.6204471588134766
642,0.8943414986133575,1.5097107887268066,84.61538461538461,71.42857142857143,88.46153846153847,78.57142857142857,0.0006243449435824282,0.6179063320159912
643,1.0852728486061096,1.389301061630249,75.0,78.57142857142857,88.46153846153847,85.71428571428571,0.0006090716206982713,0.6170399188995361
644,0.7753157913684845,0.7334284782409668,90.38461538461539,85.71428571428571,90.38461538461539,92.85714285714286,0.0005936906572928633,0.6188127994537354
645,0.7732017338275909,0.7225545644760132,84.61538461538461,85.71428571428571,90.38461538461539,85.71428571428571,0.0005782172325201156,0.6156520843505859
646,0.837504655122757,1.275223970413208,80.76923076923077,78.57142857142857,90.38461538461539,71.42857142857143,0.0005626666167821532,0.6150872707366943
647,0.8693851828575134,0.685865044593811,86.53846153846153,92.85714285714286,90.38461538461539,92.85714285714286,0.0005470541566592574,0.6142399311065674
648,0.8904067277908325,1.7502119541168213,73.07692307692308,64.28571428571429,92.3076923076923,71.42857142857143,0.000531395259764658,0.6160826683044434
649,1.0084323585033417,0.9336307048797607,84.61538461538461,85.71428571428571,88.46153846153847,78.57142857142857,0.0005157053795390645,0.6201584339141846
650,0.658816397190094,0.9066513776779175,90.38461538461539,85.71428571428571,90.38461538461539,71.42857142857143,0.0005000000000000014,0.6161887645721436
651,0.850315123796463,1.3800938129425049,84.61538461538461,78.57142857142857,86.53846153846153,78.57142857142857,0.00048429462046093645,0.6184329986572266
652,0.8681498467922211,0.7532799243927002,80.76923076923077,85.71428571428571,90.38461538461539,92.85714285714286,0.0004686047402353448,0.616586446762085
653,0.8338130116462708,0.7661306858062744,86.53846153846153,85.71428571428571,88.46153846153847,85.71428571428571,0.00045294584334074176,0.6141262054443359
654,0.6624401807785034,1.0046405792236328,92.3076923076923,71.42857142857143,92.3076923076923,85.71428571428571,0.0004373333832178478,0.6188035011291504
655,0.6966516673564911,0.969933271408081,86.53846153846153,85.71428571428571,94.23076923076923,85.71428571428571,0.00042178276747988547,0.6231212615966797
656,0.6588417291641235,1.5707547664642334,94.23076923076923,64.28571428571429,90.38461538461539,92.85714285714286,0.0004063093427071395,0.6183664798736572
657,0.7625564932823181,1.1927390098571777,92.3076923076923,71.42857142857143,90.38461538461539,92.85714285714286,0.000390928379301728,0.6178038120269775
658,0.653476744890213,0.8631613254547119,90.38461538461539,78.57142857142857,88.46153846153847,71.42857142857143,0.00037565505641757284,0.614349365234375
659,0.7362833619117737,1.4335122108459473,90.38461538461539,64.28571428571429,90.38461538461539,85.71428571428571,0.00036050444698038656,0.6459856033325195
660,0.6193999648094177,1.2524505853652954,90.38461538461539,71.42857142857143,96.15384615384616,85.71428571428571,0.0003454915028125284,0.6190366744995117
661,0.8363744020462036,0.9340986013412476,80.76923076923077,78.57142857142857,84.61538461538461,100.0,0.00033063103987735393,0.6236443519592285
662,0.7403151988983154,0.9207944869995117,90.38461538461539,78.57142857142857,88.46153846153847,92.85714285714286,0.0003159377236576616,0.6256155967712402
663,0.6926860511302948,1.8176361322402954,88.46153846153847,71.42857142857143,88.46153846153847,78.57142857142857,0.0003014260546826111,0.6186630725860596
664,0.8782637417316437,1.3153669834136963,84.61538461538461,78.57142857142857,90.38461538461539,78.57142857142857,0.00028711035421746274,0.6180930137634277
665,0.8230624794960022,0.8450763821601868,88.46153846153847,85.71428571428571,88.46153846153847,85.71428571428571,0.0002730047501302265,0.6232640743255615
666,0.6126341819763184,1.1326764822006226,90.38461538461539,78.57142857142857,92.3076923076923,85.71428571428571,0.0002591231629491431,0.6224579811096191
667,0.827536404132843,0.7866453528404236,86.53846153846153,92.85714285714286,90.38461538461539,78.57142857142857,0.0002454792921248159,0.6237633228302002
668,0.8674343526363373,1.0530823469161987,80.76923076923077,78.57142857142857,92.3076923076923,92.85714285714286,0.00023208660251050105,0.6143953800201416
669,0.8200885951519012,0.9308063983917236,84.61538461538461,85.71428571428571,84.61538461538461,78.57142857142857,0.00021895831107393492,0.6126449108123779
670,1.096863567829132,1.3676161766052246,75.0,71.42857142857143,86.53846153846153,85.71428571428571,0.00020610737385376443,0.6196677684783936
671,1.014539897441864,0.9899687767028809,78.84615384615384,78.57142857142857,82.6923076923077,78.57142857142857,0.00019354647317351348,0.6188497543334961
672,0.7746442258358002,0.8275438547134399,88.46153846153847,78.57142857142857,90.38461538461539,92.85714285714286,0.00018128800512565485,0.6175994873046875
673,0.7074253559112549,1.3489487171173096,88.46153846153847,85.71428571428571,94.23076923076923,64.28571428571429,0.00016934406733817454,0.621021032333374
674,0.7493667602539062,1.046431303024292,86.53846153846153,85.71428571428571,90.38461538461539,78.57142857142857,0.00015772644703565682,0.6141438484191895
675,0.6749793887138367,1.7257791757583618,86.53846153846153,57.142857142857146,90.38461538461539,85.71428571428571,0.00014644660940672558,0.6200644969940186
676,0.6046642810106277,1.175511360168457,92.3076923076923,78.57142857142857,88.46153846153847,78.57142857142857,0.00013551568628929425,0.620697021484375
677,0.8694393336772919,0.9535928964614868,78.84615384615384,71.42857142857143,82.6923076923077,85.71428571428571,0.0001249444651847709,0.6217041015625
678,0.7381018698215485,1.4286885261535645,90.38461538461539,78.57142857142857,88.46153846153847,64.28571428571429,0.00011474337861210663,0.6150610446929932
679,0.6613011956214905,1.359297513961792,90.38461538461539,71.42857142857143,94.23076923076923,85.71428571428571,0.00010492249381215444,0.6135094165802002
680,0.8949544429779053,0.8730953931808472,84.61538461538461,71.42857142857143,86.53846153846153,85.71428571428571,9.549150281252653e-05,0.6204802989959717
681,0.8660099506378174,1.1886658668518066,84.61538461538461,85.71428571428571,92.3076923076923,78.57142857142857,8.645971286271984e-05,0.6180360317230225
682,0.8164640665054321,1.176300287246704,84.61538461538461,78.57142857142857,88.46153846153847,78.57142857142857,7.783603724899372e-05,0.6192398071289062
683,0.74539715051651,1.462594747543335,84.61538461538461,71.42857142857143,90.38461538461539,100.0,6.962898649802805e-05,0.61956787109375
684,0.5364278256893158,0.8453911542892456,96.15384615384616,78.57142857142857,94.23076923076923,71.42857142857143,6.184665997806858e-05,0.6208467483520508
685,0.6890898942947388,0.7735756635665894,84.61538461538461,78.57142857142857,90.38461538461539,92.85714285714286,5.449673790581686e-05,0.6203498840332031
686,0.860055685043335,1.3084678649902344,86.53846153846153,78.57142857142857,88.46153846153847,57.142857142857146,4.758647376698986e-05,0.6214063167572021
687,0.8403968811035156,1.1393494606018066,88.46153846153847,78.57142857142857,84.61538461538461,92.85714285714286,4.112268715800947e-05,0.6232202053070068
688,0.8236446678638458,1.3102482557296753,84.61538461538461,71.42857142857143,88.46153846153847,78.57142857142857,3.5111757055874705e-05,0.617783784866333
689,0.8067099452018738,0.9573853611946106,86.53846153846153,85.71428571428571,90.38461538461539,92.85714285714286,2.9559615522887985e-05,0.6153240203857422
690,0.7289424240589142,1.0837457180023193,88.46153846153847,78.57142857142857,94.23076923076923,78.57142857142857,2.4471741852423062e-05,0.6180722713470459
691,0.7910160720348358,1.141701579093933,86.53846153846153,78.57142857142857,90.38461538461539,71.42857142857143,1.9853157161528628e-05,0.616276741027832
692,0.7911504209041595,0.9897862672805786,82.6923076923077,78.57142857142857,90.38461538461539,100.0,1.5708419435684792e-05,0.6254260540008545
693,0.7640421688556671,1.0164573192596436,88.46153846153847,85.71428571428571,86.53846153846153,85.71428571428571,1.2041619030626447e-05,0.6152372360229492
694,0.7434525489807129,1.214480996131897,92.3076923076923,85.71428571428571,86.53846153846153,78.57142857142857,8.856374635655637e-06,0.6204001903533936
695,0.6792384386062622,1.4753005504608154,90.38461538461539,78.57142857142857,88.46153846153847,78.57142857142857,6.15582970243128e-06,0.6163146495819092
696,0.6989080309867859,0.8414349555969238,94.23076923076923,85.71428571428571,90.38461538461539,85.71428571428571,3.942649342761339e-06,0.6150696277618408
697,0.6296587288379669,1.0483165979385376,94.23076923076923,64.28571428571429,90.38461538461539,85.71428571428571,2.2190176984599464e-06,0.6179037094116211
698,0.77303546667099,1.1461877822875977,88.46153846153847,78.57142857142857,90.38461538461539,78.57142857142857,9.866357858642204e-07,0.6141457557678223
699,0.8448784947395325,1.2576943635940552,86.53846153846153,71.42857142857143,90.38461538461539,85.71428571428571,2.4671981713425546e-07,0.6158998012542725
700,0.7652841806411743,1.0178542137145996,88.46153846153847,64.28571428571429,92.3076923076923,78.57142857142857,0.0,0.6169435977935791
701,0.6215319931507111,1.5053832530975342,88.46153846153847,64.28571428571429,94.23076923076923,78.57142857142857,2.467198171342e-07,0.6192433834075928
702,0.6991085410118103,0.8488161563873291,90.38461538461539,92.85714285714286,90.38461538461539,78.57142857142857,9.86635785863943e-07,0.619924783706665
703,0.7518705725669861,1.0350414514541626,86.53846153846153,85.71428571428571,90.38461538461539,78.57142857142857,2.219017698459336e-06,0.6154515743255615
704,0.6146928071975708,1.360979676246643,92.3076923076923,64.28571428571429,94.23076923076923,78.57142857142857,3.9426493427601195e-06,0.6177091598510742
705,0.8494861721992493,1.0289456844329834,90.38461538461539,78.57142857142857,88.46153846153847,85.71428571428571,6.15582970242973e-06,0.615196704864502
706,0.71895831823349,1.6284302473068237,90.38461538461539,71.42857142857143,92.3076923076923,85.71428571428571,8.856374635653481e-06,0.6231129169464111
707,0.7218174338340759,0.7867684364318848,86.53846153846153,85.71428571428571,96.15384615384616,78.57142857142857,1.2041619030623184e-05,0.6303260326385498
708,0.7666575014591217,0.8898578882217407,88.46153846153847,85.71428571428571,94.23076923076923,78.57142857142857,1.5708419435681038e-05,0.637803316116333
709,0.7069182991981506,1.3011369705200195,88.46153846153847,64.28571428571429,90.38461538461539,78.57142857142857,1.9853157161523888e-05,0.61175537109375
710,0.7299825251102448,1.0617344379425049,92.3076923076923,85.71428571428571,92.3076923076923,85.71428571428571,2.4471741852417285e-05,0.621579647064209
711,0.7365919351577759,1.0766980648040771,86.53846153846153,78.57142857142857,90.38461538461539,78.57142857142857,2.9559615522880457e-05,0.614464282989502
712,0.7037972509860992,0.9715777039527893,88.46153846153847,78.57142857142857,92.3076923076923,85.71428571428571,3.5111757055866485e-05,0.6168677806854248
713,0.7355260848999023,0.7943214774131775,90.38461538461539,85.71428571428571,98.07692307692308,85.71428571428571,4.1122687157999905e-05,0.61080002784729
714,0.7201374173164368,0.9034756422042847,88.46153846153847,78.57142857142857,92.3076923076923,85.71428571428571,4.758647376697884e-05,0.620521068572998
715,0.7614165842533112,1.4362201690673828,86.53846153846153,78.57142857142857,94.23076923076923,64.28571428571429,5.449673790580424e-05,0.6219449043273926
716,0.7106750309467316,1.1566970348358154,90.38461538461539,78.57142857142857,82.6923076923077,71.42857142857143,6.184665997805424e-05,0.6188833713531494
717,0.6642527878284454,0.881527841091156,90.38461538461539,85.71428571428571,96.15384615384616,71.42857142857143,6.962898649801196e-05,0.6253812313079834
718,0.6334680020809174,1.1123912334442139,92.3076923076923,78.57142857142857,88.46153846153847,85.71428571428571,7.783603724897385e-05,0.6092307567596436
719,0.9417557120323181,1.0829195976257324,78.84615384615384,78.57142857142857,90.38461538461539,85.71428571428571,8.645971286269991e-05,0.6173169612884521
720,0.5981621146202087,0.8761999011039734,92.3076923076923,85.71428571428571,94.23076923076923,85.71428571428571,9.549150281250456e-05,0.6161186695098877
721,0.7725239992141724,1.1971912384033203,88.46153846153847,85.71428571428571,92.3076923076923,78.57142857142857,0.00010492249381213034,0.6126132011413574
722,0.8788393139839172,1.098465919494629,86.53846153846153,85.71428571428571,82.6923076923077,85.71428571428571,0.00011474337861207917,0.6145176887512207
723,0.6629574596881866,1.3423302173614502,90.38461538461539,78.57142857142857,90.38461538461539,71.42857142857143,0.00012494446518474225,0.6144704818725586
724,0.7394927144050598,1.0790727138519287,84.61538461538461,85.71428571428571,86.53846153846153,71.42857142857143,0.00013551568628926316,0.6200234889984131
725,0.902292013168335,1.1990057229995728,84.61538461538461,71.42857142857143,92.3076923076923,92.85714285714286,0.00014644660940669202,0.6155891418457031
726,0.8472750186920166,1.342592716217041,84.61538461538461,78.57142857142857,86.53846153846153,85.71428571428571,0.00015772644703562072,0.6095504760742188
727,0.7015217542648315,0.6782667636871338,90.38461538461539,85.71428571428571,90.38461538461539,92.85714285714286,0.00016934406733813578,0.6116862297058105
728,0.7918287515640259,0.9877443313598633,82.6923076923077,71.42857142857143,94.23076923076923,100.0,0.0001812880051256134,0.6182200908660889
729,0.7856821417808533,1.1284592151641846,78.84615384615384,64.28571428571429,90.38461538461539,78.57142857142857,0.0001935464731734679,0.6143839359283447
730,0.6273824274539948,1.2099100351333618,88.46153846153847,78.57142857142857,98.07692307692308,92.85714285714286,0.00020610737385371735,0.6143474578857422
731,0.835365504026413,1.0863317251205444,86.53846153846153,85.71428571428571,90.38461538461539,85.71428571428571,0.00021895831107388497,0.6095676422119141
732,0.7006306648254395,0.722941517829895,90.38461538461539,85.71428571428571,90.38461538461539,92.85714285714286,0.00023208660251044814,0.6141641139984131
733,0.7115858793258667,1.1225008964538574,92.3076923076923,78.57142857142857,90.38461538461539,78.57142857142857,0.00024547929212475846,0.6175663471221924
734,0.7133738994598389,0.8699944019317627,84.61538461538461,85.71428571428571,94.23076923076923,85.71428571428571,0.0002591231629490841,0.618915319442749
735,0.9204184710979462,1.4528478384017944,78.84615384615384,78.57142857142857,88.46153846153847,64.28571428571429,0.00027300475013016434,0.6213395595550537
736,0.751063346862793,1.0645275115966797,88.46153846153847,71.42857142857143,90.38461538461539,78.57142857142857,0.00028711035421739736,0.6191158294677734
737,0.7117621898651123,1.2515439987182617,88.46153846153847,85.71428571428571,90.38461538461539,71.42857142857143,0.0003014260546825424,0.6195483207702637
738,0.5801331400871277,0.8407034277915955,92.3076923076923,85.71428571428571,94.23076923076923,85.71428571428571,0.00031593772365758955,0.6160104274749756
739,0.7638696432113647,1.4742584228515625,90.38461538461539,71.42857142857143,92.3076923076923,78.57142857142857,0.0003306310398772786,0.6225028038024902
740,0.6852953433990479,0.8233135938644409,96.15384615384616,85.71428571428571,86.53846153846153,85.71428571428571,0.00034549150281244794,0.6200120449066162
741,0.7177826464176178,1.3646314144134521,88.46153846153847,64.28571428571429,90.38461538461539,78.57142857142857,0.0003605044469803044,0.6134328842163086
742,0.715358316898346,1.256347894668579,92.3076923076923,78.57142857142857,92.3076923076923,78.57142857142857,0.00037565505641748724,0.6100177764892578
743,0.5852230340242386,1.272448182106018,88.46153846153847,78.57142857142857,90.38461538461539,85.71428571428571,0.00039092837930163895,0.6142449378967285
744,0.6849701702594757,1.9071934223175049,88.46153846153847,64.28571428571429,90.38461538461539,78.57142857142857,0.00040630934270704524,0.6173903942108154
745,0.6091298460960388,1.5522443056106567,96.15384615384616,78.57142857142857,90.38461538461539,71.42857142857143,0.00042178276747978935,0.6158452033996582
746,0.7028228640556335,1.290818214416504,88.46153846153847,71.42857142857143,92.3076923076923,78.57142857142857,0.0004373333832177482,0.6142106056213379
747,0.7061594724655151,0.7188287973403931,88.46153846153847,92.85714285714286,90.38461538461539,78.57142857142857,0.00045294584334064055,0.6119475364685059
748,0.612819105386734,1.3723227977752686,92.3076923076923,78.57142857142857,92.3076923076923,78.57142857142857,0.00046860474023523825,0.6103034019470215
749,0.6037096679210663,0.9834346175193787,94.23076923076923,85.71428571428571,90.38461538461539,78.57142857142857,0.00048429462046082624,0.6125428676605225
750,0.6675131618976593,1.2929465770721436,92.3076923076923,78.57142857142857,90.38461538461539,78.57142857142857,0.0004999999999998858,0.6167960166931152
751,0.7994399070739746,0.6855008006095886,84.61538461538461,92.85714285714286,92.3076923076923,78.57142857142857,0.0005157053795389471,0.6148736476898193
752,0.7775336503982544,0.8429495096206665,90.38461538461539,71.42857142857143,84.61538461538461,85.71428571428571,0.000531395259764537,0.6114983558654785
753,0.8310977816581726,0.9189271926879883,86.53846153846153,92.85714285714286,86.53846153846153,78.57142857142857,0.0005470541566591329,0.6089448928833008
754,0.6363337337970734,1.6744663715362549,90.38461538461539,64.28571428571429,88.46153846153847,85.71428571428571,0.0005626666167820234,0.6131477355957031
755,0.5387440919876099,0.7361423969268799,96.15384615384616,92.85714285714286,88.46153846153847,85.71428571428571,0.000578217232519984,0.6173298358917236
756,0.7498486638069153,1.4977360963821411,88.46153846153847,64.28571428571429,86.53846153846153,92.85714285714286,0.0005936906572927282,0.6141374111175537
757,0.6262616813182831,0.6237559914588928,92.3076923076923,100.0,94.23076923076923,78.57142857142857,0.0006090716206981328,0.6416542530059814
758,0.6063880920410156,1.1039594411849976,90.38461538461539,85.71428571428571,94.23076923076923,78.57142857142857,0.0006243449435822862,0.6136281490325928
759,0.6360560059547424,1.2867426872253418,92.3076923076923,78.57142857142857,90.38461538461539,71.42857142857143,0.0006394955530194708,0.6174423694610596
760,0.5922514796257019,0.8977537751197815,94.23076923076923,85.71428571428571,90.38461538461539,71.42857142857143,0.0006545084971873256,0.6183040142059326
761,0.5713271498680115,1.1119036674499512,94.23076923076923,85.71428571428571,96.15384615384616,78.57142857142857,0.0006693689601224933,0.6181163787841797
762,0.7495754957199097,0.7654251456260681,88.46153846153847,92.85714285714286,90.38461538461539,71.42857142857143,0.000684062276342184,0.6244423389434814
763,0.6527493000030518,0.9801368117332458,94.23076923076923,85.71428571428571,90.38461538461539,78.57142857142857,0.0006985739453172327,0.6162843704223633
764,0.8620556592941284,1.475335717201233,88.46153846153847,78.57142857142857,90.38461538461539,92.85714285714286,0.0007128896457823746,0.6165130138397217
765,0.6403050422668457,0.937969446182251,90.38461538461539,78.57142857142857,90.38461538461539,92.85714285714286,0.0007269952498696092,0.6194603443145752
766,1.0137005746364594,1.456601619720459,80.76923076923077,71.42857142857143,90.38461538461539,78.57142857142857,0.0007408768370506894,0.6109733581542969
767,0.8007163107395172,1.293546438217163,80.76923076923077,64.28571428571429,94.23076923076923,71.42857142857143,0.000754520707875015,0.6170217990875244
768,0.7901440262794495,0.9408894181251526,84.61538461538461,71.42857142857143,90.38461538461539,92.85714285714286,0.000767913397489324,0.6074433326721191
769,0.7596793174743652,1.8105826377868652,84.61538461538461,50.0,92.3076923076923,92.85714285714286,0.0007810416889258886,0.6204123497009277
770,0.8661991059780121,0.5799625515937805,82.6923076923077,92.85714285714286,88.46153846153847,92.85714285714286,0.0007938926261460577,0.6187007427215576
771,0.7142634689807892,0.9804812669754028,88.46153846153847,85.71428571428571,88.46153846153847,78.57142857142857,0.0008064535268263057,0.6159524917602539
772,0.6311551034450531,1.1124500036239624,88.46153846153847,78.57142857142857,94.23076923076923,92.85714285714286,0.0008187119948741587,0.614055871963501
773,0.8750813603401184,0.9121447801589966,82.6923076923077,78.57142857142857,90.38461538461539,92.85714285714286,0.0008306559326616377,0.6125698089599609
774,1.150831162929535,0.800923228263855,80.76923076923077,85.71428571428571,88.46153846153847,71.42857142857143,0.0008422735529641542,0.6169314384460449
775,0.6927892565727234,1.3103197813034058,84.61538461538461,78.57142857142857,92.3076923076923,78.57142857142857,0.0008535533905930803,0.619030237197876
776,0.9508655071258545,1.4705334901809692,84.61538461538461,57.142857142857146,84.61538461538461,85.71428571428571,0.0008644843137105105,0.6117186546325684
777,0.7838858067989349,0.8942586183547974,88.46153846153847,78.57142857142857,90.38461538461539,92.85714285714286,0.0008750555348150315,0.615140438079834
778,0.75783371925354,1.2444111108779907,84.61538461538461,64.28571428571429,98.07692307692308,92.85714285714286,0.0008852566213876945,0.6158602237701416
779,0.6686401665210724,0.844413161277771,86.53846153846153,78.57142857142857,92.3076923076923,85.71428571428571,0.0008950775061876422,0.6138184070587158
780,0.7487117350101471,1.4946801662445068,84.61538461538461,71.42857142857143,90.38461538461539,85.71428571428571,0.0009045084971872693,0.6151230335235596
781,0.7295769453048706,0.8381759524345398,88.46153846153847,85.71428571428571,84.61538461538461,78.57142857142857,0.0009135402871370748,0.6123614311218262
782,0.8527012467384338,0.9120213389396667,78.84615384615384,78.57142857142857,88.46153846153847,85.71428571428571,0.0009221639627507988,0.6185781955718994
783,0.7965396642684937,0.9531713724136353,88.46153846153847,85.71428571428571,84.61538461538461,85.71428571428571,0.0009303710135017616,0.6156289577484131
784,0.9494452774524689,0.9658520221710205,78.84615384615384,85.71428571428571,96.15384615384616,85.71428571428571,0.0009381533400217194,0.6210567951202393
785,0.730652779340744,1.3218868970870972,84.61538461538461,71.42857142857143,90.38461538461539,85.71428571428571,0.0009455032620939703,0.6182129383087158
786,0.7514857947826385,1.278988003730774,88.46153846153847,64.28571428571429,88.46153846153847,85.71428571428571,0.0009524135262327941,0.6196837425231934
787,0.7745859920978546,1.2801120281219482,78.84615384615384,85.71428571428571,94.23076923076923,71.42857142857143,0.0009588773128417739,0.6191399097442627
788,0.7990709543228149,1.0009267330169678,84.61538461538461,78.57142857142857,86.53846153846153,78.57142857142857,0.0009648882429439073,0.6408662796020508
789,0.8911990523338318,0.7184334993362427,82.6923076923077,78.57142857142857,90.38461538461539,92.85714285714286,0.0009704403844768934,0.6196820735931396
790,0.8459970355033875,1.2026737928390503,86.53846153846153,50.0,86.53846153846153,92.85714285714286,0.0009755282581473561,0.6157622337341309
791,0.8406347036361694,1.2965705394744873,80.76923076923077,64.28571428571429,98.07692307692308,78.57142857142857,0.00098014684283825,0.6162748336791992
792,0.740744411945343,1.002413272857666,84.61538461538461,78.57142857142857,94.23076923076923,78.57142857142857,0.0009842915805640933,0.6181814670562744
793,0.7755904793739319,0.7540481090545654,82.6923076923077,85.71428571428571,86.53846153846153,92.85714285714286,0.0009879583809691505,0.6093659400939941
794,0.6542816460132599,1.1827635765075684,90.38461538461539,78.57142857142857,96.15384615384616,71.42857142857143,0.0009911436253641206,0.6155147552490234
795,0.7426733076572418,1.0898652076721191,88.46153846153847,71.42857142857143,90.38461538461539,85.71428571428571,0.0009938441702973442,0.6221714019775391
796,0.8653372526168823,1.1402817964553833,80.76923076923077,71.42857142857143,92.3076923076923,78.57142857142857,0.000996057350657014,0.619593620300293
797,0.7933158278465271,1.2171069383621216,86.53846153846153,85.71428571428571,92.3076923076923,85.71428571428571,0.0009977809823013145,0.6179687976837158
798,0.7063533067703247,1.2873198986053467,88.46153846153847,78.57142857142857,94.23076923076923,78.57142857142857,0.00099901336421391,0.6143696308135986
799,0.7556554079055786,1.3858394622802734,82.6923076923077,64.28571428571429,90.38461538461539,85.71428571428571,0.0009997532801826398,0.6169557571411133
800,0.7256608605384827,0.9673051834106445,88.46153846153847,92.85714285714286,92.3076923076923,78.57142857142857,0.000999999999999774,0.6175611019134521
801,0.7472077012062073,1.4950555562973022,86.53846153846153,64.28571428571429,88.46153846153847,92.85714285714286,0.0009997532801826398,0.6151278018951416
802,0.8620797991752625,0.950029730796814,78.84615384615384,78.57142857142857,96.15384615384616,85.71428571428571,0.0009990133642139103,0.613574743270874
803,0.9885310530662537,1.282731056213379,76.92307692307692,71.42857142857143,88.46153846153847,85.71428571428571,0.0009977809823013147,0.620612621307373
804,0.9700107574462891,1.1986048221588135,82.6923076923077,71.42857142857143,90.38461538461539,92.85714285714286,0.0009960573506570141,0.6144356727600098
805,0.9286952614784241,1.2980902194976807,84.61538461538461,71.42857142857143,86.53846153846153,92.85714285714286,0.0009938441702973446,0.6238248348236084
806,0.674511730670929,1.045825481414795,90.38461538461539,71.42857142857143,90.38461538461539,92.85714285714286,0.0009911436253641208,0.6185746192932129
807,0.6793782114982605,1.3594932556152344,86.53846153846153,64.28571428571429,98.07692307692308,78.57142857142857,0.0009879583809691507,0.614346981048584
808,0.7784483730792999,0.8774269819259644,88.46153846153847,78.57142857142857,90.38461538461539,85.71428571428571,0.0009842915805640937,0.6170005798339844
809,0.792731374502182,0.9332548379898071,82.6923076923077,78.57142857142857,92.3076923076923,85.71428571428571,0.0009801468428382505,0.6186625957489014
810,0.7519464194774628,1.5644510984420776,86.53846153846153,57.142857142857146,86.53846153846153,85.71428571428571,0.0009755282581473571,0.617969274520874
811,0.8562086820602417,1.5727639198303223,84.61538461538461,71.42857142857143,94.23076923076923,78.57142857142857,0.000970440384476894,0.61434006690979
812,0.9818375408649445,1.6456553936004639,80.76923076923077,64.28571428571429,86.53846153846153,78.57142857142857,0.0009648882429439081,0.6402449607849121
813,0.8433765470981598,0.8466604351997375,82.6923076923077,78.57142857142857,88.46153846153847,92.85714285714286,0.0009588773128417747,0.614328145980835
814,0.9221115112304688,0.5955314636230469,78.84615384615384,85.71428571428571,90.38461538461539,100.0,0.0009524135262327951,0.613455057144165
815,0.8630505800247192,0.7049239277839661,82.6923076923077,100.0,92.3076923076923,71.42857142857143,0.0009455032620939713,0.6129634380340576
816,0.8009428381919861,0.8380823135375977,90.38461538461539,85.71428571428571,88.46153846153847,100.0,0.0009381533400217205,0.6174604892730713
817,0.9241206347942352,0.6041479706764221,78.84615384615384,92.85714285714286,92.3076923076923,92.85714285714286,0.0009303710135017628,0.6184885501861572
818,0.8888468742370605,1.7353219985961914,78.84615384615384,64.28571428571429,92.3076923076923,78.57142857142857,0.0009221639627507999,0.6158933639526367
819,0.9197195172309875,0.8784897327423096,78.84615384615384,85.71428571428571,92.3076923076923,85.71428571428571,0.0009135402871370749,0.6119599342346191
820,0.8694181144237518,1.116235613822937,86.53846153846153,64.28571428571429,92.3076923076923,85.71428571428571,0.0009045084971872702,0.6184873580932617
821,0.7702280879020691,1.1505509614944458,86.53846153846153,71.42857142857143,88.46153846153847,78.57142857142857,0.0008950775061876445,0.613131046295166
822,1.055842936038971,1.3996039628982544,75.0,42.857142857142854,84.61538461538461,92.85714285714286,0.0008852566213876957,0.6133215427398682
823,0.8722580373287201,1.176086187362671,76.92307692307692,71.42857142857143,90.38461538461539,92.85714285714286,0.0008750555348150326,0.621936559677124
824,0.9414409399032593,1.1585733890533447,78.84615384615384,71.42857142857143,88.46153846153847,85.71428571428571,0.0008644843137105116,0.6119496822357178
825,0.9524199962615967,0.8557510375976562,73.07692307692308,78.57142857142857,88.46153846153847,85.71428571428571,0.0008535533905930814,0.6150815486907959
826,1.2145509123802185,0.9675565361976624,61.53846153846154,85.71428571428571,86.53846153846153,78.57142857142857,0.0008422735529641552,0.6098079681396484
827,0.7013841867446899,1.2871875762939453,84.61538461538461,71.42857142857143,90.38461538461539,71.42857142857143,0.0008306559326616389,0.6132376194000244
828,0.8641954064369202,1.8737761974334717,80.76923076923077,57.142857142857146,84.61538461538461,71.42857142857143,0.0008187119948741612,0.6175215244293213
829,0.95050448179245,0.8721742630004883,84.61538461538461,78.57142857142857,92.3076923076923,78.57142857142857,0.0008064535268263067,0.6112759113311768
830,0.8438984751701355,0.8566281795501709,80.76923076923077,85.71428571428571,88.46153846153847,78.57142857142857,0.0007938926261460572,0.6131205558776855
831,0.6686415374279022,1.069282054901123,84.61538461538461,71.42857142857143,96.15384615384616,85.71428571428571,0.0007810416889258898,0.6097829341888428
832,0.8357206583023071,0.82526695728302,80.76923076923077,92.85714285714286,88.46153846153847,78.57142857142857,0.000767913397489325,0.6164627075195312
833,0.8569158613681793,0.9864047765731812,80.76923076923077,92.85714285714286,92.3076923076923,78.57142857142857,0.0007545207078750163,0.622534990310669
834,0.8942092061042786,1.0116610527038574,88.46153846153847,71.42857142857143,90.38461538461539,78.57142857142857,0.0007408768370506906,0.6158509254455566
835,0.7755878567695618,1.198901653289795,80.76923076923077,71.42857142857143,94.23076923076923,71.42857142857143,0.0007269952498696104,0.6209414005279541
836,0.99420565366745,1.0666522979736328,75.0,57.142857142857146,84.61538461538461,92.85714285714286,0.0007128896457823758,0.618842363357544
837,0.7631319165229797,0.801088809967041,88.46153846153847,78.57142857142857,98.07692307692308,92.85714285714286,0.0006985739453172322,0.6221814155578613
838,0.7976343929767609,1.2060818672180176,84.61538461538461,71.42857142857143,94.23076923076923,71.42857142857143,0.0006840622763421851,0.624199628829956
839,1.000609576702118,1.0264561176300049,84.61538461538461,85.71428571428571,84.61538461538461,85.71428571428571,0.000669368960122496,0.6167418956756592
840,0.6945072710514069,0.765923798084259,92.3076923076923,100.0,88.46153846153847,78.57142857142857,0.0006545084971873266,0.6193294525146484
841,0.8879874646663666,0.8343015313148499,84.61538461538461,71.42857142857143,86.53846153846153,92.85714285714286,0.0006394955530194702,0.6143331527709961
842,0.9331734776496887,0.9214985370635986,80.76923076923077,85.71428571428571,90.38461538461539,85.71428571428571,0.0006243449435822874,0.618257999420166
843,0.8439961373806,1.0124592781066895,86.53846153846153,78.57142857142857,92.3076923076923,71.42857142857143,0.0006090716206981338,0.6152870655059814
844,0.7079028785228729,1.0593304634094238,86.53846153846153,71.42857142857143,92.3076923076923,92.85714285714286,0.0005936906572927293,0.6198794841766357
845,0.7364187836647034,1.0205579996109009,86.53846153846153,64.28571428571429,92.3076923076923,100.0,0.000578217232519985,0.6158790588378906
846,0.8281601071357727,0.8816966414451599,82.6923076923077,85.71428571428571,90.38461538461539,78.57142857142857,0.0005626666167820262,0.6161870956420898
847,0.8393422365188599,1.148764729499817,88.46153846153847,78.57142857142857,86.53846153846153,78.57142857142857,0.0005470541566591341,0.6183295249938965
848,0.7978594303131104,1.08982515335083,88.46153846153847,64.28571428571429,82.6923076923077,92.85714285714286,0.0005313952597645364,0.6184237003326416
849,0.7033864855766296,0.8084850311279297,88.46153846153847,78.57142857142857,94.23076923076923,92.85714285714286,0.0005157053795389483,0.6145696640014648
850,0.9061908423900604,1.22377347946167,82.6923076923077,57.142857142857146,92.3076923076923,78.57142857142857,0.0004999999999998888,0.6219205856323242
851,0.6636930704116821,0.8251563310623169,94.23076923076923,78.57142857142857,84.61538461538461,85.71428571428571,0.0004842946204608273,0.6134512424468994
852,0.7573638260364532,1.1622836589813232,88.46153846153847,78.57142857142857,86.53846153846153,92.85714285714286,0.00046860474023523754,0.6265294551849365
853,0.7554919719696045,0.939214825630188,86.53846153846153,78.57142857142857,86.53846153846153,92.85714285714286,0.0004529458433406415,0.6212968826293945
854,0.624144971370697,0.7391116619110107,90.38461538461539,78.57142857142857,94.23076923076923,92.85714285714286,0.0004373333832177493,0.6181907653808594
855,0.8264802694320679,1.2141598463058472,84.61538461538461,71.42857142857143,90.38461538461539,78.57142857142857,0.00042178276747978865,0.6510059833526611
856,0.6317902207374573,0.682749330997467,94.23076923076923,92.85714285714286,90.38461538461539,85.71428571428571,0.0004063093427070462,0.6205856800079346
857,0.7661073505878448,0.9182517528533936,82.6923076923077,85.71428571428571,94.23076923076923,100.0,0.00039092837930164166,0.6242868900299072
858,0.8409940600395203,0.6631553173065186,88.46153846153847,85.71428571428571,84.61538461538461,92.85714285714286,0.0003756550564174882,0.619309663772583
859,0.8660490810871124,1.189523458480835,86.53846153846153,64.28571428571429,92.3076923076923,92.85714285714286,0.0003605044469803036,0.6133129596710205
860,0.7724072337150574,1.1336205005645752,84.61538461538461,71.42857142857143,98.07692307692308,78.57142857142857,0.00034549150281244887,0.6209189891815186
861,0.9406460225582123,0.8917725682258606,78.84615384615384,78.57142857142857,88.46153846153847,78.57142857142857,0.0003306310398772812,0.6240220069885254
862,0.7439038157463074,1.0099079608917236,90.38461538461539,71.42857142857143,92.3076923076923,85.71428571428571,0.0003159377236575904,0.6226851940155029
863,0.6751943826675415,1.281059980392456,88.46153846153847,78.57142857142857,90.38461538461539,85.71428571428571,0.0003014260546825416,0.6209948062896729
864,0.7854977548122406,0.7761918306350708,86.53846153846153,92.85714285714286,94.23076923076923,78.57142857142857,0.0002871103542173997,0.6187829971313477
865,0.6506735980510712,0.7959743738174438,92.3076923076923,85.71428571428571,94.23076923076923,85.71428571428571,0.0002730047501301651,0.6154844760894775
866,0.6150132715702057,1.1404027938842773,90.38461538461539,85.71428571428571,92.3076923076923,92.85714285714286,0.0002591231629490833,0.6098353862762451
867,0.90594682097435,0.8719436526298523,86.53846153846153,85.71428571428571,88.46153846153847,78.57142857142857,0.0002454792921247592,0.6185746192932129
868,0.7589268982410431,0.8342808485031128,84.61538461538461,85.71428571428571,90.38461538461539,71.42857142857143,0.0002320866025104504,0.6195943355560303
869,0.8616664707660675,1.4332038164138794,82.6923076923077,64.28571428571429,92.3076923076923,78.57142857142857,0.0002189583110738857,0.6110649108886719
870,0.9105947613716125,1.0700346231460571,80.76923076923077,71.42857142857143,90.38461538461539,78.57142857142857,0.0002061073738537167,0.6159124374389648
871,0.5579741597175598,1.0241923332214355,92.3076923076923,71.42857142857143,92.3076923076923,78.57142857142857,0.00019354647317346862,0.6213243007659912
872,0.7525904774665833,0.7804239988327026,84.61538461538461,92.85714285714286,94.23076923076923,85.71428571428571,0.0001812880051256155,0.622147798538208
873,0.6905338764190674,1.386361002922058,84.61538461538461,64.28571428571429,94.23076923076923,78.57142857142857,0.00016934406733813516,0.6178069114685059
874,0.7743203043937683,0.8378746509552002,80.76923076923077,85.71428571428571,88.46153846153847,85.71428571428571,0.0001577264470356201,0.6148715019226074
875,0.6666107773780823,0.8693649768829346,90.38461538461539,85.71428571428571,90.38461538461539,85.71428571428571,0.00014644660940669394,0.622290849685669
876,0.6673227548599243,0.8121230006217957,88.46153846153847,85.71428571428571,92.3076923076923,85.71428571428571,0.00013551568628926381,0.6181089878082275
877,0.6343395709991455,1.2988193035125732,94.23076923076923,78.57142857142857,94.23076923076923,78.57142857142857,0.00012494446518474168,0.620276689529419
878,0.6725804805755615,0.8429163694381714,90.38461538461539,85.71428571428571,90.38461538461539,85.71428571428571,0.00011474337861207975,0.6213576793670654
879,0.6515452265739441,0.6189468502998352,92.3076923076923,100.0,94.23076923076923,78.57142857142857,0.000104922493812132,0.6154096126556396
880,0.7070952951908112,0.8319004774093628,88.46153846153847,85.71428571428571,92.3076923076923,78.57142857142857,9.54915028125051e-05,0.622462272644043
881,0.6264871060848236,0.9964886903762817,92.3076923076923,85.71428571428571,90.38461538461539,85.71428571428571,8.645971286269945e-05,0.6228420734405518
882,0.7070236206054688,0.6123237609863281,84.61538461538461,100.0,92.3076923076923,85.71428571428571,7.783603724897533e-05,0.6149260997772217
883,0.7906456291675568,1.1343947649002075,86.53846153846153,85.71428571428571,90.38461538461539,92.85714285714286,6.962898649801334e-05,0.6151168346405029
884,0.7545762658119202,0.8566039800643921,90.38461538461539,78.57142857142857,88.46153846153847,85.71428571428571,6.184665997805385e-05,0.6190524101257324
885,0.8548595011234283,0.8255261182785034,84.61538461538461,92.85714285714286,88.46153846153847,71.42857142857143,5.4496737905803845e-05,0.6207818984985352
886,0.6375979334115982,0.949062168598175,88.46153846153847,78.57142857142857,88.46153846153847,85.71428571428571,4.758647376698e-05,0.6216771602630615
887,0.6874473690986633,1.0923056602478027,92.3076923076923,85.71428571428571,90.38461538461539,85.71428571428571,4.1122687158000284e-05,0.621373176574707
888,0.6970565915107727,0.92235267162323,86.53846153846153,85.71428571428571,94.23076923076923,78.57142857142857,3.51117570558662e-05,0.6215486526489258
889,0.7393298447132111,0.8396332263946533,88.46153846153847,92.85714285714286,92.3076923076923,71.42857142857143,2.9559615522880786e-05,0.6175832748413086
890,0.7296665608882904,0.940556526184082,88.46153846153847,78.57142857142857,94.23076923076923,71.42857142857143,2.4471741852418173e-05,0.6216878890991211
891,0.6755239069461823,0.7916923761367798,90.38461538461539,85.71428571428571,92.3076923076923,78.57142857142857,1.9853157161523668e-05,0.6232209205627441
892,0.655070424079895,1.161376714706421,84.61538461538461,78.57142857142857,96.15384615384616,78.57142857142857,1.5708419435680872e-05,0.6216287612915039
893,0.8412047922611237,1.3799402713775635,82.6923076923077,71.42857142857143,92.3076923076923,85.71428571428571,1.2041619030623796e-05,0.6206793785095215
894,0.7212117612361908,1.0188454389572144,90.38461538461539,92.85714285714286,92.3076923076923,78.57142857142857,8.856374635653979e-06,0.614032506942749
895,0.6927220821380615,1.0916531085968018,92.3076923076923,85.71428571428571,90.38461538461539,78.57142857142857,6.155829702429618e-06,0.6200826168060303
896,0.6804019510746002,0.7280046939849854,92.3076923076923,78.57142857142857,94.23076923076923,85.71428571428571,3.94264934276023e-06,0.6200215816497803
897,0.7277703881263733,0.8183242082595825,84.61538461538461,85.71428571428571,94.23076923076923,100.0,2.2190176984596135e-06,0.6167328357696533
898,0.7848305106163025,1.19199538230896,84.61538461538461,78.57142857142857,96.15384615384616,78.57142857142857,9.866357858639985e-07,0.6165800094604492
899,0.7241706848144531,0.9340271949768066,82.6923076923077,71.42857142857143,90.38461538461539,85.71428571428571,2.4671981713414445e-07,0.6142294406890869
900,0.529763400554657,0.6721599698066711,94.23076923076923,92.85714285714286,96.15384615384616,85.71428571428571,0.0,0.6226284503936768
901,0.7441658973693848,0.7711387872695923,86.53846153846153,92.85714285714286,98.07692307692308,71.42857142857143,2.467198171342e-07,0.6219322681427002
902,0.5109953880310059,1.5507533550262451,98.07692307692308,78.57142857142857,94.23076923076923,85.71428571428571,9.86635785864276e-07,0.6140885353088379
903,0.6612608730792999,0.7216811776161194,90.38461538461539,92.85714285714286,98.07692307692308,78.57142857142857,2.2190176984600015e-06,0.6159653663635254
904,0.8254050612449646,0.8359121084213257,88.46153846153847,85.71428571428571,90.38461538461539,78.57142857142857,3.9426493427609505e-06,0.6189155578613281
905,0.7023343145847321,1.293089509010315,88.46153846153847,71.42857142857143,94.23076923076923,78.57142857142857,6.1558297024308365e-06,0.6241238117218018
906,0.8321875333786011,1.5072154998779297,82.6923076923077,71.42857142857143,92.3076923076923,71.42857142857143,8.856374635655805e-06,0.6188042163848877
907,0.674164354801178,1.177629828453064,84.61538461538461,71.42857142857143,94.23076923076923,78.57142857142857,1.2041619030626227e-05,0.6201398372650146
908,0.6641527116298676,0.7493262887001038,90.38461538461539,92.85714285714286,92.3076923076923,78.57142857142857,1.5708419435684128e-05,0.6213345527648926
909,0.4839550405740738,0.8406003713607788,98.07692307692308,85.71428571428571,96.15384615384616,78.57142857142857,1.9853157161528855e-05,0.6324954032897949
910,0.5906468480825424,1.5246343612670898,92.3076923076923,71.42857142857143,92.3076923076923,85.71428571428571,2.447174185242329e-05,0.6240997314453125
911,0.664280503988266,1.6020584106445312,92.3076923076923,71.42857142857143,84.61538461538461,78.57142857142857,2.9559615522887047e-05,0.6296079158782959
912,0.8802003264427185,1.3884706497192383,86.53846153846153,71.42857142857143,90.38461538461539,71.42857142857143,3.5111757055873716e-05,0.6144328117370605
913,0.6579064428806305,1.3534390926361084,96.15384615384616,71.42857142857143,94.23076923076923,92.85714285714286,4.112268715800982e-05,0.6245718002319336
914,0.8071743547916412,0.9891443252563477,88.46153846153847,85.71428571428571,88.46153846153847,78.57142857142857,4.758647376699021e-05,0.617344856262207
915,0.542644739151001,0.9633980989456177,94.23076923076923,78.57142857142857,96.15384615384616,71.42857142857143,5.449673790581561e-05,0.6183054447174072
916,0.672223836183548,0.9527572393417358,88.46153846153847,85.71428571428571,96.15384615384616,85.71428571428571,6.184665997806726e-05,0.6224269866943359
917,0.661830484867096,0.4876876771450043,90.38461538461539,92.85714285714286,94.23076923076923,100.0,6.962898649802851e-05,0.6165342330932617
918,0.641520082950592,0.7824701070785522,92.3076923076923,92.85714285714286,92.3076923076923,85.71428571428571,7.783603724899224e-05,0.6202526092529297
919,0.6875236332416534,1.0282455682754517,88.46153846153847,85.71428571428571,96.15384615384616,85.71428571428571,8.64597128627183e-05,0.6168417930603027
920,0.770957738161087,0.834229052066803,88.46153846153847,85.71428571428571,94.23076923076923,85.71428571428571,9.549150281252698e-05,0.616391658782959
921,0.8467012047767639,0.822868824005127,84.61538461538461,78.57142857142857,90.38461538461539,85.71428571428571,0.00010492249381215495,0.6152667999267578
922,0.6917716264724731,0.8452697992324829,88.46153846153847,92.85714285714286,94.23076923076923,78.57142857142857,0.00011474337861210492,0.6184709072113037
923,0.682376503944397,0.7943555116653442,86.53846153846153,85.71428571428571,94.23076923076923,92.85714285714286,0.00012494446518476908,0.6150846481323242
924,0.6676473319530487,1.1182754039764404,92.3076923076923,85.71428571428571,90.38461538461539,85.71428571428571,0.00013551568628929482,0.6163439750671387
925,0.6141702234745026,1.4207466840744019,88.46153846153847,78.57142857142857,96.15384615384616,92.85714285714286,0.00014644660940672615,0.6127727031707764
926,0.538118377327919,0.9162441492080688,92.3076923076923,85.71428571428571,96.15384615384616,64.28571428571429,0.00015772644703565485,0.6211092472076416
927,0.6200498342514038,1.0683410167694092,92.3076923076923,92.85714285714286,92.3076923076923,78.57142857142857,0.00016934406733817246,0.6120181083679199
928,0.9223090708255768,1.2758610248565674,76.92307692307692,85.71428571428571,90.38461538461539,71.42857142857143,0.0001812880051256555,0.6178522109985352
929,0.585058182477951,0.830714762210846,90.38461538461539,78.57142857142857,90.38461538461539,71.42857142857143,0.00019354647317351137,0.6203985214233398
930,0.7341176271438599,1.3238402605056763,84.61538461538461,85.71428571428571,90.38461538461539,92.85714285714286,0.00020610737385376226,0.6173043251037598
931,0.6855575442314148,1.149965763092041,86.53846153846153,85.71428571428571,98.07692307692308,78.57142857142857,0.00021895831107393565,0.6182305812835693
932,0.5891896784305573,1.012769341468811,92.3076923076923,85.71428571428571,96.15384615384616,71.42857142857143,0.00023208660251050186,0.6243226528167725
933,0.7561427354812622,0.6548699140548706,90.38461538461539,92.85714285714286,94.23076923076923,92.85714285714286,0.00024547929212481365,0.6227772235870361
934,0.7484279572963715,1.271644115447998,90.38461538461539,85.71428571428571,90.38461538461539,71.42857142857143,0.0002591231629491408,0.6226041316986084
935,0.762403666973114,1.779883623123169,86.53846153846153,71.42857142857143,92.3076923076923,78.57142857142857,0.00027300475013022733,0.6153593063354492
936,0.5870887041091919,1.1182535886764526,96.15384615384616,78.57142857142857,88.46153846153847,92.85714285714286,0.0002871103542174635,0.6225297451019287
937,0.6123808026313782,0.7813639640808105,88.46153846153847,92.85714285714286,92.3076923076923,92.85714285714286,0.00030142605468260874,0.6222372055053711
938,0.6895280480384827,1.282285213470459,92.3076923076923,78.57142857142857,92.3076923076923,78.57142857142857,0.0003159377236576591,0.6188764572143555
939,0.7113092541694641,1.175480842590332,92.3076923076923,85.71428571428571,94.23076923076923,71.42857142857143,0.00033063103987735474,0.6223013401031494
940,0.7057517468929291,0.760079562664032,88.46153846153847,92.85714285714286,94.23076923076923,78.57142857142857,0.00034549150281252584,0.6139864921569824
941,0.6785039007663727,1.1714409589767456,88.46153846153847,71.42857142857143,90.38461538461539,92.85714285714286,0.000360504446980384,0.6180064678192139
942,0.7321066856384277,1.1895301342010498,86.53846153846153,78.57142857142857,96.15384615384616,78.57142857142857,0.00037565505641757376,0.6127994060516357
943,0.6301984190940857,0.772675633430481,88.46153846153847,92.85714285714286,92.3076923076923,85.71428571428571,0.00039092837930172894,0.6187901496887207
944,0.7289227843284607,1.0256736278533936,84.61538461538461,78.57142857142857,92.3076923076923,85.71428571428571,0.00040630934270713696,0.6165652275085449
945,0.7924458384513855,0.807235598564148,80.76923076923077,78.57142857142857,92.3076923076923,100.0,0.0004217827674798829,0.6126663684844971
946,0.6085229218006134,1.0998847484588623,88.46153846153847,78.57142857142857,94.23076923076923,100.0,0.00043733338321784877,0.616058349609375
947,0.5749797523021698,0.8799233436584473,94.23076923076923,85.71428571428571,94.23076923076923,85.71428571428571,0.00045294584334074273,0.6145386695861816
948,0.7168386876583099,0.545251727104187,88.46153846153847,92.85714285714286,90.38461538461539,92.85714285714286,0.0004686047402353423,0.6177778244018555
949,0.5975914299488068,1.4806652069091797,86.53846153846153,71.42857142857143,94.23076923076923,85.71428571428571,0.0004842946204609338,0.6177446842193604
950,0.604064017534256,1.4430605173110962,94.23076923076923,64.28571428571429,92.3076923076923,71.42857142857143,0.0005000000000000006,0.6162946224212646
951,0.7537443041801453,1.0171772241592407,86.53846153846153,78.57142857142857,88.46153846153847,78.57142857142857,0.0005157053795390637,0.6145801544189453
952,0.704333633184433,1.0325604677200317,86.53846153846153,78.57142857142857,94.23076923076923,92.85714285714286,0.0005313952597646553,0.6349639892578125
953,0.5685456693172455,1.3285425901412964,90.38461538461539,71.42857142857143,98.07692307692308,85.71428571428571,0.0005470541566592582,0.6142969131469727
954,0.5145781934261322,1.1744625568389893,96.15384615384616,85.71428571428571,94.23076923076923,78.57142857142857,0.0005626666167821522,0.6127653121948242
955,0.706481397151947,1.4482312202453613,94.23076923076923,71.42857142857143,94.23076923076923,92.85714285714286,0.0005782172325201146,0.612999677658081
956,0.5687149465084076,1.2144293785095215,94.23076923076923,71.42857142857143,88.46153846153847,92.85714285714286,0.0005936906572928605,0.6179401874542236
957,0.5616604089736938,1.0882000923156738,98.07692307692308,85.71428571428571,86.53846153846153,78.57142857142857,0.000609071620698272,0.6143169403076172
958,0.6640880703926086,1.2473020553588867,92.3076923076923,71.42857142857143,96.15384615384616,78.57142857142857,0.0006243449435824271,0.6249532699584961
959,0.4936513900756836,0.8944535255432129,98.07692307692308,92.85714285714286,90.38461538461539,85.71428571428571,0.0006394955530196135,0.6178576946258545
960,0.6336964964866638,0.9205714464187622,90.38461538461539,78.57142857142857,90.38461538461539,78.57142857142857,0.0006545084971874717,0.6140086650848389
961,0.8627932071685791,0.6631374955177307,80.76923076923077,85.71428571428571,94.23076923076923,92.85714285714286,0.0006693689601226461,0.6190378665924072
962,0.5362510979175568,1.25187087059021,92.3076923076923,78.57142857142857,92.3076923076923,92.85714285714286,0.0006840622763423386,0.6120843887329102
963,0.6916496455669403,1.1137789487838745,92.3076923076923,85.71428571428571,86.53846153846153,85.71428571428571,0.0006985739453173891,0.6161625385284424
964,0.653590202331543,1.3083382844924927,90.38461538461539,78.57142857142857,90.38461538461539,85.71428571428571,0.0007128896457825374,0.6189148426055908
965,0.7876729965209961,0.7383564114570618,84.61538461538461,85.71428571428571,90.38461538461539,78.57142857142857,0.0007269952498697737,0.6169276237487793
966,0.8556462526321411,0.9390923976898193,84.61538461538461,85.71428571428571,92.3076923076923,92.85714285714286,0.0007408768370508572,0.621537446975708
967,0.5950259566307068,1.4687080383300781,96.15384615384616,71.42857142857143,86.53846153846153,78.57142857142857,0.0007545207078751844,0.6165103912353516
968,0.7192479372024536,0.7868765592575073,92.3076923076923,85.71428571428571,86.53846153846153,85.71428571428571,0.0007679133974894993,0.6248352527618408
969,0.765326738357544,0.735013484954834,90.38461538461539,92.85714285714286,92.3076923076923,78.57142857142857,0.0007810416889260655,0.6174309253692627
970,0.7538485825061798,1.449388027191162,90.38461538461539,64.28571428571429,88.46153846153847,78.57142857142857,0.0007938926261462359,0.6211400032043457
971,0.6733168959617615,0.858863115310669,94.23076923076923,92.85714285714286,90.38461538461539,71.42857142857143,0.0008064535268264898,0.6170096397399902
972,0.7108196914196014,0.7907602787017822,90.38461538461539,92.85714285714286,90.38461538461539,78.57142857142857,0.0008187119948743455,0.6206643581390381
973,0.7653453052043915,0.7389567494392395,92.3076923076923,92.85714285714286,88.46153846153847,71.42857142857143,0.0008306559326618258,0.6177382469177246
974,0.9054723381996155,0.7947802543640137,86.53846153846153,85.71428571428571,88.46153846153847,78.57142857142857,0.0008422735529643436,0.6116645336151123
975,0.6931190192699432,1.5424600839614868,90.38461538461539,78.57142857142857,92.3076923076923,85.71428571428571,0.0008535533905932749,0.6115171909332275
976,0.6299092769622803,1.0346599817276,90.38461538461539,85.71428571428571,90.38461538461539,78.57142857142857,0.0008644843137107063,0.6166782379150391
977,0.9781593680381775,1.8991103172302246,73.07692307692308,71.42857142857143,90.38461538461539,71.42857142857143,0.0008750555348152297,0.6144053936004639
978,0.6470143347978592,1.1059362888336182,86.53846153846153,78.57142857142857,92.3076923076923,92.85714285714286,0.0008852566213878939,0.6169166564941406
979,0.5796597301959991,1.0487581491470337,92.3076923076923,78.57142857142857,92.3076923076923,92.85714285714286,0.0008950775061878463,0.615659236907959
980,0.6748095750808716,1.1752926111221313,90.38461538461539,71.42857142857143,92.3076923076923,92.85714285714286,0.0009045084971874742,0.612201452255249
981,0.847898006439209,1.6064438819885254,84.61538461538461,78.57142857142857,90.38461538461539,71.42857142857143,0.0009135402871372809,0.6183905601501465
982,0.6440584063529968,1.446980595588684,88.46153846153847,71.42857142857143,88.46153846153847,92.85714285714286,0.000922163962751009,0.6361179351806641
983,0.9774107933044434,1.0606276988983154,84.61538461538461,71.42857142857143,84.61538461538461,78.57142857142857,0.0009303710135019728,0.623035192489624
984,0.7243306040763855,1.3251616954803467,88.46153846153847,85.71428571428571,94.23076923076923,71.42857142857143,0.0009381533400219323,0.6254384517669678
985,0.8190777599811554,1.482278823852539,82.6923076923077,71.42857142857143,88.46153846153847,71.42857142857143,0.0009455032620941841,0.6180539131164551
986,0.8478424251079559,1.1495368480682373,88.46153846153847,64.28571428571429,90.38461538461539,85.71428571428571,0.0009524135262330112,0.6188311576843262
987,0.7490133345127106,1.034284234046936,82.6923076923077,64.28571428571429,94.23076923076923,100.0,0.0009588773128419918,0.6179120540618896
988,0.6854375004768372,1.2636561393737793,86.53846153846153,78.57142857142857,90.38461538461539,71.42857142857143,0.0009648882429441265,0.6251637935638428
989,0.7263240814208984,1.0057611465454102,88.46153846153847,78.57142857142857,88.46153846153847,78.57142857142857,0.0009704403844771132,0.6219537258148193
990,0.6724847257137299,0.9613211154937744,88.46153846153847,85.71428571428571,92.3076923076923,85.71428571428571,0.0009755282581475781,0.6188833713531494
991,0.9898865818977356,0.8827496767044067,80.76923076923077,78.57142857142857,84.61538461538461,85.71428571428571,0.0009801468428384727,0.6191704273223877
992,0.9014148116111755,0.8549323081970215,80.76923076923077,71.42857142857143,92.3076923076923,85.71428571428571,0.0009842915805643164,0.6205673217773438
993,0.7847177684307098,1.247097373008728,82.6923076923077,71.42857142857143,90.38461538461539,78.57142857142857,0.0009879583809693753,0.6200656890869141
994,0.8563241362571716,1.055492639541626,88.46153846153847,85.71428571428571,86.53846153846153,78.57142857142857,0.0009911436253643457,0.6220278739929199
995,0.796047568321228,1.248511552810669,90.38461538461539,78.57142857142857,82.6923076923077,78.57142857142857,0.0009938441702975701,0.6142370700836182
996,0.8264535367488861,1.104914903640747,86.53846153846153,78.57142857142857,84.61538461538461,92.85714285714286,0.00099605735065724,0.6230964660644531
997,0.7282390892505646,1.2470282316207886,90.38461538461539,64.28571428571429,92.3076923076923,78.57142857142857,0.0009977809823015415,0.6219899654388428
998,0.7962222099304199,0.9460749626159668,84.61538461538461,71.42857142857143,92.3076923076923,92.85714285714286,0.0009990133642141373,0.6131019592285156
999,0.9139764904975891,1.1883395910263062,84.61538461538461,57.142857142857146,94.23076923076923,92.85714285714286,0.0009997532801828673,0.6229000091552734
1000,0.8148399293422699,0.699187159538269,80.76923076923077,85.71428571428571,92.3076923076923,85.71428571428571,0.0010000000000000015,0.6176371574401855
