epoch,train_loss,test_loss,train_acc_action,test_acc_action,train_acc_status,test_acc_status,learning_rate,epoch_time
1,1.8593802452087402,1.7786425352096558,30.76923076923077,42.857142857142854,21.153846153846153,14.285714285714286,0.00039990131207314633,0.8726370334625244
2,1.745003581047058,1.8296027183532715,50.0,35.714285714285715,46.15384615384615,71.42857142857143,0.00039960534568565434,0.598273515701294
3,1.7369258999824524,1.7021617889404297,48.07692307692308,42.857142857142854,57.69230769230769,85.71428571428571,0.00039911239292061604,0.5972557067871094
4,1.7110188603401184,1.8049521446228027,46.15384615384615,21.428571428571427,69.23076923076923,78.57142857142857,0.00039842294026289565,0.5941650867462158
5,1.72672438621521,1.6807818412780762,42.30769230769231,21.428571428571427,73.07692307692308,85.71428571428571,0.0003975376681190276,0.5909407138824463
6,1.6986087560653687,1.5641859769821167,40.38461538461539,50.0,75.0,85.71428571428571,0.0003964574501457378,0.5894124507904053
7,1.684869110584259,1.5548298358917236,42.30769230769231,50.0,80.76923076923077,85.71428571428571,0.00039518335238774953,0.5935776233673096
8,1.6398004293441772,1.663341760635376,46.15384615384615,28.571428571428573,82.6923076923077,85.71428571428571,0.00039371663222572626,0.5934603214263916
9,1.6287423968315125,1.711559534072876,46.15384615384615,28.571428571428573,82.6923076923077,85.71428571428571,0.0003920587371353887,0.5977225303649902
10,1.653312861919403,1.633202075958252,44.23076923076923,28.571428571428573,80.76923076923077,85.71428571428571,0.0003902113032590308,0.5942573547363281
11,1.570849061012268,1.6569476127624512,44.23076923076923,28.571428571428573,82.6923076923077,85.71428571428571,0.0003881761537908452,0.5952897071838379
12,1.6134290099143982,1.568263292312622,38.46153846153846,42.857142857142854,82.6923076923077,85.71428571428571,0.0003859552971776504,0.5959877967834473
13,1.544256865978241,1.5172643661499023,48.07692307692308,64.28571428571429,82.6923076923077,85.71428571428571,0.0003835509251367963,0.5922403335571289
14,1.6036038994789124,1.4890979528427124,40.38461538461539,57.142857142857146,82.6923076923077,85.71428571428571,0.000380965410493204,0.5905754566192627
15,1.553244948387146,1.4181876182556152,53.84615384615385,57.142857142857146,82.6923076923077,85.71428571428571,0.0003782013048376737,0.5923082828521729
16,1.4932698011398315,1.4305803775787354,53.84615384615385,78.57142857142857,78.84615384615384,85.71428571428571,0.00037526133600877283,0.5889365673065186
17,1.446043610572815,1.4650859832763672,55.76923076923077,71.42857142857143,82.6923076923077,85.71428571428571,0.0003721484054007889,0.5925953388214111
18,1.5059832334518433,1.4141920804977417,55.76923076923077,57.142857142857146,82.6923076923077,85.71428571428571,0.0003688655851004032,0.5941810607910156
19,1.5074732303619385,1.3382716178894043,65.38461538461539,71.42857142857143,82.6923076923077,85.71428571428571,0.00036541611485491255,0.5891997814178467
20,1.428513765335083,1.4257473945617676,63.46153846153846,64.28571428571429,80.76923076923077,85.71428571428571,0.0003618033988749897,0.5913333892822266
21,1.5540359020233154,1.35675048828125,48.07692307692308,50.0,82.6923076923077,85.71428571428571,0.00035803100247513823,0.5916130542755127
22,1.3891374468803406,1.426599144935608,63.46153846153846,42.857142857142854,82.6923076923077,85.71428571428571,0.000354102648555158,0.5909419059753418
23,1.365892469882965,1.2970212697982788,65.38461538461539,57.142857142857146,82.6923076923077,85.71428571428571,0.0003500222139260921,0.5910854339599609
24,1.488374412059784,1.3229244947433472,59.61538461538461,42.857142857142854,82.6923076923077,85.71428571428571,0.00034579372548428246,0.5938718318939209
25,1.2761054039001465,1.4248816967010498,75.0,50.0,82.6923076923077,85.71428571428571,0.0003414213562373096,0.5910117626190186
26,1.389566957950592,1.387204885482788,61.53846153846154,50.0,82.6923076923077,85.71428571428571,0.00033690942118573785,0.5860726833343506
27,1.3863013982772827,1.4122462272644043,59.61538461538461,42.857142857142854,82.6923076923077,85.71428571428571,0.0003322623730647305,0.5987603664398193
28,1.2841021418571472,1.2066287994384766,63.46153846153846,64.28571428571429,82.6923076923077,85.71428571428571,0.00032748479794973803,0.6181552410125732
29,1.3252513408660889,1.2936017513275146,61.53846153846154,57.142857142857146,82.6923076923077,85.71428571428571,0.00032258141073059543,0.5911006927490234
30,1.351546823978424,1.1416821479797363,65.38461538461539,78.57142857142857,82.6923076923077,85.71428571428571,0.0003175570504584948,0.591066837310791
31,1.2203114032745361,1.0268585681915283,73.07692307692308,92.85714285714286,82.6923076923077,85.71428571428571,0.0003124166755704263,0.5907666683197021
32,1.2832098007202148,1.0062124729156494,69.23076923076923,92.85714285714286,82.6923076923077,85.71428571428571,0.0003071653589957995,0.585111141204834
33,1.3243662118911743,1.2418930530548096,63.46153846153846,64.28571428571429,82.6923076923077,85.71428571428571,0.00030180828315007444,0.5866715908050537
34,1.3334503173828125,1.1713131666183472,63.46153846153846,71.42857142857143,82.6923076923077,85.71428571428571,0.0002963507348203432,0.5942528247833252
35,1.2809175252914429,1.0341072082519531,61.53846153846154,78.57142857142857,82.6923076923077,85.71428571428571,0.00029079809994790953,0.5868008136749268
36,1.214589774608612,1.1089065074920654,78.84615384615384,71.42857142857143,82.6923076923077,85.71428571428571,0.00028515585831301473,0.602405309677124
37,1.3516034483909607,0.9628877639770508,63.46153846153846,92.85714285714286,82.6923076923077,85.71428571428571,0.0002794295781269563,0.5952808856964111
38,1.1457147598266602,1.2207794189453125,78.84615384615384,71.42857142857143,82.6923076923077,85.71428571428571,0.0002736249105369358,0.59041428565979
39,1.2458865642547607,0.9600023627281189,69.23076923076923,92.85714285714286,82.6923076923077,85.71428571428571,0.0002677475840490585,0.6017162799835205
40,1.1502222418785095,1.1921104192733765,76.92307692307692,78.57142857142857,82.6923076923077,85.71428571428571,0.0002618033988749897,0.5860586166381836
41,1.0656041502952576,1.052865743637085,80.76923076923077,92.85714285714286,82.6923076923077,85.71428571428571,0.0002557982212078461,0.592754602432251
42,1.1171151995658875,1.2342406511306763,69.23076923076923,71.42857142857143,84.61538461538461,85.71428571428571,0.00024973797743297113,0.5920319557189941
43,1.168384313583374,1.1502360105514526,76.92307692307692,78.57142857142857,82.6923076923077,85.71428571428571,0.00024362864827930873,0.5949263572692871
44,1.1590482592582703,1.3025691509246826,76.92307692307692,64.28571428571429,82.6923076923077,85.71428571428571,0.00023747626291714514,0.590416669845581
45,1.0669058561325073,1.1660869121551514,75.0,64.28571428571429,82.6923076923077,85.71428571428571,0.00023128689300804637,0.5870428085327148
46,1.2184465527534485,0.8470095992088318,73.07692307692308,100.0,82.6923076923077,85.71428571428571,0.00022506664671286108,0.5996105670928955
47,1.003153145313263,1.1729809045791626,84.61538461538461,71.42857142857143,82.6923076923077,85.71428571428571,0.00021882166266370303,0.5860574245452881
48,1.1309529542922974,1.4493093490600586,71.15384615384616,57.142857142857146,82.6923076923077,85.71428571428571,0.00021255810390586287,0.5997426509857178
49,1.2003292441368103,1.285880208015442,71.15384615384616,64.28571428571429,82.6923076923077,85.71428571428571,0.00020628215181562584,0.600459098815918
50,1.1082302331924438,1.0195608139038086,76.92307692307692,78.57142857142857,82.6923076923077,85.71428571428571,0.00020000000000000017,0.5932188034057617
51,1.0092176496982574,1.059058427810669,80.76923076923077,71.42857142857143,82.6923076923077,85.71428571428571,0.0001937178481843745,0.5895698070526123
52,1.1616467237472534,1.1543128490447998,73.07692307692308,64.28571428571429,82.6923076923077,85.71428571428571,0.00018744189609413747,0.5861620903015137
53,1.2093311548233032,0.9288344383239746,65.38461538461539,85.71428571428571,82.6923076923077,85.71428571428571,0.00018117833733629726,0.5895164012908936
54,1.1004801392555237,1.3342214822769165,76.92307692307692,57.142857142857146,82.6923076923077,85.71428571428571,0.0001749333532871393,0.5892877578735352
55,1.2353464365005493,0.9778281450271606,71.15384615384616,71.42857142857143,82.6923076923077,85.71428571428571,0.00016871310699195395,0.5922257900238037
56,1.136168658733368,1.0199480056762695,82.6923076923077,78.57142857142857,82.6923076923077,85.71428571428571,0.0001625237370828552,0.5885984897613525
57,1.0462684035301208,1.0103789567947388,80.76923076923077,78.57142857142857,82.6923076923077,85.71428571428571,0.00015637135172069167,0.5890522003173828
58,1.1621349453926086,1.3163657188415527,71.15384615384616,71.42857142857143,82.6923076923077,85.71428571428571,0.00015026202256702916,0.5962445735931396
59,1.0132290720939636,0.9560680985450745,84.61538461538461,78.57142857142857,82.6923076923077,85.71428571428571,0.0001442017787921543,0.5867531299591064
60,1.11927130818367,0.8043307662010193,75.0,92.85714285714286,82.6923076923077,85.71428571428571,0.0001381966011250107,0.5934972763061523
61,1.0782507061958313,0.8948744535446167,80.76923076923077,78.57142857142857,82.6923076923077,85.71428571428571,0.00013225241595094187,0.5922927856445312
62,1.2097655534744263,1.0186750888824463,73.07692307692308,85.71428571428571,82.6923076923077,85.71428571428571,0.0001263750894630646,0.586939811706543
63,1.1193844079971313,1.2999297380447388,76.92307692307692,78.57142857142857,82.6923076923077,85.71428571428571,0.00012057042187304399,0.5904369354248047
64,1.1034855842590332,1.11809504032135,78.84615384615384,71.42857142857143,82.6923076923077,85.71428571428571,0.00011484414168698559,0.590585470199585
65,0.9787702560424805,1.1249934434890747,84.61538461538461,78.57142857142857,82.6923076923077,85.71428571428571,0.00010920190005209077,0.5950934886932373
66,1.218450129032135,0.8274217844009399,73.07692307692308,85.71428571428571,82.6923076923077,85.71428571428571,0.00010364926517965704,0.5916845798492432
67,1.1114750504493713,0.7464804649353027,73.07692307692308,92.85714285714286,82.6923076923077,85.71428571428571,9.819171684992585e-05,0.5932860374450684
68,1.1441650986671448,1.1410698890686035,71.15384615384616,78.57142857142857,82.6923076923077,85.71428571428571,9.283464100420074e-05,0.5945782661437988
69,0.9938634634017944,1.1435028314590454,80.76923076923077,71.42857142857143,82.6923076923077,85.71428571428571,8.758332442957398e-05,0.5899620056152344
70,1.0128442645072937,1.0935674905776978,78.84615384615384,71.42857142857143,82.6923076923077,85.71428571428571,8.24429495415055e-05,0.590817928314209
71,0.929725170135498,0.8107312917709351,88.46153846153847,100.0,82.6923076923077,85.71428571428571,7.741858926940478e-05,0.5928795337677002
72,1.1078026294708252,0.803740382194519,75.0,92.85714285714286,82.6923076923077,85.71428571428571,7.251520205026215e-05,0.5901656150817871
73,0.9658370912075043,0.9371857047080994,84.61538461538461,78.57142857142857,82.6923076923077,85.71428571428571,6.773762693526975e-05,0.5900702476501465
74,0.956000953912735,0.9939576387405396,80.76923076923077,71.42857142857143,84.61538461538461,85.71428571428571,6.309057881426234e-05,0.5946798324584961
75,1.1378982067108154,0.7603532075881958,75.0,92.85714285714286,82.6923076923077,85.71428571428571,5.857864376269059e-05,0.5979170799255371
76,1.0714577436447144,1.3460456132888794,76.92307692307692,64.28571428571429,84.61538461538461,85.71428571428571,5.420627451571781e-05,0.5902626514434814
77,0.9190115928649902,1.2371366024017334,80.76923076923077,78.57142857142857,82.6923076923077,85.71428571428571,4.9977786073908174e-05,0.5955793857574463
78,1.0070142149925232,1.2541131973266602,78.84615384615384,71.42857142857143,82.6923076923077,85.71428571428571,4.5897351444842234e-05,0.5896053314208984
79,0.9782519340515137,1.1052825450897217,75.0,71.42857142857143,84.61538461538461,85.71428571428571,4.1968997524861976e-05,0.5967869758605957
80,0.9348175525665283,0.9658294320106506,86.53846153846153,78.57142857142857,82.6923076923077,85.71428571428571,3.8196601125010586e-05,0.5909280776977539
81,1.0082378387451172,1.1036701202392578,75.0,78.57142857142857,80.76923076923077,85.71428571428571,3.458388514508772e-05,0.5888631343841553
82,1.0415712893009186,1.0937960147857666,80.76923076923077,78.57142857142857,82.6923076923077,85.71428571428571,3.113441489959707e-05,0.5963993072509766
83,1.0267225801944733,0.8593199253082275,84.61538461538461,85.71428571428571,82.6923076923077,85.71428571428571,2.7851594599211286e-05,0.5868871212005615
84,1.0968899726867676,0.7483805418014526,76.92307692307692,92.85714285714286,84.61538461538461,85.71428571428571,2.4738663991227316e-05,0.5849316120147705
85,1.0164831280708313,0.869466245174408,82.6923076923077,85.71428571428571,80.76923076923077,85.71428571428571,2.179869516232647e-05,0.5862429141998291
86,0.9458086490631104,0.9423544406890869,88.46153846153847,78.57142857142857,84.61538461538461,85.71428571428571,1.9034589506796152e-05,0.5925226211547852
87,0.9896141886711121,1.0268185138702393,86.53846153846153,78.57142857142857,84.61538461538461,85.71428571428571,1.6449074863203837e-05,0.5887749195098877
88,1.0806455612182617,1.2020704746246338,75.0,85.71428571428571,82.6923076923077,85.71428571428571,1.4044702822349747e-05,0.5880780220031738
89,1.0198549330234528,1.1806559562683105,73.07692307692308,64.28571428571429,80.76923076923077,85.71428571428571,1.1823846209154923e-05,0.592022180557251
90,0.972266674041748,1.2875831127166748,80.76923076923077,71.42857142857143,82.6923076923077,85.71428571428571,9.788696740969305e-06,0.5922119617462158
91,1.177962303161621,0.9703218936920166,75.0,85.71428571428571,82.6923076923077,85.71428571428571,7.941262864611418e-06,0.596477746963501
92,1.1230153441429138,1.0621932744979858,75.0,85.71428571428571,84.61538461538461,85.71428571428571,6.283367774273814e-06,0.5905890464782715
93,1.032395362854004,0.9034557342529297,82.6923076923077,78.57142857142857,82.6923076923077,85.71428571428571,4.816647612250541e-06,0.5908546447753906
94,1.0032637417316437,0.7481961250305176,80.76923076923077,92.85714285714286,82.6923076923077,85.71428571428571,3.54254985426226e-06,0.5906264781951904
95,0.9592139720916748,0.7064284682273865,80.76923076923077,100.0,82.6923076923077,85.71428571428571,2.462331880972471e-06,0.5877068042755127
96,0.9409768283367157,1.008758544921875,82.6923076923077,78.57142857142857,80.76923076923077,85.71428571428571,1.577059737104449e-06,0.597480297088623
97,1.0175727009773254,1.260652780532837,80.76923076923077,57.142857142857146,82.6923076923077,85.71428571428571,8.876070793840018e-07,0.588923454284668
98,0.8786836266517639,0.86235511302948,86.53846153846153,78.57142857142857,82.6923076923077,85.71428571428571,3.946543143456887e-07,0.5961399078369141
99,0.9435922503471375,0.8236252069473267,84.61538461538461,85.71428571428571,82.6923076923077,85.71428571428571,9.86879268536801e-08,0.5942842960357666
100,1.1502074003219604,0.877648115158081,71.15384615384616,92.85714285714286,84.61538461538461,85.71428571428571,0.0,0.5866823196411133
101,0.9659943282604218,0.976401686668396,80.76923076923077,78.57142857142857,82.6923076923077,85.71428571428571,2.467198171342e-07,0.5932455062866211
102,0.9488462805747986,1.1465175151824951,82.6923076923077,78.57142857142857,82.6923076923077,85.71428571428571,9.866357858642204e-07,0.5846014022827148
103,1.1309778690338135,0.8040428757667542,73.07692307692308,85.71428571428571,82.6923076923077,85.71428571428571,2.2190176984600015e-06,0.5962915420532227
104,1.0482267141342163,0.812657356262207,76.92307692307692,92.85714285714286,82.6923076923077,85.71428571428571,3.9426493427610614e-06,0.5847969055175781
105,0.9474831223487854,1.0491586923599243,80.76923076923077,85.71428571428571,84.61538461538461,85.71428571428571,6.155829702431114e-06,0.5916182994842529
106,1.0214945673942566,1.0454171895980835,75.0,71.42857142857143,84.61538461538461,85.71428571428571,8.856374635655695e-06,0.589454174041748
107,0.8947640359401703,1.1256769895553589,90.38461538461539,64.28571428571429,84.61538461538461,85.71428571428571,1.2041619030626284e-05,0.5862092971801758
108,0.9995957612991333,1.2533196210861206,80.76923076923077,57.142857142857146,82.6923076923077,85.71428571428571,1.570841943568441e-05,0.5952610969543457
109,1.1065061688423157,1.1661407947540283,80.76923076923077,78.57142857142857,82.6923076923077,85.71428571428571,1.9853157161528415e-05,0.5869078636169434
110,0.963318407535553,1.1442195177078247,80.76923076923077,71.42857142857143,84.61538461538461,85.71428571428571,2.447174185242318e-05,0.592963457107544
111,0.9502952992916107,1.001546025276184,84.61538461538461,85.71428571428571,82.6923076923077,85.71428571428571,2.9559615522887274e-05,0.5907015800476074
112,1.125085711479187,1.4609012603759766,76.92307692307692,71.42857142857143,82.6923076923077,85.71428571428571,3.511175705587427e-05,0.5888721942901611
113,1.0998364686965942,0.9855175018310547,75.0,78.57142857142857,82.6923076923077,85.71428571428571,4.112268715800937e-05,0.5882134437561035
114,1.0047637820243835,1.4030768871307373,82.6923076923077,71.42857142857143,82.6923076923077,85.71428571428571,4.758647376699015e-05,0.5858557224273682
115,1.054044246673584,0.8001710176467896,71.15384615384616,92.85714285714286,80.76923076923077,85.71428571428571,5.449673790581616e-05,0.5933632850646973
116,1.0909100770950317,1.386775255203247,78.84615384615384,71.42857142857143,82.6923076923077,85.71428571428571,6.18466599780682e-05,0.5897953510284424
117,0.9658185839653015,1.1169865131378174,82.6923076923077,78.57142857142857,82.6923076923077,85.71428571428571,6.962898649802817e-05,0.5927696228027344
118,1.14354407787323,0.9453830122947693,80.76923076923077,78.57142857142857,82.6923076923077,85.71428571428571,7.78360372489924e-05,0.5870704650878906
119,1.0669398307800293,0.9457970857620239,75.0,85.71428571428571,82.6923076923077,85.71428571428571,8.645971286271896e-05,0.5871584415435791
120,0.9927533268928528,1.180860161781311,82.6923076923077,71.42857142857143,84.61538461538461,85.71428571428571,9.54915028125261e-05,0.5921797752380371
121,1.1188728213310242,1.176439881324768,73.07692307692308,71.42857142857143,82.6923076923077,85.71428571428571,0.00010492249381215483,0.5904052257537842
122,1.0672112107276917,1.1589184999465942,69.23076923076923,50.0,82.6923076923077,85.71428571428571,0.00011474337861210537,0.5910654067993164
123,0.9774850904941559,1.043478012084961,84.61538461538461,78.57142857142857,84.61538461538461,85.71428571428571,0.00012494446518477014,0.586097240447998
124,1.0941803455352783,0.8595510721206665,75.0,85.71428571428571,84.61538461538461,85.71428571428571,0.00013551568628929406,0.5965797901153564
125,0.9487663209438324,0.9380702972412109,80.76923076923077,85.71428571428571,82.6923076923077,85.71428571428571,0.00014644660940672606,0.587388277053833
126,1.2320536971092224,0.675994336605072,71.15384615384616,100.0,82.6923076923077,85.71428571428571,0.00015772644703565569,0.5889055728912354
127,0.9613946974277496,1.2521522045135498,76.92307692307692,78.57142857142857,82.6923076923077,85.71428571428571,0.00016934406733817403,0.5897121429443359
128,1.0144346356391907,1.075508713722229,80.76923076923077,71.42857142857143,82.6923076923077,85.71428571428571,0.00018128800512565523,0.5862460136413574
129,1.0827782154083252,1.37265944480896,76.92307692307692,71.42857142857143,84.61538461538461,85.71428571428571,0.00019354647317351177,0.5898270606994629
130,1.1774669885635376,0.806773841381073,71.15384615384616,85.71428571428571,80.76923076923077,85.71428571428571,0.0002061073738537634,0.5893065929412842
131,0.9970777630805969,1.2119916677474976,80.76923076923077,64.28571428571429,82.6923076923077,85.71428571428571,0.00021895831107393457,0.5904085636138916
132,1.0633718371391296,0.8152478933334351,75.0,85.71428571428571,82.6923076923077,85.71428571428571,0.00023208660251050189,0.5889332294464111
133,1.0612038373947144,0.92612624168396,75.0,92.85714285714286,82.6923076923077,85.71428571428571,0.00024547929212481446,0.5929512977600098
134,0.8986786007881165,0.7199287414550781,84.61538461538461,92.85714285714286,86.53846153846153,85.71428571428571,0.0002591231629491424,0.5883750915527344
135,0.9979851543903351,0.8842034339904785,80.76923076923077,78.57142857142857,82.6923076923077,85.71428571428571,0.0002730047501302265,0.5920970439910889
136,1.0954428315162659,1.1457078456878662,80.76923076923077,71.42857142857143,82.6923076923077,85.71428571428571,0.0002871103542174639,0.6184256076812744
137,0.9639156460762024,0.9702733159065247,82.6923076923077,78.57142857142857,82.6923076923077,85.71428571428571,0.0003014260546826098,0.5906319618225098
138,0.9965222775936127,1.023139238357544,78.84615384615384,71.42857142857143,82.6923076923077,85.71428571428571,0.00031593772365766105,0.5912864208221436
139,1.1203887462615967,0.7160945534706116,69.23076923076923,100.0,82.6923076923077,85.71428571428571,0.00033063103987735425,0.5942144393920898
140,0.9190987646579742,0.8012683391571045,86.53846153846153,78.57142857142857,80.76923076923077,78.57142857142857,0.00034549150281252617,0.5855996608734131
141,1.1115197539329529,1.0157252550125122,82.6923076923077,78.57142857142857,86.53846153846153,78.57142857142857,0.0003605044469803852,0.5901665687561035
142,1.1498264074325562,0.7286524772644043,76.92307692307692,85.71428571428571,90.38461538461539,78.57142857142857,0.00037565505641757284,0.5855281352996826
143,1.0931856632232666,0.8354519605636597,76.92307692307692,85.71428571428571,88.46153846153847,78.57142857142857,0.00039092837930172883,0.5902884006500244
144,1.0360764861106873,0.8354256749153137,82.6923076923077,78.57142857142857,80.76923076923077,85.71428571428571,0.0004063093427071377,0.5914862155914307
145,0.9222745895385742,0.8706384301185608,80.76923076923077,71.42857142857143,88.46153846153847,78.57142857142857,0.00042178276747988454,0.5916259288787842
146,0.8309485614299774,0.8750573396682739,86.53846153846153,71.42857142857143,82.6923076923077,71.42857142857143,0.00043733338321784774,0.5935888290405273
147,1.0252330303192139,0.9899424314498901,73.07692307692308,78.57142857142857,82.6923076923077,78.57142857142857,0.000452945843340743,0.5884647369384766
148,1.0519007742404938,1.1262147426605225,82.6923076923077,71.42857142857143,84.61538461538461,64.28571428571429,0.00046860474023534336,0.5980129241943359
149,0.9944636225700378,0.9488884806632996,78.84615384615384,85.71428571428571,86.53846153846153,85.71428571428571,0.00048429462046093585,0.5906021595001221
150,1.051723837852478,0.767268717288971,80.76923076923077,92.85714285714286,82.6923076923077,71.42857142857143,0.0004999999999999999,0.5889360904693604
151,0.8025061190128326,1.4037237167358398,86.53846153846153,64.28571428571429,82.6923076923077,78.57142857142857,0.0005157053795390639,0.594080924987793
152,0.8376217484474182,1.207747220993042,88.46153846153847,64.28571428571429,88.46153846153847,78.57142857142857,0.0005313952597646563,0.5915377140045166
153,0.8696170747280121,0.7715668678283691,80.76923076923077,78.57142857142857,92.3076923076923,78.57142857142857,0.0005470541566592572,0.5956621170043945
154,0.9646587371826172,0.8486508131027222,76.92307692307692,78.57142857142857,86.53846153846153,78.57142857142857,0.0005626666167821521,0.590442419052124
155,0.9550958275794983,1.0066850185394287,80.76923076923077,78.57142857142857,92.3076923076923,71.42857142857143,0.0005782172325201154,0.5908124446868896
156,0.9406704306602478,0.9239010214805603,82.6923076923077,78.57142857142857,80.76923076923077,85.71428571428571,0.0005936906572928622,0.5870251655578613
157,0.9901993870735168,1.281792402267456,78.84615384615384,71.42857142857143,84.61538461538461,85.71428571428571,0.0006090716206982711,0.5878384113311768
158,1.0425924956798553,1.3753587007522583,71.15384615384616,71.42857142857143,86.53846153846153,78.57142857142857,0.0006243449435824275,0.5951533317565918
159,0.8366113901138306,0.6593228578567505,86.53846153846153,92.85714285714286,78.84615384615384,78.57142857142857,0.0006394955530196146,0.5886778831481934
160,0.8722035586833954,0.7684224843978882,84.61538461538461,92.85714285714286,86.53846153846153,92.85714285714286,0.0006545084971874736,0.5933058261871338
161,1.1313607096672058,1.3344863653182983,78.84615384615384,71.42857142857143,84.61538461538461,71.42857142857143,0.0006693689601226455,0.5913207530975342
162,0.9940345883369446,0.9940247535705566,84.61538461538461,78.57142857142857,88.46153846153847,85.71428571428571,0.0006840622763423387,0.5947773456573486
163,0.92521932721138,1.2169945240020752,82.6923076923077,71.42857142857143,82.6923076923077,78.57142857142857,0.00069857394531739,0.5920975208282471
164,1.0428150296211243,1.2271631956100464,75.0,85.71428571428571,86.53846153846153,71.42857142857143,0.0007128896457825359,0.5948948860168457
165,1.019416093826294,0.9679199457168579,82.6923076923077,85.71428571428571,86.53846153846153,78.57142857142857,0.0007269952498697729,0.5945045948028564
166,1.0070396959781647,1.207536220550537,76.92307692307692,64.28571428571429,84.61538461538461,71.42857142857143,0.0007408768370508579,0.5874953269958496
167,1.1042391061782837,1.0196161270141602,71.15384615384616,85.71428571428571,82.6923076923077,85.71428571428571,0.0007545207078751859,0.5948948860168457
168,1.0370907187461853,0.8965885639190674,76.92307692307692,92.85714285714286,88.46153846153847,85.71428571428571,0.0007679133974894986,0.5889859199523926
169,1.102346956729889,1.164636492729187,73.07692307692308,78.57142857142857,88.46153846153847,85.71428571428571,0.0007810416889260655,0.588486909866333
170,1.1300991475582123,0.9408801198005676,73.07692307692308,78.57142857142857,90.38461538461539,71.42857142857143,0.0007938926261462367,0.5975801944732666
171,0.9291562438011169,1.6146836280822754,78.84615384615384,57.142857142857146,86.53846153846153,85.71428571428571,0.0008064535268264883,0.5871782302856445
172,1.1134491562843323,1.1671611070632935,71.15384615384616,57.142857142857146,82.6923076923077,78.57142857142857,0.0008187119948743449,0.5925478935241699
173,1.0543941259384155,1.1462347507476807,71.15384615384616,78.57142857142857,90.38461538461539,78.57142857142857,0.0008306559326618259,0.5893583297729492
174,0.9281168282032013,1.1299313306808472,80.76923076923077,78.57142857142857,84.61538461538461,85.71428571428571,0.0008422735529643441,0.5919382572174072
175,0.889588862657547,1.191658616065979,88.46153846153847,64.28571428571429,90.38461538461539,85.71428571428571,0.0008535533905932735,0.5969264507293701
176,1.0103436410427094,0.7869755625724792,78.84615384615384,92.85714285714286,86.53846153846153,85.71428571428571,0.0008644843137107058,0.5893549919128418
177,1.062720537185669,1.38779878616333,76.92307692307692,71.42857142857143,90.38461538461539,100.0,0.0008750555348152301,0.5901327133178711
178,1.0878902673721313,0.8672900199890137,67.3076923076923,85.71428571428571,84.61538461538461,92.85714285714286,0.0008852566213878949,0.585019588470459
179,0.9676984548568726,0.8602588176727295,76.92307692307692,85.71428571428571,86.53846153846153,71.42857142857143,0.0008950775061878453,0.5915415287017822
180,0.9901216626167297,1.1959260702133179,76.92307692307692,78.57142857142857,82.6923076923077,78.57142857142857,0.0009045084971874741,0.5890724658966064
181,0.851033478975296,1.698239803314209,90.38461538461539,64.28571428571429,80.76923076923077,64.28571428571429,0.0009135402871372812,0.6138989925384521
182,1.167930781841278,1.1383718252182007,73.07692307692308,78.57142857142857,84.61538461538461,78.57142857142857,0.0009221639627510079,0.5921075344085693
183,1.1431737542152405,1.2350685596466064,76.92307692307692,64.28571428571429,84.61538461538461,78.57142857142857,0.000930371013501972,0.5921759605407715
184,0.9160740375518799,1.0413135290145874,80.76923076923077,78.57142857142857,84.61538461538461,71.42857142857143,0.000938153340021932,0.6005539894104004
185,1.0896717309951782,1.222963809967041,75.0,71.42857142857143,84.61538461538461,71.42857142857143,0.0009455032620941843,0.5876288414001465
186,0.9009811878204346,0.9725710153579712,78.84615384615384,78.57142857142857,86.53846153846153,78.57142857142857,0.0009524135262330102,0.5912871360778809
187,1.1025875210762024,1.1947579383850098,69.23076923076923,85.71428571428571,86.53846153846153,78.57142857142857,0.0009588773128419913,0.590449333190918
188,1.0331909656524658,1.2437093257904053,76.92307692307692,85.71428571428571,88.46153846153847,78.57142857142857,0.0009648882429441262,0.5864839553833008
189,1.2954624891281128,1.063581109046936,63.46153846153846,78.57142857142857,82.6923076923077,92.85714285714286,0.0009704403844771133,0.5865168571472168
190,1.209686517715454,1.1183592081069946,75.0,85.71428571428571,88.46153846153847,85.71428571428571,0.0009755282581475773,0.5893616676330566
191,1.0384463965892792,1.263351321220398,76.92307692307692,64.28571428571429,92.3076923076923,85.71428571428571,0.000980146842838472,0.5918934345245361
192,1.1653916239738464,1.244863748550415,75.0,71.42857142857143,76.92307692307692,85.71428571428571,0.0009842915805643162,0.587609052658081
193,1.2854791581630707,0.7447595596313477,71.15384615384616,92.85714285714286,84.61538461538461,71.42857142857143,0.0009879583809693743,0.5886504650115967
194,1.1479880809783936,0.7411805391311646,73.07692307692308,92.85714285714286,80.76923076923077,78.57142857142857,0.000991143625364345,0.5909309387207031
195,0.9750817120075226,1.279733419418335,76.92307692307692,57.142857142857146,88.46153846153847,92.85714285714286,0.0009938441702975695,0.5885159969329834
196,0.9892890453338623,0.8958855867385864,78.84615384615384,71.42857142857143,86.53846153846153,85.71428571428571,0.0009960573506572394,0.5875318050384521
197,0.9840368926525116,1.3434209823608398,75.0,64.28571428571429,86.53846153846153,100.0,0.0009977809823015407,0.5890655517578125
198,1.1449538469314575,1.0075466632843018,76.92307692307692,71.42857142857143,90.38461538461539,78.57142857142857,0.0009990133642141365,0.5956079959869385
199,0.9593329429626465,1.061631202697754,84.61538461538461,78.57142857142857,90.38461538461539,92.85714285714286,0.0009997532801828664,0.5932197570800781
200,1.0766817331314087,1.2934401035308838,73.07692307692308,64.28571428571429,90.38461538461539,85.71428571428571,0.0010000000000000007,0.586247444152832
201,1.0188729166984558,1.2872543334960938,76.92307692307692,64.28571428571429,86.53846153846153,71.42857142857143,0.0009997532801828664,0.5898599624633789
202,1.0833882689476013,0.7291531562805176,78.84615384615384,92.85714285714286,84.61538461538461,78.57142857142857,0.0009990133642141365,0.5877494812011719
203,1.1320724487304688,1.0921273231506348,75.0,85.71428571428571,86.53846153846153,71.42857142857143,0.0009977809823015407,0.591686487197876
204,0.9891866445541382,0.8660570383071899,75.0,85.71428571428571,82.6923076923077,92.85714285714286,0.0009960573506572396,0.5915122032165527
205,0.93794846534729,0.9680823087692261,84.61538461538461,71.42857142857143,88.46153846153847,78.57142857142857,0.0009938441702975695,0.5875091552734375
206,1.0941630601882935,1.317038655281067,73.07692307692308,71.42857142857143,92.3076923076923,85.71428571428571,0.000991143625364345,0.5894284248352051
207,1.089853286743164,0.9577592611312866,67.3076923076923,85.71428571428571,86.53846153846153,78.57142857142857,0.0009879583809693743,0.5894260406494141
208,0.7883947491645813,0.7320514917373657,88.46153846153847,85.71428571428571,84.61538461538461,92.85714285714286,0.000984291580564316,0.5877552032470703
209,0.9541264772415161,1.2755711078643799,78.84615384615384,71.42857142857143,86.53846153846153,85.71428571428571,0.000980146842838472,0.5910031795501709
210,0.9356521368026733,0.8798583745956421,76.92307692307692,85.71428571428571,88.46153846153847,78.57142857142857,0.0009755282581475773,0.5970370769500732
211,0.8461364507675171,1.175475835800171,88.46153846153847,71.42857142857143,84.61538461538461,64.28571428571429,0.0009704403844771134,0.6086380481719971
212,1.0146052837371826,1.1959600448608398,82.6923076923077,71.42857142857143,90.38461538461539,85.71428571428571,0.0009648882429441263,0.6104264259338379
213,1.0742223262786865,1.0917845964431763,78.84615384615384,78.57142857142857,86.53846153846153,78.57142857142857,0.000958877312841991,0.5880801677703857
214,0.9821891784667969,1.1674712896347046,75.0,71.42857142857143,84.61538461538461,92.85714285714286,0.0009524135262330103,0.590573787689209
215,0.9756402373313904,1.0715913772583008,78.84615384615384,71.42857142857143,92.3076923076923,78.57142857142857,0.0009455032620941846,0.583641529083252
216,1.0115526914596558,0.8116767406463623,78.84615384615384,85.71428571428571,86.53846153846153,71.42857142857143,0.0009381533400219324,0.5899887084960938
217,0.9593033194541931,1.0668954849243164,82.6923076923077,71.42857142857143,84.61538461538461,85.71428571428571,0.0009303710135019726,0.5952126979827881
218,1.0720203816890717,0.9577608108520508,75.0,78.57142857142857,86.53846153846153,85.71428571428571,0.0009221639627510083,0.588275671005249
219,0.9152877628803253,0.7198077440261841,82.6923076923077,92.85714285714286,84.61538461538461,71.42857142857143,0.0009135402871372813,0.5880305767059326
220,0.990810215473175,0.9932761192321777,76.92307692307692,78.57142857142857,86.53846153846153,71.42857142857143,0.0009045084971874742,0.5872795581817627
221,0.8828222751617432,1.2046399116516113,82.6923076923077,71.42857142857143,88.46153846153847,85.71428571428571,0.0008950775061878455,0.5885591506958008
222,0.9197762608528137,1.1491143703460693,80.76923076923077,78.57142857142857,76.92307692307692,92.85714285714286,0.000885256621387895,0.590092658996582
223,1.007231593132019,1.8981988430023193,80.76923076923077,42.857142857142854,80.76923076923077,78.57142857142857,0.0008750555348152302,0.5959353446960449
224,0.9992881715297699,0.7570748329162598,76.92307692307692,78.57142857142857,86.53846153846153,71.42857142857143,0.0008644843137107062,0.5847196578979492
225,1.0170491933822632,0.9941409826278687,78.84615384615384,85.71428571428571,84.61538461538461,71.42857142857143,0.0008535533905932743,0.5918781757354736
226,0.9997621178627014,1.1999467611312866,76.92307692307692,85.71428571428571,88.46153846153847,78.57142857142857,0.0008422735529643449,0.5860469341278076
227,0.868427038192749,1.3658552169799805,80.76923076923077,57.142857142857146,90.38461538461539,85.71428571428571,0.0008306559326618266,0.5863919258117676
228,1.1027350425720215,0.885254979133606,78.84615384615384,92.85714285714286,86.53846153846153,71.42857142857143,0.0008187119948743455,0.587078332901001
229,1.2519466280937195,1.1053102016448975,63.46153846153846,78.57142857142857,84.61538461538461,78.57142857142857,0.0008064535268264891,0.5903382301330566
230,1.0565014481544495,0.7636792063713074,82.6923076923077,92.85714285714286,86.53846153846153,85.71428571428571,0.0007938926261462368,0.5939784049987793
231,0.9451175928115845,0.9350812435150146,80.76923076923077,85.71428571428571,92.3076923076923,85.71428571428571,0.0007810416889260656,0.588848352432251
232,0.986887127161026,0.9472008943557739,80.76923076923077,78.57142857142857,90.38461538461539,100.0,0.0007679133974894987,0.5893111228942871
233,1.0797924101352692,1.1549036502838135,80.76923076923077,71.42857142857143,88.46153846153847,85.71428571428571,0.0007545207078751862,0.5849196910858154
234,1.005799651145935,0.7456138134002686,82.6923076923077,92.85714285714286,88.46153846153847,78.57142857142857,0.0007408768370508582,0.5885872840881348
235,1.027614027261734,0.957075834274292,69.23076923076923,85.71428571428571,90.38461538461539,78.57142857142857,0.000726995249869774,0.5863516330718994
236,0.855957418680191,0.8958902955055237,82.6923076923077,85.71428571428571,90.38461538461539,78.57142857142857,0.0007128896457825371,0.5818710327148438
237,1.0203131139278412,0.6854990720748901,76.92307692307692,92.85714285714286,92.3076923076923,78.57142857142857,0.0006985739453173912,0.5890343189239502
238,0.8145765662193298,0.8243464827537537,88.46153846153847,78.57142857142857,86.53846153846153,78.57142857142857,0.00068406227634234,0.5845704078674316
239,1.0004385709762573,0.6511332392692566,78.84615384615384,100.0,84.61538461538461,71.42857142857143,0.0006693689601226468,0.5835320949554443
240,1.0494661629199982,1.2055400609970093,75.0,64.28571428571429,86.53846153846153,85.71428571428571,0.0006545084971874749,0.5898933410644531
241,0.9449016153812408,1.0552035570144653,76.92307692307692,78.57142857142857,84.61538461538461,100.0,0.000639495553019615,0.5979893207550049
242,1.102044939994812,1.0724751949310303,71.15384615384616,85.71428571428571,75.0,78.57142857142857,0.0006243449435824279,0.5874457359313965
243,0.9342849850654602,1.056435227394104,75.0,78.57142857142857,90.38461538461539,92.85714285714286,0.0006090716206982718,0.5865073204040527
244,1.1306338906288147,1.837498426437378,73.07692307692308,57.142857142857146,88.46153846153847,78.57142857142857,0.000593690657292863,0.5899693965911865
245,0.8778161406517029,1.0450596809387207,82.6923076923077,71.42857142857143,88.46153846153847,85.71428571428571,0.0005782172325201161,0.5899941921234131
246,0.9834186136722565,1.011122226715088,78.84615384615384,71.42857142857143,88.46153846153847,85.71428571428571,0.0005626666167821529,0.5910398960113525
247,0.87331822514534,1.0564550161361694,78.84615384615384,85.71428571428571,96.15384615384616,100.0,0.000547054156659258,0.5887675285339355
248,0.7948766052722931,1.2229318618774414,86.53846153846153,85.71428571428571,92.3076923076923,85.71428571428571,0.0005313952597646575,0.5922002792358398
249,0.8446903228759766,0.83506178855896,82.6923076923077,71.42857142857143,88.46153846153847,100.0,0.0005157053795390652,0.593714714050293
250,0.8964320421218872,0.7890385389328003,86.53846153846153,85.71428571428571,88.46153846153847,92.85714285714286,0.000500000000000001,0.592287540435791
251,0.7641230225563049,0.8297915458679199,86.53846153846153,92.85714285714286,94.23076923076923,85.71428571428571,0.000484294620460936,0.5884101390838623
252,0.7540245056152344,0.8195285797119141,84.61538461538461,85.71428571428571,90.38461538461539,85.71428571428571,0.0004686047402353436,0.5916123390197754
253,0.9656651318073273,1.2999846935272217,84.61538461538461,57.142857142857146,90.38461538461539,78.57142857142857,0.00045294584334074317,0.5920205116271973
254,1.1235397458076477,0.8053088188171387,76.92307692307692,92.85714285714286,88.46153846153847,78.57142857142857,0.0004373333832178482,0.5872435569763184
255,0.7996819615364075,1.133983850479126,88.46153846153847,71.42857142857143,88.46153846153847,71.42857142857143,0.0004217827674798846,0.5893776416778564
256,0.9247579276561737,1.2475730180740356,84.61538461538461,64.28571428571429,82.6923076923077,92.85714285714286,0.0004063093427071378,0.5872344970703125
257,0.9186508059501648,1.116947889328003,80.76923076923077,78.57142857142857,92.3076923076923,78.57142857142857,0.0003909283793017289,0.5839519500732422
258,1.0753264427185059,1.2267966270446777,76.92307692307692,64.28571428571429,84.61538461538461,85.71428571428571,0.0003756550564175728,0.5894534587860107
259,0.9452979564666748,0.8992708325386047,80.76923076923077,85.71428571428571,86.53846153846153,78.57142857142857,0.00036050444698038564,0.5803134441375732
260,0.9281426072120667,0.6588256359100342,86.53846153846153,92.85714285714286,92.3076923076923,92.85714285714286,0.00034549150281252666,0.5872342586517334
261,0.696572333574295,1.2443355321884155,92.3076923076923,71.42857142857143,90.38461538461539,100.0,0.00033063103987735474,0.5837700366973877
262,0.6573993563652039,0.6231819987297058,92.3076923076923,92.85714285714286,86.53846153846153,85.71428571428571,0.00031593772365766154,0.5887570381164551
263,0.8917418420314789,0.939529299736023,82.6923076923077,64.28571428571429,84.61538461538461,100.0,0.00030142605468260944,0.5891046524047852
264,0.8075442910194397,1.036118745803833,88.46153846153847,78.57142857142857,90.38461538461539,78.57142857142857,0.0002871103542174635,0.5839824676513672
265,0.8758416771888733,1.1701409816741943,84.61538461538461,78.57142857142857,86.53846153846153,85.71428571428571,0.0002730047501302265,0.5843210220336914
266,0.8667919933795929,0.7276167273521423,78.84615384615384,85.71428571428571,88.46153846153847,92.85714285714286,0.00025912316294914234,0.5870370864868164
267,0.8541758358478546,1.231988549232483,86.53846153846153,64.28571428571429,84.61538461538461,78.57142857142857,0.00024547929212481446,0.588228702545166
268,0.7914603054523468,0.9220671653747559,82.6923076923077,78.57142857142857,80.76923076923077,85.71428571428571,0.00023208660251050186,0.5875692367553711
269,0.8694387078285217,0.8421417474746704,86.53846153846153,71.42857142857143,92.3076923076923,78.57142857142857,0.00021895831107393495,0.5897259712219238
270,0.7887120842933655,1.252421259880066,88.46153846153847,64.28571428571429,96.15384615384616,100.0,0.00020610737385376373,0.5924527645111084
271,0.9283060431480408,1.0450780391693115,86.53846153846153,71.42857142857143,88.46153846153847,92.85714285714286,0.00019354647317351215,0.5844705104827881
272,0.8093327879905701,1.166465163230896,84.61538461538461,64.28571428571429,90.38461538461539,100.0,0.0001812880051256549,0.5917065143585205
273,0.6264627277851105,1.1413711309432983,94.23076923076923,71.42857142857143,90.38461538461539,92.85714285714286,0.00016934406733817387,0.590034008026123
274,0.9329489171504974,0.942257821559906,84.61538461538461,85.71428571428571,90.38461538461539,85.71428571428571,0.00015772644703565558,0.5974438190460205
275,0.9425420761108398,0.8973079323768616,76.92307692307692,85.71428571428571,84.61538461538461,71.42857142857143,0.0001464466094067262,0.5924370288848877
276,0.9292636811733246,1.1288819313049316,80.76923076923077,85.71428571428571,96.15384615384616,92.85714285714286,0.00013551568628929425,0.5856878757476807
277,0.70550137758255,0.913020133972168,84.61538461538461,85.71428571428571,94.23076923076923,85.71428571428571,0.00012494446518477028,0.5896470546722412
278,0.7613881826400757,0.995208740234375,88.46153846153847,71.42857142857143,94.23076923076923,92.85714285714286,0.00011474337861210549,0.5881378650665283
279,1.022436261177063,1.0293024778366089,78.84615384615384,71.42857142857143,90.38461538461539,78.57142857142857,0.00010492249381215495,0.5893146991729736
280,0.6555778980255127,1.2816784381866455,92.3076923076923,64.28571428571429,88.46153846153847,100.0,9.549150281252649e-05,0.588782548904419
281,0.8267101347446442,1.236889123916626,86.53846153846153,57.142857142857146,94.23076923076923,85.71428571428571,8.645971286271934e-05,0.5958902835845947
282,0.8999264538288116,1.0777857303619385,75.0,64.28571428571429,92.3076923076923,78.57142857142857,7.783603724899271e-05,0.5871336460113525
283,0.9250389337539673,0.954967200756073,82.6923076923077,85.71428571428571,90.38461538461539,78.57142857142857,6.962898649802803e-05,0.5922658443450928
284,0.8217085599899292,0.8859127759933472,88.46153846153847,92.85714285714286,90.38461538461539,92.85714285714286,6.18466599780681e-05,0.5865061283111572
285,0.8283745348453522,0.9472035765647888,84.61538461538461,85.71428571428571,90.38461538461539,78.57142857142857,5.4496737905815994e-05,0.5863935947418213
286,0.8671304881572723,0.9754565954208374,84.61538461538461,71.42857142857143,90.38461538461539,85.71428571428571,4.7586473766990206e-05,0.6172809600830078
287,0.8406566679477692,1.2596198320388794,86.53846153846153,64.28571428571429,90.38461538461539,85.71428571428571,4.112268715800942e-05,0.5873329639434814
288,0.8491551578044891,1.0175883769989014,84.61538461538461,64.28571428571429,92.3076923076923,78.57142857142857,3.5111757055874305e-05,0.591986894607544
289,0.7122647166252136,0.6893399953842163,90.38461538461539,92.85714285714286,94.23076923076923,85.71428571428571,2.9559615522887304e-05,0.5891857147216797
290,0.6597316861152649,1.3269274234771729,90.38461538461539,71.42857142857143,90.38461538461539,78.57142857142857,2.4471741852423316e-05,0.5901856422424316
291,0.6607179045677185,1.096572756767273,90.38461538461539,71.42857142857143,96.15384615384616,71.42857142857143,1.9853157161528543e-05,0.5917131900787354
292,0.7862247824668884,0.8215209245681763,86.53846153846153,78.57142857142857,94.23076923076923,92.85714285714286,1.5708419435684534e-05,0.5889139175415039
293,0.8414915800094604,1.062756061553955,84.61538461538461,85.71428571428571,88.46153846153847,78.57142857142857,1.2041619030626406e-05,0.5951330661773682
294,0.7830933928489685,0.8897663950920105,86.53846153846153,85.71428571428571,90.38461538461539,85.71428571428571,8.856374635655593e-06,0.5902361869812012
295,0.7862802147865295,0.8779177665710449,84.61538461538461,85.71428571428571,94.23076923076923,85.71428571428571,6.155829702431122e-06,0.5859763622283936
296,0.6495457291603088,1.2744724750518799,90.38461538461539,71.42857142857143,92.3076923076923,78.57142857142857,3.9426493427610665e-06,0.5858421325683594
297,0.8522687256336212,0.9464939832687378,78.84615384615384,78.57142857142857,92.3076923076923,85.71428571428571,2.2190176984600044e-06,0.5880422592163086
298,0.7538387477397919,0.7695150375366211,86.53846153846153,92.85714285714286,92.3076923076923,71.42857142857143,9.866357858642217e-07,0.5879616737365723
299,0.8712001740932465,1.117384672164917,82.6923076923077,78.57142857142857,92.3076923076923,85.71428571428571,2.4671981713420025e-07,0.5881836414337158
300,0.6560026109218597,0.9467010498046875,84.61538461538461,78.57142857142857,96.15384615384616,92.85714285714286,0.0,0.5995807647705078
301,0.8103998303413391,0.8737246990203857,88.46153846153847,78.57142857142857,94.23076923076923,85.71428571428571,2.467198171342e-07,0.5886483192443848
302,0.8041049838066101,1.2655246257781982,90.38461538461539,64.28571428571429,90.38461538461539,78.57142857142857,9.866357858642204e-07,0.595196008682251
303,0.8612602353096008,1.0022722482681274,80.76923076923077,92.85714285714286,92.3076923076923,71.42857142857143,2.2190176984599464e-06,0.5910122394561768
304,0.8762246072292328,0.6841503381729126,80.76923076923077,92.85714285714286,88.46153846153847,85.71428571428571,3.942649342761006e-06,0.5913584232330322
305,0.825395405292511,0.9605261087417603,80.76923076923077,71.42857142857143,90.38461538461539,85.71428571428571,6.155829702431169e-06,0.5947515964508057
306,0.8269944787025452,1.108435034751892,86.53846153846153,78.57142857142857,90.38461538461539,78.57142857142857,8.856374635655693e-06,0.592625617980957
307,0.928222119808197,0.6703181266784668,82.6923076923077,100.0,92.3076923076923,78.57142857142857,1.2041619030626337e-05,0.5858004093170166
308,0.6897673010826111,1.3314913511276245,88.46153846153847,71.42857142857143,94.23076923076923,78.57142857142857,1.570841943568446e-05,0.5891761779785156
309,0.6788860559463501,1.1449885368347168,94.23076923076923,85.71428571428571,90.38461538461539,78.57142857142857,1.9853157161528408e-05,0.5949277877807617
310,0.7457254528999329,0.7160381078720093,86.53846153846153,85.71428571428571,92.3076923076923,78.57142857142857,2.4471741852423174e-05,0.5890781879425049
311,0.8726913332939148,1.005599856376648,86.53846153846153,78.57142857142857,92.3076923076923,85.71428571428571,2.9559615522887152e-05,0.5959241390228271
312,0.7874342203140259,0.8112801313400269,88.46153846153847,92.85714285714286,94.23076923076923,92.85714285714286,3.511175705587414e-05,0.5921905040740967
313,0.9124491214752197,1.1468461751937866,75.0,71.42857142857143,90.38461538461539,85.71428571428571,4.112268715800924e-05,0.5919711589813232
314,0.8477036654949188,0.9090134501457214,86.53846153846153,85.71428571428571,84.61538461538461,78.57142857142857,4.758647376698997e-05,0.5873258113861084
315,0.8174240291118622,1.118207573890686,82.6923076923077,78.57142857142857,88.46153846153847,85.71428571428571,5.449673790581614e-05,0.5839824676513672
316,0.7441021502017975,1.2763804197311401,88.46153846153847,78.57142857142857,94.23076923076923,78.57142857142857,6.184665997806823e-05,0.5900287628173828
317,0.7419587671756744,0.8795494437217712,86.53846153846153,78.57142857142857,94.23076923076923,100.0,6.96289864980282e-05,0.5954463481903076
318,0.7625524997711182,0.8888368606567383,88.46153846153847,78.57142857142857,90.38461538461539,78.57142857142857,7.783603724899242e-05,0.5872807502746582
319,0.6701991260051727,0.8617520332336426,90.38461538461539,78.57142857142857,92.3076923076923,78.57142857142857,8.645971286271898e-05,0.5939152240753174
320,0.7146237790584564,1.1092453002929688,88.46153846153847,78.57142857142857,88.46153846153847,71.42857142857143,9.54915028125261e-05,0.5937731266021729
321,0.8015840947628021,0.7239848375320435,88.46153846153847,78.57142857142857,92.3076923076923,85.71428571428571,0.00010492249381215455,0.5905368328094482
322,0.6797419488430023,0.9689680337905884,92.3076923076923,78.57142857142857,96.15384615384616,78.57142857142857,0.00011474337861210506,0.59761643409729
323,0.8623949885368347,1.0391831398010254,84.61538461538461,78.57142857142857,84.61538461538461,85.71428571428571,0.00012494446518476982,0.5870137214660645
324,0.7216278910636902,1.2298119068145752,86.53846153846153,78.57142857142857,90.38461538461539,85.71428571428571,0.0001355156862892937,0.5930428504943848
325,0.7886264324188232,0.8558018207550049,86.53846153846153,85.71428571428571,90.38461538461539,71.42857142857143,0.00014644660940672563,0.5948121547698975
326,0.9486064314842224,1.1102889776229858,80.76923076923077,78.57142857142857,88.46153846153847,92.85714285714286,0.000157726447035655,0.5931956768035889
327,0.8140309751033783,0.912261962890625,90.38461538461539,78.57142857142857,86.53846153846153,92.85714285714286,0.00016934406733817395,0.5954968929290771
328,0.6521286368370056,1.0892372131347656,92.3076923076923,71.42857142857143,88.46153846153847,92.85714285714286,0.0001812880051256543,0.589982271194458
329,1.0120375454425812,1.4212415218353271,78.84615384615384,57.142857142857146,90.38461538461539,85.71428571428571,0.00019354647317351147,0.5935542583465576
330,0.6761007010936737,0.7122330069541931,92.3076923076923,92.85714285714286,90.38461538461539,78.57142857142857,0.00020610737385376234,0.5889632701873779
331,0.7955092191696167,0.8636441230773926,84.61538461538461,85.71428571428571,94.23076923076923,78.57142857142857,0.00021895831107393427,0.5927579402923584
332,0.7518661320209503,0.8469342589378357,84.61538461538461,85.71428571428571,90.38461538461539,78.57142857142857,0.00023208660251050189,0.5932316780090332
333,0.8063323795795441,1.2903063297271729,86.53846153846153,71.42857142857143,94.23076923076923,85.71428571428571,0.0002454792921248137,0.5831394195556641
334,0.9281523823738098,1.2492047548294067,88.46153846153847,71.42857142857143,92.3076923076923,92.85714285714286,0.00025912316294914234,0.596580982208252
335,0.8127573728561401,0.6943300366401672,82.6923076923077,85.71428571428571,94.23076923076923,85.71428571428571,0.0002730047501302257,0.5840840339660645
336,0.6630321443080902,0.778389573097229,94.23076923076923,92.85714285714286,92.3076923076923,92.85714285714286,0.00028711035421746345,0.5844547748565674
337,0.6688927710056305,0.8326390981674194,90.38461538461539,78.57142857142857,92.3076923076923,92.85714285714286,0.0003014260546826086,0.589501142501831
338,0.7387359142303467,0.7523760199546814,90.38461538461539,78.57142857142857,92.3076923076923,92.85714285714286,0.00031593772365766056,0.5892243385314941
339,0.8027905225753784,0.9690160751342773,80.76923076923077,85.71428571428571,90.38461538461539,71.42857142857143,0.0003306310398773529,0.5910882949829102
340,0.7891631424427032,1.1298540830612183,84.61538461538461,71.42857142857143,90.38461538461539,71.42857142857143,0.0003454915028125255,0.5807766914367676
341,0.8114641010761261,1.4672574996948242,80.76923076923077,64.28571428571429,96.15384615384616,78.57142857142857,0.0003605044469803837,0.5948727130889893
342,0.6204757392406464,0.6288974285125732,92.3076923076923,92.85714285714286,96.15384615384616,92.85714285714286,0.00037565505641757175,0.5884466171264648
343,0.7567506432533264,0.6736127734184265,90.38461538461539,85.71428571428571,90.38461538461539,85.71428571428571,0.0003909283793017286,0.591489315032959
344,0.8198658227920532,0.9848906993865967,84.61538461538461,85.71428571428571,90.38461538461539,85.71428571428571,0.00040630934270713664,0.5904157161712646
345,0.840088427066803,1.1050806045532227,78.84615384615384,71.42857142857143,94.23076923076923,92.85714285714286,0.00042178276747988427,0.5922303199768066
346,0.7785709202289581,0.8374106884002686,82.6923076923077,78.57142857142857,88.46153846153847,85.71428571428571,0.0004373333832178466,0.5919952392578125
347,0.9289402365684509,1.375211477279663,80.76923076923077,64.28571428571429,90.38461538461539,78.57142857142857,0.00045294584334074235,0.5867891311645508
348,0.8193762898445129,0.7820256948471069,86.53846153846153,85.71428571428571,96.15384615384616,85.71428571428571,0.0004686047402353418,0.6011440753936768
349,0.7926333844661713,0.7104129791259766,86.53846153846153,92.85714285714286,92.3076923076923,78.57142857142857,0.00048429462046093515,0.586991548538208
350,0.927382230758667,1.249084234237671,80.76923076923077,78.57142857142857,90.38461538461539,85.71428571428571,0.0004999999999999983,0.5968596935272217
351,1.0982743501663208,0.7978363037109375,78.84615384615384,78.57142857142857,86.53846153846153,92.85714285714286,0.0005157053795390631,0.5969283580780029
352,1.0769250988960266,0.7695846557617188,78.84615384615384,85.71428571428571,88.46153846153847,78.57142857142857,0.0005313952597646556,0.5953350067138672
353,0.814457356929779,1.4667962789535522,84.61538461538461,57.142857142857146,88.46153846153847,78.57142857142857,0.0005470541566592559,0.5903947353363037
354,0.7610692977905273,1.2129340171813965,82.6923076923077,71.42857142857143,88.46153846153847,92.85714285714286,0.0005626666167821516,0.5863833427429199
355,0.7323642373085022,0.7142202258110046,92.3076923076923,85.71428571428571,90.38461538461539,85.71428571428571,0.000578217232520114,0.5923323631286621
356,0.8537141978740692,0.9746769070625305,80.76923076923077,78.57142857142857,98.07692307692308,71.42857142857143,0.0005936906572928615,0.5846517086029053
357,0.9669883847236633,1.2789667844772339,78.84615384615384,85.71428571428571,90.38461538461539,78.57142857142857,0.0006090716206982696,0.5933222770690918
358,0.8043184876441956,1.1288433074951172,84.61538461538461,78.57142857142857,94.23076923076923,85.71428571428571,0.0006243449435824264,0.593761682510376
359,0.6909514665603638,0.7800395488739014,84.61538461538461,85.71428571428571,90.38461538461539,78.57142857142857,0.0006394955530196126,0.5860588550567627
360,0.8292673230171204,0.9249221086502075,78.84615384615384,78.57142857142857,92.3076923076923,78.57142857142857,0.0006545084971874727,0.5934417247772217
361,0.8695676326751709,1.2180423736572266,80.76923076923077,71.42857142857143,94.23076923076923,78.57142857142857,0.0006693689601226445,0.5821025371551514
362,0.7010708451271057,1.058976411819458,88.46153846153847,78.57142857142857,94.23076923076923,71.42857142857143,0.0006840622763423378,0.5914223194122314
363,0.8922518491744995,1.100808024406433,80.76923076923077,78.57142857142857,92.3076923076923,85.71428571428571,0.0006985739453173898,0.5893301963806152
364,0.8114698827266693,0.941643476486206,84.61538461538461,78.57142857142857,94.23076923076923,92.85714285714286,0.0007128896457825348,0.591376543045044
365,0.7431989014148712,0.6258282661437988,84.61538461538461,100.0,90.38461538461539,71.42857142857143,0.0007269952498697726,0.5864605903625488
366,0.8307608366012573,1.3106075525283813,86.53846153846153,78.57142857142857,88.46153846153847,85.71428571428571,0.0007408768370508559,0.5913028717041016
367,0.7961599826812744,0.9545708894729614,86.53846153846153,71.42857142857143,92.3076923076923,92.85714285714286,0.0007545207078751845,0.5932769775390625
368,0.7769670188426971,1.0807359218597412,84.61538461538461,78.57142857142857,86.53846153846153,85.71428571428571,0.0007679133974894963,0.5925347805023193
369,0.9487627446651459,0.9355195760726929,78.84615384615384,85.71428571428571,86.53846153846153,78.57142857142857,0.0007810416889260641,0.5932469367980957
370,0.8458339273929596,0.9541966915130615,84.61538461538461,71.42857142857143,94.23076923076923,78.57142857142857,0.0007938926261462354,0.5935099124908447
371,0.8380254209041595,1.0809910297393799,84.61538461538461,57.142857142857146,90.38461538461539,85.71428571428571,0.0008064535268264869,0.5935101509094238
372,1.0149508118629456,1.442964792251587,76.92307692307692,64.28571428571429,86.53846153846153,78.57142857142857,0.0008187119948743434,0.5898973941802979
373,0.798440158367157,1.4039288759231567,86.53846153846153,64.28571428571429,84.61538461538461,85.71428571428571,0.0008306559326618243,0.5931365489959717
374,0.9434901773929596,1.2750599384307861,86.53846153846153,85.71428571428571,90.38461538461539,71.42857142857143,0.0008422735529643434,0.5883758068084717
375,0.8776667714118958,0.9850137829780579,84.61538461538461,85.71428571428571,88.46153846153847,100.0,0.0008535533905932721,0.5852439403533936
376,0.7439762055873871,1.0685518980026245,84.61538461538461,71.42857142857143,92.3076923076923,78.57142857142857,0.0008644843137107048,0.5963923931121826
377,0.7941994965076447,1.1619541645050049,90.38461538461539,78.57142857142857,92.3076923076923,92.85714285714286,0.0008750555348152279,0.587125301361084
378,0.7430191338062286,1.5922083854675293,86.53846153846153,71.42857142857143,84.61538461538461,78.57142857142857,0.0008852566213878934,0.5886261463165283
379,0.7997201681137085,1.3996962308883667,82.6923076923077,78.57142857142857,90.38461538461539,78.57142857142857,0.0008950775061878439,0.5950279235839844
380,1.0260449051856995,1.5486335754394531,80.76923076923077,71.42857142857143,82.6923076923077,78.57142857142857,0.0009045084971874722,0.5885219573974609
381,0.8539994060993195,1.3344635963439941,90.38461538461539,78.57142857142857,88.46153846153847,71.42857142857143,0.0009135402871372796,0.5881764888763428
382,0.7734321355819702,1.1276271343231201,82.6923076923077,78.57142857142857,94.23076923076923,85.71428571428571,0.0009221639627510062,0.5874030590057373
383,0.8012232780456543,1.3398444652557373,84.61538461538461,71.42857142857143,86.53846153846153,78.57142857142857,0.0009303710135019704,0.5879569053649902
384,0.8529638350009918,0.9646931886672974,84.61538461538461,71.42857142857143,86.53846153846153,92.85714285714286,0.0009381533400219304,0.5882968902587891
385,0.862506777048111,1.4653493165969849,78.84615384615384,64.28571428571429,90.38461538461539,71.42857142857143,0.0009455032620941829,0.5922336578369141
386,0.8078734278678894,0.7881553173065186,80.76923076923077,78.57142857142857,90.38461538461539,92.85714285714286,0.0009524135262330084,0.6028561592102051
387,0.6973752081394196,1.2297062873840332,86.53846153846153,71.42857142857143,94.23076923076923,100.0,0.0009588773128419893,0.5947270393371582
388,0.8227190971374512,0.8112163543701172,90.38461538461539,85.71428571428571,90.38461538461539,92.85714285714286,0.0009648882429441245,0.5939888954162598
389,0.7775247991085052,1.1396762132644653,84.61538461538461,78.57142857142857,94.23076923076923,92.85714285714286,0.0009704403844771113,0.5936236381530762
390,0.8543506860733032,0.9151352643966675,84.61538461538461,85.71428571428571,90.38461538461539,100.0,0.0009755282581475754,0.5911591053009033
391,0.9423745572566986,0.7634400129318237,84.61538461538461,85.71428571428571,84.61538461538461,85.71428571428571,0.0009801468428384701,0.596402645111084
392,0.8140085339546204,0.7705343961715698,82.6923076923077,85.71428571428571,90.38461538461539,85.71428571428571,0.0009842915805643143,0.5890872478485107
393,0.9947632551193237,1.2070775032043457,73.07692307692308,64.28571428571429,92.3076923076923,85.71428571428571,0.0009879583809693723,0.5915336608886719
394,0.8041013777256012,1.1196603775024414,88.46153846153847,71.42857142857143,88.46153846153847,85.71428571428571,0.0009911436253643429,0.6010923385620117
395,0.8839772045612335,1.6108276844024658,88.46153846153847,64.28571428571429,88.46153846153847,85.71428571428571,0.0009938441702975675,0.5889406204223633
396,0.7070019841194153,0.8027781248092651,90.38461538461539,92.85714285714286,90.38461538461539,85.71428571428571,0.0009960573506572377,0.5910978317260742
397,0.9241487383842468,1.2639548778533936,82.6923076923077,57.142857142857146,82.6923076923077,92.85714285714286,0.0009977809823015387,0.5908877849578857
398,0.8630451560020447,0.8633415102958679,80.76923076923077,85.71428571428571,90.38461538461539,78.57142857142857,0.0009990133642141345,0.5889785289764404
399,0.834480881690979,1.2030391693115234,84.61538461538461,78.57142857142857,86.53846153846153,78.57142857142857,0.0009997532801828645,0.6118934154510498
400,0.770634114742279,1.2969493865966797,84.61538461538461,57.142857142857146,92.3076923076923,85.71428571428571,0.0009999999999999987,0.5911250114440918
401,0.8348512947559357,1.0860689878463745,76.92307692307692,64.28571428571429,94.23076923076923,78.57142857142857,0.0009997532801828645,0.5942709445953369
402,1.0194788575172424,1.8456089496612549,75.0,50.0,88.46153846153847,85.71428571428571,0.0009990133642141345,0.5898382663726807
403,0.9189512133598328,1.1225640773773193,84.61538461538461,78.57142857142857,90.38461538461539,78.57142857142857,0.0009977809823015387,0.5932831764221191
404,1.0577511191368103,1.4321818351745605,75.0,78.57142857142857,86.53846153846153,64.28571428571429,0.0009960573506572377,0.5993528366088867
405,0.826480895280838,0.6307604312896729,90.38461538461539,100.0,86.53846153846153,78.57142857142857,0.0009938441702975677,0.5915181636810303
406,1.0297684371471405,1.3583842515945435,76.92307692307692,71.42857142857143,86.53846153846153,78.57142857142857,0.000991143625364343,0.5948920249938965
407,0.8175624310970306,1.057773232460022,80.76923076923077,78.57142857142857,90.38461538461539,92.85714285714286,0.0009879583809693725,0.5901279449462891
408,0.8957327902317047,1.2930817604064941,82.6923076923077,64.28571428571429,94.23076923076923,78.57142857142857,0.0009842915805643143,0.5906357765197754
409,1.0097890496253967,0.8303152322769165,71.15384615384616,92.85714285714286,92.3076923076923,78.57142857142857,0.0009801468428384703,0.5935628414154053
410,0.9136999249458313,1.3136305809020996,76.92307692307692,71.42857142857143,94.23076923076923,78.57142857142857,0.0009755282581475755,0.5952713489532471
411,0.7722727060317993,1.1586720943450928,84.61538461538461,78.57142857142857,90.38461538461539,85.71428571428571,0.0009704403844771115,0.5935688018798828
412,0.869636595249176,1.3307799100875854,82.6923076923077,57.142857142857146,88.46153846153847,78.57142857142857,0.0009648882429441247,0.595095157623291
413,0.8056237101554871,0.8983391523361206,80.76923076923077,71.42857142857143,90.38461538461539,100.0,0.0009588773128419895,0.5925848484039307
414,1.1215227246284485,1.3269124031066895,73.07692307692308,64.28571428571429,92.3076923076923,85.71428571428571,0.0009524135262330088,0.5858783721923828
415,0.7703896760940552,0.8854753375053406,84.61538461538461,71.42857142857143,88.46153846153847,85.71428571428571,0.0009455032620941826,0.5961487293243408
416,0.982828676700592,1.8559331893920898,71.15384615384616,57.142857142857146,96.15384615384616,78.57142857142857,0.0009381533400219305,0.594719409942627
417,0.9505642950534821,0.9389739036560059,80.76923076923077,92.85714285714286,86.53846153846153,92.85714285714286,0.0009303710135019706,0.5938937664031982
418,0.9183496236801147,1.3945345878601074,82.6923076923077,78.57142857142857,92.3076923076923,71.42857142857143,0.0009221639627510065,0.5918800830841064
419,0.9120687544345856,1.0437092781066895,78.84615384615384,71.42857142857143,94.23076923076923,92.85714285714286,0.0009135402871372799,0.5981645584106445
420,0.8298065960407257,1.2896422147750854,78.84615384615384,78.57142857142857,86.53846153846153,92.85714285714286,0.0009045084971874728,0.5932283401489258
421,0.8035121858119965,1.0354830026626587,82.6923076923077,78.57142857142857,94.23076923076923,85.71428571428571,0.0008950775061878442,0.5902888774871826
422,0.804447203874588,1.30000638961792,84.61538461538461,78.57142857142857,92.3076923076923,64.28571428571429,0.0008852566213878938,0.5882596969604492
423,0.8134974241256714,0.8553552627563477,80.76923076923077,85.71428571428571,88.46153846153847,92.85714285714286,0.000875055534815229,0.5932495594024658
424,0.8804874420166016,1.1548248529434204,75.0,78.57142857142857,90.38461538461539,85.71428571428571,0.0008644843137107044,0.5952134132385254
425,0.8248040974140167,0.8270243406295776,82.6923076923077,78.57142857142857,90.38461538461539,78.57142857142857,0.0008535533905932732,0.5949945449829102
426,0.9832351207733154,0.953432559967041,86.53846153846153,85.71428571428571,86.53846153846153,85.71428571428571,0.0008422735529643432,0.5952572822570801
427,1.0260989665985107,0.9340466260910034,84.61538461538461,71.42857142857143,84.61538461538461,78.57142857142857,0.0008306559326618249,0.5917541980743408
428,1.0163925886154175,0.8897333145141602,80.76923076923077,71.42857142857143,92.3076923076923,78.57142857142857,0.0008187119948743438,0.5898218154907227
429,0.797527402639389,1.1048260927200317,82.6923076923077,78.57142857142857,94.23076923076923,71.42857142857143,0.0008064535268264873,0.592639684677124
430,0.983910858631134,0.881722092628479,80.76923076923077,85.71428571428571,88.46153846153847,78.57142857142857,0.0007938926261462357,0.5984306335449219
431,0.775635838508606,1.1277607679367065,84.61538461538461,71.42857142857143,92.3076923076923,92.85714285714286,0.0007810416889260646,0.5922245979309082
432,0.8217469453811646,0.9230564832687378,84.61538461538461,78.57142857142857,92.3076923076923,92.85714285714286,0.0007679133974894978,0.5930378437042236
433,0.8409149944782257,0.9231395721435547,82.6923076923077,85.71428571428571,92.3076923076923,100.0,0.0007545207078751844,0.5937678813934326
434,0.8422887325286865,1.2131754159927368,82.6923076923077,71.42857142857143,86.53846153846153,92.85714285714286,0.0007408768370508572,0.5911126136779785
435,0.8360926806926727,1.671679973602295,78.84615384615384,50.0,96.15384615384616,78.57142857142857,0.0007269952498697724,0.5892982482910156
436,0.8821299970149994,1.6597445011138916,80.76923076923077,64.28571428571429,90.38461538461539,85.71428571428571,0.0007128896457825362,0.5933613777160645
437,0.9812622666358948,1.313699722290039,78.84615384615384,57.142857142857146,90.38461538461539,78.57142857142857,0.0006985739453173894,0.5945971012115479
438,0.8177884817123413,1.3615082502365112,88.46153846153847,57.142857142857146,90.38461538461539,85.71428571428571,0.0006840622763423383,0.5923573970794678
439,0.860623836517334,1.297767162322998,75.0,71.42857142857143,94.23076923076923,85.71428571428571,0.000669368960122645,0.5980525016784668
440,0.7764287292957306,0.7325760722160339,86.53846153846153,92.85714285714286,94.23076923076923,78.57142857142857,0.0006545084971874732,0.5909364223480225
441,0.869861364364624,1.640427827835083,78.84615384615384,57.142857142857146,88.46153846153847,92.85714285714286,0.0006394955530196142,0.591881275177002
442,0.8710393011569977,0.8176239728927612,86.53846153846153,85.71428571428571,90.38461538461539,92.85714285714286,0.0006243449435824263,0.5928781032562256
443,1.0754497647285461,0.8534728288650513,73.07692307692308,78.57142857142857,90.38461538461539,92.85714285714286,0.0006090716206982711,0.590106725692749
444,0.7082985937595367,1.1782498359680176,84.61538461538461,64.28571428571429,96.15384615384616,92.85714285714286,0.0005936906572928613,0.6231629848480225
445,0.8626887798309326,1.248952865600586,76.92307692307692,71.42857142857143,86.53846153846153,78.57142857142857,0.0005782172325201155,0.592043399810791
446,0.681847870349884,0.9550312757492065,88.46153846153847,78.57142857142857,92.3076923076923,92.85714285714286,0.0005626666167821514,0.588432788848877
447,0.8902413249015808,1.4029088020324707,86.53846153846153,64.28571428571429,86.53846153846153,78.57142857142857,0.0005470541566592574,0.588301420211792
448,0.8000081181526184,1.2146937847137451,84.61538461538461,64.28571428571429,96.15384615384616,92.85714285714286,0.0005313952597646561,0.5880062580108643
449,0.8243023157119751,0.6324695944786072,84.61538461538461,92.85714285714286,94.23076923076923,85.71428571428571,0.0005157053795390638,0.5902822017669678
450,0.9888151586055756,0.9582091569900513,76.92307692307692,85.71428571428571,88.46153846153847,78.57142857142857,0.0004999999999999997,0.5874056816101074
451,0.9413041472434998,0.9059979319572449,76.92307692307692,92.85714285714286,90.38461538461539,78.57142857142857,0.0004842946204609348,0.5877258777618408
452,0.8611888587474823,1.1009780168533325,76.92307692307692,71.42857142857143,94.23076923076923,92.85714285714286,0.0004686047402353432,0.5834321975708008
453,0.8533748090267181,1.0695053339004517,82.6923076923077,64.28571428571429,88.46153846153847,85.71428571428571,0.000452945843340742,0.5917727947235107
454,0.7689032852649689,1.1317193508148193,86.53846153846153,71.42857142857143,90.38461538461539,85.71428571428571,0.000437333383217848,0.5916028022766113
455,0.8199482560157776,1.3405072689056396,84.61538461538461,71.42857142857143,90.38461538461539,71.42857142857143,0.0004217827674798839,0.5898685455322266
456,0.854735940694809,0.8352617025375366,82.6923076923077,85.71428571428571,96.15384615384616,78.57142857142857,0.000406309342707138,0.5998227596282959
457,0.7872692048549652,1.055945634841919,86.53846153846153,64.28571428571429,86.53846153846153,92.85714285714286,0.0003909283793017283,0.5884592533111572
458,0.7672070860862732,1.1947956085205078,88.46153846153847,57.142857142857146,90.38461538461539,85.71428571428571,0.00037565505641757316,0.5940961837768555
459,0.8092601001262665,1.129273772239685,82.6923076923077,71.42857142857143,92.3076923076923,92.85714285714286,0.0003605044469803851,0.594458818435669
460,0.7904736697673798,0.9299870729446411,88.46153846153847,78.57142857142857,90.38461538461539,92.85714285714286,0.0003454915028125253,0.5910656452178955
461,0.7861369252204895,0.9259696006774902,82.6923076923077,78.57142857142857,88.46153846153847,78.57142857142857,0.00033063103987735425,0.5936577320098877
462,0.7095361351966858,1.3675423860549927,92.3076923076923,64.28571428571429,88.46153846153847,78.57142857142857,0.00031593772365766024,0.5881054401397705
463,0.6842003464698792,0.8508451581001282,90.38461538461539,85.71428571428571,88.46153846153847,78.57142857142857,0.0003014260546826098,0.6018173694610596
464,0.8926042020320892,1.2964646816253662,78.84615384615384,64.28571428571429,84.61538461538461,71.42857142857143,0.0002871103542174631,0.590491771697998
465,0.6663426756858826,0.6539938449859619,86.53846153846153,85.71428571428571,90.38461538461539,92.85714285714286,0.00027300475013022695,0.597111701965332
466,0.8162221312522888,0.9884463548660278,84.61538461538461,78.57142857142857,88.46153846153847,78.57142857142857,0.00025912316294914196,0.5911808013916016
467,0.9523578882217407,0.9476415514945984,78.84615384615384,78.57142857142857,92.3076923076923,78.57142857142857,0.0002454792921248148,0.5914244651794434
468,0.6902640759944916,1.0535210371017456,86.53846153846153,64.28571428571429,92.3076923076923,92.85714285714286,0.00023208660251050148,0.5945971012115479
469,0.7767480909824371,1.0802886486053467,86.53846153846153,85.71428571428571,90.38461538461539,71.42857142857143,0.0002189583110739353,0.5960237979888916
470,0.7621424496173859,1.5676143169403076,88.46153846153847,64.28571428571429,88.46153846153847,71.42857142857143,0.00020610737385376337,0.5910215377807617
471,0.9084167182445526,0.9367283582687378,80.76923076923077,71.42857142857143,90.38461538461539,85.71428571428571,0.00019354647317351112,0.5914146900177002
472,0.816156655550003,1.1278982162475586,88.46153846153847,85.71428571428571,92.3076923076923,78.57142857142857,0.0001812880051256553,0.6036050319671631
473,0.7643245458602905,0.5420332551002502,80.76923076923077,100.0,92.3076923076923,85.71428571428571,0.0001693440673381736,0.5887243747711182
474,0.8957003355026245,1.2189885377883911,88.46153846153847,78.57142857142857,90.38461538461539,78.57142857142857,0.00015772644703565593,0.5887327194213867
475,0.867713987827301,1.0143458843231201,84.61538461538461,78.57142857142857,86.53846153846153,71.42857142857143,0.00014644660940672598,0.5917494297027588
476,0.7466504275798798,0.9768177270889282,92.3076923076923,85.71428571428571,88.46153846153847,92.85714285714286,0.00013551568628929463,0.5860915184020996
477,0.7835473120212555,0.9514740705490112,86.53846153846153,71.42857142857143,92.3076923076923,78.57142857142857,0.00012494446518477011,0.5927679538726807
478,0.8790161907672882,1.3510773181915283,86.53846153846153,78.57142857142857,88.46153846153847,64.28571428571429,0.00011474337861210591,0.5896182060241699
479,1.1495159566402435,0.7846328020095825,78.84615384615384,85.71428571428571,86.53846153846153,85.71428571428571,0.00010492249381215485,0.5941081047058105
480,0.8951863050460815,0.7287395596504211,78.84615384615384,85.71428571428571,98.07692307692308,78.57142857142857,9.54915028125269e-05,0.5902745723724365
481,1.024732917547226,1.2104640007019043,82.6923076923077,71.42857142857143,82.6923076923077,100.0,8.645971286271922e-05,0.5952582359313965
482,0.8013211190700531,0.6821308135986328,80.76923076923077,92.85714285714286,88.46153846153847,78.57142857142857,7.783603724899216e-05,0.5918047428131104
483,0.7281801104545593,1.229887843132019,88.46153846153847,78.57142857142857,94.23076923076923,78.57142857142857,6.962898649802839e-05,0.5900239944458008
484,0.7826881408691406,0.8324373960494995,84.61538461538461,78.57142857142857,92.3076923076923,92.85714285714286,6.184665997806804e-05,0.5909583568572998
485,0.7671988010406494,1.1823961734771729,84.61538461538461,71.42857142857143,92.3076923076923,92.85714285714286,5.449673790581633e-05,0.5894527435302734
486,0.776820033788681,0.530724048614502,88.46153846153847,92.85714285714286,88.46153846153847,92.85714285714286,4.7586473766990165e-05,0.5910987854003906
487,0.7400994896888733,1.8539743423461914,82.6923076923077,71.42857142857143,94.23076923076923,85.71428571428571,4.112268715800978e-05,0.6228768825531006
488,0.8607877492904663,1.2990896701812744,82.6923076923077,57.142857142857146,86.53846153846153,92.85714285714286,3.511175705587429e-05,0.5920076370239258
489,0.6760032176971436,0.7061842679977417,92.3076923076923,100.0,88.46153846153847,71.42857142857143,2.955961552288763e-05,0.5938808917999268
490,0.7863797843456268,0.816468358039856,86.53846153846153,92.85714285714286,96.15384615384616,85.71428571428571,2.4471741852423262e-05,0.5908358097076416
491,0.6544783711433411,1.368707299232483,90.38461538461539,64.28571428571429,90.38461538461539,78.57142857142857,1.985315716152828e-05,0.602426290512085
492,0.7682378888130188,0.6956475377082825,82.6923076923077,85.71428571428571,96.15384615384616,85.71428571428571,1.5708419435684555e-05,0.5965449810028076
493,0.7033935189247131,1.485400915145874,82.6923076923077,64.28571428571429,94.23076923076923,92.85714285714286,1.2041619030626213e-05,0.5889909267425537
494,0.8760526776313782,1.0962402820587158,82.6923076923077,78.57142857142857,96.15384615384616,85.71428571428571,8.856374635655795e-06,0.5933208465576172
495,0.6308449804782867,1.0119632482528687,90.38461538461539,85.71428571428571,92.3076923076923,64.28571428571429,6.1558297024311075e-06,0.5950863361358643
496,0.7097347974777222,0.9358037710189819,86.53846153846153,85.71428571428571,90.38461538461539,85.71428571428571,3.942649342761168e-06,0.5986425876617432
497,0.7503158748149872,0.9212926626205444,80.76923076923077,78.57142857142857,96.15384615384616,92.85714285714286,2.2190176984599993e-06,0.5943343639373779
498,0.8083613514900208,1.6315935850143433,90.38461538461539,78.57142857142857,86.53846153846153,85.71428571428571,9.86635785864275e-07,0.5980031490325928
499,1.0909162759780884,0.9811205863952637,75.0,78.57142857142857,90.38461538461539,85.71428571428571,2.4671981713425525e-07,0.5893421173095703
500,0.7593591511249542,0.92268967628479,92.3076923076923,85.71428571428571,90.38461538461539,78.57142857142857,0.0,0.5914146900177002
501,0.9232422709465027,0.9713979959487915,80.76923076923077,78.57142857142857,92.3076923076923,78.57142857142857,2.467198171342e-07,0.588921070098877
502,0.7628209590911865,1.0700366497039795,90.38461538461539,71.42857142857143,92.3076923076923,78.57142857142857,9.866357858642204e-07,0.5883233547210693
503,0.7180088460445404,1.1186827421188354,84.61538461538461,71.42857142857143,90.38461538461539,78.57142857142857,2.2190176984599464e-06,0.5932865142822266
504,0.8420895934104919,1.2118136882781982,80.76923076923077,64.28571428571429,90.38461538461539,85.71428571428571,3.942649342761118e-06,0.5942108631134033
505,0.6617259979248047,1.1568291187286377,92.3076923076923,78.57142857142857,94.23076923076923,92.85714285714286,6.155829702431005e-06,0.5893824100494385
506,0.7022642195224762,1.5088306665420532,88.46153846153847,71.42857142857143,92.3076923076923,78.57142857142857,8.856374635655697e-06,0.5923871994018555
507,0.6076802015304565,1.0182788372039795,92.3076923076923,78.57142857142857,90.38461538461539,71.42857142857143,1.2041619030626118e-05,0.594346284866333
508,0.755927711725235,1.0359394550323486,78.84615384615384,78.57142857142857,92.3076923076923,85.71428571428571,1.570841943568441e-05,0.5957856178283691
509,0.8145952820777893,1.2701499462127686,82.6923076923077,71.42857142857143,90.38461538461539,71.42857142857143,1.9853157161528137e-05,0.6151807308197021
510,0.6331893503665924,1.1178959608078003,96.15384615384616,71.42857142857143,94.23076923076923,85.71428571428571,2.4471741852423404e-05,0.594050407409668
511,0.7596902847290039,0.7203269004821777,94.23076923076923,85.71428571428571,90.38461538461539,85.71428571428571,2.955961552288711e-05,0.5987343788146973
512,0.7954492568969727,1.1942918300628662,82.6923076923077,78.57142857142857,94.23076923076923,71.42857142857143,3.511175705587445e-05,0.5956647396087646
513,0.8742133975028992,1.207114577293396,88.46153846153847,71.42857142857143,90.38461538461539,100.0,4.112268715800922e-05,0.5991694927215576
514,0.7992071509361267,1.2571520805358887,86.53846153846153,78.57142857142857,92.3076923076923,71.42857142857143,4.7586473766990335e-05,0.5978596210479736
515,0.9450024366378784,1.5134940147399902,78.84615384615384,50.0,94.23076923076923,78.57142857142857,5.449673790581573e-05,0.5978777408599854
516,0.9080600738525391,1.092970371246338,84.61538461538461,71.42857142857143,92.3076923076923,85.71428571428571,6.184665997806823e-05,0.5956592559814453
517,0.8016147315502167,1.1256959438323975,84.61538461538461,78.57142857142857,90.38461538461539,78.57142857142857,6.962898649802864e-05,0.5936064720153809
518,0.7150569558143616,0.6560835838317871,84.61538461538461,92.85714285714286,96.15384615384616,85.71428571428571,7.783603724899244e-05,0.5965883731842041
519,0.6281542479991913,0.7497942447662354,88.46153846153847,78.57142857142857,90.38461538461539,85.71428571428571,8.645971286271952e-05,0.592332124710083
520,0.7844681143760681,1.4558476209640503,88.46153846153847,78.57142857142857,94.23076923076923,85.71428571428571,9.549150281252615e-05,0.5943393707275391
521,0.7924708127975464,1.4088222980499268,82.6923076923077,78.57142857142857,96.15384615384616,78.57142857142857,0.00010492249381215516,0.5917026996612549
522,0.7551332414150238,1.958930253982544,86.53846153846153,71.42857142857143,90.38461538461539,85.71428571428571,0.00011474337861210514,0.5959625244140625
523,0.8248870968818665,0.8020831346511841,84.61538461538461,85.71428571428571,92.3076923076923,85.71428571428571,0.00012494446518477047,0.5950055122375488
524,0.7075395286083221,1.1635704040527344,86.53846153846153,78.57142857142857,90.38461538461539,92.85714285714286,0.00013551568628929382,0.5921247005462646
525,0.7230502068996429,1.7530487775802612,92.3076923076923,85.71428571428571,90.38461538461539,64.28571428571429,0.00014644660940672636,0.5961453914642334
526,0.6346083581447601,0.9204800128936768,94.23076923076923,78.57142857142857,94.23076923076923,78.57142857142857,0.00015772644703565642,0.5930116176605225
527,0.684307187795639,1.1357941627502441,82.6923076923077,71.42857142857143,92.3076923076923,85.71428571428571,0.0001693440673381741,0.5935125350952148
528,0.8444854319095612,1.0464081764221191,75.0,78.57142857142857,92.3076923076923,78.57142857142857,0.0001812880051256558,0.5905270576477051
529,0.7888672351837158,1.1248787641525269,84.61538461538461,64.28571428571429,96.15384615384616,85.71428571428571,0.00019354647317351164,0.5916178226470947
530,0.7395426034927368,1.3645306825637817,82.6923076923077,71.42857142857143,94.23076923076923,92.85714285714286,0.00020610737385376394,0.591745138168335
531,0.8804730176925659,0.9823490381240845,86.53846153846153,85.71428571428571,86.53846153846153,78.57142857142857,0.00021895831107393446,0.5904626846313477
532,0.7006600499153137,0.7887314558029175,84.61538461538461,78.57142857142857,88.46153846153847,78.57142857142857,0.0002320866025105021,0.5931961536407471
533,0.7588253617286682,1.8457812070846558,92.3076923076923,71.42857142857143,86.53846153846153,71.42857142857143,0.0002454792921248139,0.5940930843353271
534,0.6646315157413483,0.9864509701728821,88.46153846153847,92.85714285714286,90.38461538461539,78.57142857142857,0.0002591231629491426,0.5996243953704834
535,0.6373878419399261,0.7860491275787354,96.15384615384616,92.85714285714286,86.53846153846153,71.42857142857143,0.0002730047501302276,0.5924839973449707
536,0.5906934440135956,0.8713164329528809,92.3076923076923,85.71428571428571,94.23076923076923,71.42857142857143,0.00028711035421746377,0.5921206474304199
537,0.7088032364845276,1.3201484680175781,88.46153846153847,85.71428571428571,92.3076923076923,71.42857142857143,0.00030142605468261053,0.5927588939666748
538,0.6831487417221069,0.9537580013275146,86.53846153846153,78.57142857142857,96.15384615384616,78.57142857142857,0.000315937723657661,0.5914266109466553
539,0.6939052045345306,0.8071810007095337,86.53846153846153,85.71428571428571,98.07692307692308,78.57142857142857,0.00033063103987735507,0.5971455574035645
540,0.7539028227329254,0.688042938709259,90.38461538461539,92.85714285714286,96.15384615384616,78.57142857142857,0.0003454915028125261,0.5939352512359619
541,0.7140990793704987,1.4898695945739746,84.61538461538461,78.57142857142857,92.3076923076923,85.71428571428571,0.00036050444698038607,0.5962567329406738
542,0.7188571095466614,0.9743533730506897,86.53846153846153,85.71428571428571,94.23076923076923,78.57142857142857,0.0003756550564175724,0.5977084636688232
543,0.7092655897140503,0.8252888917922974,90.38461538461539,85.71428571428571,88.46153846153847,78.57142857142857,0.0003909283793017293,0.6009554862976074
544,0.583878755569458,0.6963639855384827,98.07692307692308,92.85714285714286,88.46153846153847,85.71428571428571,0.0004063093427071391,0.5968918800354004
545,0.8547715246677399,0.7213503122329712,80.76923076923077,92.85714285714286,92.3076923076923,85.71428571428571,0.00042178276747988503,0.5890531539916992
546,0.7916869819164276,1.2074849605560303,90.38461538461539,71.42857142857143,84.61538461538461,92.85714285714286,0.0004373333832178491,0.5960536003112793
547,0.720906525850296,0.8993937969207764,86.53846153846153,92.85714285714286,92.3076923076923,71.42857142857143,0.00045294584334074317,0.5949282646179199
548,0.7418683171272278,1.3376505374908447,86.53846153846153,71.42857142857143,88.46153846153847,85.71428571428571,0.00046860474023534444,0.6218268871307373
549,0.7994897961616516,0.976615309715271,84.61538461538461,78.57142857142857,92.3076923076923,85.71428571428571,0.000484294620460936,0.593454122543335
550,0.7417315244674683,1.167759656906128,88.46153846153847,85.71428571428571,88.46153846153847,71.42857142857143,0.0005000000000000009,0.5896010398864746
551,0.6088250875473022,1.8872344493865967,88.46153846153847,57.142857142857146,94.23076923076923,78.57142857142857,0.000515705379539064,0.5903973579406738
552,0.609211653470993,0.9827182292938232,92.3076923076923,78.57142857142857,92.3076923076923,85.71428571428571,0.0005313952597646574,0.5872492790222168
553,0.6416603922843933,0.8132281303405762,90.38461538461539,85.71428571428571,90.38461538461539,92.85714285714286,0.000547054156659257,0.5933041572570801
554,1.0308244824409485,1.541786789894104,84.61538461538461,64.28571428571429,80.76923076923077,78.57142857142857,0.0005626666167821528,0.5925278663635254
555,1.089421033859253,1.124215006828308,76.92307692307692,85.71428571428571,88.46153846153847,78.57142857142857,0.0005782172325201169,0.592212438583374
556,0.7309248745441437,0.8403008580207825,86.53846153846153,85.71428571428571,92.3076923076923,85.71428571428571,0.0005936906572928627,0.5929017066955566
557,0.7076554000377655,1.5807255506515503,86.53846153846153,71.42857142857143,96.15384615384616,85.71428571428571,0.0006090716206982724,0.5933687686920166
558,0.8208088576793671,1.310551643371582,82.6923076923077,78.57142857142857,94.23076923076923,71.42857142857143,0.0006243449435824277,0.5942492485046387
559,0.8804144859313965,1.6793527603149414,78.84615384615384,71.42857142857143,90.38461538461539,78.57142857142857,0.0006394955530196158,0.59328293800354
560,0.9145957827568054,1.3971519470214844,78.84615384615384,78.57142857142857,96.15384615384616,85.71428571428571,0.000654508497187474,0.5905251502990723
561,0.8505404889583588,1.2863571643829346,80.76923076923077,71.42857142857143,88.46153846153847,78.57142857142857,0.0006693689601226467,0.590409517288208
562,0.772826224565506,0.8787674903869629,80.76923076923077,85.71428571428571,92.3076923076923,78.57142857142857,0.0006840622763423391,0.5890638828277588
563,0.8087813258171082,1.4762945175170898,78.84615384615384,71.42857142857143,90.38461538461539,78.57142857142857,0.0006985739453173912,0.5971367359161377
564,0.8887017369270325,1.0041205883026123,84.61538461538461,78.57142857142857,88.46153846153847,78.57142857142857,0.0007128896457825364,0.5890786647796631
565,0.9533540904521942,0.9499553442001343,78.84615384615384,71.42857142857143,90.38461538461539,85.71428571428571,0.0007269952498697741,0.590831995010376
566,0.8584609031677246,1.1051805019378662,84.61538461538461,78.57142857142857,84.61538461538461,71.42857142857143,0.000740876837050859,0.5967440605163574
567,0.7106496095657349,0.7638806104660034,90.38461538461539,85.71428571428571,94.23076923076923,78.57142857142857,0.0007545207078751864,0.5896587371826172
568,0.8597548007965088,1.4321355819702148,86.53846153846153,78.57142857142857,98.07692307692308,85.71428571428571,0.0007679133974894997,0.5920653343200684
569,0.869566410779953,1.2740862369537354,80.76923076923077,78.57142857142857,88.46153846153847,78.57142857142857,0.0007810416889260658,0.5972833633422852
570,0.7937483191490173,0.9583922624588013,78.84615384615384,78.57142857142857,88.46153846153847,92.85714285714286,0.0007938926261462379,0.5923326015472412
571,0.7258025705814362,1.4034119844436646,82.6923076923077,64.28571428571429,94.23076923076923,78.57142857142857,0.0008064535268264887,0.5892729759216309
572,1.0785037279129028,0.8529913425445557,75.0,85.71428571428571,86.53846153846153,85.71428571428571,0.0008187119948743461,0.5968613624572754
573,0.8797811567783356,1.2299346923828125,78.84615384615384,71.42857142857143,94.23076923076923,78.57142857142857,0.0008306559326618264,0.5953264236450195
574,0.7422602474689484,1.1357698440551758,90.38461538461539,64.28571428571429,92.3076923076923,78.57142857142857,0.0008422735529643455,0.5948529243469238
575,0.6679457426071167,0.9910071492195129,94.23076923076923,78.57142857142857,88.46153846153847,78.57142857142857,0.0008535533905932741,0.5922014713287354
576,0.9113154411315918,1.6365714073181152,82.6923076923077,78.57142857142857,86.53846153846153,85.71428571428571,0.0008644843137107068,0.5938155651092529
577,0.9803089499473572,1.7118186950683594,82.6923076923077,71.42857142857143,82.6923076923077,64.28571428571429,0.0008750555348152313,0.5893096923828125
578,0.8655741810798645,1.0590996742248535,84.61538461538461,71.42857142857143,92.3076923076923,78.57142857142857,0.0008852566213878955,0.5905704498291016
579,0.9424065351486206,1.1593050956726074,76.92307692307692,71.42857142857143,90.38461538461539,64.28571428571429,0.0008950775061878465,0.5881659984588623
580,1.1278007626533508,1.4672150611877441,78.84615384615384,71.42857142857143,88.46153846153847,85.71428571428571,0.0009045084971874744,0.5963618755340576
581,0.8473078012466431,1.5295488834381104,88.46153846153847,71.42857142857143,90.38461538461539,78.57142857142857,0.000913540287137282,0.5863828659057617
582,0.9504801034927368,2.1714251041412354,80.76923076923077,57.142857142857146,86.53846153846153,78.57142857142857,0.000922163962751008,0.586968183517456
583,1.2809426188468933,1.2129799127578735,67.3076923076923,64.28571428571429,82.6923076923077,78.57142857142857,0.0009303710135019726,0.5878798961639404
584,1.1434130370616913,1.3815232515335083,76.92307692307692,64.28571428571429,88.46153846153847,85.71428571428571,0.0009381533400219321,0.5906126499176025
585,1.0893238186836243,1.29916512966156,76.92307692307692,71.42857142857143,88.46153846153847,85.71428571428571,0.0009455032620941845,0.5941216945648193
586,0.9927495121955872,1.331780195236206,71.15384615384616,78.57142857142857,86.53846153846153,71.42857142857143,0.0009524135262330099,0.590505838394165
587,0.8439180254936218,1.2111291885375977,76.92307692307692,57.142857142857146,90.38461538461539,78.57142857142857,0.000958877312841991,0.5940780639648438
588,1.0625922083854675,1.0554618835449219,80.76923076923077,85.71428571428571,88.46153846153847,85.71428571428571,0.0009648882429441264,0.5954380035400391
589,1.0267098546028137,1.0979390144348145,71.15384615384616,78.57142857142857,82.6923076923077,85.71428571428571,0.0009704403844771131,0.6236655712127686
590,1.0053631067276,0.791417121887207,80.76923076923077,85.71428571428571,88.46153846153847,92.85714285714286,0.0009755282581475773,0.589099645614624
591,0.8487122654914856,0.8555662631988525,82.6923076923077,85.71428571428571,88.46153846153847,78.57142857142857,0.0009801468428384719,0.6058897972106934
592,0.8922359645366669,0.992193341255188,78.84615384615384,71.42857142857143,90.38461538461539,78.57142857142857,0.000984291580564316,0.5988917350769043
593,0.900333821773529,1.2316104173660278,82.6923076923077,71.42857142857143,86.53846153846153,85.71428571428571,0.0009879583809693738,0.5887136459350586
594,0.7721866071224213,0.8909657597541809,88.46153846153847,85.71428571428571,90.38461538461539,71.42857142857143,0.0009911436253643446,0.5978124141693115
595,0.7790234088897705,0.7934489250183105,84.61538461538461,85.71428571428571,92.3076923076923,78.57142857142857,0.0009938441702975688,0.5903730392456055
596,0.8493077158927917,0.9469337463378906,80.76923076923077,71.42857142857143,90.38461538461539,92.85714285714286,0.0009960573506572392,0.6000986099243164
597,0.7848785519599915,0.7118971347808838,80.76923076923077,100.0,90.38461538461539,78.57142857142857,0.0009977809823015402,0.5895814895629883
598,0.9800824224948883,1.3089543581008911,71.15384615384616,64.28571428571429,94.23076923076923,85.71428571428571,0.000999013364214136,0.5926346778869629
599,0.9409140050411224,1.7590032815933228,86.53846153846153,64.28571428571429,84.61538461538461,85.71428571428571,0.000999753280182866,0.5989129543304443
600,0.8990640044212341,1.2282651662826538,82.6923076923077,78.57142857142857,92.3076923076923,85.71428571428571,0.0010000000000000002,0.5919816493988037
601,0.7366335988044739,1.6787999868392944,84.61538461538461,57.142857142857146,90.38461538461539,85.71428571428571,0.000999753280182866,0.5957074165344238
602,0.8526049256324768,0.795512318611145,82.6923076923077,92.85714285714286,90.38461538461539,78.57142857142857,0.0009990133642141363,0.5898981094360352
603,1.112579107284546,1.3398628234863281,75.0,64.28571428571429,90.38461538461539,78.57142857142857,0.0009977809823015404,0.5938577651977539
604,1.0301129817962646,1.6597397327423096,76.92307692307692,64.28571428571429,82.6923076923077,71.42857142857143,0.0009960573506572394,0.5890860557556152
605,1.058341532945633,0.73488849401474,75.0,78.57142857142857,94.23076923076923,85.71428571428571,0.0009938441702975693,0.5897066593170166
606,0.8776389062404633,1.5572816133499146,82.6923076923077,71.42857142857143,86.53846153846153,71.42857142857143,0.0009911436253643448,0.5962352752685547
607,0.9476048648357391,1.1255629062652588,78.84615384615384,78.57142857142857,90.38461538461539,71.42857142857143,0.000987958380969374,0.5916562080383301
608,0.8171297311782837,1.1530566215515137,84.61538461538461,71.42857142857143,88.46153846153847,78.57142857142857,0.000984291580564316,0.5941059589385986
609,0.8715283870697021,1.4916574954986572,80.76923076923077,71.42857142857143,88.46153846153847,71.42857142857143,0.0009801468428384719,0.5901176929473877
610,0.8774663805961609,0.8463420867919922,84.61538461538461,85.71428571428571,84.61538461538461,85.71428571428571,0.0009755282581475768,0.5952181816101074
611,0.9702107310295105,1.3855326175689697,82.6923076923077,57.142857142857146,84.61538461538461,78.57142857142857,0.0009704403844771132,0.5945675373077393
612,0.9434216618537903,1.0486823320388794,82.6923076923077,71.42857142857143,86.53846153846153,85.71428571428571,0.0009648882429441259,0.5931990146636963
613,0.9377385377883911,1.317556619644165,76.92307692307692,78.57142857142857,90.38461538461539,78.57142857142857,0.0009588773128419912,0.5914638042449951
614,0.9717971086502075,0.9515589475631714,80.76923076923077,78.57142857142857,82.6923076923077,85.71428571428571,0.00095241352623301,0.5900115966796875
615,0.8561654686927795,1.3253953456878662,80.76923076923077,71.42857142857143,94.23076923076923,85.71428571428571,0.0009455032620941847,0.5958025455474854
616,0.8923715651035309,1.2474586963653564,84.61538461538461,78.57142857142857,90.38461538461539,78.57142857142857,0.0009381533400219321,0.5976223945617676
617,0.9529043436050415,1.1064016819000244,82.6923076923077,78.57142857142857,88.46153846153847,78.57142857142857,0.0009303710135019726,0.5904855728149414
618,0.8885040879249573,1.392920732498169,73.07692307692308,78.57142857142857,90.38461538461539,85.71428571428571,0.000922163962751008,0.5921339988708496
619,0.7896380424499512,0.9504529237747192,84.61538461538461,78.57142857142857,84.61538461538461,85.71428571428571,0.000913540287137281,0.5920279026031494
620,0.7587288916110992,1.167915940284729,84.61538461538461,71.42857142857143,92.3076923076923,92.85714285714286,0.0009045084971874743,0.5934967994689941
621,1.1173655986785889,0.5953383445739746,80.76923076923077,100.0,90.38461538461539,85.71428571428571,0.0008950775061878452,0.5922415256500244
622,0.9170689582824707,0.8925631046295166,75.0,92.85714285714286,96.15384615384616,78.57142857142857,0.0008852566213878953,0.594310998916626
623,0.8614263534545898,0.9016882181167603,86.53846153846153,85.71428571428571,88.46153846153847,78.57142857142857,0.0008750555348152299,0.5991156101226807
624,1.075431615114212,0.7731860876083374,78.84615384615384,85.71428571428571,86.53846153846153,85.71428571428571,0.0008644843137107066,0.5920109748840332
625,0.9208872616291046,1.0213325023651123,75.0,85.71428571428571,96.15384615384616,78.57142857142857,0.0008535533905932739,0.5922815799713135
626,0.7999023795127869,1.3352560997009277,84.61538461538461,64.28571428571429,90.38461538461539,71.42857142857143,0.0008422735529643453,0.5944740772247314
627,0.9712371230125427,1.4377682209014893,84.61538461538461,78.57142857142857,86.53846153846153,78.57142857142857,0.0008306559326618263,0.5899896621704102
628,0.9063214063644409,1.1873971223831177,80.76923076923077,71.42857142857143,88.46153846153847,71.42857142857143,0.000818711994874346,0.5948615074157715
629,0.9473497271537781,0.9830664396286011,78.84615384615384,78.57142857142857,86.53846153846153,78.57142857142857,0.0008064535268264887,0.5915024280548096
630,0.8954575061798096,1.2823693752288818,80.76923076923077,85.71428571428571,88.46153846153847,85.71428571428571,0.0007938926261462365,0.59169602394104
631,1.0569162368774414,0.7006632089614868,84.61538461538461,85.71428571428571,80.76923076923077,92.85714285714286,0.0007810416889260658,0.5956685543060303
632,1.1518074870109558,1.6512389183044434,75.0,78.57142857142857,82.6923076923077,71.42857142857143,0.0007679133974894983,0.5948657989501953
633,0.8470365107059479,1.5475062131881714,86.53846153846153,64.28571428571429,86.53846153846153,78.57142857142857,0.0007545207078751865,0.595156192779541
634,0.9334484040737152,1.2144711017608643,78.84615384615384,71.42857142857143,88.46153846153847,78.57142857142857,0.0007408768370508578,0.5896875858306885
635,0.9946067333221436,1.2119791507720947,78.84615384615384,78.57142857142857,86.53846153846153,85.71428571428571,0.0007269952498697744,0.5968954563140869
636,0.9083636105060577,1.0519548654556274,78.84615384615384,78.57142857142857,86.53846153846153,78.57142857142857,0.0007128896457825366,0.5930924415588379
637,0.9731719493865967,0.9509649276733398,76.92307692307692,85.71428571428571,90.38461538461539,85.71428571428571,0.0006985739453173915,0.5972232818603516
638,0.8926413059234619,0.8264405727386475,76.92307692307692,92.85714285714286,92.3076923076923,71.42857142857143,0.0006840622763423395,0.5915079116821289
639,0.9186905026435852,0.9887502193450928,78.84615384615384,64.28571428571429,94.23076923076923,78.57142857142857,0.000669368960122647,0.5932433605194092
640,0.9220449924468994,0.9585335850715637,80.76923076923077,71.42857142857143,88.46153846153847,78.57142857142857,0.0006545084971874743,0.5976359844207764
641,0.9798460006713867,1.2769359350204468,80.76923076923077,71.42857142857143,84.61538461538461,71.42857142857143,0.0006394955530196145,0.5950582027435303
642,0.8055420517921448,1.2056560516357422,88.46153846153847,78.57142857142857,88.46153846153847,78.57142857142857,0.0006243449435824282,0.6052634716033936
643,1.103056252002716,0.8687198162078857,71.15384615384616,85.71428571428571,86.53846153846153,78.57142857142857,0.0006090716206982713,0.5912430286407471
644,0.9734655022621155,1.1424298286437988,78.84615384615384,71.42857142857143,88.46153846153847,78.57142857142857,0.0005936906572928633,0.5987515449523926
645,1.0084434747695923,0.9828111529350281,78.84615384615384,78.57142857142857,88.46153846153847,78.57142857142857,0.0005782172325201156,0.5911240577697754
646,1.0137112736701965,1.2932394742965698,78.84615384615384,78.57142857142857,88.46153846153847,71.42857142857143,0.0005626666167821532,0.5939772129058838
647,0.7792662084102631,0.9442359209060669,88.46153846153847,71.42857142857143,94.23076923076923,85.71428571428571,0.0005470541566592574,0.5920760631561279
648,0.9686076045036316,1.848120927810669,75.0,57.142857142857146,86.53846153846153,71.42857142857143,0.000531395259764658,0.5878744125366211
649,0.892501562833786,0.8877391219139099,78.84615384615384,92.85714285714286,90.38461538461539,71.42857142857143,0.0005157053795390645,0.6150398254394531
650,0.904710054397583,0.717649519443512,82.6923076923077,100.0,88.46153846153847,71.42857142857143,0.0005000000000000014,0.5900895595550537
651,0.9685576856136322,1.174439549446106,82.6923076923077,64.28571428571429,88.46153846153847,85.71428571428571,0.00048429462046093645,0.5927402973175049
652,0.7580037415027618,1.1567527055740356,82.6923076923077,78.57142857142857,92.3076923076923,78.57142857142857,0.0004686047402353448,0.5960149765014648
653,1.0191574692726135,0.7168017625808716,78.84615384615384,78.57142857142857,86.53846153846153,85.71428571428571,0.00045294584334074176,0.5870306491851807
654,0.8542788624763489,0.8973170518875122,86.53846153846153,78.57142857142857,90.38461538461539,85.71428571428571,0.0004373333832178478,0.5926918983459473
655,0.8611117601394653,0.9520238637924194,84.61538461538461,85.71428571428571,90.38461538461539,85.71428571428571,0.00042178276747988547,0.5915126800537109
656,0.8215432167053223,1.1839468479156494,84.61538461538461,71.42857142857143,88.46153846153847,85.71428571428571,0.0004063093427071395,0.6003398895263672
657,0.8395140767097473,1.0181422233581543,82.6923076923077,71.42857142857143,84.61538461538461,92.85714285714286,0.000390928379301728,0.5937705039978027
658,1.025488942861557,0.6929056644439697,80.76923076923077,92.85714285714286,82.6923076923077,85.71428571428571,0.00037565505641757284,0.5926108360290527
659,0.8962888419628143,1.0563668012619019,88.46153846153847,57.142857142857146,86.53846153846153,92.85714285714286,0.00036050444698038656,0.5907893180847168
660,0.8935298919677734,0.9780097007751465,82.6923076923077,64.28571428571429,92.3076923076923,92.85714285714286,0.0003454915028125284,0.5922276973724365
661,1.0007928013801575,0.9030710458755493,78.84615384615384,64.28571428571429,88.46153846153847,92.85714285714286,0.00033063103987735393,0.5889050960540771
662,0.9607623517513275,0.8900778293609619,76.92307692307692,78.57142857142857,90.38461538461539,92.85714285714286,0.0003159377236576616,0.5992515087127686
663,0.8038413524627686,0.988515317440033,84.61538461538461,78.57142857142857,88.46153846153847,85.71428571428571,0.0003014260546826111,0.5980439186096191
664,0.7225062847137451,0.9757856726646423,94.23076923076923,85.71428571428571,90.38461538461539,71.42857142857143,0.00028711035421746274,0.5949263572692871
665,0.8553141951560974,0.7971947193145752,88.46153846153847,85.71428571428571,84.61538461538461,78.57142857142857,0.0002730047501302265,0.5931746959686279
666,0.878078043460846,1.1543965339660645,80.76923076923077,71.42857142857143,88.46153846153847,78.57142857142857,0.0002591231629491431,0.594580888748169
667,1.0739216804504395,0.7497188448905945,67.3076923076923,92.85714285714286,96.15384615384616,85.71428571428571,0.0002454792921248159,0.5960023403167725
668,0.8116682171821594,0.9831289052963257,80.76923076923077,78.57142857142857,94.23076923076923,78.57142857142857,0.00023208660251050105,0.5923659801483154
669,0.8840543627738953,0.8086263537406921,78.84615384615384,92.85714285714286,92.3076923076923,78.57142857142857,0.00021895831107393492,0.5956554412841797
670,0.9174507260322571,0.7349675297737122,82.6923076923077,92.85714285714286,86.53846153846153,85.71428571428571,0.00020610737385376443,0.5969576835632324
671,0.9114009737968445,0.7480890154838562,80.76923076923077,85.71428571428571,92.3076923076923,78.57142857142857,0.00019354647317351348,0.5917048454284668
672,0.9674410223960876,0.8820769786834717,75.0,85.71428571428571,92.3076923076923,78.57142857142857,0.00018128800512565485,0.5968611240386963
673,0.7990639209747314,1.1831855773925781,84.61538461538461,85.71428571428571,86.53846153846153,71.42857142857143,0.00016934406733817454,0.5986814498901367
674,0.8601237535476685,1.2952971458435059,82.6923076923077,71.42857142857143,88.46153846153847,92.85714285714286,0.00015772644703565682,0.5872666835784912
675,0.7683196663856506,1.3865607976913452,90.38461538461539,57.142857142857146,92.3076923076923,85.71428571428571,0.00014644660940672558,0.5935304164886475
676,0.8828524053096771,1.5893744230270386,84.61538461538461,57.142857142857146,92.3076923076923,85.71428571428571,0.00013551568628929425,0.5943500995635986
677,1.0052954256534576,1.3983980417251587,76.92307692307692,71.42857142857143,88.46153846153847,85.71428571428571,0.0001249444651847709,0.5923826694488525
678,0.9042633771896362,1.1391611099243164,84.61538461538461,78.57142857142857,90.38461538461539,71.42857142857143,0.00011474337861210663,0.5954420566558838
679,0.6133844256401062,1.0726070404052734,94.23076923076923,78.57142857142857,98.07692307692308,92.85714285714286,0.00010492249381215444,0.5908622741699219
680,0.869452714920044,1.099557876586914,82.6923076923077,71.42857142857143,84.61538461538461,92.85714285714286,9.549150281252653e-05,0.5927271842956543
681,0.9036679863929749,0.7970702648162842,84.61538461538461,85.71428571428571,96.15384615384616,85.71428571428571,8.645971286271984e-05,0.5972974300384521
682,0.8407344818115234,0.9172036647796631,90.38461538461539,71.42857142857143,84.61538461538461,92.85714285714286,7.783603724899372e-05,0.5929908752441406
683,0.8240740895271301,0.4651731848716736,82.6923076923077,100.0,92.3076923076923,100.0,6.962898649802805e-05,0.5930273532867432
684,0.6863215267658234,0.7882334589958191,88.46153846153847,85.71428571428571,94.23076923076923,78.57142857142857,6.184665997806858e-05,0.5919163227081299
685,0.8262050151824951,0.8005183935165405,80.76923076923077,78.57142857142857,94.23076923076923,85.71428571428571,5.449673790581686e-05,0.596538782119751
686,0.7728085219860077,0.8615940809249878,86.53846153846153,71.42857142857143,94.23076923076923,85.71428571428571,4.758647376698986e-05,0.6035687923431396
687,0.8047736585140228,0.8379968404769897,82.6923076923077,85.71428571428571,90.38461538461539,85.71428571428571,4.112268715800947e-05,0.5939896106719971
688,0.8067726194858551,1.0875697135925293,84.61538461538461,64.28571428571429,94.23076923076923,85.71428571428571,3.5111757055874705e-05,0.595872163772583
689,1.085264265537262,0.9117948412895203,75.0,85.71428571428571,86.53846153846153,85.71428571428571,2.9559615522887985e-05,0.5942628383636475
690,0.728465735912323,0.9331715106964111,90.38461538461539,71.42857142857143,92.3076923076923,85.71428571428571,2.4471741852423062e-05,0.5985355377197266
691,0.8209264874458313,0.8853804469108582,86.53846153846153,85.71428571428571,92.3076923076923,71.42857142857143,1.9853157161528628e-05,0.5952408313751221
692,0.8737967312335968,1.1481270790100098,82.6923076923077,64.28571428571429,88.46153846153847,78.57142857142857,1.5708419435684792e-05,0.5958330631256104
693,0.8025958240032196,1.0007073879241943,86.53846153846153,85.71428571428571,88.46153846153847,78.57142857142857,1.2041619030626447e-05,0.5963213443756104
694,0.8928049802780151,1.6570100784301758,78.84615384615384,64.28571428571429,92.3076923076923,85.71428571428571,8.856374635655637e-06,0.5927712917327881
695,0.7949255108833313,1.009084939956665,84.61538461538461,78.57142857142857,88.46153846153847,92.85714285714286,6.15582970243128e-06,0.5882472991943359
696,0.8965036869049072,0.7080202102661133,86.53846153846153,92.85714285714286,90.38461538461539,92.85714285714286,3.942649342761339e-06,0.5918247699737549
697,0.6728151142597198,0.8544564247131348,92.3076923076923,64.28571428571429,92.3076923076923,92.85714285714286,2.2190176984599464e-06,0.5960938930511475
698,0.8999426364898682,1.116411805152893,82.6923076923077,64.28571428571429,96.15384615384616,85.71428571428571,9.866357858642204e-07,0.6180176734924316
699,0.7775475084781647,1.1095818281173706,86.53846153846153,57.142857142857146,88.46153846153847,85.71428571428571,2.4671981713425546e-07,0.5947322845458984
700,0.9711168110370636,1.331772804260254,76.92307692307692,64.28571428571429,92.3076923076923,85.71428571428571,0.0,0.5994198322296143
701,0.73335200548172,1.1350245475769043,88.46153846153847,85.71428571428571,94.23076923076923,78.57142857142857,2.467198171342e-07,0.5912792682647705
702,0.7119948267936707,0.7686479091644287,88.46153846153847,78.57142857142857,92.3076923076923,85.71428571428571,9.86635785863943e-07,0.5940465927124023
703,0.7817761600017548,0.8992972373962402,88.46153846153847,85.71428571428571,98.07692307692308,92.85714285714286,2.219017698459336e-06,0.5916600227355957
704,0.7190119028091431,1.1590080261230469,90.38461538461539,64.28571428571429,92.3076923076923,71.42857142857143,3.9426493427601195e-06,0.596268892288208
705,0.9154943525791168,0.8659377098083496,84.61538461538461,92.85714285714286,90.38461538461539,85.71428571428571,6.15582970242973e-06,0.5937716960906982
706,0.8907424211502075,0.8898539543151855,84.61538461538461,85.71428571428571,92.3076923076923,78.57142857142857,8.856374635653481e-06,0.5914828777313232
707,0.8289440870285034,0.8454635143280029,86.53846153846153,92.85714285714286,92.3076923076923,71.42857142857143,1.2041619030623184e-05,0.5955038070678711
708,1.0041714310646057,0.8251652717590332,78.84615384615384,92.85714285714286,84.61538461538461,78.57142857142857,1.5708419435681038e-05,0.5975193977355957
709,1.029528170824051,0.9965505599975586,73.07692307692308,78.57142857142857,92.3076923076923,78.57142857142857,1.9853157161523888e-05,0.5933372974395752
710,0.8398108780384064,0.8355321884155273,86.53846153846153,85.71428571428571,90.38461538461539,78.57142857142857,2.4471741852417285e-05,0.5913021564483643
711,0.7546359598636627,1.1496374607086182,88.46153846153847,78.57142857142857,90.38461538461539,78.57142857142857,2.9559615522880457e-05,0.5904088020324707
712,0.7357085049152374,0.89076167345047,88.46153846153847,71.42857142857143,96.15384615384616,85.71428571428571,3.5111757055866485e-05,0.5898153781890869
713,0.9168708920478821,0.8124513626098633,80.76923076923077,78.57142857142857,88.46153846153847,92.85714285714286,4.1122687157999905e-05,0.5929474830627441
714,0.8016745448112488,1.1669247150421143,88.46153846153847,64.28571428571429,90.38461538461539,85.71428571428571,4.758647376697884e-05,0.5922784805297852
715,0.8520747125148773,0.8711657524108887,84.61538461538461,78.57142857142857,94.23076923076923,85.71428571428571,5.449673790580424e-05,0.5880212783813477
716,0.6733552515506744,1.688950538635254,90.38461538461539,71.42857142857143,94.23076923076923,78.57142857142857,6.184665997805424e-05,0.5940380096435547
717,0.8004756569862366,0.7206244468688965,86.53846153846153,92.85714285714286,92.3076923076923,71.42857142857143,6.962898649801196e-05,0.595757007598877
718,0.7708704173564911,0.8863112926483154,84.61538461538461,92.85714285714286,90.38461538461539,71.42857142857143,7.783603724897385e-05,0.5895743370056152
719,0.8807745277881622,1.0933362245559692,78.84615384615384,71.42857142857143,92.3076923076923,78.57142857142857,8.645971286269991e-05,0.5974893569946289
720,0.720759391784668,0.7893175482749939,82.6923076923077,85.71428571428571,94.23076923076923,78.57142857142857,9.549150281250456e-05,0.5931830406188965
721,0.9525129497051239,1.1461514234542847,82.6923076923077,71.42857142857143,90.38461538461539,85.71428571428571,0.00010492249381213034,0.5958986282348633
722,0.7847144305706024,0.8724939823150635,92.3076923076923,71.42857142857143,84.61538461538461,92.85714285714286,0.00011474337861207917,0.5934953689575195
723,0.8366339206695557,0.9049153327941895,84.61538461538461,78.57142857142857,88.46153846153847,85.71428571428571,0.00012494446518474225,0.5946829319000244
724,0.8283289074897766,0.6624303460121155,78.84615384615384,92.85714285714286,94.23076923076923,85.71428571428571,0.00013551568628926316,0.5999853610992432
725,0.8876225352287292,0.9862778186798096,82.6923076923077,71.42857142857143,84.61538461538461,92.85714285714286,0.00014644660940669202,0.590322732925415
726,0.9844743013381958,0.9150682091712952,78.84615384615384,85.71428571428571,86.53846153846153,92.85714285714286,0.00015772644703562072,0.5943865776062012
727,0.7513298690319061,0.628119945526123,90.38461538461539,100.0,88.46153846153847,78.57142857142857,0.00016934406733813578,0.5911965370178223
728,1.118637204170227,0.9899952411651611,71.15384615384616,78.57142857142857,94.23076923076923,92.85714285714286,0.0001812880051256134,0.5930688381195068
729,0.7943338453769684,1.128894567489624,84.61538461538461,64.28571428571429,90.38461538461539,92.85714285714286,0.0001935464731734679,0.5878782272338867
730,0.6647865772247314,0.7196589112281799,88.46153846153847,85.71428571428571,96.15384615384616,92.85714285714286,0.00020610737385371735,0.5883383750915527
731,0.9228229224681854,0.9928192496299744,82.6923076923077,85.71428571428571,90.38461538461539,85.71428571428571,0.00021895831107388497,0.5907652378082275
732,0.8927239179611206,0.6424708366394043,80.76923076923077,92.85714285714286,84.61538461538461,85.71428571428571,0.00023208660251044814,0.5876791477203369
733,0.8352712392807007,0.8243587017059326,80.76923076923077,92.85714285714286,92.3076923076923,78.57142857142857,0.00024547929212475846,0.5922465324401855
734,0.7662086188793182,1.3049507141113281,86.53846153846153,85.71428571428571,94.23076923076923,71.42857142857143,0.0002591231629490841,0.5931863784790039
735,0.8528623580932617,1.591853141784668,82.6923076923077,78.57142857142857,88.46153846153847,57.142857142857146,0.00027300475013016434,0.5971047878265381
736,0.8896082043647766,0.9083223342895508,82.6923076923077,85.71428571428571,80.76923076923077,71.42857142857143,0.00028711035421739736,0.5957801342010498
737,0.8111121654510498,1.2458195686340332,86.53846153846153,71.42857142857143,90.38461538461539,78.57142857142857,0.0003014260546825424,0.5940535068511963
738,0.8058842420578003,1.0127142667770386,90.38461538461539,71.42857142857143,88.46153846153847,85.71428571428571,0.00031593772365758955,0.59287428855896
739,0.9240851402282715,1.0182693004608154,78.84615384615384,85.71428571428571,88.46153846153847,71.42857142857143,0.0003306310398772786,0.5912661552429199
740,0.721961259841919,1.01193368434906,88.46153846153847,71.42857142857143,86.53846153846153,78.57142857142857,0.00034549150281244794,0.5962231159210205
741,0.7289533913135529,1.274208426475525,86.53846153846153,71.42857142857143,96.15384615384616,92.85714285714286,0.0003605044469803044,0.5855998992919922
742,0.7051495611667633,1.2834231853485107,84.61538461538461,78.57142857142857,92.3076923076923,64.28571428571429,0.00037565505641748724,0.6164388656616211
743,0.7352509796619415,1.2281715869903564,82.6923076923077,78.57142857142857,94.23076923076923,85.71428571428571,0.00039092837930163895,0.5995657444000244
744,0.68741774559021,1.4350066184997559,84.61538461538461,71.42857142857143,94.23076923076923,71.42857142857143,0.00040630934270704524,0.5919089317321777
745,0.5906110405921936,1.4310517311096191,98.07692307692308,78.57142857142857,84.61538461538461,71.42857142857143,0.00042178276747978935,0.5961105823516846
746,0.686864972114563,1.682496190071106,86.53846153846153,64.28571428571429,92.3076923076923,78.57142857142857,0.0004373333832177482,0.5877535343170166
747,0.7237449288368225,0.7319937348365784,90.38461538461539,85.71428571428571,90.38461538461539,78.57142857142857,0.00045294584334064055,0.5916950702667236
748,0.6550993919372559,1.6108787059783936,92.3076923076923,71.42857142857143,92.3076923076923,78.57142857142857,0.00046860474023523825,0.5909116268157959
749,0.7584066987037659,0.9903234243392944,80.76923076923077,92.85714285714286,90.38461538461539,78.57142857142857,0.00048429462046082624,0.5930650234222412
750,0.7046488225460052,1.1094679832458496,86.53846153846153,71.42857142857143,88.46153846153847,71.42857142857143,0.0004999999999998858,0.5946221351623535
751,0.905259370803833,0.7697464823722839,84.61538461538461,85.71428571428571,90.38461538461539,71.42857142857143,0.0005157053795389471,0.5910840034484863
752,0.6091861426830292,0.8396121263504028,96.15384615384616,85.71428571428571,94.23076923076923,71.42857142857143,0.000531395259764537,0.5929915904998779
753,0.8060746788978577,1.0210301876068115,84.61538461538461,78.57142857142857,90.38461538461539,78.57142857142857,0.0005470541566591329,0.5888776779174805
754,0.7348580360412598,1.1669679880142212,80.76923076923077,78.57142857142857,92.3076923076923,100.0,0.0005626666167820234,0.5895407199859619
755,0.6234863698482513,1.4831011295318604,88.46153846153847,64.28571428571429,94.23076923076923,71.42857142857143,0.000578217232519984,0.5938305854797363
756,1.1930266618728638,1.5936179161071777,76.92307692307692,64.28571428571429,88.46153846153847,85.71428571428571,0.0005936906572927282,0.5914084911346436
757,0.7017465233802795,0.7748712301254272,86.53846153846153,85.71428571428571,94.23076923076923,85.71428571428571,0.0006090716206981328,0.5923757553100586
758,0.7053868174552917,1.2490248680114746,86.53846153846153,78.57142857142857,92.3076923076923,92.85714285714286,0.0006243449435822862,0.5904521942138672
759,0.6683802604675293,0.9145697355270386,88.46153846153847,85.71428571428571,96.15384615384616,64.28571428571429,0.0006394955530194708,0.5986311435699463
760,0.7533548176288605,0.7411289215087891,82.6923076923077,85.71428571428571,88.46153846153847,78.57142857142857,0.0006545084971873256,0.6040170192718506
761,0.7472280263900757,1.2094359397888184,82.6923076923077,85.71428571428571,92.3076923076923,78.57142857142857,0.0006693689601224933,0.5933103561401367
762,0.8346380591392517,0.8097469806671143,84.61538461538461,85.71428571428571,92.3076923076923,71.42857142857143,0.000684062276342184,0.5977866649627686
763,0.687801867723465,0.8277903199195862,86.53846153846153,85.71428571428571,94.23076923076923,78.57142857142857,0.0006985739453172327,0.5905592441558838
764,0.915777862071991,1.263704538345337,80.76923076923077,71.42857142857143,88.46153846153847,100.0,0.0007128896457823746,0.5930807590484619
765,0.820387452840805,0.829118013381958,80.76923076923077,85.71428571428571,90.38461538461539,92.85714285714286,0.0007269952498696092,0.5867300033569336
766,1.1783429682254791,1.0853134393692017,75.0,64.28571428571429,86.53846153846153,85.71428571428571,0.0007408768370506894,0.6054644584655762
767,0.7852859199047089,1.2735507488250732,86.53846153846153,71.42857142857143,94.23076923076923,78.57142857142857,0.000754520707875015,0.5905988216400146
768,0.8134218156337738,1.4828556776046753,82.6923076923077,64.28571428571429,90.38461538461539,85.71428571428571,0.000767913397489324,0.5900166034698486
769,0.967090904712677,2.0104286670684814,78.84615384615384,57.142857142857146,90.38461538461539,78.57142857142857,0.0007810416889258886,0.5933554172515869
770,1.0612322688102722,0.9101272225379944,75.0,78.57142857142857,86.53846153846153,92.85714285714286,0.0007938926261460577,0.5875751972198486
771,0.8722070157527924,0.9345201253890991,86.53846153846153,92.85714285714286,82.6923076923077,92.85714285714286,0.0008064535268263057,0.5911438465118408
772,0.8074784874916077,0.71674644947052,86.53846153846153,92.85714285714286,90.38461538461539,85.71428571428571,0.0008187119948741587,0.590277910232544
773,0.9908666610717773,0.6270982623100281,76.92307692307692,100.0,84.61538461538461,85.71428571428571,0.0008306559326616377,0.5893025398254395
774,0.9870988726615906,0.7989314794540405,78.84615384615384,78.57142857142857,86.53846153846153,92.85714285714286,0.0008422735529641542,0.592003345489502
775,0.8636660575866699,0.803543210029602,86.53846153846153,85.71428571428571,86.53846153846153,78.57142857142857,0.0008535533905930803,0.5962786674499512
776,1.1323831677436829,1.4246140718460083,71.15384615384616,57.142857142857146,82.6923076923077,85.71428571428571,0.0008644843137105105,0.5955755710601807
777,0.8444804549217224,0.9121547341346741,86.53846153846153,78.57142857142857,86.53846153846153,85.71428571428571,0.0008750555348150315,0.5870325565338135
778,0.9299860000610352,1.283821940422058,86.53846153846153,71.42857142857143,80.76923076923077,78.57142857142857,0.0008852566213876945,0.5916538238525391
779,0.7649769186973572,0.795188844203949,88.46153846153847,85.71428571428571,90.38461538461539,85.71428571428571,0.0008950775061876422,0.5933694839477539
780,0.9316009283065796,1.2318254709243774,80.76923076923077,64.28571428571429,88.46153846153847,85.71428571428571,0.0009045084971872693,0.5868384838104248
781,0.8210192620754242,1.4968317747116089,76.92307692307692,64.28571428571429,92.3076923076923,85.71428571428571,0.0009135402871370748,0.59151291847229
782,0.9241034388542175,0.7800121307373047,76.92307692307692,92.85714285714286,88.46153846153847,71.42857142857143,0.0009221639627507988,0.5930905342102051
783,0.8112558126449585,0.7818962931632996,82.6923076923077,78.57142857142857,90.38461538461539,71.42857142857143,0.0009303710135017616,0.6007826328277588
784,0.915605902671814,0.7066503763198853,75.0,92.85714285714286,86.53846153846153,78.57142857142857,0.0009381533400217194,0.5920259952545166
785,0.7588099241256714,1.2106878757476807,86.53846153846153,78.57142857142857,88.46153846153847,92.85714285714286,0.0009455032620939703,0.5893886089324951
786,0.7439087927341461,1.2303757667541504,82.6923076923077,71.42857142857143,96.15384615384616,85.71428571428571,0.0009524135262327941,0.5924131870269775
787,0.8631498217582703,1.1203755140304565,84.61538461538461,71.42857142857143,92.3076923076923,78.57142857142857,0.0009588773128417739,0.5874106884002686
788,0.9554120898246765,0.7453354597091675,76.92307692307692,92.85714285714286,88.46153846153847,71.42857142857143,0.0009648882429439073,0.5971324443817139
789,0.996546596288681,0.973304271697998,75.0,71.42857142857143,90.38461538461539,85.71428571428571,0.0009704403844768934,0.5884554386138916
790,1.0388663113117218,0.9283216595649719,84.61538461538461,78.57142857142857,80.76923076923077,92.85714285714286,0.0009755282581473561,0.5939459800720215
791,0.9359462261199951,1.2391436100006104,76.92307692307692,78.57142857142857,94.23076923076923,78.57142857142857,0.00098014684283825,0.6108047962188721
792,0.824180543422699,1.3805487155914307,86.53846153846153,71.42857142857143,84.61538461538461,78.57142857142857,0.0009842915805640933,0.5866284370422363
793,0.8932815492153168,0.8051288723945618,78.84615384615384,92.85714285714286,88.46153846153847,85.71428571428571,0.0009879583809691505,0.614168643951416
794,0.8568565249443054,1.3403513431549072,86.53846153846153,78.57142857142857,84.61538461538461,78.57142857142857,0.0009911436253641206,0.5870523452758789
795,0.9398561120033264,1.5243562459945679,82.6923076923077,64.28571428571429,86.53846153846153,92.85714285714286,0.0009938441702973442,0.591273307800293
796,0.9140247702598572,0.7311184406280518,76.92307692307692,92.85714285714286,90.38461538461539,78.57142857142857,0.000996057350657014,0.5905089378356934
797,0.8362482786178589,0.9758061170578003,86.53846153846153,78.57142857142857,90.38461538461539,71.42857142857143,0.0009977809823013145,0.5982871055603027
798,0.8449176251888275,1.3384993076324463,84.61538461538461,71.42857142857143,88.46153846153847,85.71428571428571,0.00099901336421391,0.6048634052276611
799,0.8158265054225922,0.9774324893951416,90.38461538461539,78.57142857142857,92.3076923076923,71.42857142857143,0.0009997532801826398,0.5862941741943359
800,0.857331395149231,0.9252438545227051,86.53846153846153,78.57142857142857,90.38461538461539,78.57142857142857,0.000999999999999774,0.5914936065673828
801,0.7814739048480988,1.2314205169677734,92.3076923076923,78.57142857142857,90.38461538461539,92.85714285714286,0.0009997532801826398,0.5885629653930664
802,0.9567418098449707,1.0723927021026611,73.07692307692308,78.57142857142857,90.38461538461539,64.28571428571429,0.0009990133642139103,0.59063720703125
803,1.0455248951911926,1.1575758457183838,73.07692307692308,57.142857142857146,90.38461538461539,85.71428571428571,0.0009977809823013147,0.5930688381195068
804,0.9988422393798828,1.6592708826065063,78.84615384615384,64.28571428571429,92.3076923076923,78.57142857142857,0.0009960573506570141,0.5889146327972412
805,1.1010896563529968,1.1941866874694824,71.15384615384616,78.57142857142857,92.3076923076923,78.57142857142857,0.0009938441702973446,0.592719316482544
806,0.8221859335899353,0.7130105495452881,82.6923076923077,92.85714285714286,88.46153846153847,85.71428571428571,0.0009911436253641208,0.588815450668335
807,0.7744694948196411,1.6299049854278564,80.76923076923077,71.42857142857143,96.15384615384616,78.57142857142857,0.0009879583809691507,0.5895237922668457
808,0.8881546854972839,1.1630604267120361,82.6923076923077,78.57142857142857,88.46153846153847,92.85714285714286,0.0009842915805640937,0.5833206176757812
809,0.7730163335800171,0.8420161008834839,82.6923076923077,85.71428571428571,94.23076923076923,78.57142857142857,0.0009801468428382505,0.5877623558044434
810,0.8658775091171265,1.5444222688674927,76.92307692307692,57.142857142857146,86.53846153846153,85.71428571428571,0.0009755282581473571,0.5920157432556152
811,0.9173438847064972,1.6946467161178589,78.84615384615384,71.42857142857143,86.53846153846153,78.57142857142857,0.000970440384476894,0.5931804180145264
812,1.1116190552711487,1.199537992477417,78.84615384615384,78.57142857142857,82.6923076923077,78.57142857142857,0.0009648882429439081,0.5936601161956787
813,0.8231034874916077,0.63465416431427,78.84615384615384,92.85714285714286,90.38461538461539,92.85714285714286,0.0009588773128417747,0.5818934440612793
814,0.8623217046260834,0.7927279472351074,78.84615384615384,78.57142857142857,94.23076923076923,92.85714285714286,0.0009524135262327951,0.5934813022613525
815,0.8178669810295105,0.767866849899292,84.61538461538461,85.71428571428571,88.46153846153847,78.57142857142857,0.0009455032620939713,0.5889527797698975
816,0.8410063982009888,1.3101482391357422,78.84615384615384,64.28571428571429,84.61538461538461,85.71428571428571,0.0009381533400217205,0.5902061462402344
817,0.8169996738433838,0.842980146408081,76.92307692307692,85.71428571428571,92.3076923076923,92.85714285714286,0.0009303710135017628,0.5893707275390625
818,0.8963682055473328,2.003203868865967,78.84615384615384,57.142857142857146,90.38461538461539,78.57142857142857,0.0009221639627507999,0.5857288837432861
819,0.8062730431556702,0.9783617854118347,86.53846153846153,78.57142857142857,94.23076923076923,78.57142857142857,0.0009135402871370749,0.5890982151031494
820,0.6794145107269287,0.9111120700836182,88.46153846153847,85.71428571428571,92.3076923076923,78.57142857142857,0.0009045084971872702,0.5887527465820312
821,0.740471601486206,0.9588507413864136,80.76923076923077,71.42857142857143,86.53846153846153,85.71428571428571,0.0008950775061876445,0.5935823917388916
822,1.148112177848816,1.3902658224105835,73.07692307692308,57.142857142857146,86.53846153846153,78.57142857142857,0.0008852566213876957,0.5882213115692139
823,0.8649407029151917,1.7133562564849854,86.53846153846153,71.42857142857143,96.15384615384616,71.42857142857143,0.0008750555348150326,0.596397876739502
824,0.7764973044395447,0.944455623626709,82.6923076923077,71.42857142857143,92.3076923076923,78.57142857142857,0.0008644843137105116,0.5886964797973633
825,0.8278039395809174,1.0811357498168945,82.6923076923077,78.57142857142857,94.23076923076923,78.57142857142857,0.0008535533905930814,0.5896563529968262
826,0.6681254506111145,1.4347152709960938,86.53846153846153,85.71428571428571,92.3076923076923,78.57142857142857,0.0008422735529641552,0.5890519618988037
827,0.731313169002533,0.8170003890991211,84.61538461538461,92.85714285714286,92.3076923076923,71.42857142857143,0.0008306559326616389,0.5899312496185303
828,0.9182458519935608,1.609876275062561,76.92307692307692,64.28571428571429,92.3076923076923,85.71428571428571,0.0008187119948741612,0.5969452857971191
829,0.7809232473373413,0.8407484292984009,86.53846153846153,92.85714285714286,94.23076923076923,78.57142857142857,0.0008064535268263067,0.5936670303344727
830,0.811793327331543,0.7930371761322021,78.84615384615384,92.85714285714286,90.38461538461539,85.71428571428571,0.0007938926261460572,0.5899496078491211
831,0.7998413741588593,0.6948369741439819,80.76923076923077,85.71428571428571,98.07692307692308,85.71428571428571,0.0007810416889258898,0.5891094207763672
832,1.1256731748580933,0.6826803684234619,76.92307692307692,92.85714285714286,88.46153846153847,71.42857142857143,0.000767913397489325,0.5920155048370361
833,0.8766719400882721,1.3511555194854736,82.6923076923077,71.42857142857143,88.46153846153847,85.71428571428571,0.0007545207078750163,0.6025545597076416
834,0.8458440005779266,1.0617783069610596,88.46153846153847,71.42857142857143,94.23076923076923,78.57142857142857,0.0007408768370506906,0.5854647159576416
835,0.8612893223762512,0.9704285860061646,84.61538461538461,85.71428571428571,92.3076923076923,78.57142857142857,0.0007269952498696104,0.594329833984375
836,0.9262803792953491,1.1859538555145264,82.6923076923077,78.57142857142857,92.3076923076923,100.0,0.0007128896457823758,0.5918235778808594
837,0.7887891232967377,0.8877171277999878,84.61538461538461,85.71428571428571,98.07692307692308,100.0,0.0006985739453172322,0.5869731903076172
838,0.9703893661499023,0.9553527235984802,75.0,92.85714285714286,90.38461538461539,71.42857142857143,0.0006840622763421851,0.587824821472168
839,0.9786140024662018,0.6505109667778015,76.92307692307692,92.85714285714286,88.46153846153847,92.85714285714286,0.000669368960122496,0.5890450477600098
840,0.7222183644771576,1.3612072467803955,86.53846153846153,78.57142857142857,88.46153846153847,64.28571428571429,0.0006545084971873266,0.5922069549560547
841,0.9116680026054382,1.1158146858215332,78.84615384615384,78.57142857142857,88.46153846153847,78.57142857142857,0.0006394955530194702,0.5899617671966553
842,0.9581587314605713,0.5289577841758728,80.76923076923077,100.0,90.38461538461539,92.85714285714286,0.0006243449435822874,0.5917203426361084
843,0.8266454935073853,1.354630708694458,84.61538461538461,78.57142857142857,88.46153846153847,71.42857142857143,0.0006090716206981338,0.5900890827178955
844,0.8264822363853455,1.0727264881134033,82.6923076923077,78.57142857142857,86.53846153846153,85.71428571428571,0.0005936906572927293,0.5986876487731934
845,0.940628707408905,0.9910644292831421,78.84615384615384,64.28571428571429,92.3076923076923,100.0,0.000578217232519985,0.5882036685943604
846,0.8224557638168335,0.8447046875953674,86.53846153846153,92.85714285714286,90.38461538461539,71.42857142857143,0.0005626666167820262,0.58896803855896
847,0.7549773156642914,0.7376322746276855,86.53846153846153,92.85714285714286,92.3076923076923,85.71428571428571,0.0005470541566591341,0.5912473201751709
848,0.6961754560470581,1.4129080772399902,88.46153846153847,71.42857142857143,96.15384615384616,78.57142857142857,0.0005313952597645364,0.5835182666778564
849,0.7589191496372223,0.6163842082023621,86.53846153846153,92.85714285714286,98.07692307692308,92.85714285714286,0.0005157053795389483,0.5851955413818359
850,0.7624759674072266,0.8969175219535828,90.38461538461539,85.71428571428571,96.15384615384616,78.57142857142857,0.0004999999999998888,0.5879385471343994
851,0.7539403140544891,0.9111778736114502,86.53846153846153,85.71428571428571,88.46153846153847,78.57142857142857,0.0004842946204608273,0.5840013027191162
852,0.7067396938800812,0.9981310963630676,86.53846153846153,71.42857142857143,92.3076923076923,85.71428571428571,0.00046860474023523754,0.5852923393249512
853,0.8055011034011841,1.4682400226593018,86.53846153846153,64.28571428571429,94.23076923076923,78.57142857142857,0.0004529458433406415,0.5840966701507568
854,0.722486138343811,1.0637550354003906,84.61538461538461,92.85714285714286,96.15384615384616,71.42857142857143,0.0004373333832177493,0.6113255023956299
855,0.7728813886642456,0.7864753007888794,82.6923076923077,85.71428571428571,92.3076923076923,71.42857142857143,0.00042178276747978865,0.5885879993438721
856,0.8129830956459045,0.739603579044342,82.6923076923077,92.85714285714286,92.3076923076923,78.57142857142857,0.0004063093427070462,0.5821425914764404
857,0.666076272726059,0.6288241147994995,90.38461538461539,85.71428571428571,96.15384615384616,92.85714285714286,0.00039092837930164166,0.5882017612457275
858,0.8094137012958527,1.2369294166564941,86.53846153846153,85.71428571428571,84.61538461538461,78.57142857142857,0.0003756550564174882,0.5857653617858887
859,0.8406610190868378,1.3451240062713623,76.92307692307692,78.57142857142857,92.3076923076923,85.71428571428571,0.0003605044469803036,0.588087797164917
860,0.8047530651092529,0.8637281656265259,78.84615384615384,85.71428571428571,94.23076923076923,71.42857142857143,0.00034549150281244887,0.5888218879699707
861,0.797499269247055,0.9992237091064453,84.61538461538461,78.57142857142857,90.38461538461539,85.71428571428571,0.0003306310398772812,0.5915999412536621
862,0.8843209743499756,0.7336227297782898,86.53846153846153,92.85714285714286,84.61538461538461,85.71428571428571,0.0003159377236575904,0.5881226062774658
863,0.7257326543331146,0.856423020362854,88.46153846153847,71.42857142857143,90.38461538461539,78.57142857142857,0.0003014260546825416,0.579653263092041
864,0.7338106036186218,0.760580837726593,88.46153846153847,85.71428571428571,88.46153846153847,78.57142857142857,0.0002871103542173997,0.5881991386413574
865,0.6287009119987488,0.753065824508667,92.3076923076923,85.71428571428571,86.53846153846153,71.42857142857143,0.0002730047501301651,0.5821635723114014
866,0.6686315834522247,1.2661250829696655,92.3076923076923,78.57142857142857,88.46153846153847,85.71428571428571,0.0002591231629490833,0.5862925052642822
867,0.9430821239948273,0.6829565763473511,80.76923076923077,85.71428571428571,86.53846153846153,85.71428571428571,0.0002454792921247592,0.5881459712982178
868,0.7830193042755127,1.65690279006958,94.23076923076923,71.42857142857143,90.38461538461539,78.57142857142857,0.0002320866025104504,0.5865235328674316
869,1.0086423754692078,1.3224644660949707,86.53846153846153,78.57142857142857,86.53846153846153,85.71428571428571,0.0002189583110738857,0.5953068733215332
870,0.7235674262046814,1.0262353420257568,88.46153846153847,78.57142857142857,92.3076923076923,85.71428571428571,0.0002061073738537167,0.5918166637420654
871,0.6020553112030029,0.8871711492538452,98.07692307692308,85.71428571428571,86.53846153846153,85.71428571428571,0.00019354647317346862,0.5951080322265625
872,0.9538320600986481,0.5738882422447205,80.76923076923077,92.85714285714286,92.3076923076923,85.71428571428571,0.0001812880051256155,0.5949888229370117
873,0.7751196920871735,1.3976224660873413,84.61538461538461,78.57142857142857,90.38461538461539,85.71428571428571,0.00016934406733813516,0.6000645160675049
874,0.8894089758396149,0.7046292424201965,84.61538461538461,92.85714285714286,82.6923076923077,78.57142857142857,0.0001577264470356201,0.6035933494567871
875,0.6338045001029968,1.0148122310638428,92.3076923076923,85.71428571428571,88.46153846153847,85.71428571428571,0.00014644660940669394,0.5952532291412354
876,0.7530497014522552,0.6202737092971802,86.53846153846153,100.0,86.53846153846153,85.71428571428571,0.00013551568628926381,0.5854799747467041
877,0.70356285572052,0.850602388381958,86.53846153846153,85.71428571428571,90.38461538461539,85.71428571428571,0.00012494446518474168,0.5862374305725098
878,0.654490202665329,0.6163203120231628,88.46153846153847,92.85714285714286,86.53846153846153,85.71428571428571,0.00011474337861207975,0.5945534706115723
879,0.7399157285690308,0.7714335322380066,88.46153846153847,85.71428571428571,84.61538461538461,85.71428571428571,0.000104922493812132,0.5832679271697998
880,0.7404587864875793,0.7675460577011108,78.84615384615384,92.85714285714286,90.38461538461539,78.57142857142857,9.54915028125051e-05,0.5889875888824463
881,0.7006737887859344,1.219590663909912,86.53846153846153,71.42857142857143,90.38461538461539,100.0,8.645971286269945e-05,0.628007173538208
882,0.6106180846691132,0.8702716827392578,90.38461538461539,78.57142857142857,92.3076923076923,85.71428571428571,7.783603724897533e-05,0.5811948776245117
883,0.6877271831035614,0.9631904363632202,88.46153846153847,85.71428571428571,88.46153846153847,85.71428571428571,6.962898649801334e-05,0.5944209098815918
884,0.8917609453201294,1.0190781354904175,76.92307692307692,78.57142857142857,90.38461538461539,78.57142857142857,6.184665997805385e-05,0.5893187522888184
885,0.7046532034873962,0.8029628992080688,90.38461538461539,85.71428571428571,94.23076923076923,78.57142857142857,5.4496737905803845e-05,0.5902194976806641
886,0.7860567569732666,0.9964966177940369,82.6923076923077,71.42857142857143,92.3076923076923,100.0,4.758647376698e-05,0.5873463153839111
887,0.6575851142406464,0.7270158529281616,86.53846153846153,85.71428571428571,92.3076923076923,85.71428571428571,4.1122687158000284e-05,0.5864162445068359
888,0.6348248422145844,0.6437674760818481,92.3076923076923,100.0,94.23076923076923,78.57142857142857,3.51117570558662e-05,0.5930912494659424
889,0.619233638048172,0.8555631637573242,92.3076923076923,85.71428571428571,92.3076923076923,85.71428571428571,2.9559615522880786e-05,0.5850179195404053
890,0.812953919172287,0.7985261678695679,86.53846153846153,85.71428571428571,92.3076923076923,78.57142857142857,2.4471741852418173e-05,0.593902587890625
891,0.6281880736351013,0.8155461549758911,96.15384615384616,78.57142857142857,90.38461538461539,85.71428571428571,1.9853157161523668e-05,0.5827784538269043
892,0.650393158197403,0.8714181184768677,86.53846153846153,78.57142857142857,96.15384615384616,85.71428571428571,1.5708419435680872e-05,0.589296817779541
893,0.8556165099143982,1.2451589107513428,84.61538461538461,78.57142857142857,90.38461538461539,85.71428571428571,1.2041619030623796e-05,0.5930776596069336
894,0.814714252948761,0.6755245923995972,86.53846153846153,100.0,92.3076923076923,78.57142857142857,8.856374635653979e-06,0.5884988307952881
895,0.701852560043335,0.8703931570053101,86.53846153846153,92.85714285714286,94.23076923076923,85.71428571428571,6.155829702429618e-06,0.5972921848297119
896,0.7588545680046082,0.6329411268234253,82.6923076923077,92.85714285714286,84.61538461538461,85.71428571428571,3.94264934276023e-06,0.5872957706451416
897,0.8890187740325928,0.7651499509811401,78.84615384615384,92.85714285714286,92.3076923076923,85.71428571428571,2.2190176984596135e-06,0.5962352752685547
898,0.775777280330658,1.1186206340789795,84.61538461538461,64.28571428571429,92.3076923076923,78.57142857142857,9.866357858639985e-07,0.6086692810058594
899,0.5768667161464691,0.8720443248748779,94.23076923076923,71.42857142857143,92.3076923076923,85.71428571428571,2.4671981713414445e-07,0.5889918804168701
900,0.6304644346237183,0.7596687078475952,90.38461538461539,78.57142857142857,94.23076923076923,85.71428571428571,0.0,0.5941958427429199
901,0.646407276391983,0.725325882434845,84.61538461538461,85.71428571428571,98.07692307692308,71.42857142857143,2.467198171342e-07,0.5900776386260986
902,0.609982430934906,1.2266507148742676,96.15384615384616,85.71428571428571,88.46153846153847,92.85714285714286,9.86635785864276e-07,0.5958068370819092
903,0.7900182902812958,0.6894435882568359,88.46153846153847,92.85714285714286,90.38461538461539,71.42857142857143,2.2190176984600015e-06,0.5821528434753418
904,0.6959159076213837,1.0361955165863037,86.53846153846153,78.57142857142857,98.07692307692308,78.57142857142857,3.9426493427609505e-06,0.5919589996337891
905,0.864411860704422,1.4070672988891602,88.46153846153847,71.42857142857143,86.53846153846153,78.57142857142857,6.1558297024308365e-06,0.5912623405456543
906,0.7656319737434387,0.9123342037200928,86.53846153846153,78.57142857142857,90.38461538461539,78.57142857142857,8.856374635655805e-06,0.5895993709564209
907,0.6017173826694489,0.9752197861671448,92.3076923076923,78.57142857142857,92.3076923076923,78.57142857142857,1.2041619030626227e-05,0.598933219909668
908,0.8722879588603973,0.7619401216506958,82.6923076923077,85.71428571428571,90.38461538461539,78.57142857142857,1.5708419435684128e-05,0.5871362686157227
909,0.6213346719741821,0.6125486493110657,90.38461538461539,100.0,92.3076923076923,71.42857142857143,1.9853157161528855e-05,0.5915858745574951
910,0.7592940330505371,1.1347500085830688,82.6923076923077,78.57142857142857,94.23076923076923,71.42857142857143,2.447174185242329e-05,0.590404748916626
911,0.7034619450569153,1.5574740171432495,88.46153846153847,64.28571428571429,90.38461538461539,78.57142857142857,2.9559615522887047e-05,0.58795166015625
912,0.8268270492553711,1.328345537185669,86.53846153846153,71.42857142857143,86.53846153846153,85.71428571428571,3.5111757055873716e-05,0.592815637588501
913,0.683964878320694,1.4364690780639648,90.38461538461539,71.42857142857143,96.15384615384616,85.71428571428571,4.112268715800982e-05,0.5914652347564697
914,0.7923138737678528,0.613541305065155,86.53846153846153,100.0,86.53846153846153,85.71428571428571,4.758647376699021e-05,0.5848751068115234
915,0.7358989119529724,0.9645742177963257,80.76923076923077,92.85714285714286,94.23076923076923,64.28571428571429,5.449673790581561e-05,0.585543155670166
916,0.6443343162536621,0.9517132043838501,90.38461538461539,92.85714285714286,94.23076923076923,92.85714285714286,6.184665997806726e-05,0.5945761203765869
917,0.6669107973575592,0.7698937654495239,88.46153846153847,78.57142857142857,92.3076923076923,92.85714285714286,6.962898649802851e-05,0.5882339477539062
918,0.6173992156982422,0.5173280835151672,82.6923076923077,100.0,94.23076923076923,85.71428571428571,7.783603724899224e-05,0.5921294689178467
919,0.626630574464798,0.9232281446456909,92.3076923076923,92.85714285714286,94.23076923076923,92.85714285714286,8.64597128627183e-05,0.5906381607055664
920,0.6473680138587952,1.293184757232666,90.38461538461539,64.28571428571429,94.23076923076923,85.71428571428571,9.549150281252698e-05,0.5880477428436279
921,0.8603383898735046,0.5823602676391602,86.53846153846153,92.85714285714286,90.38461538461539,85.71428571428571,0.00010492249381215495,0.5949020385742188
922,0.6401977241039276,1.2182992696762085,88.46153846153847,78.57142857142857,92.3076923076923,71.42857142857143,0.00011474337861210492,0.5892658233642578
923,0.685140922665596,0.9061470031738281,86.53846153846153,85.71428571428571,94.23076923076923,85.71428571428571,0.00012494446518476908,0.591759204864502
924,0.7050563097000122,1.1005020141601562,86.53846153846153,85.71428571428571,94.23076923076923,78.57142857142857,0.00013551568628929482,0.5952990055084229
925,0.6807056665420532,1.3458510637283325,90.38461538461539,78.57142857142857,92.3076923076923,85.71428571428571,0.00014644660940672615,0.5876984596252441
926,0.6301212906837463,1.7797434329986572,88.46153846153847,64.28571428571429,88.46153846153847,71.42857142857143,0.00015772644703565485,0.5958702564239502
927,0.6401970386505127,0.7066760063171387,92.3076923076923,92.85714285714286,88.46153846153847,78.57142857142857,0.00016934406733817246,0.5894186496734619
928,0.8663026392459869,1.4849822521209717,82.6923076923077,71.42857142857143,92.3076923076923,71.42857142857143,0.0001812880051256555,0.5921390056610107
929,0.7844645977020264,0.8860839605331421,84.61538461538461,85.71428571428571,90.38461538461539,71.42857142857143,0.00019354647317351137,0.5925562381744385
930,0.7844983637332916,1.2260730266571045,90.38461538461539,78.57142857142857,92.3076923076923,85.71428571428571,0.00020610737385376226,0.5843944549560547
931,0.6423630714416504,1.045430302619934,88.46153846153847,92.85714285714286,94.23076923076923,78.57142857142857,0.00021895831107393565,0.5943665504455566
932,0.7395780086517334,0.9230794906616211,86.53846153846153,78.57142857142857,94.23076923076923,64.28571428571429,0.00023208660251050186,0.5875928401947021
933,0.7145777344703674,0.6344040632247925,88.46153846153847,92.85714285714286,90.38461538461539,85.71428571428571,0.00024547929212481365,0.5964951515197754
934,0.8162387013435364,1.2269818782806396,86.53846153846153,71.42857142857143,90.38461538461539,78.57142857142857,0.0002591231629491408,0.5893383026123047
935,0.8303099870681763,1.109625220298767,84.61538461538461,85.71428571428571,94.23076923076923,78.57142857142857,0.00027300475013022733,0.5886745452880859
936,0.7192623615264893,1.1163033246994019,86.53846153846153,71.42857142857143,92.3076923076923,78.57142857142857,0.0002871103542174635,0.593515157699585
937,0.6380211710929871,1.7790443897247314,90.38461538461539,71.42857142857143,90.38461538461539,78.57142857142857,0.00030142605468260874,0.5878794193267822
938,0.7733339071273804,0.7356892228126526,84.61538461538461,92.85714285714286,90.38461538461539,78.57142857142857,0.0003159377236576591,0.5896570682525635
939,0.7059203088283539,1.030732274055481,90.38461538461539,85.71428571428571,92.3076923076923,64.28571428571429,0.00033063103987735474,0.5891611576080322
940,0.6701845824718475,0.7114209532737732,88.46153846153847,92.85714285714286,92.3076923076923,78.57142857142857,0.00034549150281252584,0.598308801651001
941,0.6069849133491516,0.8296904563903809,92.3076923076923,92.85714285714286,92.3076923076923,85.71428571428571,0.000360504446980384,0.591261625289917
942,0.8900198042392731,0.8616793751716614,82.6923076923077,92.85714285714286,92.3076923076923,71.42857142857143,0.00037565505641757376,0.5919623374938965
943,0.8039006888866425,0.8886668086051941,80.76923076923077,85.71428571428571,88.46153846153847,92.85714285714286,0.00039092837930172894,0.595573902130127
944,0.8448436260223389,1.1121530532836914,82.6923076923077,85.71428571428571,90.38461538461539,78.57142857142857,0.00040630934270713696,0.5909159183502197
945,0.7059769034385681,1.286782145500183,84.61538461538461,71.42857142857143,94.23076923076923,78.57142857142857,0.0004217827674798829,0.5967690944671631
946,0.6376405656337738,1.0448925495147705,92.3076923076923,78.57142857142857,90.38461538461539,92.85714285714286,0.00043733338321784877,0.590501070022583
947,0.7157169282436371,1.488911747932434,84.61538461538461,85.71428571428571,88.46153846153847,85.71428571428571,0.00045294584334074273,0.594313383102417
948,0.7295665442943573,0.8950253129005432,88.46153846153847,71.42857142857143,94.23076923076923,92.85714285714286,0.0004686047402353423,0.5952134132385254
949,0.8726077973842621,1.6768691539764404,82.6923076923077,50.0,84.61538461538461,85.71428571428571,0.0004842946204609338,0.5902714729309082
950,0.7353687584400177,0.7657403945922852,92.3076923076923,85.71428571428571,92.3076923076923,85.71428571428571,0.0005000000000000006,0.5931520462036133
951,0.6958163678646088,1.1644753217697144,88.46153846153847,78.57142857142857,94.23076923076923,85.71428571428571,0.0005157053795390637,0.5865564346313477
952,0.7295952439308167,1.2368098497390747,90.38461538461539,71.42857142857143,96.15384615384616,92.85714285714286,0.0005313952597646553,0.6184022426605225
953,0.7082686424255371,0.8658368587493896,88.46153846153847,78.57142857142857,86.53846153846153,92.85714285714286,0.0005470541566592582,0.5969374179840088
954,0.7922327220439911,0.7982718348503113,90.38461538461539,78.57142857142857,86.53846153846153,85.71428571428571,0.0005626666167821522,0.5862715244293213
955,0.7075304388999939,1.944756031036377,86.53846153846153,64.28571428571429,90.38461538461539,78.57142857142857,0.0005782172325201146,0.5914371013641357
956,0.5657778382301331,0.987994909286499,94.23076923076923,85.71428571428571,96.15384615384616,85.71428571428571,0.0005936906572928605,0.5843296051025391
957,0.6396854519844055,0.7454448938369751,90.38461538461539,100.0,98.07692307692308,71.42857142857143,0.000609071620698272,0.590268611907959
958,0.6387052536010742,1.1027365922927856,84.61538461538461,85.71428571428571,96.15384615384616,85.71428571428571,0.0006243449435824271,0.5876634120941162
959,0.6477293074131012,1.6256921291351318,90.38461538461539,64.28571428571429,94.23076923076923,85.71428571428571,0.0006394955530196135,0.5903153419494629
960,0.7062465250492096,0.7376154661178589,86.53846153846153,78.57142857142857,90.38461538461539,78.57142857142857,0.0006545084971874717,0.5841948986053467
961,0.7481169402599335,1.0137851238250732,84.61538461538461,71.42857142857143,96.15384615384616,85.71428571428571,0.0006693689601226461,0.5893387794494629
962,0.6129380464553833,0.9064255952835083,90.38461538461539,78.57142857142857,94.23076923076923,78.57142857142857,0.0006840622763423386,0.5876097679138184
963,0.7091117203235626,1.048301339149475,90.38461538461539,71.42857142857143,94.23076923076923,92.85714285714286,0.0006985739453173891,0.5865590572357178
964,0.7068604826927185,1.9926317930221558,80.76923076923077,78.57142857142857,90.38461538461539,85.71428571428571,0.0007128896457825374,0.5924863815307617
965,0.8727529048919678,0.9713236093521118,84.61538461538461,85.71428571428571,88.46153846153847,85.71428571428571,0.0007269952498697737,0.5840179920196533
966,0.8443767428398132,0.622035026550293,86.53846153846153,92.85714285714286,88.46153846153847,85.71428571428571,0.0007408768370508572,0.5985872745513916
967,0.8095724284648895,1.299947738647461,84.61538461538461,78.57142857142857,88.46153846153847,71.42857142857143,0.0007545207078751844,0.5969476699829102
968,0.6806967258453369,1.0489147901535034,92.3076923076923,71.42857142857143,92.3076923076923,85.71428571428571,0.0007679133974894993,0.5929911136627197
969,0.6504833102226257,1.068834662437439,92.3076923076923,85.71428571428571,88.46153846153847,78.57142857142857,0.0007810416889260655,0.6003861427307129
970,0.742356687784195,1.128482460975647,86.53846153846153,71.42857142857143,88.46153846153847,85.71428571428571,0.0007938926261462359,0.5889132022857666
971,0.6742661595344543,0.9133332967758179,90.38461538461539,78.57142857142857,96.15384615384616,78.57142857142857,0.0008064535268264898,0.5931746959686279
972,0.7173074781894684,0.923004686832428,86.53846153846153,85.71428571428571,82.6923076923077,85.71428571428571,0.0008187119948743455,0.5929019451141357
973,0.8274845480918884,0.5806311368942261,82.6923076923077,92.85714285714286,92.3076923076923,85.71428571428571,0.0008306559326618258,0.5889945030212402
974,0.7818340957164764,0.8594557046890259,86.53846153846153,85.71428571428571,94.23076923076923,71.42857142857143,0.0008422735529643436,0.5930893421173096
975,0.7344836890697479,0.9481219053268433,86.53846153846153,85.71428571428571,94.23076923076923,85.71428571428571,0.0008535533905932749,0.5887167453765869
976,0.6842329800128937,0.8906573057174683,84.61538461538461,78.57142857142857,92.3076923076923,78.57142857142857,0.0008644843137107063,0.593095064163208
977,0.8762309551239014,1.6943747997283936,78.84615384615384,64.28571428571429,84.61538461538461,71.42857142857143,0.0008750555348152297,0.5922160148620605
978,0.6405385732650757,1.286874532699585,96.15384615384616,64.28571428571429,90.38461538461539,92.85714285714286,0.0008852566213878939,0.5895986557006836
979,0.7373782694339752,1.2048149108886719,88.46153846153847,78.57142857142857,88.46153846153847,85.71428571428571,0.0008950775061878463,0.5901899337768555
980,0.8260816931724548,0.9021088480949402,84.61538461538461,85.71428571428571,86.53846153846153,100.0,0.0009045084971874742,0.5982601642608643
981,0.8617299199104309,1.048378348350525,82.6923076923077,85.71428571428571,84.61538461538461,85.71428571428571,0.0009135402871372809,0.5926566123962402
982,0.7619874775409698,0.7345181703567505,84.61538461538461,85.71428571428571,86.53846153846153,78.57142857142857,0.000922163962751009,0.5901961326599121
983,1.020367681980133,0.7752692103385925,76.92307692307692,78.57142857142857,86.53846153846153,85.71428571428571,0.0009303710135019728,0.591738224029541
984,0.5926675796508789,1.4471720457077026,94.23076923076923,78.57142857142857,86.53846153846153,64.28571428571429,0.0009381533400219323,0.593984842300415
985,0.7389983534812927,1.5531408786773682,86.53846153846153,78.57142857142857,92.3076923076923,78.57142857142857,0.0009455032620941841,0.5902137756347656
986,0.8457329571247101,0.9459490776062012,84.61538461538461,85.71428571428571,86.53846153846153,85.71428571428571,0.0009524135262330112,0.5871760845184326
987,0.9242252111434937,0.781618595123291,78.84615384615384,78.57142857142857,90.38461538461539,92.85714285714286,0.0009588773128419918,0.5869524478912354
988,0.836401641368866,1.1920148134231567,86.53846153846153,78.57142857142857,84.61538461538461,71.42857142857143,0.0009648882429441265,0.5847537517547607
989,0.7577731609344482,0.8869167566299438,88.46153846153847,85.71428571428571,92.3076923076923,78.57142857142857,0.0009704403844771132,0.5883064270019531
990,0.6859625577926636,1.4016220569610596,84.61538461538461,78.57142857142857,94.23076923076923,64.28571428571429,0.0009755282581475781,0.5871884822845459
991,0.9392380714416504,1.3248848915100098,82.6923076923077,71.42857142857143,82.6923076923077,85.71428571428571,0.0009801468428384727,0.5895793437957764
992,0.7854286730289459,0.7105842232704163,80.76923076923077,92.85714285714286,86.53846153846153,78.57142857142857,0.0009842915805643164,0.5872151851654053
993,0.9324246644973755,1.4114662408828735,80.76923076923077,57.142857142857146,88.46153846153847,78.57142857142857,0.0009879583809693753,0.5955767631530762
994,0.8625202178955078,1.0871045589447021,80.76923076923077,64.28571428571429,92.3076923076923,92.85714285714286,0.0009911436253643457,0.5932598114013672
995,1.027423232793808,1.1568793058395386,75.0,64.28571428571429,80.76923076923077,85.71428571428571,0.0009938441702975701,0.592151403427124
996,0.9039366543292999,1.3913800716400146,80.76923076923077,78.57142857142857,86.53846153846153,78.57142857142857,0.00099605735065724,0.5955338478088379
997,0.7764652371406555,1.139998197555542,86.53846153846153,71.42857142857143,86.53846153846153,78.57142857142857,0.0009977809823015415,0.6075723171234131
998,0.9355168044567108,1.233311653137207,80.76923076923077,64.28571428571429,92.3076923076923,78.57142857142857,0.0009990133642141373,0.5924255847930908
999,1.0505878925323486,1.430249571800232,75.0,71.42857142857143,96.15384615384616,85.71428571428571,0.0009997532801828673,0.5916178226470947
1000,0.8531487584114075,0.8535183668136597,80.76923076923077,85.71428571428571,92.3076923076923,78.57142857142857,0.0010000000000000015,0.5900743007659912
