epoch,train_loss,val_loss,train_acc_action,train_acc_status,val_acc_action,val_acc_status,learning_rate
1,1.78489089012146,1.7831614017486572,0.36538461538461536,0.8269230769230769,0.21428571428571427,0.8571428571428571,0.0004
2,1.7740663290023804,1.7703702449798584,0.36538461538461536,0.8269230769230769,0.21428571428571427,0.8571428571428571,0.0004
3,1.7562098503112793,1.7565991878509521,0.36538461538461536,0.8269230769230769,0.21428571428571427,0.8571428571428571,0.0004
4,1.743045687675476,1.7418222427368164,0.36538461538461536,0.8269230769230769,0.21428571428571427,0.8571428571428571,0.0004
5,1.7327746748924255,1.7249016761779785,0.36538461538461536,0.8269230769230769,0.21428571428571427,0.8571428571428571,0.0004
6,1.7214887142181396,1.7045449018478394,0.36538461538461536,0.8269230769230769,0.21428571428571427,0.8571428571428571,0.0004
7,1.6887843608856201,1.6785812377929688,0.36538461538461536,0.8269230769230769,0.21428571428571427,0.8571428571428571,0.0004
8,1.6640155911445618,1.6447420120239258,0.36538461538461536,0.8269230769230769,0.21428571428571427,0.8571428571428571,0.0004
9,1.6185076236724854,1.600733995437622,0.36538461538461536,0.8269230769230769,0.21428571428571427,0.8571428571428571,0.0004
10,1.5710389614105225,1.558604121208191,0.36538461538461536,0.8269230769230769,0.21428571428571427,0.8571428571428571,0.0004
11,1.5512654185295105,1.5634808540344238,0.36538461538461536,0.8269230769230769,0.21428571428571427,0.8571428571428571,0.0004
12,1.5940088033676147,1.54850435256958,0.36538461538461536,0.8269230769230769,0.21428571428571427,0.8571428571428571,0.0004
13,1.5827423334121704,1.5871751308441162,0.36538461538461536,0.8269230769230769,0.21428571428571427,0.8571428571428571,0.0004
14,1.586357593536377,1.5421011447906494,0.36538461538461536,0.8269230769230769,0.21428571428571427,0.8571428571428571,0.0004
15,1.6001574397087097,1.5465939044952393,0.36538461538461536,0.8269230769230769,0.21428571428571427,0.8571428571428571,0.0004
16,1.6255292892456055,1.5302233695983887,0.36538461538461536,0.8269230769230769,0.21428571428571427,0.8571428571428571,0.0004
17,1.558222234249115,1.560333490371704,0.36538461538461536,0.8269230769230769,0.21428571428571427,0.8571428571428571,0.0004
18,1.5802242159843445,1.5528136491775513,0.36538461538461536,0.8269230769230769,0.21428571428571427,0.8571428571428571,0.0004
19,1.5911138653755188,1.5271917581558228,0.36538461538461536,0.8269230769230769,0.21428571428571427,0.8571428571428571,0.0004
20,1.587397575378418,1.518371343612671,0.36538461538461536,0.8269230769230769,0.21428571428571427,0.8571428571428571,0.0004
21,1.5884270071983337,1.5163142681121826,0.36538461538461536,0.8269230769230769,0.21428571428571427,0.8571428571428571,0.0004
22,1.570386528968811,1.5158004760742188,0.36538461538461536,0.8269230769230769,0.21428571428571427,0.8571428571428571,0.0004
23,1.584095299243927,1.5173277854919434,0.36538461538461536,0.8269230769230769,0.21428571428571427,0.8571428571428571,0.0004
24,1.5784447193145752,1.5223238468170166,0.36538461538461536,0.8269230769230769,0.21428571428571427,0.8571428571428571,0.0004
25,1.5350792407989502,1.5323041677474976,0.36538461538461536,0.8269230769230769,0.21428571428571427,0.8571428571428571,0.0004
26,1.5279696583747864,1.5333991050720215,0.36538461538461536,0.8269230769230769,0.21428571428571427,0.8571428571428571,0.0004
27,1.5396196842193604,1.5263530015945435,0.36538461538461536,0.8269230769230769,0.21428571428571427,0.8571428571428571,0.0004
28,1.5177595615386963,1.5238800048828125,0.36538461538461536,0.8269230769230769,0.21428571428571427,0.8571428571428571,0.0004
29,1.5496098399162292,1.5252677202224731,0.36538461538461536,0.8269230769230769,0.21428571428571427,0.8571428571428571,0.0004
30,1.5331735610961914,1.5280790328979492,0.36538461538461536,0.8269230769230769,0.21428571428571427,0.8571428571428571,0.0004
31,1.5571799278259277,1.531678318977356,0.36538461538461536,0.8269230769230769,0.21428571428571427,0.8571428571428571,0.0004
32,1.5674936175346375,1.533867359161377,0.36538461538461536,0.8269230769230769,0.21428571428571427,0.8571428571428571,0.0004
33,1.5578744411468506,1.5363432168960571,0.36538461538461536,0.8269230769230769,0.21428571428571427,0.8571428571428571,0.0004
34,1.6072242856025696,1.5378291606903076,0.36538461538461536,0.8269230769230769,0.21428571428571427,0.8571428571428571,0.0004
35,1.5197866559028625,1.5382531881332397,0.36538461538461536,0.8269230769230769,0.21428571428571427,0.8571428571428571,0.0004
36,1.5468514561653137,1.5386278629302979,0.36538461538461536,0.8269230769230769,0.21428571428571427,0.8571428571428571,0.0004
37,1.505357265472412,1.5396897792816162,0.36538461538461536,0.8269230769230769,0.21428571428571427,0.8571428571428571,0.0004
38,1.5208082795143127,1.5405851602554321,0.36538461538461536,0.8269230769230769,0.21428571428571427,0.8571428571428571,0.0004
39,1.5968492031097412,1.540998935699463,0.36538461538461536,0.8269230769230769,0.21428571428571427,0.8571428571428571,0.0004
40,1.5548844933509827,1.541635274887085,0.36538461538461536,0.8269230769230769,0.21428571428571427,0.8571428571428571,0.0004
41,1.5957451462745667,1.5415184497833252,0.36538461538461536,0.8269230769230769,0.21428571428571427,0.8571428571428571,0.0004
42,1.5354817509651184,1.541453242301941,0.36538461538461536,0.8269230769230769,0.21428571428571427,0.8571428571428571,0.0004
43,1.547979712486267,1.541325569152832,0.36538461538461536,0.8269230769230769,0.21428571428571427,0.8571428571428571,0.0004
44,1.5493476390838623,1.5413296222686768,0.36538461538461536,0.8269230769230769,0.21428571428571427,0.8571428571428571,0.0004
45,1.581730842590332,1.541271448135376,0.36538461538461536,0.8269230769230769,0.21428571428571427,0.8571428571428571,0.0004
46,1.5470567345619202,1.5408293008804321,0.36538461538461536,0.8269230769230769,0.21428571428571427,0.8571428571428571,0.0004
47,1.5791180729866028,1.5406432151794434,0.36538461538461536,0.8269230769230769,0.21428571428571427,0.8571428571428571,0.0004
48,1.565252423286438,1.5404304265975952,0.36538461538461536,0.8269230769230769,0.21428571428571427,0.8571428571428571,0.0004
49,1.551172912120819,1.5400501489639282,0.36538461538461536,0.8269230769230769,0.21428571428571427,0.8571428571428571,0.0004
50,1.5167438387870789,1.5392625331878662,0.36538461538461536,0.8269230769230769,0.21428571428571427,0.8571428571428571,0.0004
51,1.579260230064392,1.5390362739562988,0.36538461538461536,0.8269230769230769,0.21428571428571427,0.8571428571428571,0.0004
52,1.562233328819275,1.5387697219848633,0.36538461538461536,0.8269230769230769,0.21428571428571427,0.8571428571428571,0.0004
53,1.562181293964386,1.5388373136520386,0.36538461538461536,0.8269230769230769,0.21428571428571427,0.8571428571428571,0.0004
54,1.5776013135910034,1.5391110181808472,0.36538461538461536,0.8269230769230769,0.21428571428571427,0.8571428571428571,0.0004
55,1.5188615322113037,1.5395559072494507,0.36538461538461536,0.8269230769230769,0.21428571428571427,0.8571428571428571,0.0004
56,1.5493963360786438,1.540053129196167,0.36538461538461536,0.8269230769230769,0.21428571428571427,0.8571428571428571,0.0004
57,1.5431647896766663,1.5401616096496582,0.36538461538461536,0.8269230769230769,0.21428571428571427,0.8571428571428571,0.0004
58,1.5439409613609314,1.5409021377563477,0.36538461538461536,0.8269230769230769,0.21428571428571427,0.8571428571428571,0.0004
59,1.5528636574745178,1.5423130989074707,0.36538461538461536,0.8269230769230769,0.21428571428571427,0.8571428571428571,0.0004
60,1.5544764399528503,1.5432231426239014,0.36538461538461536,0.8269230769230769,0.21428571428571427,0.8571428571428571,0.0004
61,1.549360454082489,1.5432020425796509,0.36538461538461536,0.8269230769230769,0.21428571428571427,0.8571428571428571,0.0004
62,1.6204504370689392,1.5432391166687012,0.36538461538461536,0.8269230769230769,0.21428571428571427,0.8571428571428571,0.0004
63,1.596384882926941,1.542225956916809,0.36538461538461536,0.8269230769230769,0.21428571428571427,0.8571428571428571,0.0004
64,1.5410889983177185,1.5414783954620361,0.36538461538461536,0.8269230769230769,0.21428571428571427,0.8571428571428571,0.0004
65,1.5374573469161987,1.5400240421295166,0.36538461538461536,0.8269230769230769,0.21428571428571427,0.8571428571428571,0.0004
66,1.5485958456993103,1.5381629467010498,0.36538461538461536,0.8269230769230769,0.21428571428571427,0.8571428571428571,0.0004
67,1.5836542844772339,1.53672456741333,0.36538461538461536,0.8269230769230769,0.21428571428571427,0.8571428571428571,0.0004
68,1.536402702331543,1.5351742506027222,0.36538461538461536,0.8269230769230769,0.21428571428571427,0.8571428571428571,0.0004
69,1.5659852623939514,1.5335739850997925,0.36538461538461536,0.8269230769230769,0.21428571428571427,0.8571428571428571,0.0004
70,1.5480673909187317,1.5319457054138184,0.36538461538461536,0.8269230769230769,0.21428571428571427,0.8571428571428571,0.0004
71,1.5491257905960083,1.5308375358581543,0.36538461538461536,0.8269230769230769,0.21428571428571427,0.8571428571428571,0.0004
72,1.5225167870521545,1.530164361000061,0.36538461538461536,0.8269230769230769,0.21428571428571427,0.8571428571428571,0.0004
73,1.5527211427688599,1.5293182134628296,0.36538461538461536,0.8269230769230769,0.21428571428571427,0.8571428571428571,0.0004
74,1.580451786518097,1.5281391143798828,0.36538461538461536,0.8269230769230769,0.21428571428571427,0.8571428571428571,0.0004
75,1.6073395609855652,1.5270098447799683,0.36538461538461536,0.8269230769230769,0.21428571428571427,0.8571428571428571,0.0004
76,1.5780249238014221,1.5268903970718384,0.36538461538461536,0.8269230769230769,0.21428571428571427,0.8571428571428571,0.0004
77,1.5770823955535889,1.5274109840393066,0.36538461538461536,0.8269230769230769,0.21428571428571427,0.8571428571428571,0.0004
78,1.5652586817741394,1.528735876083374,0.36538461538461536,0.8269230769230769,0.21428571428571427,0.8571428571428571,0.0004
79,1.5623689889907837,1.529902696609497,0.36538461538461536,0.8269230769230769,0.21428571428571427,0.8571428571428571,0.0004
80,1.5647990703582764,1.5315594673156738,0.36538461538461536,0.8269230769230769,0.21428571428571427,0.8571428571428571,0.0004
81,1.5782567262649536,1.5331048965454102,0.36538461538461536,0.8269230769230769,0.21428571428571427,0.8571428571428571,0.0004
82,1.5560020208358765,1.534944772720337,0.36538461538461536,0.8269230769230769,0.21428571428571427,0.8571428571428571,0.0004
83,1.523618757724762,1.5358067750930786,0.36538461538461536,0.8269230769230769,0.21428571428571427,0.8571428571428571,0.0004
84,1.5684266090393066,1.5362504720687866,0.36538461538461536,0.8269230769230769,0.21428571428571427,0.8571428571428571,0.0004
85,1.5516325235366821,1.536134123802185,0.36538461538461536,0.8269230769230769,0.21428571428571427,0.8571428571428571,0.0004
86,1.5340825319290161,1.5357469320297241,0.36538461538461536,0.8269230769230769,0.21428571428571427,0.8571428571428571,0.0004
87,1.5710349082946777,1.5356988906860352,0.36538461538461536,0.8269230769230769,0.21428571428571427,0.8571428571428571,0.0004
88,1.5343737602233887,1.5348029136657715,0.36538461538461536,0.8269230769230769,0.21428571428571427,0.8571428571428571,0.0004
89,1.578741192817688,1.5339858531951904,0.36538461538461536,0.8269230769230769,0.21428571428571427,0.8571428571428571,0.0004
90,1.5559042692184448,1.5337902307510376,0.36538461538461536,0.8269230769230769,0.21428571428571427,0.8571428571428571,0.0004
91,1.5655542612075806,1.5326812267303467,0.36538461538461536,0.8269230769230769,0.21428571428571427,0.8571428571428571,0.0004
92,1.5345031023025513,1.53170645236969,0.36538461538461536,0.8269230769230769,0.21428571428571427,0.8571428571428571,0.0004
93,1.6101979613304138,1.5306283235549927,0.36538461538461536,0.8269230769230769,0.21428571428571427,0.8571428571428571,0.0004
94,1.5333728194236755,1.5303786993026733,0.36538461538461536,0.8269230769230769,0.21428571428571427,0.8571428571428571,0.0004
95,1.5161163806915283,1.5302447080612183,0.36538461538461536,0.8269230769230769,0.21428571428571427,0.8571428571428571,0.0004
96,1.534209966659546,1.5306599140167236,0.36538461538461536,0.8269230769230769,0.21428571428571427,0.8571428571428571,0.0004
97,1.5796743631362915,1.5312519073486328,0.36538461538461536,0.8269230769230769,0.21428571428571427,0.8571428571428571,0.0004
98,1.5673800110816956,1.5322697162628174,0.36538461538461536,0.8269230769230769,0.21428571428571427,0.8571428571428571,0.0004
99,1.5357913970947266,1.5330013036727905,0.36538461538461536,0.8269230769230769,0.21428571428571427,0.8571428571428571,0.0004
100,1.5493624210357666,1.5334391593933105,0.36538461538461536,0.8269230769230769,0.21428571428571427,0.8571428571428571,0.0004
101,1.5672048926353455,1.5339157581329346,0.36538461538461536,0.8269230769230769,0.21428571428571427,0.8571428571428571,0.0004
102,1.537611186504364,1.5342731475830078,0.36538461538461536,0.8269230769230769,0.21428571428571427,0.8571428571428571,0.0004
103,1.530285120010376,1.5339053869247437,0.36538461538461536,0.8269230769230769,0.21428571428571427,0.8571428571428571,0.0004
104,1.5970615148544312,1.5341798067092896,0.36538461538461536,0.8269230769230769,0.21428571428571427,0.8571428571428571,0.0004
105,1.5181753635406494,1.534569263458252,0.36538461538461536,0.8269230769230769,0.21428571428571427,0.8571428571428571,0.0004
106,1.5977059602737427,1.5350935459136963,0.36538461538461536,0.8269230769230769,0.21428571428571427,0.8571428571428571,0.0004
107,1.5534295439720154,1.5357087850570679,0.36538461538461536,0.8269230769230769,0.21428571428571427,0.8571428571428571,0.0004
108,1.5371081829071045,1.535757303237915,0.36538461538461536,0.8269230769230769,0.21428571428571427,0.8571428571428571,0.0004
109,1.5509515404701233,1.5354253053665161,0.36538461538461536,0.8269230769230769,0.21428571428571427,0.8571428571428571,0.0004
110,1.5331177115440369,1.5348680019378662,0.36538461538461536,0.8269230769230769,0.21428571428571427,0.8571428571428571,0.0004
111,1.517835795879364,1.5345089435577393,0.36538461538461536,0.8269230769230769,0.21428571428571427,0.8571428571428571,0.0004
112,1.5816198587417603,1.5345114469528198,0.36538461538461536,0.8269230769230769,0.21428571428571427,0.8571428571428571,0.0004
113,1.5389262437820435,1.5344781875610352,0.36538461538461536,0.8269230769230769,0.21428571428571427,0.8571428571428571,0.0004
114,1.5378655195236206,1.5339066982269287,0.36538461538461536,0.8269230769230769,0.21428571428571427,0.8571428571428571,0.0004
115,1.5350369811058044,1.532880425453186,0.36538461538461536,0.8269230769230769,0.21428571428571427,0.8571428571428571,0.0004
116,1.5482381582260132,1.5318491458892822,0.36538461538461536,0.8269230769230769,0.21428571428571427,0.8571428571428571,0.0004
117,1.5763592720031738,1.5310509204864502,0.36538461538461536,0.8269230769230769,0.21428571428571427,0.8571428571428571,0.0004
118,1.5621180534362793,1.531186819076538,0.36538461538461536,0.8269230769230769,0.21428571428571427,0.8571428571428571,0.0004
119,1.5171564221382141,1.5320398807525635,0.36538461538461536,0.8269230769230769,0.21428571428571427,0.8571428571428571,0.0004
120,1.5502480268478394,1.5331348180770874,0.36538461538461536,0.8269230769230769,0.21428571428571427,0.8571428571428571,0.0004
121,1.5473856329917908,1.534013032913208,0.36538461538461536,0.8269230769230769,0.21428571428571427,0.8571428571428571,0.0004
122,1.5339062809944153,1.5352333784103394,0.36538461538461536,0.8269230769230769,0.21428571428571427,0.8571428571428571,0.0004
123,1.580700159072876,1.5363069772720337,0.36538461538461536,0.8269230769230769,0.21428571428571427,0.8571428571428571,0.0004
124,1.544980525970459,1.537139892578125,0.36538461538461536,0.8269230769230769,0.21428571428571427,0.8571428571428571,0.0004
125,1.5683894753456116,1.5387403964996338,0.36538461538461536,0.8269230769230769,0.21428571428571427,0.8571428571428571,0.0004
126,1.5464449524879456,1.5394728183746338,0.36538461538461536,0.8269230769230769,0.21428571428571427,0.8571428571428571,0.0004
127,1.5343298316001892,1.5405089855194092,0.36538461538461536,0.8269230769230769,0.21428571428571427,0.8571428571428571,0.0004
128,1.5857180953025818,1.5413520336151123,0.36538461538461536,0.8269230769230769,0.21428571428571427,0.8571428571428571,0.0004
129,1.55449640750885,1.5415313243865967,0.36538461538461536,0.8269230769230769,0.21428571428571427,0.8571428571428571,0.0004
130,1.550695776939392,1.540961503982544,0.36538461538461536,0.8269230769230769,0.21428571428571427,0.8571428571428571,0.0004
131,1.5872709155082703,1.5403659343719482,0.36538461538461536,0.8269230769230769,0.21428571428571427,0.8571428571428571,0.0004
132,1.5355839729309082,1.5388915538787842,0.36538461538461536,0.8269230769230769,0.21428571428571427,0.8571428571428571,0.0004
133,1.5649300813674927,1.537319302558899,0.36538461538461536,0.8269230769230769,0.21428571428571427,0.8571428571428571,0.0004
134,1.5765012502670288,1.535724401473999,0.36538461538461536,0.8269230769230769,0.21428571428571427,0.8571428571428571,0.0004
135,1.5637478828430176,1.5348718166351318,0.36538461538461536,0.8269230769230769,0.21428571428571427,0.8571428571428571,0.0004
136,1.5489642024040222,1.5342605113983154,0.36538461538461536,0.8269230769230769,0.21428571428571427,0.8571428571428571,0.0004
137,1.5655890703201294,1.5339031219482422,0.36538461538461536,0.8269230769230769,0.21428571428571427,0.8571428571428571,0.0004
138,1.5790172815322876,1.5333688259124756,0.36538461538461536,0.8269230769230769,0.21428571428571427,0.8571428571428571,0.0004
139,1.5255536437034607,1.5332444906234741,0.36538461538461536,0.8269230769230769,0.21428571428571427,0.8571428571428571,0.0004
140,1.5383673310279846,1.5324662923812866,0.36538461538461536,0.8269230769230769,0.21428571428571427,0.8571428571428571,0.0004
141,1.5508224368095398,1.5313339233398438,0.36538461538461536,0.8269230769230769,0.21428571428571427,0.8571428571428571,0.0004
142,1.5097969770431519,1.5304808616638184,0.36538461538461536,0.8269230769230769,0.21428571428571427,0.8571428571428571,0.0004
143,1.5391822457313538,1.5293805599212646,0.36538461538461536,0.8269230769230769,0.21428571428571427,0.8571428571428571,0.0004
144,1.5494120717048645,1.5277806520462036,0.36538461538461536,0.8269230769230769,0.21428571428571427,0.8571428571428571,0.0004
145,1.580392301082611,1.5266592502593994,0.36538461538461536,0.8269230769230769,0.21428571428571427,0.8571428571428571,0.0004
146,1.5497469305992126,1.5260891914367676,0.36538461538461536,0.8269230769230769,0.21428571428571427,0.8571428571428571,0.0004
147,1.5359843969345093,1.525923490524292,0.36538461538461536,0.8269230769230769,0.21428571428571427,0.8571428571428571,0.0004
148,1.566546380519867,1.525861144065857,0.36538461538461536,0.8269230769230769,0.21428571428571427,0.8571428571428571,0.0004
149,1.5686091780662537,1.525942325592041,0.36538461538461536,0.8269230769230769,0.21428571428571427,0.8571428571428571,0.0004
150,1.5675194263458252,1.525835633277893,0.36538461538461536,0.8269230769230769,0.21428571428571427,0.8571428571428571,0.0004
151,1.5497028827667236,1.5256125926971436,0.36538461538461536,0.8269230769230769,0.21428571428571427,0.8571428571428571,0.0004
152,1.5661272406578064,1.5258578062057495,0.36538461538461536,0.8269230769230769,0.21428571428571427,0.8571428571428571,0.0004
153,1.5518771409988403,1.5264592170715332,0.36538461538461536,0.8269230769230769,0.21428571428571427,0.8571428571428571,0.0004
154,1.5655388832092285,1.5268375873565674,0.36538461538461536,0.8269230769230769,0.21428571428571427,0.8571428571428571,0.0004
155,1.5666400790214539,1.5275893211364746,0.36538461538461536,0.8269230769230769,0.21428571428571427,0.8571428571428571,0.0004
156,1.564615786075592,1.5281741619110107,0.36538461538461536,0.8269230769230769,0.21428571428571427,0.8571428571428571,0.0004
157,1.5517091155052185,1.5291507244110107,0.36538461538461536,0.8269230769230769,0.21428571428571427,0.8571428571428571,0.0004
158,1.5475646257400513,1.529665470123291,0.36538461538461536,0.8269230769230769,0.21428571428571427,0.8571428571428571,0.0004
159,1.5661730766296387,1.5308430194854736,0.36538461538461536,0.8269230769230769,0.21428571428571427,0.8571428571428571,0.0004
160,1.5661993026733398,1.5317957401275635,0.36538461538461536,0.8269230769230769,0.21428571428571427,0.8571428571428571,0.0004
161,1.5503201484680176,1.5324782133102417,0.36538461538461536,0.8269230769230769,0.21428571428571427,0.8571428571428571,0.0004
162,1.5470667481422424,1.5329015254974365,0.36538461538461536,0.8269230769230769,0.21428571428571427,0.8571428571428571,0.0004
163,1.5460934042930603,1.5337035655975342,0.36538461538461536,0.8269230769230769,0.21428571428571427,0.8571428571428571,0.0004
164,1.564463198184967,1.5351289510726929,0.36538461538461536,0.8269230769230769,0.21428571428571427,0.8571428571428571,0.0004
165,1.5668493509292603,1.5365681648254395,0.36538461538461536,0.8269230769230769,0.21428571428571427,0.8571428571428571,0.0004
166,1.5375776290893555,1.5376191139221191,0.36538461538461536,0.8269230769230769,0.21428571428571427,0.8571428571428571,0.0004
167,1.5649411082267761,1.5380628108978271,0.36538461538461536,0.8269230769230769,0.21428571428571427,0.8571428571428571,0.0004
168,1.5165327787399292,1.538323163986206,0.36538461538461536,0.8269230769230769,0.21428571428571427,0.8571428571428571,0.0004
169,1.5498612523078918,1.5389550924301147,0.36538461538461536,0.8269230769230769,0.21428571428571427,0.8571428571428571,0.0004
170,1.517778992652893,1.5393824577331543,0.36538461538461536,0.8269230769230769,0.21428571428571427,0.8571428571428571,0.0004
171,1.5381478667259216,1.5400846004486084,0.36538461538461536,0.8269230769230769,0.21428571428571427,0.8571428571428571,0.0004
172,1.5627488493919373,1.5399558544158936,0.36538461538461536,0.8269230769230769,0.21428571428571427,0.8571428571428571,0.0004
173,1.5968172550201416,1.5400619506835938,0.36538461538461536,0.8269230769230769,0.21428571428571427,0.8571428571428571,0.0004
174,1.6032305359840393,1.5402579307556152,0.36538461538461536,0.8269230769230769,0.21428571428571427,0.8571428571428571,0.0004
175,1.550979197025299,1.539682149887085,0.36538461538461536,0.8269230769230769,0.21428571428571427,0.8571428571428571,0.0004
176,1.5523085594177246,1.538966417312622,0.36538461538461536,0.8269230769230769,0.21428571428571427,0.8571428571428571,0.0004
177,1.5518084168434143,1.537970781326294,0.36538461538461536,0.8269230769230769,0.21428571428571427,0.8571428571428571,0.0004
178,1.5590778589248657,1.5364527702331543,0.36538461538461536,0.8269230769230769,0.21428571428571427,0.8571428571428571,0.0004
179,1.546949028968811,1.5360019207000732,0.36538461538461536,0.8269230769230769,0.21428571428571427,0.8571428571428571,0.0004
180,1.5400992035865784,1.536320686340332,0.36538461538461536,0.8269230769230769,0.21428571428571427,0.8571428571428571,0.0004
181,1.566695213317871,1.535728931427002,0.36538461538461536,0.8269230769230769,0.21428571428571427,0.8571428571428571,0.0004
182,1.5795385837554932,1.534839153289795,0.36538461538461536,0.8269230769230769,0.21428571428571427,0.8571428571428571,0.0004
183,1.5531880259513855,1.5342925786972046,0.36538461538461536,0.8269230769230769,0.21428571428571427,0.8571428571428571,0.0004
184,1.597271740436554,1.5332889556884766,0.36538461538461536,0.8269230769230769,0.21428571428571427,0.8571428571428571,0.0004
185,1.553601086139679,1.5323410034179688,0.36538461538461536,0.8269230769230769,0.21428571428571427,0.8571428571428571,0.0004
186,1.5638882517814636,1.5308587551116943,0.36538461538461536,0.8269230769230769,0.21428571428571427,0.8571428571428571,0.0004
187,1.5492629408836365,1.5297431945800781,0.36538461538461536,0.8269230769230769,0.21428571428571427,0.8571428571428571,0.0004
188,1.551254391670227,1.529097080230713,0.36538461538461536,0.8269230769230769,0.21428571428571427,0.8571428571428571,0.0004
189,1.5505036115646362,1.528423547744751,0.36538461538461536,0.8269230769230769,0.21428571428571427,0.8571428571428571,0.0004
190,1.5530235767364502,1.5279260873794556,0.36538461538461536,0.8269230769230769,0.21428571428571427,0.8571428571428571,0.0004
191,1.5642274618148804,1.5269919633865356,0.36538461538461536,0.8269230769230769,0.21428571428571427,0.8571428571428571,0.0004
192,1.550853669643402,1.5265952348709106,0.36538461538461536,0.8269230769230769,0.21428571428571427,0.8571428571428571,0.0004
193,1.5632902383804321,1.5264514684677124,0.36538461538461536,0.8269230769230769,0.21428571428571427,0.8571428571428571,0.0004
194,1.5654572248458862,1.5270400047302246,0.36538461538461536,0.8269230769230769,0.21428571428571427,0.8571428571428571,0.0004
195,1.580709993839264,1.5278092622756958,0.36538461538461536,0.8269230769230769,0.21428571428571427,0.8571428571428571,0.0004
196,1.5777848958969116,1.5284924507141113,0.36538461538461536,0.8269230769230769,0.21428571428571427,0.8571428571428571,0.0004
197,1.5408821105957031,1.5301480293273926,0.36538461538461536,0.8269230769230769,0.21428571428571427,0.8571428571428571,0.0004
198,1.5340728163719177,1.5305901765823364,0.36538461538461536,0.8269230769230769,0.21428571428571427,0.8571428571428571,0.0004
199,1.5792384147644043,1.5312232971191406,0.36538461538461536,0.8269230769230769,0.21428571428571427,0.8571428571428571,0.0004
200,1.5628539323806763,1.5320067405700684,0.36538461538461536,0.8269230769230769,0.21428571428571427,0.8571428571428571,0.0004
201,1.563912034034729,1.533170461654663,0.36538461538461536,0.8269230769230769,0.21428571428571427,0.8571428571428571,0.0004
202,1.507525622844696,1.53448486328125,0.36538461538461536,0.8269230769230769,0.21428571428571427,0.8571428571428571,0.0004
203,1.559869647026062,1.5351017713546753,0.36538461538461536,0.8269230769230769,0.21428571428571427,0.8571428571428571,0.0004
204,1.5643163919448853,1.5364508628845215,0.36538461538461536,0.8269230769230769,0.21428571428571427,0.8571428571428571,0.0004
205,1.5813279151916504,1.5377545356750488,0.36538461538461536,0.8269230769230769,0.21428571428571427,0.8571428571428571,0.0004
206,1.5792749524116516,1.5387189388275146,0.36538461538461536,0.8269230769230769,0.21428571428571427,0.8571428571428571,0.0004
207,1.5315213203430176,1.5395115613937378,0.36538461538461536,0.8269230769230769,0.21428571428571427,0.8571428571428571,0.0004
208,1.584301769733429,1.540673851966858,0.36538461538461536,0.8269230769230769,0.21428571428571427,0.8571428571428571,0.0004
209,1.5379616022109985,1.5412030220031738,0.36538461538461536,0.8269230769230769,0.21428571428571427,0.8571428571428571,0.0004
210,1.5317740440368652,1.5408315658569336,0.36538461538461536,0.8269230769230769,0.21428571428571427,0.8571428571428571,0.0004
211,1.5202322602272034,1.5408203601837158,0.36538461538461536,0.8269230769230769,0.21428571428571427,0.8571428571428571,0.0004
212,1.5512049794197083,1.5405901670455933,0.36538461538461536,0.8269230769230769,0.21428571428571427,0.8571428571428571,0.0004
213,1.549848198890686,1.5400571823120117,0.36538461538461536,0.8269230769230769,0.21428571428571427,0.8571428571428571,0.0004
214,1.5632412433624268,1.5392848253250122,0.36538461538461536,0.8269230769230769,0.21428571428571427,0.8571428571428571,0.0004
215,1.5709158182144165,1.5389947891235352,0.36538461538461536,0.8269230769230769,0.21428571428571427,0.8571428571428571,0.0004
216,1.566705346107483,1.5377707481384277,0.36538461538461536,0.8269230769230769,0.21428571428571427,0.8571428571428571,0.0004
217,1.5661051273345947,1.536379098892212,0.36538461538461536,0.8269230769230769,0.21428571428571427,0.8571428571428571,0.0004
218,1.5490761399269104,1.5348966121673584,0.36538461538461536,0.8269230769230769,0.21428571428571427,0.8571428571428571,0.0004
219,1.533393144607544,1.5336494445800781,0.36538461538461536,0.8269230769230769,0.21428571428571427,0.8571428571428571,0.0004
220,1.5605459809303284,1.532605767250061,0.36538461538461536,0.8269230769230769,0.21428571428571427,0.8571428571428571,0.0004
221,1.50679612159729,1.5326132774353027,0.36538461538461536,0.8269230769230769,0.21428571428571427,0.8571428571428571,0.0004
222,1.5475685596466064,1.5322052240371704,0.36538461538461536,0.8269230769230769,0.21428571428571427,0.8571428571428571,0.0004
223,1.533167541027069,1.5322952270507812,0.36538461538461536,0.8269230769230769,0.21428571428571427,0.8571428571428571,0.0004
224,1.5319979190826416,1.532631754875183,0.36538461538461536,0.8269230769230769,0.21428571428571427,0.8571428571428571,0.0004
225,1.5316864848136902,1.5332255363464355,0.36538461538461536,0.8269230769230769,0.21428571428571427,0.8571428571428571,0.0004
226,1.535955548286438,1.5343666076660156,0.36538461538461536,0.8269230769230769,0.21428571428571427,0.8571428571428571,0.0004
227,1.552168369293213,1.5352346897125244,0.36538461538461536,0.8269230769230769,0.21428571428571427,0.8571428571428571,0.0004
228,1.5476869940757751,1.5354492664337158,0.36538461538461536,0.8269230769230769,0.21428571428571427,0.8571428571428571,0.0004
229,1.549129843711853,1.5359117984771729,0.36538461538461536,0.8269230769230769,0.21428571428571427,0.8571428571428571,0.0004
230,1.5648949146270752,1.5363035202026367,0.36538461538461536,0.8269230769230769,0.21428571428571427,0.8571428571428571,0.0004
231,1.5707897543907166,1.5369962453842163,0.36538461538461536,0.8269230769230769,0.21428571428571427,0.8571428571428571,0.0004
232,1.5682917833328247,1.5366839170455933,0.36538461538461536,0.8269230769230769,0.21428571428571427,0.8571428571428571,0.0004
233,1.5464171171188354,1.5358442068099976,0.36538461538461536,0.8269230769230769,0.21428571428571427,0.8571428571428571,0.0004
234,1.5395762920379639,1.5358657836914062,0.36538461538461536,0.8269230769230769,0.21428571428571427,0.8571428571428571,0.0004
235,1.5914784669876099,1.5347403287887573,0.36538461538461536,0.8269230769230769,0.21428571428571427,0.8571428571428571,0.0004
236,1.533194661140442,1.5347576141357422,0.36538461538461536,0.8269230769230769,0.21428571428571427,0.8571428571428571,0.0004
237,1.534835934638977,1.535103440284729,0.36538461538461536,0.8269230769230769,0.21428571428571427,0.8571428571428571,0.0004
238,1.5995113253593445,1.5352727174758911,0.36538461538461536,0.8269230769230769,0.21428571428571427,0.8571428571428571,0.0004
239,1.5666285753250122,1.5350602865219116,0.36538461538461536,0.8269230769230769,0.21428571428571427,0.8571428571428571,0.0004
240,1.5355684161186218,1.5345932245254517,0.36538461538461536,0.8269230769230769,0.21428571428571427,0.8571428571428571,0.0004
241,1.5508720874786377,1.534143090248108,0.36538461538461536,0.8269230769230769,0.21428571428571427,0.8571428571428571,0.0004
242,1.5345444083213806,1.5334692001342773,0.36538461538461536,0.8269230769230769,0.21428571428571427,0.8571428571428571,0.0004
243,1.577779471874237,1.532996654510498,0.36538461538461536,0.8269230769230769,0.21428571428571427,0.8571428571428571,0.0004
244,1.5369149446487427,1.533135175704956,0.36538461538461536,0.8269230769230769,0.21428571428571427,0.8571428571428571,0.0004
245,1.5652815699577332,1.5328582525253296,0.36538461538461536,0.8269230769230769,0.21428571428571427,0.8571428571428571,0.0004
246,1.5375345349311829,1.5327298641204834,0.36538461538461536,0.8269230769230769,0.21428571428571427,0.8571428571428571,0.0004
247,1.5934363007545471,1.5321300029754639,0.36538461538461536,0.8269230769230769,0.21428571428571427,0.8571428571428571,0.0004
248,1.5660870671272278,1.5320611000061035,0.36538461538461536,0.8269230769230769,0.21428571428571427,0.8571428571428571,0.0004
249,1.5559014081954956,1.5320730209350586,0.36538461538461536,0.8269230769230769,0.21428571428571427,0.8571428571428571,0.0004
250,1.5795508027076721,1.5309898853302002,0.36538461538461536,0.8269230769230769,0.21428571428571427,0.8571428571428571,0.0004
251,1.5474117994308472,1.5301952362060547,0.36538461538461536,0.8269230769230769,0.21428571428571427,0.8571428571428571,0.0004
252,1.6138351559638977,1.5301786661148071,0.36538461538461536,0.8269230769230769,0.21428571428571427,0.8571428571428571,0.0004
253,1.5814326405525208,1.5298304557800293,0.36538461538461536,0.8269230769230769,0.21428571428571427,0.8571428571428571,0.0004
254,1.5374107360839844,1.5296624898910522,0.36538461538461536,0.8269230769230769,0.21428571428571427,0.8571428571428571,0.0004
255,1.5474491715431213,1.5289260149002075,0.36538461538461536,0.8269230769230769,0.21428571428571427,0.8571428571428571,0.0004
256,1.5363487005233765,1.5291249752044678,0.36538461538461536,0.8269230769230769,0.21428571428571427,0.8571428571428571,0.0004
257,1.5203905701637268,1.5291330814361572,0.36538461538461536,0.8269230769230769,0.21428571428571427,0.8571428571428571,0.0004
258,1.5802110433578491,1.5294609069824219,0.36538461538461536,0.8269230769230769,0.21428571428571427,0.8571428571428571,0.0004
259,1.5785633325576782,1.529740571975708,0.36538461538461536,0.8269230769230769,0.21428571428571427,0.8571428571428571,0.0004
260,1.5963388085365295,1.5304665565490723,0.36538461538461536,0.8269230769230769,0.21428571428571427,0.8571428571428571,0.0004
261,1.5497920513153076,1.5311305522918701,0.36538461538461536,0.8269230769230769,0.21428571428571427,0.8571428571428571,0.0004
262,1.5323359370231628,1.5316338539123535,0.36538461538461536,0.8269230769230769,0.21428571428571427,0.8571428571428571,0.0004
263,1.566353440284729,1.5327622890472412,0.36538461538461536,0.8269230769230769,0.21428571428571427,0.8571428571428571,0.0004
264,1.5819801688194275,1.5336353778839111,0.36538461538461536,0.8269230769230769,0.21428571428571427,0.8571428571428571,0.0004
265,1.5233551263809204,1.5343385934829712,0.36538461538461536,0.8269230769230769,0.21428571428571427,0.8571428571428571,0.0004
266,1.5519481301307678,1.5344018936157227,0.36538461538461536,0.8269230769230769,0.21428571428571427,0.8571428571428571,0.0004
267,1.576897382736206,1.5340328216552734,0.36538461538461536,0.8269230769230769,0.21428571428571427,0.8571428571428571,0.0004
268,1.5501070618629456,1.5342826843261719,0.36538461538461536,0.8269230769230769,0.21428571428571427,0.8571428571428571,0.0004
269,1.5474604368209839,1.5342059135437012,0.36538461538461536,0.8269230769230769,0.21428571428571427,0.8571428571428571,0.0004
270,1.548462986946106,1.5345330238342285,0.36538461538461536,0.8269230769230769,0.21428571428571427,0.8571428571428571,0.0004
271,1.5614227652549744,1.5348529815673828,0.36538461538461536,0.8269230769230769,0.21428571428571427,0.8571428571428571,0.0004
272,1.5909510254859924,1.5356411933898926,0.36538461538461536,0.8269230769230769,0.21428571428571427,0.8571428571428571,0.0004
273,1.5453473329544067,1.5371215343475342,0.36538461538461536,0.8269230769230769,0.21428571428571427,0.8571428571428571,0.0004
274,1.5469781160354614,1.5388140678405762,0.36538461538461536,0.8269230769230769,0.21428571428571427,0.8571428571428571,0.0004
275,1.5681834816932678,1.5407441854476929,0.36538461538461536,0.8269230769230769,0.21428571428571427,0.8571428571428571,0.0004
276,1.5755492448806763,1.5418686866760254,0.36538461538461536,0.8269230769230769,0.21428571428571427,0.8571428571428571,0.0004
277,1.5653821229934692,1.543308138847351,0.36538461538461536,0.8269230769230769,0.21428571428571427,0.8571428571428571,0.0004
278,1.5685654282569885,1.5442832708358765,0.36538461538461536,0.8269230769230769,0.21428571428571427,0.8571428571428571,0.0004
279,1.5494168996810913,1.544539451599121,0.36538461538461536,0.8269230769230769,0.21428571428571427,0.8571428571428571,0.0004
280,1.540039300918579,1.5446146726608276,0.36538461538461536,0.8269230769230769,0.21428571428571427,0.8571428571428571,0.0004
281,1.5641415119171143,1.5437893867492676,0.36538461538461536,0.8269230769230769,0.21428571428571427,0.8571428571428571,0.0004
282,1.5364134907722473,1.542773723602295,0.36538461538461536,0.8269230769230769,0.21428571428571427,0.8571428571428571,0.0004
283,1.56331205368042,1.541529893875122,0.36538461538461536,0.8269230769230769,0.21428571428571427,0.8571428571428571,0.0004
284,1.572576880455017,1.540544033050537,0.36538461538461536,0.8269230769230769,0.21428571428571427,0.8571428571428571,0.0004
285,1.5529834628105164,1.5386028289794922,0.36538461538461536,0.8269230769230769,0.21428571428571427,0.8571428571428571,0.0004
286,1.5492070317268372,1.536221981048584,0.36538461538461536,0.8269230769230769,0.21428571428571427,0.8571428571428571,0.0004
287,1.515926718711853,1.5337820053100586,0.36538461538461536,0.8269230769230769,0.21428571428571427,0.8571428571428571,0.0004
288,1.5523239374160767,1.5326833724975586,0.36538461538461536,0.8269230769230769,0.21428571428571427,0.8571428571428571,0.0004
289,1.535602331161499,1.5313315391540527,0.36538461538461536,0.8269230769230769,0.21428571428571427,0.8571428571428571,0.0004
290,1.5372223854064941,1.5301191806793213,0.36538461538461536,0.8269230769230769,0.21428571428571427,0.8571428571428571,0.0004
291,1.5842646360397339,1.5284724235534668,0.36538461538461536,0.8269230769230769,0.21428571428571427,0.8571428571428571,0.0004
292,1.584456741809845,1.5269889831542969,0.36538461538461536,0.8269230769230769,0.21428571428571427,0.8571428571428571,0.0004
293,1.5482969284057617,1.5250866413116455,0.36538461538461536,0.8269230769230769,0.21428571428571427,0.8571428571428571,0.0004
294,1.566733956336975,1.523903489112854,0.36538461538461536,0.8269230769230769,0.21428571428571427,0.8571428571428571,0.0004
295,1.5666022300720215,1.5232317447662354,0.36538461538461536,0.8269230769230769,0.21428571428571427,0.8571428571428571,0.0004
296,1.5806300640106201,1.5228474140167236,0.36538461538461536,0.8269230769230769,0.21428571428571427,0.8571428571428571,0.0004
297,1.5670024156570435,1.5230755805969238,0.36538461538461536,0.8269230769230769,0.21428571428571427,0.8571428571428571,0.0004
298,1.565202236175537,1.5231854915618896,0.36538461538461536,0.8269230769230769,0.21428571428571427,0.8571428571428571,0.0004
299,1.566114604473114,1.5236496925354004,0.36538461538461536,0.8269230769230769,0.21428571428571427,0.8571428571428571,0.0004
300,1.5484099388122559,1.5241577625274658,0.36538461538461536,0.8269230769230769,0.21428571428571427,0.8571428571428571,0.0004
301,1.5516926646232605,1.5254299640655518,0.36538461538461536,0.8269230769230769,0.21428571428571427,0.8571428571428571,0.0004
302,1.5517247915267944,1.5264736413955688,0.36538461538461536,0.8269230769230769,0.21428571428571427,0.8571428571428571,0.0004
303,1.5779331922531128,1.526920199394226,0.36538461538461536,0.8269230769230769,0.21428571428571427,0.8571428571428571,0.0004
304,1.575564980506897,1.5281505584716797,0.36538461538461536,0.8269230769230769,0.21428571428571427,0.8571428571428571,0.0004
305,1.5520550608634949,1.5301423072814941,0.36538461538461536,0.8269230769230769,0.21428571428571427,0.8571428571428571,0.0004
306,1.5256708860397339,1.531759262084961,0.36538461538461536,0.8269230769230769,0.21428571428571427,0.8571428571428571,0.0004
307,1.5370104908943176,1.5326937437057495,0.36538461538461536,0.8269230769230769,0.21428571428571427,0.8571428571428571,0.0004
308,1.538820743560791,1.533377766609192,0.36538461538461536,0.8269230769230769,0.21428571428571427,0.8571428571428571,0.0004
309,1.5477358102798462,1.5334511995315552,0.36538461538461536,0.8269230769230769,0.21428571428571427,0.8571428571428571,0.0004
310,1.54143887758255,1.534391164779663,0.36538461538461536,0.8269230769230769,0.21428571428571427,0.8571428571428571,0.0004
311,1.5623390078544617,1.534511685371399,0.36538461538461536,0.8269230769230769,0.21428571428571427,0.8571428571428571,0.0004
312,1.546930730342865,1.534912347793579,0.36538461538461536,0.8269230769230769,0.21428571428571427,0.8571428571428571,0.0004
313,1.5492220520973206,1.535510540008545,0.36538461538461536,0.8269230769230769,0.21428571428571427,0.8571428571428571,0.0004
314,1.5147867798805237,1.5362458229064941,0.36538461538461536,0.8269230769230769,0.21428571428571427,0.8571428571428571,0.0004
315,1.5519402027130127,1.5376099348068237,0.36538461538461536,0.8269230769230769,0.21428571428571427,0.8571428571428571,0.0004
316,1.5448256731033325,1.5384645462036133,0.36538461538461536,0.8269230769230769,0.21428571428571427,0.8571428571428571,0.0004
317,1.5461457967758179,1.5391621589660645,0.36538461538461536,0.8269230769230769,0.21428571428571427,0.8571428571428571,0.0004
318,1.5393193364143372,1.541048288345337,0.36538461538461536,0.8269230769230769,0.21428571428571427,0.8571428571428571,0.0004
319,1.5645946264266968,1.5404341220855713,0.36538461538461536,0.8269230769230769,0.21428571428571427,0.8571428571428571,0.0004
320,1.548997163772583,1.5407993793487549,0.36538461538461536,0.8269230769230769,0.21428571428571427,0.8571428571428571,0.0004
321,1.5513159036636353,1.540822982788086,0.36538461538461536,0.8269230769230769,0.21428571428571427,0.8571428571428571,0.0004
322,1.5345282554626465,1.5406765937805176,0.36538461538461536,0.8269230769230769,0.21428571428571427,0.8571428571428571,0.0004
323,1.5491997599601746,1.5400885343551636,0.36538461538461536,0.8269230769230769,0.21428571428571427,0.8571428571428571,0.0004
324,1.5528723001480103,1.5394678115844727,0.36538461538461536,0.8269230769230769,0.21428571428571427,0.8571428571428571,0.0004
325,1.5871412754058838,1.5380918979644775,0.36538461538461536,0.8269230769230769,0.21428571428571427,0.8571428571428571,0.0004
326,1.5359840393066406,1.536393642425537,0.36538461538461536,0.8269230769230769,0.21428571428571427,0.8571428571428571,0.0004
327,1.584082007408142,1.5348098278045654,0.36538461538461536,0.8269230769230769,0.21428571428571427,0.8571428571428571,0.0004
328,1.5327377915382385,1.5329437255859375,0.36538461538461536,0.8269230769230769,0.21428571428571427,0.8571428571428571,0.0004
329,1.5224605798721313,1.5311654806137085,0.36538461538461536,0.8269230769230769,0.21428571428571427,0.8571428571428571,0.0004
330,1.6083401441574097,1.5295385122299194,0.36538461538461536,0.8269230769230769,0.21428571428571427,0.8571428571428571,0.0004
331,1.5382753014564514,1.5289547443389893,0.36538461538461536,0.8269230769230769,0.21428571428571427,0.8571428571428571,0.0004
332,1.577521562576294,1.527402639389038,0.36538461538461536,0.8269230769230769,0.21428571428571427,0.8571428571428571,0.0004
333,1.5346959233283997,1.5265274047851562,0.36538461538461536,0.8269230769230769,0.21428571428571427,0.8571428571428571,0.0004
334,1.5348513722419739,1.5252537727355957,0.36538461538461536,0.8269230769230769,0.21428571428571427,0.8571428571428571,0.0004
335,1.5641423463821411,1.5251364707946777,0.36538461538461536,0.8269230769230769,0.21428571428571427,0.8571428571428571,0.0004
336,1.5625579357147217,1.52432119846344,0.36538461538461536,0.8269230769230769,0.21428571428571427,0.8571428571428571,0.0004
337,1.5764282941818237,1.5244176387786865,0.36538461538461536,0.8269230769230769,0.21428571428571427,0.8571428571428571,0.0004
338,1.5928171873092651,1.524717092514038,0.36538461538461536,0.8269230769230769,0.21428571428571427,0.8571428571428571,0.0004
339,1.5639232397079468,1.5265846252441406,0.36538461538461536,0.8269230769230769,0.21428571428571427,0.8571428571428571,0.0004
340,1.5315913558006287,1.5277267694473267,0.36538461538461536,0.8269230769230769,0.21428571428571427,0.8571428571428571,0.0004
341,1.5395618081092834,1.5268702507019043,0.36538461538461536,0.8269230769230769,0.21428571428571427,0.8571428571428571,0.0004
342,1.5309066772460938,1.529628038406372,0.36538461538461536,0.8269230769230769,0.21428571428571427,0.8571428571428571,0.0004
343,1.574418544769287,1.5258076190948486,0.36538461538461536,0.8269230769230769,0.21428571428571427,0.8571428571428571,0.0004
344,1.5853959321975708,1.5309244394302368,0.36538461538461536,0.8269230769230769,0.21428571428571427,0.8571428571428571,0.0004
345,1.5539326071739197,1.5260424613952637,0.36538461538461536,0.8269230769230769,0.21428571428571427,0.8571428571428571,0.0004
346,1.5212692022323608,1.5187950134277344,0.36538461538461536,0.8269230769230769,0.21428571428571427,0.8571428571428571,0.0004
347,1.5020433068275452,1.5387356281280518,0.36538461538461536,0.8269230769230769,0.21428571428571427,0.8571428571428571,0.0004
348,1.5021043419837952,1.523423671722412,0.36538461538461536,0.8269230769230769,0.21428571428571427,0.8571428571428571,0.0004
349,1.543702483177185,1.4899855852127075,0.36538461538461536,0.8269230769230769,0.21428571428571427,0.8571428571428571,0.0004
350,1.481277585029602,1.9337722063064575,0.36538461538461536,0.8269230769230769,0.21428571428571427,0.8571428571428571,0.0004
351,1.7621691226959229,1.8098208904266357,0.36538461538461536,0.8269230769230769,0.21428571428571427,0.8571428571428571,0.0004
352,1.6294347643852234,1.4980311393737793,0.36538461538461536,0.8269230769230769,0.21428571428571427,0.8571428571428571,0.0004
353,1.5775447487831116,1.592137098312378,0.36538461538461536,0.8269230769230769,0.21428571428571427,0.8571428571428571,0.0004
354,1.5494903922080994,1.5427467823028564,0.36538461538461536,0.8269230769230769,0.21428571428571427,0.8571428571428571,0.0004
355,1.565717875957489,1.5176604986190796,0.36538461538461536,0.8269230769230769,0.21428571428571427,0.8571428571428571,0.0004
356,1.5537858605384827,1.5126762390136719,0.3076923076923077,0.8269230769230769,0.42857142857142855,0.8571428571428571,0.0004
357,1.5969239473342896,1.5161006450653076,0.3076923076923077,0.8269230769230769,0.42857142857142855,0.8571428571428571,0.0004
358,1.5674410462379456,1.5244009494781494,0.3076923076923077,0.8269230769230769,0.42857142857142855,0.8571428571428571,0.0004
359,1.575005292892456,1.526179313659668,0.3076923076923077,0.8269230769230769,0.35714285714285715,0.8571428571428571,0.0004
360,1.5859174132347107,1.522132396697998,0.3269230769230769,0.8269230769230769,0.35714285714285715,0.8571428571428571,0.0004
361,1.5670352578163147,1.5187288522720337,0.3269230769230769,0.8269230769230769,0.35714285714285715,0.8571428571428571,0.0004
362,1.549363613128662,1.5163555145263672,0.3269230769230769,0.8269230769230769,0.35714285714285715,0.8571428571428571,0.0004
363,1.5638380646705627,1.5129733085632324,0.3269230769230769,0.8269230769230769,0.35714285714285715,0.8571428571428571,0.0004
364,1.5749459266662598,1.5121500492095947,0.3269230769230769,0.8269230769230769,0.35714285714285715,0.8571428571428571,0.0004
365,1.5701054334640503,1.5132920742034912,0.3269230769230769,0.8269230769230769,0.35714285714285715,0.8571428571428571,0.0004
366,1.5528838634490967,1.5164282321929932,0.3269230769230769,0.8269230769230769,0.35714285714285715,0.8571428571428571,0.0004
367,1.5509672164916992,1.5207734107971191,0.3269230769230769,0.8269230769230769,0.21428571428571427,0.8571428571428571,0.0004
368,1.56388920545578,1.5253946781158447,0.36538461538461536,0.8269230769230769,0.21428571428571427,0.8571428571428571,0.0004
369,1.5610839128494263,1.5338311195373535,0.36538461538461536,0.8269230769230769,0.21428571428571427,0.8571428571428571,0.0004
370,1.563335657119751,1.5422335863113403,0.36538461538461536,0.8269230769230769,0.21428571428571427,0.8571428571428571,0.0004
371,1.5777277946472168,1.5504719018936157,0.36538461538461536,0.8269230769230769,0.21428571428571427,0.8571428571428571,0.0004
372,1.6201658248901367,1.5580928325653076,0.36538461538461536,0.8269230769230769,0.21428571428571427,0.8571428571428571,0.0004
373,1.56757253408432,1.5623236894607544,0.36538461538461536,0.8269230769230769,0.21428571428571427,0.8571428571428571,0.0004
374,1.5929636359214783,1.562973976135254,0.36538461538461536,0.8269230769230769,0.21428571428571427,0.8571428571428571,0.0004
375,1.5381300449371338,1.55872642993927,0.36538461538461536,0.8269230769230769,0.21428571428571427,0.8571428571428571,0.0004
376,1.5410414338111877,1.5505503416061401,0.36538461538461536,0.8269230769230769,0.21428571428571427,0.8571428571428571,0.0004
377,1.5167372822761536,1.5381954908370972,0.36538461538461536,0.8269230769230769,0.21428571428571427,0.8571428571428571,0.0004
378,1.5347698330879211,1.5366181135177612,0.36538461538461536,0.8269230769230769,0.21428571428571427,0.8571428571428571,0.0004
379,1.565995216369629,1.5287878513336182,0.36538461538461536,0.8269230769230769,0.21428571428571427,0.8571428571428571,0.0004
380,1.5401092171669006,1.5218281745910645,0.36538461538461536,0.8269230769230769,0.21428571428571427,0.8571428571428571,0.0004
381,1.562296986579895,1.5124828815460205,0.36538461538461536,0.8269230769230769,0.21428571428571427,0.8571428571428571,0.0004
382,1.516296148300171,1.5106017589569092,0.36538461538461536,0.8269230769230769,0.5714285714285714,0.8571428571428571,0.0004
383,1.545019805431366,1.511908769607544,0.4807692307692308,0.8269230769230769,0.42857142857142855,0.8571428571428571,0.0004
384,1.5750970244407654,1.511356234550476,0.5576923076923077,0.8269230769230769,0.21428571428571427,0.8571428571428571,0.0004
385,1.5119133591651917,1.5121386051177979,0.36538461538461536,0.8269230769230769,0.21428571428571427,0.8571428571428571,0.0004
386,1.5558202266693115,1.5123379230499268,0.36538461538461536,0.8269230769230769,0.21428571428571427,0.8571428571428571,0.0004
387,1.521936297416687,1.5094200372695923,0.36538461538461536,0.8269230769230769,0.21428571428571427,0.8571428571428571,0.0004
388,1.5159397721290588,1.5112292766571045,0.36538461538461536,0.8269230769230769,0.21428571428571427,0.8571428571428571,0.0004
389,1.5893352031707764,1.519500494003296,0.36538461538461536,0.8269230769230769,0.21428571428571427,0.8571428571428571,0.0004
390,1.5172585248947144,1.5153584480285645,0.36538461538461536,0.8269230769230769,0.21428571428571427,0.8571428571428571,0.0004
391,1.5553504824638367,1.5280194282531738,0.36538461538461536,0.8269230769230769,0.21428571428571427,0.8571428571428571,0.0004
392,1.5440385341644287,1.52328622341156,0.36538461538461536,0.8269230769230769,0.21428571428571427,0.8571428571428571,0.0004
393,1.5194220542907715,1.4962410926818848,0.36538461538461536,0.8269230769230769,0.21428571428571427,0.8571428571428571,0.0004
394,1.5405665636062622,1.519094705581665,0.36538461538461536,0.8269230769230769,0.21428571428571427,0.8571428571428571,0.0004
395,1.4886909127235413,1.516545295715332,0.36538461538461536,0.8269230769230769,0.21428571428571427,0.8571428571428571,0.0004
396,1.511498212814331,1.483093023300171,0.36538461538461536,0.8269230769230769,0.5,0.8571428571428571,0.0004
397,1.4875805377960205,1.4775171279907227,0.46153846153846156,0.8269230769230769,0.5714285714285714,0.8571428571428571,0.0004
398,1.4902065992355347,1.4322713613510132,0.5,0.8269230769230769,0.5714285714285714,0.8571428571428571,0.0004
399,1.4705182313919067,1.483823537826538,0.5769230769230769,0.8269230769230769,0.5,0.8571428571428571,0.0004
400,1.550473690032959,1.4364895820617676,0.5769230769230769,0.8269230769230769,0.42857142857142855,0.8571428571428571,0.0004
401,1.4220340847969055,1.4366687536239624,0.5576923076923077,0.8269230769230769,0.21428571428571427,0.8571428571428571,0.0004
402,1.4323184490203857,1.5153597593307495,0.4807692307692308,0.8269230769230769,0.2857142857142857,0.8571428571428571,0.0004
403,1.4502193927764893,1.3844417333602905,0.38461538461538464,0.8269230769230769,0.35714285714285715,0.8571428571428571,0.0004
404,1.3632290959358215,1.3444221019744873,0.5192307692307693,0.8269230769230769,0.6428571428571429,0.8571428571428571,0.0004
405,1.3697317838668823,1.3707103729248047,0.5576923076923077,0.8269230769230769,0.5714285714285714,0.8571428571428571,0.0004
406,1.3333224058151245,1.31877601146698,0.5384615384615384,0.8269230769230769,0.5714285714285714,0.8571428571428571,0.0004
407,1.2738604545593262,3.014824867248535,0.5576923076923077,0.8269230769230769,0.21428571428571427,0.8571428571428571,0.0004
408,2.4988399744033813,2.8160085678100586,0.36538461538461536,0.8269230769230769,0.21428571428571427,0.8571428571428571,0.0004
409,2.277097761631012,2.4818122386932373,0.36538461538461536,0.8269230769230769,0.21428571428571427,0.8571428571428571,0.0004
410,2.1134719848632812,2.149479866027832,0.36538461538461536,0.8269230769230769,0.21428571428571427,0.8571428571428571,0.0004
411,1.8808634281158447,1.891878604888916,0.36538461538461536,0.8269230769230769,0.21428571428571427,0.8571428571428571,0.0004
412,1.7431613206863403,1.7224431037902832,0.36538461538461536,0.8269230769230769,0.21428571428571427,0.8571428571428571,0.0004
413,1.6679219007492065,1.6230254173278809,0.36538461538461536,0.8269230769230769,0.35714285714285715,0.8571428571428571,0.0004
414,1.6474117040634155,1.563401460647583,0.3269230769230769,0.8269230769230769,0.35714285714285715,0.8571428571428571,0.0004
415,1.5986257195472717,1.5235707759857178,0.3269230769230769,0.8269230769230769,0.35714285714285715,0.8571428571428571,0.0004
416,1.6660022735595703,1.4974807500839233,0.3269230769230769,0.8269230769230769,0.35714285714285715,0.8571428571428571,0.0004
417,1.6038725972175598,1.4825446605682373,0.3269230769230769,0.8269230769230769,0.35714285714285715,0.8571428571428571,0.0004
418,1.6151052713394165,1.475583553314209,0.3269230769230769,0.8269230769230769,0.35714285714285715,0.8571428571428571,0.0004
419,1.6288819909095764,1.4755311012268066,0.28846153846153844,0.8269230769230769,0.42857142857142855,0.8571428571428571,0.0004
420,1.5918311476707458,1.4809174537658691,0.3076923076923077,0.8269230769230769,0.42857142857142855,0.8571428571428571,0.0004
421,1.6073333621025085,1.489487648010254,0.3076923076923077,0.8269230769230769,0.42857142857142855,0.8571428571428571,0.0004
422,1.589996099472046,1.4993867874145508,0.3076923076923077,0.8269230769230769,0.42857142857142855,0.8571428571428571,0.0004
423,1.5994160175323486,1.5098185539245605,0.3076923076923077,0.8269230769230769,0.42857142857142855,0.8571428571428571,0.0004
424,1.5969927310943604,1.5195815563201904,0.3076923076923077,0.8269230769230769,0.42857142857142855,0.8571428571428571,0.0004
425,1.5862248539924622,1.5291002988815308,0.3076923076923077,0.8269230769230769,0.42857142857142855,0.8571428571428571,0.0004
426,1.5942449569702148,1.537534236907959,0.3076923076923077,0.8269230769230769,0.42857142857142855,0.8571428571428571,0.0004
427,1.6164069175720215,1.5441277027130127,0.3076923076923077,0.8269230769230769,0.42857142857142855,0.8571428571428571,0.0004
428,1.5997234582901,1.5499329566955566,0.3076923076923077,0.8269230769230769,0.42857142857142855,0.8571428571428571,0.0004
429,1.5638088583946228,1.554860234260559,0.3269230769230769,0.8269230769230769,0.21428571428571427,0.8571428571428571,0.0004
430,1.5802741050720215,1.558159589767456,0.36538461538461536,0.8269230769230769,0.21428571428571427,0.8571428571428571,0.0004
431,1.5675576329231262,1.560947299003601,0.36538461538461536,0.8269230769230769,0.21428571428571427,0.8571428571428571,0.0004
432,1.5900439023971558,1.5627601146697998,0.36538461538461536,0.8269230769230769,0.21428571428571427,0.8571428571428571,0.0004
433,1.5658733248710632,1.5636851787567139,0.36538461538461536,0.8269230769230769,0.21428571428571427,0.8571428571428571,0.0004
434,1.5876528024673462,1.563301682472229,0.36538461538461536,0.8269230769230769,0.21428571428571427,0.8571428571428571,0.0004
435,1.601597011089325,1.5617252588272095,0.36538461538461536,0.8269230769230769,0.21428571428571427,0.8571428571428571,0.0004
436,1.5591975450515747,1.5611672401428223,0.36538461538461536,0.8269230769230769,0.21428571428571427,0.8571428571428571,0.0004
437,1.5652904510498047,1.5594358444213867,0.36538461538461536,0.8269230769230769,0.21428571428571427,0.8571428571428571,0.0004
438,1.5322202444076538,1.5579137802124023,0.36538461538461536,0.8269230769230769,0.21428571428571427,0.8571428571428571,0.0004
439,1.5586708188056946,1.5555394887924194,0.36538461538461536,0.8269230769230769,0.21428571428571427,0.8571428571428571,0.0004
440,1.5554757118225098,1.5525052547454834,0.36538461538461536,0.8269230769230769,0.21428571428571427,0.8571428571428571,0.0004
441,1.5764445662498474,1.5489728450775146,0.36538461538461536,0.8269230769230769,0.21428571428571427,0.8571428571428571,0.0004
442,1.583059549331665,1.546435832977295,0.36538461538461536,0.8269230769230769,0.21428571428571427,0.8571428571428571,0.0004
443,1.5318129062652588,1.5439410209655762,0.36538461538461536,0.8269230769230769,0.21428571428571427,0.8571428571428571,0.0004
444,1.5361284613609314,1.5419552326202393,0.36538461538461536,0.8269230769230769,0.21428571428571427,0.8571428571428571,0.0004
445,1.53658127784729,1.5399376153945923,0.36538461538461536,0.8269230769230769,0.21428571428571427,0.8571428571428571,0.0004
446,1.5474380254745483,1.5376490354537964,0.36538461538461536,0.8269230769230769,0.21428571428571427,0.8571428571428571,0.0004
447,1.5549330711364746,1.536219596862793,0.36538461538461536,0.8269230769230769,0.21428571428571427,0.8571428571428571,0.0004
448,1.619434118270874,1.5345203876495361,0.36538461538461536,0.8269230769230769,0.21428571428571427,0.8571428571428571,0.0004
449,1.5540788769721985,1.5333560705184937,0.36538461538461536,0.8269230769230769,0.21428571428571427,0.8571428571428571,0.0004
450,1.584925651550293,1.5319249629974365,0.36538461538461536,0.8269230769230769,0.21428571428571427,0.8571428571428571,0.0004
451,1.5833667516708374,1.5308223962783813,0.36538461538461536,0.8269230769230769,0.21428571428571427,0.8571428571428571,0.0004
452,1.5509927868843079,1.5302826166152954,0.36538461538461536,0.8269230769230769,0.21428571428571427,0.8571428571428571,0.0004
453,1.5651426315307617,1.529860496520996,0.36538461538461536,0.8269230769230769,0.21428571428571427,0.8571428571428571,0.0004
454,1.5159027576446533,1.529984474182129,0.36538461538461536,0.8269230769230769,0.21428571428571427,0.8571428571428571,0.0004
455,1.565440058708191,1.5305606126785278,0.36538461538461536,0.8269230769230769,0.21428571428571427,0.8571428571428571,0.0004
456,1.5623955726623535,1.531327486038208,0.36538461538461536,0.8269230769230769,0.21428571428571427,0.8571428571428571,0.0004
457,1.5668056011199951,1.532840609550476,0.36538461538461536,0.8269230769230769,0.21428571428571427,0.8571428571428571,0.0004
458,1.536365807056427,1.5342864990234375,0.36538461538461536,0.8269230769230769,0.21428571428571427,0.8571428571428571,0.0004
459,1.5185203552246094,1.5353431701660156,0.36538461538461536,0.8269230769230769,0.21428571428571427,0.8571428571428571,0.0004
460,1.5340907573699951,1.5362733602523804,0.36538461538461536,0.8269230769230769,0.21428571428571427,0.8571428571428571,0.0004
461,1.5515729784965515,1.5371390581130981,0.36538461538461536,0.8269230769230769,0.21428571428571427,0.8571428571428571,0.0004
462,1.5224584341049194,1.5377235412597656,0.36538461538461536,0.8269230769230769,0.21428571428571427,0.8571428571428571,0.0004
463,1.5513189435005188,1.5376895666122437,0.36538461538461536,0.8269230769230769,0.21428571428571427,0.8571428571428571,0.0004
464,1.5211116075515747,1.5373923778533936,0.36538461538461536,0.8269230769230769,0.21428571428571427,0.8571428571428571,0.0004
465,1.5506914854049683,1.5367975234985352,0.36538461538461536,0.8269230769230769,0.21428571428571427,0.8571428571428571,0.0004
466,1.5954083800315857,1.5360620021820068,0.36538461538461536,0.8269230769230769,0.21428571428571427,0.8571428571428571,0.0004
467,1.531368374824524,1.535449743270874,0.36538461538461536,0.8269230769230769,0.21428571428571427,0.8571428571428571,0.0004
468,1.5820361971855164,1.5352790355682373,0.36538461538461536,0.8269230769230769,0.21428571428571427,0.8571428571428571,0.0004
469,1.5972175598144531,1.534956455230713,0.36538461538461536,0.8269230769230769,0.21428571428571427,0.8571428571428571,0.0004
470,1.5495225191116333,1.5348840951919556,0.36538461538461536,0.8269230769230769,0.21428571428571427,0.8571428571428571,0.0004
471,1.562619149684906,1.5347392559051514,0.36538461538461536,0.8269230769230769,0.21428571428571427,0.8571428571428571,0.0004
472,1.563316822052002,1.5348591804504395,0.36538461538461536,0.8269230769230769,0.21428571428571427,0.8571428571428571,0.0004
473,1.5453846454620361,1.535146951675415,0.36538461538461536,0.8269230769230769,0.21428571428571427,0.8571428571428571,0.0004
474,1.5360047221183777,1.5360692739486694,0.36538461538461536,0.8269230769230769,0.21428571428571427,0.8571428571428571,0.0004
475,1.5547478795051575,1.536795735359192,0.36538461538461536,0.8269230769230769,0.21428571428571427,0.8571428571428571,0.0004
476,1.6074104309082031,1.5365701913833618,0.36538461538461536,0.8269230769230769,0.21428571428571427,0.8571428571428571,0.0004
477,1.56372731924057,1.5368330478668213,0.36538461538461536,0.8269230769230769,0.21428571428571427,0.8571428571428571,0.0004
478,1.5804429650306702,1.537172555923462,0.36538461538461536,0.8269230769230769,0.21428571428571427,0.8571428571428571,0.0004
479,1.5785239934921265,1.5373039245605469,0.36538461538461536,0.8269230769230769,0.21428571428571427,0.8571428571428571,0.0004
480,1.5763670802116394,1.5374336242675781,0.36538461538461536,0.8269230769230769,0.21428571428571427,0.8571428571428571,0.0004
481,1.5505228638648987,1.5379822254180908,0.36538461538461536,0.8269230769230769,0.21428571428571427,0.8571428571428571,0.0004
482,1.5245619416236877,1.5384329557418823,0.36538461538461536,0.8269230769230769,0.21428571428571427,0.8571428571428571,0.0004
483,1.5461593866348267,1.5381364822387695,0.36538461538461536,0.8269230769230769,0.21428571428571427,0.8571428571428571,0.0004
484,1.5623303651809692,1.5382245779037476,0.36538461538461536,0.8269230769230769,0.21428571428571427,0.8571428571428571,0.0004
485,1.5569217801094055,1.5387389659881592,0.36538461538461536,0.8269230769230769,0.21428571428571427,0.8571428571428571,0.0004
486,1.5964179039001465,1.538230299949646,0.36538461538461536,0.8269230769230769,0.21428571428571427,0.8571428571428571,0.0004
487,1.5506041646003723,1.537496566772461,0.36538461538461536,0.8269230769230769,0.21428571428571427,0.8571428571428571,0.0004
488,1.5784066319465637,1.5365980863571167,0.36538461538461536,0.8269230769230769,0.21428571428571427,0.8571428571428571,0.0004
489,1.5793441534042358,1.5359110832214355,0.36538461538461536,0.8269230769230769,0.21428571428571427,0.8571428571428571,0.0004
490,1.538872480392456,1.5354151725769043,0.36538461538461536,0.8269230769230769,0.21428571428571427,0.8571428571428571,0.0004
491,1.5609604120254517,1.5342662334442139,0.36538461538461536,0.8269230769230769,0.21428571428571427,0.8571428571428571,0.0004
492,1.5680791735649109,1.533918023109436,0.36538461538461536,0.8269230769230769,0.21428571428571427,0.8571428571428571,0.0004
493,1.5215826630592346,1.533151626586914,0.36538461538461536,0.8269230769230769,0.21428571428571427,0.8571428571428571,0.0004
494,1.549788236618042,1.5323576927185059,0.36538461538461536,0.8269230769230769,0.21428571428571427,0.8571428571428571,0.0004
495,1.5627881288528442,1.5316448211669922,0.36538461538461536,0.8269230769230769,0.21428571428571427,0.8571428571428571,0.0004
496,1.5656151175498962,1.5314598083496094,0.36538461538461536,0.8269230769230769,0.21428571428571427,0.8571428571428571,0.0004
497,1.5510789155960083,1.5312647819519043,0.36538461538461536,0.8269230769230769,0.21428571428571427,0.8571428571428571,0.0004
498,1.5388062000274658,1.531118631362915,0.36538461538461536,0.8269230769230769,0.21428571428571427,0.8571428571428571,0.0004
499,1.57767915725708,1.5303242206573486,0.36538461538461536,0.8269230769230769,0.21428571428571427,0.8571428571428571,0.0004
500,1.534280002117157,1.5301036834716797,0.36538461538461536,0.8269230769230769,0.21428571428571427,0.8571428571428571,0.0004
501,1.5467689037322998,1.5299326181411743,0.36538461538461536,0.8269230769230769,0.21428571428571427,0.8571428571428571,0.0004
502,1.5508332252502441,1.5304927825927734,0.36538461538461536,0.8269230769230769,0.21428571428571427,0.8571428571428571,0.0004
503,1.5649807453155518,1.5309208631515503,0.36538461538461536,0.8269230769230769,0.21428571428571427,0.8571428571428571,0.0004
504,1.521955132484436,1.5314953327178955,0.36538461538461536,0.8269230769230769,0.21428571428571427,0.8571428571428571,0.0004
505,1.5645288228988647,1.5316411256790161,0.36538461538461536,0.8269230769230769,0.21428571428571427,0.8571428571428571,0.0004
506,1.550248920917511,1.5319273471832275,0.36538461538461536,0.8269230769230769,0.21428571428571427,0.8571428571428571,0.0004
507,1.535148799419403,1.5322145223617554,0.36538461538461536,0.8269230769230769,0.21428571428571427,0.8571428571428571,0.0004
508,1.5952393412590027,1.5323140621185303,0.36538461538461536,0.8269230769230769,0.21428571428571427,0.8571428571428571,0.0004
509,1.6117205023765564,1.5326112508773804,0.36538461538461536,0.8269230769230769,0.21428571428571427,0.8571428571428571,0.0004
510,1.5666229128837585,1.5330164432525635,0.36538461538461536,0.8269230769230769,0.21428571428571427,0.8571428571428571,0.0004
511,1.5307671427726746,1.5332986116409302,0.36538461538461536,0.8269230769230769,0.21428571428571427,0.8571428571428571,0.0004
512,1.5846537351608276,1.5341459512710571,0.36538461538461536,0.8269230769230769,0.21428571428571427,0.8571428571428571,0.0004
513,1.5188583135604858,1.5344468355178833,0.36538461538461536,0.8269230769230769,0.21428571428571427,0.8571428571428571,0.0004
514,1.5521177649497986,1.5347639322280884,0.36538461538461536,0.8269230769230769,0.21428571428571427,0.8571428571428571,0.0004
515,1.5811011791229248,1.5347042083740234,0.36538461538461536,0.8269230769230769,0.21428571428571427,0.8571428571428571,0.0004
516,1.550807535648346,1.534683108329773,0.36538461538461536,0.8269230769230769,0.21428571428571427,0.8571428571428571,0.0004
517,1.5655183792114258,1.5345081090927124,0.36538461538461536,0.8269230769230769,0.21428571428571427,0.8571428571428571,0.0004
518,1.5793620944023132,1.5342214107513428,0.36538461538461536,0.8269230769230769,0.21428571428571427,0.8571428571428571,0.0004
519,1.5195533633232117,1.5341471433639526,0.36538461538461536,0.8269230769230769,0.21428571428571427,0.8571428571428571,0.0004
520,1.5824431777000427,1.5341066122055054,0.36538461538461536,0.8269230769230769,0.21428571428571427,0.8571428571428571,0.0004
521,1.5520906448364258,1.5338404178619385,0.36538461538461536,0.8269230769230769,0.21428571428571427,0.8571428571428571,0.0004
522,1.537017822265625,1.5333998203277588,0.36538461538461536,0.8269230769230769,0.21428571428571427,0.8571428571428571,0.0004
523,1.5962101221084595,1.5326979160308838,0.36538461538461536,0.8269230769230769,0.21428571428571427,0.8571428571428571,0.0004
524,1.5526210069656372,1.5321018695831299,0.36538461538461536,0.8269230769230769,0.21428571428571427,0.8571428571428571,0.0004
525,1.5834826231002808,1.5312985181808472,0.36538461538461536,0.8269230769230769,0.21428571428571427,0.8571428571428571,0.0004
526,1.5350283980369568,1.5301132202148438,0.36538461538461536,0.8269230769230769,0.21428571428571427,0.8571428571428571,0.0004
527,1.5640832781791687,1.5291029214859009,0.36538461538461536,0.8269230769230769,0.21428571428571427,0.8571428571428571,0.0004
528,1.563659906387329,1.528365969657898,0.36538461538461536,0.8269230769230769,0.21428571428571427,0.8571428571428571,0.0004
529,1.581361472606659,1.5281388759613037,0.36538461538461536,0.8269230769230769,0.21428571428571427,0.8571428571428571,0.0004
530,1.551449477672577,1.5278483629226685,0.36538461538461536,0.8269230769230769,0.21428571428571427,0.8571428571428571,0.0004
531,1.56485253572464,1.527512788772583,0.36538461538461536,0.8269230769230769,0.21428571428571427,0.8571428571428571,0.0004
532,1.5526119470596313,1.5276069641113281,0.36538461538461536,0.8269230769230769,0.21428571428571427,0.8571428571428571,0.0004
533,1.5648902654647827,1.5272493362426758,0.36538461538461536,0.8269230769230769,0.21428571428571427,0.8571428571428571,0.0004
534,1.5639668703079224,1.5271447896957397,0.36538461538461536,0.8269230769230769,0.21428571428571427,0.8571428571428571,0.0004
535,1.5519039630889893,1.5275075435638428,0.36538461538461536,0.8269230769230769,0.21428571428571427,0.8571428571428571,0.0004
536,1.5371034741401672,1.527728796005249,0.36538461538461536,0.8269230769230769,0.21428571428571427,0.8571428571428571,0.0004
537,1.5328925848007202,1.527642011642456,0.36538461538461536,0.8269230769230769,0.21428571428571427,0.8571428571428571,0.0004
538,1.5500680208206177,1.5283663272857666,0.36538461538461536,0.8269230769230769,0.21428571428571427,0.8571428571428571,0.0004
539,1.5649950504302979,1.529210090637207,0.36538461538461536,0.8269230769230769,0.21428571428571427,0.8571428571428571,0.0004
540,1.5515644550323486,1.5301684141159058,0.36538461538461536,0.8269230769230769,0.21428571428571427,0.8571428571428571,0.0004
541,1.5657321214675903,1.5309081077575684,0.36538461538461536,0.8269230769230769,0.21428571428571427,0.8571428571428571,0.0004
542,1.5479721426963806,1.5314500331878662,0.36538461538461536,0.8269230769230769,0.21428571428571427,0.8571428571428571,0.0004
543,1.5639528036117554,1.532299280166626,0.36538461538461536,0.8269230769230769,0.21428571428571427,0.8571428571428571,0.0004
544,1.5347834825515747,1.533273458480835,0.36538461538461536,0.8269230769230769,0.21428571428571427,0.8571428571428571,0.0004
545,1.5632976293563843,1.534097671508789,0.36538461538461536,0.8269230769230769,0.21428571428571427,0.8571428571428571,0.0004
546,1.571577250957489,1.5352892875671387,0.36538461538461536,0.8269230769230769,0.21428571428571427,0.8571428571428571,0.0004
547,1.5666977167129517,1.535531759262085,0.36538461538461536,0.8269230769230769,0.21428571428571427,0.8571428571428571,0.0004
548,1.5649865865707397,1.535476803779602,0.36538461538461536,0.8269230769230769,0.21428571428571427,0.8571428571428571,0.0004
549,1.5784753561019897,1.5353432893753052,0.36538461538461536,0.8269230769230769,0.21428571428571427,0.8571428571428571,0.0004
550,1.58013916015625,1.5354284048080444,0.36538461538461536,0.8269230769230769,0.21428571428571427,0.8571428571428571,0.0004
551,1.5849186778068542,1.5356173515319824,0.36538461538461536,0.8269230769230769,0.21428571428571427,0.8571428571428571,0.0004
552,1.5380983352661133,1.5352517366409302,0.36538461538461536,0.8269230769230769,0.21428571428571427,0.8571428571428571,0.0004
553,1.559683382511139,1.5342051982879639,0.36538461538461536,0.8269230769230769,0.21428571428571427,0.8571428571428571,0.0004
554,1.539571762084961,1.534203052520752,0.36538461538461536,0.8269230769230769,0.21428571428571427,0.8571428571428571,0.0004
555,1.5664165019989014,1.5335168838500977,0.36538461538461536,0.8269230769230769,0.21428571428571427,0.8571428571428571,0.0004
556,1.5664445757865906,1.5327900648117065,0.36538461538461536,0.8269230769230769,0.21428571428571427,0.8571428571428571,0.0004
557,1.5364477038383484,1.5320916175842285,0.36538461538461536,0.8269230769230769,0.21428571428571427,0.8571428571428571,0.0004
558,1.5677756071090698,1.5312625169754028,0.36538461538461536,0.8269230769230769,0.21428571428571427,0.8571428571428571,0.0004
559,1.5470550656318665,1.5300863981246948,0.36538461538461536,0.8269230769230769,0.21428571428571427,0.8571428571428571,0.0004
560,1.565327227115631,1.5296523571014404,0.36538461538461536,0.8269230769230769,0.21428571428571427,0.8571428571428571,0.0004
561,1.5651686191558838,1.5292836427688599,0.36538461538461536,0.8269230769230769,0.21428571428571427,0.8571428571428571,0.0004
562,1.54734468460083,1.5289689302444458,0.36538461538461536,0.8269230769230769,0.21428571428571427,0.8571428571428571,0.0004
563,1.5680407285690308,1.529355764389038,0.36538461538461536,0.8269230769230769,0.21428571428571427,0.8571428571428571,0.0004
564,1.54823237657547,1.5292258262634277,0.36538461538461536,0.8269230769230769,0.21428571428571427,0.8571428571428571,0.0004
565,1.551074743270874,1.5295569896697998,0.36538461538461536,0.8269230769230769,0.21428571428571427,0.8571428571428571,0.0004
566,1.5545831322669983,1.529894471168518,0.36538461538461536,0.8269230769230769,0.21428571428571427,0.8571428571428571,0.0004
567,1.5314396619796753,1.529404640197754,0.36538461538461536,0.8269230769230769,0.21428571428571427,0.8571428571428571,0.0004
568,1.5204704403877258,1.5296814441680908,0.36538461538461536,0.8269230769230769,0.21428571428571427,0.8571428571428571,0.0004
569,1.5477184653282166,1.5297467708587646,0.36538461538461536,0.8269230769230769,0.21428571428571427,0.8571428571428571,0.0004
570,1.5530445575714111,1.5304745435714722,0.36538461538461536,0.8269230769230769,0.21428571428571427,0.8571428571428571,0.0004
571,1.5341938734054565,1.5306684970855713,0.36538461538461536,0.8269230769230769,0.21428571428571427,0.8571428571428571,0.0004
572,1.5946239233016968,1.5309113264083862,0.36538461538461536,0.8269230769230769,0.21428571428571427,0.8571428571428571,0.0004
573,1.579780638217926,1.5315006971359253,0.36538461538461536,0.8269230769230769,0.21428571428571427,0.8571428571428571,0.0004
574,1.5667007565498352,1.532318115234375,0.36538461538461536,0.8269230769230769,0.21428571428571427,0.8571428571428571,0.0004
575,1.5642249584197998,1.5328468084335327,0.36538461538461536,0.8269230769230769,0.21428571428571427,0.8571428571428571,0.0004
576,1.5660925507545471,1.5335720777511597,0.36538461538461536,0.8269230769230769,0.21428571428571427,0.8571428571428571,0.0004
577,1.567732572555542,1.534203052520752,0.36538461538461536,0.8269230769230769,0.21428571428571427,0.8571428571428571,0.0004
578,1.5666739344596863,1.5344754457473755,0.36538461538461536,0.8269230769230769,0.21428571428571427,0.8571428571428571,0.0004
579,1.5346581935882568,1.534510612487793,0.36538461538461536,0.8269230769230769,0.21428571428571427,0.8571428571428571,0.0004
580,1.5746804475784302,1.5343360900878906,0.36538461538461536,0.8269230769230769,0.21428571428571427,0.8571428571428571,0.0004
581,1.5641878843307495,1.5349159240722656,0.36538461538461536,0.8269230769230769,0.21428571428571427,0.8571428571428571,0.0004
582,1.5393844246864319,1.5356764793395996,0.36538461538461536,0.8269230769230769,0.21428571428571427,0.8571428571428571,0.0004
583,1.5668577551841736,1.5358917713165283,0.36538461538461536,0.8269230769230769,0.21428571428571427,0.8571428571428571,0.0004
584,1.568747103214264,1.5359177589416504,0.36538461538461536,0.8269230769230769,0.21428571428571427,0.8571428571428571,0.0004
585,1.561512291431427,1.5353189706802368,0.36538461538461536,0.8269230769230769,0.21428571428571427,0.8571428571428571,0.0004
586,1.5501128435134888,1.5352063179016113,0.36538461538461536,0.8269230769230769,0.21428571428571427,0.8571428571428571,0.0004
587,1.5550588369369507,1.5353055000305176,0.36538461538461536,0.8269230769230769,0.21428571428571427,0.8571428571428571,0.0004
588,1.5478681921958923,1.5346606969833374,0.36538461538461536,0.8269230769230769,0.21428571428571427,0.8571428571428571,0.0004
589,1.535745620727539,1.5343945026397705,0.36538461538461536,0.8269230769230769,0.21428571428571427,0.8571428571428571,0.0004
590,1.5789072513580322,1.5339916944503784,0.36538461538461536,0.8269230769230769,0.21428571428571427,0.8571428571428571,0.0004
591,1.5654631853103638,1.5338494777679443,0.36538461538461536,0.8269230769230769,0.21428571428571427,0.8571428571428571,0.0004
592,1.5358189940452576,1.533687710762024,0.36538461538461536,0.8269230769230769,0.21428571428571427,0.8571428571428571,0.0004
593,1.5497006177902222,1.5333915948867798,0.36538461538461536,0.8269230769230769,0.21428571428571427,0.8571428571428571,0.0004
594,1.5548077821731567,1.5332880020141602,0.36538461538461536,0.8269230769230769,0.21428571428571427,0.8571428571428571,0.0004
595,1.5189639329910278,1.5325217247009277,0.36538461538461536,0.8269230769230769,0.21428571428571427,0.8571428571428571,0.0004
596,1.579691231250763,1.531868577003479,0.36538461538461536,0.8269230769230769,0.21428571428571427,0.8571428571428571,0.0004
597,1.5503382682800293,1.5314987897872925,0.36538461538461536,0.8269230769230769,0.21428571428571427,0.8571428571428571,0.0004
598,1.566592812538147,1.5312589406967163,0.36538461538461536,0.8269230769230769,0.21428571428571427,0.8571428571428571,0.0004
599,1.581188678741455,1.530896544456482,0.36538461538461536,0.8269230769230769,0.21428571428571427,0.8571428571428571,0.0004
600,1.5220482349395752,1.530685305595398,0.36538461538461536,0.8269230769230769,0.21428571428571427,0.8571428571428571,0.0004
601,1.520134449005127,1.5301434993743896,0.36538461538461536,0.8269230769230769,0.21428571428571427,0.8571428571428571,0.0004
602,1.5375349521636963,1.5296952724456787,0.36538461538461536,0.8269230769230769,0.21428571428571427,0.8571428571428571,0.0004
603,1.548088788986206,1.5288066864013672,0.36538461538461536,0.8269230769230769,0.21428571428571427,0.8571428571428571,0.0004
604,1.5792776346206665,1.5283641815185547,0.36538461538461536,0.8269230769230769,0.21428571428571427,0.8571428571428571,0.0004
605,1.5460472106933594,1.5281845331192017,0.36538461538461536,0.8269230769230769,0.21428571428571427,0.8571428571428571,0.0004
606,1.5654113292694092,1.5288166999816895,0.36538461538461536,0.8269230769230769,0.21428571428571427,0.8571428571428571,0.0004
607,1.5665037035942078,1.5295348167419434,0.36538461538461536,0.8269230769230769,0.21428571428571427,0.8571428571428571,0.0004
608,1.5322424173355103,1.530149221420288,0.36538461538461536,0.8269230769230769,0.21428571428571427,0.8571428571428571,0.0004
609,1.5491930842399597,1.5310813188552856,0.36538461538461536,0.8269230769230769,0.21428571428571427,0.8571428571428571,0.0004
610,1.5623264908790588,1.531968355178833,0.36538461538461536,0.8269230769230769,0.21428571428571427,0.8571428571428571,0.0004
611,1.5507464408874512,1.533324122428894,0.36538461538461536,0.8269230769230769,0.21428571428571427,0.8571428571428571,0.0004
612,1.565222680568695,1.5344219207763672,0.36538461538461536,0.8269230769230769,0.21428571428571427,0.8571428571428571,0.0004
613,1.5391885042190552,1.535563349723816,0.36538461538461536,0.8269230769230769,0.21428571428571427,0.8571428571428571,0.0004
614,1.53329735994339,1.5358920097351074,0.36538461538461536,0.8269230769230769,0.21428571428571427,0.8571428571428571,0.0004
615,1.5490439534187317,1.5362827777862549,0.36538461538461536,0.8269230769230769,0.21428571428571427,0.8571428571428571,0.0004
616,1.5633983612060547,1.5366090536117554,0.36538461538461536,0.8269230769230769,0.21428571428571427,0.8571428571428571,0.0004
617,1.5819945931434631,1.537095069885254,0.36538461538461536,0.8269230769230769,0.21428571428571427,0.8571428571428571,0.0004
618,1.5194907784461975,1.5374373197555542,0.36538461538461536,0.8269230769230769,0.21428571428571427,0.8571428571428571,0.0004
619,1.5510681867599487,1.5376245975494385,0.36538461538461536,0.8269230769230769,0.21428571428571427,0.8571428571428571,0.0004
620,1.565987765789032,1.5375761985778809,0.36538461538461536,0.8269230769230769,0.21428571428571427,0.8571428571428571,0.0004
621,1.5453592538833618,1.5372345447540283,0.36538461538461536,0.8269230769230769,0.21428571428571427,0.8571428571428571,0.0004
622,1.547587811946869,1.5373940467834473,0.36538461538461536,0.8269230769230769,0.21428571428571427,0.8571428571428571,0.0004
623,1.606010913848877,1.5375443696975708,0.36538461538461536,0.8269230769230769,0.21428571428571427,0.8571428571428571,0.0004
624,1.5822705626487732,1.538408637046814,0.36538461538461536,0.8269230769230769,0.21428571428571427,0.8571428571428571,0.0004
625,1.5453466773033142,1.5387818813323975,0.36538461538461536,0.8269230769230769,0.21428571428571427,0.8571428571428571,0.0004
626,1.5630185008049011,1.5395084619522095,0.36538461538461536,0.8269230769230769,0.21428571428571427,0.8571428571428571,0.0004
627,1.5339243412017822,1.5402698516845703,0.36538461538461536,0.8269230769230769,0.21428571428571427,0.8571428571428571,0.0004
628,1.549911618232727,1.5409083366394043,0.36538461538461536,0.8269230769230769,0.21428571428571427,0.8571428571428571,0.0004
629,1.5611077547073364,1.5413055419921875,0.36538461538461536,0.8269230769230769,0.21428571428571427,0.8571428571428571,0.0004
630,1.5484274625778198,1.541983723640442,0.36538461538461536,0.8269230769230769,0.21428571428571427,0.8571428571428571,0.0004
631,1.5809242129325867,1.5425772666931152,0.36538461538461536,0.8269230769230769,0.21428571428571427,0.8571428571428571,0.0004
632,1.551757574081421,1.5429432392120361,0.36538461538461536,0.8269230769230769,0.21428571428571427,0.8571428571428571,0.0004
633,1.5788072347640991,1.542886734008789,0.36538461538461536,0.8269230769230769,0.21428571428571427,0.8571428571428571,0.0004
634,1.522604525089264,1.5429304838180542,0.36538461538461536,0.8269230769230769,0.21428571428571427,0.8571428571428571,0.0004
635,1.5776156187057495,1.5423834323883057,0.36538461538461536,0.8269230769230769,0.21428571428571427,0.8571428571428571,0.0004
636,1.5717532634735107,1.5421922206878662,0.36538461538461536,0.8269230769230769,0.21428571428571427,0.8571428571428571,0.0004
637,1.5541844367980957,1.5412265062332153,0.36538461538461536,0.8269230769230769,0.21428571428571427,0.8571428571428571,0.0004
638,1.567053198814392,1.5397672653198242,0.36538461538461536,0.8269230769230769,0.21428571428571427,0.8571428571428571,0.0004
639,1.5632494688034058,1.538038969039917,0.36538461538461536,0.8269230769230769,0.21428571428571427,0.8571428571428571,0.0004
640,1.5492674112319946,1.5366172790527344,0.36538461538461536,0.8269230769230769,0.21428571428571427,0.8571428571428571,0.0004
641,1.5500039458274841,1.5353479385375977,0.36538461538461536,0.8269230769230769,0.21428571428571427,0.8571428571428571,0.0004
642,1.5633754134178162,1.5341120958328247,0.36538461538461536,0.8269230769230769,0.21428571428571427,0.8571428571428571,0.0004
643,1.535305142402649,1.5332489013671875,0.36538461538461536,0.8269230769230769,0.21428571428571427,0.8571428571428571,0.0004
644,1.5791356563568115,1.5323562622070312,0.36538461538461536,0.8269230769230769,0.21428571428571427,0.8571428571428571,0.0004
645,1.5362429022789001,1.5318057537078857,0.36538461538461536,0.8269230769230769,0.21428571428571427,0.8571428571428571,0.0004
646,1.5665541291236877,1.5311697721481323,0.36538461538461536,0.8269230769230769,0.21428571428571427,0.8571428571428571,0.0004
647,1.58058363199234,1.530443549156189,0.36538461538461536,0.8269230769230769,0.21428571428571427,0.8571428571428571,0.0004
648,1.5686746835708618,1.5299489498138428,0.36538461538461536,0.8269230769230769,0.21428571428571427,0.8571428571428571,0.0004
649,1.5486668944358826,1.5289700031280518,0.36538461538461536,0.8269230769230769,0.21428571428571427,0.8571428571428571,0.0004
650,1.5370028018951416,1.528497338294983,0.36538461538461536,0.8269230769230769,0.21428571428571427,0.8571428571428571,0.0004
651,1.5638728737831116,1.527763843536377,0.36538461538461536,0.8269230769230769,0.21428571428571427,0.8571428571428571,0.0004
652,1.5473870635032654,1.5273548364639282,0.36538461538461536,0.8269230769230769,0.21428571428571427,0.8571428571428571,0.0004
653,1.5492092370986938,1.527599811553955,0.36538461538461536,0.8269230769230769,0.21428571428571427,0.8571428571428571,0.0004
654,1.5500181317329407,1.5281082391738892,0.36538461538461536,0.8269230769230769,0.21428571428571427,0.8571428571428571,0.0004
655,1.5803236365318298,1.528681993484497,0.36538461538461536,0.8269230769230769,0.21428571428571427,0.8571428571428571,0.0004
656,1.566346526145935,1.5293992757797241,0.36538461538461536,0.8269230769230769,0.21428571428571427,0.8571428571428571,0.0004
657,1.584628701210022,1.5300899744033813,0.36538461538461536,0.8269230769230769,0.21428571428571427,0.8571428571428571,0.0004
658,1.5787391662597656,1.5300917625427246,0.36538461538461536,0.8269230769230769,0.21428571428571427,0.8571428571428571,0.0004
659,1.531701922416687,1.5303150415420532,0.36538461538461536,0.8269230769230769,0.21428571428571427,0.8571428571428571,0.0004
660,1.550140619277954,1.5311146974563599,0.36538461538461536,0.8269230769230769,0.21428571428571427,0.8571428571428571,0.0004
661,1.5502743124961853,1.5318998098373413,0.36538461538461536,0.8269230769230769,0.21428571428571427,0.8571428571428571,0.0004
662,1.534895658493042,1.532585620880127,0.36538461538461536,0.8269230769230769,0.21428571428571427,0.8571428571428571,0.0004
663,1.5781741738319397,1.5331557989120483,0.36538461538461536,0.8269230769230769,0.21428571428571427,0.8571428571428571,0.0004
664,1.519558072090149,1.533944010734558,0.36538461538461536,0.8269230769230769,0.21428571428571427,0.8571428571428571,0.0004
665,1.5540658235549927,1.5348262786865234,0.36538461538461536,0.8269230769230769,0.21428571428571427,0.8571428571428571,0.0004
666,1.565711259841919,1.5350306034088135,0.36538461538461536,0.8269230769230769,0.21428571428571427,0.8571428571428571,0.0004
667,1.536671221256256,1.5351567268371582,0.36538461538461536,0.8269230769230769,0.21428571428571427,0.8571428571428571,0.0004
668,1.5530300736427307,1.5351375341415405,0.36538461538461536,0.8269230769230769,0.21428571428571427,0.8571428571428571,0.0004
669,1.5519095659255981,1.534710168838501,0.36538461538461536,0.8269230769230769,0.21428571428571427,0.8571428571428571,0.0004
670,1.5336970686912537,1.5340297222137451,0.36538461538461536,0.8269230769230769,0.21428571428571427,0.8571428571428571,0.0004
671,1.5311372876167297,1.5334315299987793,0.36538461538461536,0.8269230769230769,0.21428571428571427,0.8571428571428571,0.0004
672,1.5384021997451782,1.5335416793823242,0.36538461538461536,0.8269230769230769,0.21428571428571427,0.8571428571428571,0.0004
673,1.5635433197021484,1.5330755710601807,0.36538461538461536,0.8269230769230769,0.21428571428571427,0.8571428571428571,0.0004
674,1.5801729559898376,1.532913327217102,0.36538461538461536,0.8269230769230769,0.21428571428571427,0.8571428571428571,0.0004
675,1.5535558462142944,1.5330088138580322,0.36538461538461536,0.8269230769230769,0.21428571428571427,0.8571428571428571,0.0004
676,1.5329377055168152,1.5325623750686646,0.36538461538461536,0.8269230769230769,0.21428571428571427,0.8571428571428571,0.0004
677,1.5341201424598694,1.5323560237884521,0.36538461538461536,0.8269230769230769,0.21428571428571427,0.8571428571428571,0.0004
678,1.533083438873291,1.5321906805038452,0.36538461538461536,0.8269230769230769,0.21428571428571427,0.8571428571428571,0.0004
679,1.5507967472076416,1.532223105430603,0.36538461538461536,0.8269230769230769,0.21428571428571427,0.8571428571428571,0.0004
680,1.5520745515823364,1.5321648120880127,0.36538461538461536,0.8269230769230769,0.21428571428571427,0.8571428571428571,0.0004
681,1.5688678622245789,1.531929850578308,0.36538461538461536,0.8269230769230769,0.21428571428571427,0.8571428571428571,0.0004
682,1.5507831573486328,1.5314843654632568,0.36538461538461536,0.8269230769230769,0.21428571428571427,0.8571428571428571,0.0004
683,1.555099070072174,1.5310966968536377,0.36538461538461536,0.8269230769230769,0.21428571428571427,0.8571428571428571,0.0004
684,1.552082598209381,1.5302162170410156,0.36538461538461536,0.8269230769230769,0.21428571428571427,0.8571428571428571,0.0004
685,1.5469926595687866,1.5290515422821045,0.36538461538461536,0.8269230769230769,0.21428571428571427,0.8571428571428571,0.0004
686,1.569839596748352,1.5287282466888428,0.36538461538461536,0.8269230769230769,0.21428571428571427,0.8571428571428571,0.0004
687,1.5800332427024841,1.5278267860412598,0.36538461538461536,0.8269230769230769,0.21428571428571427,0.8571428571428571,0.0004
688,1.547292411327362,1.5274009704589844,0.36538461538461536,0.8269230769230769,0.21428571428571427,0.8571428571428571,0.0004
689,1.583596110343933,1.5277814865112305,0.36538461538461536,0.8269230769230769,0.21428571428571427,0.8571428571428571,0.0004
690,1.5220436453819275,1.5279723405838013,0.36538461538461536,0.8269230769230769,0.21428571428571427,0.8571428571428571,0.0004
691,1.5462250709533691,1.527634620666504,0.36538461538461536,0.8269230769230769,0.21428571428571427,0.8571428571428571,0.0004
692,1.5520182847976685,1.5282152891159058,0.36538461538461536,0.8269230769230769,0.21428571428571427,0.8571428571428571,0.0004
693,1.5319880247116089,1.5284191370010376,0.36538461538461536,0.8269230769230769,0.21428571428571427,0.8571428571428571,0.0004
694,1.5980259776115417,1.5292279720306396,0.36538461538461536,0.8269230769230769,0.21428571428571427,0.8571428571428571,0.0004
695,1.5344635844230652,1.5297986268997192,0.36538461538461536,0.8269230769230769,0.21428571428571427,0.8571428571428571,0.0004
696,1.5330729484558105,1.5303587913513184,0.36538461538461536,0.8269230769230769,0.21428571428571427,0.8571428571428571,0.0004
697,1.5359540581703186,1.5312126874923706,0.36538461538461536,0.8269230769230769,0.21428571428571427,0.8571428571428571,0.0004
698,1.5681949853897095,1.5319256782531738,0.36538461538461536,0.8269230769230769,0.21428571428571427,0.8571428571428571,0.0004
699,1.6001917123794556,1.5323083400726318,0.36538461538461536,0.8269230769230769,0.21428571428571427,0.8571428571428571,0.0004
700,1.5539963245391846,1.5322624444961548,0.36538461538461536,0.8269230769230769,0.21428571428571427,0.8571428571428571,0.0004
701,1.551720917224884,1.5317339897155762,0.36538461538461536,0.8269230769230769,0.21428571428571427,0.8571428571428571,0.0004
702,1.5794259309768677,1.530984878540039,0.36538461538461536,0.8269230769230769,0.21428571428571427,0.8571428571428571,0.0004
703,1.5497738718986511,1.530532956123352,0.36538461538461536,0.8269230769230769,0.21428571428571427,0.8571428571428571,0.0004
704,1.5187926888465881,1.5301783084869385,0.36538461538461536,0.8269230769230769,0.21428571428571427,0.8571428571428571,0.0004
705,1.5525834560394287,1.5301600694656372,0.36538461538461536,0.8269230769230769,0.21428571428571427,0.8571428571428571,0.0004
706,1.577081561088562,1.529678463935852,0.36538461538461536,0.8269230769230769,0.21428571428571427,0.8571428571428571,0.0004
707,1.5500758290290833,1.5298688411712646,0.36538461538461536,0.8269230769230769,0.21428571428571427,0.8571428571428571,0.0004
708,1.5506380200386047,1.5301461219787598,0.36538461538461536,0.8269230769230769,0.21428571428571427,0.8571428571428571,0.0004
709,1.551681637763977,1.530415415763855,0.36538461538461536,0.8269230769230769,0.21428571428571427,0.8571428571428571,0.0004
710,1.548747181892395,1.5303997993469238,0.36538461538461536,0.8269230769230769,0.21428571428571427,0.8571428571428571,0.0004
711,1.5681381225585938,1.530775785446167,0.36538461538461536,0.8269230769230769,0.21428571428571427,0.8571428571428571,0.0004
712,1.5602713823318481,1.5305308103561401,0.36538461538461536,0.8269230769230769,0.21428571428571427,0.8571428571428571,0.0004
713,1.5380916595458984,1.5312292575836182,0.36538461538461536,0.8269230769230769,0.21428571428571427,0.8571428571428571,0.0004
714,1.5650565028190613,1.5315279960632324,0.36538461538461536,0.8269230769230769,0.21428571428571427,0.8571428571428571,0.0004
715,1.546571433544159,1.5316970348358154,0.36538461538461536,0.8269230769230769,0.21428571428571427,0.8571428571428571,0.0004
716,1.5820000767707825,1.5324206352233887,0.36538461538461536,0.8269230769230769,0.21428571428571427,0.8571428571428571,0.0004
717,1.5341717600822449,1.5328203439712524,0.36538461538461536,0.8269230769230769,0.21428571428571427,0.8571428571428571,0.0004
718,1.537526547908783,1.5333999395370483,0.36538461538461536,0.8269230769230769,0.21428571428571427,0.8571428571428571,0.0004
719,1.5487268567085266,1.5335525274276733,0.36538461538461536,0.8269230769230769,0.21428571428571427,0.8571428571428571,0.0004
720,1.5469889044761658,1.5338003635406494,0.36538461538461536,0.8269230769230769,0.21428571428571427,0.8571428571428571,0.0004
721,1.5484479665756226,1.5344126224517822,0.36538461538461536,0.8269230769230769,0.21428571428571427,0.8571428571428571,0.0004
722,1.5797189474105835,1.535150408744812,0.36538461538461536,0.8269230769230769,0.21428571428571427,0.8571428571428571,0.0004
723,1.5216999650001526,1.5359727144241333,0.36538461538461536,0.8269230769230769,0.21428571428571427,0.8571428571428571,0.0004
724,1.5509278178215027,1.5363901853561401,0.36538461538461536,0.8269230769230769,0.21428571428571427,0.8571428571428571,0.0004
725,1.5682453513145447,1.536647915840149,0.36538461538461536,0.8269230769230769,0.21428571428571427,0.8571428571428571,0.0004
726,1.579507827758789,1.5364218950271606,0.36538461538461536,0.8269230769230769,0.21428571428571427,0.8571428571428571,0.0004
727,1.566945195198059,1.5363757610321045,0.36538461538461536,0.8269230769230769,0.21428571428571427,0.8571428571428571,0.0004
728,1.576597511768341,1.5359313488006592,0.36538461538461536,0.8269230769230769,0.21428571428571427,0.8571428571428571,0.0004
729,1.5638489127159119,1.535988450050354,0.36538461538461536,0.8269230769230769,0.21428571428571427,0.8571428571428571,0.0004
730,1.5033239126205444,1.536137342453003,0.36538461538461536,0.8269230769230769,0.21428571428571427,0.8571428571428571,0.0004
731,1.5642932653427124,1.5362516641616821,0.36538461538461536,0.8269230769230769,0.21428571428571427,0.8571428571428571,0.0004
732,1.5692442655563354,1.5365082025527954,0.36538461538461536,0.8269230769230769,0.21428571428571427,0.8571428571428571,0.0004
733,1.5780515670776367,1.5360686779022217,0.36538461538461536,0.8269230769230769,0.21428571428571427,0.8571428571428571,0.0004
734,1.565206229686737,1.5360016822814941,0.36538461538461536,0.8269230769230769,0.21428571428571427,0.8571428571428571,0.0004
735,1.5508354306221008,1.5359289646148682,0.36538461538461536,0.8269230769230769,0.21428571428571427,0.8571428571428571,0.0004
736,1.5780388116836548,1.5355734825134277,0.36538461538461536,0.8269230769230769,0.21428571428571427,0.8571428571428571,0.0004
737,1.516311526298523,1.5355029106140137,0.36538461538461536,0.8269230769230769,0.21428571428571427,0.8571428571428571,0.0004
738,1.5641728043556213,1.5357481241226196,0.36538461538461536,0.8269230769230769,0.21428571428571427,0.8571428571428571,0.0004
739,1.566547691822052,1.5360479354858398,0.36538461538461536,0.8269230769230769,0.21428571428571427,0.8571428571428571,0.0004
740,1.536742389202118,1.5361781120300293,0.36538461538461536,0.8269230769230769,0.21428571428571427,0.8571428571428571,0.0004
741,1.5533838868141174,1.5360139608383179,0.36538461538461536,0.8269230769230769,0.21428571428571427,0.8571428571428571,0.0004
742,1.5508448481559753,1.5354535579681396,0.36538461538461536,0.8269230769230769,0.21428571428571427,0.8571428571428571,0.0004
743,1.5650784969329834,1.5347603559494019,0.36538461538461536,0.8269230769230769,0.21428571428571427,0.8571428571428571,0.0004
744,1.54804927110672,1.534063696861267,0.36538461538461536,0.8269230769230769,0.21428571428571427,0.8571428571428571,0.0004
745,1.5678582191467285,1.5337401628494263,0.36538461538461536,0.8269230769230769,0.21428571428571427,0.8571428571428571,0.0004
746,1.5624172687530518,1.5329985618591309,0.36538461538461536,0.8269230769230769,0.21428571428571427,0.8571428571428571,0.0004
747,1.5971844792366028,1.5327770709991455,0.36538461538461536,0.8269230769230769,0.21428571428571427,0.8571428571428571,0.0004
748,1.5215569734573364,1.5324729681015015,0.36538461538461536,0.8269230769230769,0.21428571428571427,0.8571428571428571,0.0004
749,1.5669987201690674,1.5319864749908447,0.36538461538461536,0.8269230769230769,0.21428571428571427,0.8571428571428571,0.0004
750,1.5669513940811157,1.5313684940338135,0.36538461538461536,0.8269230769230769,0.21428571428571427,0.8571428571428571,0.0004
751,1.5221192836761475,1.530670166015625,0.36538461538461536,0.8269230769230769,0.21428571428571427,0.8571428571428571,0.0004
752,1.5677072405815125,1.5298192501068115,0.36538461538461536,0.8269230769230769,0.21428571428571427,0.8571428571428571,0.0004
753,1.5392987132072449,1.528894305229187,0.36538461538461536,0.8269230769230769,0.21428571428571427,0.8571428571428571,0.0004
754,1.5795624256134033,1.5274112224578857,0.36538461538461536,0.8269230769230769,0.21428571428571427,0.8571428571428571,0.0004
755,1.5802733898162842,1.526387095451355,0.36538461538461536,0.8269230769230769,0.21428571428571427,0.8571428571428571,0.0004
756,1.5480031967163086,1.5255638360977173,0.36538461538461536,0.8269230769230769,0.21428571428571427,0.8571428571428571,0.0004
757,1.564099669456482,1.5253592729568481,0.36538461538461536,0.8269230769230769,0.21428571428571427,0.8571428571428571,0.0004
758,1.5193261504173279,1.5256251096725464,0.36538461538461536,0.8269230769230769,0.21428571428571427,0.8571428571428571,0.0004
759,1.5522229075431824,1.5262610912322998,0.36538461538461536,0.8269230769230769,0.21428571428571427,0.8571428571428571,0.0004
760,1.5809204578399658,1.5265874862670898,0.36538461538461536,0.8269230769230769,0.21428571428571427,0.8571428571428571,0.0004
761,1.5691093802452087,1.5272159576416016,0.36538461538461536,0.8269230769230769,0.21428571428571427,0.8571428571428571,0.0004
762,1.5968337059020996,1.5272529125213623,0.36538461538461536,0.8269230769230769,0.21428571428571427,0.8571428571428571,0.0004
763,1.540669322013855,1.5275827646255493,0.36538461538461536,0.8269230769230769,0.21428571428571427,0.8571428571428571,0.0004
764,1.5496158003807068,1.527071475982666,0.36538461538461536,0.8269230769230769,0.21428571428571427,0.8571428571428571,0.0004
765,1.5660609006881714,1.5268638134002686,0.36538461538461536,0.8269230769230769,0.21428571428571427,0.8571428571428571,0.0004
766,1.55233234167099,1.526784896850586,0.36538461538461536,0.8269230769230769,0.21428571428571427,0.8571428571428571,0.0004
767,1.5654144883155823,1.5264692306518555,0.36538461538461536,0.8269230769230769,0.21428571428571427,0.8571428571428571,0.0004
768,1.5647215843200684,1.5262658596038818,0.36538461538461536,0.8269230769230769,0.21428571428571427,0.8571428571428571,0.0004
769,1.5516133308410645,1.5263854265213013,0.36538461538461536,0.8269230769230769,0.21428571428571427,0.8571428571428571,0.0004
770,1.5508372783660889,1.5264077186584473,0.36538461538461536,0.8269230769230769,0.21428571428571427,0.8571428571428571,0.0004
771,1.5344977974891663,1.5264127254486084,0.36538461538461536,0.8269230769230769,0.21428571428571427,0.8571428571428571,0.0004
772,1.598130464553833,1.5267916917800903,0.36538461538461536,0.8269230769230769,0.21428571428571427,0.8571428571428571,0.0004
773,1.5490164756774902,1.5268566608428955,0.36538461538461536,0.8269230769230769,0.21428571428571427,0.8571428571428571,0.0004
774,1.58096444606781,1.5272740125656128,0.36538461538461536,0.8269230769230769,0.21428571428571427,0.8571428571428571,0.0004
775,1.5791802406311035,1.5277243852615356,0.36538461538461536,0.8269230769230769,0.21428571428571427,0.8571428571428571,0.0004
776,1.5178627967834473,1.5283291339874268,0.36538461538461536,0.8269230769230769,0.21428571428571427,0.8571428571428571,0.0004
777,1.5358836650848389,1.5295382738113403,0.36538461538461536,0.8269230769230769,0.21428571428571427,0.8571428571428571,0.0004
778,1.5380758047103882,1.5307337045669556,0.36538461538461536,0.8269230769230769,0.21428571428571427,0.8571428571428571,0.0004
779,1.5380908250808716,1.5315237045288086,0.36538461538461536,0.8269230769230769,0.21428571428571427,0.8571428571428571,0.0004
780,1.5789029598236084,1.5318442583084106,0.36538461538461536,0.8269230769230769,0.21428571428571427,0.8571428571428571,0.0004
781,1.5528467297554016,1.532458782196045,0.36538461538461536,0.8269230769230769,0.21428571428571427,0.8571428571428571,0.0004
782,1.592737078666687,1.5325183868408203,0.36538461538461536,0.8269230769230769,0.21428571428571427,0.8571428571428571,0.0004
783,1.537933588027954,1.533103346824646,0.36538461538461536,0.8269230769230769,0.21428571428571427,0.8571428571428571,0.0004
784,1.534733772277832,1.5332578420639038,0.36538461538461536,0.8269230769230769,0.21428571428571427,0.8571428571428571,0.0004
785,1.537034273147583,1.533462643623352,0.36538461538461536,0.8269230769230769,0.21428571428571427,0.8571428571428571,0.0004
786,1.5679139494895935,1.5334292650222778,0.36538461538461536,0.8269230769230769,0.21428571428571427,0.8571428571428571,0.0004
787,1.5840506553649902,1.533156156539917,0.36538461538461536,0.8269230769230769,0.21428571428571427,0.8571428571428571,0.0004
788,1.5686570405960083,1.5325536727905273,0.36538461538461536,0.8269230769230769,0.21428571428571427,0.8571428571428571,0.0004
789,1.5482450127601624,1.5314977169036865,0.36538461538461536,0.8269230769230769,0.21428571428571427,0.8571428571428571,0.0004
790,1.5316650867462158,1.530726671218872,0.36538461538461536,0.8269230769230769,0.21428571428571427,0.8571428571428571,0.0004
791,1.548476755619049,1.5304975509643555,0.36538461538461536,0.8269230769230769,0.21428571428571427,0.8571428571428571,0.0004
792,1.5346266627311707,1.5305533409118652,0.36538461538461536,0.8269230769230769,0.21428571428571427,0.8571428571428571,0.0004
793,1.5358883738517761,1.5306826829910278,0.36538461538461536,0.8269230769230769,0.21428571428571427,0.8571428571428571,0.0004
794,1.5469125509262085,1.5304863452911377,0.36538461538461536,0.8269230769230769,0.21428571428571427,0.8571428571428571,0.0004
795,1.5467719435691833,1.5308384895324707,0.36538461538461536,0.8269230769230769,0.21428571428571427,0.8571428571428571,0.0004
796,1.564596176147461,1.5316647291183472,0.36538461538461536,0.8269230769230769,0.21428571428571427,0.8571428571428571,0.0004
797,1.5657150745391846,1.5327335596084595,0.36538461538461536,0.8269230769230769,0.21428571428571427,0.8571428571428571,0.0004
798,1.5328750610351562,1.533626914024353,0.36538461538461536,0.8269230769230769,0.21428571428571427,0.8571428571428571,0.0004
799,1.5312458276748657,1.5345126390457153,0.36538461538461536,0.8269230769230769,0.21428571428571427,0.8571428571428571,0.0004
800,1.5593894720077515,1.5355032682418823,0.36538461538461536,0.8269230769230769,0.21428571428571427,0.8571428571428571,0.0004
801,1.5825465321540833,1.5371350049972534,0.36538461538461536,0.8269230769230769,0.21428571428571427,0.8571428571428571,0.0004
802,1.5641047358512878,1.5384767055511475,0.36538461538461536,0.8269230769230769,0.21428571428571427,0.8571428571428571,0.0004
803,1.5711994767189026,1.5398688316345215,0.36538461538461536,0.8269230769230769,0.21428571428571427,0.8571428571428571,0.0004
804,1.6014124155044556,1.5406142473220825,0.36538461538461536,0.8269230769230769,0.21428571428571427,0.8571428571428571,0.0004
805,1.5640290975570679,1.5406627655029297,0.36538461538461536,0.8269230769230769,0.21428571428571427,0.8571428571428571,0.0004
806,1.5823162198066711,1.5407657623291016,0.36538461538461536,0.8269230769230769,0.21428571428571427,0.8571428571428571,0.0004
807,1.566008746623993,1.5405995845794678,0.36538461538461536,0.8269230769230769,0.21428571428571427,0.8571428571428571,0.0004
808,1.5932261943817139,1.5401633977890015,0.36538461538461536,0.8269230769230769,0.21428571428571427,0.8571428571428571,0.0004
809,1.5788506269454956,1.5399513244628906,0.36538461538461536,0.8269230769230769,0.21428571428571427,0.8571428571428571,0.0004
810,1.5766104459762573,1.5397313833236694,0.36538461538461536,0.8269230769230769,0.21428571428571427,0.8571428571428571,0.0004
811,1.5679858326911926,1.5399246215820312,0.36538461538461536,0.8269230769230769,0.21428571428571427,0.8571428571428571,0.0004
812,1.5474386811256409,1.5395808219909668,0.36538461538461536,0.8269230769230769,0.21428571428571427,0.8571428571428571,0.0004
813,1.583357572555542,1.5394906997680664,0.36538461538461536,0.8269230769230769,0.21428571428571427,0.8571428571428571,0.0004
814,1.5624245405197144,1.5388612747192383,0.36538461538461536,0.8269230769230769,0.21428571428571427,0.8571428571428571,0.0004
815,1.5527842044830322,1.5386242866516113,0.36538461538461536,0.8269230769230769,0.21428571428571427,0.8571428571428571,0.0004
816,1.5349074006080627,1.5379811525344849,0.36538461538461536,0.8269230769230769,0.21428571428571427,0.8571428571428571,0.0004
817,1.5651063323020935,1.5373516082763672,0.36538461538461536,0.8269230769230769,0.21428571428571427,0.8571428571428571,0.0004
818,1.5848996043205261,1.5368422269821167,0.36538461538461536,0.8269230769230769,0.21428571428571427,0.8571428571428571,0.0004
819,1.5793060064315796,1.5357027053833008,0.36538461538461536,0.8269230769230769,0.21428571428571427,0.8571428571428571,0.0004
820,1.5612717866897583,1.5346331596374512,0.36538461538461536,0.8269230769230769,0.21428571428571427,0.8571428571428571,0.0004
821,1.5639097690582275,1.5340429544448853,0.36538461538461536,0.8269230769230769,0.21428571428571427,0.8571428571428571,0.0004
822,1.5927547216415405,1.533565878868103,0.36538461538461536,0.8269230769230769,0.21428571428571427,0.8571428571428571,0.0004
823,1.539280354976654,1.533369541168213,0.36538461538461536,0.8269230769230769,0.21428571428571427,0.8571428571428571,0.0004
824,1.5373459458351135,1.5328315496444702,0.36538461538461536,0.8269230769230769,0.21428571428571427,0.8571428571428571,0.0004
825,1.5490828156471252,1.532280445098877,0.36538461538461536,0.8269230769230769,0.21428571428571427,0.8571428571428571,0.0004
826,1.5475985407829285,1.5319701433181763,0.36538461538461536,0.8269230769230769,0.21428571428571427,0.8571428571428571,0.0004
827,1.5652186274528503,1.5322037935256958,0.36538461538461536,0.8269230769230769,0.21428571428571427,0.8571428571428571,0.0004
828,1.5664095878601074,1.5325627326965332,0.36538461538461536,0.8269230769230769,0.21428571428571427,0.8571428571428571,0.0004
829,1.5915706157684326,1.5326099395751953,0.36538461538461536,0.8269230769230769,0.21428571428571427,0.8571428571428571,0.0004
830,1.5603047609329224,1.5330219268798828,0.36538461538461536,0.8269230769230769,0.21428571428571427,0.8571428571428571,0.0004
831,1.5670586824417114,1.5341873168945312,0.36538461538461536,0.8269230769230769,0.21428571428571427,0.8571428571428571,0.0004
832,1.536629319190979,1.534993052482605,0.36538461538461536,0.8269230769230769,0.21428571428571427,0.8571428571428571,0.0004
833,1.5637511014938354,1.5354864597320557,0.36538461538461536,0.8269230769230769,0.21428571428571427,0.8571428571428571,0.0004
834,1.5712220668792725,1.5362279415130615,0.36538461538461536,0.8269230769230769,0.21428571428571427,0.8571428571428571,0.0004
835,1.5616551637649536,1.5359513759613037,0.36538461538461536,0.8269230769230769,0.21428571428571427,0.8571428571428571,0.0004
836,1.5794222950935364,1.5361297130584717,0.36538461538461536,0.8269230769230769,0.21428571428571427,0.8571428571428571,0.0004
837,1.5651000142097473,1.5363205671310425,0.36538461538461536,0.8269230769230769,0.21428571428571427,0.8571428571428571,0.0004
838,1.5936349034309387,1.5363240242004395,0.36538461538461536,0.8269230769230769,0.21428571428571427,0.8571428571428571,0.0004
839,1.5663278698921204,1.53670334815979,0.36538461538461536,0.8269230769230769,0.21428571428571427,0.8571428571428571,0.0004
840,1.53473961353302,1.5368690490722656,0.36538461538461536,0.8269230769230769,0.21428571428571427,0.8571428571428571,0.0004
841,1.5748313665390015,1.5368423461914062,0.36538461538461536,0.8269230769230769,0.21428571428571427,0.8571428571428571,0.0004
842,1.520320475101471,1.5374422073364258,0.36538461538461536,0.8269230769230769,0.21428571428571427,0.8571428571428571,0.0004
843,1.5531052350997925,1.5379605293273926,0.36538461538461536,0.8269230769230769,0.21428571428571427,0.8571428571428571,0.0004
844,1.5908963084220886,1.5378353595733643,0.36538461538461536,0.8269230769230769,0.21428571428571427,0.8571428571428571,0.0004
845,1.525286614894867,1.5383076667785645,0.36538461538461536,0.8269230769230769,0.21428571428571427,0.8571428571428571,0.0004
846,1.5864708423614502,1.538237452507019,0.36538461538461536,0.8269230769230769,0.21428571428571427,0.8571428571428571,0.0004
847,1.563101589679718,1.5373131036758423,0.36538461538461536,0.8269230769230769,0.21428571428571427,0.8571428571428571,0.0004
848,1.5666935443878174,1.5366755723953247,0.36538461538461536,0.8269230769230769,0.21428571428571427,0.8571428571428571,0.0004
849,1.5520933866500854,1.535893440246582,0.36538461538461536,0.8269230769230769,0.21428571428571427,0.8571428571428571,0.0004
850,1.5918197631835938,1.5347464084625244,0.36538461538461536,0.8269230769230769,0.21428571428571427,0.8571428571428571,0.0004
851,1.5796775817871094,1.5341601371765137,0.36538461538461536,0.8269230769230769,0.21428571428571427,0.8571428571428571,0.0004
852,1.564856767654419,1.5336402654647827,0.36538461538461536,0.8269230769230769,0.21428571428571427,0.8571428571428571,0.0004
853,1.5357543230056763,1.5332826375961304,0.36538461538461536,0.8269230769230769,0.21428571428571427,0.8571428571428571,0.0004
854,1.5934561491012573,1.5327746868133545,0.36538461538461536,0.8269230769230769,0.21428571428571427,0.8571428571428571,0.0004
855,1.593991756439209,1.5324994325637817,0.36538461538461536,0.8269230769230769,0.21428571428571427,0.8571428571428571,0.0004
856,1.548763632774353,1.5324238538742065,0.36538461538461536,0.8269230769230769,0.21428571428571427,0.8571428571428571,0.0004
857,1.548599123954773,1.5324604511260986,0.36538461538461536,0.8269230769230769,0.21428571428571427,0.8571428571428571,0.0004
858,1.5347201824188232,1.532818078994751,0.36538461538461536,0.8269230769230769,0.21428571428571427,0.8571428571428571,0.0004
859,1.5568053126335144,1.5334384441375732,0.36538461538461536,0.8269230769230769,0.21428571428571427,0.8571428571428571,0.0004
860,1.5625593066215515,1.533177137374878,0.36538461538461536,0.8269230769230769,0.21428571428571427,0.8571428571428571,0.0004
861,1.5940439701080322,1.5332989692687988,0.36538461538461536,0.8269230769230769,0.21428571428571427,0.8571428571428571,0.0004
862,1.5375356674194336,1.5335962772369385,0.36538461538461536,0.8269230769230769,0.21428571428571427,0.8571428571428571,0.0004
863,1.5702226758003235,1.533786654472351,0.36538461538461536,0.8269230769230769,0.21428571428571427,0.8571428571428571,0.0004
864,1.5788155794143677,1.533230185508728,0.36538461538461536,0.8269230769230769,0.21428571428571427,0.8571428571428571,0.0004
865,1.5241050124168396,1.5330229997634888,0.36538461538461536,0.8269230769230769,0.21428571428571427,0.8571428571428571,0.0004
866,1.5648900866508484,1.5323295593261719,0.36538461538461536,0.8269230769230769,0.21428571428571427,0.8571428571428571,0.0004
867,1.5803188681602478,1.5317480564117432,0.36538461538461536,0.8269230769230769,0.21428571428571427,0.8571428571428571,0.0004
868,1.5337562561035156,1.5312267541885376,0.36538461538461536,0.8269230769230769,0.21428571428571427,0.8571428571428571,0.0004
869,1.5220187306404114,1.531062364578247,0.36538461538461536,0.8269230769230769,0.21428571428571427,0.8571428571428571,0.0004
870,1.5805026292800903,1.5306440591812134,0.36538461538461536,0.8269230769230769,0.21428571428571427,0.8571428571428571,0.0004
871,1.5623809099197388,1.530280590057373,0.36538461538461536,0.8269230769230769,0.21428571428571427,0.8571428571428571,0.0004
872,1.5507992506027222,1.5305359363555908,0.36538461538461536,0.8269230769230769,0.21428571428571427,0.8571428571428571,0.0004
873,1.5663657188415527,1.53074312210083,0.36538461538461536,0.8269230769230769,0.21428571428571427,0.8571428571428571,0.0004
874,1.5493884682655334,1.5307799577713013,0.36538461538461536,0.8269230769230769,0.21428571428571427,0.8571428571428571,0.0004
875,1.548487663269043,1.5309062004089355,0.36538461538461536,0.8269230769230769,0.21428571428571427,0.8571428571428571,0.0004
876,1.5377671122550964,1.5313849449157715,0.36538461538461536,0.8269230769230769,0.21428571428571427,0.8571428571428571,0.0004
877,1.5508363246917725,1.5314799547195435,0.36538461538461536,0.8269230769230769,0.21428571428571427,0.8571428571428571,0.0004
878,1.5948138236999512,1.5314558744430542,0.36538461538461536,0.8269230769230769,0.21428571428571427,0.8571428571428571,0.0004
879,1.5814484357833862,1.531630039215088,0.36538461538461536,0.8269230769230769,0.21428571428571427,0.8571428571428571,0.0004
880,1.5781481266021729,1.5315912961959839,0.36538461538461536,0.8269230769230769,0.21428571428571427,0.8571428571428571,0.0004
881,1.5260529518127441,1.5320987701416016,0.36538461538461536,0.8269230769230769,0.21428571428571427,0.8571428571428571,0.0004
882,1.5382776856422424,1.5318763256072998,0.36538461538461536,0.8269230769230769,0.21428571428571427,0.8571428571428571,0.0004
883,1.5495030283927917,1.5313271284103394,0.36538461538461536,0.8269230769230769,0.21428571428571427,0.8571428571428571,0.0004
884,1.5370196104049683,1.5310335159301758,0.36538461538461536,0.8269230769230769,0.21428571428571427,0.8571428571428571,0.0004
885,1.5642509460449219,1.5304489135742188,0.36538461538461536,0.8269230769230769,0.21428571428571427,0.8571428571428571,0.0004
886,1.594719648361206,1.5301069021224976,0.36538461538461536,0.8269230769230769,0.21428571428571427,0.8571428571428571,0.0004
887,1.565817952156067,1.530073881149292,0.36538461538461536,0.8269230769230769,0.21428571428571427,0.8571428571428571,0.0004
888,1.5681949853897095,1.5301154851913452,0.36538461538461536,0.8269230769230769,0.21428571428571427,0.8571428571428571,0.0004
889,1.5544672012329102,1.5299029350280762,0.36538461538461536,0.8269230769230769,0.21428571428571427,0.8571428571428571,0.0004
890,1.5507779121398926,1.5292013883590698,0.36538461538461536,0.8269230769230769,0.21428571428571427,0.8571428571428571,0.0004
891,1.5368586778640747,1.5286176204681396,0.36538461538461536,0.8269230769230769,0.21428571428571427,0.8571428571428571,0.0004
892,1.5658406615257263,1.5278851985931396,0.36538461538461536,0.8269230769230769,0.21428571428571427,0.8571428571428571,0.0004
893,1.5512180924415588,1.5272749662399292,0.36538461538461536,0.8269230769230769,0.21428571428571427,0.8571428571428571,0.0004
894,1.5944476127624512,1.5266139507293701,0.36538461538461536,0.8269230769230769,0.21428571428571427,0.8571428571428571,0.0004
895,1.5654858946800232,1.526416301727295,0.36538461538461536,0.8269230769230769,0.21428571428571427,0.8571428571428571,0.0004
896,1.5039977431297302,1.5263015031814575,0.36538461538461536,0.8269230769230769,0.21428571428571427,0.8571428571428571,0.0004
897,1.5788344144821167,1.5264713764190674,0.36538461538461536,0.8269230769230769,0.21428571428571427,0.8571428571428571,0.0004
898,1.5390493869781494,1.5272248983383179,0.36538461538461536,0.8269230769230769,0.21428571428571427,0.8571428571428571,0.0004
899,1.5794079303741455,1.5273032188415527,0.36538461538461536,0.8269230769230769,0.21428571428571427,0.8571428571428571,0.0004
900,1.5630945563316345,1.5277047157287598,0.36538461538461536,0.8269230769230769,0.21428571428571427,0.8571428571428571,0.0004
901,1.5490684509277344,1.5285152196884155,0.36538461538461536,0.8269230769230769,0.21428571428571427,0.8571428571428571,0.0004
902,1.5511738657951355,1.5295586585998535,0.36538461538461536,0.8269230769230769,0.21428571428571427,0.8571428571428571,0.0004
903,1.5174744129180908,1.5303173065185547,0.36538461538461536,0.8269230769230769,0.21428571428571427,0.8571428571428571,0.0004
904,1.5636389255523682,1.5313808917999268,0.36538461538461536,0.8269230769230769,0.21428571428571427,0.8571428571428571,0.0004
905,1.562395691871643,1.5325344800949097,0.36538461538461536,0.8269230769230769,0.21428571428571427,0.8571428571428571,0.0004
906,1.5943963527679443,1.5339375734329224,0.36538461538461536,0.8269230769230769,0.21428571428571427,0.8571428571428571,0.0004
907,1.5179668068885803,1.5353364944458008,0.36538461538461536,0.8269230769230769,0.21428571428571427,0.8571428571428571,0.0004
908,1.5631124377250671,1.5366543531417847,0.36538461538461536,0.8269230769230769,0.21428571428571427,0.8571428571428571,0.0004
909,1.5659261345863342,1.5381484031677246,0.36538461538461536,0.8269230769230769,0.21428571428571427,0.8571428571428571,0.0004
910,1.5777320861816406,1.539193868637085,0.36538461538461536,0.8269230769230769,0.21428571428571427,0.8571428571428571,0.0004
911,1.5710416436195374,1.540510654449463,0.36538461538461536,0.8269230769230769,0.21428571428571427,0.8571428571428571,0.0004
912,1.591660499572754,1.540804147720337,0.36538461538461536,0.8269230769230769,0.21428571428571427,0.8571428571428571,0.0004
913,1.5369387865066528,1.5415308475494385,0.36538461538461536,0.8269230769230769,0.21428571428571427,0.8571428571428571,0.0004
914,1.5439257621765137,1.5416309833526611,0.36538461538461536,0.8269230769230769,0.21428571428571427,0.8571428571428571,0.0004
915,1.5720416903495789,1.5423835515975952,0.36538461538461536,0.8269230769230769,0.21428571428571427,0.8571428571428571,0.0004
916,1.5489517450332642,1.5421538352966309,0.36538461538461536,0.8269230769230769,0.21428571428571427,0.8571428571428571,0.0004
917,1.5622838735580444,1.5418531894683838,0.36538461538461536,0.8269230769230769,0.21428571428571427,0.8571428571428571,0.0004
918,1.5482313632965088,1.5416595935821533,0.36538461538461536,0.8269230769230769,0.21428571428571427,0.8571428571428571,0.0004
919,1.5799663662910461,1.541529655456543,0.36538461538461536,0.8269230769230769,0.21428571428571427,0.8571428571428571,0.0004
920,1.5807263851165771,1.5412747859954834,0.36538461538461536,0.8269230769230769,0.21428571428571427,0.8571428571428571,0.0004
921,1.5343260169029236,1.5407938957214355,0.36538461538461536,0.8269230769230769,0.21428571428571427,0.8571428571428571,0.0004
922,1.5495374202728271,1.5403815507888794,0.36538461538461536,0.8269230769230769,0.21428571428571427,0.8571428571428571,0.0004
923,1.5364294052124023,1.539940595626831,0.36538461538461536,0.8269230769230769,0.21428571428571427,0.8571428571428571,0.0004
924,1.5064817070960999,1.539383888244629,0.36538461538461536,0.8269230769230769,0.21428571428571427,0.8571428571428571,0.0004
925,1.5348373651504517,1.5387154817581177,0.36538461538461536,0.8269230769230769,0.21428571428571427,0.8571428571428571,0.0004
926,1.5742896795272827,1.5378471612930298,0.36538461538461536,0.8269230769230769,0.21428571428571427,0.8571428571428571,0.0004
927,1.532023012638092,1.537677526473999,0.36538461538461536,0.8269230769230769,0.21428571428571427,0.8571428571428571,0.0004
928,1.5619851350784302,1.5376557111740112,0.36538461538461536,0.8269230769230769,0.21428571428571427,0.8571428571428571,0.0004
929,1.5665281414985657,1.537964940071106,0.36538461538461536,0.8269230769230769,0.21428571428571427,0.8571428571428571,0.0004
930,1.5828997492790222,1.5380616188049316,0.36538461538461536,0.8269230769230769,0.21428571428571427,0.8571428571428571,0.0004
931,1.5337863564491272,1.5378191471099854,0.36538461538461536,0.8269230769230769,0.21428571428571427,0.8571428571428571,0.0004
932,1.5189939141273499,1.5375761985778809,0.36538461538461536,0.8269230769230769,0.21428571428571427,0.8571428571428571,0.0004
933,1.5517228245735168,1.537319540977478,0.36538461538461536,0.8269230769230769,0.21428571428571427,0.8571428571428571,0.0004
934,1.5796697735786438,1.5367565155029297,0.36538461538461536,0.8269230769230769,0.21428571428571427,0.8571428571428571,0.0004
935,1.578409492969513,1.536277413368225,0.36538461538461536,0.8269230769230769,0.21428571428571427,0.8571428571428571,0.0004
936,1.5473132729530334,1.5360276699066162,0.36538461538461536,0.8269230769230769,0.21428571428571427,0.8571428571428571,0.0004
937,1.5813018083572388,1.5360764265060425,0.36538461538461536,0.8269230769230769,0.21428571428571427,0.8571428571428571,0.0004
938,1.5819697976112366,1.5360440015792847,0.36538461538461536,0.8269230769230769,0.21428571428571427,0.8571428571428571,0.0004
939,1.553883671760559,1.5359432697296143,0.36538461538461536,0.8269230769230769,0.21428571428571427,0.8571428571428571,0.0004
940,1.5668930411338806,1.5354167222976685,0.36538461538461536,0.8269230769230769,0.21428571428571427,0.8571428571428571,0.0004
941,1.551174283027649,1.534753441810608,0.36538461538461536,0.8269230769230769,0.21428571428571427,0.8571428571428571,0.0004
942,1.5518889427185059,1.534005045890808,0.36538461538461536,0.8269230769230769,0.21428571428571427,0.8571428571428571,0.0004
943,1.5759304761886597,1.532904028892517,0.36538461538461536,0.8269230769230769,0.21428571428571427,0.8571428571428571,0.0004
944,1.5759729146957397,1.5324641466140747,0.36538461538461536,0.8269230769230769,0.21428571428571427,0.8571428571428571,0.0004
945,1.5657356977462769,1.5327022075653076,0.36538461538461536,0.8269230769230769,0.21428571428571427,0.8571428571428571,0.0004
946,1.5765630006790161,1.5327807664871216,0.36538461538461536,0.8269230769230769,0.21428571428571427,0.8571428571428571,0.0004
947,1.565652847290039,1.533362627029419,0.36538461538461536,0.8269230769230769,0.21428571428571427,0.8571428571428571,0.0004
948,1.5085747838020325,1.533843755722046,0.36538461538461536,0.8269230769230769,0.21428571428571427,0.8571428571428571,0.0004
949,1.562418818473816,1.533935308456421,0.36538461538461536,0.8269230769230769,0.21428571428571427,0.8571428571428571,0.0004
950,1.519015610218048,1.5342949628829956,0.36538461538461536,0.8269230769230769,0.21428571428571427,0.8571428571428571,0.0004
951,1.5639781951904297,1.534686803817749,0.36538461538461536,0.8269230769230769,0.21428571428571427,0.8571428571428571,0.0004
952,1.568361759185791,1.5352582931518555,0.36538461538461536,0.8269230769230769,0.21428571428571427,0.8571428571428571,0.0004
953,1.5651735067367554,1.5353951454162598,0.36538461538461536,0.8269230769230769,0.21428571428571427,0.8571428571428571,0.0004
954,1.5316339135169983,1.53533136844635,0.36538461538461536,0.8269230769230769,0.21428571428571427,0.8571428571428571,0.0004
955,1.5915928483009338,1.5355523824691772,0.36538461538461536,0.8269230769230769,0.21428571428571427,0.8571428571428571,0.0004
956,1.5500910878181458,1.536173939704895,0.36538461538461536,0.8269230769230769,0.21428571428571427,0.8571428571428571,0.0004
957,1.5504044890403748,1.5366957187652588,0.36538461538461536,0.8269230769230769,0.21428571428571427,0.8571428571428571,0.0004
958,1.5220157504081726,1.5370793342590332,0.36538461538461536,0.8269230769230769,0.21428571428571427,0.8571428571428571,0.0004
959,1.5390926003456116,1.5372322797775269,0.36538461538461536,0.8269230769230769,0.21428571428571427,0.8571428571428571,0.0004
960,1.562048852443695,1.5366910696029663,0.36538461538461536,0.8269230769230769,0.21428571428571427,0.8571428571428571,0.0004
961,1.549798607826233,1.5365025997161865,0.36538461538461536,0.8269230769230769,0.21428571428571427,0.8571428571428571,0.0004
962,1.5791800022125244,1.5362486839294434,0.36538461538461536,0.8269230769230769,0.21428571428571427,0.8571428571428571,0.0004
963,1.6149393320083618,1.5362086296081543,0.36538461538461536,0.8269230769230769,0.21428571428571427,0.8571428571428571,0.0004
964,1.570708155632019,1.5358444452285767,0.36538461538461536,0.8269230769230769,0.21428571428571427,0.8571428571428571,0.0004
965,1.58245187997818,1.534881353378296,0.36538461538461536,0.8269230769230769,0.21428571428571427,0.8571428571428571,0.0004
966,1.565942406654358,1.5337517261505127,0.36538461538461536,0.8269230769230769,0.21428571428571427,0.8571428571428571,0.0004
967,1.568652868270874,1.5327258110046387,0.36538461538461536,0.8269230769230769,0.21428571428571427,0.8571428571428571,0.0004
968,1.547991931438446,1.5312827825546265,0.36538461538461536,0.8269230769230769,0.21428571428571427,0.8571428571428571,0.0004
969,1.5656380653381348,1.5304173231124878,0.36538461538461536,0.8269230769230769,0.21428571428571427,0.8571428571428571,0.0004
970,1.5363748669624329,1.5296385288238525,0.36538461538461536,0.8269230769230769,0.21428571428571427,0.8571428571428571,0.0004
971,1.5636332035064697,1.5287623405456543,0.36538461538461536,0.8269230769230769,0.21428571428571427,0.8571428571428571,0.0004
972,1.5954636931419373,1.5283173322677612,0.36538461538461536,0.8269230769230769,0.21428571428571427,0.8571428571428571,0.0004
973,1.5486026406288147,1.5278927087783813,0.36538461538461536,0.8269230769230769,0.21428571428571427,0.8571428571428571,0.0004
974,1.5077779293060303,1.5279903411865234,0.36538461538461536,0.8269230769230769,0.21428571428571427,0.8571428571428571,0.0004
975,1.5487201809883118,1.5277680158615112,0.36538461538461536,0.8269230769230769,0.21428571428571427,0.8571428571428571,0.0004
976,1.549140989780426,1.5278916358947754,0.36538461538461536,0.8269230769230769,0.21428571428571427,0.8571428571428571,0.0004
977,1.5624930262565613,1.5283442735671997,0.36538461538461536,0.8269230769230769,0.21428571428571427,0.8571428571428571,0.0004
978,1.563859224319458,1.5292370319366455,0.36538461538461536,0.8269230769230769,0.21428571428571427,0.8571428571428571,0.0004
979,1.5535154342651367,1.5305132865905762,0.36538461538461536,0.8269230769230769,0.21428571428571427,0.8571428571428571,0.0004
980,1.5488479137420654,1.5312731266021729,0.36538461538461536,0.8269230769230769,0.21428571428571427,0.8571428571428571,0.0004
981,1.5944929122924805,1.532205581665039,0.36538461538461536,0.8269230769230769,0.21428571428571427,0.8571428571428571,0.0004
982,1.5804452300071716,1.533212661743164,0.36538461538461536,0.8269230769230769,0.21428571428571427,0.8571428571428571,0.0004
983,1.582137644290924,1.534152865409851,0.36538461538461536,0.8269230769230769,0.21428571428571427,0.8571428571428571,0.0004
984,1.5348478555679321,1.5347278118133545,0.36538461538461536,0.8269230769230769,0.21428571428571427,0.8571428571428571,0.0004
985,1.5359413623809814,1.5352537631988525,0.36538461538461536,0.8269230769230769,0.21428571428571427,0.8571428571428571,0.0004
986,1.5766539573669434,1.5354347229003906,0.36538461538461536,0.8269230769230769,0.21428571428571427,0.8571428571428571,0.0004
987,1.5486845970153809,1.535971760749817,0.36538461538461536,0.8269230769230769,0.21428571428571427,0.8571428571428571,0.0004
988,1.5388455986976624,1.5366491079330444,0.36538461538461536,0.8269230769230769,0.21428571428571427,0.8571428571428571,0.0004
989,1.5360557436943054,1.5367878675460815,0.36538461538461536,0.8269230769230769,0.21428571428571427,0.8571428571428571,0.0004
990,1.580837607383728,1.5367155075073242,0.36538461538461536,0.8269230769230769,0.21428571428571427,0.8571428571428571,0.0004
991,1.528574824333191,1.5363408327102661,0.36538461538461536,0.8269230769230769,0.21428571428571427,0.8571428571428571,0.0004
992,1.579643428325653,1.5367181301116943,0.36538461538461536,0.8269230769230769,0.21428571428571427,0.8571428571428571,0.0004
993,1.5650930404663086,1.5370690822601318,0.36538461538461536,0.8269230769230769,0.21428571428571427,0.8571428571428571,0.0004
994,1.5633716583251953,1.5372635126113892,0.36538461538461536,0.8269230769230769,0.21428571428571427,0.8571428571428571,0.0004
995,1.5843066573143005,1.5376579761505127,0.36538461538461536,0.8269230769230769,0.21428571428571427,0.8571428571428571,0.0004
996,1.5797369480133057,1.5375196933746338,0.36538461538461536,0.8269230769230769,0.21428571428571427,0.8571428571428571,0.0004
997,1.5637550354003906,1.5373551845550537,0.36538461538461536,0.8269230769230769,0.21428571428571427,0.8571428571428571,0.0004
998,1.5783303380012512,1.5372298955917358,0.36538461538461536,0.8269230769230769,0.21428571428571427,0.8571428571428571,0.0004
999,1.5603539943695068,1.537124752998352,0.36538461538461536,0.8269230769230769,0.21428571428571427,0.8571428571428571,0.0004
1000,1.5511011481285095,1.5376299619674683,0.36538461538461536,0.8269230769230769,0.21428571428571427,0.8571428571428571,0.0004
