epoch,train_loss,val_loss,train_acc_action,train_acc_status,val_acc_action,val_acc_status,learning_rate
1,1.7914695739746094,1.7677502632141113,0.3076923076923077,0.8269230769230769,0.42857142857142855,0.8571428571428571,0.0004
2,1.7748905420303345,1.7524235248565674,0.3076923076923077,0.8269230769230769,0.42857142857142855,0.8571428571428571,0.0004
3,1.7554800510406494,1.7363102436065674,0.3076923076923077,0.8269230769230769,0.42857142857142855,0.8571428571428571,0.0004
4,1.7456721663475037,1.7174072265625,0.3076923076923077,0.8269230769230769,0.42857142857142855,0.8571428571428571,0.0004
5,1.7223924398422241,1.6954299211502075,0.3076923076923077,0.8269230769230769,0.42857142857142855,0.8571428571428571,0.0004
6,1.6949650645256042,1.6673253774642944,0.3269230769230769,0.8269230769230769,0.21428571428571427,0.8571428571428571,0.0004
7,1.6590089797973633,1.6315553188323975,0.36538461538461536,0.8269230769230769,0.21428571428571427,0.8571428571428571,0.0004
8,1.6243253946304321,1.5865328311920166,0.36538461538461536,0.8269230769230769,0.21428571428571427,0.8571428571428571,0.0004
9,1.6103191375732422,1.5494475364685059,0.36538461538461536,0.8269230769230769,0.21428571428571427,0.8571428571428571,0.0004
10,1.5809475779533386,1.5548295974731445,0.36538461538461536,0.8269230769230769,0.21428571428571427,0.8571428571428571,0.0004
11,1.5450376272201538,1.5490622520446777,0.36538461538461536,0.8269230769230769,0.21428571428571427,0.8571428571428571,0.0004
12,1.610649049282074,1.5381273031234741,0.36538461538461536,0.8269230769230769,0.21428571428571427,0.8571428571428571,0.0004
13,1.5597873330116272,1.525964617729187,0.36538461538461536,0.8269230769230769,0.21428571428571427,0.8571428571428571,0.0004
14,1.5533605813980103,1.5244925022125244,0.36538461538461536,0.8269230769230769,0.21428571428571427,0.8571428571428571,0.0004
15,1.5268794298171997,1.5269876718521118,0.36538461538461536,0.8269230769230769,0.21428571428571427,0.8571428571428571,0.0004
16,1.579332709312439,1.529051423072815,0.36538461538461536,0.8269230769230769,0.21428571428571427,0.8571428571428571,0.0004
17,1.5672864317893982,1.530594825744629,0.36538461538461536,0.8269230769230769,0.21428571428571427,0.8571428571428571,0.0004
18,1.5476301312446594,1.5325946807861328,0.36538461538461536,0.8269230769230769,0.21428571428571427,0.8571428571428571,0.0004
19,1.570767879486084,1.5325194597244263,0.36538461538461536,0.8269230769230769,0.21428571428571427,0.8571428571428571,0.0004
20,1.59611976146698,1.5316568613052368,0.36538461538461536,0.8269230769230769,0.21428571428571427,0.8571428571428571,0.0004
21,1.6019709706306458,1.531974196434021,0.36538461538461536,0.8269230769230769,0.21428571428571427,0.8571428571428571,0.0004
22,1.5250864624977112,1.5322792530059814,0.36538461538461536,0.8269230769230769,0.21428571428571427,0.8571428571428571,0.0004
23,1.5377530455589294,1.5323960781097412,0.36538461538461536,0.8269230769230769,0.21428571428571427,0.8571428571428571,0.0004
24,1.5647621154785156,1.5330013036727905,0.36538461538461536,0.8269230769230769,0.21428571428571427,0.8571428571428571,0.0004
25,1.550799310207367,1.5348644256591797,0.36538461538461536,0.8269230769230769,0.21428571428571427,0.8571428571428571,0.0004
26,1.5642525553703308,1.5368690490722656,0.36538461538461536,0.8269230769230769,0.21428571428571427,0.8571428571428571,0.0004
27,1.5862655639648438,1.5394628047943115,0.36538461538461536,0.8269230769230769,0.21428571428571427,0.8571428571428571,0.0004
28,1.5638740062713623,1.5403944253921509,0.36538461538461536,0.8269230769230769,0.21428571428571427,0.8571428571428571,0.0004
29,1.589032530784607,1.5419961214065552,0.36538461538461536,0.8269230769230769,0.21428571428571427,0.8571428571428571,0.0004
30,1.5363728404045105,1.5414044857025146,0.36538461538461536,0.8269230769230769,0.21428571428571427,0.8571428571428571,0.0004
31,1.5998424291610718,1.540759563446045,0.36538461538461536,0.8269230769230769,0.21428571428571427,0.8571428571428571,0.0004
32,1.556520938873291,1.539881706237793,0.36538461538461536,0.8269230769230769,0.21428571428571427,0.8571428571428571,0.0004
33,1.5602188110351562,1.5375783443450928,0.36538461538461536,0.8269230769230769,0.21428571428571427,0.8571428571428571,0.0004
34,1.539794385433197,1.5374871492385864,0.36538461538461536,0.8269230769230769,0.21428571428571427,0.8571428571428571,0.0004
35,1.55196875333786,1.5369765758514404,0.36538461538461536,0.8269230769230769,0.21428571428571427,0.8571428571428571,0.0004
36,1.5537148714065552,1.5362660884857178,0.36538461538461536,0.8269230769230769,0.21428571428571427,0.8571428571428571,0.0004
37,1.5674301981925964,1.5349974632263184,0.36538461538461536,0.8269230769230769,0.21428571428571427,0.8571428571428571,0.0004
38,1.5927737951278687,1.5331112146377563,0.36538461538461536,0.8269230769230769,0.21428571428571427,0.8571428571428571,0.0004
39,1.5809730291366577,1.5319308042526245,0.36538461538461536,0.8269230769230769,0.21428571428571427,0.8571428571428571,0.0004
40,1.5775140523910522,1.5304009914398193,0.36538461538461536,0.8269230769230769,0.21428571428571427,0.8571428571428571,0.0004
41,1.5375363230705261,1.5297791957855225,0.36538461538461536,0.8269230769230769,0.21428571428571427,0.8571428571428571,0.0004
42,1.5799572467803955,1.5288987159729004,0.36538461538461536,0.8269230769230769,0.21428571428571427,0.8571428571428571,0.0004
43,1.551281213760376,1.52828848361969,0.36538461538461536,0.8269230769230769,0.21428571428571427,0.8571428571428571,0.0004
44,1.586122751235962,1.528407335281372,0.36538461538461536,0.8269230769230769,0.21428571428571427,0.8571428571428571,0.0004
45,1.5495443940162659,1.5265355110168457,0.36538461538461536,0.8269230769230769,0.21428571428571427,0.8571428571428571,0.0004
46,1.5493663549423218,1.5259164571762085,0.36538461538461536,0.8269230769230769,0.21428571428571427,0.8571428571428571,0.0004
47,1.5654967427253723,1.5255370140075684,0.36538461538461536,0.8269230769230769,0.21428571428571427,0.8571428571428571,0.0004
48,1.5541444420814514,1.5253992080688477,0.36538461538461536,0.8269230769230769,0.21428571428571427,0.8571428571428571,0.0004
49,1.5472716093063354,1.5249354839324951,0.36538461538461536,0.8269230769230769,0.21428571428571427,0.8571428571428571,0.0004
50,1.5489360690116882,1.5256845951080322,0.36538461538461536,0.8269230769230769,0.21428571428571427,0.8571428571428571,0.0004
51,1.5351337790489197,1.5268316268920898,0.36538461538461536,0.8269230769230769,0.21428571428571427,0.8571428571428571,0.0004
52,1.5827090740203857,1.52798593044281,0.36538461538461536,0.8269230769230769,0.21428571428571427,0.8571428571428571,0.0004
53,1.5473737120628357,1.5290915966033936,0.36538461538461536,0.8269230769230769,0.21428571428571427,0.8571428571428571,0.0004
54,1.5471694469451904,1.5305023193359375,0.36538461538461536,0.8269230769230769,0.21428571428571427,0.8571428571428571,0.0004
55,1.570501983165741,1.5322569608688354,0.36538461538461536,0.8269230769230769,0.21428571428571427,0.8571428571428571,0.0004
56,1.5684892535209656,1.5335463285446167,0.36538461538461536,0.8269230769230769,0.21428571428571427,0.8571428571428571,0.0004
57,1.5497694611549377,1.5345559120178223,0.36538461538461536,0.8269230769230769,0.21428571428571427,0.8571428571428571,0.0004
58,1.548618495464325,1.5338079929351807,0.36538461538461536,0.8269230769230769,0.21428571428571427,0.8571428571428571,0.0004
59,1.5338212847709656,1.5332093238830566,0.36538461538461536,0.8269230769230769,0.21428571428571427,0.8571428571428571,0.0004
60,1.5478333234786987,1.534172534942627,0.36538461538461536,0.8269230769230769,0.21428571428571427,0.8571428571428571,0.0004
61,1.5790000557899475,1.533847689628601,0.36538461538461536,0.8269230769230769,0.21428571428571427,0.8571428571428571,0.0004
62,1.6116302609443665,1.5341368913650513,0.36538461538461536,0.8269230769230769,0.21428571428571427,0.8571428571428571,0.0004
63,1.5383683443069458,1.5353834629058838,0.36538461538461536,0.8269230769230769,0.21428571428571427,0.8571428571428571,0.0004
64,1.5776013135910034,1.5350666046142578,0.36538461538461536,0.8269230769230769,0.21428571428571427,0.8571428571428571,0.0004
65,1.5330412983894348,1.5351356267929077,0.36538461538461536,0.8269230769230769,0.21428571428571427,0.8571428571428571,0.0004
66,1.5809779167175293,1.535040020942688,0.36538461538461536,0.8269230769230769,0.21428571428571427,0.8571428571428571,0.0004
67,1.5804593563079834,1.5348091125488281,0.36538461538461536,0.8269230769230769,0.21428571428571427,0.8571428571428571,0.0004
68,1.5286349058151245,1.5338717699050903,0.36538461538461536,0.8269230769230769,0.21428571428571427,0.8571428571428571,0.0004
69,1.5650365948677063,1.5330519676208496,0.36538461538461536,0.8269230769230769,0.21428571428571427,0.8571428571428571,0.0004
70,1.532294511795044,1.5346219539642334,0.36538461538461536,0.8269230769230769,0.21428571428571427,0.8571428571428571,0.0004
71,1.5913600325584412,1.5352296829223633,0.36538461538461536,0.8269230769230769,0.21428571428571427,0.8571428571428571,0.0004
72,1.5155590176582336,1.534087896347046,0.36538461538461536,0.8269230769230769,0.21428571428571427,0.8571428571428571,0.0004
73,1.5202338695526123,1.5374863147735596,0.36538461538461536,0.8269230769230769,0.21428571428571427,0.8571428571428571,0.0004
74,1.5770506262779236,1.5368307828903198,0.36538461538461536,0.8269230769230769,0.21428571428571427,0.8571428571428571,0.0004
75,1.5419909954071045,1.5332443714141846,0.36538461538461536,0.8269230769230769,0.21428571428571427,0.8571428571428571,0.0004
76,1.5236402750015259,1.5364056825637817,0.36538461538461536,0.8269230769230769,0.21428571428571427,0.8571428571428571,0.0004
77,1.5746574401855469,1.5412403345108032,0.36538461538461536,0.8269230769230769,0.21428571428571427,0.8571428571428571,0.0004
78,1.5580517053604126,1.5382264852523804,0.36538461538461536,0.8269230769230769,0.21428571428571427,0.8571428571428571,0.0004
79,1.5504964590072632,1.544502854347229,0.36538461538461536,0.8269230769230769,0.21428571428571427,0.8571428571428571,0.0004
80,1.5497074127197266,1.5317434072494507,0.36538461538461536,0.8269230769230769,0.21428571428571427,0.8571428571428571,0.0004
81,1.5429289937019348,1.5276983976364136,0.36538461538461536,0.8269230769230769,0.21428571428571427,0.8571428571428571,0.0004
82,1.541257083415985,1.5456212759017944,0.36538461538461536,0.8269230769230769,0.21428571428571427,0.8571428571428571,0.0004
83,1.5893659591674805,1.5448248386383057,0.36538461538461536,0.8269230769230769,0.21428571428571427,0.8571428571428571,0.0004
84,1.5530220866203308,1.5439683198928833,0.36538461538461536,0.8269230769230769,0.21428571428571427,0.8571428571428571,0.0004
85,1.521702229976654,1.5283241271972656,0.36538461538461536,0.8269230769230769,0.21428571428571427,0.8571428571428571,0.0004
86,1.531462848186493,1.5395941734313965,0.36538461538461536,0.8269230769230769,0.21428571428571427,0.8571428571428571,0.0004
87,1.5239021182060242,1.5388165712356567,0.36538461538461536,0.8269230769230769,0.21428571428571427,0.8571428571428571,0.0004
88,1.5471548438072205,1.5391216278076172,0.36538461538461536,0.8269230769230769,0.21428571428571427,0.8571428571428571,0.0004
89,1.5105090141296387,1.5226476192474365,0.36538461538461536,0.8269230769230769,0.21428571428571427,0.8571428571428571,0.0004
90,1.4734325408935547,1.5576372146606445,0.36538461538461536,0.8269230769230769,0.21428571428571427,0.8571428571428571,0.0004
91,1.5395368933677673,1.5175167322158813,0.36538461538461536,0.8269230769230769,0.21428571428571427,0.8571428571428571,0.0004
92,1.4553443789482117,1.464906930923462,0.36538461538461536,0.8269230769230769,0.21428571428571427,0.8571428571428571,0.0004
93,1.5317597389221191,1.5094304084777832,0.36538461538461536,0.8269230769230769,0.2857142857142857,0.8571428571428571,0.0004
94,1.4010298252105713,1.5296026468276978,0.5576923076923077,0.8269230769230769,0.2857142857142857,0.8571428571428571,0.0004
95,1.4811208248138428,1.421467900276184,0.4230769230769231,0.8269230769230769,0.21428571428571427,0.8571428571428571,0.0004
96,1.3568556308746338,2.0827603340148926,0.3269230769230769,0.8269230769230769,0.21428571428571427,0.8571428571428571,0.0004
97,1.317306935787201,1.5333542823791504,0.46153846153846156,0.8269230769230769,0.35714285714285715,0.8571428571428571,0.0004
98,1.4538041353225708,1.4672846794128418,0.46153846153846156,0.8269230769230769,0.42857142857142855,0.8571428571428571,0.0004
99,1.5190383791923523,1.3876922130584717,0.4230769230769231,0.8269230769230769,0.5,0.8571428571428571,0.0004
100,1.4787486791610718,1.5477538108825684,0.38461538461538464,0.8269230769230769,0.35714285714285715,0.8571428571428571,0.0004
101,1.5503655076026917,1.5150872468948364,0.4230769230769231,0.8269230769230769,0.42857142857142855,0.8571428571428571,0.0004
102,1.5494276881217957,1.5313102006912231,0.36538461538461536,0.8269230769230769,0.35714285714285715,0.8571428571428571,0.0004
103,1.542360782623291,1.4669398069381714,0.36538461538461536,0.8269230769230769,0.42857142857142855,0.8571428571428571,0.0004
104,1.5008678436279297,1.4507055282592773,0.38461538461538464,0.8269230769230769,0.42857142857142855,0.8571428571428571,0.0004
105,1.4825205206871033,1.4871187210083008,0.4807692307692308,0.8269230769230769,0.42857142857142855,0.8571428571428571,0.0004
106,1.446743369102478,1.5106436014175415,0.4807692307692308,0.8269230769230769,0.42857142857142855,0.8571428571428571,0.0004
107,1.479065477848053,1.5310873985290527,0.4423076923076923,0.8269230769230769,0.21428571428571427,0.8571428571428571,0.0004
108,1.4902315735816956,1.4967384338378906,0.36538461538461536,0.8269230769230769,0.21428571428571427,0.8571428571428571,0.0004
109,1.4400896430015564,1.4690585136413574,0.36538461538461536,0.8269230769230769,0.21428571428571427,0.8571428571428571,0.0004
110,1.3927027583122253,1.4814093112945557,0.36538461538461536,0.8269230769230769,0.21428571428571427,0.8571428571428571,0.0004
111,1.369905948638916,1.4923224449157715,0.36538461538461536,0.8269230769230769,0.2857142857142857,0.8571428571428571,0.0004
112,1.4079912304878235,1.4373339414596558,0.46153846153846156,0.8269230769230769,0.5,0.8571428571428571,0.0004
113,1.3680192232131958,1.3950104713439941,0.5384615384615384,0.8269230769230769,0.5,0.8571428571428571,0.0004
114,1.370917797088623,1.4888120889663696,0.5192307692307693,0.8269230769230769,0.35714285714285715,0.8571428571428571,0.0004
115,1.4634831547737122,1.524739384651184,0.4423076923076923,0.8269230769230769,0.21428571428571427,0.8571428571428571,0.0004
116,1.4402193427085876,1.4756425619125366,0.5384615384615384,0.8269230769230769,0.21428571428571427,0.8571428571428571,0.0004
117,1.4110384583473206,1.4231582880020142,0.5,0.8269230769230769,0.21428571428571427,0.8571428571428571,0.0004
118,1.4093470573425293,1.3790292739868164,0.4807692307692308,0.8269230769230769,0.5,0.8571428571428571,0.0004
119,1.343741238117218,1.4764055013656616,0.5576923076923077,0.8269230769230769,0.2857142857142857,0.8571428571428571,0.0004
120,1.3067134022712708,1.3718748092651367,0.5384615384615384,0.8269230769230769,0.35714285714285715,0.8571428571428571,0.0004
121,1.3177079558372498,1.2794983386993408,0.5,0.8269230769230769,0.5,0.8571428571428571,0.0004
122,1.3000025153160095,1.348219633102417,0.5576923076923077,0.8269230769230769,0.42857142857142855,0.8571428571428571,0.0004
123,1.2929655313491821,1.326585292816162,0.5,0.8269230769230769,0.5,0.8571428571428571,0.0004
124,1.4022261500358582,1.4836387634277344,0.40384615384615385,0.8269230769230769,0.2857142857142857,0.8571428571428571,0.0004
125,1.2719647884368896,1.4349851608276367,0.5576923076923077,0.8269230769230769,0.42857142857142855,0.8571428571428571,0.0004
126,1.1838226914405823,1.6662044525146484,0.5576923076923077,0.8269230769230769,0.35714285714285715,0.8571428571428571,0.0004
127,1.3893805742263794,1.2552590370178223,0.46153846153846156,0.8269230769230769,0.5,0.8571428571428571,0.0004
128,1.2340974807739258,1.4793622493743896,0.5192307692307693,0.8269230769230769,0.35714285714285715,0.8571428571428571,0.0004
129,1.4020094871520996,1.3423641920089722,0.46153846153846156,0.8269230769230769,0.5714285714285714,0.8571428571428571,0.0004
130,1.420046091079712,1.524330973625183,0.46153846153846156,0.8269230769230769,0.5,0.8571428571428571,0.0004
131,1.2404565215110779,1.3780245780944824,0.5192307692307693,0.8269230769230769,0.42857142857142855,0.8571428571428571,0.0004
132,1.334966778755188,1.23003089427948,0.4807692307692308,0.8269230769230769,0.5,0.8571428571428571,0.0004
133,1.2978481650352478,1.5245659351348877,0.5384615384615384,0.8269230769230769,0.2857142857142857,0.8571428571428571,0.0004
134,1.464133381843567,1.4255435466766357,0.4423076923076923,0.8269230769230769,0.2857142857142857,0.8571428571428571,0.0004
135,1.3572407960891724,1.2271672487258911,0.5384615384615384,0.8269230769230769,0.5714285714285714,0.8571428571428571,0.0004
136,1.2797176837921143,1.3211839199066162,0.5192307692307693,0.8269230769230769,0.6428571428571429,0.8571428571428571,0.0004
137,1.2894072532653809,1.3463960886001587,0.5,0.8269230769230769,0.7142857142857143,0.8571428571428571,0.0004
138,1.2714837789535522,1.2742645740509033,0.6153846153846154,0.8269230769230769,0.5714285714285714,0.8571428571428571,0.0004
139,1.3095398545265198,1.5077147483825684,0.5192307692307693,0.8269230769230769,0.35714285714285715,0.8571428571428571,0.0004
140,1.4286693334579468,1.3511818647384644,0.5,0.8269230769230769,0.7857142857142857,0.8571428571428571,0.0004
141,1.3028122186660767,1.2808912992477417,0.5192307692307693,0.8269230769230769,0.7142857142857143,0.8571428571428571,0.0004
142,1.3024561405181885,1.407816767692566,0.46153846153846156,0.8269230769230769,0.5714285714285714,0.8571428571428571,0.0004
143,1.1981565952301025,1.5876904726028442,0.5384615384615384,0.8269230769230769,0.5,0.8571428571428571,0.0004
144,1.1862417459487915,1.326993703842163,0.6346153846153846,0.8269230769230769,0.42857142857142855,0.8571428571428571,0.0004
145,1.192553162574768,1.3889275789260864,0.5769230769230769,0.8269230769230769,0.42857142857142855,0.8571428571428571,0.0004
146,1.3188458681106567,1.4963068962097168,0.5192307692307693,0.8269230769230769,0.21428571428571427,0.8571428571428571,0.0004
147,1.2168120741844177,1.5028724670410156,0.5576923076923077,0.8269230769230769,0.5714285714285714,0.8571428571428571,0.0004
148,1.263821005821228,1.6931569576263428,0.5,0.8269230769230769,0.6428571428571429,0.8571428571428571,0.0004
149,1.1794076561927795,1.1950047016143799,0.6538461538461539,0.8269230769230769,0.6428571428571429,0.8571428571428571,0.0004
150,1.2599441409111023,1.2151414155960083,0.46153846153846156,0.8269230769230769,0.7142857142857143,0.8571428571428571,0.0004
151,1.1897214651107788,1.2884514331817627,0.5192307692307693,0.8269230769230769,0.6428571428571429,0.8571428571428571,0.0004
152,1.278918743133545,1.3724803924560547,0.4807692307692308,0.8269230769230769,0.7142857142857143,0.8571428571428571,0.0004
153,1.3448655009269714,1.6299097537994385,0.5384615384615384,0.8269230769230769,0.6428571428571429,0.8571428571428571,0.0004
154,1.3234856128692627,1.6171619892120361,0.5384615384615384,0.8269230769230769,0.6428571428571429,0.8571428571428571,0.0004
155,1.1804612278938293,1.424344778060913,0.5384615384615384,0.8269230769230769,0.42857142857142855,0.8571428571428571,0.0004
156,1.270460069179535,1.4109477996826172,0.5,0.8269230769230769,0.5714285714285714,0.8571428571428571,0.0004
157,1.218381941318512,1.2171331644058228,0.5192307692307693,0.8269230769230769,0.6428571428571429,0.8571428571428571,0.0004
158,1.2150598168373108,1.218616247177124,0.5384615384615384,0.8269230769230769,0.5714285714285714,0.8571428571428571,0.0004
159,1.280491828918457,1.4333657026290894,0.5192307692307693,0.8269230769230769,0.5,0.8571428571428571,0.0004
160,1.2837985754013062,1.5977020263671875,0.5576923076923077,0.8269230769230769,0.2857142857142857,0.8571428571428571,0.0004
161,1.4824674129486084,1.2719788551330566,0.4807692307692308,0.8269230769230769,0.5,0.8571428571428571,0.0004
162,1.2901414036750793,1.6481502056121826,0.5769230769230769,0.8269230769230769,0.6428571428571429,0.8571428571428571,0.0004
163,1.3942793011665344,1.3254269361495972,0.4230769230769231,0.8269230769230769,0.7142857142857143,0.8571428571428571,0.0004
164,1.4024543762207031,1.3852653503417969,0.46153846153846156,0.8269230769230769,0.5714285714285714,0.8571428571428571,0.0004
165,1.3386006951332092,1.2343862056732178,0.5576923076923077,0.8269230769230769,0.6428571428571429,0.8571428571428571,0.0004
166,1.3751938939094543,1.4151570796966553,0.4230769230769231,0.8269230769230769,0.6428571428571429,0.8571428571428571,0.0004
167,1.4316571950912476,1.2504488229751587,0.4423076923076923,0.8269230769230769,0.6428571428571429,0.8571428571428571,0.0004
168,1.3228792548179626,1.3009380102157593,0.5384615384615384,0.8269230769230769,0.7857142857142857,0.8571428571428571,0.0004
169,1.2718324661254883,1.2500709295272827,0.5576923076923077,0.8269230769230769,0.6428571428571429,0.8571428571428571,0.0004
170,1.274547040462494,1.3466640710830688,0.5,0.8269230769230769,0.7142857142857143,0.8571428571428571,0.0004
171,1.3334174156188965,1.3368699550628662,0.5384615384615384,0.8269230769230769,0.5714285714285714,0.8571428571428571,0.0004
172,1.2900362610816956,1.4834458827972412,0.5384615384615384,0.8269230769230769,0.6428571428571429,0.8571428571428571,0.0004
173,1.2986583709716797,1.2561153173446655,0.5,0.8269230769230769,0.5714285714285714,0.8571428571428571,0.0004
174,1.3707453608512878,1.2451953887939453,0.4423076923076923,0.8269230769230769,0.42857142857142855,0.8571428571428571,0.0004
175,1.318745195865631,1.2784503698349,0.5192307692307693,0.8269230769230769,0.42857142857142855,0.8571428571428571,0.0004
176,1.2877240180969238,1.2721364498138428,0.5576923076923077,0.8269230769230769,0.6428571428571429,0.8571428571428571,0.0004
177,1.2817270159721375,1.2591030597686768,0.5192307692307693,0.8269230769230769,0.7142857142857143,0.8571428571428571,0.0004
178,1.1760887503623962,1.3589115142822266,0.5961538461538461,0.8269230769230769,0.8571428571428571,0.8571428571428571,0.0004
179,1.3089631795883179,1.315333366394043,0.5192307692307693,0.8269230769230769,0.7857142857142857,0.8571428571428571,0.0004
180,1.3068470358848572,1.4158380031585693,0.5576923076923077,0.8269230769230769,0.42857142857142855,0.8571428571428571,0.0004
181,1.222355306148529,1.3039846420288086,0.5769230769230769,0.8269230769230769,0.7142857142857143,0.8571428571428571,0.0004
182,1.2305915355682373,1.2778236865997314,0.5769230769230769,0.8269230769230769,0.5714285714285714,0.8571428571428571,0.0004
183,1.2685152888298035,1.4781990051269531,0.5192307692307693,0.8269230769230769,0.7142857142857143,0.8571428571428571,0.0004
184,1.2380735874176025,1.1264431476593018,0.6346153846153846,0.8269230769230769,0.7857142857142857,0.8571428571428571,0.0004
185,1.1210967898368835,1.241409420967102,0.5576923076923077,0.8269230769230769,0.6428571428571429,0.8571428571428571,0.0004
186,1.2360731959342957,1.4475067853927612,0.5576923076923077,0.8269230769230769,0.6428571428571429,0.8571428571428571,0.0004
187,1.3250583410263062,1.1530671119689941,0.46153846153846156,0.8269230769230769,0.7857142857142857,0.8571428571428571,0.0004
188,1.124350905418396,1.3065190315246582,0.5192307692307693,0.8269230769230769,0.5714285714285714,0.8571428571428571,0.0004
189,1.2043759226799011,1.3543788194656372,0.5,0.8269230769230769,0.6428571428571429,0.8571428571428571,0.0004
190,1.3311539888381958,1.1340630054473877,0.4807692307692308,0.8269230769230769,0.7142857142857143,0.8571428571428571,0.0004
191,1.2665854096412659,1.410792350769043,0.6153846153846154,0.8269230769230769,0.7857142857142857,0.8571428571428571,0.0004
192,1.1429999470710754,1.283708095550537,0.5384615384615384,0.8269230769230769,0.5,0.8571428571428571,0.0004
193,1.2703023552894592,1.905942440032959,0.5576923076923077,0.8269230769230769,0.5,0.8571428571428571,0.0004
194,1.1524060368537903,1.3500919342041016,0.6153846153846154,0.8269230769230769,0.5,0.8571428571428571,0.0004
195,1.33565354347229,1.0479153394699097,0.5192307692307693,0.8269230769230769,0.7142857142857143,0.8571428571428571,0.0004
196,1.3506590127944946,1.201655387878418,0.5192307692307693,0.8269230769230769,0.5714285714285714,0.8571428571428571,0.0004
197,1.3400245904922485,2.466639995574951,0.5384615384615384,0.8269230769230769,0.21428571428571427,0.8571428571428571,0.0004
198,1.7848409414291382,1.2883927822113037,0.4230769230769231,0.8269230769230769,0.5714285714285714,0.8571428571428571,0.0004
199,1.1961678862571716,1.358365774154663,0.5576923076923077,0.8269230769230769,0.5714285714285714,0.8571428571428571,0.0004
200,1.3755075335502625,1.158028244972229,0.4423076923076923,0.8269230769230769,0.6428571428571429,0.8571428571428571,0.0004
201,1.4054890871047974,1.4584019184112549,0.5,0.8269230769230769,0.42857142857142855,0.8571428571428571,0.0004
202,1.4203001856803894,1.4444820880889893,0.5192307692307693,0.8269230769230769,0.5,0.8571428571428571,0.0004
203,1.3589479327201843,1.4153391122817993,0.5384615384615384,0.8269230769230769,0.6428571428571429,0.8571428571428571,0.0004
204,1.4280813336372375,1.6613296270370483,0.5,0.8269230769230769,0.5,0.8571428571428571,0.0004
205,1.3268160820007324,1.2435280084609985,0.5192307692307693,0.8269230769230769,0.5714285714285714,0.8571428571428571,0.0004
206,1.4503381848335266,1.3005266189575195,0.36538461538461536,0.8269230769230769,0.7857142857142857,0.8571428571428571,0.0004
207,1.396426022052765,1.3458541631698608,0.4423076923076923,0.8269230769230769,0.7857142857142857,0.8571428571428571,0.0004
208,1.4078258275985718,1.421821117401123,0.4423076923076923,0.8269230769230769,0.6428571428571429,0.8571428571428571,0.0004
209,1.4354447722434998,1.4610546827316284,0.46153846153846156,0.8269230769230769,0.5714285714285714,0.8571428571428571,0.0004
210,1.2875221371650696,1.41103196144104,0.5384615384615384,0.8269230769230769,0.6428571428571429,0.8571428571428571,0.0004
211,1.3477873802185059,1.3947173357009888,0.5769230769230769,0.8269230769230769,0.42857142857142855,0.8571428571428571,0.0004
212,1.3165518045425415,1.432092547416687,0.5384615384615384,0.8269230769230769,0.35714285714285715,0.8571428571428571,0.0004
213,1.2983073592185974,1.2244865894317627,0.4807692307692308,0.8269230769230769,0.5714285714285714,0.8571428571428571,0.0004
214,1.2379868030548096,1.3878084421157837,0.5769230769230769,0.8269230769230769,0.35714285714285715,0.8571428571428571,0.0004
215,1.2363667488098145,1.5361123085021973,0.5769230769230769,0.8269230769230769,0.42857142857142855,0.8571428571428571,0.0004
216,1.3395256996154785,1.3113452196121216,0.5,0.8269230769230769,0.42857142857142855,0.8571428571428571,0.0004
217,1.2834432721138,1.5517810583114624,0.5192307692307693,0.8269230769230769,0.21428571428571427,0.8571428571428571,0.0004
218,1.278449833393097,1.4564204216003418,0.5192307692307693,0.8269230769230769,0.35714285714285715,0.8571428571428571,0.0004
219,1.1684144139289856,1.5844876766204834,0.5192307692307693,0.8269230769230769,0.2857142857142857,0.8571428571428571,0.0004
220,1.323509693145752,1.7765861749649048,0.5,0.8269230769230769,0.2857142857142857,0.8571428571428571,0.0004
221,1.3423064351081848,1.4701770544052124,0.4423076923076923,0.8269230769230769,0.2857142857142857,0.8571428571428571,0.0004
222,1.202932059764862,1.6716450452804565,0.5576923076923077,0.8269230769230769,0.21428571428571427,0.8571428571428571,0.0004
223,1.330984652042389,1.4671118259429932,0.46153846153846156,0.8269230769230769,0.42857142857142855,0.8571428571428571,0.0004
224,1.355694591999054,1.3881025314331055,0.4423076923076923,0.8269230769230769,0.42857142857142855,0.8571428571428571,0.0004
225,1.335151195526123,1.3481028079986572,0.5192307692307693,0.8269230769230769,0.35714285714285715,0.8571428571428571,0.0004
226,1.2581346035003662,1.5253962278366089,0.5192307692307693,0.8269230769230769,0.35714285714285715,0.8571428571428571,0.0004
227,1.2832051515579224,1.3962953090667725,0.4807692307692308,0.8269230769230769,0.42857142857142855,0.8571428571428571,0.0004
228,1.3332231044769287,1.2666691541671753,0.5,0.8269230769230769,0.5,0.8571428571428571,0.0004
229,1.2672255635261536,1.3602086305618286,0.5576923076923077,0.8269230769230769,0.42857142857142855,0.8571428571428571,0.0004
230,1.2347448468208313,1.235637903213501,0.5576923076923077,0.8269230769230769,0.5714285714285714,0.8571428571428571,0.0004
231,1.2735010385513306,1.1899200677871704,0.6153846153846154,0.8269230769230769,0.5714285714285714,0.8571428571428571,0.0004
232,1.2775250673294067,1.338924765586853,0.5192307692307693,0.8269230769230769,0.42857142857142855,0.8571428571428571,0.0004
233,1.2018276453018188,1.5582330226898193,0.6153846153846154,0.8269230769230769,0.35714285714285715,0.8571428571428571,0.0004
234,1.2629258036613464,1.5892481803894043,0.5192307692307693,0.8269230769230769,0.2857142857142857,0.8571428571428571,0.0004
235,1.3601001501083374,1.285064458847046,0.4423076923076923,0.8269230769230769,0.5714285714285714,0.8571428571428571,0.0004
236,1.169071912765503,1.2077209949493408,0.5576923076923077,0.8269230769230769,0.5714285714285714,0.8571428571428571,0.0004
237,1.3125267624855042,1.3790422677993774,0.46153846153846156,0.8269230769230769,0.35714285714285715,0.8571428571428571,0.0004
238,1.2166122794151306,1.377087116241455,0.5,0.8269230769230769,0.6428571428571429,0.8571428571428571,0.0004
239,1.260253667831421,1.4756665229797363,0.5,0.8269230769230769,0.42857142857142855,0.8571428571428571,0.0004
240,1.198405385017395,1.453478455543518,0.4423076923076923,0.8269230769230769,0.5714285714285714,0.8571428571428571,0.0004
241,1.300750970840454,1.4650105237960815,0.5,0.8269230769230769,0.42857142857142855,0.8571428571428571,0.0004
242,1.1580495834350586,1.3794784545898438,0.5576923076923077,0.8269230769230769,0.42857142857142855,0.8571428571428571,0.0004
243,1.2910467386245728,1.2011260986328125,0.5,0.8269230769230769,0.6428571428571429,0.8571428571428571,0.0004
244,1.2966798543930054,1.260827660560608,0.4807692307692308,0.8269230769230769,0.5714285714285714,0.8571428571428571,0.0004
245,1.3183936476707458,1.4817603826522827,0.46153846153846156,0.8269230769230769,0.42857142857142855,0.8571428571428571,0.0004
246,1.2444432377815247,1.4027893543243408,0.5192307692307693,0.8269230769230769,0.5714285714285714,0.8571428571428571,0.0004
247,1.2256265878677368,1.3082994222640991,0.5384615384615384,0.8269230769230769,0.5,0.8571428571428571,0.0004
248,1.2047882676124573,1.191528558731079,0.5384615384615384,0.8269230769230769,0.6428571428571429,0.8571428571428571,0.0004
249,1.210771918296814,1.3181830644607544,0.5192307692307693,0.8269230769230769,0.5,0.8571428571428571,0.0004
250,1.343942940235138,1.6407599449157715,0.5192307692307693,0.8269230769230769,0.42857142857142855,0.8571428571428571,0.0004
251,1.0837624371051788,1.6721746921539307,0.5576923076923077,0.8269230769230769,0.42857142857142855,0.8571428571428571,0.0004
252,1.156818926334381,1.4730232954025269,0.5384615384615384,0.8269230769230769,0.6428571428571429,0.8571428571428571,0.0004
253,1.2473148703575134,1.171983003616333,0.5576923076923077,0.8269230769230769,0.8571428571428571,0.8571428571428571,0.0004
254,1.1955950260162354,1.2495181560516357,0.5576923076923077,0.8269230769230769,0.7142857142857143,0.8571428571428571,0.0004
255,1.2448939383029938,1.1239789724349976,0.5384615384615384,0.8269230769230769,0.6428571428571429,0.8571428571428571,0.0004
256,1.1317782402038574,1.2425956726074219,0.5576923076923077,0.8269230769230769,0.7142857142857143,0.8571428571428571,0.0004
257,1.0905012488365173,1.5327767133712769,0.5,0.8269230769230769,0.6428571428571429,0.8571428571428571,0.0004
258,1.2288699746131897,1.3049378395080566,0.4807692307692308,0.8269230769230769,0.6428571428571429,0.8571428571428571,0.0004
259,1.12019544839859,1.469458818435669,0.5192307692307693,0.8269230769230769,0.5714285714285714,0.8571428571428571,0.0004
260,1.206562101840973,1.4357354640960693,0.5384615384615384,0.8269230769230769,0.6428571428571429,0.8571428571428571,0.0004
261,1.2843205332756042,2.005016565322876,0.5,0.8269230769230769,0.42857142857142855,0.8571428571428571,0.0004
262,1.143618106842041,1.6856017112731934,0.5192307692307693,0.8269230769230769,0.5714285714285714,0.8571428571428571,0.0004
263,1.2775893211364746,1.4383094310760498,0.5,0.8269230769230769,0.5,0.8571428571428571,0.0004
264,1.2051622867584229,1.2477999925613403,0.4423076923076923,0.8269230769230769,0.7857142857142857,0.8571428571428571,0.0004
265,1.0588707625865936,1.286920428276062,0.5,0.8269230769230769,0.5,0.8571428571428571,0.0004
266,1.1577245891094208,1.4229247570037842,0.5384615384615384,0.8269230769230769,0.7142857142857143,0.8571428571428571,0.0004
267,1.2102478742599487,1.374406099319458,0.46153846153846156,0.8269230769230769,0.7142857142857143,0.8571428571428571,0.0004
268,1.1776247024536133,1.1464530229568481,0.4423076923076923,0.8269230769230769,0.7142857142857143,0.8571428571428571,0.0004
269,1.2045819759368896,1.2501885890960693,0.46153846153846156,0.8269230769230769,0.6428571428571429,0.8571428571428571,0.0004
270,1.2005072832107544,1.1951615810394287,0.4423076923076923,0.8269230769230769,0.7142857142857143,0.8571428571428571,0.0004
271,1.1410855054855347,1.1554107666015625,0.5192307692307693,0.8269230769230769,0.6428571428571429,0.8571428571428571,0.0004
272,1.1313236951828003,1.254733920097351,0.5769230769230769,0.8269230769230769,0.7142857142857143,0.8571428571428571,0.0004
273,1.1018466353416443,1.206656813621521,0.4807692307692308,0.8269230769230769,0.6428571428571429,0.8571428571428571,0.0004
274,1.0373753309249878,1.2100344896316528,0.5192307692307693,0.8269230769230769,0.7142857142857143,0.8571428571428571,0.0004
275,0.9793622493743896,1.1170213222503662,0.6346153846153846,0.8269230769230769,0.7142857142857143,0.8571428571428571,0.0004
276,1.2187013626098633,1.2624152898788452,0.46153846153846156,0.8269230769230769,0.6428571428571429,0.8571428571428571,0.0004
277,1.1459107100963593,1.2756361961364746,0.5769230769230769,0.8269230769230769,0.5,0.8571428571428571,0.0004
278,1.2425148487091064,1.469792366027832,0.4807692307692308,0.8269230769230769,0.5,0.8571428571428571,0.0004
279,1.1178536415100098,1.296627402305603,0.5,0.8269230769230769,0.5,0.8571428571428571,0.0004
280,1.409547209739685,1.455990195274353,0.5769230769230769,0.8269230769230769,0.35714285714285715,0.8571428571428571,0.0004
281,1.1382915377616882,1.1216742992401123,0.46153846153846156,0.8269230769230769,0.5714285714285714,0.8571428571428571,0.0004
282,1.2320064306259155,1.620903730392456,0.5384615384615384,0.8269230769230769,0.14285714285714285,0.8571428571428571,0.0004
283,1.2234618067741394,1.6613540649414062,0.4807692307692308,0.8269230769230769,0.42857142857142855,0.8571428571428571,0.0004
284,1.1817563772201538,1.4380441904067993,0.40384615384615385,0.8269230769230769,0.7142857142857143,0.8571428571428571,0.0004
285,1.3347324132919312,1.411177158355713,0.5384615384615384,0.8269230769230769,0.5,0.8571428571428571,0.0004
286,1.184209406375885,1.1939762830734253,0.46153846153846156,0.8269230769230769,0.5714285714285714,0.8571428571428571,0.0004
287,1.107236921787262,1.142012596130371,0.4807692307692308,0.8269230769230769,0.6428571428571429,0.8571428571428571,0.0004
288,1.1045581102371216,1.4116263389587402,0.5384615384615384,0.8269230769230769,0.42857142857142855,0.8571428571428571,0.0004
289,1.17990243434906,1.3298497200012207,0.5576923076923077,0.8269230769230769,0.42857142857142855,0.8571428571428571,0.0004
290,1.1410858631134033,1.1745085716247559,0.5,0.8269230769230769,0.5,0.8571428571428571,0.0004
291,1.1816852390766144,1.6621546745300293,0.5961538461538461,0.8269230769230769,0.42857142857142855,0.8571428571428571,0.0004
292,1.2572985887527466,1.3181612491607666,0.5,0.8269230769230769,0.5,0.8571428571428571,0.0004
293,1.1381731629371643,1.376983880996704,0.5769230769230769,0.8269230769230769,0.5,0.8571428571428571,0.0004
294,1.145366370677948,1.340791940689087,0.5384615384615384,0.8269230769230769,0.2857142857142857,0.8571428571428571,0.0004
295,1.0990353226661682,1.2386142015457153,0.5961538461538461,0.8269230769230769,0.5,0.8571428571428571,0.0004
296,1.1759705543518066,1.1013723611831665,0.5961538461538461,0.8269230769230769,0.5714285714285714,0.8571428571428571,0.0004
297,1.2042971849441528,1.4384753704071045,0.4807692307692308,0.8269230769230769,0.5714285714285714,0.8571428571428571,0.0004
298,1.1378602981567383,1.3469562530517578,0.5961538461538461,0.8269230769230769,0.5,0.8571428571428571,0.0004
299,1.1135510802268982,1.9151582717895508,0.5192307692307693,0.8269230769230769,0.35714285714285715,0.8571428571428571,0.0004
300,1.1048466563224792,1.2825793027877808,0.6153846153846154,0.8269230769230769,0.5,0.8571428571428571,0.0004
301,1.119623064994812,1.258033275604248,0.5192307692307693,0.8269230769230769,0.42857142857142855,0.8571428571428571,0.0004
302,1.221767544746399,1.277235746383667,0.5384615384615384,0.8269230769230769,0.35714285714285715,0.8571428571428571,0.0004
303,1.0757564902305603,1.4807742834091187,0.5961538461538461,0.8269230769230769,0.2857142857142857,0.8571428571428571,0.0004
304,1.062999427318573,1.2338237762451172,0.5961538461538461,0.8269230769230769,0.5,0.8571428571428571,0.0004
305,1.0684927701950073,1.6447112560272217,0.5769230769230769,0.8269230769230769,0.5,0.8571428571428571,0.0004
306,1.211491584777832,1.656313419342041,0.5192307692307693,0.8269230769230769,0.42857142857142855,0.8571428571428571,0.0004
307,1.1690486073493958,1.2135107517242432,0.5769230769230769,0.8269230769230769,0.5,0.8571428571428571,0.0004
308,1.239348292350769,1.3394861221313477,0.5384615384615384,0.8269230769230769,0.5,0.8571428571428571,0.0004
309,1.2222135066986084,1.1284043788909912,0.5384615384615384,0.8269230769230769,0.5,0.8571428571428571,0.0004
310,1.228629469871521,1.0935170650482178,0.5192307692307693,0.8269230769230769,0.5714285714285714,0.8571428571428571,0.0004
311,1.0596073269844055,1.3879402875900269,0.5961538461538461,0.8269230769230769,0.5,0.8571428571428571,0.0004
312,1.100152850151062,1.5237023830413818,0.5961538461538461,0.8269230769230769,0.42857142857142855,0.8571428571428571,0.0004
313,1.07250314950943,1.233681559562683,0.5769230769230769,0.8269230769230769,0.42857142857142855,0.8571428571428571,0.0004
314,1.3586188554763794,1.2821437120437622,0.5,0.8269230769230769,0.35714285714285715,0.8571428571428571,0.0004
315,1.0789175033569336,1.2472227811813354,0.5384615384615384,0.8269230769230769,0.5,0.8571428571428571,0.0004
316,1.222998857498169,1.3480899333953857,0.5192307692307693,0.8269230769230769,0.5,0.8571428571428571,0.0004
317,0.9603035151958466,1.4103786945343018,0.6346153846153846,0.8269230769230769,0.35714285714285715,0.8571428571428571,0.0004
318,1.1551854610443115,1.668609857559204,0.5192307692307693,0.8269230769230769,0.5,0.8571428571428571,0.0004
319,1.1035794019699097,1.673274278640747,0.5384615384615384,0.8269230769230769,0.42857142857142855,0.8571428571428571,0.0004
320,1.0752232074737549,1.2856402397155762,0.6153846153846154,0.8269230769230769,0.42857142857142855,0.8571428571428571,0.0004
321,1.159338653087616,1.5448813438415527,0.5384615384615384,0.8269230769230769,0.35714285714285715,0.8571428571428571,0.0004
322,1.0873711705207825,1.2817649841308594,0.5769230769230769,0.8269230769230769,0.42857142857142855,0.8571428571428571,0.0004
323,1.1720764636993408,1.7794711589813232,0.6538461538461539,0.8269230769230769,0.07142857142857142,0.8571428571428571,0.0004
324,1.017470508813858,1.2595244646072388,0.6346153846153846,0.8269230769230769,0.35714285714285715,0.8571428571428571,0.0004
325,1.0790249109268188,1.494952917098999,0.5961538461538461,0.8269230769230769,0.42857142857142855,0.8571428571428571,0.0004
326,1.0614672601222992,1.3791606426239014,0.6538461538461539,0.8269230769230769,0.42857142857142855,0.8571428571428571,0.0004
327,1.0446512699127197,1.4305939674377441,0.5769230769230769,0.8269230769230769,0.5,0.8571428571428571,0.0004
328,1.1006768345832825,1.3214130401611328,0.5961538461538461,0.8269230769230769,0.2857142857142857,0.8571428571428571,0.0004
329,1.178043782711029,1.5079070329666138,0.6346153846153846,0.8269230769230769,0.2857142857142857,0.8571428571428571,0.0004
330,1.0424997806549072,2.0216357707977295,0.6730769230769231,0.8269230769230769,0.35714285714285715,0.9285714285714286,0.0004
331,0.9868122935295105,1.4880070686340332,0.6346153846153846,0.8653846153846154,0.5,0.8571428571428571,0.0004
332,1.0839728713035583,1.1368424892425537,0.5769230769230769,0.8269230769230769,0.35714285714285715,0.8571428571428571,0.0004
333,1.1005738377571106,1.225305199623108,0.5961538461538461,0.8269230769230769,0.35714285714285715,0.8571428571428571,0.0004
334,1.0562023520469666,1.5341655015945435,0.5961538461538461,0.8653846153846154,0.35714285714285715,0.8571428571428571,0.0004
335,1.3785828948020935,1.099257230758667,0.5769230769230769,0.8269230769230769,0.5,0.8571428571428571,0.0004
336,1.3664050102233887,1.5130400657653809,0.6346153846153846,0.8269230769230769,0.2857142857142857,0.8571428571428571,0.0004
337,1.0016443133354187,1.1927412748336792,0.6923076923076923,0.8269230769230769,0.5714285714285714,0.8571428571428571,0.0004
338,1.204522430896759,1.4603948593139648,0.5769230769230769,0.8269230769230769,0.5,0.8571428571428571,0.0004
339,1.2245041728019714,1.459791660308838,0.5576923076923077,0.8269230769230769,0.35714285714285715,0.8571428571428571,0.0004
340,1.1932027339935303,1.5504114627838135,0.5,0.8269230769230769,0.35714285714285715,0.8571428571428571,0.0004
341,1.1186951994895935,1.3426657915115356,0.6153846153846154,0.8461538461538461,0.35714285714285715,0.8571428571428571,0.0004
342,1.0744553804397583,1.663074254989624,0.5192307692307693,0.8653846153846154,0.42857142857142855,0.8571428571428571,0.0004
343,1.0027527213096619,1.7035434246063232,0.6153846153846154,0.8846153846153846,0.5,0.9285714285714286,0.0004
344,1.1960871815681458,1.2666361331939697,0.5769230769230769,0.8653846153846154,0.35714285714285715,0.8571428571428571,0.0004
345,1.1055695414543152,1.5899112224578857,0.5384615384615384,0.8269230769230769,0.35714285714285715,0.8571428571428571,0.0004
346,1.2281515002250671,1.4844372272491455,0.5769230769230769,0.8653846153846154,0.35714285714285715,0.8571428571428571,0.0004
347,1.1378728747367859,1.7234216928482056,0.5384615384615384,0.8269230769230769,0.2857142857142857,0.8571428571428571,0.0004
348,1.0463958382606506,1.618887186050415,0.5961538461538461,0.8269230769230769,0.5714285714285714,0.8571428571428571,0.0004
349,1.0846522450447083,1.6903538703918457,0.5576923076923077,0.8269230769230769,0.2857142857142857,0.8571428571428571,0.0004
350,1.0032492280006409,1.3083606958389282,0.5769230769230769,0.8461538461538461,0.5,0.8571428571428571,0.0004
351,1.0808310508728027,1.4039751291275024,0.5384615384615384,0.8269230769230769,0.5714285714285714,0.6428571428571429,0.0004
352,1.1644406914710999,1.323171615600586,0.6153846153846154,0.9038461538461539,0.5,0.6428571428571429,0.0004
353,1.1481603980064392,1.8229317665100098,0.5769230769230769,0.8653846153846154,0.35714285714285715,0.7857142857142857,0.0004
354,1.2081755995750427,1.586584210395813,0.5769230769230769,0.8846153846153846,0.5,0.7857142857142857,0.0004
355,1.2132394313812256,1.4144203662872314,0.5961538461538461,0.9230769230769231,0.2857142857142857,0.7857142857142857,0.0004
356,1.0677815079689026,1.481261134147644,0.6153846153846154,0.8461538461538461,0.35714285714285715,0.8571428571428571,0.0004
357,1.3339564800262451,1.5598382949829102,0.5,0.8653846153846154,0.2857142857142857,0.8571428571428571,0.0004
358,1.162439912557602,2.1134159564971924,0.5769230769230769,0.8269230769230769,0.35714285714285715,0.8571428571428571,0.0004
359,1.1555418968200684,1.877954363822937,0.5961538461538461,0.8269230769230769,0.42857142857142855,0.8571428571428571,0.0004
360,0.9536981582641602,1.2320337295532227,0.6153846153846154,0.8653846153846154,0.5,0.6428571428571429,0.0004
361,1.0728025436401367,1.2888269424438477,0.5384615384615384,0.8846153846153846,0.42857142857142855,0.6428571428571429,0.0004
362,1.308645248413086,1.295929193496704,0.5192307692307693,0.8846153846153846,0.5,0.5714285714285714,0.0004
363,1.3219321370124817,1.2552683353424072,0.4807692307692308,0.8653846153846154,0.5714285714285714,0.6428571428571429,0.0004
364,1.1831134557724,1.4471490383148193,0.6153846153846154,0.8653846153846154,0.42857142857142855,0.7142857142857143,0.0004
365,1.1468784809112549,1.554714560508728,0.6153846153846154,0.8653846153846154,0.2857142857142857,0.5714285714285714,0.0004
366,1.1689025163650513,1.597662329673767,0.6153846153846154,0.8461538461538461,0.35714285714285715,0.9285714285714286,0.0004
367,1.0931939482688904,1.4176907539367676,0.5384615384615384,0.8846153846153846,0.35714285714285715,0.8571428571428571,0.0004
368,1.2110360860824585,1.7135424613952637,0.5384615384615384,0.8461538461538461,0.35714285714285715,0.8571428571428571,0.0004
369,1.2661487460136414,1.4028172492980957,0.4807692307692308,0.8269230769230769,0.42857142857142855,0.8571428571428571,0.0004
370,0.9797401130199432,1.3776640892028809,0.6346153846153846,0.8461538461538461,0.35714285714285715,0.8571428571428571,0.0004
371,1.1363443732261658,1.386756181716919,0.5576923076923077,0.8269230769230769,0.2857142857142857,0.8571428571428571,0.0004
372,1.121695101261139,1.4374157190322876,0.5192307692307693,0.8461538461538461,0.35714285714285715,0.8571428571428571,0.0004
373,1.2283436059951782,1.3438142538070679,0.5384615384615384,0.8846153846153846,0.21428571428571427,0.8571428571428571,0.0004
374,1.0982971787452698,1.280090570449829,0.5961538461538461,0.8653846153846154,0.5714285714285714,0.8571428571428571,0.0004
375,1.0769299268722534,1.1838490962982178,0.6346153846153846,0.8461538461538461,0.42857142857142855,0.7857142857142857,0.0004
376,1.2611533999443054,1.2464046478271484,0.5576923076923077,0.8269230769230769,0.6428571428571429,0.7857142857142857,0.0004
377,1.1506468653678894,1.527036190032959,0.4807692307692308,0.8269230769230769,0.5,0.7857142857142857,0.0004
378,1.047135442495346,1.3793576955795288,0.5769230769230769,0.8269230769230769,0.35714285714285715,0.8571428571428571,0.0004
379,0.9650486707687378,1.430427074432373,0.6153846153846154,0.8653846153846154,0.35714285714285715,0.7857142857142857,0.0004
380,1.0770676732063293,1.4109443426132202,0.6923076923076923,0.8846153846153846,0.42857142857142855,0.7857142857142857,0.0004
381,1.1051594614982605,1.1640278100967407,0.5576923076923077,0.8653846153846154,0.42857142857142855,0.9285714285714286,0.0004
382,0.9909647405147552,1.3366565704345703,0.6346153846153846,0.8461538461538461,0.42857142857142855,0.8571428571428571,0.0004
383,1.047747015953064,1.5825079679489136,0.6346153846153846,0.8461538461538461,0.35714285714285715,0.8571428571428571,0.0004
384,0.9667577743530273,1.7924935817718506,0.6923076923076923,0.8653846153846154,0.42857142857142855,0.7142857142857143,0.0004
385,1.3172674775123596,1.2059705257415771,0.5769230769230769,0.8461538461538461,0.42857142857142855,0.7857142857142857,0.0004
386,1.1248394846916199,1.3425594568252563,0.5576923076923077,0.9230769230769231,0.5,0.8571428571428571,0.0004
387,1.1179348230361938,1.4149967432022095,0.5769230769230769,0.8269230769230769,0.5,0.8571428571428571,0.0004
388,1.0227338671684265,1.5504176616668701,0.6346153846153846,0.8846153846153846,0.2857142857142857,0.7857142857142857,0.0004
389,1.0617454051971436,1.4873242378234863,0.6346153846153846,0.9230769230769231,0.2857142857142857,0.9285714285714286,0.0004
390,1.0479357242584229,1.519612431526184,0.6153846153846154,0.8461538461538461,0.35714285714285715,0.7857142857142857,0.0004
391,1.191878080368042,1.3123860359191895,0.5961538461538461,0.9230769230769231,0.35714285714285715,0.7857142857142857,0.0004
392,1.013782411813736,1.4084898233413696,0.6730769230769231,0.9038461538461539,0.35714285714285715,0.7857142857142857,0.0004
393,1.192064642906189,1.4594285488128662,0.5192307692307693,0.8846153846153846,0.42857142857142855,0.8571428571428571,0.0004
394,1.2622949481010437,1.6096513271331787,0.5769230769230769,0.8461538461538461,0.5,0.8571428571428571,0.0004
395,0.9881696105003357,1.3689634799957275,0.6346153846153846,0.8076923076923077,0.5714285714285714,0.7857142857142857,0.0004
396,1.0522236824035645,1.5242035388946533,0.6730769230769231,0.9038461538461539,0.5,0.7142857142857143,0.0004
397,1.0481882989406586,1.6394984722137451,0.5769230769230769,0.9038461538461539,0.35714285714285715,0.6428571428571429,0.0004
398,0.9643407166004181,1.559960126876831,0.5769230769230769,0.9038461538461539,0.35714285714285715,0.7142857142857143,0.0004
399,0.9993720352649689,1.5687382221221924,0.5961538461538461,0.8846153846153846,0.2857142857142857,0.7142857142857143,0.0004
400,1.0953298807144165,1.5261478424072266,0.6346153846153846,0.8653846153846154,0.35714285714285715,0.7142857142857143,0.0004
401,1.0692362785339355,1.3960092067718506,0.5192307692307693,0.9038461538461539,0.35714285714285715,0.7857142857142857,0.0004
402,1.0107719898223877,1.6396209001541138,0.5961538461538461,0.9230769230769231,0.42857142857142855,0.7142857142857143,0.0004
403,1.206361711025238,1.6876821517944336,0.5,0.8076923076923077,0.2857142857142857,0.7857142857142857,0.0004
404,0.9711481332778931,1.7589530944824219,0.6346153846153846,0.9038461538461539,0.21428571428571427,0.6428571428571429,0.0004
405,0.9291097521781921,1.6322849988937378,0.6153846153846154,0.9038461538461539,0.42857142857142855,0.7142857142857143,0.0004
406,1.031550943851471,1.2807555198669434,0.5769230769230769,0.8846153846153846,0.42857142857142855,0.6428571428571429,0.0004
407,0.9735045433044434,1.1042943000793457,0.6730769230769231,0.8461538461538461,0.7142857142857143,0.6428571428571429,0.0004
408,0.8626835346221924,1.7107954025268555,0.6153846153846154,0.8846153846153846,0.5,0.6428571428571429,0.0004
409,0.9313816130161285,1.4876456260681152,0.6346153846153846,0.9423076923076923,0.21428571428571427,0.6428571428571429,0.0004
410,1.1470687985420227,1.4951965808868408,0.5,0.8653846153846154,0.42857142857142855,0.7142857142857143,0.0004
411,0.9761416614055634,1.7067886590957642,0.6538461538461539,0.8846153846153846,0.35714285714285715,0.7142857142857143,0.0004
412,1.0632951855659485,1.3993754386901855,0.5961538461538461,0.8846153846153846,0.35714285714285715,0.8571428571428571,0.0004
413,1.0071819722652435,1.8739885091781616,0.5961538461538461,0.8461538461538461,0.35714285714285715,0.7142857142857143,0.0004
414,1.098948895931244,1.6396722793579102,0.5192307692307693,0.9038461538461539,0.2857142857142857,0.6428571428571429,0.0004
415,0.9598968029022217,1.7782114744186401,0.5961538461538461,0.9038461538461539,0.2857142857142857,0.5714285714285714,0.0004
416,1.0802207291126251,1.4149096012115479,0.5384615384615384,0.8269230769230769,0.5,0.7857142857142857,0.0004
417,1.082707941532135,1.5926227569580078,0.6346153846153846,0.8846153846153846,0.42857142857142855,0.5714285714285714,0.0004
418,1.169173002243042,1.6520733833312988,0.5384615384615384,0.8461538461538461,0.42857142857142855,0.7857142857142857,0.0004
419,1.104054868221283,1.5174646377563477,0.6153846153846154,0.9230769230769231,0.2857142857142857,0.9285714285714286,0.0004
420,1.1142942309379578,1.2397925853729248,0.5961538461538461,0.8076923076923077,0.35714285714285715,0.8571428571428571,0.0004
421,0.9986665844917297,1.5971204042434692,0.6346153846153846,0.8653846153846154,0.35714285714285715,0.7142857142857143,0.0004
422,1.0844067335128784,1.6192095279693604,0.5961538461538461,0.9423076923076923,0.35714285714285715,0.7142857142857143,0.0004
423,1.0991206169128418,1.297349214553833,0.6538461538461539,0.8653846153846154,0.35714285714285715,0.7857142857142857,0.0004
424,0.9983161985874176,1.17875337600708,0.6153846153846154,0.9038461538461539,0.5714285714285714,0.8571428571428571,0.0004
425,1.1299878358840942,1.7821578979492188,0.4423076923076923,0.8846153846153846,0.42857142857142855,0.7142857142857143,0.0004
426,1.0877511501312256,1.6877386569976807,0.6346153846153846,0.8269230769230769,0.5,0.7142857142857143,0.0004
427,1.0764442682266235,1.1997315883636475,0.6153846153846154,0.9038461538461539,0.42857142857142855,0.7857142857142857,0.0004
428,1.1717790961265564,2.0150856971740723,0.5576923076923077,0.8269230769230769,0.2857142857142857,0.6428571428571429,0.0004
429,1.2023535370826721,1.9041014909744263,0.5769230769230769,0.8653846153846154,0.35714285714285715,0.8571428571428571,0.0004
430,0.8680518865585327,1.718276858329773,0.7115384615384616,0.8846153846153846,0.5,0.8571428571428571,0.0004
431,1.0675694346427917,1.2982604503631592,0.6730769230769231,0.8461538461538461,0.5,0.7142857142857143,0.0004
432,1.1539266109466553,1.6827231645584106,0.5576923076923077,0.8269230769230769,0.35714285714285715,0.7142857142857143,0.0004
433,0.9744287133216858,1.6411607265472412,0.5961538461538461,0.8846153846153846,0.5714285714285714,0.6428571428571429,0.0004
434,0.9754708707332611,1.5409507751464844,0.6346153846153846,0.9230769230769231,0.42857142857142855,0.6428571428571429,0.0004
435,0.9195839166641235,1.6602227687835693,0.5961538461538461,0.8846153846153846,0.2857142857142857,0.6428571428571429,0.0004
436,1.1481512784957886,1.9767158031463623,0.5192307692307693,0.8653846153846154,0.21428571428571427,0.6428571428571429,0.0004
437,0.9271377623081207,1.4430404901504517,0.5769230769230769,0.9423076923076923,0.35714285714285715,0.7857142857142857,0.0004
438,1.1332038044929504,1.6394922733306885,0.5769230769230769,0.8461538461538461,0.2857142857142857,0.7142857142857143,0.0004
439,0.9996258020401001,1.3195592164993286,0.7115384615384616,0.8846153846153846,0.6428571428571429,0.7857142857142857,0.0004
440,1.0090954899787903,1.3898488283157349,0.6153846153846154,0.9230769230769231,0.42857142857142855,0.7142857142857143,0.0004
441,1.0458741784095764,1.6108474731445312,0.5576923076923077,0.8653846153846154,0.35714285714285715,0.6428571428571429,0.0004
442,1.010032594203949,1.3563072681427002,0.6346153846153846,0.8461538461538461,0.5,0.7142857142857143,0.0004
443,0.9432918429374695,1.5998947620391846,0.6730769230769231,0.9230769230769231,0.35714285714285715,0.6428571428571429,0.0004
444,1.2084502875804901,1.7866027355194092,0.5769230769230769,0.8269230769230769,0.21428571428571427,0.7857142857142857,0.0004
445,1.045054852962494,1.7323966026306152,0.6538461538461539,0.8653846153846154,0.35714285714285715,0.6428571428571429,0.0004
446,1.034287929534912,1.480993390083313,0.6153846153846154,0.8846153846153846,0.42857142857142855,0.7142857142857143,0.0004
447,0.9180041253566742,1.606899619102478,0.7307692307692307,0.8846153846153846,0.35714285714285715,0.7142857142857143,0.0004
448,0.9095091223716736,1.9765748977661133,0.7307692307692307,0.9038461538461539,0.2857142857142857,0.8571428571428571,0.0004
449,0.9225667417049408,1.656484603881836,0.6730769230769231,0.9423076923076923,0.5,0.5,0.0004
450,0.9640511572360992,1.4750101566314697,0.6730769230769231,0.9230769230769231,0.5,0.7142857142857143,0.0004
451,0.9781006574630737,1.8965275287628174,0.5769230769230769,0.8846153846153846,0.21428571428571427,0.6428571428571429,0.0004
452,1.277502954006195,1.6398940086364746,0.5961538461538461,0.8076923076923077,0.5,0.7142857142857143,0.0004
453,0.9295384287834167,1.531672477722168,0.6153846153846154,0.9615384615384616,0.35714285714285715,0.7857142857142857,0.0004
454,0.9852558076381683,1.5591392517089844,0.6346153846153846,0.9230769230769231,0.5,0.8571428571428571,0.0004
455,1.2995362877845764,1.3313021659851074,0.5769230769230769,0.8076923076923077,0.5714285714285714,0.9285714285714286,0.0004
456,1.1679542660713196,1.2271596193313599,0.5192307692307693,0.8653846153846154,0.42857142857142855,0.7857142857142857,0.0004
457,1.021007776260376,1.464807391166687,0.5961538461538461,0.9230769230769231,0.5714285714285714,0.6428571428571429,0.0004
458,0.9270290732383728,1.7767207622528076,0.6153846153846154,0.9038461538461539,0.42857142857142855,0.5714285714285714,0.0004
459,1.0747994184494019,2.157480239868164,0.5576923076923077,0.8461538461538461,0.42857142857142855,0.6428571428571429,0.0004
460,1.1045072078704834,1.4199159145355225,0.6153846153846154,0.8076923076923077,0.5,0.7142857142857143,0.0004
461,1.0241475701332092,1.6742041110992432,0.6346153846153846,0.8461538461538461,0.35714285714285715,0.6428571428571429,0.0004
462,0.9197710156440735,1.5026850700378418,0.6730769230769231,0.8846153846153846,0.42857142857142855,0.7857142857142857,0.0004
463,1.0421238541603088,1.4576724767684937,0.6538461538461539,0.8461538461538461,0.5714285714285714,0.7142857142857143,0.0004
464,0.9750515222549438,1.17081618309021,0.6538461538461539,0.9038461538461539,0.5,0.8571428571428571,0.0004
465,0.9173086583614349,1.5318083763122559,0.6346153846153846,0.9230769230769231,0.42857142857142855,0.7142857142857143,0.0004
466,0.9817571043968201,1.2113616466522217,0.5961538461538461,0.8846153846153846,0.42857142857142855,0.8571428571428571,0.0004
467,0.8733892738819122,1.6130309104919434,0.6346153846153846,0.8846153846153846,0.21428571428571427,0.7142857142857143,0.0004
468,0.9852519631385803,1.738053321838379,0.6538461538461539,0.8846153846153846,0.35714285714285715,0.7857142857142857,0.0004
469,1.0750266313552856,1.1366170644760132,0.5769230769230769,0.9038461538461539,0.5,0.8571428571428571,0.0004
470,0.9321855306625366,1.7099353075027466,0.6153846153846154,0.8846153846153846,0.35714285714285715,0.8571428571428571,0.0004
471,0.9444900155067444,1.7644366025924683,0.6730769230769231,0.9423076923076923,0.21428571428571427,0.6428571428571429,0.0004
472,1.0872340202331543,1.5026476383209229,0.5961538461538461,0.8653846153846154,0.42857142857142855,0.7142857142857143,0.0004
473,0.9856769144535065,1.7222998142242432,0.6153846153846154,0.9038461538461539,0.21428571428571427,0.6428571428571429,0.0004
474,1.0005503296852112,1.3106305599212646,0.6730769230769231,0.8461538461538461,0.6428571428571429,0.7142857142857143,0.0004
475,0.9955965280532837,1.592820644378662,0.5769230769230769,0.9038461538461539,0.35714285714285715,0.7142857142857143,0.0004
476,1.0120920538902283,1.2295737266540527,0.5,0.9038461538461539,0.5,0.7857142857142857,0.0004
477,0.9355649054050446,1.6333187818527222,0.6153846153846154,0.9230769230769231,0.35714285714285715,0.7142857142857143,0.0004
478,1.2527638673782349,1.2518210411071777,0.46153846153846156,0.8846153846153846,0.42857142857142855,0.8571428571428571,0.0004
479,1.0378724932670593,1.4470072984695435,0.6346153846153846,0.8461538461538461,0.5714285714285714,0.7857142857142857,0.0004
480,0.9212034344673157,1.5652246475219727,0.5961538461538461,0.8846153846153846,0.42857142857142855,0.7857142857142857,0.0004
481,1.0610247254371643,1.5770361423492432,0.6153846153846154,0.9038461538461539,0.42857142857142855,0.7857142857142857,0.0004
482,1.1852091550827026,1.6109082698822021,0.5961538461538461,0.8461538461538461,0.2857142857142857,0.6428571428571429,0.0004
483,1.1009796559810638,1.2607429027557373,0.5384615384615384,0.8846153846153846,0.5,0.7857142857142857,0.0004
484,1.2678018808364868,1.4601037502288818,0.5576923076923077,0.8269230769230769,0.35714285714285715,0.7142857142857143,0.0004
485,0.954585611820221,1.1547406911849976,0.5769230769230769,0.9230769230769231,0.5,0.8571428571428571,0.0004
486,0.9714855849742889,1.4640474319458008,0.5961538461538461,0.9230769230769231,0.42857142857142855,0.7857142857142857,0.0004
487,1.1228655576705933,1.3963680267333984,0.5384615384615384,0.8653846153846154,0.5714285714285714,0.8571428571428571,0.0004
488,0.9064047336578369,1.4387304782867432,0.6730769230769231,0.9615384615384616,0.35714285714285715,0.7857142857142857,0.0004
489,0.9958445727825165,1.6068987846374512,0.6153846153846154,0.9038461538461539,0.5,0.7857142857142857,0.0004
490,1.0205941796302795,1.902003288269043,0.5576923076923077,0.9038461538461539,0.21428571428571427,0.6428571428571429,0.0004
491,1.0967118740081787,1.5795338153839111,0.6346153846153846,0.9423076923076923,0.42857142857142855,0.7857142857142857,0.0004
492,1.143704354763031,1.4006646871566772,0.5769230769230769,0.8461538461538461,0.35714285714285715,0.6428571428571429,0.0004
493,0.9777769148349762,1.3835084438323975,0.6538461538461539,0.8846153846153846,0.35714285714285715,0.7857142857142857,0.0004
494,1.0132712721824646,1.6519960165023804,0.5576923076923077,0.8653846153846154,0.35714285714285715,0.7142857142857143,0.0004
495,1.080792784690857,1.943832278251648,0.6153846153846154,0.9038461538461539,0.35714285714285715,0.7857142857142857,0.0004
496,0.985170841217041,1.9048867225646973,0.5576923076923077,0.9038461538461539,0.35714285714285715,0.5714285714285714,0.0004
497,1.0463068783283234,1.3624070882797241,0.5769230769230769,0.8846153846153846,0.5,0.7142857142857143,0.0004
498,0.976354718208313,2.214315891265869,0.6346153846153846,0.9423076923076923,0.2857142857142857,0.8571428571428571,0.0004
499,1.1038577854633331,1.4522640705108643,0.6346153846153846,0.8653846153846154,0.35714285714285715,0.8571428571428571,0.0004
500,1.044498324394226,1.8260445594787598,0.6346153846153846,0.8846153846153846,0.35714285714285715,0.7142857142857143,0.0004
501,1.008264273405075,1.2240339517593384,0.6346153846153846,0.8846153846153846,0.42857142857142855,0.9285714285714286,0.0004
502,1.0697147250175476,1.7533963918685913,0.5769230769230769,0.9038461538461539,0.5,0.6428571428571429,0.0004
503,1.1289369463920593,1.4000720977783203,0.5384615384615384,0.8461538461538461,0.42857142857142855,0.7857142857142857,0.0004
504,1.0465638637542725,1.5434327125549316,0.6153846153846154,0.9230769230769231,0.5,0.7857142857142857,0.0004
505,0.9635983109474182,1.5407615900039673,0.5961538461538461,0.8653846153846154,0.2857142857142857,0.7142857142857143,0.0004
506,0.855940967798233,1.84937584400177,0.6730769230769231,0.9230769230769231,0.2857142857142857,0.8571428571428571,0.0004
507,1.0305838584899902,1.310592532157898,0.5384615384615384,0.9038461538461539,0.2857142857142857,0.8571428571428571,0.0004
508,1.1310899257659912,2.0211222171783447,0.5961538461538461,0.8461538461538461,0.2857142857142857,0.6428571428571429,0.0004
509,1.1554761826992035,1.281840205192566,0.6153846153846154,0.8653846153846154,0.35714285714285715,0.6428571428571429,0.0004
510,0.919379323720932,1.45854651927948,0.5961538461538461,0.8846153846153846,0.35714285714285715,0.7142857142857143,0.0004
511,1.273598551750183,1.7186968326568604,0.5961538461538461,0.7307692307692307,0.35714285714285715,0.7857142857142857,0.0004
512,1.168479859828949,1.9192694425582886,0.5769230769230769,0.8461538461538461,0.42857142857142855,0.7142857142857143,0.0004
513,1.0503523349761963,1.5546907186508179,0.6153846153846154,0.9038461538461539,0.35714285714285715,0.7142857142857143,0.0004
514,1.066110074520111,1.5468628406524658,0.5576923076923077,0.9038461538461539,0.42857142857142855,0.7857142857142857,0.0004
515,1.3579343557357788,1.2193629741668701,0.5961538461538461,0.8846153846153846,0.5,0.8571428571428571,0.0004
516,0.9943141639232635,1.8097320795059204,0.6538461538461539,0.9038461538461539,0.35714285714285715,0.7857142857142857,0.0004
517,0.9799578189849854,1.7634403705596924,0.5961538461538461,0.8461538461538461,0.42857142857142855,0.6428571428571429,0.0004
518,0.9089482426643372,1.5458698272705078,0.7307692307692307,0.9230769230769231,0.42857142857142855,0.6428571428571429,0.0004
519,1.0243490934371948,1.6252108812332153,0.5576923076923077,0.9423076923076923,0.35714285714285715,0.6428571428571429,0.0004
520,1.0337612628936768,1.238755226135254,0.5576923076923077,0.9038461538461539,0.5714285714285714,0.6428571428571429,0.0004
521,1.0394833087921143,1.7708299160003662,0.5576923076923077,0.8846153846153846,0.5,0.6428571428571429,0.0004
522,1.1543596386909485,1.4818944931030273,0.5,0.8846153846153846,0.5,0.6428571428571429,0.0004
523,1.1357830464839935,1.6469907760620117,0.5961538461538461,0.8846153846153846,0.5,0.7857142857142857,0.0004
524,0.944892406463623,1.5337879657745361,0.5961538461538461,0.9038461538461539,0.35714285714285715,0.7142857142857143,0.0004
525,0.9216979742050171,1.5014896392822266,0.6923076923076923,0.9423076923076923,0.35714285714285715,0.7857142857142857,0.0004
526,1.139129102230072,1.5800154209136963,0.5961538461538461,0.8653846153846154,0.42857142857142855,0.8571428571428571,0.0004
527,1.0624450743198395,1.7823256254196167,0.6730769230769231,0.8461538461538461,0.35714285714285715,0.8571428571428571,0.0004
528,1.0889955759048462,1.2500611543655396,0.5769230769230769,0.8846153846153846,0.42857142857142855,0.7142857142857143,0.0004
529,1.013937532901764,1.2802540063858032,0.6153846153846154,0.8461538461538461,0.42857142857142855,0.7857142857142857,0.0004
530,0.8903624713420868,1.3340795040130615,0.5769230769230769,0.9038461538461539,0.5,0.7142857142857143,0.0004
531,1.0269997417926788,1.4341540336608887,0.6538461538461539,0.8846153846153846,0.42857142857142855,0.8571428571428571,0.0004
532,1.05064857006073,1.3705313205718994,0.5576923076923077,0.9038461538461539,0.35714285714285715,0.8571428571428571,0.0004
533,1.1083458065986633,1.1657445430755615,0.5769230769230769,0.8653846153846154,0.42857142857142855,0.9285714285714286,0.0004
534,0.8616635501384735,1.4966927766799927,0.6538461538461539,0.9230769230769231,0.42857142857142855,0.7857142857142857,0.0004
535,0.9685529172420502,1.444014310836792,0.5961538461538461,0.8653846153846154,0.6428571428571429,0.7857142857142857,0.0004
536,1.297243356704712,1.342063546180725,0.5384615384615384,0.8269230769230769,0.42857142857142855,0.7142857142857143,0.0004
537,1.0821707844734192,1.9034466743469238,0.5769230769230769,0.9038461538461539,0.2857142857142857,0.7857142857142857,0.0004
538,0.8147110641002655,1.4552226066589355,0.6730769230769231,0.9423076923076923,0.42857142857142855,0.7857142857142857,0.0004
539,1.1594284176826477,1.3637259006500244,0.6153846153846154,0.8846153846153846,0.6428571428571429,0.7857142857142857,0.0004
540,1.024823635816574,1.3618695735931396,0.5961538461538461,0.9038461538461539,0.35714285714285715,0.6428571428571429,0.0004
541,1.1369218230247498,1.3066343069076538,0.6153846153846154,0.9038461538461539,0.42857142857142855,0.8571428571428571,0.0004
542,0.9480471611022949,1.2867976427078247,0.5769230769230769,0.8846153846153846,0.42857142857142855,0.8571428571428571,0.0004
543,0.9849372506141663,1.23008394241333,0.6346153846153846,0.9038461538461539,0.42857142857142855,0.7142857142857143,0.0004
544,0.9385087490081787,1.8419804573059082,0.6923076923076923,0.9423076923076923,0.2857142857142857,0.7857142857142857,0.0004
545,0.9771590828895569,1.5002765655517578,0.6538461538461539,0.9038461538461539,0.35714285714285715,0.7142857142857143,0.0004
546,1.1485904455184937,1.595805048942566,0.5769230769230769,0.8461538461538461,0.35714285714285715,0.7857142857142857,0.0004
547,0.9110162854194641,1.6263530254364014,0.6730769230769231,0.9230769230769231,0.2857142857142857,0.8571428571428571,0.0004
548,1.0385658740997314,1.4568047523498535,0.5576923076923077,0.8846153846153846,0.42857142857142855,0.7142857142857143,0.0004
549,1.1124497056007385,1.5242018699645996,0.5769230769230769,0.8269230769230769,0.35714285714285715,0.5714285714285714,0.0004
550,1.0245236456394196,1.3611342906951904,0.5961538461538461,0.8846153846153846,0.42857142857142855,0.8571428571428571,0.0004
551,1.2101643085479736,1.605989933013916,0.5384615384615384,0.8269230769230769,0.2857142857142857,0.8571428571428571,0.0004
552,1.1019489765167236,2.004884958267212,0.6346153846153846,0.9038461538461539,0.35714285714285715,0.5,0.0004
553,0.9661805927753448,1.0956828594207764,0.5769230769230769,0.9423076923076923,0.5,0.7142857142857143,0.0004
554,1.0990753173828125,1.3974132537841797,0.5769230769230769,0.8846153846153846,0.5,0.6428571428571429,0.0004
555,1.1886540055274963,1.7432570457458496,0.6346153846153846,0.9038461538461539,0.35714285714285715,0.7142857142857143,0.0004
556,1.2001487016677856,1.2204798460006714,0.5192307692307693,0.8461538461538461,0.5714285714285714,0.7857142857142857,0.0004
557,0.9925884306430817,1.518742322921753,0.5961538461538461,0.8653846153846154,0.35714285714285715,0.6428571428571429,0.0004
558,0.9811310768127441,1.4285354614257812,0.5961538461538461,0.9807692307692307,0.35714285714285715,0.7142857142857143,0.0004
559,1.021161139011383,1.4171690940856934,0.6538461538461539,0.8653846153846154,0.5,0.8571428571428571,0.0004
560,1.0977343022823334,1.2548811435699463,0.5769230769230769,0.9230769230769231,0.5714285714285714,0.7857142857142857,0.0004
561,1.1005427837371826,1.4217867851257324,0.5576923076923077,0.8846153846153846,0.42857142857142855,0.7142857142857143,0.0004
562,1.0307075083255768,1.16499924659729,0.6346153846153846,0.9038461538461539,0.5714285714285714,0.8571428571428571,0.0004
563,0.9170384407043457,1.158880352973938,0.6538461538461539,0.8846153846153846,0.42857142857142855,0.9285714285714286,0.0004
564,0.9087971746921539,1.6755696535110474,0.6538461538461539,0.9230769230769231,0.35714285714285715,0.7857142857142857,0.0004
565,1.0437448620796204,1.5950143337249756,0.5961538461538461,0.9230769230769231,0.5,0.6428571428571429,0.0004
566,1.0005447268486023,1.778202772140503,0.6153846153846154,0.9230769230769231,0.42857142857142855,0.8571428571428571,0.0004
567,1.076064795255661,1.267135500907898,0.5961538461538461,0.9038461538461539,0.35714285714285715,0.7857142857142857,0.0004
568,0.9406194388866425,1.8842098712921143,0.6346153846153846,0.9230769230769231,0.35714285714285715,0.5714285714285714,0.0004
569,1.0856923460960388,1.231769323348999,0.6153846153846154,0.8461538461538461,0.42857142857142855,0.9285714285714286,0.0004
570,0.9153610467910767,1.6922664642333984,0.6153846153846154,0.9230769230769231,0.35714285714285715,0.6428571428571429,0.0004
571,1.165771484375,2.262275457382202,0.5576923076923077,0.8653846153846154,0.42857142857142855,0.7142857142857143,0.0004
572,0.8811485171318054,1.7535666227340698,0.6730769230769231,0.9230769230769231,0.2857142857142857,0.6428571428571429,0.0004
573,0.9916621148586273,1.5403940677642822,0.5961538461538461,0.9230769230769231,0.2857142857142857,0.6428571428571429,0.0004
574,1.0149536430835724,1.6747204065322876,0.5961538461538461,0.8461538461538461,0.42857142857142855,0.6428571428571429,0.0004
575,1.1150104999542236,1.8446931838989258,0.6153846153846154,0.8076923076923077,0.5,0.6428571428571429,0.0004
576,1.0571838915348053,1.2966985702514648,0.6153846153846154,0.9038461538461539,0.42857142857142855,0.7857142857142857,0.0004
577,1.0405800342559814,1.5157252550125122,0.5384615384615384,0.9038461538461539,0.5,0.7857142857142857,0.0004
578,1.1619142293930054,1.5167911052703857,0.5576923076923077,0.8461538461538461,0.2857142857142857,0.7142857142857143,0.0004
579,1.1375831365585327,1.379807472229004,0.5769230769230769,0.9038461538461539,0.35714285714285715,0.7857142857142857,0.0004
580,0.9678423404693604,1.3014428615570068,0.6538461538461539,0.8846153846153846,0.35714285714285715,0.6428571428571429,0.0004
581,1.1198782324790955,1.2063634395599365,0.5961538461538461,0.8269230769230769,0.5714285714285714,0.9285714285714286,0.0004
582,1.0102134346961975,1.0885498523712158,0.6153846153846154,0.8846153846153846,0.5714285714285714,0.8571428571428571,0.0004
583,1.0388199090957642,1.5496481657028198,0.5961538461538461,0.9038461538461539,0.5,0.8571428571428571,0.0004
584,1.101860225200653,1.493922233581543,0.5384615384615384,0.8653846153846154,0.2857142857142857,0.8571428571428571,0.0004
585,1.165650725364685,1.6743731498718262,0.5769230769230769,0.9230769230769231,0.42857142857142855,0.8571428571428571,0.0004
586,0.8919929265975952,1.3662843704223633,0.6153846153846154,0.9423076923076923,0.42857142857142855,0.7857142857142857,0.0004
587,1.1174529194831848,1.6233543157577515,0.5192307692307693,0.9038461538461539,0.2857142857142857,0.8571428571428571,0.0004
588,1.000130444765091,1.4385652542114258,0.6923076923076923,0.8846153846153846,0.5714285714285714,0.7857142857142857,0.0004
589,1.181045114994049,1.5342004299163818,0.5576923076923077,0.9230769230769231,0.35714285714285715,0.7142857142857143,0.0004
590,1.0843634605407715,1.649985432624817,0.5769230769230769,0.8846153846153846,0.35714285714285715,0.7857142857142857,0.0004
591,1.0966529846191406,1.2309060096740723,0.5961538461538461,0.9230769230769231,0.35714285714285715,0.8571428571428571,0.0004
592,1.1857063472270966,1.7657445669174194,0.5384615384615384,0.9230769230769231,0.42857142857142855,0.7857142857142857,0.0004
593,1.0063262581825256,1.5034663677215576,0.6346153846153846,0.8653846153846154,0.2857142857142857,0.6428571428571429,0.0004
594,1.038933515548706,1.4361965656280518,0.5576923076923077,0.9423076923076923,0.35714285714285715,0.8571428571428571,0.0004
595,0.981352686882019,1.3814706802368164,0.6153846153846154,0.9230769230769231,0.35714285714285715,0.8571428571428571,0.0004
596,1.0562511086463928,1.65065336227417,0.5961538461538461,0.8653846153846154,0.2857142857142857,0.6428571428571429,0.0004
597,1.0138927102088928,1.6213122606277466,0.6346153846153846,0.9230769230769231,0.35714285714285715,0.9285714285714286,0.0004
598,1.109544575214386,1.5988664627075195,0.5384615384615384,0.8846153846153846,0.42857142857142855,0.7142857142857143,0.0004
599,1.0131075382232666,1.2794352769851685,0.6346153846153846,0.9230769230769231,0.35714285714285715,0.7857142857142857,0.0004
600,1.016886681318283,1.391155481338501,0.6153846153846154,0.8846153846153846,0.5714285714285714,0.7857142857142857,0.0004
601,1.0783048272132874,1.433658242225647,0.5769230769230769,0.8269230769230769,0.42857142857142855,0.7142857142857143,0.0004
602,1.0437663793563843,1.7852251529693604,0.6153846153846154,0.8653846153846154,0.6428571428571429,0.8571428571428571,0.0004
603,0.9671221077442169,1.5914833545684814,0.6153846153846154,0.9038461538461539,0.35714285714285715,0.7142857142857143,0.0004
604,1.0741078853607178,1.4341846704483032,0.5769230769230769,0.8461538461538461,0.5,0.6428571428571429,0.0004
605,1.1035618782043457,1.4856058359146118,0.6153846153846154,0.8461538461538461,0.42857142857142855,0.7142857142857143,0.0004
606,0.9802776575088501,1.382312297821045,0.5961538461538461,0.8846153846153846,0.35714285714285715,0.7142857142857143,0.0004
607,0.8343692123889923,1.3507072925567627,0.6730769230769231,0.9230769230769231,0.2857142857142857,0.7142857142857143,0.0004
608,0.9083296656608582,1.5082587003707886,0.6730769230769231,0.8846153846153846,0.42857142857142855,0.9285714285714286,0.0004
609,0.9340873062610626,1.9499419927597046,0.6153846153846154,0.9230769230769231,0.2857142857142857,0.7857142857142857,0.0004
610,0.9773227870464325,1.3234626054763794,0.5961538461538461,0.8846153846153846,0.6428571428571429,0.7857142857142857,0.0004
611,0.8839498162269592,1.4582699537277222,0.5576923076923077,0.8846153846153846,0.5,0.7857142857142857,0.0004
612,1.0534868836402893,1.3478538990020752,0.6346153846153846,0.8846153846153846,0.35714285714285715,0.8571428571428571,0.0004
613,1.0249166190624237,1.4933524131774902,0.6923076923076923,0.8269230769230769,0.6428571428571429,0.7142857142857143,0.0004
614,1.0895644426345825,1.3749537467956543,0.5192307692307693,0.9230769230769231,0.6428571428571429,0.7857142857142857,0.0004
615,1.3717122673988342,1.6445815563201904,0.5384615384615384,0.9230769230769231,0.5,0.7142857142857143,0.0004
616,0.9095397293567657,1.4280411005020142,0.6923076923076923,0.9230769230769231,0.42857142857142855,0.6428571428571429,0.0004
617,1.3470325469970703,1.803332805633545,0.5384615384615384,0.8846153846153846,0.42857142857142855,0.9285714285714286,0.0004
618,1.000267744064331,1.6596195697784424,0.6538461538461539,0.9230769230769231,0.5,0.9285714285714286,0.0004
619,0.8444313704967499,1.779984474182129,0.6923076923076923,0.9230769230769231,0.5,0.8571428571428571,0.0004
620,1.0267605483531952,1.2285614013671875,0.6923076923076923,0.9230769230769231,0.5714285714285714,0.9285714285714286,0.0004
621,0.9828736186027527,1.6263394355773926,0.6346153846153846,0.9230769230769231,0.35714285714285715,0.8571428571428571,0.0004
622,1.0102729201316833,1.6950184106826782,0.5961538461538461,0.8653846153846154,0.42857142857142855,0.7857142857142857,0.0004
623,1.0315033793449402,1.1807165145874023,0.6538461538461539,0.8846153846153846,0.42857142857142855,0.9285714285714286,0.0004
624,0.932784914970398,1.2773089408874512,0.7115384615384616,0.8846153846153846,0.7142857142857143,0.8571428571428571,0.0004
625,1.2058626413345337,1.3718557357788086,0.5,0.7884615384615384,0.7142857142857143,0.7142857142857143,0.0004
626,1.0475875735282898,1.9691344499588013,0.6153846153846154,0.9038461538461539,0.35714285714285715,0.6428571428571429,0.0004
627,1.0335347056388855,2.3908252716064453,0.6538461538461539,0.9423076923076923,0.2857142857142857,0.6428571428571429,0.0004
628,1.002444565296173,1.280482530593872,0.6538461538461539,0.9230769230769231,0.5,0.7142857142857143,0.0004
629,0.9605557918548584,1.5139968395233154,0.6346153846153846,0.8653846153846154,0.42857142857142855,0.6428571428571429,0.0004
630,0.896332174539566,1.6821584701538086,0.6538461538461539,0.9423076923076923,0.42857142857142855,0.7142857142857143,0.0004
631,0.9910768866539001,1.4354248046875,0.6538461538461539,0.8461538461538461,0.42857142857142855,0.8571428571428571,0.0004
632,1.1275741457939148,1.4874465465545654,0.5769230769230769,0.9038461538461539,0.35714285714285715,0.7142857142857143,0.0004
633,0.897187739610672,1.1451773643493652,0.6346153846153846,0.9038461538461539,0.6428571428571429,0.9285714285714286,0.0004
634,0.896787703037262,1.0312542915344238,0.6346153846153846,0.9038461538461539,0.5714285714285714,0.7857142857142857,0.0004
635,1.015809565782547,1.826181173324585,0.5961538461538461,0.8653846153846154,0.35714285714285715,0.5714285714285714,0.0004
636,0.8507791757583618,1.348327398300171,0.6923076923076923,0.9423076923076923,0.42857142857142855,0.7142857142857143,0.0004
637,0.9180695414543152,1.3246475458145142,0.5769230769230769,0.9615384615384616,0.5,0.7857142857142857,0.0004
638,0.9582747220993042,1.3175759315490723,0.5769230769230769,0.9038461538461539,0.6428571428571429,0.7857142857142857,0.0004
639,1.1493546962738037,1.189465880393982,0.5384615384615384,0.8653846153846154,0.5,0.9285714285714286,0.0004
640,1.0329533219337463,1.3667981624603271,0.6346153846153846,0.9038461538461539,0.5,0.8571428571428571,0.0004
641,0.9289658963680267,1.6774510145187378,0.5961538461538461,0.9038461538461539,0.5714285714285714,0.8571428571428571,0.0004
642,0.9335422217845917,1.4857168197631836,0.6538461538461539,0.9038461538461539,0.35714285714285715,0.7142857142857143,0.0004
643,1.0585895478725433,1.9659688472747803,0.5769230769230769,0.9230769230769231,0.42857142857142855,0.7857142857142857,0.0004
644,1.065450668334961,1.7825653553009033,0.5961538461538461,0.9038461538461539,0.42857142857142855,0.7142857142857143,0.0004
645,1.1378248929977417,1.2386434078216553,0.6346153846153846,0.8461538461538461,0.5,0.7857142857142857,0.0004
646,0.9594128131866455,1.4145989418029785,0.6538461538461539,0.9038461538461539,0.6428571428571429,0.7857142857142857,0.0004
647,0.8366824388504028,1.2559809684753418,0.6923076923076923,0.9807692307692307,0.5714285714285714,0.7142857142857143,0.0004
648,1.0496700406074524,1.4203373193740845,0.5961538461538461,0.8461538461538461,0.42857142857142855,0.7142857142857143,0.0004
649,1.226744532585144,1.3142571449279785,0.5192307692307693,0.8461538461538461,0.7142857142857143,0.8571428571428571,0.0004
650,1.050152838230133,1.3260140419006348,0.5576923076923077,0.9038461538461539,0.42857142857142855,0.9285714285714286,0.0004
651,0.9074631333351135,1.3287608623504639,0.6346153846153846,0.9423076923076923,0.5714285714285714,0.8571428571428571,0.0004
652,1.1346245408058167,1.2594720125198364,0.6153846153846154,0.9038461538461539,0.5714285714285714,0.8571428571428571,0.0004
653,0.9401059448719025,1.6105917692184448,0.6346153846153846,0.9038461538461539,0.35714285714285715,0.7857142857142857,0.0004
654,1.1473475098609924,1.4607245922088623,0.6153846153846154,0.9230769230769231,0.42857142857142855,0.6428571428571429,0.0004
655,1.0785470008850098,1.3283121585845947,0.6346153846153846,0.8653846153846154,0.42857142857142855,0.8571428571428571,0.0004
656,0.997209906578064,1.3406646251678467,0.6538461538461539,0.9230769230769231,0.5,0.7857142857142857,0.0004
657,1.1680964827537537,1.463309407234192,0.5769230769230769,0.9038461538461539,0.42857142857142855,0.8571428571428571,0.0004
658,1.1293286085128784,1.359665870666504,0.5961538461538461,0.8653846153846154,0.5,0.7857142857142857,0.0004
659,0.9541996121406555,1.1884758472442627,0.6346153846153846,0.9230769230769231,0.42857142857142855,0.8571428571428571,0.0004
660,1.365357756614685,1.3201788663864136,0.5192307692307693,0.8846153846153846,0.5,0.7857142857142857,0.0004
661,1.3982491493225098,1.3158986568450928,0.5769230769230769,0.8653846153846154,0.5,0.8571428571428571,0.0004
662,1.2047375738620758,1.561760425567627,0.5384615384615384,0.9230769230769231,0.35714285714285715,0.7142857142857143,0.0004
663,0.9127536416053772,1.4696418046951294,0.5576923076923077,0.9615384615384616,0.35714285714285715,0.7142857142857143,0.0004
664,1.1052234172821045,1.3526887893676758,0.6346153846153846,0.8846153846153846,0.5714285714285714,0.9285714285714286,0.0004
665,1.0772373974323273,1.3436836004257202,0.5384615384615384,0.8846153846153846,0.5714285714285714,0.8571428571428571,0.0004
666,1.0361996293067932,1.2552207708358765,0.5769230769230769,0.8846153846153846,0.5,0.7857142857142857,0.0004
667,1.0660396814346313,1.3615596294403076,0.5576923076923077,0.8846153846153846,0.42857142857142855,0.7142857142857143,0.0004
668,0.9003893136978149,1.714233636856079,0.6538461538461539,0.9038461538461539,0.42857142857142855,0.7142857142857143,0.0004
669,1.1411616802215576,1.6168174743652344,0.5384615384615384,0.9230769230769231,0.42857142857142855,0.7857142857142857,0.0004
670,0.8441042900085449,1.0958331823349,0.7115384615384616,0.9230769230769231,0.6428571428571429,0.8571428571428571,0.0004
671,0.9758201241493225,1.2201770544052124,0.5769230769230769,0.9423076923076923,0.5,0.8571428571428571,0.0004
672,1.0913299322128296,1.2593669891357422,0.6153846153846154,0.8653846153846154,0.42857142857142855,0.7857142857142857,0.0004
673,1.125137448310852,1.0447075366973877,0.5769230769230769,0.9038461538461539,0.6428571428571429,0.9285714285714286,0.0004
674,0.9425815641880035,1.2764452695846558,0.6730769230769231,0.8846153846153846,0.5,0.8571428571428571,0.0004
675,1.0541496574878693,1.1422126293182373,0.5384615384615384,0.8653846153846154,0.6428571428571429,0.7857142857142857,0.0004
676,1.0016568303108215,1.6236684322357178,0.6153846153846154,0.8461538461538461,0.35714285714285715,0.8571428571428571,0.0004
677,1.042384684085846,1.6976909637451172,0.6153846153846154,0.8846153846153846,0.35714285714285715,0.6428571428571429,0.0004
678,1.0636042654514313,1.955162525177002,0.6538461538461539,0.9230769230769231,0.42857142857142855,0.7857142857142857,0.0004
679,1.1982840299606323,1.5017426013946533,0.5384615384615384,0.9038461538461539,0.5,0.7142857142857143,0.0004
680,1.2943870425224304,1.421081781387329,0.5769230769230769,0.8269230769230769,0.5714285714285714,0.7857142857142857,0.0004
681,0.9411964118480682,1.4935745000839233,0.6346153846153846,0.9038461538461539,0.5,0.7857142857142857,0.0004
682,0.8609399199485779,1.2327369451522827,0.6538461538461539,0.9038461538461539,0.42857142857142855,0.7857142857142857,0.0004
683,1.0888530611991882,1.8462718725204468,0.6346153846153846,0.8846153846153846,0.35714285714285715,0.7857142857142857,0.0004
684,1.0908117294311523,1.451030969619751,0.5769230769230769,0.9230769230769231,0.5,0.7142857142857143,0.0004
685,1.0154395699501038,1.347528338432312,0.5961538461538461,0.8653846153846154,0.42857142857142855,0.8571428571428571,0.0004
686,1.1343933939933777,1.2614121437072754,0.5384615384615384,0.9423076923076923,0.5,0.8571428571428571,0.0004
687,0.9396407306194305,1.145790934562683,0.6538461538461539,0.9038461538461539,0.5714285714285714,0.8571428571428571,0.0004
688,0.9000035524368286,1.4722366333007812,0.6153846153846154,0.9423076923076923,0.35714285714285715,0.7857142857142857,0.0004
689,0.9254502654075623,1.2427427768707275,0.6346153846153846,0.9038461538461539,0.5714285714285714,0.8571428571428571,0.0004
690,0.9953852891921997,2.0887515544891357,0.6153846153846154,0.9038461538461539,0.5,0.7142857142857143,0.0004
691,0.9984317421913147,1.748483419418335,0.6538461538461539,0.9038461538461539,0.5,0.7857142857142857,0.0004
692,1.1255674362182617,1.3202354907989502,0.6153846153846154,0.9038461538461539,0.5714285714285714,0.8571428571428571,0.0004
693,0.9558658301830292,1.4771416187286377,0.6730769230769231,0.9230769230769231,0.42857142857142855,0.7142857142857143,0.0004
694,1.1189029216766357,1.512140154838562,0.5961538461538461,0.8846153846153846,0.5,0.7857142857142857,0.0004
695,1.193593144416809,2.1582210063934326,0.5961538461538461,0.9230769230769231,0.07142857142857142,0.6428571428571429,0.0004
696,0.9760019481182098,1.3871726989746094,0.6153846153846154,0.9423076923076923,0.5,0.7142857142857143,0.0004
697,1.0815007984638214,1.6483759880065918,0.5576923076923077,0.9615384615384616,0.2857142857142857,0.7142857142857143,0.0004
698,1.1662853956222534,1.6525862216949463,0.6153846153846154,0.9038461538461539,0.42857142857142855,0.9285714285714286,0.0004
699,1.1669249534606934,1.360234260559082,0.5961538461538461,0.8461538461538461,0.5714285714285714,0.7857142857142857,0.0004
700,1.2650335431098938,1.4924132823944092,0.5384615384615384,0.8653846153846154,0.35714285714285715,0.8571428571428571,0.0004
701,0.8220572769641876,1.582018494606018,0.7115384615384616,0.9230769230769231,0.35714285714285715,0.7857142857142857,0.0004
702,0.9531127214431763,1.7227084636688232,0.6538461538461539,0.9038461538461539,0.42857142857142855,0.9285714285714286,0.0004
703,0.8098452687263489,1.2103134393692017,0.6923076923076923,0.9423076923076923,0.5,0.8571428571428571,0.0004
704,0.9247323870658875,1.5572917461395264,0.6538461538461539,0.9615384615384616,0.5714285714285714,0.9285714285714286,0.0004
705,0.7984455525875092,1.7114551067352295,0.7692307692307693,0.9230769230769231,0.5714285714285714,0.8571428571428571,0.0004
706,0.8970804512500763,1.2132530212402344,0.6730769230769231,0.9230769230769231,0.5,0.7857142857142857,0.0004
707,1.0323534607887268,1.6957746744155884,0.5961538461538461,0.8653846153846154,0.5,0.7142857142857143,0.0004
708,1.124283492565155,1.8545150756835938,0.6346153846153846,0.8846153846153846,0.35714285714285715,0.6428571428571429,0.0004
709,0.896074652671814,1.7752790451049805,0.6153846153846154,0.9807692307692307,0.35714285714285715,0.6428571428571429,0.0004
710,1.0518401563167572,1.1879258155822754,0.5961538461538461,0.9038461538461539,0.6428571428571429,0.8571428571428571,0.0004
711,1.186289668083191,1.2145549058914185,0.5961538461538461,0.8846153846153846,0.5,0.8571428571428571,0.0004
712,1.0349323451519012,1.9656710624694824,0.6730769230769231,0.9230769230769231,0.5,0.7857142857142857,0.0004
713,0.9466505348682404,1.5887337923049927,0.5961538461538461,0.9615384615384616,0.42857142857142855,0.7142857142857143,0.0004
714,0.934087723493576,1.2101987600326538,0.6923076923076923,0.8461538461538461,0.6428571428571429,0.8571428571428571,0.0004
715,1.0183284282684326,1.5461803674697876,0.6153846153846154,0.9615384615384616,0.35714285714285715,0.7857142857142857,0.0004
716,0.9617807865142822,1.3152344226837158,0.6153846153846154,0.9423076923076923,0.5,0.7857142857142857,0.0004
717,0.9034608900547028,1.7473907470703125,0.6538461538461539,0.9230769230769231,0.35714285714285715,0.6428571428571429,0.0004
718,0.931063324213028,1.1995141506195068,0.6153846153846154,0.9807692307692307,0.5,0.7857142857142857,0.0004
719,1.1108709573745728,1.3998973369598389,0.5769230769230769,0.8846153846153846,0.6428571428571429,0.7142857142857143,0.0004
720,1.0970701277256012,1.3940632343292236,0.6153846153846154,0.9230769230769231,0.5,0.7857142857142857,0.0004
721,1.0770151317119598,1.2113919258117676,0.5769230769230769,0.9038461538461539,0.6428571428571429,0.7857142857142857,0.0004
722,1.0529114603996277,1.2534854412078857,0.6730769230769231,0.8653846153846154,0.5714285714285714,0.8571428571428571,0.0004
723,0.9660623669624329,1.6686391830444336,0.6730769230769231,0.9230769230769231,0.5714285714285714,0.8571428571428571,0.0004
724,0.9669371843338013,1.1755684614181519,0.6538461538461539,0.9230769230769231,0.6428571428571429,0.8571428571428571,0.0004
725,0.9400226771831512,1.1432948112487793,0.6730769230769231,0.8846153846153846,0.7857142857142857,0.9285714285714286,0.0004
726,0.968306303024292,1.8352487087249756,0.5961538461538461,0.9038461538461539,0.6428571428571429,0.7142857142857143,0.0004
727,1.0037401020526886,1.7069504261016846,0.6538461538461539,0.9423076923076923,0.35714285714285715,0.7857142857142857,0.0004
728,1.1179115772247314,1.3929731845855713,0.5961538461538461,0.9038461538461539,0.5,0.8571428571428571,0.0004
729,0.9981662333011627,1.7227873802185059,0.6923076923076923,0.9038461538461539,0.35714285714285715,0.7142857142857143,0.0004
730,1.0133203864097595,1.2729538679122925,0.5384615384615384,0.9423076923076923,0.5,0.8571428571428571,0.0004
731,1.097001314163208,1.2606756687164307,0.5576923076923077,0.9230769230769231,0.5,0.8571428571428571,0.0004
732,0.8411299288272858,1.3102338314056396,0.7115384615384616,0.9423076923076923,0.5714285714285714,0.8571428571428571,0.0004
733,1.016279935836792,1.464017629623413,0.6730769230769231,0.8846153846153846,0.5714285714285714,0.9285714285714286,0.0004
734,1.1312702894210815,1.7444007396697998,0.6153846153846154,0.8653846153846154,0.5,0.8571428571428571,0.0004
735,0.9833913445472717,1.9309978485107422,0.6346153846153846,0.9038461538461539,0.2857142857142857,0.8571428571428571,0.0004
736,0.9599285125732422,1.701369047164917,0.5961538461538461,0.9230769230769231,0.5714285714285714,0.8571428571428571,0.0004
737,1.1226826310157776,1.097596287727356,0.5769230769230769,0.8846153846153846,0.6428571428571429,0.9285714285714286,0.0004
738,1.019169807434082,1.5491743087768555,0.6923076923076923,0.9230769230769231,0.42857142857142855,0.6428571428571429,0.0004
739,0.966618686914444,1.462133765220642,0.6346153846153846,0.9038461538461539,0.5,0.7142857142857143,0.0004
740,0.9361598193645477,1.293379545211792,0.5769230769230769,0.9423076923076923,0.42857142857142855,0.8571428571428571,0.0004
741,1.0755837857723236,1.30824613571167,0.5576923076923077,0.9038461538461539,0.5714285714285714,0.8571428571428571,0.0004
742,0.7608334124088287,1.3576141595840454,0.7307692307692307,0.9423076923076923,0.5714285714285714,0.7857142857142857,0.0004
743,0.8663194477558136,1.0704656839370728,0.6730769230769231,0.9615384615384616,0.7857142857142857,0.8571428571428571,0.0004
744,0.9853487312793732,1.4758440256118774,0.6153846153846154,0.9038461538461539,0.5,0.7142857142857143,0.0004
745,1.0007066130638123,1.3701921701431274,0.5192307692307693,0.9230769230769231,0.42857142857142855,0.7857142857142857,0.0004
746,0.7627489864826202,1.4378068447113037,0.7307692307692307,0.9423076923076923,0.42857142857142855,0.7857142857142857,0.0004
747,1.1722440719604492,1.7402749061584473,0.5961538461538461,0.9038461538461539,0.5,0.9285714285714286,0.0004
748,0.9863839745521545,1.3426368236541748,0.6153846153846154,0.9038461538461539,0.5,0.8571428571428571,0.0004
749,1.0332589745521545,1.3908815383911133,0.5961538461538461,0.9038461538461539,0.5,0.7142857142857143,0.0004
750,0.7768380045890808,1.202954649925232,0.7692307692307693,0.9423076923076923,0.5714285714285714,0.8571428571428571,0.0004
751,0.8501909077167511,1.6495041847229004,0.7307692307692307,0.9615384615384616,0.5,0.7857142857142857,0.0004
752,0.7469439506530762,2.0549259185791016,0.6923076923076923,0.9807692307692307,0.7142857142857143,0.8571428571428571,0.0004
753,0.790240466594696,1.4164586067199707,0.7115384615384616,0.9423076923076923,0.42857142857142855,0.8571428571428571,0.0004
754,1.0698330700397491,1.5159263610839844,0.5769230769230769,0.9038461538461539,0.5,0.8571428571428571,0.0004
755,0.8639491200447083,1.6269035339355469,0.6730769230769231,0.9038461538461539,0.42857142857142855,0.7857142857142857,0.0004
756,0.9247110188007355,1.6519535779953003,0.6730769230769231,0.9038461538461539,0.5,0.9285714285714286,0.0004
757,1.1438211798667908,2.163478136062622,0.6346153846153846,0.8653846153846154,0.35714285714285715,0.6428571428571429,0.0004
758,1.0141069293022156,0.9125076532363892,0.6153846153846154,0.9230769230769231,0.6428571428571429,0.9285714285714286,0.0004
759,1.08681982755661,1.5707850456237793,0.6923076923076923,0.9230769230769231,0.5714285714285714,0.7142857142857143,0.0004
760,0.8052370548248291,1.5224095582962036,0.6730769230769231,0.9615384615384616,0.42857142857142855,0.7857142857142857,0.0004
761,1.0130364894866943,1.0646395683288574,0.6346153846153846,0.8846153846153846,0.7142857142857143,0.9285714285714286,0.0004
762,0.963382750749588,1.6417670249938965,0.6538461538461539,0.9038461538461539,0.5714285714285714,0.8571428571428571,0.0004
763,0.8606833517551422,2.1694650650024414,0.6153846153846154,0.9230769230769231,0.42857142857142855,0.7857142857142857,0.0004
764,0.903747022151947,1.1747537851333618,0.6538461538461539,0.9038461538461539,0.5,0.9285714285714286,0.0004
765,1.1886504888534546,1.3598387241363525,0.6346153846153846,0.8846153846153846,0.6428571428571429,0.8571428571428571,0.0004
766,0.8713683187961578,1.541492223739624,0.6730769230769231,0.9038461538461539,0.42857142857142855,0.7857142857142857,0.0004
767,1.0732957422733307,1.5574336051940918,0.6538461538461539,0.8653846153846154,0.5,0.8571428571428571,0.0004
768,0.8591451048851013,1.376854419708252,0.6538461538461539,0.9423076923076923,0.5714285714285714,0.7857142857142857,0.0004
769,1.274348258972168,1.306715488433838,0.5192307692307693,0.9038461538461539,0.5,0.7857142857142857,0.0004
770,0.9227323830127716,1.3159233331680298,0.6538461538461539,0.9615384615384616,0.7142857142857143,0.7857142857142857,0.0004
771,0.9140899181365967,1.7890751361846924,0.7115384615384616,0.9423076923076923,0.35714285714285715,0.8571428571428571,0.0004
772,0.931794285774231,1.1716151237487793,0.6923076923076923,0.9038461538461539,0.5,0.8571428571428571,0.0004
773,1.1505677103996277,1.1614959239959717,0.5961538461538461,0.9230769230769231,0.5714285714285714,0.7857142857142857,0.0004
774,1.083588719367981,1.0049362182617188,0.6538461538461539,0.8846153846153846,0.7857142857142857,0.9285714285714286,0.0004
775,1.0610156059265137,1.4729478359222412,0.6538461538461539,0.9038461538461539,0.5,0.7857142857142857,0.0004
776,1.081319272518158,1.494399070739746,0.7307692307692307,0.8653846153846154,0.35714285714285715,0.9285714285714286,0.0004
777,0.8877987563610077,1.3247522115707397,0.5961538461538461,0.9615384615384616,0.5,0.8571428571428571,0.0004
778,0.9233816862106323,1.7786540985107422,0.6538461538461539,0.8846153846153846,0.35714285714285715,0.7142857142857143,0.0004
779,0.876476377248764,1.0559022426605225,0.6538461538461539,0.9807692307692307,0.7857142857142857,0.9285714285714286,0.0004
780,0.8410498201847076,1.5411421060562134,0.6538461538461539,0.9615384615384616,0.5714285714285714,0.8571428571428571,0.0004
781,0.9249255061149597,0.8394061326980591,0.7307692307692307,0.8846153846153846,0.7857142857142857,0.9285714285714286,0.0004
782,0.9374161958694458,1.2325761318206787,0.6923076923076923,0.8846153846153846,0.5,0.7857142857142857,0.0004
783,0.9039616286754608,1.0104892253875732,0.6538461538461539,0.9615384615384616,0.6428571428571429,0.9285714285714286,0.0004
784,0.7942773997783661,1.5818105936050415,0.6730769230769231,0.9615384615384616,0.35714285714285715,0.8571428571428571,0.0004
785,0.9604902267456055,1.228065013885498,0.6346153846153846,0.9423076923076923,0.6428571428571429,0.7857142857142857,0.0004
786,0.9149685502052307,1.5140533447265625,0.7115384615384616,0.9615384615384616,0.5714285714285714,0.7857142857142857,0.0004
787,0.8895696401596069,1.4804327487945557,0.6730769230769231,0.8846153846153846,0.5714285714285714,0.8571428571428571,0.0004
788,1.0736790895462036,1.179742455482483,0.6153846153846154,0.9423076923076923,0.6428571428571429,0.7142857142857143,0.0004
789,0.8582045137882233,1.582966923713684,0.6923076923076923,0.9615384615384616,0.6428571428571429,0.9285714285714286,0.0004
790,0.8818578124046326,1.4566926956176758,0.6923076923076923,0.9038461538461539,0.5714285714285714,0.8571428571428571,0.0004
791,0.7712933123111725,1.6293151378631592,0.75,0.9615384615384616,0.42857142857142855,0.7857142857142857,0.0004
792,1.0251951813697815,1.1551597118377686,0.6538461538461539,0.9038461538461539,0.6428571428571429,0.8571428571428571,0.0004
793,1.2287461757659912,1.3810462951660156,0.5961538461538461,0.8846153846153846,0.5,0.8571428571428571,0.0004
794,0.8037733435630798,0.9648483991622925,0.7115384615384616,0.9423076923076923,0.6428571428571429,0.9285714285714286,0.0004
795,0.7156157493591309,1.4355955123901367,0.7692307692307693,0.9807692307692307,0.5,0.8571428571428571,0.0004
796,0.9347913265228271,1.5322191715240479,0.6923076923076923,0.9038461538461539,0.5,0.7142857142857143,0.0004
797,0.8228139281272888,1.607356309890747,0.7884615384615384,0.9230769230769231,0.42857142857142855,0.7142857142857143,0.0004
798,0.8989088833332062,1.852034568786621,0.6923076923076923,0.9615384615384616,0.5,0.7142857142857143,0.0004
799,1.0330148935317993,1.6387267112731934,0.6538461538461539,0.9230769230769231,0.5,0.7142857142857143,0.0004
800,1.0405967235565186,1.177414059638977,0.6730769230769231,0.9038461538461539,0.6428571428571429,0.8571428571428571,0.0004
801,1.0686784982681274,1.373507022857666,0.6346153846153846,0.9038461538461539,0.7142857142857143,0.7857142857142857,0.0004
802,0.8701276779174805,1.6416144371032715,0.7115384615384616,0.9423076923076923,0.35714285714285715,0.7857142857142857,0.0004
803,0.8660863637924194,1.583092212677002,0.7115384615384616,0.9423076923076923,0.5,0.7857142857142857,0.0004
804,0.6909599900245667,1.1495813131332397,0.7692307692307693,0.9807692307692307,0.5,0.9285714285714286,0.0004
805,1.0790991187095642,1.4231681823730469,0.6346153846153846,0.9038461538461539,0.5,0.7142857142857143,0.0004
806,0.9586264193058014,1.4707274436950684,0.6346153846153846,0.9423076923076923,0.5714285714285714,0.7857142857142857,0.0004
807,0.9057660400867462,1.5166332721710205,0.6730769230769231,0.9230769230769231,0.5,0.7857142857142857,0.0004
808,0.7747385501861572,1.4345040321350098,0.7307692307692307,0.9615384615384616,0.6428571428571429,0.8571428571428571,0.0004
809,1.2311213910579681,1.2414360046386719,0.6153846153846154,0.8846153846153846,0.5714285714285714,0.9285714285714286,0.0004
810,0.8862206339836121,1.137758493423462,0.6923076923076923,0.9230769230769231,0.5714285714285714,0.9285714285714286,0.0004
811,0.9917294979095459,1.150246024131775,0.6153846153846154,0.8461538461538461,0.5714285714285714,0.7857142857142857,0.0004
812,0.7822788059711456,1.4866530895233154,0.75,0.9423076923076923,0.5714285714285714,0.7857142857142857,0.0004
813,0.782293826341629,1.214279055595398,0.75,0.9615384615384616,0.5714285714285714,0.8571428571428571,0.0004
814,1.0221828520298004,1.7507818937301636,0.6153846153846154,0.8653846153846154,0.5714285714285714,0.7142857142857143,0.0004
815,1.0361188650131226,1.313621997833252,0.5576923076923077,0.9423076923076923,0.5,0.7857142857142857,0.0004
816,0.9288759231567383,1.5236449241638184,0.6153846153846154,0.9230769230769231,0.6428571428571429,0.7142857142857143,0.0004
817,0.8474738597869873,1.4968928098678589,0.7115384615384616,0.9423076923076923,0.5714285714285714,0.7142857142857143,0.0004
818,1.0389602780342102,1.2416088581085205,0.6346153846153846,0.8653846153846154,0.5714285714285714,0.7857142857142857,0.0004
819,1.0461550652980804,1.4988692998886108,0.5769230769230769,0.9038461538461539,0.6428571428571429,0.7857142857142857,0.0004
820,1.2655023038387299,1.51213800907135,0.5576923076923077,0.8461538461538461,0.5714285714285714,0.7142857142857143,0.0004
821,1.009557843208313,1.0267324447631836,0.6538461538461539,0.9230769230769231,0.7857142857142857,0.9285714285714286,0.0004
822,1.0701040029525757,0.9250515699386597,0.6923076923076923,0.9615384615384616,0.7142857142857143,0.9285714285714286,0.0004
823,1.0573915243148804,1.540126085281372,0.6730769230769231,0.9038461538461539,0.7857142857142857,0.8571428571428571,0.0004
824,0.8935725092887878,1.575637936592102,0.6346153846153846,0.9615384615384616,0.42857142857142855,0.8571428571428571,0.0004
825,0.911624938249588,1.26507568359375,0.7115384615384616,0.9230769230769231,0.6428571428571429,0.8571428571428571,0.0004
826,1.0866329073905945,1.3229111433029175,0.5961538461538461,0.9038461538461539,0.6428571428571429,0.8571428571428571,0.0004
827,1.155407428741455,1.3117320537567139,0.5961538461538461,0.8653846153846154,0.42857142857142855,0.7857142857142857,0.0004
828,1.0572677850723267,1.349517822265625,0.6730769230769231,0.9038461538461539,0.7142857142857143,0.8571428571428571,0.0004
829,0.9692609906196594,1.3380273580551147,0.6923076923076923,0.9230769230769231,0.7142857142857143,0.8571428571428571,0.0004
830,1.1856793761253357,1.399312138557434,0.5769230769230769,0.8653846153846154,0.6428571428571429,0.7857142857142857,0.0004
831,0.7947123050689697,1.0536630153656006,0.6923076923076923,0.9807692307692307,0.6428571428571429,0.8571428571428571,0.0004
832,0.9304393231868744,1.1695044040679932,0.75,0.9615384615384616,0.5714285714285714,0.9285714285714286,0.0004
833,0.755842000246048,1.435615062713623,0.7307692307692307,0.9423076923076923,0.5714285714285714,0.7857142857142857,0.0004
834,0.8790403604507446,1.807741403579712,0.75,0.9423076923076923,0.2857142857142857,0.6428571428571429,0.0004
835,0.9281801283359528,1.256418228149414,0.7115384615384616,0.9038461538461539,0.6428571428571429,0.9285714285714286,0.0004
836,0.8860065340995789,1.1345062255859375,0.6538461538461539,0.9423076923076923,0.5714285714285714,0.8571428571428571,0.0004
837,1.021678239107132,1.3481544256210327,0.6730769230769231,0.8846153846153846,0.5714285714285714,0.8571428571428571,0.0004
838,0.7361509501934052,1.3880419731140137,0.7115384615384616,1.0,0.5,0.8571428571428571,0.0004
839,1.1163732409477234,1.0608818531036377,0.6346153846153846,0.8846153846153846,0.5,0.8571428571428571,0.0004
840,0.8460190296173096,1.6032752990722656,0.6346153846153846,0.9423076923076923,0.5714285714285714,0.7857142857142857,0.0004
841,0.8580102920532227,1.2344080209732056,0.6730769230769231,0.8846153846153846,0.6428571428571429,0.8571428571428571,0.0004
842,0.8703228831291199,1.0811269283294678,0.5961538461538461,0.9423076923076923,0.6428571428571429,0.8571428571428571,0.0004
843,0.8967587053775787,1.1251169443130493,0.6346153846153846,0.9423076923076923,0.5714285714285714,0.9285714285714286,0.0004
844,0.7711222767829895,1.4902973175048828,0.7692307692307693,0.9230769230769231,0.5,0.8571428571428571,0.0004
845,0.8202276825904846,1.4031343460083008,0.6923076923076923,0.9423076923076923,0.5,0.7857142857142857,0.0004
846,0.9883308410644531,1.7557450532913208,0.7307692307692307,0.9615384615384616,0.5,0.7857142857142857,0.0004
847,0.9092962741851807,1.4762694835662842,0.7115384615384616,0.9038461538461539,0.42857142857142855,0.8571428571428571,0.0004
848,0.8647452294826508,2.226335048675537,0.7115384615384616,0.9423076923076923,0.21428571428571427,0.5,0.0004
849,1.002008706331253,1.6802959442138672,0.6346153846153846,0.9423076923076923,0.42857142857142855,0.7857142857142857,0.0004
850,0.6732832491397858,1.1783307790756226,0.7307692307692307,0.9615384615384616,0.5,0.8571428571428571,0.0004
851,0.9064209461212158,1.3946895599365234,0.6538461538461539,0.9807692307692307,0.35714285714285715,0.8571428571428571,0.0004
852,1.1655017137527466,1.235274076461792,0.6538461538461539,0.9230769230769231,0.5714285714285714,0.8571428571428571,0.0004
853,0.9572300612926483,1.2332532405853271,0.6923076923076923,0.8846153846153846,0.5714285714285714,0.8571428571428571,0.0004
854,0.9154410660266876,1.429861068725586,0.6346153846153846,0.9230769230769231,0.5,0.8571428571428571,0.0004
855,0.8654108941555023,1.3545269966125488,0.6346153846153846,0.9230769230769231,0.5714285714285714,0.8571428571428571,0.0004
856,1.066303551197052,1.6546549797058105,0.6538461538461539,0.8846153846153846,0.7142857142857143,0.7857142857142857,0.0004
857,1.1996897459030151,1.301695466041565,0.6346153846153846,0.8653846153846154,0.5,0.8571428571428571,0.0004
858,0.7718654870986938,1.1262943744659424,0.6730769230769231,0.9423076923076923,0.6428571428571429,0.8571428571428571,0.0004
859,0.8333239257335663,1.3197264671325684,0.6923076923076923,0.9615384615384616,0.35714285714285715,0.8571428571428571,0.0004
860,0.740828663110733,1.5860761404037476,0.7307692307692307,0.9615384615384616,0.42857142857142855,0.7857142857142857,0.0004
861,0.8547368049621582,1.5952653884887695,0.6730769230769231,0.9423076923076923,0.5,0.7857142857142857,0.0004
862,0.8163685202598572,1.5269827842712402,0.75,0.9038461538461539,0.6428571428571429,0.9285714285714286,0.0004
863,0.9382848739624023,1.2540134191513062,0.6153846153846154,0.9230769230769231,0.5714285714285714,0.8571428571428571,0.0004
864,0.6815406084060669,1.6537741422653198,0.7692307692307693,0.9615384615384616,0.5,0.7142857142857143,0.0004
865,0.7878446877002716,1.3896490335464478,0.7307692307692307,0.9615384615384616,0.5,0.7857142857142857,0.0004
866,0.7950379252433777,1.1583728790283203,0.75,0.9615384615384616,0.5714285714285714,0.8571428571428571,0.0004
867,1.004780113697052,1.3807226419448853,0.6730769230769231,0.9230769230769231,0.5,0.7857142857142857,0.0004
868,1.1601411700248718,1.3834131956100464,0.5769230769230769,0.8846153846153846,0.6428571428571429,0.7857142857142857,0.0004
869,0.7611788213253021,1.2962281703948975,0.8076923076923077,0.9423076923076923,0.5714285714285714,0.8571428571428571,0.0004
870,1.134355068206787,1.8605740070343018,0.6153846153846154,0.8846153846153846,0.42857142857142855,0.7857142857142857,0.0004
871,0.847076803445816,1.3833236694335938,0.75,0.9423076923076923,0.5,0.7857142857142857,0.0004
872,0.7973792254924774,1.3982431888580322,0.6923076923076923,0.9615384615384616,0.5714285714285714,0.7857142857142857,0.0004
873,0.8183130919933319,1.4566514492034912,0.6923076923076923,0.9615384615384616,0.5,0.7142857142857143,0.0004
874,0.9071266651153564,1.7568027973175049,0.75,0.9230769230769231,0.42857142857142855,0.8571428571428571,0.0004
875,0.9338591396808624,1.2881159782409668,0.6346153846153846,0.9038461538461539,0.5714285714285714,0.8571428571428571,0.0004
876,0.9501292109489441,1.477231502532959,0.6730769230769231,0.8846153846153846,0.6428571428571429,0.9285714285714286,0.0004
877,0.9135585427284241,1.858743667602539,0.7115384615384616,0.9230769230769231,0.42857142857142855,0.6428571428571429,0.0004
878,0.8129751086235046,1.2774287462234497,0.75,0.9423076923076923,0.6428571428571429,0.7857142857142857,0.0004
879,0.9255775213241577,1.0025116205215454,0.6730769230769231,0.9038461538461539,0.6428571428571429,0.9285714285714286,0.0004
880,0.9245412945747375,1.6470590829849243,0.6538461538461539,0.9423076923076923,0.5714285714285714,0.7142857142857143,0.0004
881,0.9307081997394562,1.1420379877090454,0.6538461538461539,0.9423076923076923,0.5714285714285714,0.7857142857142857,0.0004
882,1.0172239243984222,1.6237106323242188,0.5769230769230769,0.9423076923076923,0.42857142857142855,0.7142857142857143,0.0004
883,0.9613224565982819,1.3781853914260864,0.6538461538461539,0.8846153846153846,0.5,0.8571428571428571,0.0004
884,0.9037510752677917,1.4885972738265991,0.6153846153846154,0.9230769230769231,0.5,0.8571428571428571,0.0004
885,0.8748418092727661,1.295121431350708,0.75,0.9615384615384616,0.5714285714285714,0.9285714285714286,0.0004
886,0.9703233540058136,1.1618146896362305,0.6346153846153846,0.9423076923076923,0.6428571428571429,0.7857142857142857,0.0004
887,0.7592170238494873,1.1186689138412476,0.6923076923076923,0.9807692307692307,0.8571428571428571,0.9285714285714286,0.0004
888,0.8589809834957123,1.6633297204971313,0.7115384615384616,0.9615384615384616,0.5714285714285714,0.7857142857142857,0.0004
889,0.9329033195972443,1.2350389957427979,0.6538461538461539,0.9230769230769231,0.5714285714285714,0.8571428571428571,0.0004
890,1.0811207592487335,1.6088850498199463,0.6730769230769231,0.8653846153846154,0.35714285714285715,0.8571428571428571,0.0004
891,0.7889820337295532,1.0562498569488525,0.7115384615384616,0.9230769230769231,0.6428571428571429,0.9285714285714286,0.0004
892,0.8102264106273651,1.7201097011566162,0.6538461538461539,0.9615384615384616,0.42857142857142855,0.8571428571428571,0.0004
893,0.6996128559112549,1.3722031116485596,0.7692307692307693,0.9615384615384616,0.6428571428571429,0.7857142857142857,0.0004
894,0.7046727538108826,1.5165009498596191,0.7115384615384616,0.9807692307692307,0.5,0.8571428571428571,0.0004
895,1.013177216053009,1.4825689792633057,0.7115384615384616,0.9038461538461539,0.42857142857142855,0.7857142857142857,0.0004
896,0.8583568334579468,1.3656479120254517,0.6346153846153846,0.9423076923076923,0.5,0.8571428571428571,0.0004
897,0.9576528072357178,1.104468584060669,0.6346153846153846,0.8846153846153846,0.7142857142857143,0.8571428571428571,0.0004
898,1.0708685517311096,0.9004360437393188,0.6538461538461539,0.9230769230769231,0.7142857142857143,0.9285714285714286,0.0004
899,0.7987869381904602,1.3921949863433838,0.7884615384615384,0.9807692307692307,0.5,0.7857142857142857,0.0004
900,0.7477393746376038,1.2789630889892578,0.75,0.9230769230769231,0.6428571428571429,0.7857142857142857,0.0004
901,0.9938835799694061,1.8267556428909302,0.6346153846153846,0.9038461538461539,0.35714285714285715,0.7142857142857143,0.0004
902,0.9487490952014923,1.445033311843872,0.75,0.9230769230769231,0.5,0.7857142857142857,0.0004
903,0.8879629373550415,1.7294461727142334,0.75,0.9423076923076923,0.42857142857142855,0.8571428571428571,0.0004
904,0.8030532896518707,1.2688674926757812,0.7115384615384616,0.9615384615384616,0.42857142857142855,0.8571428571428571,0.0004
905,0.890031635761261,1.4348962306976318,0.6730769230769231,0.9230769230769231,0.42857142857142855,0.7857142857142857,0.0004
906,0.8392797112464905,1.6651899814605713,0.6923076923076923,0.9230769230769231,0.6428571428571429,0.7857142857142857,0.0004
907,0.7914675772190094,1.4763267040252686,0.6538461538461539,0.9230769230769231,0.5714285714285714,0.7857142857142857,0.0004
908,0.593560054898262,1.4307928085327148,0.7884615384615384,0.9807692307692307,0.5,0.7857142857142857,0.0004
909,0.9007857441902161,1.8303894996643066,0.6346153846153846,0.9038461538461539,0.5714285714285714,0.9285714285714286,0.0004
910,0.8859615921974182,1.2748897075653076,0.7115384615384616,0.9423076923076923,0.42857142857142855,0.7857142857142857,0.0004
911,0.8323803544044495,1.006087064743042,0.6346153846153846,0.9615384615384616,0.6428571428571429,0.9285714285714286,0.0004
912,0.8483994603157043,1.4575830698013306,0.6923076923076923,0.9423076923076923,0.5,0.7857142857142857,0.0004
913,1.1563957333564758,1.7654545307159424,0.5769230769230769,0.9615384615384616,0.42857142857142855,0.7142857142857143,0.0004
914,0.9355242252349854,1.0791864395141602,0.5961538461538461,0.9230769230769231,0.6428571428571429,0.9285714285714286,0.0004
915,0.9434337317943573,1.2694919109344482,0.6730769230769231,0.8846153846153846,0.5714285714285714,0.8571428571428571,0.0004
916,0.8558018803596497,1.3067877292633057,0.7115384615384616,0.9423076923076923,0.5714285714285714,0.8571428571428571,0.0004
917,1.0587683320045471,1.5470709800720215,0.6153846153846154,0.8846153846153846,0.5,0.7142857142857143,0.0004
918,1.0283243060112,0.8233557939529419,0.6730769230769231,0.9230769230769231,0.8571428571428571,0.9285714285714286,0.0004
919,0.9316516518592834,1.3448545932769775,0.6538461538461539,0.9423076923076923,0.6428571428571429,0.7857142857142857,0.0004
920,0.7694474160671234,1.1298160552978516,0.7307692307692307,0.9423076923076923,0.7857142857142857,0.8571428571428571,0.0004
921,0.8812984228134155,1.3202569484710693,0.6730769230769231,0.9423076923076923,0.5714285714285714,0.7142857142857143,0.0004
922,1.154544621706009,1.3163636922836304,0.5384615384615384,0.9230769230769231,0.5,0.7857142857142857,0.0004
923,0.9399532377719879,1.281914234161377,0.6538461538461539,0.9423076923076923,0.5714285714285714,0.7857142857142857,0.0004
924,1.0366437435150146,1.5450183153152466,0.6153846153846154,0.9038461538461539,0.5714285714285714,0.7142857142857143,0.0004
925,0.8469530642032623,1.2217817306518555,0.6730769230769231,0.9615384615384616,0.7142857142857143,0.8571428571428571,0.0004
926,0.8534325957298279,1.1229159832000732,0.7115384615384616,0.9423076923076923,0.6428571428571429,0.9285714285714286,0.0004
927,0.8571024537086487,1.3030688762664795,0.75,0.9230769230769231,0.7142857142857143,0.9285714285714286,0.0004
928,1.167869746685028,1.933467149734497,0.5961538461538461,0.8846153846153846,0.35714285714285715,0.7857142857142857,0.0004
929,1.0765898823738098,1.3832556009292603,0.5961538461538461,0.9230769230769231,0.5,0.8571428571428571,0.0004
930,0.69304358959198,1.2684004306793213,0.75,1.0,0.5714285714285714,0.8571428571428571,0.0004
931,0.9750578105449677,1.443358302116394,0.6346153846153846,0.9423076923076923,0.7142857142857143,0.8571428571428571,0.0004
932,0.7683990895748138,1.9713716506958008,0.75,0.9615384615384616,0.35714285714285715,0.7142857142857143,0.0004
933,1.0431462526321411,1.7277555465698242,0.5576923076923077,0.9230769230769231,0.42857142857142855,0.7857142857142857,0.0004
934,0.7947981357574463,1.1745866537094116,0.7115384615384616,0.9615384615384616,0.7142857142857143,0.8571428571428571,0.0004
935,0.7586570680141449,1.4902998208999634,0.7115384615384616,0.9615384615384616,0.6428571428571429,0.8571428571428571,0.0004
936,1.007547676563263,1.0828067064285278,0.6153846153846154,0.9423076923076923,0.7142857142857143,0.9285714285714286,0.0004
937,0.8932837843894958,1.2056829929351807,0.75,0.9423076923076923,0.6428571428571429,0.8571428571428571,0.0004
938,0.7512251883745193,1.8057489395141602,0.75,0.9423076923076923,0.5,0.7142857142857143,0.0004
939,0.8826852440834045,1.165254831314087,0.6730769230769231,0.9038461538461539,0.5714285714285714,0.8571428571428571,0.0004
940,0.9544589519500732,1.3410801887512207,0.6346153846153846,0.9230769230769231,0.5714285714285714,0.8571428571428571,0.0004
941,1.0576898455619812,1.2050634622573853,0.6730769230769231,0.9423076923076923,0.6428571428571429,0.8571428571428571,0.0004
942,0.8680916726589203,1.0858055353164673,0.6923076923076923,0.9230769230769231,0.6428571428571429,0.9285714285714286,0.0004
943,0.8465016782283783,1.3913018703460693,0.6730769230769231,0.9230769230769231,0.5,0.7857142857142857,0.0004
944,0.8769005537033081,1.6341370344161987,0.6923076923076923,0.9423076923076923,0.5714285714285714,0.8571428571428571,0.0004
945,0.8138086497783661,1.7841485738754272,0.6538461538461539,0.9038461538461539,0.42857142857142855,0.7142857142857143,0.0004
946,0.989533931016922,0.9611240029335022,0.6346153846153846,0.9230769230769231,0.8571428571428571,0.8571428571428571,0.0004
947,0.9291568994522095,1.6035758256912231,0.6538461538461539,0.9807692307692307,0.6428571428571429,0.7857142857142857,0.0004
948,1.1087580025196075,1.075588345527649,0.6730769230769231,0.8653846153846154,0.7857142857142857,0.9285714285714286,0.0004
949,0.9657660722732544,1.6177141666412354,0.6346153846153846,0.9038461538461539,0.42857142857142855,0.7857142857142857,0.0004
950,0.9470405280590057,1.6146678924560547,0.6923076923076923,0.9615384615384616,0.5714285714285714,0.8571428571428571,0.0004
951,0.8482170403003693,1.714101791381836,0.7307692307692307,0.9615384615384616,0.5,0.7142857142857143,0.0004
952,0.8323102593421936,1.9378783702850342,0.6923076923076923,0.9615384615384616,0.2857142857142857,0.7857142857142857,0.0004
953,0.9352043867111206,0.822913408279419,0.6730769230769231,0.9423076923076923,0.8571428571428571,0.9285714285714286,0.0004
954,0.8318872451782227,1.3152270317077637,0.7115384615384616,0.9615384615384616,0.5,0.7857142857142857,0.0004
955,1.1241257786750793,1.362309455871582,0.5961538461538461,0.8846153846153846,0.5,0.8571428571428571,0.0004
956,1.1726740598678589,1.3737525939941406,0.5961538461538461,0.8846153846153846,0.6428571428571429,0.7857142857142857,0.0004
957,0.8407694697380066,1.624192237854004,0.6730769230769231,0.8846153846153846,0.42857142857142855,0.7142857142857143,0.0004
958,1.0008537769317627,1.8331389427185059,0.6346153846153846,0.9230769230769231,0.5,0.7142857142857143,0.0004
959,0.9969677925109863,1.212336778640747,0.6538461538461539,0.8846153846153846,0.5714285714285714,0.9285714285714286,0.0004
960,0.7846072614192963,0.6986537575721741,0.75,0.9615384615384616,0.8571428571428571,0.9285714285714286,0.0004
961,0.9530736207962036,1.5316846370697021,0.6153846153846154,0.9230769230769231,0.5714285714285714,0.7142857142857143,0.0004
962,0.9963574111461639,1.097005844116211,0.6538461538461539,0.9230769230769231,0.6428571428571429,0.7857142857142857,0.0004
963,0.8096464574337006,1.164571762084961,0.6730769230769231,0.9230769230769231,0.5714285714285714,0.9285714285714286,0.0004
964,1.1048960089683533,1.6688356399536133,0.6730769230769231,0.8461538461538461,0.5,0.8571428571428571,0.0004
965,0.7871599197387695,1.1261255741119385,0.7692307692307693,0.9615384615384616,0.5,0.9285714285714286,0.0004
966,0.8002327382564545,1.9945096969604492,0.7307692307692307,0.9423076923076923,0.5714285714285714,0.6428571428571429,0.0004
967,1.1336020231246948,1.327362298965454,0.5961538461538461,0.8653846153846154,0.5714285714285714,0.8571428571428571,0.0004
968,0.8716516494750977,1.0746616125106812,0.6153846153846154,0.9230769230769231,0.7142857142857143,0.9285714285714286,0.0004
969,1.1410877108573914,0.7043108940124512,0.7115384615384616,0.8653846153846154,0.8571428571428571,0.9285714285714286,0.0004
970,0.9054178595542908,1.2934880256652832,0.6346153846153846,0.9807692307692307,0.5714285714285714,0.8571428571428571,0.0004
971,0.8001779317855835,1.4075303077697754,0.7692307692307693,0.9423076923076923,0.6428571428571429,0.7857142857142857,0.0004
972,1.1441868245601654,0.8929100036621094,0.6153846153846154,0.9230769230769231,0.6428571428571429,0.8571428571428571,0.0004
973,0.817581295967102,1.2091602087020874,0.7115384615384616,0.9230769230769231,0.6428571428571429,0.8571428571428571,0.0004
974,1.262233316898346,1.0054006576538086,0.6346153846153846,0.8653846153846154,0.7142857142857143,0.9285714285714286,0.0004
975,0.7911583781242371,1.2797998189926147,0.6730769230769231,0.9615384615384616,0.6428571428571429,0.8571428571428571,0.0004
976,0.8816588222980499,1.1180912256240845,0.7115384615384616,0.9423076923076923,0.5,0.9285714285714286,0.0004
977,0.6520386636257172,1.1513556241989136,0.7692307692307693,0.9615384615384616,0.5714285714285714,0.8571428571428571,0.0004
978,1.082785427570343,1.368617057800293,0.6346153846153846,0.8846153846153846,0.5714285714285714,0.8571428571428571,0.0004
979,0.8530457019805908,1.552069902420044,0.7115384615384616,0.9423076923076923,0.5,0.7857142857142857,0.0004
980,0.8288136422634125,1.3195993900299072,0.75,0.9230769230769231,0.7142857142857143,0.8571428571428571,0.0004
981,0.9055708050727844,0.9189631938934326,0.5769230769230769,0.9230769230769231,0.7857142857142857,0.9285714285714286,0.0004
982,0.9322995245456696,1.383781909942627,0.6346153846153846,0.9230769230769231,0.5,0.8571428571428571,0.0004
983,0.8098925352096558,1.5085539817810059,0.7115384615384616,0.9615384615384616,0.5714285714285714,0.7857142857142857,0.0004
984,0.931902676820755,1.653846263885498,0.6538461538461539,0.9230769230769231,0.5,0.7857142857142857,0.0004
985,0.9666261374950409,1.2427685260772705,0.7115384615384616,0.8846153846153846,0.5714285714285714,0.7142857142857143,0.0004
986,1.0986981987953186,0.7038475275039673,0.6153846153846154,0.9230769230769231,0.8571428571428571,0.9285714285714286,0.0004
987,0.8620713353157043,1.8137261867523193,0.6153846153846154,0.9423076923076923,0.42857142857142855,0.7857142857142857,0.0004
988,0.9854615926742554,1.1867413520812988,0.6923076923076923,0.9230769230769231,0.7142857142857143,0.8571428571428571,0.0004
989,1.227920114994049,1.1475830078125,0.5576923076923077,0.8846153846153846,0.7142857142857143,0.7857142857142857,0.0004
990,0.8649576604366302,0.9530274271965027,0.7307692307692307,0.9615384615384616,0.7857142857142857,0.9285714285714286,0.0004
991,0.9948292076587677,1.0252735614776611,0.6730769230769231,0.9038461538461539,0.7142857142857143,0.7857142857142857,0.0004
992,1.0027343928813934,2.0828490257263184,0.6538461538461539,0.9615384615384616,0.5,0.7857142857142857,0.0004
993,0.9421243965625763,1.5436859130859375,0.6923076923076923,0.9230769230769231,0.42857142857142855,0.7857142857142857,0.0004
994,0.9113795161247253,1.1429020166397095,0.6730769230769231,0.9423076923076923,0.6428571428571429,0.9285714285714286,0.0004
995,0.8366309106349945,1.351865530014038,0.6923076923076923,0.9423076923076923,0.8571428571428571,0.9285714285714286,0.0004
996,0.9065609872341156,1.083221673965454,0.7115384615384616,0.9423076923076923,0.7857142857142857,0.8571428571428571,0.0004
997,0.6606592535972595,1.089473843574524,0.7692307692307693,1.0,0.7142857142857143,0.8571428571428571,0.0004
998,0.9882808923721313,1.0318971872329712,0.6730769230769231,0.8846153846153846,0.7142857142857143,0.8571428571428571,0.0004
999,0.9365025460720062,1.1114200353622437,0.7115384615384616,0.9038461538461539,0.7142857142857143,0.8571428571428571,0.0004
1000,0.89598348736763,1.5274662971496582,0.7115384615384616,0.9615384615384616,0.42857142857142855,0.7142857142857143,0.0004
