epoch,train_loss,val_loss,train_acc_action,train_acc_status,val_acc_action,val_acc_status,learning_rate
1,1.783129632472992,1.7432398796081543,0.3269230769230769,0.8269230769230769,0.35714285714285715,0.8571428571428571,0.0004
2,1.7648341059684753,1.7354401350021362,0.3269230769230769,0.8269230769230769,0.35714285714285715,0.8571428571428571,0.0004
3,1.7620438933372498,1.7273740768432617,0.3269230769230769,0.8269230769230769,0.35714285714285715,0.8571428571428571,0.0004
4,1.7494370341300964,1.7191720008850098,0.3269230769230769,0.8269230769230769,0.35714285714285715,0.8571428571428571,0.0004
5,1.7375442385673523,1.7095836400985718,0.3269230769230769,0.8269230769230769,0.35714285714285715,0.8571428571428571,0.0004
6,1.7291997075080872,1.6974194049835205,0.3269230769230769,0.8269230769230769,0.35714285714285715,0.8571428571428571,0.0004
7,1.7149191498756409,1.6810494661331177,0.3269230769230769,0.8269230769230769,0.35714285714285715,0.8571428571428571,0.0004
8,1.684242606163025,1.6561131477355957,0.3269230769230769,0.8269230769230769,0.35714285714285715,0.8571428571428571,0.0004
9,1.637039601802826,1.6265820264816284,0.3269230769230769,0.8269230769230769,0.21428571428571427,0.8571428571428571,0.0004
10,1.6225038766860962,1.6099977493286133,0.36538461538461536,0.8269230769230769,0.21428571428571427,0.8571428571428571,0.0004
11,1.604276180267334,1.6118419170379639,0.36538461538461536,0.8269230769230769,0.21428571428571427,0.8571428571428571,0.0004
12,1.5609628558158875,1.5999751091003418,0.36538461538461536,0.8269230769230769,0.21428571428571427,0.8571428571428571,0.0004
13,1.5591365694999695,1.5739227533340454,0.36538461538461536,0.8269230769230769,0.21428571428571427,0.8571428571428571,0.0004
14,1.5731269717216492,1.547452449798584,0.36538461538461536,0.8269230769230769,0.21428571428571427,0.8571428571428571,0.0004
15,1.5365332961082458,1.5249208211898804,0.36538461538461536,0.8269230769230769,0.21428571428571427,0.8571428571428571,0.0004
16,1.5535215735435486,1.5091804265975952,0.36538461538461536,0.8269230769230769,0.35714285714285715,0.8571428571428571,0.0004
17,1.558249831199646,1.5001877546310425,0.3076923076923077,0.8269230769230769,0.42857142857142855,0.8571428571428571,0.0004
18,1.5442132949829102,1.4977772235870361,0.3076923076923077,0.8269230769230769,0.42857142857142855,0.8571428571428571,0.0004
19,1.5612322688102722,1.4986639022827148,0.3076923076923077,0.8269230769230769,0.42857142857142855,0.8571428571428571,0.0004
20,1.5730847716331482,1.5034347772598267,0.3076923076923077,0.8269230769230769,0.42857142857142855,0.8571428571428571,0.0004
21,1.5547892451286316,1.510554313659668,0.3076923076923077,0.8269230769230769,0.42857142857142855,0.8571428571428571,0.0004
22,1.5684826374053955,1.5183899402618408,0.28846153846153844,0.8269230769230769,0.21428571428571427,0.8571428571428571,0.0004
23,1.534728467464447,1.5256052017211914,0.36538461538461536,0.8269230769230769,0.21428571428571427,0.8571428571428571,0.0004
24,1.5678613781929016,1.53428316116333,0.36538461538461536,0.8269230769230769,0.21428571428571427,0.8571428571428571,0.0004
25,1.5488528609275818,1.5410354137420654,0.36538461538461536,0.8269230769230769,0.21428571428571427,0.8571428571428571,0.0004
26,1.5764563083648682,1.5474754571914673,0.36538461538461536,0.8269230769230769,0.21428571428571427,0.8571428571428571,0.0004
27,1.5446816682815552,1.5520405769348145,0.36538461538461536,0.8269230769230769,0.21428571428571427,0.8571428571428571,0.0004
28,1.5502293109893799,1.5571242570877075,0.36538461538461536,0.8269230769230769,0.21428571428571427,0.8571428571428571,0.0004
29,1.5447417497634888,1.5610580444335938,0.36538461538461536,0.8269230769230769,0.21428571428571427,0.8571428571428571,0.0004
30,1.5438281297683716,1.5615946054458618,0.36538461538461536,0.8269230769230769,0.21428571428571427,0.8571428571428571,0.0004
31,1.5403203964233398,1.5593962669372559,0.36538461538461536,0.8269230769230769,0.21428571428571427,0.8571428571428571,0.0004
32,1.5811728239059448,1.556065559387207,0.36538461538461536,0.8269230769230769,0.21428571428571427,0.8571428571428571,0.0004
33,1.5450958609580994,1.5515289306640625,0.36538461538461536,0.8269230769230769,0.21428571428571427,0.8571428571428571,0.0004
34,1.566969096660614,1.5484838485717773,0.36538461538461536,0.8269230769230769,0.21428571428571427,0.8571428571428571,0.0004
35,1.5515114068984985,1.544297695159912,0.36538461538461536,0.8269230769230769,0.21428571428571427,0.8571428571428571,0.0004
36,1.5948503017425537,1.5404129028320312,0.36538461538461536,0.8269230769230769,0.21428571428571427,0.8571428571428571,0.0004
37,1.5631623268127441,1.5367242097854614,0.36538461538461536,0.8269230769230769,0.21428571428571427,0.8571428571428571,0.0004
38,1.5658373832702637,1.5339964628219604,0.36538461538461536,0.8269230769230769,0.21428571428571427,0.8571428571428571,0.0004
39,1.5637422800064087,1.530871868133545,0.36538461538461536,0.8269230769230769,0.21428571428571427,0.8571428571428571,0.0004
40,1.5678377151489258,1.5292052030563354,0.36538461538461536,0.8269230769230769,0.21428571428571427,0.8571428571428571,0.0004
41,1.5784204006195068,1.5265566110610962,0.36538461538461536,0.8269230769230769,0.21428571428571427,0.8571428571428571,0.0004
42,1.5362135767936707,1.526005506515503,0.36538461538461536,0.8269230769230769,0.21428571428571427,0.8571428571428571,0.0004
43,1.5502985119819641,1.5250505208969116,0.36538461538461536,0.8269230769230769,0.21428571428571427,0.8571428571428571,0.0004
44,1.579585611820221,1.525144338607788,0.36538461538461536,0.8269230769230769,0.21428571428571427,0.8571428571428571,0.0004
45,1.5367732644081116,1.5254409313201904,0.36538461538461536,0.8269230769230769,0.21428571428571427,0.8571428571428571,0.0004
46,1.538161277770996,1.5265012979507446,0.36538461538461536,0.8269230769230769,0.21428571428571427,0.8571428571428571,0.0004
47,1.5379543900489807,1.5268243551254272,0.36538461538461536,0.8269230769230769,0.21428571428571427,0.8571428571428571,0.0004
48,1.5974195003509521,1.5269758701324463,0.36538461538461536,0.8269230769230769,0.21428571428571427,0.8571428571428571,0.0004
49,1.5633599162101746,1.5265822410583496,0.36538461538461536,0.8269230769230769,0.21428571428571427,0.8571428571428571,0.0004
50,1.5773860216140747,1.526953935623169,0.36538461538461536,0.8269230769230769,0.21428571428571427,0.8571428571428571,0.0004
51,1.5978538990020752,1.5290175676345825,0.36538461538461536,0.8269230769230769,0.21428571428571427,0.8571428571428571,0.0004
52,1.5499266982078552,1.5298981666564941,0.36538461538461536,0.8269230769230769,0.21428571428571427,0.8571428571428571,0.0004
53,1.6138174533843994,1.5307515859603882,0.36538461538461536,0.8269230769230769,0.21428571428571427,0.8571428571428571,0.0004
54,1.5372464060783386,1.5305447578430176,0.36538461538461536,0.8269230769230769,0.21428571428571427,0.8571428571428571,0.0004
55,1.546429991722107,1.529716968536377,0.36538461538461536,0.8269230769230769,0.21428571428571427,0.8571428571428571,0.0004
56,1.5765271186828613,1.5304350852966309,0.36538461538461536,0.8269230769230769,0.21428571428571427,0.8571428571428571,0.0004
57,1.5610565543174744,1.5319037437438965,0.36538461538461536,0.8269230769230769,0.21428571428571427,0.8571428571428571,0.0004
58,1.578657329082489,1.5338220596313477,0.36538461538461536,0.8269230769230769,0.21428571428571427,0.8571428571428571,0.0004
59,1.55147123336792,1.5360438823699951,0.36538461538461536,0.8269230769230769,0.21428571428571427,0.8571428571428571,0.0004
60,1.5657039284706116,1.537943720817566,0.36538461538461536,0.8269230769230769,0.21428571428571427,0.8571428571428571,0.0004
61,1.5630842447280884,1.5388715267181396,0.36538461538461536,0.8269230769230769,0.21428571428571427,0.8571428571428571,0.0004
62,1.53775155544281,1.5399547815322876,0.36538461538461536,0.8269230769230769,0.21428571428571427,0.8571428571428571,0.0004
63,1.5769292712211609,1.5403026342391968,0.36538461538461536,0.8269230769230769,0.21428571428571427,0.8571428571428571,0.0004
64,1.537879765033722,1.5414795875549316,0.36538461538461536,0.8269230769230769,0.21428571428571427,0.8571428571428571,0.0004
65,1.5520558953285217,1.541469931602478,0.36538461538461536,0.8269230769230769,0.21428571428571427,0.8571428571428571,0.0004
66,1.5369623899459839,1.5412170886993408,0.36538461538461536,0.8269230769230769,0.21428571428571427,0.8571428571428571,0.0004
67,1.5709309577941895,1.5412919521331787,0.36538461538461536,0.8269230769230769,0.21428571428571427,0.8571428571428571,0.0004
68,1.5667014122009277,1.539834976196289,0.36538461538461536,0.8269230769230769,0.21428571428571427,0.8571428571428571,0.0004
69,1.5950266122817993,1.5381206274032593,0.36538461538461536,0.8269230769230769,0.21428571428571427,0.8571428571428571,0.0004
70,1.5222238898277283,1.535365104675293,0.36538461538461536,0.8269230769230769,0.21428571428571427,0.8571428571428571,0.0004
71,1.5825589895248413,1.5333765745162964,0.36538461538461536,0.8269230769230769,0.21428571428571427,0.8571428571428571,0.0004
72,1.5640122890472412,1.5312769412994385,0.36538461538461536,0.8269230769230769,0.21428571428571427,0.8571428571428571,0.0004
73,1.5639950037002563,1.5296376943588257,0.36538461538461536,0.8269230769230769,0.21428571428571427,0.8571428571428571,0.0004
74,1.6101824641227722,1.528367280960083,0.36538461538461536,0.8269230769230769,0.21428571428571427,0.8571428571428571,0.0004
75,1.5507403016090393,1.5278794765472412,0.36538461538461536,0.8269230769230769,0.21428571428571427,0.8571428571428571,0.0004
76,1.5490784645080566,1.526528000831604,0.36538461538461536,0.8269230769230769,0.21428571428571427,0.8571428571428571,0.0004
77,1.5653102397918701,1.5269631147384644,0.36538461538461536,0.8269230769230769,0.21428571428571427,0.8571428571428571,0.0004
78,1.5650320649147034,1.527400016784668,0.36538461538461536,0.8269230769230769,0.21428571428571427,0.8571428571428571,0.0004
79,1.535284698009491,1.52786123752594,0.36538461538461536,0.8269230769230769,0.21428571428571427,0.8571428571428571,0.0004
80,1.5344576239585876,1.5289421081542969,0.36538461538461536,0.8269230769230769,0.21428571428571427,0.8571428571428571,0.0004
81,1.5486730337142944,1.5307793617248535,0.36538461538461536,0.8269230769230769,0.21428571428571427,0.8571428571428571,0.0004
82,1.5467548966407776,1.5319441556930542,0.36538461538461536,0.8269230769230769,0.21428571428571427,0.8571428571428571,0.0004
83,1.5647974014282227,1.5348929166793823,0.36538461538461536,0.8269230769230769,0.21428571428571427,0.8571428571428571,0.0004
84,1.5521333813667297,1.5372977256774902,0.36538461538461536,0.8269230769230769,0.21428571428571427,0.8571428571428571,0.0004
85,1.536459505558014,1.5391528606414795,0.36538461538461536,0.8269230769230769,0.21428571428571427,0.8571428571428571,0.0004
86,1.5360481142997742,1.5411845445632935,0.36538461538461536,0.8269230769230769,0.21428571428571427,0.8571428571428571,0.0004
87,1.563619315624237,1.5408954620361328,0.36538461538461536,0.8269230769230769,0.21428571428571427,0.8571428571428571,0.0004
88,1.533181071281433,1.5401902198791504,0.36538461538461536,0.8269230769230769,0.21428571428571427,0.8571428571428571,0.0004
89,1.5476765036582947,1.540418267250061,0.36538461538461536,0.8269230769230769,0.21428571428571427,0.8571428571428571,0.0004
90,1.5502597093582153,1.540787696838379,0.36538461538461536,0.8269230769230769,0.21428571428571427,0.8571428571428571,0.0004
91,1.5716394186019897,1.5397759675979614,0.36538461538461536,0.8269230769230769,0.21428571428571427,0.8571428571428571,0.0004
92,1.5674614310264587,1.5380568504333496,0.36538461538461536,0.8269230769230769,0.21428571428571427,0.8571428571428571,0.0004
93,1.5953478813171387,1.535921573638916,0.36538461538461536,0.8269230769230769,0.21428571428571427,0.8571428571428571,0.0004
94,1.5497432351112366,1.5329883098602295,0.36538461538461536,0.8269230769230769,0.21428571428571427,0.8571428571428571,0.0004
95,1.545756995677948,1.5318522453308105,0.36538461538461536,0.8269230769230769,0.21428571428571427,0.8571428571428571,0.0004
96,1.6132120490074158,1.5313323736190796,0.36538461538461536,0.8269230769230769,0.21428571428571427,0.8571428571428571,0.0004
97,1.5629136562347412,1.5298306941986084,0.36538461538461536,0.8269230769230769,0.21428571428571427,0.8571428571428571,0.0004
98,1.5685283541679382,1.5290992259979248,0.36538461538461536,0.8269230769230769,0.21428571428571427,0.8571428571428571,0.0004
99,1.550401508808136,1.529248595237732,0.36538461538461536,0.8269230769230769,0.21428571428571427,0.8571428571428571,0.0004
100,1.5364989042282104,1.5280276536941528,0.36538461538461536,0.8269230769230769,0.21428571428571427,0.8571428571428571,0.0004
101,1.5663527846336365,1.5281386375427246,0.36538461538461536,0.8269230769230769,0.21428571428571427,0.8571428571428571,0.0004
102,1.5657379627227783,1.5284024477005005,0.36538461538461536,0.8269230769230769,0.21428571428571427,0.8571428571428571,0.0004
103,1.5532049536705017,1.5274333953857422,0.36538461538461536,0.8269230769230769,0.21428571428571427,0.8571428571428571,0.0004
104,1.5230459570884705,1.5286459922790527,0.36538461538461536,0.8269230769230769,0.21428571428571427,0.8571428571428571,0.0004
105,1.5377104878425598,1.5289872884750366,0.36538461538461536,0.8269230769230769,0.21428571428571427,0.8571428571428571,0.0004
106,1.6076780557632446,1.528162956237793,0.36538461538461536,0.8269230769230769,0.21428571428571427,0.8571428571428571,0.0004
107,1.5639203786849976,1.5287401676177979,0.36538461538461536,0.8269230769230769,0.21428571428571427,0.8571428571428571,0.0004
108,1.564731240272522,1.5303877592086792,0.36538461538461536,0.8269230769230769,0.21428571428571427,0.8571428571428571,0.0004
109,1.5502327680587769,1.530365228652954,0.36538461538461536,0.8269230769230769,0.21428571428571427,0.8571428571428571,0.0004
110,1.5525565147399902,1.5328388214111328,0.36538461538461536,0.8269230769230769,0.21428571428571427,0.8571428571428571,0.0004
111,1.5493749380111694,1.5330835580825806,0.36538461538461536,0.8269230769230769,0.21428571428571427,0.8571428571428571,0.0004
112,1.550221562385559,1.5331026315689087,0.36538461538461536,0.8269230769230769,0.21428571428571427,0.8571428571428571,0.0004
113,1.5472665429115295,1.534494400024414,0.36538461538461536,0.8269230769230769,0.21428571428571427,0.8571428571428571,0.0004
114,1.5666291117668152,1.5346568822860718,0.36538461538461536,0.8269230769230769,0.21428571428571427,0.8571428571428571,0.0004
115,1.580624759197235,1.5355260372161865,0.36538461538461536,0.8269230769230769,0.21428571428571427,0.8571428571428571,0.0004
116,1.5815823674201965,1.5352165699005127,0.36538461538461536,0.8269230769230769,0.21428571428571427,0.8571428571428571,0.0004
117,1.5489968657493591,1.5355650186538696,0.36538461538461536,0.8269230769230769,0.21428571428571427,0.8571428571428571,0.0004
118,1.533824861049652,1.5339221954345703,0.36538461538461536,0.8269230769230769,0.21428571428571427,0.8571428571428571,0.0004
119,1.564058780670166,1.5364725589752197,0.36538461538461536,0.8269230769230769,0.21428571428571427,0.8571428571428571,0.0004
120,1.5515469908714294,1.5357433557510376,0.36538461538461536,0.8269230769230769,0.21428571428571427,0.8571428571428571,0.0004
121,1.5354308485984802,1.5335462093353271,0.36538461538461536,0.8269230769230769,0.21428571428571427,0.8571428571428571,0.0004
122,1.5485170483589172,1.5324820280075073,0.36538461538461536,0.8269230769230769,0.21428571428571427,0.8571428571428571,0.0004
123,1.613427996635437,1.5326237678527832,0.36538461538461536,0.8269230769230769,0.21428571428571427,0.8571428571428571,0.0004
124,1.562176764011383,1.53103506565094,0.36538461538461536,0.8269230769230769,0.21428571428571427,0.8571428571428571,0.0004
125,1.5906139612197876,1.5313212871551514,0.36538461538461536,0.8269230769230769,0.21428571428571427,0.8571428571428571,0.0004
126,1.5780102610588074,1.533100962638855,0.36538461538461536,0.8269230769230769,0.21428571428571427,0.8571428571428571,0.0004
127,1.5619109869003296,1.5334720611572266,0.36538461538461536,0.8269230769230769,0.21428571428571427,0.8571428571428571,0.0004
128,1.5367627143859863,1.5341553688049316,0.36538461538461536,0.8269230769230769,0.21428571428571427,0.8571428571428571,0.0004
129,1.5632308721542358,1.5337356328964233,0.36538461538461536,0.8269230769230769,0.21428571428571427,0.8571428571428571,0.0004
130,1.5742540955543518,1.534658670425415,0.36538461538461536,0.8269230769230769,0.21428571428571427,0.8571428571428571,0.0004
131,1.5212376713752747,1.5354681015014648,0.36538461538461536,0.8269230769230769,0.21428571428571427,0.8571428571428571,0.0004
132,1.5613875985145569,1.5398032665252686,0.36538461538461536,0.8269230769230769,0.21428571428571427,0.8571428571428571,0.0004
133,1.5230467915534973,1.5389498472213745,0.36538461538461536,0.8269230769230769,0.21428571428571427,0.8571428571428571,0.0004
134,1.5762290954589844,1.5376276969909668,0.36538461538461536,0.8269230769230769,0.21428571428571427,0.8571428571428571,0.0004
135,1.563438355922699,1.5400679111480713,0.36538461538461536,0.8269230769230769,0.21428571428571427,0.8571428571428571,0.0004
136,1.5386574864387512,1.538379192352295,0.36538461538461536,0.8269230769230769,0.21428571428571427,0.8571428571428571,0.0004
137,1.5743659138679504,1.5375394821166992,0.36538461538461536,0.8269230769230769,0.21428571428571427,0.8571428571428571,0.0004
138,1.5367158651351929,1.5391016006469727,0.36538461538461536,0.8269230769230769,0.21428571428571427,0.8571428571428571,0.0004
139,1.5278460383415222,1.5371670722961426,0.36538461538461536,0.8269230769230769,0.21428571428571427,0.8571428571428571,0.0004
140,1.5566334128379822,1.5355415344238281,0.36538461538461536,0.8269230769230769,0.21428571428571427,0.8571428571428571,0.0004
141,1.5416902303695679,1.5367071628570557,0.36538461538461536,0.8269230769230769,0.21428571428571427,0.8571428571428571,0.0004
142,1.593967854976654,1.5352811813354492,0.38461538461538464,0.8269230769230769,0.21428571428571427,0.8571428571428571,0.0004
143,1.5277973413467407,1.5268433094024658,0.4423076923076923,0.8269230769230769,0.35714285714285715,0.8571428571428571,0.0004
144,1.5023775696754456,1.5184520483016968,0.34615384615384615,0.8269230769230769,0.35714285714285715,0.8571428571428571,0.0004
145,1.5385543704032898,1.5118377208709717,0.2692307692307692,0.8269230769230769,0.35714285714285715,0.8571428571428571,0.0004
146,1.583485722541809,1.51435387134552,0.3269230769230769,0.8269230769230769,0.35714285714285715,0.8571428571428571,0.0004
147,1.5525496006011963,1.5167624950408936,0.3076923076923077,0.8269230769230769,0.21428571428571427,0.8571428571428571,0.0004
148,1.5511401891708374,1.5216455459594727,0.36538461538461536,0.8269230769230769,0.21428571428571427,0.8571428571428571,0.0004
149,1.5526516437530518,1.5228335857391357,0.36538461538461536,0.8269230769230769,0.21428571428571427,0.8571428571428571,0.0004
150,1.5471227765083313,1.5277365446090698,0.36538461538461536,0.8269230769230769,0.21428571428571427,0.8571428571428571,0.0004
151,1.5644956231117249,1.530461072921753,0.36538461538461536,0.8269230769230769,0.21428571428571427,0.8571428571428571,0.0004
152,1.5654298067092896,1.5352509021759033,0.36538461538461536,0.8269230769230769,0.21428571428571427,0.8571428571428571,0.0004
153,1.6002309322357178,1.5393321514129639,0.36538461538461536,0.8269230769230769,0.21428571428571427,0.8571428571428571,0.0004
154,1.5644903779029846,1.5429741144180298,0.36538461538461536,0.8269230769230769,0.21428571428571427,0.8571428571428571,0.0004
155,1.5621833205223083,1.5442191362380981,0.36538461538461536,0.8269230769230769,0.21428571428571427,0.8571428571428571,0.0004
156,1.564832329750061,1.5459246635437012,0.36538461538461536,0.8269230769230769,0.21428571428571427,0.8571428571428571,0.0004
157,1.5833263397216797,1.549962043762207,0.36538461538461536,0.8269230769230769,0.21428571428571427,0.8571428571428571,0.0004
158,1.5787447094917297,1.546797275543213,0.36538461538461536,0.8269230769230769,0.21428571428571427,0.8571428571428571,0.0004
159,1.5361083149909973,1.5481925010681152,0.36538461538461536,0.8269230769230769,0.21428571428571427,0.8571428571428571,0.0004
160,1.54840886592865,1.5451505184173584,0.36538461538461536,0.8269230769230769,0.21428571428571427,0.8571428571428571,0.0004
161,1.5659629106521606,1.5455234050750732,0.36538461538461536,0.8269230769230769,0.21428571428571427,0.8571428571428571,0.0004
162,1.574871301651001,1.5444574356079102,0.36538461538461536,0.8269230769230769,0.21428571428571427,0.8571428571428571,0.0004
163,1.5561674237251282,1.543626308441162,0.36538461538461536,0.8269230769230769,0.21428571428571427,0.8571428571428571,0.0004
164,1.5641679763793945,1.5430841445922852,0.36538461538461536,0.8269230769230769,0.21428571428571427,0.8571428571428571,0.0004
165,1.5879258513450623,1.5389912128448486,0.36538461538461536,0.8269230769230769,0.21428571428571427,0.8571428571428571,0.0004
166,1.5257967710494995,1.538638949394226,0.36538461538461536,0.8269230769230769,0.21428571428571427,0.8571428571428571,0.0004
167,1.5773242115974426,1.540138602256775,0.36538461538461536,0.8269230769230769,0.21428571428571427,0.8571428571428571,0.0004
168,1.5688766241073608,1.5378779172897339,0.36538461538461536,0.8269230769230769,0.21428571428571427,0.8571428571428571,0.0004
169,1.5395914912223816,1.536858320236206,0.36538461538461536,0.8269230769230769,0.21428571428571427,0.8571428571428571,0.0004
170,1.5504493713378906,1.536508321762085,0.36538461538461536,0.8269230769230769,0.21428571428571427,0.8571428571428571,0.0004
171,1.536385715007782,1.5344533920288086,0.36538461538461536,0.8269230769230769,0.21428571428571427,0.8571428571428571,0.0004
172,1.548922598361969,1.5314233303070068,0.36538461538461536,0.8269230769230769,0.21428571428571427,0.8571428571428571,0.0004
173,1.5618752837181091,1.5297346115112305,0.36538461538461536,0.8269230769230769,0.21428571428571427,0.8571428571428571,0.0004
174,1.5501978397369385,1.5279459953308105,0.38461538461538464,0.8269230769230769,0.35714285714285715,0.8571428571428571,0.0004
175,1.5624508261680603,1.5233912467956543,0.40384615384615385,0.8269230769230769,0.2857142857142857,0.8571428571428571,0.0004
176,1.5604189038276672,1.523528814315796,0.4423076923076923,0.8269230769230769,0.35714285714285715,0.8571428571428571,0.0004
177,1.5886942744255066,1.5178215503692627,0.5,0.8269230769230769,0.21428571428571427,0.8571428571428571,0.0004
178,1.5460010170936584,1.5260869264602661,0.38461538461538464,0.8269230769230769,0.21428571428571427,0.8571428571428571,0.0004
179,1.573897123336792,1.538618803024292,0.36538461538461536,0.8269230769230769,0.21428571428571427,0.8571428571428571,0.0004
180,1.5148616433143616,1.5401110649108887,0.36538461538461536,0.8269230769230769,0.21428571428571427,0.8571428571428571,0.0004
181,1.5326170325279236,1.542502999305725,0.36538461538461536,0.8269230769230769,0.21428571428571427,0.8571428571428571,0.0004
182,1.5139257907867432,1.545002818107605,0.36538461538461536,0.8269230769230769,0.21428571428571427,0.8571428571428571,0.0004
183,1.5271900296211243,1.543047308921814,0.36538461538461536,0.8269230769230769,0.21428571428571427,0.8571428571428571,0.0004
184,1.5462443232536316,1.546802043914795,0.36538461538461536,0.8269230769230769,0.21428571428571427,0.8571428571428571,0.0004
185,1.5949328541755676,1.550266981124878,0.36538461538461536,0.8269230769230769,0.21428571428571427,0.8571428571428571,0.0004
186,1.5787043571472168,1.5424082279205322,0.36538461538461536,0.8269230769230769,0.21428571428571427,0.8571428571428571,0.0004
187,1.610438346862793,1.534947156906128,0.36538461538461536,0.8269230769230769,0.21428571428571427,0.8571428571428571,0.0004
188,1.5405030250549316,1.532847285270691,0.36538461538461536,0.8269230769230769,0.35714285714285715,0.8571428571428571,0.0004
189,1.5505180954933167,1.537602186203003,0.4423076923076923,0.8269230769230769,0.2857142857142857,0.8571428571428571,0.0004
190,1.5203315615653992,1.5227696895599365,0.5,0.8269230769230769,0.35714285714285715,0.8571428571428571,0.0004
191,1.5289860367774963,1.5213472843170166,0.46153846153846156,0.8269230769230769,0.35714285714285715,0.8571428571428571,0.0004
192,1.5595122575759888,1.5486818552017212,0.46153846153846156,0.8269230769230769,0.35714285714285715,0.8571428571428571,0.0004
193,1.5773377418518066,1.48839271068573,0.38461538461538464,0.8269230769230769,0.5,0.8571428571428571,0.0004
194,1.5462828874588013,1.5234179496765137,0.4230769230769231,0.8269230769230769,0.5,0.8571428571428571,0.0004
195,1.5409396290779114,1.573105812072754,0.4230769230769231,0.8269230769230769,0.21428571428571427,0.8571428571428571,0.0004
196,1.5297269821166992,1.554201364517212,0.38461538461538464,0.8269230769230769,0.21428571428571427,0.8571428571428571,0.0004
197,1.5155104994773865,1.5460277795791626,0.38461538461538464,0.8269230769230769,0.2857142857142857,0.8571428571428571,0.0004
198,1.490913450717926,1.536152958869934,0.4807692307692308,0.8269230769230769,0.21428571428571427,0.8571428571428571,0.0004
199,1.5317406058311462,1.5001345872879028,0.4423076923076923,0.8269230769230769,0.35714285714285715,0.8571428571428571,0.0004
200,1.554575502872467,1.4718927145004272,0.34615384615384615,0.8269230769230769,0.42857142857142855,0.8571428571428571,0.0004
201,1.504423975944519,1.5309219360351562,0.4807692307692308,0.8269230769230769,0.2857142857142857,0.8571428571428571,0.0004
202,1.5075226426124573,1.6109936237335205,0.4423076923076923,0.8269230769230769,0.07142857142857142,0.8571428571428571,0.0004
203,1.5281940698623657,1.561659336090088,0.4423076923076923,0.8269230769230769,0.2857142857142857,0.8571428571428571,0.0004
204,1.4738827347755432,1.5377461910247803,0.4807692307692308,0.8269230769230769,0.42857142857142855,0.8571428571428571,0.0004
205,1.4630785584449768,1.4803372621536255,0.5576923076923077,0.8269230769230769,0.42857142857142855,0.8571428571428571,0.0004
206,1.471937656402588,1.5697734355926514,0.5192307692307693,0.8269230769230769,0.35714285714285715,0.8571428571428571,0.0004
207,1.4604840874671936,1.7125245332717896,0.46153846153846156,0.8269230769230769,0.21428571428571427,0.8571428571428571,0.0004
208,1.549450159072876,1.5265110731124878,0.4230769230769231,0.8269230769230769,0.35714285714285715,0.8571428571428571,0.0004
209,1.5895097851753235,1.561861515045166,0.3269230769230769,0.8269230769230769,0.35714285714285715,0.8571428571428571,0.0004
210,1.4078851342201233,1.6748604774475098,0.5192307692307693,0.8269230769230769,0.21428571428571427,0.8571428571428571,0.0004
211,1.44706791639328,1.7130988836288452,0.4807692307692308,0.8269230769230769,0.2857142857142857,0.8571428571428571,0.0004
212,1.5867329835891724,1.6802006959915161,0.38461538461538464,0.8269230769230769,0.2857142857142857,0.8571428571428571,0.0004
213,1.5869072079658508,1.6189196109771729,0.38461538461538464,0.8269230769230769,0.2857142857142857,0.8571428571428571,0.0004
214,1.5603384971618652,1.5666745901107788,0.36538461538461536,0.8269230769230769,0.35714285714285715,0.8571428571428571,0.0004
215,1.505801260471344,1.565940260887146,0.40384615384615385,0.8269230769230769,0.2857142857142857,0.8571428571428571,0.0004
216,1.500663697719574,1.4713287353515625,0.4807692307692308,0.8269230769230769,0.5,0.8571428571428571,0.0004
217,1.5434570908546448,1.4865386486053467,0.40384615384615385,0.8269230769230769,0.42857142857142855,0.8571428571428571,0.0004
218,1.5445842146873474,1.524367332458496,0.3269230769230769,0.8269230769230769,0.2857142857142857,0.8571428571428571,0.0004
219,1.511297583580017,1.4972145557403564,0.5192307692307693,0.8269230769230769,0.5714285714285714,0.8571428571428571,0.0004
220,1.4824923276901245,1.4915357828140259,0.4807692307692308,0.8269230769230769,0.42857142857142855,0.8571428571428571,0.0004
221,1.504462718963623,1.4647181034088135,0.5,0.8269230769230769,0.5714285714285714,0.8571428571428571,0.0004
222,1.47697913646698,1.4922630786895752,0.5384615384615384,0.8269230769230769,0.42857142857142855,0.8571428571428571,0.0004
223,1.5197250843048096,1.454375147819519,0.4423076923076923,0.8269230769230769,0.5,0.8571428571428571,0.0004
224,1.5128361582756042,1.4763139486312866,0.40384615384615385,0.8269230769230769,0.5,0.8571428571428571,0.0004
225,1.5076524019241333,1.5066187381744385,0.5,0.8269230769230769,0.5,0.8571428571428571,0.0004
226,1.4886698722839355,1.4796130657196045,0.4807692307692308,0.8269230769230769,0.5714285714285714,0.8571428571428571,0.0004
227,1.467468798160553,1.5130164623260498,0.5192307692307693,0.8269230769230769,0.35714285714285715,0.8571428571428571,0.0004
228,1.4680945873260498,1.4784737825393677,0.5769230769230769,0.8269230769230769,0.5714285714285714,0.8571428571428571,0.0004
229,1.5049281120300293,1.5046947002410889,0.4423076923076923,0.8269230769230769,0.5714285714285714,0.8571428571428571,0.0004
230,1.4891366362571716,1.6515662670135498,0.4230769230769231,0.8269230769230769,0.35714285714285715,0.8571428571428571,0.0004
231,1.5063671469688416,1.52516770362854,0.40384615384615385,0.8269230769230769,0.5714285714285714,0.8571428571428571,0.0004
232,1.4731736779212952,1.556290626525879,0.5961538461538461,0.8269230769230769,0.5714285714285714,0.8571428571428571,0.0004
233,1.522235095500946,1.5618422031402588,0.5,0.8269230769230769,0.42857142857142855,0.8571428571428571,0.0004
234,1.4747426509857178,1.576936960220337,0.5192307692307693,0.8269230769230769,0.42857142857142855,0.8571428571428571,0.0004
235,1.3951507210731506,1.3845990896224976,0.4807692307692308,0.8269230769230769,0.6428571428571429,0.8571428571428571,0.0004
236,1.4818835854530334,1.487966537475586,0.40384615384615385,0.8269230769230769,0.35714285714285715,0.8571428571428571,0.0004
237,1.575495719909668,1.5588414669036865,0.3076923076923077,0.8269230769230769,0.35714285714285715,0.8571428571428571,0.0004
238,1.6151118278503418,1.5977554321289062,0.38461538461538464,0.8269230769230769,0.2857142857142857,0.8571428571428571,0.0004
239,1.6009643077850342,1.4963868856430054,0.2692307692307692,0.8269230769230769,0.35714285714285715,0.8571428571428571,0.0004
240,1.6274620294570923,1.4406988620758057,0.3076923076923077,0.8269230769230769,0.42857142857142855,0.8571428571428571,0.0004
241,1.5181057453155518,1.534482479095459,0.38461538461538464,0.8269230769230769,0.2857142857142857,0.8571428571428571,0.0004
242,1.4778549671173096,1.5708976984024048,0.4807692307692308,0.8269230769230769,0.21428571428571427,0.8571428571428571,0.0004
243,1.5288095474243164,1.5947107076644897,0.40384615384615385,0.8269230769230769,0.21428571428571427,0.8571428571428571,0.0004
244,1.544638216495514,1.634901762008667,0.38461538461538464,0.8269230769230769,0.21428571428571427,0.8571428571428571,0.0004
245,1.522936463356018,1.627192735671997,0.36538461538461536,0.8269230769230769,0.21428571428571427,0.8571428571428571,0.0004
246,1.520621120929718,1.5828877687454224,0.38461538461538464,0.8269230769230769,0.2857142857142857,0.8571428571428571,0.0004
247,1.540322482585907,1.6145527362823486,0.38461538461538464,0.8269230769230769,0.2857142857142857,0.8571428571428571,0.0004
248,1.4809377789497375,1.6153755187988281,0.4423076923076923,0.8269230769230769,0.21428571428571427,0.8571428571428571,0.0004
249,1.5089576840400696,1.599113941192627,0.36538461538461536,0.8269230769230769,0.2857142857142857,0.8571428571428571,0.0004
250,1.52786386013031,1.5558027029037476,0.38461538461538464,0.8269230769230769,0.21428571428571427,0.8571428571428571,0.0004
251,1.5285139083862305,1.5248308181762695,0.4423076923076923,0.8269230769230769,0.35714285714285715,0.8571428571428571,0.0004
252,1.4948469400405884,1.5303435325622559,0.4423076923076923,0.8269230769230769,0.42857142857142855,0.8571428571428571,0.0004
253,1.4717527031898499,1.4994561672210693,0.4423076923076923,0.8269230769230769,0.5,0.8571428571428571,0.0004
254,1.4373552799224854,1.531644582748413,0.5,0.8269230769230769,0.2857142857142857,0.8571428571428571,0.0004
255,1.5192036032676697,1.501509428024292,0.4807692307692308,0.8269230769230769,0.5714285714285714,0.8571428571428571,0.0004
256,1.5057759284973145,1.5683602094650269,0.5384615384615384,0.8269230769230769,0.2857142857142857,0.8571428571428571,0.0004
257,1.4385012984275818,1.5724730491638184,0.4807692307692308,0.8269230769230769,0.2857142857142857,0.8571428571428571,0.0004
258,1.516219139099121,1.5379517078399658,0.46153846153846156,0.8269230769230769,0.42857142857142855,0.8571428571428571,0.0004
259,1.5298814177513123,1.600678563117981,0.38461538461538464,0.8269230769230769,0.2857142857142857,0.8571428571428571,0.0004
260,1.492728590965271,1.5813815593719482,0.4230769230769231,0.8269230769230769,0.21428571428571427,0.8571428571428571,0.0004
261,1.5316439867019653,1.5415022373199463,0.4423076923076923,0.8269230769230769,0.35714285714285715,0.8571428571428571,0.0004
262,1.493601381778717,1.5491001605987549,0.46153846153846156,0.8269230769230769,0.42857142857142855,0.8571428571428571,0.0004
263,1.4410690665245056,1.5188575983047485,0.4230769230769231,0.8269230769230769,0.5,0.8571428571428571,0.0004
264,1.4552898406982422,1.529041051864624,0.5384615384615384,0.8269230769230769,0.35714285714285715,0.8571428571428571,0.0004
265,1.5000135898590088,1.4124857187271118,0.4423076923076923,0.8269230769230769,0.5714285714285714,0.8571428571428571,0.0004
266,1.4216645956039429,1.480196237564087,0.5,0.8269230769230769,0.35714285714285715,0.8571428571428571,0.0004
267,1.5734779834747314,1.4660131931304932,0.38461538461538464,0.8269230769230769,0.6428571428571429,0.8571428571428571,0.0004
268,1.4533778429031372,1.5992873907089233,0.4807692307692308,0.8269230769230769,0.35714285714285715,0.8571428571428571,0.0004
269,1.400112807750702,1.517237901687622,0.5961538461538461,0.8269230769230769,0.42857142857142855,0.8571428571428571,0.0004
270,1.462408423423767,1.5758614540100098,0.4807692307692308,0.8269230769230769,0.35714285714285715,0.8571428571428571,0.0004
271,1.422366440296173,1.7706382274627686,0.4807692307692308,0.8269230769230769,0.14285714285714285,0.8571428571428571,0.0004
272,1.4665700793266296,1.5914623737335205,0.4423076923076923,0.8269230769230769,0.5,0.8571428571428571,0.0004
273,1.4467772245407104,1.52983558177948,0.4230769230769231,0.8269230769230769,0.5714285714285714,0.8571428571428571,0.0004
274,1.372824490070343,1.5614172220230103,0.4807692307692308,0.8269230769230769,0.42857142857142855,0.8571428571428571,0.0004
275,1.470275640487671,1.6309010982513428,0.46153846153846156,0.8269230769230769,0.35714285714285715,0.8571428571428571,0.0004
276,1.3880664110183716,1.6470451354980469,0.4807692307692308,0.8269230769230769,0.35714285714285715,0.8571428571428571,0.0004
277,1.5226483345031738,1.48980712890625,0.46153846153846156,0.8269230769230769,0.42857142857142855,0.8571428571428571,0.0004
278,1.418611764907837,1.4624738693237305,0.46153846153846156,0.8269230769230769,0.5,0.8571428571428571,0.0004
279,1.492842972278595,1.476147174835205,0.4807692307692308,0.8269230769230769,0.5,0.8571428571428571,0.0004
280,1.431306779384613,1.5419514179229736,0.5384615384615384,0.8269230769230769,0.35714285714285715,0.8571428571428571,0.0004
281,1.4556500911712646,1.444128394126892,0.4423076923076923,0.8269230769230769,0.35714285714285715,0.8571428571428571,0.0004
282,1.3947710394859314,1.4723029136657715,0.5192307692307693,0.8269230769230769,0.5,0.8571428571428571,0.0004
283,1.3557894229888916,1.413836121559143,0.6346153846153846,0.8269230769230769,0.5,0.8571428571428571,0.0004
284,1.4857594966888428,1.4422452449798584,0.46153846153846156,0.8269230769230769,0.5,0.8571428571428571,0.0004
285,1.4351930618286133,1.3998708724975586,0.46153846153846156,0.8269230769230769,0.6428571428571429,0.8571428571428571,0.0004
286,1.4692280292510986,1.4843418598175049,0.4807692307692308,0.8269230769230769,0.35714285714285715,0.8571428571428571,0.0004
287,1.3914890885353088,1.5072154998779297,0.5384615384615384,0.8269230769230769,0.42857142857142855,0.8571428571428571,0.0004
288,1.4323833584785461,1.379968523979187,0.5192307692307693,0.8269230769230769,0.42857142857142855,0.8571428571428571,0.0004
289,1.3504174947738647,1.5953949689865112,0.5576923076923077,0.8269230769230769,0.42857142857142855,0.8571428571428571,0.0004
290,1.4935707449913025,1.4086971282958984,0.4230769230769231,0.8269230769230769,0.5,0.8571428571428571,0.0004
291,1.593747079372406,1.4138882160186768,0.38461538461538464,0.8269230769230769,0.5714285714285714,0.8571428571428571,0.0004
292,1.4693118333816528,1.4567891359329224,0.5192307692307693,0.8269230769230769,0.5,0.8571428571428571,0.0004
293,1.4435771703720093,1.4757338762283325,0.5384615384615384,0.8269230769230769,0.5,0.8571428571428571,0.0004
294,1.5339834690093994,1.4956727027893066,0.4230769230769231,0.8269230769230769,0.5,0.8571428571428571,0.0004
295,1.5696609616279602,1.4974792003631592,0.38461538461538464,0.8269230769230769,0.35714285714285715,0.8571428571428571,0.0004
296,1.6629642844200134,1.6520476341247559,0.3076923076923077,0.8269230769230769,0.35714285714285715,0.8571428571428571,0.0004
297,1.8776684999465942,1.6189570426940918,0.25,0.8269230769230769,0.5,0.8571428571428571,0.0004
298,1.8936415910720825,1.603703260421753,0.3269230769230769,0.8269230769230769,0.35714285714285715,0.8571428571428571,0.0004
299,1.8343385457992554,1.5953549146652222,0.3076923076923077,0.8269230769230769,0.35714285714285715,0.8571428571428571,0.0004
300,1.7869797348976135,1.5632144212722778,0.34615384615384615,0.8269230769230769,0.42857142857142855,0.8571428571428571,0.0004
301,1.7419368624687195,1.5709196329116821,0.28846153846153844,0.8269230769230769,0.35714285714285715,0.8571428571428571,0.0004
302,1.7319328784942627,1.5388669967651367,0.34615384615384615,0.8269230769230769,0.35714285714285715,0.8571428571428571,0.0004
303,1.6649096608161926,1.542579174041748,0.3269230769230769,0.8269230769230769,0.35714285714285715,0.8571428571428571,0.0004
304,1.6608955264091492,1.5256562232971191,0.3269230769230769,0.8269230769230769,0.35714285714285715,0.8571428571428571,0.0004
305,1.6193947196006775,1.546515941619873,0.3269230769230769,0.8269230769230769,0.35714285714285715,0.8571428571428571,0.0004
306,1.5936737060546875,1.547513723373413,0.3269230769230769,0.8269230769230769,0.35714285714285715,0.8571428571428571,0.0004
307,1.5695809125900269,1.557807207107544,0.3269230769230769,0.8269230769230769,0.35714285714285715,0.8571428571428571,0.0004
308,1.5613044500350952,1.55876624584198,0.3269230769230769,0.8269230769230769,0.35714285714285715,0.8571428571428571,0.0004
309,1.538430094718933,1.5834290981292725,0.34615384615384615,0.8269230769230769,0.21428571428571427,0.8571428571428571,0.0004
310,1.5415912866592407,1.6117147207260132,0.36538461538461536,0.8269230769230769,0.2857142857142857,0.8571428571428571,0.0004
311,1.5352534651756287,1.634925365447998,0.40384615384615385,0.8269230769230769,0.2857142857142857,0.8571428571428571,0.0004
312,1.549364447593689,1.6362076997756958,0.36538461538461536,0.8269230769230769,0.21428571428571427,0.8571428571428571,0.0004
313,1.577307105064392,1.649651288986206,0.36538461538461536,0.8269230769230769,0.21428571428571427,0.8571428571428571,0.0004
314,1.5312297940254211,1.6798326969146729,0.36538461538461536,0.8269230769230769,0.21428571428571427,0.8571428571428571,0.0004
315,1.5862650871276855,1.6582608222961426,0.36538461538461536,0.8269230769230769,0.21428571428571427,0.8571428571428571,0.0004
316,1.5513811111450195,1.6889668703079224,0.36538461538461536,0.8269230769230769,0.21428571428571427,0.8571428571428571,0.0004
317,1.5759727954864502,1.6328630447387695,0.36538461538461536,0.8269230769230769,0.21428571428571427,0.8571428571428571,0.0004
318,1.6026859283447266,1.619225263595581,0.36538461538461536,0.8269230769230769,0.2857142857142857,0.8571428571428571,0.0004
319,1.5692967176437378,1.5945305824279785,0.40384615384615385,0.8269230769230769,0.35714285714285715,0.8571428571428571,0.0004
320,1.5343875288963318,1.6340487003326416,0.36538461538461536,0.8269230769230769,0.21428571428571427,0.8571428571428571,0.0004
321,1.5350443124771118,1.596091866493225,0.4230769230769231,0.8269230769230769,0.35714285714285715,0.8571428571428571,0.0004
322,1.5586005449295044,1.556422472000122,0.4423076923076923,0.8269230769230769,0.2857142857142857,0.8571428571428571,0.0004
323,1.5380236506462097,1.5675773620605469,0.4423076923076923,0.8269230769230769,0.21428571428571427,0.8571428571428571,0.0004
324,1.5317394733428955,1.5545873641967773,0.40384615384615385,0.8269230769230769,0.21428571428571427,0.8571428571428571,0.0004
325,1.4691922068595886,1.540147066116333,0.4230769230769231,0.8269230769230769,0.21428571428571427,0.8571428571428571,0.0004
326,1.5066369771957397,1.5488128662109375,0.4423076923076923,0.8269230769230769,0.35714285714285715,0.8571428571428571,0.0004
327,1.5269834399223328,1.5329594612121582,0.4230769230769231,0.8269230769230769,0.35714285714285715,0.8571428571428571,0.0004
328,1.5444250106811523,1.5353617668151855,0.36538461538461536,0.8269230769230769,0.35714285714285715,0.8571428571428571,0.0004
329,1.548281967639923,1.5524712800979614,0.4230769230769231,0.8269230769230769,0.14285714285714285,0.8571428571428571,0.0004
330,1.5621234774589539,1.5675005912780762,0.40384615384615385,0.8269230769230769,0.42857142857142855,0.8571428571428571,0.0004
331,1.5399644374847412,1.5510637760162354,0.46153846153846156,0.8269230769230769,0.5,0.8571428571428571,0.0004
332,1.4866656064987183,1.5637544393539429,0.4423076923076923,0.8269230769230769,0.2857142857142857,0.8571428571428571,0.0004
333,1.4727450609207153,1.5228815078735352,0.5,0.8269230769230769,0.5714285714285714,0.8571428571428571,0.0004
334,1.536209762096405,1.5297635793685913,0.40384615384615385,0.8269230769230769,0.35714285714285715,0.8571428571428571,0.0004
335,1.4889477491378784,1.5707496404647827,0.4423076923076923,0.8269230769230769,0.2857142857142857,0.8571428571428571,0.0004
336,1.525524377822876,1.589060664176941,0.38461538461538464,0.8269230769230769,0.21428571428571427,0.8571428571428571,0.0004
337,1.5454804301261902,1.5261809825897217,0.38461538461538464,0.8269230769230769,0.2857142857142857,0.8571428571428571,0.0004
338,1.5113699436187744,1.5369952917099,0.40384615384615385,0.8269230769230769,0.2857142857142857,0.8571428571428571,0.0004
339,1.5390759706497192,1.5950535535812378,0.38461538461538464,0.8269230769230769,0.21428571428571427,0.8571428571428571,0.0004
340,1.5277931094169617,1.6079338788986206,0.38461538461538464,0.8269230769230769,0.21428571428571427,0.8571428571428571,0.0004
341,1.4940781593322754,1.5328372716903687,0.38461538461538464,0.8269230769230769,0.2857142857142857,0.8571428571428571,0.0004
342,1.4981617331504822,1.5024712085723877,0.38461538461538464,0.8269230769230769,0.35714285714285715,0.8571428571428571,0.0004
343,1.4742910265922546,1.5982601642608643,0.46153846153846156,0.8269230769230769,0.21428571428571427,0.8571428571428571,0.0004
344,1.5058773756027222,1.5281178951263428,0.40384615384615385,0.8269230769230769,0.35714285714285715,0.8571428571428571,0.0004
345,1.473828673362732,1.55635404586792,0.40384615384615385,0.8269230769230769,0.2857142857142857,0.8571428571428571,0.0004
346,1.4678195714950562,1.5561184883117676,0.40384615384615385,0.8269230769230769,0.2857142857142857,0.8571428571428571,0.0004
347,1.5302096605300903,1.5748460292816162,0.4423076923076923,0.8269230769230769,0.21428571428571427,0.8571428571428571,0.0004
348,1.539450228214264,1.5232361555099487,0.38461538461538464,0.8269230769230769,0.2857142857142857,0.8571428571428571,0.0004
349,1.4726343154907227,1.5466622114181519,0.38461538461538464,0.8269230769230769,0.42857142857142855,0.8571428571428571,0.0004
350,1.5814939141273499,1.5335421562194824,0.5192307692307693,0.8269230769230769,0.42857142857142855,0.8571428571428571,0.0004
351,1.4744526147842407,1.5801061391830444,0.4423076923076923,0.8269230769230769,0.35714285714285715,0.8571428571428571,0.0004
352,1.5034328699111938,1.5370800495147705,0.4423076923076923,0.8269230769230769,0.2857142857142857,0.8571428571428571,0.0004
353,1.4213631749153137,1.530168890953064,0.5,0.8269230769230769,0.5,0.8571428571428571,0.0004
354,1.4674937725067139,1.5687801837921143,0.5,0.8269230769230769,0.21428571428571427,0.8571428571428571,0.0004
355,1.4864193201065063,1.5335557460784912,0.4807692307692308,0.8269230769230769,0.35714285714285715,0.8571428571428571,0.0004
356,1.5066367983818054,1.537341594696045,0.40384615384615385,0.8269230769230769,0.42857142857142855,0.8571428571428571,0.0004
357,1.458487629890442,1.5130805969238281,0.38461538461538464,0.8269230769230769,0.35714285714285715,0.8571428571428571,0.0004
358,1.4907917976379395,1.6259474754333496,0.5192307692307693,0.8269230769230769,0.35714285714285715,0.8571428571428571,0.0004
359,1.4829830527305603,1.6076881885528564,0.5384615384615384,0.8269230769230769,0.35714285714285715,0.8571428571428571,0.0004
360,1.4885007739067078,1.6252273321151733,0.5,0.8269230769230769,0.2857142857142857,0.8571428571428571,0.0004
361,1.5175005197525024,1.5891441106796265,0.4423076923076923,0.8269230769230769,0.2857142857142857,0.8571428571428571,0.0004
362,1.460416853427887,1.6399595737457275,0.5,0.8269230769230769,0.42857142857142855,0.8571428571428571,0.0004
363,1.534636378288269,1.6537526845932007,0.36538461538461536,0.8269230769230769,0.35714285714285715,0.8571428571428571,0.0004
364,1.441214382648468,1.4523086547851562,0.5576923076923077,0.8269230769230769,0.5714285714285714,0.8571428571428571,0.0004
365,1.4739996790885925,1.5728724002838135,0.4423076923076923,0.8269230769230769,0.42857142857142855,0.8571428571428571,0.0004
366,1.4036032557487488,1.5520212650299072,0.5,0.8269230769230769,0.42857142857142855,0.8571428571428571,0.0004
367,1.525146484375,1.6726434230804443,0.40384615384615385,0.8269230769230769,0.21428571428571427,0.8571428571428571,0.0004
368,1.416933834552765,1.5514981746673584,0.4807692307692308,0.8269230769230769,0.2857142857142857,0.8571428571428571,0.0004
369,1.4421025514602661,1.4441866874694824,0.5,0.8269230769230769,0.7142857142857143,0.8571428571428571,0.0004
370,1.4900293350219727,1.4424495697021484,0.5384615384615384,0.8269230769230769,0.5714285714285714,0.8571428571428571,0.0004
371,1.5177204608917236,1.480067491531372,0.46153846153846156,0.8269230769230769,0.6428571428571429,0.8571428571428571,0.0004
372,1.4326286911964417,1.5719449520111084,0.4807692307692308,0.8269230769230769,0.42857142857142855,0.8571428571428571,0.0004
373,1.4917617440223694,1.632129192352295,0.4807692307692308,0.8269230769230769,0.35714285714285715,0.8571428571428571,0.0004
374,1.5653299689292908,1.4784233570098877,0.4230769230769231,0.8269230769230769,0.5,0.8571428571428571,0.0004
375,1.4973402619361877,1.5552563667297363,0.5,0.8269230769230769,0.42857142857142855,0.8571428571428571,0.0004
376,1.5151679515838623,1.4397964477539062,0.4230769230769231,0.8269230769230769,0.5714285714285714,0.8571428571428571,0.0004
377,1.5033665299415588,1.6337220668792725,0.5,0.8269230769230769,0.35714285714285715,0.8571428571428571,0.0004
378,1.491925597190857,1.5089730024337769,0.4230769230769231,0.8269230769230769,0.6428571428571429,0.8571428571428571,0.0004
379,1.5153078436851501,1.7307002544403076,0.4807692307692308,0.8461538461538461,0.14285714285714285,0.8571428571428571,0.0004
380,1.5024594068527222,1.5728496313095093,0.40384615384615385,0.8076923076923077,0.2857142857142857,0.8571428571428571,0.0004
381,1.489752173423767,1.6435933113098145,0.5384615384615384,0.8269230769230769,0.42857142857142855,0.8571428571428571,0.0004
382,1.49494868516922,1.569704532623291,0.5,0.8076923076923077,0.21428571428571427,0.8571428571428571,0.0004
383,1.5196518301963806,1.6662845611572266,0.4423076923076923,0.8269230769230769,0.2857142857142857,0.8571428571428571,0.0004
384,1.3766762018203735,1.5691866874694824,0.4807692307692308,0.8269230769230769,0.35714285714285715,0.8571428571428571,0.0004
385,1.505281388759613,1.6420453786849976,0.4807692307692308,0.8269230769230769,0.21428571428571427,0.8571428571428571,0.0004
386,1.5072476863861084,1.5434576272964478,0.5,0.8269230769230769,0.2857142857142857,0.8571428571428571,0.0004
387,1.3945137858390808,1.6909027099609375,0.5192307692307693,0.8269230769230769,0.21428571428571427,0.8571428571428571,0.0004
388,1.3495471477508545,1.4947649240493774,0.4807692307692308,0.8269230769230769,0.42857142857142855,0.8571428571428571,0.0004
389,1.4580209851264954,1.5162639617919922,0.46153846153846156,0.8269230769230769,0.35714285714285715,0.8571428571428571,0.0004
390,1.524123728275299,1.656944990158081,0.4423076923076923,0.8269230769230769,0.5,0.8571428571428571,0.0004
391,1.4242246747016907,1.5498199462890625,0.5,0.8269230769230769,0.42857142857142855,0.8571428571428571,0.0004
392,1.4013503789901733,1.322513222694397,0.5192307692307693,0.8269230769230769,0.6428571428571429,0.8571428571428571,0.0004
393,1.3830102682113647,1.4260616302490234,0.4423076923076923,0.8269230769230769,0.5,0.8571428571428571,0.0004
394,1.3794987201690674,1.4841729402542114,0.4807692307692308,0.8269230769230769,0.42857142857142855,0.8571428571428571,0.0004
395,1.3636860251426697,1.4648337364196777,0.5,0.8269230769230769,0.7142857142857143,0.8571428571428571,0.0004
396,1.5171034932136536,1.4687409400939941,0.46153846153846156,0.8269230769230769,0.5,0.8571428571428571,0.0004
397,1.5135008692741394,1.4601575136184692,0.4230769230769231,0.8269230769230769,0.42857142857142855,0.8571428571428571,0.0004
398,1.4125427603721619,1.5694758892059326,0.5576923076923077,0.8269230769230769,0.42857142857142855,0.8571428571428571,0.0004
399,1.5259576439857483,1.4541703462600708,0.5384615384615384,0.8269230769230769,0.5,0.8571428571428571,0.0004
400,1.4558258056640625,1.8005876541137695,0.4807692307692308,0.8269230769230769,0.21428571428571427,0.8571428571428571,0.0004
401,1.3971700072288513,1.5410313606262207,0.5576923076923077,0.8269230769230769,0.5,0.8571428571428571,0.0004
402,1.418291449546814,1.431932806968689,0.4423076923076923,0.8269230769230769,0.35714285714285715,0.8571428571428571,0.0004
403,1.471254587173462,1.4627865552902222,0.5,0.8269230769230769,0.42857142857142855,0.8571428571428571,0.0004
404,1.5233404040336609,1.396535873413086,0.5,0.8269230769230769,0.5714285714285714,0.8571428571428571,0.0004
405,1.4699513912200928,1.4070225954055786,0.5384615384615384,0.8269230769230769,0.5,0.8571428571428571,0.0004
406,1.4061676859855652,1.646577000617981,0.5192307692307693,0.8269230769230769,0.35714285714285715,0.8571428571428571,0.0004
407,1.4341007471084595,1.4574601650238037,0.5,0.8269230769230769,0.5,0.8571428571428571,0.0004
408,1.3377196192741394,1.3435239791870117,0.5384615384615384,0.8269230769230769,0.6428571428571429,0.8571428571428571,0.0004
409,1.392968475818634,1.5428959131240845,0.5,0.8269230769230769,0.42857142857142855,0.8571428571428571,0.0004
410,1.4803152680397034,1.3746111392974854,0.5192307692307693,0.8269230769230769,0.5,0.8571428571428571,0.0004
411,1.4067699313163757,1.5214054584503174,0.5192307692307693,0.8269230769230769,0.2857142857142857,0.8571428571428571,0.0004
412,1.4007149934768677,1.6724895238876343,0.4807692307692308,0.8269230769230769,0.21428571428571427,0.8571428571428571,0.0004
413,1.4612302780151367,1.429456114768982,0.4807692307692308,0.8269230769230769,0.42857142857142855,0.8571428571428571,0.0004
414,1.4239246845245361,1.4592231512069702,0.5,0.8269230769230769,0.42857142857142855,0.8571428571428571,0.0004
415,1.3582763671875,1.581642508506775,0.46153846153846156,0.8269230769230769,0.35714285714285715,0.8571428571428571,0.0004
416,1.3739644289016724,1.516589879989624,0.46153846153846156,0.8269230769230769,0.42857142857142855,0.8571428571428571,0.0004
417,1.347626507282257,1.5445494651794434,0.5576923076923077,0.8269230769230769,0.35714285714285715,0.8571428571428571,0.0004
418,1.4185142517089844,1.6247881650924683,0.46153846153846156,0.8269230769230769,0.35714285714285715,0.8571428571428571,0.0004
419,1.441901683807373,1.5592018365859985,0.5384615384615384,0.8269230769230769,0.5,0.8571428571428571,0.0004
420,1.4032759070396423,1.4720003604888916,0.5769230769230769,0.8269230769230769,0.35714285714285715,0.8571428571428571,0.0004
421,1.6093629598617554,1.407970905303955,0.4230769230769231,0.8269230769230769,0.5,0.8571428571428571,0.0004
422,1.4994902610778809,1.5441477298736572,0.38461538461538464,0.8269230769230769,0.5714285714285714,0.8571428571428571,0.0004
423,1.4589314460754395,1.5227642059326172,0.4807692307692308,0.8269230769230769,0.42857142857142855,0.8571428571428571,0.0004
424,1.4810585975646973,1.514855146408081,0.4423076923076923,0.8269230769230769,0.5,0.8571428571428571,0.0004
425,1.4679179191589355,1.5486714839935303,0.46153846153846156,0.8269230769230769,0.42857142857142855,0.8571428571428571,0.0004
426,1.4519628882408142,1.4163159132003784,0.46153846153846156,0.8269230769230769,0.6428571428571429,0.8571428571428571,0.0004
427,1.4771065711975098,1.6528522968292236,0.5,0.8269230769230769,0.2857142857142857,0.8571428571428571,0.0004
428,1.4065757989883423,1.4809026718139648,0.5,0.8269230769230769,0.42857142857142855,0.8571428571428571,0.0004
429,1.3674576878547668,1.5951768159866333,0.46153846153846156,0.8269230769230769,0.35714285714285715,0.8571428571428571,0.0004
430,1.4547364711761475,1.544256567955017,0.5192307692307693,0.8269230769230769,0.42857142857142855,0.8571428571428571,0.0004
431,1.4746896624565125,1.6414693593978882,0.5384615384615384,0.8269230769230769,0.2857142857142857,0.8571428571428571,0.0004
432,1.4252992868423462,1.4814279079437256,0.4807692307692308,0.8269230769230769,0.42857142857142855,0.8571428571428571,0.0004
433,1.482576608657837,1.6289467811584473,0.4807692307692308,0.8269230769230769,0.2857142857142857,0.8571428571428571,0.0004
434,1.3766281008720398,1.5039446353912354,0.5384615384615384,0.8269230769230769,0.42857142857142855,0.8571428571428571,0.0004
435,1.4245885610580444,1.4629104137420654,0.5961538461538461,0.8269230769230769,0.35714285714285715,0.8571428571428571,0.0004
436,1.4450293183326721,1.4449853897094727,0.5192307692307693,0.8269230769230769,0.5,0.8571428571428571,0.0004
437,1.3723779320716858,1.4318370819091797,0.5769230769230769,0.8269230769230769,0.42857142857142855,0.8571428571428571,0.0004
438,1.4367574453353882,1.4861513376235962,0.5192307692307693,0.8269230769230769,0.42857142857142855,0.8571428571428571,0.0004
439,1.3489243388175964,1.4870240688323975,0.5192307692307693,0.8269230769230769,0.42857142857142855,0.8571428571428571,0.0004
440,1.3423547148704529,1.4587640762329102,0.5384615384615384,0.8269230769230769,0.35714285714285715,0.8571428571428571,0.0004
441,1.3907625675201416,1.5172914266586304,0.5961538461538461,0.8269230769230769,0.35714285714285715,0.8571428571428571,0.0004
442,1.3948522210121155,1.5655072927474976,0.4807692307692308,0.8269230769230769,0.35714285714285715,0.8571428571428571,0.0004
443,1.433218240737915,1.6561654806137085,0.4807692307692308,0.8269230769230769,0.2857142857142857,0.8571428571428571,0.0004
444,1.4689829349517822,1.5433306694030762,0.4807692307692308,0.8269230769230769,0.35714285714285715,0.8571428571428571,0.0004
445,1.469705045223236,1.6572798490524292,0.5,0.8269230769230769,0.2857142857142857,0.8571428571428571,0.0004
446,1.3496434688568115,1.6085691452026367,0.5769230769230769,0.8269230769230769,0.35714285714285715,0.8571428571428571,0.0004
447,1.3928958773612976,1.6132872104644775,0.5576923076923077,0.8269230769230769,0.42857142857142855,0.8571428571428571,0.0004
448,1.3844341039657593,1.510406255722046,0.5576923076923077,0.8269230769230769,0.5714285714285714,0.8571428571428571,0.0004
449,1.4167331457138062,1.6072607040405273,0.5576923076923077,0.8269230769230769,0.35714285714285715,0.8571428571428571,0.0004
450,1.4127772450447083,1.4559797048568726,0.5,0.8269230769230769,0.42857142857142855,0.8571428571428571,0.0004
451,1.412297010421753,1.5346204042434692,0.5192307692307693,0.8269230769230769,0.42857142857142855,0.8571428571428571,0.0004
452,1.4162198901176453,1.3739771842956543,0.46153846153846156,0.8269230769230769,0.5714285714285714,0.8571428571428571,0.0004
453,1.405666470527649,1.4385242462158203,0.4807692307692308,0.8269230769230769,0.42857142857142855,0.8571428571428571,0.0004
454,1.4104310274124146,1.769946813583374,0.4807692307692308,0.8269230769230769,0.2857142857142857,0.8571428571428571,0.0004
455,1.4204087257385254,1.4335883855819702,0.5384615384615384,0.8269230769230769,0.5714285714285714,0.8571428571428571,0.0004
456,1.453190803527832,1.438822865486145,0.4807692307692308,0.8269230769230769,0.5,0.8571428571428571,0.0004
457,1.3950525522232056,1.509575366973877,0.46153846153846156,0.8269230769230769,0.35714285714285715,0.8571428571428571,0.0004
458,1.3710034489631653,1.5085477828979492,0.5576923076923077,0.8269230769230769,0.42857142857142855,0.8571428571428571,0.0004
459,1.3925464153289795,1.4894068241119385,0.5192307692307693,0.8269230769230769,0.35714285714285715,0.8571428571428571,0.0004
460,1.2909517288208008,1.4375872611999512,0.5384615384615384,0.8269230769230769,0.5,0.8571428571428571,0.0004
461,1.5036152601242065,1.435145616531372,0.4230769230769231,0.8269230769230769,0.5,0.8571428571428571,0.0004
462,1.3911545276641846,1.7191386222839355,0.5,0.8269230769230769,0.21428571428571427,0.8571428571428571,0.0004
463,1.4965880513191223,1.6031192541122437,0.4807692307692308,0.8269230769230769,0.21428571428571427,0.8571428571428571,0.0004
464,1.4278945326805115,1.427612066268921,0.4230769230769231,0.8269230769230769,0.5,0.8571428571428571,0.0004
465,1.3569994568824768,1.4506059885025024,0.5576923076923077,0.8269230769230769,0.5,0.8571428571428571,0.0004
466,1.3478232622146606,1.5782661437988281,0.5384615384615384,0.8269230769230769,0.42857142857142855,0.8571428571428571,0.0004
467,1.3554734587669373,1.4648733139038086,0.4423076923076923,0.8269230769230769,0.35714285714285715,0.8571428571428571,0.0004
468,1.4092270135879517,1.6311941146850586,0.46153846153846156,0.8269230769230769,0.35714285714285715,0.8571428571428571,0.0004
469,1.3897626996040344,1.4440574645996094,0.5576923076923077,0.8269230769230769,0.5714285714285714,0.8571428571428571,0.0004
470,1.3985322713851929,1.6271247863769531,0.5192307692307693,0.8269230769230769,0.35714285714285715,0.8571428571428571,0.0004
471,1.3887702822685242,1.4274475574493408,0.4807692307692308,0.8269230769230769,0.42857142857142855,0.8571428571428571,0.0004
472,1.4414989352226257,1.4470462799072266,0.5192307692307693,0.8269230769230769,0.35714285714285715,0.8571428571428571,0.0004
473,1.4315161108970642,1.485695481300354,0.5384615384615384,0.8269230769230769,0.42857142857142855,0.8571428571428571,0.0004
474,1.4587927460670471,1.434450387954712,0.46153846153846156,0.8269230769230769,0.35714285714285715,0.8571428571428571,0.0004
475,1.3941763639450073,1.50947904586792,0.4807692307692308,0.8269230769230769,0.42857142857142855,0.8571428571428571,0.0004
476,1.4553416967391968,1.4727153778076172,0.4807692307692308,0.8269230769230769,0.42857142857142855,0.8571428571428571,0.0004
477,1.3795511722564697,1.4516406059265137,0.46153846153846156,0.8269230769230769,0.5,0.8571428571428571,0.0004
478,1.3402946591377258,1.4624264240264893,0.5576923076923077,0.8269230769230769,0.42857142857142855,0.8571428571428571,0.0004
479,1.3965348601341248,1.4841097593307495,0.4807692307692308,0.8269230769230769,0.42857142857142855,0.8571428571428571,0.0004
480,1.4673482179641724,1.5809850692749023,0.5769230769230769,0.8076923076923077,0.2857142857142857,0.8571428571428571,0.0004
481,1.4691673517227173,1.4888153076171875,0.4807692307692308,0.8269230769230769,0.21428571428571427,0.8571428571428571,0.0004
482,1.5735130310058594,1.6234753131866455,0.46153846153846156,0.8269230769230769,0.5,0.8571428571428571,0.0004
483,1.513046145439148,1.5029367208480835,0.4807692307692308,0.8269230769230769,0.2857142857142857,0.8571428571428571,0.0004
484,1.7022420763969421,1.49476957321167,0.3076923076923077,0.8076923076923077,0.35714285714285715,0.8571428571428571,0.0004
485,1.6315114498138428,1.4605536460876465,0.28846153846153844,0.8269230769230769,0.42857142857142855,0.8571428571428571,0.0004
486,1.4994813799858093,1.5177183151245117,0.36538461538461536,0.8269230769230769,0.5,0.8571428571428571,0.0004
487,1.504118263721466,1.450869083404541,0.4807692307692308,0.8269230769230769,0.5,0.8571428571428571,0.0004
488,1.4403361082077026,1.4092929363250732,0.46153846153846156,0.8269230769230769,0.5,0.8571428571428571,0.0004
489,1.5280075073242188,1.7180734872817993,0.4230769230769231,0.8269230769230769,0.14285714285714285,0.8571428571428571,0.0004
490,1.4485598802566528,1.6232812404632568,0.46153846153846156,0.8269230769230769,0.2857142857142857,0.8571428571428571,0.0004
491,1.4882979989051819,1.6758390665054321,0.38461538461538464,0.8269230769230769,0.21428571428571427,0.8571428571428571,0.0004
492,1.5713008642196655,1.6252632141113281,0.4230769230769231,0.8269230769230769,0.35714285714285715,0.8571428571428571,0.0004
493,1.5227417945861816,1.7424979209899902,0.36538461538461536,0.8269230769230769,0.21428571428571427,0.8571428571428571,0.0004
494,1.4875503182411194,1.6395174264907837,0.46153846153846156,0.8269230769230769,0.35714285714285715,0.8571428571428571,0.0004
495,1.546849012374878,1.608802080154419,0.4230769230769231,0.8269230769230769,0.35714285714285715,0.8571428571428571,0.0004
496,1.5941616892814636,1.618685245513916,0.36538461538461536,0.8269230769230769,0.35714285714285715,0.8571428571428571,0.0004
497,1.530332624912262,1.5866566896438599,0.36538461538461536,0.8269230769230769,0.35714285714285715,0.8571428571428571,0.0004
498,1.5123781561851501,1.6829147338867188,0.40384615384615385,0.8269230769230769,0.21428571428571427,0.8571428571428571,0.0004
499,1.5313199758529663,1.6902060508728027,0.36538461538461536,0.8269230769230769,0.14285714285714285,0.8571428571428571,0.0004
500,1.484829306602478,1.5757230520248413,0.38461538461538464,0.8269230769230769,0.2857142857142857,0.8571428571428571,0.0004
501,1.4360182881355286,1.5578789710998535,0.46153846153846156,0.8269230769230769,0.2857142857142857,0.8571428571428571,0.0004
502,1.4922463297843933,1.5848442316055298,0.5192307692307693,0.8269230769230769,0.21428571428571427,0.8571428571428571,0.0004
503,1.4606053829193115,1.5904626846313477,0.5576923076923077,0.8269230769230769,0.21428571428571427,0.8571428571428571,0.0004
504,1.4913703203201294,1.5850379467010498,0.4807692307692308,0.8269230769230769,0.14285714285714285,0.8571428571428571,0.0004
505,1.4878824353218079,1.534264326095581,0.5,0.8269230769230769,0.35714285714285715,0.8571428571428571,0.0004
506,1.453221082687378,1.5394843816757202,0.5192307692307693,0.8269230769230769,0.35714285714285715,0.8571428571428571,0.0004
507,1.4767930507659912,1.5540952682495117,0.5384615384615384,0.8269230769230769,0.35714285714285715,0.8571428571428571,0.0004
508,1.454510748386383,1.667769432067871,0.4807692307692308,0.8269230769230769,0.21428571428571427,0.8571428571428571,0.0004
509,1.4542253613471985,1.4787832498550415,0.46153846153846156,0.8269230769230769,0.5,0.8571428571428571,0.0004
510,1.4514866471290588,1.5061694383621216,0.46153846153846156,0.8269230769230769,0.42857142857142855,0.8571428571428571,0.0004
511,1.487218976020813,1.574603796005249,0.46153846153846156,0.8269230769230769,0.42857142857142855,0.8571428571428571,0.0004
512,1.4430552124977112,1.5099902153015137,0.46153846153846156,0.8269230769230769,0.2857142857142857,0.8571428571428571,0.0004
513,1.473591148853302,1.4552345275878906,0.5,0.8269230769230769,0.35714285714285715,0.8571428571428571,0.0004
514,1.4207469820976257,1.5027918815612793,0.5,0.8269230769230769,0.35714285714285715,0.8571428571428571,0.0004
515,1.3897098898887634,1.4477617740631104,0.5384615384615384,0.8269230769230769,0.35714285714285715,0.8571428571428571,0.0004
516,1.4669926166534424,1.4457050561904907,0.4807692307692308,0.8269230769230769,0.42857142857142855,0.8571428571428571,0.0004
517,1.410199522972107,1.6061797142028809,0.4807692307692308,0.8269230769230769,0.2857142857142857,0.8571428571428571,0.0004
518,1.4374590516090393,1.6735445261001587,0.4807692307692308,0.8269230769230769,0.35714285714285715,0.8571428571428571,0.0004
519,1.4831223487854004,1.4499099254608154,0.4230769230769231,0.8269230769230769,0.5,0.8571428571428571,0.0004
520,1.4777055382728577,1.514844298362732,0.4230769230769231,0.8269230769230769,0.35714285714285715,0.8571428571428571,0.0004
521,1.4446419477462769,1.4853435754776,0.5,0.8269230769230769,0.35714285714285715,0.8571428571428571,0.0004
522,1.4341744780540466,1.3305679559707642,0.5,0.8269230769230769,0.5714285714285714,0.8571428571428571,0.0004
523,1.3981863260269165,1.5108880996704102,0.5192307692307693,0.8269230769230769,0.35714285714285715,0.8571428571428571,0.0004
524,1.423399269580841,1.7340189218521118,0.4807692307692308,0.8269230769230769,0.21428571428571427,0.8571428571428571,0.0004
525,1.4211029410362244,1.4394543170928955,0.46153846153846156,0.8269230769230769,0.35714285714285715,0.8571428571428571,0.0004
526,1.4093102812767029,1.4339237213134766,0.5192307692307693,0.8269230769230769,0.5714285714285714,0.8571428571428571,0.0004
527,1.4652891755104065,1.5593593120574951,0.4807692307692308,0.8269230769230769,0.21428571428571427,0.8571428571428571,0.0004
528,1.5115630626678467,1.4625871181488037,0.46153846153846156,0.8269230769230769,0.35714285714285715,0.8571428571428571,0.0004
529,1.4702773094177246,1.5188674926757812,0.4807692307692308,0.8269230769230769,0.2857142857142857,0.8571428571428571,0.0004
530,1.4126290082931519,1.4891626834869385,0.46153846153846156,0.8269230769230769,0.2857142857142857,0.8571428571428571,0.0004
531,1.4878994226455688,1.5711933374404907,0.4423076923076923,0.8269230769230769,0.2857142857142857,0.8571428571428571,0.0004
532,1.41631418466568,1.3900163173675537,0.5,0.8269230769230769,0.5,0.8571428571428571,0.0004
533,1.585332214832306,1.655566692352295,0.5,0.8269230769230769,0.14285714285714285,0.8571428571428571,0.0004
534,1.433054804801941,1.6368358135223389,0.5192307692307693,0.8269230769230769,0.21428571428571427,0.8571428571428571,0.0004
535,1.4127672910690308,1.3659693002700806,0.4423076923076923,0.8269230769230769,0.7142857142857143,0.8571428571428571,0.0004
536,1.4532519578933716,1.3570979833602905,0.4230769230769231,0.8269230769230769,0.5,0.8571428571428571,0.0004
537,1.4449147582054138,1.4774975776672363,0.5192307692307693,0.8269230769230769,0.5714285714285714,0.8571428571428571,0.0004
538,1.3618914484977722,1.6544121503829956,0.5384615384615384,0.8269230769230769,0.35714285714285715,0.8571428571428571,0.0004
539,1.6031362414360046,1.42470121383667,0.34615384615384615,0.8269230769230769,0.5714285714285714,0.8571428571428571,0.0004
540,1.4261818528175354,1.6342885494232178,0.5769230769230769,0.8269230769230769,0.2857142857142857,0.8571428571428571,0.0004
541,1.4442951083183289,1.558132529258728,0.5384615384615384,0.8269230769230769,0.5,0.8571428571428571,0.0004
542,1.5121738910675049,1.4678633213043213,0.34615384615384615,0.8269230769230769,0.5,0.8571428571428571,0.0004
543,1.5626105070114136,1.4808276891708374,0.4423076923076923,0.8269230769230769,0.42857142857142855,0.8571428571428571,0.0004
544,1.52134770154953,1.5481340885162354,0.4807692307692308,0.8269230769230769,0.42857142857142855,0.8571428571428571,0.0004
545,1.5320255756378174,1.6159383058547974,0.40384615384615385,0.8269230769230769,0.35714285714285715,0.8571428571428571,0.0004
546,1.4484514594078064,1.6176133155822754,0.5,0.8269230769230769,0.42857142857142855,0.8571428571428571,0.0004
547,1.5178157091140747,1.6220941543579102,0.4807692307692308,0.8269230769230769,0.5714285714285714,0.8571428571428571,0.0004
548,1.5789543390274048,1.6664372682571411,0.5,0.8269230769230769,0.35714285714285715,0.8571428571428571,0.0004
549,1.5483759045600891,1.7562390565872192,0.4423076923076923,0.8269230769230769,0.2857142857142857,0.8571428571428571,0.0004
550,1.547744333744049,1.7649414539337158,0.4807692307692308,0.8269230769230769,0.35714285714285715,0.8571428571428571,0.0004
551,1.4784959554672241,1.623587965965271,0.5384615384615384,0.8269230769230769,0.5,0.8571428571428571,0.0004
552,1.5009538531303406,1.6321830749511719,0.5,0.8269230769230769,0.35714285714285715,0.8571428571428571,0.0004
553,1.4563624858856201,1.5929666757583618,0.5576923076923077,0.8269230769230769,0.42857142857142855,0.8571428571428571,0.0004
554,1.5178458094596863,1.564570665359497,0.5,0.8269230769230769,0.42857142857142855,0.8571428571428571,0.0004
555,1.5504912734031677,1.722931981086731,0.4807692307692308,0.8269230769230769,0.2857142857142857,0.8571428571428571,0.0004
556,1.4472410082817078,1.4747220277786255,0.5192307692307693,0.8269230769230769,0.35714285714285715,0.8571428571428571,0.0004
557,1.422928810119629,1.6077525615692139,0.5384615384615384,0.8269230769230769,0.35714285714285715,0.8571428571428571,0.0004
558,1.4139324426651,1.486311674118042,0.5192307692307693,0.8269230769230769,0.5,0.8571428571428571,0.0004
559,1.4834845066070557,1.7134989500045776,0.46153846153846156,0.8269230769230769,0.2857142857142857,0.8571428571428571,0.0004
560,1.4037341475486755,1.302643060684204,0.5192307692307693,0.8269230769230769,0.5714285714285714,0.8571428571428571,0.0004
561,1.4225049018859863,1.5322256088256836,0.5769230769230769,0.8269230769230769,0.5,0.8571428571428571,0.0004
562,1.391983449459076,1.4797346591949463,0.5961538461538461,0.8269230769230769,0.5714285714285714,0.8571428571428571,0.0004
563,1.4066824913024902,1.3681986331939697,0.4807692307692308,0.8269230769230769,0.5,0.8571428571428571,0.0004
564,1.4798925518989563,1.6234571933746338,0.5384615384615384,0.8269230769230769,0.2857142857142857,0.8571428571428571,0.0004
565,1.4476165175437927,1.3742308616638184,0.5,0.8269230769230769,0.5714285714285714,0.8571428571428571,0.0004
566,1.425341010093689,1.6744433641433716,0.5192307692307693,0.8269230769230769,0.35714285714285715,0.8571428571428571,0.0004
567,1.4836910963058472,1.512232780456543,0.4807692307692308,0.8269230769230769,0.21428571428571427,0.8571428571428571,0.0004
568,1.4235313534736633,1.5992777347564697,0.5,0.8269230769230769,0.42857142857142855,0.8571428571428571,0.0004
569,1.4323310852050781,1.3598712682724,0.5,0.8269230769230769,0.5,0.8571428571428571,0.0004
570,1.505739152431488,1.6020538806915283,0.4807692307692308,0.8269230769230769,0.2857142857142857,0.8571428571428571,0.0004
571,1.458452820777893,1.5109987258911133,0.4807692307692308,0.8269230769230769,0.35714285714285715,0.8571428571428571,0.0004
572,1.4998834729194641,1.4305399656295776,0.4807692307692308,0.8269230769230769,0.5,0.8571428571428571,0.0004
573,1.442977786064148,1.5622177124023438,0.46153846153846156,0.8269230769230769,0.35714285714285715,0.8571428571428571,0.0004
574,1.550375521183014,1.565833330154419,0.36538461538461536,0.8269230769230769,0.2857142857142857,0.8571428571428571,0.0004
575,1.443448781967163,1.3758786916732788,0.5,0.8269230769230769,0.5714285714285714,0.8571428571428571,0.0004
576,1.3773879408836365,1.4955652952194214,0.5384615384615384,0.8269230769230769,0.42857142857142855,0.8571428571428571,0.0004
577,1.4606876373291016,1.4410161972045898,0.4807692307692308,0.8269230769230769,0.2857142857142857,0.8571428571428571,0.0004
578,1.4835726022720337,1.4196667671203613,0.46153846153846156,0.8269230769230769,0.42857142857142855,0.8571428571428571,0.0004
579,1.4025475978851318,1.5058761835098267,0.5384615384615384,0.8269230769230769,0.21428571428571427,0.8571428571428571,0.0004
580,1.431149661540985,1.359839916229248,0.4807692307692308,0.8269230769230769,0.7142857142857143,0.8571428571428571,0.0004
581,1.5072834491729736,1.5278011560440063,0.4423076923076923,0.8269230769230769,0.35714285714285715,0.8571428571428571,0.0004
582,1.4269317388534546,1.4672361612319946,0.5,0.8269230769230769,0.35714285714285715,0.8571428571428571,0.0004
583,1.4400960206985474,1.489395260810852,0.5576923076923077,0.8269230769230769,0.35714285714285715,0.8571428571428571,0.0004
584,1.415522038936615,1.6002237796783447,0.6538461538461539,0.8269230769230769,0.35714285714285715,0.8571428571428571,0.0004
585,1.4146658182144165,1.6154857873916626,0.5384615384615384,0.8269230769230769,0.21428571428571427,0.8571428571428571,0.0004
586,1.4121199250221252,1.6185150146484375,0.4807692307692308,0.8269230769230769,0.35714285714285715,0.8571428571428571,0.0004
587,1.4137044548988342,1.6175689697265625,0.5,0.8269230769230769,0.35714285714285715,0.8571428571428571,0.0004
588,1.4278441071510315,1.5924766063690186,0.6346153846153846,0.8269230769230769,0.35714285714285715,0.8571428571428571,0.0004
589,1.4009374976158142,1.7201822996139526,0.5,0.8269230769230769,0.35714285714285715,0.8571428571428571,0.0004
590,1.3997153639793396,1.583843469619751,0.5769230769230769,0.8269230769230769,0.2857142857142857,0.8571428571428571,0.0004
591,1.440771460533142,1.6438199281692505,0.5769230769230769,0.8269230769230769,0.35714285714285715,0.8571428571428571,0.0004
592,1.5212551951408386,1.5045018196105957,0.46153846153846156,0.8269230769230769,0.5,0.8571428571428571,0.0004
593,1.511785089969635,1.3509268760681152,0.4807692307692308,0.8269230769230769,0.7142857142857143,0.8571428571428571,0.0004
594,1.3430842161178589,1.5199053287506104,0.5384615384615384,0.8269230769230769,0.42857142857142855,0.8571428571428571,0.0004
595,1.3723136186599731,1.477627158164978,0.5769230769230769,0.8269230769230769,0.5,0.8571428571428571,0.0004
596,1.371410608291626,1.5312259197235107,0.5,0.8269230769230769,0.5,0.8571428571428571,0.0004
597,1.4586405158042908,1.4011988639831543,0.5192307692307693,0.8269230769230769,0.42857142857142855,0.8571428571428571,0.0004
598,1.5523929595947266,1.5628114938735962,0.46153846153846156,0.8269230769230769,0.35714285714285715,0.8571428571428571,0.0004
599,1.349745273590088,1.4476852416992188,0.5384615384615384,0.8269230769230769,0.42857142857142855,0.8571428571428571,0.0004
600,1.4267760515213013,1.4428025484085083,0.5,0.8269230769230769,0.42857142857142855,0.8571428571428571,0.0004
601,1.376408040523529,1.3609706163406372,0.4807692307692308,0.8269230769230769,0.5714285714285714,0.8571428571428571,0.0004
602,1.404207170009613,1.4165111780166626,0.5192307692307693,0.8269230769230769,0.5714285714285714,0.8571428571428571,0.0004
603,1.3648865818977356,1.5693658590316772,0.5576923076923077,0.8269230769230769,0.21428571428571427,0.8571428571428571,0.0004
604,1.3811607956886292,1.5691217184066772,0.5192307692307693,0.8269230769230769,0.35714285714285715,0.8571428571428571,0.0004
605,1.3670517802238464,1.3988686800003052,0.5384615384615384,0.8269230769230769,0.42857142857142855,0.8571428571428571,0.0004
606,1.3856936693191528,1.4550011157989502,0.4807692307692308,0.8269230769230769,0.42857142857142855,0.8571428571428571,0.0004
607,1.4507795572280884,1.4898192882537842,0.4423076923076923,0.8269230769230769,0.42857142857142855,0.8571428571428571,0.0004
608,1.384790301322937,1.3911967277526855,0.5576923076923077,0.8269230769230769,0.35714285714285715,0.8571428571428571,0.0004
609,1.4307001233100891,1.5743924379348755,0.5192307692307693,0.8269230769230769,0.2857142857142857,0.8571428571428571,0.0004
610,1.4376980066299438,1.4530763626098633,0.4423076923076923,0.8269230769230769,0.2857142857142857,0.8571428571428571,0.0004
611,1.3213528990745544,1.4071722030639648,0.5384615384615384,0.8269230769230769,0.35714285714285715,0.8571428571428571,0.0004
612,1.5067847967147827,1.2736142873764038,0.4423076923076923,0.8269230769230769,0.6428571428571429,0.8571428571428571,0.0004
613,1.4182344675064087,1.2164888381958008,0.5192307692307693,0.8269230769230769,0.7142857142857143,0.8571428571428571,0.0004
614,1.3622621893882751,1.5062015056610107,0.5384615384615384,0.8269230769230769,0.42857142857142855,0.8571428571428571,0.0004
615,1.3097997307777405,1.6992642879486084,0.5576923076923077,0.8269230769230769,0.21428571428571427,0.8571428571428571,0.0004
616,1.37607342004776,1.3679780960083008,0.5384615384615384,0.8269230769230769,0.5,0.8571428571428571,0.0004
617,1.336544156074524,1.4071629047393799,0.5192307692307693,0.8269230769230769,0.5,0.8571428571428571,0.0004
618,1.4006341099739075,1.3928089141845703,0.5192307692307693,0.8269230769230769,0.5,0.8571428571428571,0.0004
619,1.3817488551139832,1.3426915407180786,0.5384615384615384,0.8269230769230769,0.5714285714285714,0.8571428571428571,0.0004
620,1.428695559501648,1.7291001081466675,0.5,0.8269230769230769,0.35714285714285715,0.8571428571428571,0.0004
621,1.4404106140136719,1.5074477195739746,0.5192307692307693,0.8269230769230769,0.2857142857142857,0.8571428571428571,0.0004
622,1.2753933668136597,1.5167276859283447,0.5769230769230769,0.8269230769230769,0.5714285714285714,0.8571428571428571,0.0004
623,1.3153393864631653,1.4580316543579102,0.5769230769230769,0.8269230769230769,0.35714285714285715,0.8571428571428571,0.0004
624,1.3185017108917236,1.509758472442627,0.4807692307692308,0.8269230769230769,0.35714285714285715,0.8571428571428571,0.0004
625,1.2884082794189453,1.2784539461135864,0.5961538461538461,0.8269230769230769,0.5714285714285714,0.8571428571428571,0.0004
626,1.4727727174758911,1.4239317178726196,0.5,0.8269230769230769,0.42857142857142855,0.8571428571428571,0.0004
627,1.467761754989624,1.3714137077331543,0.4423076923076923,0.8269230769230769,0.5,0.8571428571428571,0.0004
628,1.397463321685791,1.4315322637557983,0.5192307692307693,0.8269230769230769,0.42857142857142855,0.8571428571428571,0.0004
629,1.3916849493980408,1.6323639154434204,0.5192307692307693,0.8269230769230769,0.2857142857142857,0.8571428571428571,0.0004
630,1.3727600574493408,1.5270299911499023,0.5961538461538461,0.8269230769230769,0.2857142857142857,0.8571428571428571,0.0004
631,1.3831075429916382,1.5436174869537354,0.46153846153846156,0.8269230769230769,0.2857142857142857,0.8571428571428571,0.0004
632,1.3360878229141235,1.4318068027496338,0.5384615384615384,0.8269230769230769,0.42857142857142855,0.8571428571428571,0.0004
633,1.3170019388198853,1.5330500602722168,0.5384615384615384,0.8269230769230769,0.5,0.8571428571428571,0.0004
634,1.412951111793518,1.3316802978515625,0.5,0.8269230769230769,0.5714285714285714,0.8571428571428571,0.0004
635,1.451637327671051,1.451187252998352,0.46153846153846156,0.8269230769230769,0.5,0.8571428571428571,0.0004
636,1.2927502393722534,1.6080577373504639,0.5961538461538461,0.8269230769230769,0.21428571428571427,0.8571428571428571,0.0004
637,1.4804471731185913,1.3957858085632324,0.5192307692307693,0.8269230769230769,0.6428571428571429,0.8571428571428571,0.0004
638,1.3299750089645386,1.5898605585098267,0.5192307692307693,0.8269230769230769,0.42857142857142855,0.8571428571428571,0.0004
639,1.3367270231246948,1.4923983812332153,0.5961538461538461,0.8269230769230769,0.5,0.8571428571428571,0.0004
640,1.3514235615730286,1.4148216247558594,0.5769230769230769,0.8269230769230769,0.6428571428571429,0.8571428571428571,0.0004
641,1.302539348602295,1.6114370822906494,0.5769230769230769,0.8269230769230769,0.35714285714285715,0.8571428571428571,0.0004
642,1.3532471060752869,1.4872324466705322,0.5769230769230769,0.8269230769230769,0.5,0.8571428571428571,0.0004
643,1.4699320197105408,1.5313512086868286,0.4423076923076923,0.8269230769230769,0.42857142857142855,0.8571428571428571,0.0004
644,1.3267817497253418,1.740766167640686,0.5769230769230769,0.8269230769230769,0.21428571428571427,0.8571428571428571,0.0004
645,1.4035289287567139,1.470085859298706,0.5192307692307693,0.8269230769230769,0.5714285714285714,0.8571428571428571,0.0004
646,1.407343327999115,1.737533450126648,0.5961538461538461,0.8269230769230769,0.21428571428571427,0.8571428571428571,0.0004
647,1.4034978747367859,1.5277422666549683,0.6153846153846154,0.8269230769230769,0.35714285714285715,0.8571428571428571,0.0004
648,1.3450996279716492,1.5566387176513672,0.5769230769230769,0.8269230769230769,0.35714285714285715,0.8571428571428571,0.0004
649,1.2873835563659668,1.5212373733520508,0.5961538461538461,0.8269230769230769,0.2857142857142857,0.8571428571428571,0.0004
650,1.306824505329132,1.7139822244644165,0.5576923076923077,0.8269230769230769,0.42857142857142855,0.8571428571428571,0.0004
651,1.3905773758888245,1.6035583019256592,0.5192307692307693,0.8269230769230769,0.42857142857142855,0.8571428571428571,0.0004
652,1.357433557510376,1.4619343280792236,0.46153846153846156,0.8269230769230769,0.5,0.8571428571428571,0.0004
653,1.3317933678627014,1.5124084949493408,0.4423076923076923,0.8269230769230769,0.35714285714285715,0.8571428571428571,0.0004
654,1.2441688179969788,1.7641396522521973,0.5576923076923077,0.8269230769230769,0.2857142857142857,0.8571428571428571,0.0004
655,1.344026803970337,1.2728309631347656,0.46153846153846156,0.8269230769230769,0.7142857142857143,0.8571428571428571,0.0004
656,1.3811089396476746,1.3610199689865112,0.4807692307692308,0.8269230769230769,0.5714285714285714,0.8571428571428571,0.0004
657,1.406028151512146,1.4797691106796265,0.4807692307692308,0.8269230769230769,0.5,0.8571428571428571,0.0004
658,1.4158565402030945,1.2679592370986938,0.4423076923076923,0.8269230769230769,0.6428571428571429,0.8571428571428571,0.0004
659,1.224519431591034,1.3900084495544434,0.6346153846153846,0.8269230769230769,0.42857142857142855,0.8571428571428571,0.0004
660,1.3097310066223145,1.29865562915802,0.5961538461538461,0.8269230769230769,0.7142857142857143,0.8571428571428571,0.0004
661,1.381681501865387,1.3435986042022705,0.4807692307692308,0.8269230769230769,0.6428571428571429,0.8571428571428571,0.0004
662,1.4141457080841064,1.7217695713043213,0.4230769230769231,0.8269230769230769,0.2857142857142857,0.8571428571428571,0.0004
663,1.480144441127777,1.7345813512802124,0.46153846153846156,0.8269230769230769,0.2857142857142857,0.8571428571428571,0.0004
664,1.2901251316070557,1.317528486251831,0.6153846153846154,0.8269230769230769,0.6428571428571429,0.8571428571428571,0.0004
665,1.4445149898529053,1.383910894393921,0.46153846153846156,0.8269230769230769,0.6428571428571429,0.8571428571428571,0.0004
666,1.4043388962745667,1.7363137006759644,0.38461538461538464,0.8269230769230769,0.2857142857142857,0.8571428571428571,0.0004
667,1.3881769180297852,1.481247067451477,0.5,0.8269230769230769,0.42857142857142855,0.8571428571428571,0.0004
668,1.3838469982147217,1.4308427572250366,0.4807692307692308,0.8269230769230769,0.42857142857142855,0.8571428571428571,0.0004
669,1.3835968971252441,1.2557624578475952,0.4807692307692308,0.8269230769230769,0.7142857142857143,0.8571428571428571,0.0004
670,1.4455183744430542,1.579235315322876,0.5192307692307693,0.8269230769230769,0.5,0.8571428571428571,0.0004
671,1.2724734544754028,1.405766487121582,0.6538461538461539,0.8269230769230769,0.5714285714285714,0.8571428571428571,0.0004
672,1.4287530779838562,1.585496425628662,0.4807692307692308,0.8269230769230769,0.35714285714285715,0.8571428571428571,0.0004
673,1.3919808864593506,1.4781084060668945,0.5192307692307693,0.8269230769230769,0.42857142857142855,0.8571428571428571,0.0004
674,1.4335426092147827,1.3870110511779785,0.5576923076923077,0.8269230769230769,0.35714285714285715,0.8571428571428571,0.0004
675,1.4021828770637512,1.4013363122940063,0.5384615384615384,0.8269230769230769,0.5,0.8571428571428571,0.0004
676,1.2812594175338745,1.4289640188217163,0.5576923076923077,0.8269230769230769,0.42857142857142855,0.8571428571428571,0.0004
677,1.4124435186386108,1.179884433746338,0.5,0.8269230769230769,0.7142857142857143,0.8571428571428571,0.0004
678,1.2993844747543335,1.775210976600647,0.5576923076923077,0.8269230769230769,0.2857142857142857,0.8571428571428571,0.0004
679,1.3159651160240173,1.6170326471328735,0.5576923076923077,0.8269230769230769,0.42857142857142855,0.8571428571428571,0.0004
680,1.368835210800171,1.5976848602294922,0.5769230769230769,0.8269230769230769,0.35714285714285715,0.8571428571428571,0.0004
681,1.3885166645050049,1.4183354377746582,0.5576923076923077,0.8269230769230769,0.5,0.8571428571428571,0.0004
682,1.3460807800292969,1.1461219787597656,0.5769230769230769,0.8269230769230769,0.7857142857142857,0.8571428571428571,0.0004
683,1.289547085762024,1.7118580341339111,0.6346153846153846,0.8269230769230769,0.35714285714285715,0.8571428571428571,0.0004
684,1.4242903590202332,1.2964277267456055,0.5384615384615384,0.8269230769230769,0.5714285714285714,0.8571428571428571,0.0004
685,1.290713608264923,1.4734313488006592,0.6346153846153846,0.8269230769230769,0.5,0.8571428571428571,0.0004
686,1.2762476801872253,1.30024254322052,0.6153846153846154,0.8269230769230769,0.6428571428571429,0.8571428571428571,0.0004
687,1.3178819417953491,1.2704033851623535,0.5192307692307693,0.8269230769230769,0.5714285714285714,0.8571428571428571,0.0004
688,1.2916757464408875,1.336237907409668,0.5576923076923077,0.8269230769230769,0.6428571428571429,0.8571428571428571,0.0004
689,1.4327029585838318,1.365625023841858,0.5384615384615384,0.8269230769230769,0.5,0.8571428571428571,0.0004
690,1.3550174236297607,1.2524242401123047,0.5,0.8269230769230769,0.5714285714285714,0.8571428571428571,0.0004
691,1.3085285425186157,1.4590084552764893,0.6153846153846154,0.8269230769230769,0.42857142857142855,0.8571428571428571,0.0004
692,1.3796321749687195,1.2808409929275513,0.4807692307692308,0.8269230769230769,0.5714285714285714,0.8571428571428571,0.0004
693,1.436631202697754,1.2660661935806274,0.4423076923076923,0.8269230769230769,0.6428571428571429,0.8571428571428571,0.0004
694,1.3283711671829224,1.4130377769470215,0.6346153846153846,0.8269230769230769,0.42857142857142855,0.8571428571428571,0.0004
695,1.1939796805381775,1.6628575325012207,0.75,0.8269230769230769,0.35714285714285715,0.8571428571428571,0.0004
696,1.29568350315094,1.582689642906189,0.5576923076923077,0.8269230769230769,0.35714285714285715,0.8571428571428571,0.0004
697,1.4808279275894165,1.3775148391723633,0.5192307692307693,0.8269230769230769,0.5714285714285714,0.8571428571428571,0.0004
698,1.4030406475067139,1.498055338859558,0.5961538461538461,0.8269230769230769,0.42857142857142855,0.8571428571428571,0.0004
699,1.4729660153388977,1.738133192062378,0.5576923076923077,0.8269230769230769,0.35714285714285715,0.8571428571428571,0.0004
700,1.4295393228530884,1.3993993997573853,0.5,0.8269230769230769,0.5714285714285714,0.8571428571428571,0.0004
701,1.3713449835777283,1.5403002500534058,0.5769230769230769,0.8269230769230769,0.42857142857142855,0.8571428571428571,0.0004
702,1.3130463361740112,1.2353456020355225,0.6153846153846154,0.8269230769230769,0.6428571428571429,0.8571428571428571,0.0004
703,1.3898346424102783,1.3784542083740234,0.5769230769230769,0.8269230769230769,0.5,0.8571428571428571,0.0004
704,1.5119499564170837,1.4881647825241089,0.4423076923076923,0.8269230769230769,0.5,0.8571428571428571,0.0004
705,1.3955605030059814,1.588260293006897,0.5384615384615384,0.8269230769230769,0.42857142857142855,0.8571428571428571,0.0004
706,1.4284203052520752,1.5556106567382812,0.5576923076923077,0.8269230769230769,0.42857142857142855,0.8571428571428571,0.0004
707,1.4163814783096313,1.4865360260009766,0.6538461538461539,0.8269230769230769,0.42857142857142855,0.8571428571428571,0.0004
708,1.311238408088684,1.3422883749008179,0.5769230769230769,0.8269230769230769,0.5,0.8571428571428571,0.0004
709,1.4475428462028503,1.466009497642517,0.5,0.8269230769230769,0.5714285714285714,0.8571428571428571,0.0004
710,1.4470099210739136,1.561869740486145,0.5384615384615384,0.8269230769230769,0.2857142857142857,0.8571428571428571,0.0004
711,1.3749402165412903,1.3536856174468994,0.5,0.8269230769230769,0.5714285714285714,0.8571428571428571,0.0004
712,1.4473586678504944,1.6177000999450684,0.5192307692307693,0.8269230769230769,0.2857142857142857,0.8571428571428571,0.0004
713,1.341861367225647,1.405904769897461,0.5384615384615384,0.8269230769230769,0.42857142857142855,0.8571428571428571,0.0004
714,1.4616260528564453,1.4043147563934326,0.5384615384615384,0.8269230769230769,0.5,0.8571428571428571,0.0004
715,1.416618824005127,1.3551173210144043,0.5384615384615384,0.8269230769230769,0.5714285714285714,0.8571428571428571,0.0004
716,1.2456284761428833,1.2013967037200928,0.5576923076923077,0.8269230769230769,0.7142857142857143,0.8571428571428571,0.0004
717,1.3680028319358826,1.2745718955993652,0.6346153846153846,0.8269230769230769,0.5714285714285714,0.8571428571428571,0.0004
718,1.2532812356948853,1.2946280241012573,0.7115384615384616,0.8269230769230769,0.5,0.8571428571428571,0.0004
719,1.3702090382575989,1.352816104888916,0.5384615384615384,0.8269230769230769,0.42857142857142855,0.8571428571428571,0.0004
720,1.2942669987678528,1.3150469064712524,0.5961538461538461,0.8269230769230769,0.5,0.8571428571428571,0.0004
721,1.3677395582199097,1.3440170288085938,0.5961538461538461,0.8269230769230769,0.5714285714285714,0.8571428571428571,0.0004
722,1.3148295879364014,1.4066451787948608,0.5192307692307693,0.8269230769230769,0.5,0.8571428571428571,0.0004
723,1.499142825603485,1.6571310758590698,0.46153846153846156,0.8269230769230769,0.35714285714285715,0.8571428571428571,0.0004
724,1.3779711723327637,1.5348000526428223,0.46153846153846156,0.8269230769230769,0.42857142857142855,0.8571428571428571,0.0004
725,1.3686635494232178,1.8316065073013306,0.5961538461538461,0.8269230769230769,0.2857142857142857,0.8571428571428571,0.0004
726,1.2054489254951477,1.527176856994629,0.7307692307692307,0.8269230769230769,0.5,0.8571428571428571,0.0004
727,1.3738882541656494,1.675428867340088,0.5961538461538461,0.8269230769230769,0.42857142857142855,0.8571428571428571,0.0004
728,1.2734350562095642,1.588602900505066,0.5961538461538461,0.8269230769230769,0.42857142857142855,0.8571428571428571,0.0004
729,1.2972461581230164,1.5714397430419922,0.6346153846153846,0.8269230769230769,0.42857142857142855,0.8571428571428571,0.0004
730,1.286226511001587,1.2011946439743042,0.6153846153846154,0.8269230769230769,0.7142857142857143,0.8571428571428571,0.0004
731,1.428419828414917,1.5844488143920898,0.5,0.8269230769230769,0.5,0.8571428571428571,0.0004
732,1.3930079936981201,1.5441123247146606,0.4807692307692308,0.8269230769230769,0.42857142857142855,0.8571428571428571,0.0004
733,1.3355700969696045,1.4553192853927612,0.5769230769230769,0.8269230769230769,0.5,0.8571428571428571,0.0004
734,1.3240060210227966,1.4467554092407227,0.5384615384615384,0.8269230769230769,0.42857142857142855,0.8571428571428571,0.0004
735,1.260507881641388,1.389963150024414,0.6538461538461539,0.8269230769230769,0.42857142857142855,0.8571428571428571,0.0004
736,1.3279906511306763,1.2726635932922363,0.6153846153846154,0.8269230769230769,0.5714285714285714,0.8571428571428571,0.0004
737,1.3692457675933838,1.5220946073532104,0.5769230769230769,0.8269230769230769,0.42857142857142855,0.8571428571428571,0.0004
738,1.3632877469062805,1.4735552072525024,0.5961538461538461,0.8269230769230769,0.5714285714285714,0.8571428571428571,0.0004
739,1.376068890094757,1.3557815551757812,0.5384615384615384,0.8269230769230769,0.5,0.8571428571428571,0.0004
740,1.3923296928405762,1.4416675567626953,0.5,0.8269230769230769,0.5,0.8571428571428571,0.0004
741,1.3743262887001038,1.4702770709991455,0.4807692307692308,0.8269230769230769,0.42857142857142855,0.8571428571428571,0.0004
742,1.2745190262794495,1.3664711713790894,0.6153846153846154,0.8269230769230769,0.42857142857142855,0.8571428571428571,0.0004
743,1.422663688659668,1.5292613506317139,0.5192307692307693,0.8269230769230769,0.42857142857142855,0.8571428571428571,0.0004
744,1.3596251010894775,1.1553874015808105,0.5384615384615384,0.8269230769230769,0.7857142857142857,0.8571428571428571,0.0004
745,1.2607671022415161,1.394309163093567,0.5961538461538461,0.8269230769230769,0.5,0.8571428571428571,0.0004
746,1.2433440685272217,1.5481467247009277,0.6923076923076923,0.8269230769230769,0.35714285714285715,0.8571428571428571,0.0004
747,1.4572676420211792,1.5573630332946777,0.46153846153846156,0.8269230769230769,0.42857142857142855,0.8571428571428571,0.0004
748,1.2995930314064026,1.5363117456436157,0.5576923076923077,0.8269230769230769,0.42857142857142855,0.8571428571428571,0.0004
749,1.3769167065620422,1.1747297048568726,0.6346153846153846,0.8269230769230769,0.5714285714285714,0.8571428571428571,0.0004
750,1.4450531601905823,1.7322124242782593,0.5384615384615384,0.8269230769230769,0.35714285714285715,0.8571428571428571,0.0004
751,1.376992106437683,1.6554937362670898,0.4807692307692308,0.8269230769230769,0.35714285714285715,0.8571428571428571,0.0004
752,1.2840924263000488,1.2985767126083374,0.6153846153846154,0.8269230769230769,0.5714285714285714,0.8571428571428571,0.0004
753,1.3115562796592712,1.5529898405075073,0.5576923076923077,0.8269230769230769,0.42857142857142855,0.8571428571428571,0.0004
754,1.3911606073379517,1.383182406425476,0.5192307692307693,0.8269230769230769,0.5714285714285714,0.8571428571428571,0.0004
755,1.4696391820907593,1.5144298076629639,0.4807692307692308,0.8269230769230769,0.5714285714285714,0.8571428571428571,0.0004
756,1.3796439170837402,1.1993930339813232,0.5384615384615384,0.8269230769230769,0.7142857142857143,0.8571428571428571,0.0004
757,1.3296836614608765,1.3568432331085205,0.6346153846153846,0.8269230769230769,0.5714285714285714,0.8571428571428571,0.0004
758,1.2474945187568665,1.222664713859558,0.6730769230769231,0.8269230769230769,0.6428571428571429,0.8571428571428571,0.0004
759,1.3730132579803467,1.3155306577682495,0.6153846153846154,0.8269230769230769,0.5714285714285714,0.8571428571428571,0.0004
760,1.4453689455986023,1.525355577468872,0.46153846153846156,0.8269230769230769,0.42857142857142855,0.8571428571428571,0.0004
761,1.288619041442871,1.4693989753723145,0.6153846153846154,0.8269230769230769,0.42857142857142855,0.8571428571428571,0.0004
762,1.2973449230194092,1.7757964134216309,0.5961538461538461,0.8269230769230769,0.21428571428571427,0.8571428571428571,0.0004
763,1.2034549117088318,1.3864296674728394,0.6346153846153846,0.8269230769230769,0.5,0.8571428571428571,0.0004
764,1.308221161365509,1.132717251777649,0.6346153846153846,0.8269230769230769,0.7142857142857143,0.8571428571428571,0.0004
765,1.231889545917511,1.6484549045562744,0.5769230769230769,0.8269230769230769,0.35714285714285715,0.8571428571428571,0.0004
766,1.3208147287368774,1.3630619049072266,0.5961538461538461,0.8269230769230769,0.6428571428571429,0.8571428571428571,0.0004
767,1.2580662965774536,1.2611441612243652,0.6538461538461539,0.8269230769230769,0.6428571428571429,0.8571428571428571,0.0004
768,1.2764775156974792,1.4228546619415283,0.5576923076923077,0.8269230769230769,0.42857142857142855,0.8571428571428571,0.0004
769,1.2267120480537415,1.693662405014038,0.6346153846153846,0.8269230769230769,0.2857142857142857,0.8571428571428571,0.0004
770,1.3198750019073486,1.5899032354354858,0.5769230769230769,0.8269230769230769,0.35714285714285715,0.8571428571428571,0.0004
771,1.362291693687439,1.3833353519439697,0.5384615384615384,0.8269230769230769,0.5714285714285714,0.8571428571428571,0.0004
772,1.314213514328003,1.425998568534851,0.5961538461538461,0.8269230769230769,0.5,0.8571428571428571,0.0004
773,1.2679715156555176,1.2550890445709229,0.6346153846153846,0.8269230769230769,0.6428571428571429,0.8571428571428571,0.0004
774,1.2607952952384949,1.4940624237060547,0.6538461538461539,0.8269230769230769,0.5,0.8571428571428571,0.0004
775,1.3517268896102905,1.6036494970321655,0.5576923076923077,0.8269230769230769,0.35714285714285715,0.8571428571428571,0.0004
776,1.4343467950820923,1.6378331184387207,0.5192307692307693,0.8269230769230769,0.35714285714285715,0.8571428571428571,0.0004
777,1.3589442372322083,1.850662350654602,0.5384615384615384,0.8269230769230769,0.35714285714285715,0.8571428571428571,0.0004
778,1.3695569038391113,1.234464168548584,0.5576923076923077,0.8269230769230769,0.5714285714285714,0.8571428571428571,0.0004
779,1.3765262365341187,1.4578649997711182,0.5576923076923077,0.8269230769230769,0.5,0.8571428571428571,0.0004
780,1.3506428599357605,1.489856481552124,0.5,0.8269230769230769,0.42857142857142855,0.8571428571428571,0.0004
781,1.300866425037384,1.4830071926116943,0.5576923076923077,0.8269230769230769,0.42857142857142855,0.8571428571428571,0.0004
782,1.4814372658729553,1.4393112659454346,0.5,0.8269230769230769,0.5,0.8571428571428571,0.0004
783,1.3045589327812195,1.5559406280517578,0.5961538461538461,0.8269230769230769,0.35714285714285715,0.8571428571428571,0.0004
784,1.2468103766441345,1.3054587841033936,0.5384615384615384,0.8269230769230769,0.5,0.8571428571428571,0.0004
785,1.363382339477539,1.318429946899414,0.5384615384615384,0.8269230769230769,0.5714285714285714,0.8571428571428571,0.0004
786,1.3069689273834229,1.2731716632843018,0.5769230769230769,0.8269230769230769,0.5714285714285714,0.8571428571428571,0.0004
787,1.5043858289718628,1.1599005460739136,0.46153846153846156,0.8269230769230769,0.5714285714285714,0.8571428571428571,0.0004
788,1.2451143264770508,1.625744342803955,0.5961538461538461,0.8269230769230769,0.5,0.8571428571428571,0.0004
789,1.2653533220291138,1.797601580619812,0.5769230769230769,0.8269230769230769,0.21428571428571427,0.8571428571428571,0.0004
790,1.2285484075546265,1.3032606840133667,0.5769230769230769,0.8269230769230769,0.5,0.8571428571428571,0.0004
791,1.2781609892845154,1.5016529560089111,0.6346153846153846,0.8269230769230769,0.42857142857142855,0.8571428571428571,0.0004
792,1.280813217163086,1.2951017618179321,0.6538461538461539,0.8269230769230769,0.5714285714285714,0.8571428571428571,0.0004
793,1.3199523091316223,1.5037593841552734,0.5769230769230769,0.8269230769230769,0.5,0.8571428571428571,0.0004
794,1.2327638864517212,1.3728983402252197,0.5961538461538461,0.8269230769230769,0.5,0.8571428571428571,0.0004
795,1.493058979511261,1.6176674365997314,0.46153846153846156,0.8269230769230769,0.35714285714285715,0.8571428571428571,0.0004
796,1.2751012444496155,1.5350868701934814,0.5576923076923077,0.8269230769230769,0.5714285714285714,0.8571428571428571,0.0004
797,1.2932187914848328,1.4403700828552246,0.5769230769230769,0.8269230769230769,0.5714285714285714,0.8571428571428571,0.0004
798,1.3809524178504944,1.5306402444839478,0.5576923076923077,0.8269230769230769,0.5,0.8571428571428571,0.0004
799,1.383575975894928,1.33417809009552,0.5769230769230769,0.8269230769230769,0.6428571428571429,0.8571428571428571,0.0004
800,1.3361952304840088,1.4248781204223633,0.5961538461538461,0.8269230769230769,0.6428571428571429,0.8571428571428571,0.0004
801,1.3193987607955933,1.2204058170318604,0.6153846153846154,0.8269230769230769,0.7142857142857143,0.8571428571428571,0.0004
802,1.2608774304389954,1.5319950580596924,0.5192307692307693,0.8269230769230769,0.5,0.8571428571428571,0.0004
803,1.3774014115333557,1.5576868057250977,0.4807692307692308,0.8269230769230769,0.5,0.8571428571428571,0.0004
804,1.4805811047554016,1.5652153491973877,0.5,0.8269230769230769,0.5,0.8571428571428571,0.0004
805,1.520110845565796,1.4284424781799316,0.5,0.8269230769230769,0.6428571428571429,0.8571428571428571,0.0004
806,1.4835509061813354,1.5869941711425781,0.5,0.8269230769230769,0.35714285714285715,0.8571428571428571,0.0004
807,1.3430675268173218,1.7329511642456055,0.5,0.8269230769230769,0.2857142857142857,0.8571428571428571,0.0004
808,1.4085668921470642,1.5736054182052612,0.5769230769230769,0.8269230769230769,0.42857142857142855,0.8571428571428571,0.0004
809,1.4221165776252747,1.735710859298706,0.6153846153846154,0.8269230769230769,0.2857142857142857,0.8571428571428571,0.0004
810,1.4154750108718872,1.5426748991012573,0.4423076923076923,0.8269230769230769,0.5,0.8571428571428571,0.0004
811,1.4772893786430359,1.36256742477417,0.4807692307692308,0.8269230769230769,0.6428571428571429,0.8571428571428571,0.0004
812,1.4415562152862549,1.4150863885879517,0.5,0.8269230769230769,0.42857142857142855,0.8571428571428571,0.0004
813,1.4576084613800049,1.4970941543579102,0.46153846153846156,0.8269230769230769,0.42857142857142855,0.8571428571428571,0.0004
814,1.442350685596466,1.4137840270996094,0.4807692307692308,0.8269230769230769,0.42857142857142855,0.8571428571428571,0.0004
815,1.5487072467803955,1.5774486064910889,0.4423076923076923,0.8269230769230769,0.35714285714285715,0.8571428571428571,0.0004
816,1.4365059733390808,1.4481494426727295,0.46153846153846156,0.8269230769230769,0.5,0.8571428571428571,0.0004
817,1.3787437677383423,1.400670051574707,0.5,0.8269230769230769,0.42857142857142855,0.8571428571428571,0.0004
818,1.5254687070846558,1.463078260421753,0.40384615384615385,0.8269230769230769,0.35714285714285715,0.8571428571428571,0.0004
819,1.3202545642852783,1.3415961265563965,0.5384615384615384,0.8269230769230769,0.35714285714285715,0.8571428571428571,0.0004
820,1.4001039266586304,1.454215168952942,0.46153846153846156,0.8269230769230769,0.5,0.8571428571428571,0.0004
821,1.3273966312408447,1.643630862236023,0.5384615384615384,0.8269230769230769,0.2857142857142857,0.8571428571428571,0.0004
822,1.4136226177215576,1.3565223217010498,0.4807692307692308,0.8269230769230769,0.42857142857142855,0.8571428571428571,0.0004
823,1.4174411296844482,1.3511509895324707,0.34615384615384615,0.8269230769230769,0.5,0.8571428571428571,0.0004
824,1.4348121285438538,1.3298776149749756,0.46153846153846156,0.8269230769230769,0.5,0.8571428571428571,0.0004
825,1.428657352924347,1.2570629119873047,0.5192307692307693,0.8269230769230769,0.5714285714285714,0.8571428571428571,0.0004
826,1.4889074563980103,1.4005963802337646,0.4423076923076923,0.8269230769230769,0.5,0.8571428571428571,0.0004
827,1.307432234287262,1.2863785028457642,0.5384615384615384,0.8269230769230769,0.6428571428571429,0.8571428571428571,0.0004
828,1.3396374583244324,1.4248065948486328,0.5576923076923077,0.8269230769230769,0.5,0.8571428571428571,0.0004
829,1.3115423321723938,1.4480705261230469,0.5576923076923077,0.8269230769230769,0.42857142857142855,0.8571428571428571,0.0004
830,1.432120442390442,1.4714739322662354,0.5192307692307693,0.8269230769230769,0.5,0.8571428571428571,0.0004
831,1.5451433658599854,1.49406898021698,0.4807692307692308,0.8269230769230769,0.35714285714285715,0.8571428571428571,0.0004
832,1.453678846359253,1.3924366235733032,0.4807692307692308,0.8269230769230769,0.35714285714285715,0.8571428571428571,0.0004
833,1.429082453250885,1.311486840248108,0.4423076923076923,0.8269230769230769,0.35714285714285715,0.8571428571428571,0.0004
834,1.4331002235412598,1.6361136436462402,0.5,0.8269230769230769,0.2857142857142857,0.8571428571428571,0.0004
835,1.4535202383995056,1.5005077123641968,0.4423076923076923,0.8269230769230769,0.35714285714285715,0.8571428571428571,0.0004
836,1.3296841382980347,1.382855772972107,0.5192307692307693,0.8269230769230769,0.42857142857142855,0.8571428571428571,0.0004
837,1.3263943791389465,1.3960084915161133,0.5384615384615384,0.8269230769230769,0.5,0.8571428571428571,0.0004
838,1.4087985157966614,1.407117247581482,0.5,0.8269230769230769,0.5,0.8571428571428571,0.0004
839,1.4654667377471924,1.2655220031738281,0.4807692307692308,0.8269230769230769,0.6428571428571429,0.8571428571428571,0.0004
840,1.469182550907135,1.4246139526367188,0.5384615384615384,0.8269230769230769,0.42857142857142855,0.8571428571428571,0.0004
841,1.3259363174438477,1.6141979694366455,0.5576923076923077,0.8269230769230769,0.2857142857142857,0.8571428571428571,0.0004
842,1.292077124118805,1.4218164682388306,0.6153846153846154,0.8269230769230769,0.5,0.8571428571428571,0.0004
843,1.2832925915718079,1.463705062866211,0.5769230769230769,0.8269230769230769,0.42857142857142855,0.8571428571428571,0.0004
844,1.268332064151764,1.3789794445037842,0.5384615384615384,0.8269230769230769,0.42857142857142855,0.8571428571428571,0.0004
845,1.3029194474220276,1.3289563655853271,0.5192307692307693,0.8269230769230769,0.5,0.8571428571428571,0.0004
846,1.4082375764846802,1.4435203075408936,0.4423076923076923,0.8269230769230769,0.5,0.8571428571428571,0.0004
847,1.6154065132141113,1.3110191822052002,0.4230769230769231,0.8269230769230769,0.5714285714285714,0.8571428571428571,0.0004
848,1.3832978010177612,1.5440032482147217,0.5384615384615384,0.8269230769230769,0.2857142857142857,0.8571428571428571,0.0004
849,1.330307126045227,1.5409770011901855,0.5192307692307693,0.8269230769230769,0.35714285714285715,0.8571428571428571,0.0004
850,1.5094587206840515,1.334670066833496,0.4807692307692308,0.8269230769230769,0.5,0.8571428571428571,0.0004
851,1.3341328501701355,1.6194201707839966,0.5384615384615384,0.8269230769230769,0.35714285714285715,0.8571428571428571,0.0004
852,1.3447736501693726,1.3530503511428833,0.5384615384615384,0.8269230769230769,0.5714285714285714,0.8571428571428571,0.0004
853,1.3771268129348755,1.286304235458374,0.5961538461538461,0.8269230769230769,0.5714285714285714,0.8571428571428571,0.0004
854,1.2714755535125732,1.2531414031982422,0.5961538461538461,0.8269230769230769,0.5714285714285714,0.8571428571428571,0.0004
855,1.3181283473968506,1.4349515438079834,0.5769230769230769,0.8269230769230769,0.42857142857142855,0.8571428571428571,0.0004
856,1.4094228744506836,1.3640787601470947,0.5192307692307693,0.8269230769230769,0.6428571428571429,0.8571428571428571,0.0004
857,1.385966181755066,1.619995355606079,0.5769230769230769,0.8269230769230769,0.42857142857142855,0.8571428571428571,0.0004
858,1.4194574356079102,1.5615324974060059,0.5384615384615384,0.8269230769230769,0.42857142857142855,0.8571428571428571,0.0004
859,1.3529176115989685,1.5266934633255005,0.6346153846153846,0.8269230769230769,0.5,0.8571428571428571,0.0004
860,1.451679527759552,1.5818076133728027,0.5,0.8269230769230769,0.5,0.8571428571428571,0.0004
861,1.522825300693512,1.5772799253463745,0.4423076923076923,0.8269230769230769,0.5,0.8571428571428571,0.0004
862,1.4870948791503906,1.484505534172058,0.5192307692307693,0.8269230769230769,0.42857142857142855,0.8571428571428571,0.0004
863,1.3170567154884338,1.6567115783691406,0.5769230769230769,0.8269230769230769,0.2857142857142857,0.8571428571428571,0.0004
864,1.3333944082260132,1.405451774597168,0.5576923076923077,0.8269230769230769,0.5,0.8571428571428571,0.0004
865,1.5027934312820435,1.4632021188735962,0.4807692307692308,0.8269230769230769,0.42857142857142855,0.8571428571428571,0.0004
866,1.3857277631759644,1.453086495399475,0.5769230769230769,0.8269230769230769,0.42857142857142855,0.8571428571428571,0.0004
867,1.2661583423614502,1.3495875597000122,0.5384615384615384,0.8269230769230769,0.5,0.8571428571428571,0.0004
868,1.4956080913543701,1.4658081531524658,0.4230769230769231,0.8269230769230769,0.5,0.8571428571428571,0.0004
869,1.279505431652069,1.2842360734939575,0.5769230769230769,0.8269230769230769,0.5714285714285714,0.8571428571428571,0.0004
870,1.376691460609436,1.3308676481246948,0.4807692307692308,0.8269230769230769,0.42857142857142855,0.8571428571428571,0.0004
871,1.361038088798523,1.5795533657073975,0.5,0.8269230769230769,0.21428571428571427,0.8571428571428571,0.0004
872,1.310295283794403,1.4475514888763428,0.5192307692307693,0.8269230769230769,0.42857142857142855,0.8571428571428571,0.0004
873,1.47263503074646,1.4095901250839233,0.46153846153846156,0.8269230769230769,0.42857142857142855,0.8571428571428571,0.0004
874,1.3754947781562805,1.421567678451538,0.46153846153846156,0.8269230769230769,0.5,0.8571428571428571,0.0004
875,1.2911892533302307,1.3409655094146729,0.5769230769230769,0.8269230769230769,0.42857142857142855,0.8571428571428571,0.0004
876,1.3835179209709167,1.3469672203063965,0.46153846153846156,0.8269230769230769,0.5,0.8571428571428571,0.0004
877,1.3689656257629395,1.3863130807876587,0.5384615384615384,0.8269230769230769,0.42857142857142855,0.8571428571428571,0.0004
878,1.4277770519256592,1.532884120941162,0.4807692307692308,0.8269230769230769,0.5,0.8571428571428571,0.0004
879,1.239189326763153,1.384997844696045,0.6346153846153846,0.8269230769230769,0.42857142857142855,0.8571428571428571,0.0004
880,1.278015911579132,1.3542309999465942,0.5192307692307693,0.8269230769230769,0.5714285714285714,0.8571428571428571,0.0004
881,1.4092984795570374,1.2343347072601318,0.4807692307692308,0.8269230769230769,0.5,0.8571428571428571,0.0004
882,1.3654390573501587,1.4136911630630493,0.5,0.8269230769230769,0.42857142857142855,0.8571428571428571,0.0004
883,1.3413192629814148,1.1874080896377563,0.5576923076923077,0.8269230769230769,0.6428571428571429,0.8571428571428571,0.0004
884,1.2742562890052795,1.3391231298446655,0.5769230769230769,0.8269230769230769,0.5714285714285714,0.8571428571428571,0.0004
885,1.283596932888031,1.5519073009490967,0.6538461538461539,0.8269230769230769,0.42857142857142855,0.8571428571428571,0.0004
886,1.3855220675468445,1.5324710607528687,0.5576923076923077,0.8269230769230769,0.35714285714285715,0.8571428571428571,0.0004
887,1.347333550453186,1.5038154125213623,0.5192307692307693,0.8269230769230769,0.42857142857142855,0.8571428571428571,0.0004
888,1.2382866144180298,1.5526773929595947,0.6153846153846154,0.8269230769230769,0.35714285714285715,0.8571428571428571,0.0004
889,1.3083974719047546,1.564307689666748,0.5576923076923077,0.8269230769230769,0.35714285714285715,0.8571428571428571,0.0004
890,1.377305805683136,1.4485719203948975,0.5576923076923077,0.8269230769230769,0.42857142857142855,0.8571428571428571,0.0004
891,1.4410106539726257,1.5006545782089233,0.46153846153846156,0.8269230769230769,0.42857142857142855,0.8571428571428571,0.0004
892,1.403085470199585,1.506227970123291,0.5192307692307693,0.8269230769230769,0.42857142857142855,0.8571428571428571,0.0004
893,1.5215388536453247,1.733899474143982,0.5,0.8269230769230769,0.2857142857142857,0.8571428571428571,0.0004
894,1.3168333768844604,1.2866891622543335,0.5769230769230769,0.8269230769230769,0.5,0.8571428571428571,0.0004
895,1.271853744983673,1.2942471504211426,0.5961538461538461,0.8269230769230769,0.42857142857142855,0.8571428571428571,0.0004
896,1.3035826086997986,1.5665135383605957,0.5961538461538461,0.8269230769230769,0.42857142857142855,0.8571428571428571,0.0004
897,1.293617606163025,1.1755691766738892,0.6153846153846154,0.8269230769230769,0.6428571428571429,0.8571428571428571,0.0004
898,1.3568610548973083,1.603455662727356,0.5961538461538461,0.8269230769230769,0.35714285714285715,0.8571428571428571,0.0004
899,1.2079785466194153,1.5380094051361084,0.6346153846153846,0.8269230769230769,0.35714285714285715,0.8571428571428571,0.0004
900,1.3129106163978577,1.5167845487594604,0.6153846153846154,0.8269230769230769,0.35714285714285715,0.8571428571428571,0.0004
901,1.4818912744522095,1.2038227319717407,0.4423076923076923,0.8269230769230769,0.6428571428571429,0.8571428571428571,0.0004
902,1.250605583190918,1.2056946754455566,0.5576923076923077,0.8269230769230769,0.5,0.8571428571428571,0.0004
903,1.352258563041687,1.362107753753662,0.5,0.8269230769230769,0.42857142857142855,0.8571428571428571,0.0004
904,1.3236732482910156,1.4685202836990356,0.5961538461538461,0.8269230769230769,0.35714285714285715,0.8571428571428571,0.0004
905,1.2618207335472107,1.2206144332885742,0.5384615384615384,0.8269230769230769,0.5714285714285714,0.8571428571428571,0.0004
906,1.28052419424057,1.435733675956726,0.5769230769230769,0.8269230769230769,0.5,0.8571428571428571,0.0004
907,1.3278121948242188,1.4370324611663818,0.5769230769230769,0.8269230769230769,0.42857142857142855,0.8571428571428571,0.0004
908,1.4688243865966797,1.4742319583892822,0.5,0.8269230769230769,0.42857142857142855,0.8571428571428571,0.0004
909,1.4393671154975891,1.675581455230713,0.4807692307692308,0.8269230769230769,0.21428571428571427,0.8571428571428571,0.0004
910,1.428720474243164,1.5757241249084473,0.5,0.8269230769230769,0.35714285714285715,0.8571428571428571,0.0004
911,1.3500574827194214,1.581857681274414,0.5,0.8269230769230769,0.35714285714285715,0.8571428571428571,0.0004
912,1.367537796497345,1.5283293724060059,0.4807692307692308,0.8269230769230769,0.42857142857142855,0.8571428571428571,0.0004
913,1.3896202445030212,1.6044056415557861,0.5,0.8269230769230769,0.42857142857142855,0.8571428571428571,0.0004
914,1.2103116512298584,1.3043537139892578,0.6923076923076923,0.8269230769230769,0.5714285714285714,0.8571428571428571,0.0004
915,1.3180503845214844,1.474420428276062,0.5,0.8269230769230769,0.5714285714285714,0.8571428571428571,0.0004
916,1.272904634475708,1.498504400253296,0.5961538461538461,0.8269230769230769,0.35714285714285715,0.8571428571428571,0.0004
917,1.338527798652649,1.350567102432251,0.5192307692307693,0.8269230769230769,0.5,0.8571428571428571,0.0004
918,1.2196917533874512,1.1799938678741455,0.5769230769230769,0.8269230769230769,0.7142857142857143,0.8571428571428571,0.0004
919,1.2466521263122559,1.2976033687591553,0.5769230769230769,0.8269230769230769,0.6428571428571429,0.8571428571428571,0.0004
920,1.3413480520248413,1.5502607822418213,0.5192307692307693,0.8269230769230769,0.35714285714285715,0.8571428571428571,0.0004
921,1.2534232139587402,1.5196003913879395,0.5769230769230769,0.8269230769230769,0.35714285714285715,0.8571428571428571,0.0004
922,1.3119308948516846,1.3525604009628296,0.5192307692307693,0.8269230769230769,0.5714285714285714,0.8571428571428571,0.0004
923,1.4595044255256653,1.3764526844024658,0.4423076923076923,0.8269230769230769,0.5,0.8571428571428571,0.0004
924,1.2564144134521484,1.4770534038543701,0.6346153846153846,0.8269230769230769,0.5,0.8571428571428571,0.0004
925,1.2925050258636475,1.5392934083938599,0.5192307692307693,0.8269230769230769,0.42857142857142855,0.8571428571428571,0.0004
926,1.1482793092727661,1.2483203411102295,0.6538461538461539,0.8269230769230769,0.6428571428571429,0.8571428571428571,0.0004
927,1.436549186706543,1.6527869701385498,0.5192307692307693,0.8269230769230769,0.35714285714285715,0.8571428571428571,0.0004
928,1.1666138172149658,1.362833023071289,0.6730769230769231,0.8269230769230769,0.42857142857142855,0.8571428571428571,0.0004
929,1.304903507232666,1.364823579788208,0.5576923076923077,0.8269230769230769,0.5,0.8571428571428571,0.0004
930,1.2482506036758423,1.4545655250549316,0.6346153846153846,0.8269230769230769,0.5,0.8571428571428571,0.0004
931,1.2409580945968628,1.5546841621398926,0.6730769230769231,0.8269230769230769,0.35714285714285715,0.8571428571428571,0.0004
932,1.258914291858673,1.5118941068649292,0.5769230769230769,0.8269230769230769,0.42857142857142855,0.8571428571428571,0.0004
933,1.3541995286941528,1.4100497961044312,0.5576923076923077,0.8269230769230769,0.35714285714285715,0.8571428571428571,0.0004
934,1.332940936088562,1.4198514223098755,0.6346153846153846,0.8269230769230769,0.5714285714285714,0.8571428571428571,0.0004
935,1.376179814338684,1.4619741439819336,0.5769230769230769,0.8269230769230769,0.5,0.8571428571428571,0.0004
936,1.3755483627319336,1.4155826568603516,0.5576923076923077,0.8269230769230769,0.5,0.8571428571428571,0.0004
937,1.4084386229515076,1.1548638343811035,0.5769230769230769,0.8269230769230769,0.5714285714285714,0.8571428571428571,0.0004
938,1.091443419456482,1.6233689785003662,0.6923076923076923,0.8269230769230769,0.42857142857142855,0.8571428571428571,0.0004
939,1.293521761894226,1.5284876823425293,0.5384615384615384,0.8076923076923077,0.2857142857142857,0.8571428571428571,0.0004
940,1.1905571818351746,1.655967116355896,0.6153846153846154,0.8269230769230769,0.2857142857142857,0.8571428571428571,0.0004
941,1.2593727111816406,1.0342950820922852,0.6153846153846154,0.8269230769230769,0.7857142857142857,0.8571428571428571,0.0004
942,1.4752961993217468,1.483756422996521,0.5192307692307693,0.8076923076923077,0.42857142857142855,0.8571428571428571,0.0004
943,1.24165678024292,1.1201269626617432,0.5769230769230769,0.8269230769230769,0.6428571428571429,0.8571428571428571,0.0004
944,1.275365173816681,1.3266572952270508,0.6346153846153846,0.8269230769230769,0.6428571428571429,0.7857142857142857,0.0004
945,1.2334192395210266,1.3852061033248901,0.5961538461538461,0.8461538461538461,0.5,0.8571428571428571,0.0004
946,1.474609911441803,1.3319554328918457,0.5,0.8076923076923077,0.5,0.8571428571428571,0.0004
947,1.2057709693908691,1.390815019607544,0.5961538461538461,0.8269230769230769,0.5714285714285714,0.7142857142857143,0.0004
948,1.3039329051971436,1.79026198387146,0.5384615384615384,0.8461538461538461,0.2857142857142857,0.7857142857142857,0.0004
949,1.280428171157837,1.3891804218292236,0.5961538461538461,0.8846153846153846,0.5714285714285714,0.7142857142857143,0.0004
950,1.228767991065979,1.6901931762695312,0.6346153846153846,0.8461538461538461,0.2857142857142857,0.7857142857142857,0.0004
951,1.3377599716186523,1.8293886184692383,0.5384615384615384,0.8653846153846154,0.42857142857142855,0.6428571428571429,0.0004
952,1.3510246276855469,1.2274425029754639,0.6346153846153846,0.8076923076923077,0.5714285714285714,0.7142857142857143,0.0004
953,1.3015959858894348,1.367389440536499,0.5961538461538461,0.8269230769230769,0.5714285714285714,0.7142857142857143,0.0004
954,1.3372026085853577,1.3843590021133423,0.5384615384615384,0.8461538461538461,0.5,0.7142857142857143,0.0004
955,1.3346864581108093,1.3250287771224976,0.6153846153846154,0.8269230769230769,0.5714285714285714,0.7142857142857143,0.0004
956,1.275948405265808,1.3008612394332886,0.6730769230769231,0.7884615384615384,0.5714285714285714,0.7857142857142857,0.0004
957,1.2937321662902832,1.6682775020599365,0.5576923076923077,0.8461538461538461,0.35714285714285715,0.7857142857142857,0.0004
958,1.4933099150657654,1.1356947422027588,0.4807692307692308,0.8076923076923077,0.6428571428571429,0.8571428571428571,0.0004
959,1.3312991857528687,1.5666534900665283,0.5384615384615384,0.8269230769230769,0.42857142857142855,0.7142857142857143,0.0004
960,1.346994698047638,1.2402520179748535,0.5192307692307693,0.8461538461538461,0.5714285714285714,0.7857142857142857,0.0004
961,1.3139060735702515,1.6812429428100586,0.5769230769230769,0.8269230769230769,0.42857142857142855,0.7857142857142857,0.0004
962,1.3355259895324707,1.4952478408813477,0.5576923076923077,0.8269230769230769,0.42857142857142855,0.7857142857142857,0.0004
963,1.597430944442749,1.276665210723877,0.4807692307692308,0.8269230769230769,0.5,0.8571428571428571,0.0004
964,1.2228710651397705,1.5904773473739624,0.5769230769230769,0.8461538461538461,0.35714285714285715,0.8571428571428571,0.0004
965,1.3937793970108032,1.3949105739593506,0.5,0.8076923076923077,0.42857142857142855,0.8571428571428571,0.0004
966,1.1986177563667297,1.2528313398361206,0.6538461538461539,0.8269230769230769,0.5,0.8571428571428571,0.0004
967,1.3377919793128967,1.6696430444717407,0.5961538461538461,0.8269230769230769,0.21428571428571427,0.8571428571428571,0.0004
968,1.3425952196121216,1.517141580581665,0.5961538461538461,0.8269230769230769,0.42857142857142855,0.8571428571428571,0.0004
969,1.3725717663764954,1.6085774898529053,0.5961538461538461,0.8269230769230769,0.35714285714285715,0.8571428571428571,0.0004
970,1.3764468431472778,1.44758939743042,0.46153846153846156,0.8269230769230769,0.35714285714285715,0.8571428571428571,0.0004
971,1.5701406598091125,1.5261768102645874,0.5192307692307693,0.8269230769230769,0.42857142857142855,0.8571428571428571,0.0004
972,1.4773805141448975,1.3653775453567505,0.5,0.8269230769230769,0.5,0.8571428571428571,0.0004
973,1.246699571609497,1.4513310194015503,0.5769230769230769,0.8269230769230769,0.42857142857142855,0.8571428571428571,0.0004
974,1.4309114217758179,1.4121328592300415,0.5384615384615384,0.8269230769230769,0.5,0.8571428571428571,0.0004
975,1.2379019260406494,1.4143270254135132,0.5961538461538461,0.8269230769230769,0.5,0.8571428571428571,0.0004
976,1.3317461609840393,1.3552443981170654,0.5576923076923077,0.8461538461538461,0.42857142857142855,0.8571428571428571,0.0004
977,1.2242077589035034,1.2708141803741455,0.5769230769230769,0.8461538461538461,0.5714285714285714,0.8571428571428571,0.0004
978,1.324656367301941,1.4334731101989746,0.5769230769230769,0.8269230769230769,0.42857142857142855,0.8571428571428571,0.0004
979,1.5084874629974365,1.347825050354004,0.4423076923076923,0.8076923076923077,0.5,0.8571428571428571,0.0004
980,1.3515064120292664,1.2501578330993652,0.5384615384615384,0.8269230769230769,0.5714285714285714,0.7857142857142857,0.0004
981,1.3149147629737854,1.6130998134613037,0.5576923076923077,0.8076923076923077,0.35714285714285715,0.7142857142857143,0.0004
982,1.2866058349609375,1.3546385765075684,0.5384615384615384,0.8269230769230769,0.42857142857142855,0.8571428571428571,0.0004
983,1.1484609246253967,1.4016129970550537,0.6538461538461539,0.8076923076923077,0.5,0.8571428571428571,0.0004
984,1.4067640900611877,1.119712471961975,0.5384615384615384,0.8269230769230769,0.6428571428571429,0.8571428571428571,0.0004
985,1.2607083916664124,1.3397458791732788,0.6153846153846154,0.8461538461538461,0.5,0.8571428571428571,0.0004
986,1.2258201837539673,1.260451316833496,0.6346153846153846,0.8269230769230769,0.5,0.7857142857142857,0.0004
987,1.3064334988594055,1.106745719909668,0.5769230769230769,0.8269230769230769,0.7142857142857143,0.7857142857142857,0.0004
988,1.316766619682312,1.3243962526321411,0.5769230769230769,0.8269230769230769,0.5,0.8571428571428571,0.0004
989,1.3087801337242126,1.443434476852417,0.6153846153846154,0.8269230769230769,0.5,0.7857142857142857,0.0004
990,1.1638298630714417,1.061871886253357,0.6923076923076923,0.8461538461538461,0.7142857142857143,0.7857142857142857,0.0004
991,1.3171692490577698,1.5197598934173584,0.5769230769230769,0.8461538461538461,0.35714285714285715,0.7857142857142857,0.0004
992,1.274268388748169,1.300050973892212,0.6346153846153846,0.8269230769230769,0.42857142857142855,0.8571428571428571,0.0004
993,1.280232310295105,1.7012197971343994,0.6923076923076923,0.8269230769230769,0.35714285714285715,0.7857142857142857,0.0004
994,1.7150933742523193,1.767177700996399,0.46153846153846156,0.8461538461538461,0.5,0.8571428571428571,0.0004
995,2.1534361839294434,1.5110442638397217,0.2692307692307692,0.8269230769230769,0.5,0.8571428571428571,0.0004
996,2.3296395540237427,1.8574223518371582,0.23076923076923078,0.8269230769230769,0.42857142857142855,0.7857142857142857,0.0004
997,2.2193827629089355,1.7176876068115234,0.3076923076923077,0.8076923076923077,0.5,0.8571428571428571,0.0004
998,2.12807559967041,1.6283847093582153,0.2692307692307692,0.8269230769230769,0.5714285714285714,0.8571428571428571,0.0004
999,2.195630431175232,1.5781402587890625,0.23076923076923078,0.8269230769230769,0.42857142857142855,0.8571428571428571,0.0004
1000,1.935647189617157,1.4994761943817139,0.25,0.8269230769230769,0.6428571428571429,0.8571428571428571,0.0004
