epoch,train_loss,val_loss,train_acc_action,train_acc_status,val_acc_action,val_acc_status,learning_rate
1,1.772017776966095,1.783827543258667,0.4807692307692308,0.25,0.5,0.14285714285714285,0.0004
2,1.772021770477295,1.7542717456817627,0.38461538461538464,0.40384615384615385,0.5714285714285714,0.5,0.0004
3,1.7613974809646606,1.7716329097747803,0.5192307692307693,0.34615384615384615,0.42857142857142855,0.6428571428571429,0.0004
4,1.7500072121620178,1.7529113292694092,0.5576923076923077,0.5384615384615384,0.5,0.7142857142857143,0.0004
5,1.7839927673339844,1.707005262374878,0.36538461538461536,0.5384615384615384,0.5,0.7857142857142857,0.0004
6,1.7081913948059082,1.723634958267212,0.5192307692307693,0.6923076923076923,0.2857142857142857,0.7142857142857143,0.0004
7,1.763997197151184,1.7293049097061157,0.36538461538461536,0.5769230769230769,0.42857142857142855,0.6428571428571429,0.0004
8,1.7139521837234497,1.6925430297851562,0.4423076923076923,0.6923076923076923,0.35714285714285715,0.7857142857142857,0.0004
9,1.7113868594169617,1.6486308574676514,0.4423076923076923,0.75,0.5,0.7857142857142857,0.0004
10,1.7074448466300964,1.6976122856140137,0.5,0.6923076923076923,0.42857142857142855,0.7857142857142857,0.0004
11,1.7525265216827393,1.6873664855957031,0.3076923076923077,0.7307692307692307,0.35714285714285715,0.8571428571428571,0.0004
12,1.7107768058776855,1.6349999904632568,0.38461538461538464,0.75,0.42857142857142855,0.8571428571428571,0.0004
13,1.664731740951538,1.623152732849121,0.5769230769230769,0.7115384615384616,0.5,0.8571428571428571,0.0004
14,1.664971649646759,1.6504297256469727,0.4807692307692308,0.7692307692307693,0.42857142857142855,0.7857142857142857,0.0004
15,1.6869028806686401,1.6209118366241455,0.4807692307692308,0.75,0.42857142857142855,0.8571428571428571,0.0004
16,1.5851101875305176,1.6179487705230713,0.5384615384615384,0.8076923076923077,0.42857142857142855,0.8571428571428571,0.0004
17,1.7168238162994385,1.6582225561141968,0.38461538461538464,0.7692307692307693,0.42857142857142855,0.8571428571428571,0.0004
18,1.6605444550514221,1.6121400594711304,0.4807692307692308,0.75,0.35714285714285715,0.8571428571428571,0.0004
19,1.63820219039917,1.6148607730865479,0.5384615384615384,0.8076923076923077,0.42857142857142855,0.8571428571428571,0.0004
20,1.6453922390937805,1.5835785865783691,0.36538461538461536,0.7884615384615384,0.5,0.8571428571428571,0.0004
21,1.611352562904358,1.5912892818450928,0.5192307692307693,0.8076923076923077,0.5,0.8571428571428571,0.0004
22,1.6162033677101135,1.6223087310791016,0.4807692307692308,0.8076923076923077,0.35714285714285715,0.8571428571428571,0.0004
23,1.562813401222229,1.5793917179107666,0.5192307692307693,0.7884615384615384,0.42857142857142855,0.8571428571428571,0.0004
24,1.5897547006607056,1.5142831802368164,0.4423076923076923,0.8653846153846154,0.42857142857142855,0.8571428571428571,0.0004
25,1.508204698562622,1.5809884071350098,0.4807692307692308,0.8076923076923077,0.42857142857142855,0.8571428571428571,0.0004
26,1.626926600933075,1.6483951807022095,0.46153846153846156,0.7884615384615384,0.35714285714285715,0.8571428571428571,0.0004
27,1.628850519657135,1.601982831954956,0.36538461538461536,0.8269230769230769,0.5714285714285714,0.8571428571428571,0.0004
28,1.5475155115127563,1.5656847953796387,0.40384615384615385,0.8269230769230769,0.5,0.8571428571428571,0.0004
29,1.5496031045913696,1.509533405303955,0.4807692307692308,0.8461538461538461,0.6428571428571429,0.8571428571428571,0.0004
30,1.4839147329330444,1.6655542850494385,0.5192307692307693,0.8269230769230769,0.14285714285714285,0.8571428571428571,0.0004
31,1.5415247678756714,1.5589064359664917,0.40384615384615385,0.8269230769230769,0.35714285714285715,0.8571428571428571,0.0004
32,1.6280347108840942,1.5286147594451904,0.4230769230769231,0.8076923076923077,0.42857142857142855,0.8571428571428571,0.0004
33,1.5183550715446472,1.5820090770721436,0.4423076923076923,0.8076923076923077,0.35714285714285715,0.8571428571428571,0.0004
34,1.5845852494239807,1.5736976861953735,0.4807692307692308,0.8269230769230769,0.2857142857142857,0.8571428571428571,0.0004
35,1.5836079120635986,1.471252202987671,0.4230769230769231,0.8269230769230769,0.6428571428571429,0.8571428571428571,0.0004
36,1.4989677667617798,1.4597413539886475,0.4423076923076923,0.8269230769230769,0.5,0.8571428571428571,0.0004
37,1.5304954051971436,1.5020639896392822,0.4423076923076923,0.8269230769230769,0.6428571428571429,0.8571428571428571,0.0004
38,1.5448555946350098,1.715890645980835,0.38461538461538464,0.8269230769230769,0.35714285714285715,0.8571428571428571,0.0004
39,1.4106740355491638,1.5232679843902588,0.5,0.8269230769230769,0.35714285714285715,0.8571428571428571,0.0004
40,1.596832275390625,1.3842198848724365,0.38461538461538464,0.8076923076923077,0.5,0.8571428571428571,0.0004
41,1.4821256399154663,1.5317567586898804,0.46153846153846156,0.8269230769230769,0.42857142857142855,0.8571428571428571,0.0004
42,1.4542722702026367,1.4413197040557861,0.4230769230769231,0.8269230769230769,0.5714285714285714,0.8571428571428571,0.0004
43,1.536656379699707,1.4641375541687012,0.40384615384615385,0.8269230769230769,0.5714285714285714,0.8571428571428571,0.0004
44,1.5065763592720032,1.5080543756484985,0.3269230769230769,0.8076923076923077,0.42857142857142855,0.8571428571428571,0.0004
45,1.5035704970359802,1.605459213256836,0.4807692307692308,0.8269230769230769,0.42857142857142855,0.8571428571428571,0.0004
46,1.509825885295868,1.5117297172546387,0.5192307692307693,0.8076923076923077,0.5714285714285714,0.8571428571428571,0.0004
47,1.4718202948570251,1.508585810661316,0.34615384615384615,0.8269230769230769,0.5,0.8571428571428571,0.0004
48,1.5317498445510864,1.5821690559387207,0.4423076923076923,0.8269230769230769,0.42857142857142855,0.8571428571428571,0.0004
49,1.4325047731399536,1.4807298183441162,0.46153846153846156,0.8269230769230769,0.5,0.8571428571428571,0.0004
50,1.505121886730194,1.5381485223770142,0.4423076923076923,0.8269230769230769,0.42857142857142855,0.8571428571428571,0.0004
51,1.3562272787094116,1.4579942226409912,0.5384615384615384,0.8269230769230769,0.5,0.8571428571428571,0.0004
52,1.5038360953330994,1.4128904342651367,0.5384615384615384,0.7884615384615384,0.7857142857142857,0.8571428571428571,0.0004
53,1.3710322976112366,1.550605058670044,0.46153846153846156,0.8461538461538461,0.35714285714285715,0.8571428571428571,0.0004
54,1.5061292052268982,1.4842033386230469,0.4807692307692308,0.8076923076923077,0.35714285714285715,0.8571428571428571,0.0004
55,1.4452933073043823,1.4558229446411133,0.4807692307692308,0.8269230769230769,0.6428571428571429,0.8571428571428571,0.0004
56,1.3920257687568665,1.5827065706253052,0.46153846153846156,0.8461538461538461,0.2857142857142857,0.8571428571428571,0.0004
57,1.4535977840423584,1.2693023681640625,0.5192307692307693,0.8269230769230769,0.6428571428571429,0.8571428571428571,0.0004
58,1.5396984815597534,1.5122066736221313,0.5769230769230769,0.8269230769230769,0.42857142857142855,0.8571428571428571,0.0004
59,1.4968568086624146,1.518232822418213,0.40384615384615385,0.8269230769230769,0.42857142857142855,0.8571428571428571,0.0004
60,1.4429276585578918,1.5543222427368164,0.4807692307692308,0.8076923076923077,0.35714285714285715,0.8571428571428571,0.0004
61,1.3779540657997131,1.48982834815979,0.4423076923076923,0.8269230769230769,0.42857142857142855,0.8571428571428571,0.0004
62,1.5896238088607788,1.5104241371154785,0.5384615384615384,0.8269230769230769,0.5,0.8571428571428571,0.0004
63,1.4139617085456848,1.55539870262146,0.5192307692307693,0.8076923076923077,0.5,0.8571428571428571,0.0004
64,1.4927061796188354,1.451990008354187,0.46153846153846156,0.8269230769230769,0.42857142857142855,0.8571428571428571,0.0004
65,1.3630844950675964,1.4659366607666016,0.5576923076923077,0.8269230769230769,0.5714285714285714,0.8571428571428571,0.0004
66,1.5909497737884521,1.607424020767212,0.4230769230769231,0.8269230769230769,0.42857142857142855,0.8571428571428571,0.0004
67,1.5119839310646057,1.663748025894165,0.5192307692307693,0.8076923076923077,0.35714285714285715,0.8571428571428571,0.0004
68,1.5033755898475647,1.6690914630889893,0.4423076923076923,0.8269230769230769,0.35714285714285715,0.8571428571428571,0.0004
69,1.3827502727508545,1.3975660800933838,0.5,0.8461538461538461,0.5714285714285714,0.8571428571428571,0.0004
70,1.3784444332122803,1.5731897354125977,0.5769230769230769,0.8269230769230769,0.5,0.8571428571428571,0.0004
71,1.4892526268959045,1.4492720365524292,0.5,0.8076923076923077,0.42857142857142855,0.8571428571428571,0.0004
72,1.4502778053283691,1.3884897232055664,0.5576923076923077,0.8269230769230769,0.5714285714285714,0.8571428571428571,0.0004
73,1.493903934955597,1.4519827365875244,0.4423076923076923,0.8269230769230769,0.7142857142857143,0.8571428571428571,0.0004
74,1.3255318403244019,1.3438334465026855,0.5769230769230769,0.8076923076923077,0.5714285714285714,0.8571428571428571,0.0004
75,1.5735125541687012,1.4255080223083496,0.5384615384615384,0.8269230769230769,0.6428571428571429,0.8571428571428571,0.0004
76,1.6338942646980286,1.457650899887085,0.46153846153846156,0.8269230769230769,0.6428571428571429,0.8571428571428571,0.0004
77,1.4116828441619873,1.6721246242523193,0.5384615384615384,0.8269230769230769,0.42857142857142855,0.8571428571428571,0.0004
78,1.530995488166809,1.5193946361541748,0.4230769230769231,0.7884615384615384,0.5,0.8571428571428571,0.0004
79,1.5191633105278015,1.5755705833435059,0.38461538461538464,0.8269230769230769,0.42857142857142855,0.8571428571428571,0.0004
80,1.3907987475395203,1.6931042671203613,0.5384615384615384,0.8269230769230769,0.2857142857142857,0.8571428571428571,0.0004
81,1.4515234231948853,1.5553169250488281,0.38461538461538464,0.8269230769230769,0.5714285714285714,0.8571428571428571,0.0004
82,1.3518185019493103,1.4627320766448975,0.5192307692307693,0.8461538461538461,0.6428571428571429,0.8571428571428571,0.0004
83,1.620598316192627,1.4120543003082275,0.3076923076923077,0.8269230769230769,0.5,0.8571428571428571,0.0004
84,1.5134767889976501,1.4363691806793213,0.38461538461538464,0.8269230769230769,0.5,0.8571428571428571,0.0004
85,1.4929571747779846,1.39094078540802,0.5576923076923077,0.7884615384615384,0.5,0.8571428571428571,0.0004
86,1.3931361436843872,1.5000100135803223,0.5,0.8269230769230769,0.42857142857142855,0.8571428571428571,0.0004
87,1.4237551093101501,1.5544095039367676,0.5,0.8461538461538461,0.42857142857142855,0.8571428571428571,0.0004
88,1.4655047059059143,1.4060232639312744,0.5192307692307693,0.8269230769230769,0.5714285714285714,0.8571428571428571,0.0004
89,1.4622074365615845,1.253823161125183,0.4423076923076923,0.8076923076923077,0.6428571428571429,0.8571428571428571,0.0004
90,1.4410790801048279,1.759345531463623,0.4423076923076923,0.8461538461538461,0.14285714285714285,0.8571428571428571,0.0004
91,1.4433633089065552,1.5767405033111572,0.5576923076923077,0.8269230769230769,0.5,0.8571428571428571,0.0004
92,1.4820596575737,1.297037124633789,0.5384615384615384,0.8269230769230769,0.7857142857142857,0.8571428571428571,0.0004
93,1.3606823682785034,1.2339122295379639,0.5,0.8076923076923077,0.7142857142857143,0.8571428571428571,0.0004
94,1.4493682384490967,1.2860655784606934,0.5384615384615384,0.8076923076923077,0.6428571428571429,0.8571428571428571,0.0004
95,1.606951653957367,1.3331615924835205,0.4423076923076923,0.8269230769230769,0.7142857142857143,0.8571428571428571,0.0004
96,1.557754933834076,1.4294791221618652,0.46153846153846156,0.8461538461538461,0.5714285714285714,0.8571428571428571,0.0004
97,1.4409354329109192,1.4464457035064697,0.4423076923076923,0.8076923076923077,0.5,0.8571428571428571,0.0004
98,1.3660520315170288,1.41203773021698,0.4807692307692308,0.8269230769230769,0.6428571428571429,0.8571428571428571,0.0004
99,1.457045316696167,1.4134602546691895,0.5384615384615384,0.8653846153846154,0.5714285714285714,0.8571428571428571,0.0004
100,1.5444429516792297,1.5220518112182617,0.5576923076923077,0.7884615384615384,0.35714285714285715,0.8571428571428571,0.0004
101,1.3503186702728271,1.5252805948257446,0.6346153846153846,0.7884615384615384,0.42857142857142855,0.8571428571428571,0.0004
102,1.4075313210487366,1.6669976711273193,0.4423076923076923,0.8269230769230769,0.2857142857142857,0.8571428571428571,0.0004
103,1.3756979703903198,1.527085781097412,0.5,0.8269230769230769,0.5,0.8571428571428571,0.0004
104,1.411312222480774,1.4396854639053345,0.5192307692307693,0.8269230769230769,0.5,0.8571428571428571,0.0004
105,1.5109384059906006,1.4613590240478516,0.46153846153846156,0.8269230769230769,0.5714285714285714,0.8571428571428571,0.0004
106,1.3986555337905884,1.7285051345825195,0.5384615384615384,0.8269230769230769,0.35714285714285715,0.8571428571428571,0.0004
107,1.3252788186073303,1.5059417486190796,0.5961538461538461,0.8461538461538461,0.5,0.8571428571428571,0.0004
108,1.4036448001861572,1.4523611068725586,0.5,0.8076923076923077,0.6428571428571429,0.8571428571428571,0.0004
109,1.397292673587799,1.4542837142944336,0.5192307692307693,0.8269230769230769,0.5,0.8571428571428571,0.0004
110,1.4507549405097961,1.4866873025894165,0.5,0.8269230769230769,0.35714285714285715,0.8571428571428571,0.0004
111,1.4331157803535461,1.3879737854003906,0.5384615384615384,0.8269230769230769,0.5714285714285714,0.8571428571428571,0.0004
112,1.388473093509674,1.4512321949005127,0.5576923076923077,0.8076923076923077,0.5,0.8571428571428571,0.0004
113,1.4823076128959656,1.617926836013794,0.5192307692307693,0.8269230769230769,0.2857142857142857,0.8571428571428571,0.0004
114,1.3997656106948853,1.5029103755950928,0.5192307692307693,0.8269230769230769,0.35714285714285715,0.8571428571428571,0.0004
115,1.458296775817871,1.2407625913619995,0.46153846153846156,0.8269230769230769,0.5714285714285714,0.8571428571428571,0.0004
116,1.333939254283905,1.4819700717926025,0.5192307692307693,0.8076923076923077,0.5,0.8571428571428571,0.0004
117,1.7083322405815125,1.5211596488952637,0.36538461538461536,0.8269230769230769,0.42857142857142855,0.8571428571428571,0.0004
118,1.3284732103347778,1.3730703592300415,0.5769230769230769,0.8269230769230769,0.5,0.8571428571428571,0.0004
119,1.3341197967529297,1.3736059665679932,0.6153846153846154,0.8269230769230769,0.5,0.8571428571428571,0.0004
120,1.5163741707801819,1.6910878419876099,0.40384615384615385,0.8269230769230769,0.35714285714285715,0.8571428571428571,0.0004
121,1.3854178190231323,1.5633622407913208,0.5961538461538461,0.8269230769230769,0.42857142857142855,0.8571428571428571,0.0004
122,1.4674643278121948,1.4585871696472168,0.5576923076923077,0.8269230769230769,0.35714285714285715,0.8571428571428571,0.0004
123,1.4106488823890686,1.5122095346450806,0.40384615384615385,0.8269230769230769,0.21428571428571427,0.8571428571428571,0.0004
124,1.3373119235038757,1.5630335807800293,0.5769230769230769,0.8076923076923077,0.35714285714285715,0.8571428571428571,0.0004
125,1.3642239570617676,1.2665441036224365,0.5192307692307693,0.8076923076923077,0.6428571428571429,0.8571428571428571,0.0004
126,1.3629729747772217,1.114274024963379,0.5769230769230769,0.8269230769230769,0.7142857142857143,0.8571428571428571,0.0004
127,1.358277678489685,1.4953173398971558,0.5192307692307693,0.8269230769230769,0.5,0.8571428571428571,0.0004
128,1.523589551448822,1.3443695306777954,0.4807692307692308,0.8269230769230769,0.6428571428571429,0.8571428571428571,0.0004
129,1.2976927161216736,1.4080195426940918,0.5576923076923077,0.8269230769230769,0.5,0.8571428571428571,0.0004
130,1.518742561340332,1.2837402820587158,0.5384615384615384,0.8269230769230769,0.6428571428571429,0.8571428571428571,0.0004
131,1.2873799204826355,1.3378193378448486,0.6346153846153846,0.8269230769230769,0.5,0.8571428571428571,0.0004
132,1.384181797504425,1.6126428842544556,0.5,0.8269230769230769,0.35714285714285715,0.8571428571428571,0.0004
133,1.4246629476547241,1.4434473514556885,0.4423076923076923,0.8269230769230769,0.42857142857142855,0.8571428571428571,0.0004
134,1.2991592288017273,1.3110969066619873,0.5,0.8269230769230769,0.5714285714285714,0.8571428571428571,0.0004
135,1.3165390491485596,1.5762580633163452,0.5769230769230769,0.8269230769230769,0.42857142857142855,0.8571428571428571,0.0004
136,1.3568130135536194,1.2702720165252686,0.5576923076923077,0.8269230769230769,0.5714285714285714,0.8571428571428571,0.0004
137,1.3115649819374084,1.6522492170333862,0.5192307692307693,0.8269230769230769,0.2857142857142857,0.8571428571428571,0.0004
138,1.4294391870498657,1.314831256866455,0.5576923076923077,0.8269230769230769,0.7142857142857143,0.8571428571428571,0.0004
139,1.315320372581482,1.3295291662216187,0.5961538461538461,0.8269230769230769,0.5,0.8571428571428571,0.0004
140,1.4899463653564453,1.4581928253173828,0.4807692307692308,0.8076923076923077,0.42857142857142855,0.8571428571428571,0.0004
141,1.4273058772087097,1.1618270874023438,0.5,0.8269230769230769,0.7142857142857143,0.8571428571428571,0.0004
142,1.3602045178413391,1.3865649700164795,0.5769230769230769,0.8076923076923077,0.5,0.8571428571428571,0.0004
143,1.3270716667175293,1.3514374494552612,0.6153846153846154,0.8269230769230769,0.5,0.8571428571428571,0.0004
144,1.4873176217079163,1.4632599353790283,0.5384615384615384,0.8269230769230769,0.35714285714285715,0.8571428571428571,0.0004
145,1.317367672920227,1.1624799966812134,0.5769230769230769,0.8269230769230769,0.7142857142857143,0.8571428571428571,0.0004
146,1.2905318140983582,1.39944326877594,0.6346153846153846,0.8269230769230769,0.42857142857142855,0.8571428571428571,0.0004
147,1.545431911945343,1.5421290397644043,0.4423076923076923,0.8269230769230769,0.35714285714285715,0.8571428571428571,0.0004
148,1.499498724937439,1.4309160709381104,0.40384615384615385,0.8269230769230769,0.42857142857142855,0.8571428571428571,0.0004
149,1.4079304933547974,1.431505560874939,0.5192307692307693,0.8269230769230769,0.5,0.8571428571428571,0.0004
150,1.327896535396576,1.5858627557754517,0.5576923076923077,0.8461538461538461,0.2857142857142857,0.8571428571428571,0.0004
151,1.4009618759155273,1.3141329288482666,0.5576923076923077,0.8269230769230769,0.7142857142857143,0.8571428571428571,0.0004
152,1.4092909693717957,1.438666820526123,0.38461538461538464,0.8076923076923077,0.35714285714285715,0.8571428571428571,0.0004
153,1.3885656595230103,1.3949484825134277,0.4807692307692308,0.8269230769230769,0.42857142857142855,0.8571428571428571,0.0004
154,1.4339827299118042,1.3270752429962158,0.5576923076923077,0.8269230769230769,0.5,0.8571428571428571,0.0004
155,1.3618026375770569,1.3673193454742432,0.5384615384615384,0.8269230769230769,0.5,0.8571428571428571,0.0004
156,1.2646602988243103,1.227474570274353,0.6346153846153846,0.8269230769230769,0.7142857142857143,0.8571428571428571,0.0004
157,1.2513200640678406,1.7666141986846924,0.5769230769230769,0.8269230769230769,0.2857142857142857,0.8571428571428571,0.0004
158,1.5182307362556458,1.317792534828186,0.5192307692307693,0.8269230769230769,0.5,0.8571428571428571,0.0004
159,1.31473046541214,1.4749531745910645,0.5961538461538461,0.8269230769230769,0.35714285714285715,0.8571428571428571,0.0004
160,1.3211545944213867,1.409292459487915,0.5961538461538461,0.7884615384615384,0.42857142857142855,0.8571428571428571,0.0004
161,1.48674738407135,1.2958950996398926,0.5384615384615384,0.8269230769230769,0.5714285714285714,0.8571428571428571,0.0004
162,1.4195359945297241,1.334823727607727,0.4807692307692308,0.8269230769230769,0.42857142857142855,0.8571428571428571,0.0004
163,1.2885770201683044,1.4551360607147217,0.5961538461538461,0.8269230769230769,0.5714285714285714,0.8571428571428571,0.0004
164,1.2677735686302185,1.6120634078979492,0.6730769230769231,0.8269230769230769,0.5,0.8571428571428571,0.0004
165,1.6249018907546997,1.3711793422698975,0.5192307692307693,0.8269230769230769,0.5,0.8571428571428571,0.0004
166,1.4497244954109192,1.3178496360778809,0.5576923076923077,0.8269230769230769,0.5714285714285714,0.8571428571428571,0.0004
167,1.3047319650650024,1.6866888999938965,0.5576923076923077,0.8269230769230769,0.2857142857142857,0.8571428571428571,0.0004
168,1.4611157178878784,1.2504620552062988,0.4807692307692308,0.8076923076923077,0.6428571428571429,0.8571428571428571,0.0004
169,1.5115572810173035,1.420861840248108,0.46153846153846156,0.8076923076923077,0.42857142857142855,0.8571428571428571,0.0004
170,1.3825098872184753,1.1749062538146973,0.5,0.8269230769230769,0.7142857142857143,0.8571428571428571,0.0004
171,1.2255226969718933,1.3810975551605225,0.6923076923076923,0.8269230769230769,0.5714285714285714,0.8571428571428571,0.0004
172,1.2892857193946838,1.36259126663208,0.6153846153846154,0.8269230769230769,0.5714285714285714,0.8571428571428571,0.0004
173,1.4627119302749634,1.179469347000122,0.5,0.8269230769230769,0.7142857142857143,0.8571428571428571,0.0004
174,1.3226606845855713,1.2892124652862549,0.5,0.8269230769230769,0.6428571428571429,0.8571428571428571,0.0004
175,1.462002456188202,1.446790099143982,0.5192307692307693,0.8269230769230769,0.5714285714285714,0.8571428571428571,0.0004
176,1.5248666405677795,1.6248247623443604,0.3076923076923077,0.8269230769230769,0.5,0.8571428571428571,0.0004
177,1.2549417614936829,1.5390619039535522,0.6153846153846154,0.8461538461538461,0.5,0.8571428571428571,0.0004
178,1.362957239151001,1.673285961151123,0.6346153846153846,0.8269230769230769,0.2857142857142857,0.8571428571428571,0.0004
179,1.353234052658081,1.509116291999817,0.5192307692307693,0.8269230769230769,0.35714285714285715,0.8571428571428571,0.0004
180,1.3488637804985046,1.4889802932739258,0.5384615384615384,0.8269230769230769,0.5,0.8571428571428571,0.0004
181,1.2778427600860596,1.2850092649459839,0.5961538461538461,0.8269230769230769,0.6428571428571429,0.8571428571428571,0.0004
182,1.2828810214996338,1.6651138067245483,0.5384615384615384,0.8461538461538461,0.2857142857142857,0.8571428571428571,0.0004
183,1.4648785591125488,1.2994821071624756,0.46153846153846156,0.8461538461538461,0.5,0.8571428571428571,0.0004
184,1.441048264503479,1.2436820268630981,0.5,0.8076923076923077,0.6428571428571429,0.8571428571428571,0.0004
185,1.3049339652061462,1.441867470741272,0.5384615384615384,0.8076923076923077,0.5,0.8571428571428571,0.0004
186,1.3316152691841125,1.7905497550964355,0.5576923076923077,0.8461538461538461,0.2857142857142857,0.8571428571428571,0.0004
187,1.298595666885376,1.3116273880004883,0.5961538461538461,0.7884615384615384,0.5714285714285714,0.8571428571428571,0.0004
188,1.4725157022476196,1.308068871498108,0.5384615384615384,0.8461538461538461,0.7142857142857143,0.8571428571428571,0.0004
189,1.2663547992706299,1.448194980621338,0.5384615384615384,0.8269230769230769,0.42857142857142855,0.8571428571428571,0.0004
190,1.2933391332626343,1.2531579732894897,0.46153846153846156,0.8461538461538461,0.6428571428571429,0.8571428571428571,0.0004
191,1.2988263368606567,1.5811223983764648,0.5192307692307693,0.8269230769230769,0.5714285714285714,0.8571428571428571,0.0004
192,1.3673741221427917,1.4841229915618896,0.5576923076923077,0.8076923076923077,0.42857142857142855,0.8571428571428571,0.0004
193,1.4429019689559937,1.5819079875946045,0.46153846153846156,0.8076923076923077,0.5,0.8571428571428571,0.0004
194,1.4423298239707947,1.4199291467666626,0.5576923076923077,0.8076923076923077,0.5,0.8571428571428571,0.0004
195,1.22091406583786,1.386697769165039,0.5576923076923077,0.8461538461538461,0.5,0.8571428571428571,0.0004
196,1.4141295552253723,1.5284748077392578,0.4807692307692308,0.8076923076923077,0.5,0.8571428571428571,0.0004
197,1.3851300477981567,1.3130440711975098,0.4807692307692308,0.8269230769230769,0.5714285714285714,0.8571428571428571,0.0004
198,1.3686281442642212,1.6797772645950317,0.5576923076923077,0.8076923076923077,0.42857142857142855,0.8571428571428571,0.0004
199,1.3980060815811157,1.7480506896972656,0.5192307692307693,0.7884615384615384,0.35714285714285715,0.8571428571428571,0.0004
200,1.4011425971984863,1.2645277976989746,0.4807692307692308,0.7884615384615384,0.6428571428571429,0.8571428571428571,0.0004
201,1.4787689447402954,1.2895946502685547,0.4423076923076923,0.8269230769230769,0.7142857142857143,0.8571428571428571,0.0004
202,1.3246219754219055,1.1908388137817383,0.5961538461538461,0.8076923076923077,0.7142857142857143,0.8571428571428571,0.0004
203,1.3381546139717102,1.4625418186187744,0.5192307692307693,0.8461538461538461,0.5,0.8571428571428571,0.0004
204,1.3041728734970093,1.5182781219482422,0.6153846153846154,0.8269230769230769,0.42857142857142855,0.8571428571428571,0.0004
205,1.5397403836250305,1.4083820581436157,0.4807692307692308,0.8269230769230769,0.42857142857142855,0.8571428571428571,0.0004
206,1.1153395473957062,1.4293644428253174,0.6346153846153846,0.8461538461538461,0.5714285714285714,0.8571428571428571,0.0004
207,1.3486489653587341,1.2626609802246094,0.5576923076923077,0.8076923076923077,0.6428571428571429,0.8571428571428571,0.0004
208,1.3840038180351257,1.3424334526062012,0.5,0.8076923076923077,0.6428571428571429,0.8571428571428571,0.0004
209,1.3622146844863892,1.5529978275299072,0.46153846153846156,0.8269230769230769,0.5714285714285714,0.8571428571428571,0.0004
210,1.3737680315971375,1.3527905941009521,0.5576923076923077,0.8076923076923077,0.5714285714285714,0.8571428571428571,0.0004
211,1.4802972674369812,1.618704915046692,0.38461538461538464,0.8076923076923077,0.35714285714285715,0.8571428571428571,0.0004
212,1.3753101825714111,1.3409849405288696,0.5384615384615384,0.8461538461538461,0.5714285714285714,0.8571428571428571,0.0004
213,1.5031526684761047,1.4277372360229492,0.46153846153846156,0.8269230769230769,0.42857142857142855,0.8571428571428571,0.0004
214,1.3581527471542358,1.324662685394287,0.5384615384615384,0.8076923076923077,0.5714285714285714,0.8571428571428571,0.0004
215,1.3647077083587646,1.4478410482406616,0.5,0.8269230769230769,0.5,0.8571428571428571,0.0004
216,1.322402000427246,1.124000072479248,0.5192307692307693,0.8461538461538461,0.8571428571428571,0.8571428571428571,0.0004
217,1.4121167659759521,1.6207140684127808,0.5384615384615384,0.8461538461538461,0.35714285714285715,0.8571428571428571,0.0004
218,1.2568064332008362,1.1726547479629517,0.5769230769230769,0.8076923076923077,0.7142857142857143,0.8571428571428571,0.0004
219,1.3018712401390076,1.770089864730835,0.6538461538461539,0.8076923076923077,0.35714285714285715,0.8571428571428571,0.0004
220,1.2555763721466064,1.5182948112487793,0.5384615384615384,0.8269230769230769,0.5,0.8571428571428571,0.0004
221,1.3718430399894714,1.3989027738571167,0.5384615384615384,0.8269230769230769,0.5,0.8571428571428571,0.0004
222,1.2977447509765625,1.493635892868042,0.5384615384615384,0.8269230769230769,0.5,0.8571428571428571,0.0004
223,1.376894772052765,1.276191234588623,0.5,0.8269230769230769,0.7857142857142857,0.8571428571428571,0.0004
224,1.2851823568344116,1.667598843574524,0.4807692307692308,0.8076923076923077,0.42857142857142855,0.8571428571428571,0.0004
225,1.358676791191101,1.3578437566757202,0.5192307692307693,0.8269230769230769,0.5,0.8571428571428571,0.0004
226,1.1854841113090515,1.3411922454833984,0.6153846153846154,0.8269230769230769,0.5714285714285714,0.8571428571428571,0.0004
227,1.46720951795578,1.1011571884155273,0.38461538461538464,0.8269230769230769,0.6428571428571429,0.8571428571428571,0.0004
228,1.2395228147506714,1.5660488605499268,0.6153846153846154,0.8269230769230769,0.5714285714285714,0.8571428571428571,0.0004
229,1.4216846227645874,1.6169462203979492,0.5384615384615384,0.8269230769230769,0.35714285714285715,0.8571428571428571,0.0004
230,1.3782895803451538,1.4829235076904297,0.40384615384615385,0.8269230769230769,0.5714285714285714,0.8571428571428571,0.0004
231,1.2255322933197021,1.2771353721618652,0.6346153846153846,0.8461538461538461,0.6428571428571429,0.8571428571428571,0.0004
232,1.2957603335380554,1.1893463134765625,0.5,0.8461538461538461,0.7142857142857143,0.8571428571428571,0.0004
233,1.2954484224319458,1.2993063926696777,0.5192307692307693,0.8269230769230769,0.6428571428571429,0.8571428571428571,0.0004
234,1.308468520641327,1.5398190021514893,0.6346153846153846,0.8461538461538461,0.5,0.8571428571428571,0.0004
235,1.2586721777915955,1.2713048458099365,0.4807692307692308,0.8076923076923077,0.6428571428571429,0.8571428571428571,0.0004
236,1.3086614608764648,1.285050392150879,0.5,0.8269230769230769,0.6428571428571429,0.8571428571428571,0.0004
237,1.4403799772262573,1.02455735206604,0.5384615384615384,0.8269230769230769,0.7142857142857143,0.8571428571428571,0.0004
238,1.3620169758796692,1.520869255065918,0.5192307692307693,0.8269230769230769,0.5,0.8571428571428571,0.0004
239,1.370195746421814,1.762094259262085,0.5192307692307693,0.8269230769230769,0.42857142857142855,0.8571428571428571,0.0004
240,1.3823598623275757,1.551954984664917,0.5576923076923077,0.8269230769230769,0.35714285714285715,0.8571428571428571,0.0004
241,1.2685636281967163,1.2367448806762695,0.5769230769230769,0.8269230769230769,0.5,0.8571428571428571,0.0004
242,1.3455705046653748,1.7858376502990723,0.5576923076923077,0.8076923076923077,0.42857142857142855,0.8571428571428571,0.0004
243,1.3474895358085632,1.2725242376327515,0.5384615384615384,0.8269230769230769,0.5,0.8571428571428571,0.0004
244,1.2524624466896057,1.3637876510620117,0.5192307692307693,0.8269230769230769,0.42857142857142855,0.8571428571428571,0.0004
245,1.4461726546287537,0.9657458066940308,0.5384615384615384,0.8269230769230769,0.7857142857142857,0.8571428571428571,0.0004
246,1.4064855575561523,1.1564562320709229,0.5961538461538461,0.8269230769230769,0.6428571428571429,0.8571428571428571,0.0004
247,1.4187059998512268,1.482614517211914,0.5384615384615384,0.8269230769230769,0.42857142857142855,0.8571428571428571,0.0004
248,1.345011830329895,1.5926600694656372,0.5,0.8269230769230769,0.5,0.8571428571428571,0.0004
249,1.472411870956421,1.0998684167861938,0.40384615384615385,0.8269230769230769,0.7857142857142857,0.8571428571428571,0.0004
250,1.4360865950584412,1.2962056398391724,0.5576923076923077,0.8269230769230769,0.42857142857142855,0.8571428571428571,0.0004
251,1.3163371086120605,1.6046726703643799,0.5769230769230769,0.8076923076923077,0.5,0.8571428571428571,0.0004
252,1.2656383514404297,1.3494064807891846,0.5961538461538461,0.8461538461538461,0.5,0.8571428571428571,0.0004
253,1.2265105843544006,1.717583417892456,0.4807692307692308,0.8269230769230769,0.35714285714285715,0.8571428571428571,0.0004
254,1.5844616293907166,1.4594231843948364,0.5,0.8269230769230769,0.35714285714285715,0.8571428571428571,0.0004
255,1.4174484014511108,1.2010666131973267,0.4807692307692308,0.8269230769230769,0.6428571428571429,0.8571428571428571,0.0004
256,1.426194429397583,1.6232011318206787,0.5384615384615384,0.8461538461538461,0.14285714285714285,0.8571428571428571,0.0004
257,1.3803818225860596,1.1001530885696411,0.5,0.8461538461538461,0.6428571428571429,0.8571428571428571,0.0004
258,1.3572054505348206,1.1863242387771606,0.5961538461538461,0.8269230769230769,0.6428571428571429,0.8571428571428571,0.0004
259,1.3515665531158447,1.319551706314087,0.5,0.8461538461538461,0.42857142857142855,0.8571428571428571,0.0004
260,1.427546203136444,1.3325355052947998,0.4807692307692308,0.8076923076923077,0.5,0.8571428571428571,0.0004
261,1.3293768763542175,1.2601642608642578,0.5769230769230769,0.8269230769230769,0.5714285714285714,0.8571428571428571,0.0004
262,1.4844328165054321,1.3590888977050781,0.5384615384615384,0.8269230769230769,0.42857142857142855,0.8571428571428571,0.0004
263,1.3654686212539673,1.2075119018554688,0.5769230769230769,0.8269230769230769,0.5,0.8571428571428571,0.0004
264,1.3175747394561768,1.6320027112960815,0.5961538461538461,0.8269230769230769,0.2857142857142857,0.8571428571428571,0.0004
265,1.2432374954223633,1.484560251235962,0.5384615384615384,0.8269230769230769,0.5714285714285714,0.8571428571428571,0.0004
266,1.412242591381073,1.080721139907837,0.46153846153846156,0.8269230769230769,0.7857142857142857,0.8571428571428571,0.0004
267,1.286725640296936,1.2690215110778809,0.5384615384615384,0.8461538461538461,0.5,0.8571428571428571,0.0004
268,1.426088809967041,1.0960395336151123,0.6346153846153846,0.7884615384615384,0.5,0.8571428571428571,0.0004
269,1.312407374382019,1.2139568328857422,0.5192307692307693,0.8269230769230769,0.5714285714285714,0.8571428571428571,0.0004
270,1.4428560733795166,1.7209012508392334,0.5384615384615384,0.8269230769230769,0.42857142857142855,0.8571428571428571,0.0004
271,1.4250198602676392,1.4805978536605835,0.5576923076923077,0.8269230769230769,0.5,0.8571428571428571,0.0004
272,1.3337137699127197,1.615890383720398,0.5192307692307693,0.8269230769230769,0.35714285714285715,0.8571428571428571,0.0004
273,1.2851325869560242,1.3821595907211304,0.5961538461538461,0.8269230769230769,0.42857142857142855,0.8571428571428571,0.0004
274,1.4933999180793762,1.2322766780853271,0.46153846153846156,0.8269230769230769,0.7142857142857143,0.8571428571428571,0.0004
275,1.3109568357467651,1.2873061895370483,0.6153846153846154,0.7884615384615384,0.5714285714285714,0.8571428571428571,0.0004
276,1.3312596082687378,1.6599262952804565,0.4423076923076923,0.8461538461538461,0.42857142857142855,0.8571428571428571,0.0004
277,1.3888232707977295,1.02358078956604,0.4807692307692308,0.8461538461538461,0.8571428571428571,0.8571428571428571,0.0004
278,1.2773234844207764,1.7320919036865234,0.6346153846153846,0.8076923076923077,0.42857142857142855,0.8571428571428571,0.0004
279,1.5228086709976196,1.1796694993972778,0.4807692307692308,0.8269230769230769,0.6428571428571429,0.8571428571428571,0.0004
280,1.3839935660362244,1.5462342500686646,0.46153846153846156,0.8076923076923077,0.35714285714285715,0.8571428571428571,0.0004
281,1.3177348971366882,1.3984805345535278,0.5,0.8269230769230769,0.35714285714285715,0.8571428571428571,0.0004
282,1.3948004245758057,1.3479256629943848,0.5192307692307693,0.8461538461538461,0.5714285714285714,0.8571428571428571,0.0004
283,1.37824147939682,1.4378488063812256,0.5384615384615384,0.8461538461538461,0.6428571428571429,0.8571428571428571,0.0004
284,1.2837929725646973,1.4417085647583008,0.5384615384615384,0.8076923076923077,0.5714285714285714,0.8571428571428571,0.0004
285,1.3909079432487488,1.383142113685608,0.5384615384615384,0.8653846153846154,0.6428571428571429,0.8571428571428571,0.0004
286,1.2742332220077515,1.5846682786941528,0.5769230769230769,0.8269230769230769,0.42857142857142855,0.8571428571428571,0.0004
287,1.4245443940162659,1.62559175491333,0.4807692307692308,0.8269230769230769,0.35714285714285715,0.8571428571428571,0.0004
288,1.3466011881828308,1.3744198083877563,0.5576923076923077,0.7884615384615384,0.5,0.8571428571428571,0.0004
289,1.2733232975006104,1.5496771335601807,0.5961538461538461,0.8269230769230769,0.5,0.8571428571428571,0.0004
290,1.3365989923477173,1.57330322265625,0.5192307692307693,0.8269230769230769,0.42857142857142855,0.8571428571428571,0.0004
291,1.3467742800712585,1.5624949932098389,0.5,0.8269230769230769,0.35714285714285715,0.8571428571428571,0.0004
292,1.3324834108352661,1.6696853637695312,0.5576923076923077,0.8269230769230769,0.35714285714285715,0.8571428571428571,0.0004
293,1.391376554965973,1.4043622016906738,0.5576923076923077,0.8076923076923077,0.5,0.8571428571428571,0.0004
294,1.2778208255767822,1.6820496320724487,0.6346153846153846,0.8269230769230769,0.42857142857142855,0.8571428571428571,0.0004
295,1.3851420283317566,1.5324273109436035,0.6538461538461539,0.8269230769230769,0.5,0.8571428571428571,0.0004
296,1.5450347065925598,1.3308485746383667,0.4423076923076923,0.8461538461538461,0.5714285714285714,0.8571428571428571,0.0004
297,1.2671778798103333,1.3985317945480347,0.6153846153846154,0.8269230769230769,0.5,0.8571428571428571,0.0004
298,1.307296872138977,1.3690928220748901,0.5576923076923077,0.8269230769230769,0.42857142857142855,0.8571428571428571,0.0004
299,1.4600713849067688,1.556654930114746,0.5192307692307693,0.8653846153846154,0.5,0.8571428571428571,0.0004
300,1.5534846186637878,1.6121129989624023,0.4423076923076923,0.8076923076923077,0.42857142857142855,0.8571428571428571,0.0004
301,1.383474588394165,1.298136591911316,0.5769230769230769,0.7884615384615384,0.42857142857142855,0.8571428571428571,0.0004
302,1.5442724823951721,1.3199577331542969,0.40384615384615385,0.8269230769230769,0.5,0.8571428571428571,0.0004
303,1.32352215051651,1.4562052488327026,0.5,0.8269230769230769,0.5,0.8571428571428571,0.0004
304,1.3590169548988342,1.4876781702041626,0.5,0.8076923076923077,0.42857142857142855,0.8571428571428571,0.0004
305,1.4400062561035156,1.2632392644882202,0.46153846153846156,0.8269230769230769,0.7142857142857143,0.8571428571428571,0.0004
306,1.3701072335243225,1.2518155574798584,0.5769230769230769,0.8269230769230769,0.5714285714285714,0.8571428571428571,0.0004
307,1.2999500632286072,1.479504108428955,0.5576923076923077,0.8461538461538461,0.5714285714285714,0.8571428571428571,0.0004
308,1.344014585018158,1.3836687803268433,0.5961538461538461,0.8269230769230769,0.35714285714285715,0.8571428571428571,0.0004
309,1.2840362191200256,1.3540289402008057,0.5576923076923077,0.8461538461538461,0.5,0.8571428571428571,0.0004
310,1.3457869291305542,1.29152250289917,0.5384615384615384,0.8269230769230769,0.5,0.8571428571428571,0.0004
311,1.3583271503448486,1.5715117454528809,0.5384615384615384,0.8269230769230769,0.35714285714285715,0.8571428571428571,0.0004
312,1.4217792749404907,1.4500634670257568,0.5384615384615384,0.8269230769230769,0.5714285714285714,0.8571428571428571,0.0004
313,1.4437168836593628,1.3413708209991455,0.4423076923076923,0.8461538461538461,0.5,0.8571428571428571,0.0004
314,1.3102612495422363,1.2204104661941528,0.4807692307692308,0.8076923076923077,0.6428571428571429,0.8571428571428571,0.0004
315,1.3406890630722046,1.3555951118469238,0.5192307692307693,0.8269230769230769,0.6428571428571429,0.8571428571428571,0.0004
316,1.2247433066368103,1.5155267715454102,0.5192307692307693,0.8076923076923077,0.42857142857142855,0.8571428571428571,0.0004
317,1.2482059001922607,1.291784644126892,0.6538461538461539,0.8269230769230769,0.5714285714285714,0.8571428571428571,0.0004
318,1.2693923711776733,1.456648826599121,0.5384615384615384,0.8076923076923077,0.5,0.8571428571428571,0.0004
319,1.3664814233779907,1.4964226484298706,0.4807692307692308,0.8269230769230769,0.42857142857142855,0.8571428571428571,0.0004
320,1.5954282879829407,1.432589054107666,0.5,0.8076923076923077,0.42857142857142855,0.8571428571428571,0.0004
321,1.3505041003227234,1.413503646850586,0.5192307692307693,0.8269230769230769,0.5714285714285714,0.8571428571428571,0.0004
322,1.4680476784706116,1.6481153964996338,0.46153846153846156,0.8269230769230769,0.2857142857142857,0.8571428571428571,0.0004
323,1.395344853401184,1.579904556274414,0.4230769230769231,0.8269230769230769,0.35714285714285715,0.8571428571428571,0.0004
324,1.3685892224311829,1.7960716485977173,0.4807692307692308,0.8076923076923077,0.2857142857142857,0.8571428571428571,0.0004
325,1.5009335279464722,1.132089614868164,0.4807692307692308,0.8269230769230769,0.7142857142857143,0.8571428571428571,0.0004
326,1.374643325805664,1.1422172784805298,0.46153846153846156,0.8076923076923077,0.6428571428571429,0.8571428571428571,0.0004
327,1.2790676355361938,1.5788229703903198,0.6153846153846154,0.8076923076923077,0.5,0.8571428571428571,0.0004
328,1.3324179649353027,1.3228983879089355,0.5576923076923077,0.8461538461538461,0.5,0.8571428571428571,0.0004
329,1.3586074709892273,1.2340013980865479,0.6153846153846154,0.8076923076923077,0.5714285714285714,0.8571428571428571,0.0004
330,1.416103482246399,1.4264408349990845,0.4807692307692308,0.8269230769230769,0.5,0.8571428571428571,0.0004
331,1.39203542470932,1.2949763536453247,0.4807692307692308,0.8269230769230769,0.5,0.8571428571428571,0.0004
332,1.4451323747634888,1.1063138246536255,0.5,0.8076923076923077,0.7857142857142857,0.8571428571428571,0.0004
333,1.265309751033783,1.241689920425415,0.5192307692307693,0.8269230769230769,0.5714285714285714,0.8571428571428571,0.0004
334,1.325007677078247,1.394327163696289,0.5384615384615384,0.8269230769230769,0.5,0.8571428571428571,0.0004
335,1.353874385356903,1.1674801111221313,0.4230769230769231,0.8269230769230769,0.7142857142857143,0.8571428571428571,0.0004
336,1.249904751777649,1.3645009994506836,0.5576923076923077,0.7884615384615384,0.5,0.8571428571428571,0.0004
337,1.3725985884666443,1.4162300825119019,0.5192307692307693,0.8076923076923077,0.5714285714285714,0.8571428571428571,0.0004
338,1.4574758410453796,1.1637670993804932,0.5,0.8461538461538461,0.6428571428571429,0.8571428571428571,0.0004
339,1.330576777458191,1.470424771308899,0.5576923076923077,0.8076923076923077,0.5714285714285714,0.8571428571428571,0.0004
340,1.2645223736763,1.597827434539795,0.6730769230769231,0.7884615384615384,0.35714285714285715,0.8571428571428571,0.0004
341,1.3997533917427063,1.6387462615966797,0.4807692307692308,0.8653846153846154,0.21428571428571427,0.8571428571428571,0.0004
342,1.2415162324905396,1.1946778297424316,0.6346153846153846,0.8653846153846154,0.5714285714285714,0.8571428571428571,0.0004
343,1.4144208431243896,1.542042851448059,0.5,0.8076923076923077,0.35714285714285715,0.8571428571428571,0.0004
344,1.2893304824829102,1.5150628089904785,0.5576923076923077,0.8653846153846154,0.6428571428571429,0.8571428571428571,0.0004
345,1.3036451935768127,1.230582356452942,0.5576923076923077,0.8461538461538461,0.6428571428571429,0.7857142857142857,0.0004
346,1.3641996383666992,1.1709898710250854,0.5961538461538461,0.8269230769230769,0.6428571428571429,0.7142857142857143,0.0004
347,1.301056146621704,1.312840223312378,0.5769230769230769,0.8461538461538461,0.42857142857142855,0.7857142857142857,0.0004
348,1.4349188804626465,1.2571539878845215,0.5384615384615384,0.8076923076923077,0.6428571428571429,0.7857142857142857,0.0004
349,1.389605462551117,1.0434669256210327,0.5576923076923077,0.8461538461538461,0.7142857142857143,0.8571428571428571,0.0004
350,1.2607905268669128,1.3847839832305908,0.5384615384615384,0.8269230769230769,0.42857142857142855,0.7857142857142857,0.0004
351,1.2451249957084656,1.5495994091033936,0.6538461538461539,0.8269230769230769,0.42857142857142855,0.8571428571428571,0.0004
352,1.2836781740188599,1.213727593421936,0.6346153846153846,0.8269230769230769,0.5714285714285714,0.8571428571428571,0.0004
353,1.4980369806289673,1.3626813888549805,0.5,0.8076923076923077,0.35714285714285715,0.8571428571428571,0.0004
354,1.4766002893447876,1.2497880458831787,0.40384615384615385,0.8269230769230769,0.5714285714285714,0.8571428571428571,0.0004
355,1.350190818309784,1.4523544311523438,0.5192307692307693,0.8076923076923077,0.5714285714285714,0.7857142857142857,0.0004
356,1.312061071395874,1.304499864578247,0.6730769230769231,0.8076923076923077,0.6428571428571429,0.8571428571428571,0.0004
357,1.3599807024002075,1.3862130641937256,0.5769230769230769,0.8269230769230769,0.5714285714285714,0.8571428571428571,0.0004
358,1.2364424467086792,1.5302345752716064,0.5576923076923077,0.8076923076923077,0.35714285714285715,0.7857142857142857,0.0004
359,1.4697178602218628,1.5966492891311646,0.4807692307692308,0.8461538461538461,0.42857142857142855,0.8571428571428571,0.0004
360,1.4131609201431274,1.1738489866256714,0.6153846153846154,0.8269230769230769,0.5,0.8571428571428571,0.0004
361,1.209074079990387,1.2623705863952637,0.6153846153846154,0.8461538461538461,0.5714285714285714,0.7857142857142857,0.0004
362,1.304452896118164,1.710669755935669,0.5192307692307693,0.8076923076923077,0.21428571428571427,0.8571428571428571,0.0004
363,1.3023855686187744,1.3972872495651245,0.5961538461538461,0.8076923076923077,0.5,0.7857142857142857,0.0004
364,1.4281442761421204,1.1740933656692505,0.5192307692307693,0.8076923076923077,0.5,0.7857142857142857,0.0004
365,1.2149795889854431,1.1649057865142822,0.6153846153846154,0.8653846153846154,0.6428571428571429,0.8571428571428571,0.0004
366,1.4518048763275146,1.4901893138885498,0.4423076923076923,0.8461538461538461,0.5,0.7857142857142857,0.0004
367,1.2310765385627747,1.1363329887390137,0.6153846153846154,0.8461538461538461,0.6428571428571429,0.7857142857142857,0.0004
368,1.2787092924118042,1.2547627687454224,0.5192307692307693,0.8076923076923077,0.5,0.8571428571428571,0.0004
369,1.3912461400032043,1.3781721591949463,0.5769230769230769,0.8076923076923077,0.6428571428571429,0.7142857142857143,0.0004
370,1.36734539270401,1.1190307140350342,0.5961538461538461,0.8076923076923077,0.6428571428571429,0.8571428571428571,0.0004
371,1.3416908383369446,1.1228621006011963,0.5769230769230769,0.8653846153846154,0.5714285714285714,0.8571428571428571,0.0004
372,1.473338782787323,1.4042301177978516,0.5384615384615384,0.8269230769230769,0.5714285714285714,0.7857142857142857,0.0004
373,1.2713799476623535,1.2907369136810303,0.6153846153846154,0.8653846153846154,0.5714285714285714,0.8571428571428571,0.0004
374,1.3010799884796143,1.471777319908142,0.6538461538461539,0.8461538461538461,0.5,0.8571428571428571,0.0004
375,1.3302321434020996,1.2355214357376099,0.5769230769230769,0.8461538461538461,0.5714285714285714,0.8571428571428571,0.0004
376,1.2382763028144836,1.4227511882781982,0.5961538461538461,0.8076923076923077,0.42857142857142855,0.8571428571428571,0.0004
377,1.3008916974067688,1.1615099906921387,0.5384615384615384,0.8269230769230769,0.6428571428571429,0.8571428571428571,0.0004
378,1.2834709882736206,1.3407196998596191,0.6730769230769231,0.8461538461538461,0.5,0.8571428571428571,0.0004
379,1.4301615953445435,1.294663667678833,0.5576923076923077,0.7692307692307693,0.5714285714285714,0.8571428571428571,0.0004
380,1.3749911785125732,1.1519781351089478,0.5384615384615384,0.8076923076923077,0.6428571428571429,0.8571428571428571,0.0004
381,1.3591180443763733,1.2767890691757202,0.5192307692307693,0.8269230769230769,0.42857142857142855,0.8571428571428571,0.0004
382,1.294573426246643,1.4427571296691895,0.5,0.8269230769230769,0.42857142857142855,0.8571428571428571,0.0004
383,1.4633697271347046,1.2146227359771729,0.4807692307692308,0.8461538461538461,0.6428571428571429,0.8571428571428571,0.0004
384,1.4098995327949524,1.1937390565872192,0.5192307692307693,0.8269230769230769,0.5714285714285714,0.8571428571428571,0.0004
385,1.387794852256775,1.6433422565460205,0.46153846153846156,0.8461538461538461,0.2857142857142857,0.8571428571428571,0.0004
386,1.3510278463363647,1.2747325897216797,0.5769230769230769,0.8269230769230769,0.5714285714285714,0.8571428571428571,0.0004
387,1.321900188922882,1.4682166576385498,0.5384615384615384,0.8269230769230769,0.5,0.8571428571428571,0.0004
388,1.3331410884857178,1.3250129222869873,0.5961538461538461,0.8269230769230769,0.6428571428571429,0.8571428571428571,0.0004
389,1.4217912554740906,1.462293028831482,0.4423076923076923,0.8653846153846154,0.35714285714285715,0.8571428571428571,0.0004
390,1.282240390777588,1.0856053829193115,0.5576923076923077,0.8076923076923077,0.6428571428571429,0.8571428571428571,0.0004
391,1.3025768399238586,1.28020441532135,0.6346153846153846,0.8076923076923077,0.5714285714285714,0.8571428571428571,0.0004
392,1.1945017576217651,1.362959861755371,0.6346153846153846,0.8269230769230769,0.5714285714285714,0.8571428571428571,0.0004
393,1.5417568683624268,1.2927656173706055,0.4230769230769231,0.8269230769230769,0.5,0.8571428571428571,0.0004
394,1.3638899326324463,1.528536319732666,0.5576923076923077,0.8461538461538461,0.42857142857142855,0.8571428571428571,0.0004
395,1.3484796285629272,1.4615516662597656,0.5192307692307693,0.8461538461538461,0.35714285714285715,0.8571428571428571,0.0004
396,1.2555100321769714,1.2472679615020752,0.6346153846153846,0.8269230769230769,0.5,0.8571428571428571,0.0004
397,1.2777444124221802,1.3895814418792725,0.6346153846153846,0.8269230769230769,0.42857142857142855,0.8571428571428571,0.0004
398,1.2625498175621033,1.4271479845046997,0.5576923076923077,0.8076923076923077,0.35714285714285715,0.8571428571428571,0.0004
399,1.3493596315383911,1.224404215812683,0.5576923076923077,0.8269230769230769,0.5714285714285714,0.8571428571428571,0.0004
400,1.3538985848426819,1.4045742750167847,0.5192307692307693,0.8269230769230769,0.5,0.8571428571428571,0.0004
401,1.4011656641960144,1.3366563320159912,0.5192307692307693,0.8076923076923077,0.5714285714285714,0.8571428571428571,0.0004
402,1.3779993653297424,1.2037770748138428,0.4807692307692308,0.8461538461538461,0.7142857142857143,0.8571428571428571,0.0004
403,1.3034605979919434,1.417211651802063,0.5576923076923077,0.8461538461538461,0.42857142857142855,0.8571428571428571,0.0004
404,1.2734020948410034,1.3807215690612793,0.6153846153846154,0.8269230769230769,0.5714285714285714,0.8571428571428571,0.0004
405,1.342468500137329,1.223082184791565,0.5384615384615384,0.8076923076923077,0.6428571428571429,0.8571428571428571,0.0004
406,1.325380563735962,1.323434591293335,0.5,0.7884615384615384,0.5,0.8571428571428571,0.0004
407,1.3590511679649353,1.4963033199310303,0.5961538461538461,0.7884615384615384,0.42857142857142855,0.8571428571428571,0.0004
408,1.3023126125335693,1.3427129983901978,0.5769230769230769,0.8269230769230769,0.5,0.8571428571428571,0.0004
409,1.3928656578063965,1.565702199935913,0.4807692307692308,0.8269230769230769,0.42857142857142855,0.8571428571428571,0.0004
410,1.4535837173461914,1.4780654907226562,0.4807692307692308,0.7692307692307693,0.5,0.8571428571428571,0.0004
411,1.2648487091064453,1.5493853092193604,0.5769230769230769,0.8076923076923077,0.5714285714285714,0.8571428571428571,0.0004
412,1.662913978099823,1.1016910076141357,0.40384615384615385,0.8076923076923077,0.7857142857142857,0.8571428571428571,0.0004
413,1.4094187021255493,1.3306978940963745,0.5961538461538461,0.8269230769230769,0.5714285714285714,0.8571428571428571,0.0004
414,1.2881211638450623,1.0634007453918457,0.6153846153846154,0.8461538461538461,0.7142857142857143,0.8571428571428571,0.0004
415,1.208942949771881,1.2824604511260986,0.6153846153846154,0.8076923076923077,0.5714285714285714,0.8571428571428571,0.0004
416,1.443237066268921,1.4287420511245728,0.5,0.8269230769230769,0.5714285714285714,0.8571428571428571,0.0004
417,1.4202481508255005,1.455864667892456,0.5192307692307693,0.8076923076923077,0.5,0.8571428571428571,0.0004
418,1.3293049931526184,1.426601767539978,0.4807692307692308,0.8269230769230769,0.35714285714285715,0.8571428571428571,0.0004
419,1.4637197852134705,1.5638878345489502,0.5769230769230769,0.8269230769230769,0.35714285714285715,0.8571428571428571,0.0004
420,1.28856760263443,1.0912724733352661,0.5961538461538461,0.8269230769230769,0.7857142857142857,0.8571428571428571,0.0004
421,1.222532570362091,1.2715038061141968,0.6346153846153846,0.8269230769230769,0.5714285714285714,0.8571428571428571,0.0004
422,1.3290323615074158,1.4538038969039917,0.5576923076923077,0.8461538461538461,0.5714285714285714,0.8571428571428571,0.0004
423,1.4250956177711487,1.118024230003357,0.5192307692307693,0.8461538461538461,0.6428571428571429,0.8571428571428571,0.0004
424,1.5534430146217346,1.3056645393371582,0.5576923076923077,0.7692307692307693,0.5714285714285714,0.8571428571428571,0.0004
425,1.1024571657180786,1.5245437622070312,0.7692307692307693,0.8653846153846154,0.5714285714285714,0.8571428571428571,0.0004
426,1.398279070854187,1.2848005294799805,0.6153846153846154,0.8269230769230769,0.5714285714285714,0.8571428571428571,0.0004
427,1.2483890652656555,1.3113911151885986,0.5384615384615384,0.8461538461538461,0.6428571428571429,0.8571428571428571,0.0004
428,1.3512888550758362,1.3457984924316406,0.5576923076923077,0.8269230769230769,0.5714285714285714,0.8571428571428571,0.0004
429,1.283402144908905,1.2052745819091797,0.6538461538461539,0.8461538461538461,0.6428571428571429,0.8571428571428571,0.0004
430,1.0981755256652832,0.9472142457962036,0.75,0.8269230769230769,0.7857142857142857,0.8571428571428571,0.0004
431,1.2701192498207092,1.1683635711669922,0.6346153846153846,0.8269230769230769,0.5714285714285714,0.8571428571428571,0.0004
432,1.210067629814148,1.1153172254562378,0.6346153846153846,0.8653846153846154,0.7142857142857143,0.8571428571428571,0.0004
433,1.260744035243988,1.2664484977722168,0.6153846153846154,0.8076923076923077,0.5714285714285714,0.8571428571428571,0.0004
434,1.243082880973816,1.282688021659851,0.6153846153846154,0.8269230769230769,0.5,0.8571428571428571,0.0004
435,1.4092759490013123,1.2306053638458252,0.5576923076923077,0.8269230769230769,0.6428571428571429,0.8571428571428571,0.0004
436,1.215946912765503,1.2266943454742432,0.6153846153846154,0.8461538461538461,0.6428571428571429,0.8571428571428571,0.0004
437,1.1856663227081299,1.151952862739563,0.6153846153846154,0.8461538461538461,0.5,0.8571428571428571,0.0004
438,1.236491084098816,1.2230117321014404,0.6346153846153846,0.8461538461538461,0.6428571428571429,0.8571428571428571,0.0004
439,1.3217424154281616,1.2306647300720215,0.5384615384615384,0.8269230769230769,0.6428571428571429,0.8571428571428571,0.0004
440,1.201962023973465,1.2241277694702148,0.6153846153846154,0.8461538461538461,0.5714285714285714,0.8571428571428571,0.0004
441,1.2456367015838623,1.5602104663848877,0.5769230769230769,0.8269230769230769,0.42857142857142855,0.8571428571428571,0.0004
442,1.2380653023719788,1.1728183031082153,0.6153846153846154,0.8461538461538461,0.5,0.8571428571428571,0.0004
443,1.4594765901565552,1.487367868423462,0.4807692307692308,0.7692307692307693,0.5,0.8571428571428571,0.0004
444,1.322892665863037,1.5557149648666382,0.6346153846153846,0.8269230769230769,0.5,0.8571428571428571,0.0004
445,1.1784906387329102,1.4042448997497559,0.7115384615384616,0.8269230769230769,0.5,0.8571428571428571,0.0004
446,1.2116116881370544,1.0187711715698242,0.6346153846153846,0.8269230769230769,0.7142857142857143,0.8571428571428571,0.0004
447,1.3553109169006348,1.1591824293136597,0.5384615384615384,0.8269230769230769,0.6428571428571429,0.8571428571428571,0.0004
448,1.4059510231018066,1.3684732913970947,0.6153846153846154,0.8269230769230769,0.5714285714285714,0.8571428571428571,0.0004
449,1.2053558826446533,1.2481423616409302,0.6730769230769231,0.8269230769230769,0.5714285714285714,0.8571428571428571,0.0004
450,1.1183870434761047,1.172554612159729,0.6538461538461539,0.8461538461538461,0.6428571428571429,0.8571428571428571,0.0004
451,1.380937397480011,1.4516584873199463,0.5384615384615384,0.8269230769230769,0.5,0.8571428571428571,0.0004
452,1.299056351184845,1.222172498703003,0.5384615384615384,0.7884615384615384,0.5,0.8571428571428571,0.0004
453,1.416601836681366,1.4894273281097412,0.5576923076923077,0.7884615384615384,0.5,0.8571428571428571,0.0004
454,1.125661849975586,1.2309327125549316,0.5769230769230769,0.8461538461538461,0.42857142857142855,0.8571428571428571,0.0004
455,1.3997239470481873,1.337213158607483,0.5,0.8076923076923077,0.5714285714285714,0.8571428571428571,0.0004
456,1.4290805459022522,1.135460376739502,0.5,0.8269230769230769,0.6428571428571429,0.7857142857142857,0.0004
457,1.307650864124298,1.7808177471160889,0.6153846153846154,0.8076923076923077,0.2857142857142857,0.8571428571428571,0.0004
458,1.381422996520996,1.3953313827514648,0.5961538461538461,0.8461538461538461,0.5714285714285714,0.7142857142857143,0.0004
459,1.392362356185913,1.4522578716278076,0.5384615384615384,0.8076923076923077,0.5,0.8571428571428571,0.0004
460,1.2321481704711914,1.628027319908142,0.6346153846153846,0.8076923076923077,0.2857142857142857,0.8571428571428571,0.0004
461,1.3516324758529663,1.5023894309997559,0.5192307692307693,0.7692307692307693,0.42857142857142855,0.8571428571428571,0.0004
462,1.5021058320999146,1.5605779886245728,0.6346153846153846,0.8269230769230769,0.42857142857142855,0.8571428571428571,0.0004
463,1.2987182140350342,1.12632155418396,0.5192307692307693,0.8076923076923077,0.7142857142857143,0.8571428571428571,0.0004
464,1.3619614839553833,1.583171010017395,0.5192307692307693,0.8269230769230769,0.2857142857142857,0.8571428571428571,0.0004
465,1.3386733531951904,1.459014892578125,0.5,0.8269230769230769,0.42857142857142855,0.8571428571428571,0.0004
466,1.2951166033744812,1.2534446716308594,0.5576923076923077,0.7884615384615384,0.5,0.8571428571428571,0.0004
467,1.2315013408660889,1.4181647300720215,0.5769230769230769,0.8461538461538461,0.5,0.8571428571428571,0.0004
468,1.2531784176826477,1.2175755500793457,0.6153846153846154,0.8269230769230769,0.6428571428571429,0.8571428571428571,0.0004
469,1.3854820728302002,1.5209804773330688,0.5,0.8461538461538461,0.42857142857142855,0.8571428571428571,0.0004
470,1.3171920776367188,1.2934861183166504,0.5769230769230769,0.8269230769230769,0.42857142857142855,0.8571428571428571,0.0004
471,1.2360855340957642,1.1787176132202148,0.5576923076923077,0.8461538461538461,0.5714285714285714,0.8571428571428571,0.0004
472,1.2716700434684753,1.2888848781585693,0.6346153846153846,0.8461538461538461,0.6428571428571429,0.8571428571428571,0.0004
473,1.307735800743103,1.3014864921569824,0.5576923076923077,0.8076923076923077,0.5714285714285714,0.8571428571428571,0.0004
474,1.3443084359169006,1.4365017414093018,0.5961538461538461,0.8269230769230769,0.35714285714285715,0.8571428571428571,0.0004
475,1.3083519339561462,1.335498571395874,0.5769230769230769,0.8076923076923077,0.42857142857142855,0.8571428571428571,0.0004
476,1.3615845441818237,1.2525966167449951,0.6346153846153846,0.8269230769230769,0.5714285714285714,0.8571428571428571,0.0004
477,1.2658568620681763,1.4883114099502563,0.5961538461538461,0.8076923076923077,0.42857142857142855,0.8571428571428571,0.0004
478,1.3711429238319397,1.4853878021240234,0.5384615384615384,0.8076923076923077,0.42857142857142855,0.8571428571428571,0.0004
479,1.3017586469650269,1.6022857427597046,0.5769230769230769,0.8269230769230769,0.35714285714285715,0.8571428571428571,0.0004
480,1.3211676478385925,1.2543351650238037,0.6153846153846154,0.8269230769230769,0.5,0.8571428571428571,0.0004
481,1.4862393140792847,1.2243523597717285,0.5576923076923077,0.8269230769230769,0.6428571428571429,0.8571428571428571,0.0004
482,1.2903615832328796,1.3824026584625244,0.6346153846153846,0.8269230769230769,0.5,0.8571428571428571,0.0004
483,1.2223070859909058,1.3860785961151123,0.6346153846153846,0.8269230769230769,0.5,0.8571428571428571,0.0004
484,1.2837733626365662,0.9446452856063843,0.5961538461538461,0.8076923076923077,0.7857142857142857,0.8571428571428571,0.0004
485,1.2341320514678955,1.0557860136032104,0.5961538461538461,0.8076923076923077,0.7142857142857143,0.8571428571428571,0.0004
486,1.2766548991203308,1.3010482788085938,0.6153846153846154,0.8269230769230769,0.6428571428571429,0.8571428571428571,0.0004
487,1.4199593663215637,1.2069363594055176,0.5384615384615384,0.8076923076923077,0.5714285714285714,0.8571428571428571,0.0004
488,1.3294323682785034,1.1749088764190674,0.5961538461538461,0.8076923076923077,0.5,0.8571428571428571,0.0004
489,1.2874563336372375,1.0872557163238525,0.5769230769230769,0.8269230769230769,0.7142857142857143,0.8571428571428571,0.0004
490,1.3552459478378296,1.5495774745941162,0.5961538461538461,0.8269230769230769,0.35714285714285715,0.8571428571428571,0.0004
491,1.2111341953277588,1.2425568103790283,0.5961538461538461,0.8269230769230769,0.6428571428571429,0.8571428571428571,0.0004
492,1.3552557826042175,1.360382080078125,0.5192307692307693,0.8269230769230769,0.6428571428571429,0.8571428571428571,0.0004
493,1.37201327085495,1.135053277015686,0.5384615384615384,0.8269230769230769,0.7142857142857143,0.8571428571428571,0.0004
494,1.241210162639618,1.5862431526184082,0.6538461538461539,0.8269230769230769,0.42857142857142855,0.8571428571428571,0.0004
495,1.3101545572280884,1.1053218841552734,0.5,0.8076923076923077,0.6428571428571429,0.8571428571428571,0.0004
496,1.3771170377731323,1.2679271697998047,0.5384615384615384,0.8076923076923077,0.6428571428571429,0.8571428571428571,0.0004
497,1.3023808002471924,1.2148761749267578,0.5,0.8076923076923077,0.5714285714285714,0.8571428571428571,0.0004
498,1.2571647763252258,1.43733549118042,0.5384615384615384,0.8269230769230769,0.5,0.8571428571428571,0.0004
499,1.3723540902137756,1.5681794881820679,0.5961538461538461,0.8269230769230769,0.35714285714285715,0.8571428571428571,0.0004
500,1.292117953300476,1.1878560781478882,0.6346153846153846,0.8269230769230769,0.5,0.8571428571428571,0.0004
501,1.199837565422058,1.4347407817840576,0.6153846153846154,0.8461538461538461,0.5,0.8571428571428571,0.0004
502,1.2411527037620544,1.14691162109375,0.6153846153846154,0.8269230769230769,0.5,0.8571428571428571,0.0004
503,1.3188623189926147,1.4166523218154907,0.6346153846153846,0.8461538461538461,0.5714285714285714,0.8571428571428571,0.0004
504,1.2846972942352295,1.1898472309112549,0.5961538461538461,0.8076923076923077,0.6428571428571429,0.8571428571428571,0.0004
505,1.158610224723816,1.333524465560913,0.6730769230769231,0.8269230769230769,0.5,0.8571428571428571,0.0004
506,1.2220577597618103,1.40346097946167,0.5576923076923077,0.8269230769230769,0.42857142857142855,0.8571428571428571,0.0004
507,1.2923097610473633,0.9594849348068237,0.6153846153846154,0.8269230769230769,0.8571428571428571,0.8571428571428571,0.0004
508,1.2334399819374084,1.142380952835083,0.6346153846153846,0.8269230769230769,0.5714285714285714,0.8571428571428571,0.0004
509,1.4465663433074951,1.2609891891479492,0.5576923076923077,0.8269230769230769,0.5,0.8571428571428571,0.0004
510,1.1717872619628906,1.3285140991210938,0.6153846153846154,0.8076923076923077,0.6428571428571429,0.8571428571428571,0.0004
511,1.4218178391456604,1.305810809135437,0.5769230769230769,0.8269230769230769,0.5,0.8571428571428571,0.0004
512,1.1157979369163513,1.450238585472107,0.6730769230769231,0.8269230769230769,0.5,0.8571428571428571,0.0004
513,1.3530763983726501,1.330469012260437,0.5769230769230769,0.8269230769230769,0.6428571428571429,0.8571428571428571,0.0004
514,1.1928304433822632,1.3555289506912231,0.6346153846153846,0.8269230769230769,0.6428571428571429,0.8571428571428571,0.0004
515,1.3007760047912598,1.4230437278747559,0.5961538461538461,0.8461538461538461,0.5714285714285714,0.8571428571428571,0.0004
516,1.2115333080291748,1.255030632019043,0.5384615384615384,0.8269230769230769,0.5,0.8571428571428571,0.0004
517,1.1955827176570892,1.6761839389801025,0.6538461538461539,0.8269230769230769,0.42857142857142855,0.8571428571428571,0.0004
518,1.3348894715309143,1.307741641998291,0.5961538461538461,0.8461538461538461,0.6428571428571429,0.8571428571428571,0.0004
519,1.170649766921997,1.185807466506958,0.6923076923076923,0.8269230769230769,0.5714285714285714,0.8571428571428571,0.0004
520,1.4782432317733765,1.2262635231018066,0.5576923076923077,0.8269230769230769,0.5,0.8571428571428571,0.0004
521,1.2453898191452026,1.6230548620224,0.6153846153846154,0.8269230769230769,0.42857142857142855,0.8571428571428571,0.0004
522,1.310308039188385,1.7789971828460693,0.5961538461538461,0.8461538461538461,0.35714285714285715,0.8571428571428571,0.0004
523,1.2156071662902832,1.4900048971176147,0.5961538461538461,0.8461538461538461,0.5,0.8571428571428571,0.0004
524,1.234348177909851,1.2007275819778442,0.6538461538461539,0.8653846153846154,0.5714285714285714,0.8571428571428571,0.0004
525,1.3070852160453796,1.6328399181365967,0.5384615384615384,0.8269230769230769,0.35714285714285715,0.8571428571428571,0.0004
526,1.2190833687782288,1.4945988655090332,0.5961538461538461,0.8269230769230769,0.42857142857142855,0.8571428571428571,0.0004
527,1.2379943132400513,1.2109477519989014,0.5961538461538461,0.8076923076923077,0.5,0.8571428571428571,0.0004
528,1.1764113306999207,1.05109441280365,0.7115384615384616,0.8269230769230769,0.7857142857142857,0.8571428571428571,0.0004
529,1.2047157883644104,1.574462890625,0.5961538461538461,0.8076923076923077,0.5,0.8571428571428571,0.0004
530,1.2276604175567627,1.2665828466415405,0.6153846153846154,0.8846153846153846,0.6428571428571429,0.8571428571428571,0.0004
531,1.1244481801986694,1.0730193853378296,0.6730769230769231,0.8269230769230769,0.5714285714285714,0.8571428571428571,0.0004
532,1.2485325336456299,1.663863182067871,0.5961538461538461,0.8269230769230769,0.5,0.8571428571428571,0.0004
533,1.1360418796539307,1.1281745433807373,0.5769230769230769,0.8461538461538461,0.5,0.8571428571428571,0.0004
534,1.2897335886955261,1.0964101552963257,0.5769230769230769,0.8461538461538461,0.7142857142857143,0.8571428571428571,0.0004
535,1.307881236076355,1.587486743927002,0.6538461538461539,0.7884615384615384,0.42857142857142855,0.8571428571428571,0.0004
536,1.2073816657066345,1.0856833457946777,0.6153846153846154,0.8653846153846154,0.5714285714285714,0.8571428571428571,0.0004
537,1.213161826133728,1.7767462730407715,0.6538461538461539,0.8076923076923077,0.35714285714285715,0.7857142857142857,0.0004
538,1.4452581405639648,1.2936091423034668,0.5384615384615384,0.8269230769230769,0.5,0.8571428571428571,0.0004
539,1.2905957698822021,1.4809281826019287,0.5384615384615384,0.8461538461538461,0.5,0.8571428571428571,0.0004
540,1.3779851794242859,1.11752188205719,0.6153846153846154,0.8653846153846154,0.5714285714285714,0.8571428571428571,0.0004
541,1.2524470686912537,1.72432541847229,0.6346153846153846,0.8269230769230769,0.42857142857142855,0.8571428571428571,0.0004
542,1.3812955021858215,1.237044334411621,0.5576923076923077,0.8269230769230769,0.5,0.8571428571428571,0.0004
543,1.2768620252609253,1.175836443901062,0.5961538461538461,0.8269230769230769,0.5714285714285714,0.8571428571428571,0.0004
544,1.2003408074378967,1.376787543296814,0.5961538461538461,0.8461538461538461,0.42857142857142855,0.8571428571428571,0.0004
545,1.1548516154289246,1.2675726413726807,0.6730769230769231,0.8269230769230769,0.5714285714285714,0.7857142857142857,0.0004
546,1.1199235320091248,1.3235468864440918,0.7115384615384616,0.8269230769230769,0.5714285714285714,0.8571428571428571,0.0004
547,1.2071465849876404,1.0604362487792969,0.6153846153846154,0.8461538461538461,0.6428571428571429,0.8571428571428571,0.0004
548,1.102778434753418,1.4587712287902832,0.6346153846153846,0.8846153846153846,0.5,0.7857142857142857,0.0004
549,1.1908992528915405,1.535328984260559,0.6538461538461539,0.8653846153846154,0.2857142857142857,0.8571428571428571,0.0004
550,1.2672038078308105,1.3025734424591064,0.6346153846153846,0.8076923076923077,0.6428571428571429,0.7857142857142857,0.0004
551,1.077349066734314,1.185979962348938,0.6923076923076923,0.8846153846153846,0.6428571428571429,0.8571428571428571,0.0004
552,1.2031704187393188,1.5200791358947754,0.6538461538461539,0.8269230769230769,0.5,0.7857142857142857,0.0004
553,1.2647252082824707,1.4003260135650635,0.5769230769230769,0.7884615384615384,0.5714285714285714,0.8571428571428571,0.0004
554,1.3621821403503418,1.303676962852478,0.5769230769230769,0.8076923076923077,0.5,0.8571428571428571,0.0004
555,1.2301790714263916,0.9874303340911865,0.5384615384615384,0.8076923076923077,0.6428571428571429,0.8571428571428571,0.0004
556,1.1191242337226868,1.1366642713546753,0.6346153846153846,0.8269230769230769,0.6428571428571429,0.8571428571428571,0.0004
557,1.2222987413406372,1.3758506774902344,0.6153846153846154,0.8269230769230769,0.5714285714285714,0.7142857142857143,0.0004
558,1.3482522368431091,0.9389503598213196,0.5576923076923077,0.8076923076923077,0.7857142857142857,0.7857142857142857,0.0004
559,1.2258974313735962,0.8694180250167847,0.7307692307692307,0.8653846153846154,0.7142857142857143,0.8571428571428571,0.0004
560,1.4250741004943848,1.196346640586853,0.5,0.7692307692307693,0.6428571428571429,0.8571428571428571,0.0004
561,1.1978178024291992,1.668433427810669,0.6346153846153846,0.8461538461538461,0.42857142857142855,0.7142857142857143,0.0004
562,1.3709504008293152,1.4449081420898438,0.5192307692307693,0.8076923076923077,0.5714285714285714,0.6428571428571429,0.0004
563,1.3083302974700928,1.128551959991455,0.5961538461538461,0.8076923076923077,0.5714285714285714,0.8571428571428571,0.0004
564,1.3007882237434387,1.3580148220062256,0.5769230769230769,0.8461538461538461,0.5,0.7142857142857143,0.0004
565,1.1942930221557617,1.437204122543335,0.6538461538461539,0.9230769230769231,0.5714285714285714,0.7857142857142857,0.0004
566,1.3794233798980713,1.056473731994629,0.5576923076923077,0.7884615384615384,0.7142857142857143,0.7857142857142857,0.0004
567,1.2994319796562195,1.0128087997436523,0.6153846153846154,0.8461538461538461,0.5714285714285714,0.8571428571428571,0.0004
568,1.4015469551086426,1.329450011253357,0.46153846153846156,0.7884615384615384,0.42857142857142855,0.8571428571428571,0.0004
569,1.2007858753204346,1.3258013725280762,0.6153846153846154,0.8653846153846154,0.5,0.7857142857142857,0.0004
570,1.1101706326007843,1.7776075601577759,0.6346153846153846,0.8653846153846154,0.35714285714285715,0.7857142857142857,0.0004
571,1.4473470449447632,1.6922005414962769,0.5,0.7115384615384616,0.42857142857142855,0.7857142857142857,0.0004
572,1.2789869904518127,1.0993561744689941,0.5769230769230769,0.8653846153846154,0.7142857142857143,0.6428571428571429,0.0004
573,1.3019837737083435,1.0902366638183594,0.6153846153846154,0.8076923076923077,0.6428571428571429,0.8571428571428571,0.0004
574,1.1905204057693481,1.1528294086456299,0.6346153846153846,0.8076923076923077,0.6428571428571429,0.7857142857142857,0.0004
575,1.0723044276237488,1.5286345481872559,0.6730769230769231,0.8461538461538461,0.42857142857142855,0.7857142857142857,0.0004
576,0.9985650181770325,1.4744319915771484,0.6923076923076923,0.8846153846153846,0.5714285714285714,0.7857142857142857,0.0004
577,1.3442478775978088,1.1948530673980713,0.5961538461538461,0.7307692307692307,0.5714285714285714,0.7142857142857143,0.0004
578,1.3432267904281616,1.6215476989746094,0.6538461538461539,0.8461538461538461,0.42857142857142855,0.7857142857142857,0.0004
579,1.296078622341156,1.4382519721984863,0.5769230769230769,0.8461538461538461,0.5,0.7857142857142857,0.0004
580,1.071983426809311,1.3587156534194946,0.7115384615384616,0.8461538461538461,0.5,0.7857142857142857,0.0004
581,1.165381908416748,1.1991169452667236,0.6346153846153846,0.8653846153846154,0.5,0.7857142857142857,0.0004
582,1.245984435081482,1.2306820154190063,0.5769230769230769,0.8461538461538461,0.5714285714285714,0.7857142857142857,0.0004
583,1.3311196565628052,1.4508016109466553,0.6153846153846154,0.8461538461538461,0.42857142857142855,0.8571428571428571,0.0004
584,1.2488060593605042,1.617966651916504,0.6346153846153846,0.8461538461538461,0.42857142857142855,0.7142857142857143,0.0004
585,1.1447740197181702,1.550396203994751,0.6153846153846154,0.8653846153846154,0.5,0.7142857142857143,0.0004
586,1.3332974314689636,1.4054205417633057,0.5769230769230769,0.8076923076923077,0.5,0.7142857142857143,0.0004
587,1.1999195218086243,1.2825567722320557,0.6346153846153846,0.8269230769230769,0.5714285714285714,0.7857142857142857,0.0004
588,1.2665532231330872,1.5132280588150024,0.5961538461538461,0.8653846153846154,0.5,0.7142857142857143,0.0004
589,1.3288792371749878,1.2601172924041748,0.5961538461538461,0.7692307692307693,0.42857142857142855,0.8571428571428571,0.0004
590,1.2089738249778748,1.136073112487793,0.6346153846153846,0.8269230769230769,0.5714285714285714,0.8571428571428571,0.0004
591,1.2574925422668457,1.3005298376083374,0.6730769230769231,0.8269230769230769,0.5,0.7857142857142857,0.0004
592,1.3399615287780762,1.2720698118209839,0.5769230769230769,0.8461538461538461,0.5714285714285714,0.9285714285714286,0.0004
593,1.4387826323509216,1.516969919204712,0.5961538461538461,0.7692307692307693,0.5,0.5714285714285714,0.0004
594,1.4055758118629456,1.223570704460144,0.5384615384615384,0.8653846153846154,0.5714285714285714,0.7142857142857143,0.0004
595,1.1917117834091187,1.43450927734375,0.6730769230769231,0.8076923076923077,0.5,0.6428571428571429,0.0004
596,1.3761272430419922,1.2599825859069824,0.5769230769230769,0.7307692307692307,0.5,0.9285714285714286,0.0004
597,1.1886918544769287,1.5917952060699463,0.6538461538461539,0.8461538461538461,0.35714285714285715,0.7857142857142857,0.0004
598,1.2508506178855896,1.2053747177124023,0.5769230769230769,0.8461538461538461,0.5714285714285714,0.7142857142857143,0.0004
599,1.300557017326355,1.2617394924163818,0.5769230769230769,0.8269230769230769,0.5714285714285714,0.7857142857142857,0.0004
600,1.565956711769104,1.346290111541748,0.5192307692307693,0.8076923076923077,0.42857142857142855,0.7857142857142857,0.0004
601,1.3198888897895813,1.5504133701324463,0.6346153846153846,0.7884615384615384,0.5,0.6428571428571429,0.0004
602,1.2284175157546997,1.5318999290466309,0.6346153846153846,0.8461538461538461,0.5,0.6428571428571429,0.0004
603,1.2175716161727905,1.6278265714645386,0.6730769230769231,0.8461538461538461,0.5,0.6428571428571429,0.0004
604,1.1481982171535492,1.1376315355300903,0.5961538461538461,0.8461538461538461,0.6428571428571429,0.7142857142857143,0.0004
605,1.27205091714859,0.8979347944259644,0.6153846153846154,0.8269230769230769,0.7857142857142857,0.7142857142857143,0.0004
606,1.1430653929710388,1.2047818899154663,0.6730769230769231,0.8461538461538461,0.7142857142857143,0.6428571428571429,0.0004
607,1.217883288860321,1.3107577562332153,0.6346153846153846,0.8461538461538461,0.42857142857142855,0.8571428571428571,0.0004
608,1.283780038356781,1.5866217613220215,0.5769230769230769,0.8461538461538461,0.42857142857142855,0.7142857142857143,0.0004
609,1.1277005076408386,1.4496604204177856,0.6923076923076923,0.8269230769230769,0.42857142857142855,0.7857142857142857,0.0004
610,1.3836971521377563,1.177443027496338,0.5192307692307693,0.8461538461538461,0.5714285714285714,0.8571428571428571,0.0004
611,1.3643130660057068,0.9848713874816895,0.5192307692307693,0.8076923076923077,0.7142857142857143,0.7857142857142857,0.0004
612,1.4357746243476868,1.4143404960632324,0.5192307692307693,0.8269230769230769,0.5,0.7142857142857143,0.0004
613,1.338416576385498,1.3974730968475342,0.5961538461538461,0.7884615384615384,0.42857142857142855,0.8571428571428571,0.0004
614,1.2171930074691772,1.2881505489349365,0.6153846153846154,0.8269230769230769,0.5714285714285714,0.7142857142857143,0.0004
615,1.3300991654396057,1.2220510244369507,0.6153846153846154,0.8269230769230769,0.5,0.8571428571428571,0.0004
616,1.3657875061035156,1.3795952796936035,0.5576923076923077,0.8653846153846154,0.5,0.7857142857142857,0.0004
617,1.456602156162262,1.5738075971603394,0.5,0.8461538461538461,0.35714285714285715,0.7857142857142857,0.0004
618,1.4168052077293396,1.179337501525879,0.5384615384615384,0.8269230769230769,0.7142857142857143,0.7142857142857143,0.0004
619,1.2846390008926392,1.5354135036468506,0.5576923076923077,0.8653846153846154,0.42857142857142855,0.7857142857142857,0.0004
620,1.3252658247947693,1.2172211408615112,0.5,0.8653846153846154,0.6428571428571429,0.7142857142857143,0.0004
621,1.2069688141345978,1.456313133239746,0.6153846153846154,0.8461538461538461,0.42857142857142855,0.7142857142857143,0.0004
622,1.2749456763267517,1.1086020469665527,0.6538461538461539,0.8269230769230769,0.6428571428571429,0.7857142857142857,0.0004
623,1.0624650120735168,1.2314271926879883,0.7115384615384616,0.8269230769230769,0.42857142857142855,0.8571428571428571,0.0004
624,1.2076749205589294,1.4976906776428223,0.6730769230769231,0.8461538461538461,0.5,0.7857142857142857,0.0004
625,1.1780278086662292,1.0192246437072754,0.6346153846153846,0.8653846153846154,0.8571428571428571,0.7857142857142857,0.0004
626,1.1045289039611816,1.0090031623840332,0.6346153846153846,0.8461538461538461,0.7142857142857143,0.7857142857142857,0.0004
627,1.1100372076034546,1.1307499408721924,0.6538461538461539,0.9038461538461539,0.6428571428571429,0.7857142857142857,0.0004
628,1.2686594128608704,1.4016971588134766,0.5769230769230769,0.8076923076923077,0.5,0.7857142857142857,0.0004
629,1.5237377285957336,1.199959635734558,0.5576923076923077,0.8269230769230769,0.5714285714285714,0.7857142857142857,0.0004
630,1.0544440746307373,1.4330878257751465,0.7115384615384616,0.8846153846153846,0.42857142857142855,0.8571428571428571,0.0004
631,1.2823318839073181,1.064528226852417,0.5961538461538461,0.7884615384615384,0.5714285714285714,0.7857142857142857,0.0004
632,1.1605770885944366,1.2702497243881226,0.6153846153846154,0.8461538461538461,0.5714285714285714,0.7857142857142857,0.0004
633,1.249878168106079,1.621331810951233,0.6346153846153846,0.7884615384615384,0.2857142857142857,0.7857142857142857,0.0004
634,1.204859435558319,1.2084603309631348,0.6730769230769231,0.7692307692307693,0.5714285714285714,0.7142857142857143,0.0004
635,1.136906623840332,1.240248441696167,0.5961538461538461,0.8653846153846154,0.5714285714285714,0.8571428571428571,0.0004
636,1.2994900941848755,1.5435450077056885,0.6153846153846154,0.7884615384615384,0.5,0.7857142857142857,0.0004
637,0.9908357262611389,1.5794340372085571,0.6730769230769231,0.9230769230769231,0.42857142857142855,0.7857142857142857,0.0004
638,1.2642171382904053,1.1219837665557861,0.5192307692307693,0.8269230769230769,0.6428571428571429,0.7142857142857143,0.0004
639,1.3453094959259033,1.574931263923645,0.5384615384615384,0.8076923076923077,0.42857142857142855,0.7142857142857143,0.0004
640,1.1771035194396973,1.1635890007019043,0.6538461538461539,0.8269230769230769,0.5714285714285714,0.8571428571428571,0.0004
641,1.2882757782936096,1.6540323495864868,0.5576923076923077,0.8653846153846154,0.5,0.8571428571428571,0.0004
642,1.2952792644500732,1.518991231918335,0.5576923076923077,0.8461538461538461,0.35714285714285715,0.8571428571428571,0.0004
643,1.0978151261806488,0.988582968711853,0.6730769230769231,0.8269230769230769,0.6428571428571429,0.7857142857142857,0.0004
644,1.0913154482841492,1.142350673675537,0.6538461538461539,0.8653846153846154,0.6428571428571429,0.7857142857142857,0.0004
645,1.1612640023231506,1.0712456703186035,0.6346153846153846,0.8269230769230769,0.6428571428571429,0.8571428571428571,0.0004
646,1.1575320363044739,1.1758060455322266,0.6538461538461539,0.8269230769230769,0.6428571428571429,0.6428571428571429,0.0004
647,1.1959454417228699,1.5825096368789673,0.6153846153846154,0.8076923076923077,0.5,0.8571428571428571,0.0004
648,1.2043797373771667,1.279303789138794,0.5961538461538461,0.8076923076923077,0.6428571428571429,0.7857142857142857,0.0004
649,1.0252930521965027,1.5399298667907715,0.7115384615384616,0.8269230769230769,0.5,0.6428571428571429,0.0004
650,1.141051322221756,1.313807487487793,0.6346153846153846,0.8269230769230769,0.6428571428571429,0.6428571428571429,0.0004
651,1.149336338043213,1.3292899131774902,0.6346153846153846,0.8076923076923077,0.6428571428571429,0.7142857142857143,0.0004
652,1.2600194811820984,1.0230391025543213,0.6538461538461539,0.8269230769230769,0.7857142857142857,0.6428571428571429,0.0004
653,1.2772520780563354,0.9890626668930054,0.5384615384615384,0.8076923076923077,0.7857142857142857,0.6428571428571429,0.0004
654,1.25260990858078,1.5248188972473145,0.6346153846153846,0.8076923076923077,0.5,0.7142857142857143,0.0004
655,1.3088719248771667,1.595768928527832,0.6153846153846154,0.8461538461538461,0.5714285714285714,0.5714285714285714,0.0004
656,1.2917956113815308,1.3451725244522095,0.5769230769230769,0.8461538461538461,0.5,0.7857142857142857,0.0004
657,1.4250020384788513,1.2615723609924316,0.5769230769230769,0.8076923076923077,0.5714285714285714,0.7142857142857143,0.0004
658,1.1786257028579712,1.1188671588897705,0.6730769230769231,0.8076923076923077,0.5714285714285714,0.7857142857142857,0.0004
659,1.2003628015518188,1.3726024627685547,0.5576923076923077,0.75,0.5714285714285714,0.7142857142857143,0.0004
660,1.077351152896881,1.2965126037597656,0.5576923076923077,0.8076923076923077,0.5714285714285714,0.7857142857142857,0.0004
661,1.2275315523147583,1.3526544570922852,0.6538461538461539,0.8653846153846154,0.5714285714285714,0.7142857142857143,0.0004
662,1.3284938335418701,1.191141128540039,0.5769230769230769,0.8269230769230769,0.5714285714285714,0.7857142857142857,0.0004
663,1.2670645117759705,1.2699531316757202,0.5384615384615384,0.8076923076923077,0.5714285714285714,0.7142857142857143,0.0004
664,1.2808724641799927,1.6534390449523926,0.6153846153846154,0.7692307692307693,0.42857142857142855,0.6428571428571429,0.0004
665,1.061289668083191,1.2922611236572266,0.7115384615384616,0.8269230769230769,0.5,0.7857142857142857,0.0004
666,1.2611173391342163,1.4990577697753906,0.6538461538461539,0.8653846153846154,0.5714285714285714,0.7857142857142857,0.0004
667,1.147305965423584,1.2399019002914429,0.6346153846153846,0.8461538461538461,0.5714285714285714,0.7857142857142857,0.0004
668,1.154887855052948,1.5385432243347168,0.6346153846153846,0.8076923076923077,0.42857142857142855,0.7142857142857143,0.0004
669,1.3353968262672424,1.4481642246246338,0.5576923076923077,0.8269230769230769,0.5714285714285714,0.5714285714285714,0.0004
670,1.208005130290985,1.6255000829696655,0.6923076923076923,0.8653846153846154,0.35714285714285715,0.6428571428571429,0.0004
671,1.1476691365242004,0.8965742588043213,0.6153846153846154,0.8846153846153846,0.7857142857142857,0.7142857142857143,0.0004
672,1.1785197257995605,1.2920403480529785,0.7115384615384616,0.7884615384615384,0.35714285714285715,0.8571428571428571,0.0004
673,1.1366171836853027,1.6330127716064453,0.6923076923076923,0.8653846153846154,0.42857142857142855,0.7857142857142857,0.0004
674,1.0144402086734772,1.1771762371063232,0.7307692307692307,0.8461538461538461,0.5714285714285714,0.7142857142857143,0.0004
675,1.280448079109192,1.1582205295562744,0.5961538461538461,0.8076923076923077,0.6428571428571429,0.7142857142857143,0.0004
676,1.2012559175491333,1.1595920324325562,0.6153846153846154,0.8461538461538461,0.5714285714285714,0.7142857142857143,0.0004
677,1.2293280959129333,1.314391851425171,0.6346153846153846,0.8269230769230769,0.5714285714285714,0.7857142857142857,0.0004
678,1.198782503604889,1.5152809619903564,0.5961538461538461,0.8269230769230769,0.5,0.6428571428571429,0.0004
679,1.3276658654212952,1.2882888317108154,0.5384615384615384,0.7884615384615384,0.5,0.7142857142857143,0.0004
680,1.2308241724967957,1.5419979095458984,0.5769230769230769,0.8653846153846154,0.5,0.7857142857142857,0.0004
681,1.357592225074768,1.4938249588012695,0.5,0.8269230769230769,0.42857142857142855,0.7142857142857143,0.0004
682,1.160125494003296,1.7147595882415771,0.5961538461538461,0.8653846153846154,0.2857142857142857,0.7142857142857143,0.0004
683,1.2008134722709656,1.1609641313552856,0.6538461538461539,0.7884615384615384,0.7142857142857143,0.5714285714285714,0.0004
684,1.1425349712371826,1.503824234008789,0.6538461538461539,0.7692307692307693,0.5,0.7857142857142857,0.0004
685,1.207887053489685,0.9141488075256348,0.5961538461538461,0.8076923076923077,0.7857142857142857,0.7142857142857143,0.0004
686,1.2659859657287598,1.3470344543457031,0.6153846153846154,0.7692307692307693,0.5,0.7857142857142857,0.0004
687,1.3528128862380981,1.2737455368041992,0.6346153846153846,0.8076923076923077,0.5,0.7857142857142857,0.0004
688,1.233534038066864,1.3325778245925903,0.6730769230769231,0.7884615384615384,0.42857142857142855,0.7857142857142857,0.0004
689,1.2547849416732788,1.3156423568725586,0.6153846153846154,0.8653846153846154,0.5714285714285714,0.7857142857142857,0.0004
690,1.3264772295951843,1.5359363555908203,0.5576923076923077,0.7884615384615384,0.42857142857142855,0.7857142857142857,0.0004
691,1.2740819454193115,1.1273880004882812,0.5384615384615384,0.7884615384615384,0.5,0.8571428571428571,0.0004
692,1.1480490565299988,1.2184512615203857,0.6346153846153846,0.8461538461538461,0.5,0.8571428571428571,0.0004
693,1.1517136693000793,1.4185764789581299,0.6346153846153846,0.8846153846153846,0.42857142857142855,0.7857142857142857,0.0004
694,1.3807477355003357,1.5633718967437744,0.5576923076923077,0.7692307692307693,0.35714285714285715,0.7857142857142857,0.0004
695,1.276358723640442,1.2823354005813599,0.6346153846153846,0.8269230769230769,0.5,0.8571428571428571,0.0004
696,1.410870611667633,1.598978042602539,0.5,0.8461538461538461,0.2857142857142857,0.8571428571428571,0.0004
697,1.2772730588912964,1.4775326251983643,0.6730769230769231,0.8269230769230769,0.5,0.7857142857142857,0.0004
698,1.1165493726730347,1.2247016429901123,0.6538461538461539,0.8461538461538461,0.5714285714285714,0.8571428571428571,0.0004
699,1.386710286140442,1.2788491249084473,0.5192307692307693,0.8461538461538461,0.5,0.8571428571428571,0.0004
700,1.5060845613479614,1.461710810661316,0.5,0.8269230769230769,0.35714285714285715,0.8571428571428571,0.0004
701,1.2042219638824463,1.0683830976486206,0.5961538461538461,0.8076923076923077,0.7142857142857143,0.7857142857142857,0.0004
702,1.2518526315689087,1.3103046417236328,0.5384615384615384,0.8269230769230769,0.35714285714285715,0.8571428571428571,0.0004
703,1.188301682472229,1.451112985610962,0.6346153846153846,0.8461538461538461,0.5714285714285714,0.8571428571428571,0.0004
704,1.2232640981674194,1.444248080253601,0.5961538461538461,0.8269230769230769,0.42857142857142855,0.8571428571428571,0.0004
705,1.235441267490387,1.2948518991470337,0.5576923076923077,0.8269230769230769,0.42857142857142855,0.7857142857142857,0.0004
706,1.3765500783920288,1.3646728992462158,0.5384615384615384,0.8269230769230769,0.42857142857142855,0.8571428571428571,0.0004
707,1.2568293809890747,1.3320493698120117,0.5576923076923077,0.8076923076923077,0.5714285714285714,0.8571428571428571,0.0004
708,1.2797547578811646,1.2170943021774292,0.5384615384615384,0.8269230769230769,0.6428571428571429,0.8571428571428571,0.0004
709,1.173673391342163,1.5045573711395264,0.6346153846153846,0.8461538461538461,0.35714285714285715,0.7857142857142857,0.0004
710,1.3233141899108887,1.2709527015686035,0.5769230769230769,0.8461538461538461,0.5714285714285714,0.7142857142857143,0.0004
711,1.4073527455329895,1.3859466314315796,0.5384615384615384,0.7692307692307693,0.5,0.8571428571428571,0.0004
712,1.2379074096679688,1.0594475269317627,0.5576923076923077,0.8269230769230769,0.6428571428571429,0.8571428571428571,0.0004
713,1.3059293031692505,1.5048542022705078,0.5384615384615384,0.8269230769230769,0.35714285714285715,0.8571428571428571,0.0004
714,1.1887845993041992,1.2560291290283203,0.5961538461538461,0.8461538461538461,0.42857142857142855,0.8571428571428571,0.0004
715,1.2227060198783875,1.516060471534729,0.5769230769230769,0.8269230769230769,0.42857142857142855,0.8571428571428571,0.0004
716,1.3023791909217834,1.157360553741455,0.6153846153846154,0.8076923076923077,0.5,0.7857142857142857,0.0004
717,1.268147051334381,1.2226688861846924,0.5961538461538461,0.8461538461538461,0.5,0.7857142857142857,0.0004
718,1.3082816004753113,1.1628862619400024,0.6923076923076923,0.8269230769230769,0.6428571428571429,0.7857142857142857,0.0004
719,1.4949774742126465,1.125510811805725,0.5384615384615384,0.8461538461538461,0.6428571428571429,0.7857142857142857,0.0004
720,1.3423322439193726,1.2974050045013428,0.5576923076923077,0.7884615384615384,0.42857142857142855,0.8571428571428571,0.0004
721,1.1433387994766235,1.5303535461425781,0.6730769230769231,0.8653846153846154,0.42857142857142855,0.7142857142857143,0.0004
722,1.1657210886478424,1.1036628484725952,0.5769230769230769,0.8461538461538461,0.6428571428571429,0.7857142857142857,0.0004
723,1.3395132422447205,1.3610438108444214,0.5961538461538461,0.8076923076923077,0.5,0.8571428571428571,0.0004
724,1.1454761028289795,1.3512873649597168,0.6538461538461539,0.8653846153846154,0.5,0.8571428571428571,0.0004
725,1.154320776462555,1.2965091466903687,0.5961538461538461,0.8269230769230769,0.6428571428571429,0.7857142857142857,0.0004
726,1.2902430295944214,1.4766720533370972,0.6153846153846154,0.8076923076923077,0.5,0.7857142857142857,0.0004
727,1.2410651445388794,1.2496721744537354,0.5961538461538461,0.8269230769230769,0.5714285714285714,0.8571428571428571,0.0004
728,1.3037327527999878,1.375763177871704,0.6346153846153846,0.8461538461538461,0.6428571428571429,0.7142857142857143,0.0004
729,1.2303165793418884,1.2667953968048096,0.5961538461538461,0.8653846153846154,0.5714285714285714,0.7857142857142857,0.0004
730,1.2655619382858276,1.249626636505127,0.6346153846153846,0.7884615384615384,0.5714285714285714,0.7142857142857143,0.0004
731,1.1623960137367249,1.4309213161468506,0.6346153846153846,0.8269230769230769,0.42857142857142855,0.7857142857142857,0.0004
732,1.147002637386322,1.2764360904693604,0.6538461538461539,0.8269230769230769,0.6428571428571429,0.7857142857142857,0.0004
733,1.0445282757282257,1.335855484008789,0.6923076923076923,0.9038461538461539,0.5714285714285714,0.7142857142857143,0.0004
734,1.1501009464263916,1.523524284362793,0.6538461538461539,0.8653846153846154,0.42857142857142855,0.7142857142857143,0.0004
735,1.111840009689331,1.4707757234573364,0.6730769230769231,0.8846153846153846,0.42857142857142855,0.7142857142857143,0.0004
736,1.165073812007904,1.2170181274414062,0.6346153846153846,0.9038461538461539,0.6428571428571429,0.7857142857142857,0.0004
737,1.2619535326957703,1.3374714851379395,0.5769230769230769,0.8461538461538461,0.5,0.6428571428571429,0.0004
738,1.221007764339447,1.1687877178192139,0.6153846153846154,0.8269230769230769,0.6428571428571429,0.7857142857142857,0.0004
739,1.2162548899650574,1.1881650686264038,0.6538461538461539,0.8269230769230769,0.6428571428571429,0.7857142857142857,0.0004
740,1.319691240787506,1.3647527694702148,0.6730769230769231,0.8269230769230769,0.6428571428571429,0.7857142857142857,0.0004
741,1.2702283263206482,1.3656978607177734,0.6346153846153846,0.8269230769230769,0.5714285714285714,0.7857142857142857,0.0004
742,1.2364776730537415,1.3455990552902222,0.6538461538461539,0.8653846153846154,0.42857142857142855,0.7857142857142857,0.0004
743,1.4331980347633362,1.226675033569336,0.5769230769230769,0.8461538461538461,0.5714285714285714,0.7857142857142857,0.0004
744,1.3746966123580933,1.0171270370483398,0.6538461538461539,0.8269230769230769,0.7142857142857143,0.7142857142857143,0.0004
745,1.3800307512283325,1.3410375118255615,0.5576923076923077,0.8461538461538461,0.6428571428571429,0.6428571428571429,0.0004
746,1.209390103816986,1.2601494789123535,0.6153846153846154,0.8461538461538461,0.7857142857142857,0.6428571428571429,0.0004
747,1.2524510622024536,1.3292598724365234,0.6538461538461539,0.8269230769230769,0.5714285714285714,0.7857142857142857,0.0004
748,1.2492239475250244,1.1609599590301514,0.6153846153846154,0.8461538461538461,0.6428571428571429,0.7142857142857143,0.0004
749,1.1331285238265991,1.38527250289917,0.7307692307692307,0.8076923076923077,0.5,0.7857142857142857,0.0004
750,1.317552089691162,1.2622734308242798,0.5192307692307693,0.8269230769230769,0.6428571428571429,0.7142857142857143,0.0004
751,1.1317968964576721,1.036575436592102,0.6346153846153846,0.8653846153846154,0.7142857142857143,0.7857142857142857,0.0004
752,1.2333449125289917,1.4139621257781982,0.6153846153846154,0.8461538461538461,0.42857142857142855,0.7857142857142857,0.0004
753,1.2186079621315002,1.3587902784347534,0.6153846153846154,0.8461538461538461,0.5714285714285714,0.7857142857142857,0.0004
754,1.2460495829582214,1.146681785583496,0.6346153846153846,0.8461538461538461,0.7142857142857143,0.7142857142857143,0.0004
755,1.1111502647399902,1.3505775928497314,0.6923076923076923,0.8653846153846154,0.5,0.8571428571428571,0.0004
756,1.285828948020935,1.4705191850662231,0.5576923076923077,0.8653846153846154,0.42857142857142855,0.7142857142857143,0.0004
757,1.1424871683120728,1.1299927234649658,0.7307692307692307,0.8076923076923077,0.5714285714285714,0.7857142857142857,0.0004
758,1.2537846565246582,1.3892567157745361,0.5961538461538461,0.8461538461538461,0.5714285714285714,0.7857142857142857,0.0004
759,1.2942284941673279,1.2223074436187744,0.5576923076923077,0.8461538461538461,0.5714285714285714,0.7857142857142857,0.0004
760,1.21927148103714,1.3349666595458984,0.5576923076923077,0.8461538461538461,0.5714285714285714,0.7142857142857143,0.0004
761,1.2589592337608337,1.3504610061645508,0.7115384615384616,0.8269230769230769,0.42857142857142855,0.7857142857142857,0.0004
762,1.2069836854934692,1.3737434148788452,0.6153846153846154,0.8461538461538461,0.42857142857142855,0.6428571428571429,0.0004
763,1.1558499932289124,1.1347237825393677,0.6346153846153846,0.8269230769230769,0.6428571428571429,0.7142857142857143,0.0004
764,1.0990417301654816,1.4671375751495361,0.7115384615384616,0.8653846153846154,0.42857142857142855,0.7857142857142857,0.0004
765,1.12514129281044,1.1259586811065674,0.7115384615384616,0.8653846153846154,0.7142857142857143,0.6428571428571429,0.0004
766,0.9627484083175659,1.076521396636963,0.7884615384615384,0.8653846153846154,0.6428571428571429,0.7142857142857143,0.0004
767,1.1512387990951538,1.0581097602844238,0.6730769230769231,0.8461538461538461,0.7142857142857143,0.6428571428571429,0.0004
768,1.0802097916603088,1.6329149007797241,0.75,0.8846153846153846,0.35714285714285715,0.7857142857142857,0.0004
769,1.1779184341430664,1.4357272386550903,0.6346153846153846,0.8269230769230769,0.5,0.7857142857142857,0.0004
770,1.117470383644104,1.1597933769226074,0.7115384615384616,0.8653846153846154,0.5,0.8571428571428571,0.0004
771,1.2021127343177795,1.605635404586792,0.6538461538461539,0.8269230769230769,0.5,0.7142857142857143,0.0004
772,1.2194712162017822,1.2158677577972412,0.6153846153846154,0.8269230769230769,0.5,0.7857142857142857,0.0004
773,1.3257442712783813,1.2592387199401855,0.5384615384615384,0.8269230769230769,0.6428571428571429,0.6428571428571429,0.0004
774,1.3781152963638306,1.217893362045288,0.5192307692307693,0.8269230769230769,0.5,0.8571428571428571,0.0004
775,1.2884060740470886,1.3334386348724365,0.5961538461538461,0.8076923076923077,0.42857142857142855,0.7857142857142857,0.0004
776,1.2888420820236206,1.1134612560272217,0.5769230769230769,0.8461538461538461,0.5714285714285714,0.7857142857142857,0.0004
777,1.3462899327278137,1.2097163200378418,0.5576923076923077,0.8076923076923077,0.5714285714285714,0.7142857142857143,0.0004
778,1.310813546180725,1.3771717548370361,0.6346153846153846,0.8076923076923077,0.5,0.7142857142857143,0.0004
779,1.2506752610206604,1.061156153678894,0.5769230769230769,0.8461538461538461,0.7142857142857143,0.7857142857142857,0.0004
780,1.2556869387626648,1.1055376529693604,0.6538461538461539,0.7884615384615384,0.6428571428571429,0.7142857142857143,0.0004
781,1.1795400977134705,1.4950480461120605,0.6153846153846154,0.8269230769230769,0.5,0.7857142857142857,0.0004
782,1.0391170978546143,1.5081393718719482,0.6730769230769231,0.9230769230769231,0.42857142857142855,0.7142857142857143,0.0004
783,1.1442410945892334,1.0409938097000122,0.6346153846153846,0.8653846153846154,0.7142857142857143,0.6428571428571429,0.0004
784,1.1491813659667969,1.4942874908447266,0.6730769230769231,0.8269230769230769,0.5,0.7857142857142857,0.0004
785,1.3759756088256836,1.5362913608551025,0.5384615384615384,0.8269230769230769,0.5,0.7142857142857143,0.0004
786,1.2652851939201355,1.6274055242538452,0.6153846153846154,0.8653846153846154,0.42857142857142855,0.6428571428571429,0.0004
787,1.2771853804588318,1.4323753118515015,0.5961538461538461,0.8269230769230769,0.5,0.7857142857142857,0.0004
788,1.2468995451927185,1.359614372253418,0.5769230769230769,0.8461538461538461,0.5,0.7142857142857143,0.0004
789,1.0927044749259949,1.3626410961151123,0.7115384615384616,0.9038461538461539,0.42857142857142855,0.7857142857142857,0.0004
790,1.4607899188995361,1.503163456916809,0.5576923076923077,0.8269230769230769,0.5714285714285714,0.5714285714285714,0.0004
791,1.178692102432251,1.029139757156372,0.6923076923076923,0.8653846153846154,0.8571428571428571,0.7857142857142857,0.0004
792,1.1069526076316833,1.0924054384231567,0.6923076923076923,0.8461538461538461,0.7142857142857143,0.7142857142857143,0.0004
793,1.1543221473693848,1.4203224182128906,0.6153846153846154,0.9423076923076923,0.5,0.7857142857142857,0.0004
794,1.2946122288703918,1.2481374740600586,0.6346153846153846,0.7692307692307693,0.5714285714285714,0.8571428571428571,0.0004
795,1.23894602060318,1.6100871562957764,0.6730769230769231,0.7884615384615384,0.35714285714285715,0.7142857142857143,0.0004
796,1.1280338764190674,1.39756178855896,0.6538461538461539,0.8653846153846154,0.5,0.7857142857142857,0.0004
797,1.358110249042511,1.1768598556518555,0.5769230769230769,0.8269230769230769,0.6428571428571429,0.7857142857142857,0.0004
798,1.2654417157173157,1.5587470531463623,0.6153846153846154,0.8846153846153846,0.5,0.6428571428571429,0.0004
799,1.209758460521698,0.9420558214187622,0.6730769230769231,0.8076923076923077,0.7857142857142857,0.7142857142857143,0.0004
800,1.2582640051841736,1.4266507625579834,0.5961538461538461,0.8076923076923077,0.5714285714285714,0.7142857142857143,0.0004
801,1.2131531834602356,1.1926335096359253,0.6538461538461539,0.9038461538461539,0.6428571428571429,0.6428571428571429,0.0004
802,1.1495989561080933,1.504340648651123,0.75,0.8653846153846154,0.42857142857142855,0.7857142857142857,0.0004
803,1.1734743118286133,1.1706335544586182,0.5961538461538461,0.8653846153846154,0.6428571428571429,0.8571428571428571,0.0004
804,1.0034435391426086,1.5128254890441895,0.6923076923076923,0.8653846153846154,0.42857142857142855,0.7857142857142857,0.0004
805,1.180464506149292,1.0607547760009766,0.6538461538461539,0.8269230769230769,0.6428571428571429,0.7857142857142857,0.0004
806,1.153042495250702,1.2248690128326416,0.6730769230769231,0.8269230769230769,0.5,0.8571428571428571,0.0004
807,1.2120318412780762,1.2941699028015137,0.6346153846153846,0.8653846153846154,0.5714285714285714,0.7857142857142857,0.0004
808,1.0344156324863434,1.2949473857879639,0.7115384615384616,0.8653846153846154,0.5714285714285714,0.7142857142857143,0.0004
809,1.1527807116508484,1.4945399761199951,0.7115384615384616,0.8653846153846154,0.5714285714285714,0.7142857142857143,0.0004
810,1.2528971433639526,1.4738736152648926,0.6153846153846154,0.8461538461538461,0.42857142857142855,0.8571428571428571,0.0004
811,1.1915273666381836,1.4305646419525146,0.6346153846153846,0.8076923076923077,0.42857142857142855,0.8571428571428571,0.0004
812,1.0775456726551056,1.5434678792953491,0.6538461538461539,0.8653846153846154,0.35714285714285715,0.7857142857142857,0.0004
813,1.037042647600174,1.148508071899414,0.6730769230769231,0.8461538461538461,0.6428571428571429,0.7857142857142857,0.0004
814,1.1817444264888763,1.5481480360031128,0.5769230769230769,0.8653846153846154,0.42857142857142855,0.7857142857142857,0.0004
815,1.247081995010376,1.2876074314117432,0.6346153846153846,0.7692307692307693,0.5,0.7142857142857143,0.0004
816,1.19191575050354,1.3320673704147339,0.6346153846153846,0.8846153846153846,0.5714285714285714,0.7142857142857143,0.0004
817,1.2424633502960205,1.3076210021972656,0.6538461538461539,0.8461538461538461,0.5714285714285714,0.7142857142857143,0.0004
818,1.2785037159919739,1.1000597476959229,0.5769230769230769,0.8653846153846154,0.6428571428571429,0.7857142857142857,0.0004
819,1.196011245250702,1.4298523664474487,0.5576923076923077,0.8461538461538461,0.5,0.8571428571428571,0.0004
820,1.1146976947784424,1.3778975009918213,0.6538461538461539,0.8653846153846154,0.5714285714285714,0.6428571428571429,0.0004
821,1.3395907282829285,1.6696481704711914,0.5961538461538461,0.8269230769230769,0.35714285714285715,0.7857142857142857,0.0004
822,1.1769821047782898,1.0476958751678467,0.6153846153846154,0.8653846153846154,0.7857142857142857,0.7142857142857143,0.0004
823,1.1225668787956238,1.2256958484649658,0.6538461538461539,0.8461538461538461,0.5714285714285714,0.8571428571428571,0.0004
824,1.1206445693969727,1.2617422342300415,0.7115384615384616,0.8653846153846154,0.7142857142857143,0.7857142857142857,0.0004
825,1.337337613105774,1.1542630195617676,0.5961538461538461,0.8269230769230769,0.6428571428571429,0.7857142857142857,0.0004
826,1.2666255831718445,1.26604425907135,0.6538461538461539,0.7884615384615384,0.6428571428571429,0.6428571428571429,0.0004
827,1.3032442331314087,1.3707367181777954,0.6153846153846154,0.8076923076923077,0.5,0.7142857142857143,0.0004
828,1.1706397533416748,1.2140305042266846,0.6730769230769231,0.8461538461538461,0.6428571428571429,0.7857142857142857,0.0004
829,1.1878554821014404,1.2314656972885132,0.5961538461538461,0.8461538461538461,0.5714285714285714,0.9285714285714286,0.0004
830,1.1263571977615356,1.3911093473434448,0.6346153846153846,0.8846153846153846,0.5714285714285714,0.7142857142857143,0.0004
831,1.2908567786216736,1.1507577896118164,0.6730769230769231,0.8653846153846154,0.5714285714285714,0.8571428571428571,0.0004
832,1.1446991562843323,1.2699848413467407,0.5769230769230769,0.9038461538461539,0.7142857142857143,0.5714285714285714,0.0004
833,1.2492928504943848,1.391265869140625,0.5384615384615384,0.8269230769230769,0.5,0.9285714285714286,0.0004
834,1.2148882150650024,1.4653337001800537,0.6346153846153846,0.8461538461538461,0.5714285714285714,0.7142857142857143,0.0004
835,1.2623191475868225,1.0193204879760742,0.5961538461538461,0.8846153846153846,0.7142857142857143,0.7857142857142857,0.0004
836,1.2149267792701721,1.1963164806365967,0.6153846153846154,0.8461538461538461,0.5714285714285714,0.8571428571428571,0.0004
837,1.2857231497764587,0.9945123195648193,0.6153846153846154,0.8269230769230769,0.7857142857142857,0.8571428571428571,0.0004
838,1.3861372470855713,1.4499746561050415,0.6153846153846154,0.7884615384615384,0.5714285714285714,0.6428571428571429,0.0004
839,1.1633970141410828,1.1860982179641724,0.6730769230769231,0.8461538461538461,0.6428571428571429,0.6428571428571429,0.0004
840,1.270274817943573,1.649901270866394,0.5769230769230769,0.8269230769230769,0.42857142857142855,0.7857142857142857,0.0004
841,1.267813801765442,1.0473344326019287,0.6153846153846154,0.8076923076923077,0.6428571428571429,0.9285714285714286,0.0004
842,1.1381792426109314,1.1027182340621948,0.6730769230769231,0.8461538461538461,0.7142857142857143,0.6428571428571429,0.0004
843,1.246594786643982,1.6447536945343018,0.5769230769230769,0.7884615384615384,0.35714285714285715,0.6428571428571429,0.0004
844,1.3745816946029663,1.5413466691970825,0.5384615384615384,0.7884615384615384,0.42857142857142855,0.6428571428571429,0.0004
845,1.18587988615036,1.4291982650756836,0.6346153846153846,0.8653846153846154,0.42857142857142855,0.7857142857142857,0.0004
846,1.1864416599273682,1.1587563753128052,0.5961538461538461,0.8076923076923077,0.6428571428571429,0.8571428571428571,0.0004
847,1.3086670637130737,1.2999974489212036,0.5576923076923077,0.8269230769230769,0.5714285714285714,0.7857142857142857,0.0004
848,1.2250781655311584,1.2352025508880615,0.6153846153846154,0.7692307692307693,0.5714285714285714,0.8571428571428571,0.0004
849,1.347641944885254,1.255035638809204,0.5384615384615384,0.8653846153846154,0.5,0.7857142857142857,0.0004
850,1.109670102596283,1.6752455234527588,0.6923076923076923,0.8653846153846154,0.35714285714285715,0.7857142857142857,0.0004
851,1.1903218626976013,1.3544026613235474,0.6346153846153846,0.8269230769230769,0.5,0.7857142857142857,0.0004
852,1.2528568506240845,1.0390141010284424,0.5961538461538461,0.8076923076923077,0.7142857142857143,0.7142857142857143,0.0004
853,1.2446680665016174,1.2277357578277588,0.6153846153846154,0.8461538461538461,0.5714285714285714,0.7857142857142857,0.0004
854,1.3994674682617188,1.666356086730957,0.6538461538461539,0.8076923076923077,0.2857142857142857,0.7857142857142857,0.0004
855,1.3273887038230896,1.273836374282837,0.6346153846153846,0.8076923076923077,0.5,0.7857142857142857,0.0004
856,1.2588455080986023,1.5077204704284668,0.5769230769230769,0.8653846153846154,0.42857142857142855,0.7857142857142857,0.0004
857,1.1877970695495605,0.9651479721069336,0.6538461538461539,0.8461538461538461,0.7857142857142857,0.7857142857142857,0.0004
858,1.2984915375709534,1.3935381174087524,0.6346153846153846,0.8461538461538461,0.5,0.7857142857142857,0.0004
859,1.2057536840438843,1.069507122039795,0.6923076923076923,0.8653846153846154,0.7142857142857143,0.7142857142857143,0.0004
860,1.2652631402015686,1.2569270133972168,0.5769230769230769,0.8269230769230769,0.5714285714285714,0.7857142857142857,0.0004
861,1.2901582717895508,1.343595266342163,0.5384615384615384,0.8076923076923077,0.5,0.8571428571428571,0.0004
862,1.2322863340377808,1.3623052835464478,0.5961538461538461,0.8269230769230769,0.5,0.7857142857142857,0.0004
863,1.139706552028656,1.3172245025634766,0.6538461538461539,0.8269230769230769,0.5714285714285714,0.7142857142857143,0.0004
864,1.250052034854889,1.373350739479065,0.6153846153846154,0.8269230769230769,0.5,0.7857142857142857,0.0004
865,1.205958604812622,1.630990982055664,0.5961538461538461,0.8653846153846154,0.35714285714285715,0.7857142857142857,0.0004
866,1.123321771621704,1.3308124542236328,0.6538461538461539,0.8076923076923077,0.5714285714285714,0.7142857142857143,0.0004
867,1.082302987575531,1.34292733669281,0.6730769230769231,0.8653846153846154,0.5,0.8571428571428571,0.0004
868,1.1169377863407135,1.1857020854949951,0.7307692307692307,0.8653846153846154,0.7142857142857143,0.7857142857142857,0.0004
869,1.0327267050743103,1.3414080142974854,0.75,0.8269230769230769,0.5,0.7142857142857143,0.0004
870,1.1559309363365173,1.6476017236709595,0.6346153846153846,0.7692307692307693,0.35714285714285715,0.7857142857142857,0.0004
871,1.3039122223854065,1.531538963317871,0.5576923076923077,0.8269230769230769,0.5,0.8571428571428571,0.0004
872,1.3669973015785217,1.1645915508270264,0.5961538461538461,0.8269230769230769,0.5,0.8571428571428571,0.0004
873,1.0232450067996979,1.455237865447998,0.7115384615384616,0.8653846153846154,0.5,0.7857142857142857,0.0004
874,1.1608235836029053,1.018430233001709,0.6153846153846154,0.7884615384615384,0.7142857142857143,0.7857142857142857,0.0004
875,1.2001371383666992,1.266675353050232,0.7115384615384616,0.75,0.5714285714285714,0.7857142857142857,0.0004
876,1.3056347370147705,1.2832655906677246,0.5961538461538461,0.8653846153846154,0.5,0.6428571428571429,0.0004
877,1.2856536507606506,1.382125735282898,0.5961538461538461,0.8653846153846154,0.6428571428571429,0.7857142857142857,0.0004
878,1.0740636587142944,1.429065227508545,0.7307692307692307,0.8846153846153846,0.5,0.7142857142857143,0.0004
879,1.4000771641731262,1.2743306159973145,0.5769230769230769,0.8461538461538461,0.5,0.7857142857142857,0.0004
880,1.2817725539207458,1.2192387580871582,0.6538461538461539,0.8846153846153846,0.6428571428571429,0.7142857142857143,0.0004
881,1.1328725516796112,1.370535969734192,0.6923076923076923,0.7884615384615384,0.5714285714285714,0.7857142857142857,0.0004
882,1.3583529591560364,1.2570263147354126,0.5961538461538461,0.8269230769230769,0.42857142857142855,0.8571428571428571,0.0004
883,1.0186662077903748,1.251206398010254,0.6730769230769231,0.9230769230769231,0.5714285714285714,0.7857142857142857,0.0004
884,1.2323679327964783,1.3959295749664307,0.5961538461538461,0.8269230769230769,0.42857142857142855,0.8571428571428571,0.0004
885,1.1854064464569092,1.1208808422088623,0.6538461538461539,0.8653846153846154,0.5714285714285714,0.8571428571428571,0.0004
886,1.122253954410553,1.5301897525787354,0.6153846153846154,0.8846153846153846,0.5,0.7857142857142857,0.0004
887,1.0916287899017334,0.9986982345581055,0.7307692307692307,0.8461538461538461,0.7142857142857143,0.7857142857142857,0.0004
888,1.1806406378746033,1.4335780143737793,0.5961538461538461,0.8461538461538461,0.35714285714285715,0.7857142857142857,0.0004
889,1.3057979941368103,1.404940128326416,0.5961538461538461,0.8269230769230769,0.5714285714285714,0.8571428571428571,0.0004
890,1.1140078008174896,1.461547613143921,0.6538461538461539,0.8461538461538461,0.42857142857142855,0.7857142857142857,0.0004
891,1.2132973670959473,1.2753782272338867,0.6346153846153846,0.8076923076923077,0.5,0.8571428571428571,0.0004
892,1.2775830626487732,1.1892452239990234,0.5961538461538461,0.8653846153846154,0.5714285714285714,0.8571428571428571,0.0004
893,1.2693724036216736,1.241135835647583,0.5961538461538461,0.8461538461538461,0.6428571428571429,0.7857142857142857,0.0004
894,1.2647594213485718,1.1804933547973633,0.5769230769230769,0.8653846153846154,0.6428571428571429,0.7857142857142857,0.0004
895,1.239592432975769,1.2223341464996338,0.6346153846153846,0.8461538461538461,0.5714285714285714,0.8571428571428571,0.0004
896,1.183845341205597,1.1887609958648682,0.6346153846153846,0.8269230769230769,0.5,0.7857142857142857,0.0004
897,1.2088960409164429,1.2471758127212524,0.5961538461538461,0.8846153846153846,0.5,0.7857142857142857,0.0004
898,1.1086406707763672,1.108647346496582,0.6538461538461539,0.9230769230769231,0.7142857142857143,0.7857142857142857,0.0004
899,1.221864938735962,1.1028103828430176,0.6153846153846154,0.8269230769230769,0.7142857142857143,0.7142857142857143,0.0004
900,1.171833574771881,1.464809775352478,0.6730769230769231,0.8653846153846154,0.35714285714285715,0.7142857142857143,0.0004
901,1.244260847568512,1.2715024948120117,0.5769230769230769,0.8461538461538461,0.5,0.6428571428571429,0.0004
902,1.2036097049713135,1.4244496822357178,0.6153846153846154,0.8461538461538461,0.5,0.7857142857142857,0.0004
903,1.1820462942123413,1.3361849784851074,0.5961538461538461,0.8846153846153846,0.6428571428571429,0.7142857142857143,0.0004
904,1.1211751103401184,1.2373164892196655,0.6346153846153846,0.8461538461538461,0.6428571428571429,0.7857142857142857,0.0004
905,1.2257830500602722,0.9276160001754761,0.5192307692307693,0.8846153846153846,0.7857142857142857,0.6428571428571429,0.0004
906,1.2185618877410889,1.2759385108947754,0.6538461538461539,0.8269230769230769,0.6428571428571429,0.7142857142857143,0.0004
907,1.1067243814468384,1.3423552513122559,0.6153846153846154,0.9038461538461539,0.5714285714285714,0.7142857142857143,0.0004
908,1.24027818441391,1.3614448308944702,0.5961538461538461,0.8653846153846154,0.5,0.7857142857142857,0.0004
909,1.322278618812561,1.3718948364257812,0.5961538461538461,0.8461538461538461,0.5,0.7857142857142857,0.0004
910,1.2000104188919067,1.173111915588379,0.6346153846153846,0.7692307692307693,0.7142857142857143,0.7857142857142857,0.0004
911,1.293276607990265,1.335193395614624,0.5576923076923077,0.8846153846153846,0.42857142857142855,0.8571428571428571,0.0004
912,1.1433825492858887,1.048571228981018,0.6538461538461539,0.8076923076923077,0.5714285714285714,0.8571428571428571,0.0004
913,1.345545470714569,1.3472352027893066,0.5192307692307693,0.8076923076923077,0.5,0.8571428571428571,0.0004
914,1.033210963010788,1.4956884384155273,0.6923076923076923,0.8846153846153846,0.42857142857142855,0.8571428571428571,0.0004
915,1.091364860534668,1.3810176849365234,0.5961538461538461,0.8846153846153846,0.5714285714285714,0.8571428571428571,0.0004
916,1.099285900592804,1.0546722412109375,0.7115384615384616,0.8846153846153846,0.5714285714285714,0.8571428571428571,0.0004
917,1.2239418029785156,1.3825734853744507,0.6153846153846154,0.8461538461538461,0.5,0.7857142857142857,0.0004
918,1.1605342626571655,1.194089651107788,0.6153846153846154,0.8653846153846154,0.7142857142857143,0.7142857142857143,0.0004
919,1.314532220363617,1.5591250658035278,0.5576923076923077,0.8653846153846154,0.35714285714285715,0.7857142857142857,0.0004
920,1.1486422717571259,1.4900859594345093,0.75,0.8076923076923077,0.5,0.7857142857142857,0.0004
921,1.141353964805603,1.1996747255325317,0.5961538461538461,0.8846153846153846,0.6428571428571429,0.7857142857142857,0.0004
922,1.2533767223358154,1.6412010192871094,0.5769230769230769,0.9230769230769231,0.42857142857142855,0.8571428571428571,0.0004
923,1.1358532905578613,1.020820140838623,0.6346153846153846,0.8846153846153846,0.7142857142857143,0.7142857142857143,0.0004
924,1.2190948128700256,1.6244521141052246,0.6153846153846154,0.8461538461538461,0.42857142857142855,0.7857142857142857,0.0004
925,1.034521907567978,1.3763208389282227,0.6923076923076923,0.8653846153846154,0.5,0.8571428571428571,0.0004
926,1.3063167929649353,1.1552526950836182,0.5961538461538461,0.8461538461538461,0.6428571428571429,0.7857142857142857,0.0004
927,1.5281995236873627,1.652496576309204,0.5576923076923077,0.8653846153846154,0.35714285714285715,0.7857142857142857,0.0004
928,1.1990461945533752,1.1998748779296875,0.6538461538461539,0.9038461538461539,0.42857142857142855,0.9285714285714286,0.0004
929,1.2887205481529236,1.3030281066894531,0.5961538461538461,0.7692307692307693,0.7142857142857143,0.7142857142857143,0.0004
930,1.2448461055755615,1.6764583587646484,0.5769230769230769,0.8846153846153846,0.2857142857142857,0.7857142857142857,0.0004
931,1.2799115180969238,1.430616855621338,0.5384615384615384,0.8653846153846154,0.42857142857142855,0.7142857142857143,0.0004
932,1.1892627477645874,1.4721269607543945,0.5769230769230769,0.8846153846153846,0.42857142857142855,0.7142857142857143,0.0004
933,1.2584030628204346,1.5229105949401855,0.6346153846153846,0.9038461538461539,0.5,0.7857142857142857,0.0004
934,1.1779866814613342,1.3125730752944946,0.6538461538461539,0.8269230769230769,0.5,0.8571428571428571,0.0004
935,1.1313347518444061,1.3091802597045898,0.6730769230769231,0.9038461538461539,0.5,0.7857142857142857,0.0004
936,1.205377221107483,1.3256919384002686,0.6153846153846154,0.7884615384615384,0.5714285714285714,0.7142857142857143,0.0004
937,1.244792103767395,1.138081669807434,0.6153846153846154,0.7884615384615384,0.6428571428571429,0.7142857142857143,0.0004
938,1.2365055680274963,1.056264042854309,0.6153846153846154,0.8461538461538461,0.7142857142857143,0.7857142857142857,0.0004
939,1.327795147895813,1.046615719795227,0.5769230769230769,0.8269230769230769,0.6428571428571429,0.7857142857142857,0.0004
940,1.1557867527008057,1.201836347579956,0.6538461538461539,0.8461538461538461,0.6428571428571429,0.7857142857142857,0.0004
941,1.132143259048462,1.068344235420227,0.6538461538461539,0.8461538461538461,0.6428571428571429,0.7857142857142857,0.0004
942,1.1671743392944336,1.054945707321167,0.6346153846153846,0.8076923076923077,0.7142857142857143,0.8571428571428571,0.0004
943,1.2691091299057007,1.0658447742462158,0.5576923076923077,0.7692307692307693,0.7857142857142857,0.7857142857142857,0.0004
944,1.2484728693962097,1.3365705013275146,0.5576923076923077,0.7884615384615384,0.5,0.8571428571428571,0.0004
945,1.1254181265830994,1.0428670644760132,0.6346153846153846,0.8461538461538461,0.7142857142857143,0.8571428571428571,0.0004
946,1.2170801162719727,1.181898593902588,0.6153846153846154,0.8461538461538461,0.6428571428571429,0.7857142857142857,0.0004
947,1.1180514693260193,1.0307347774505615,0.5769230769230769,0.9038461538461539,0.6428571428571429,0.9285714285714286,0.0004
948,1.1789960861206055,1.106078863143921,0.6538461538461539,0.8269230769230769,0.6428571428571429,0.7857142857142857,0.0004
949,1.121041178703308,1.2397831678390503,0.5961538461538461,0.8846153846153846,0.5714285714285714,0.8571428571428571,0.0004
950,1.1587534546852112,1.1400959491729736,0.5961538461538461,0.8269230769230769,0.6428571428571429,0.8571428571428571,0.0004
951,1.1754072904586792,1.4126784801483154,0.6346153846153846,0.8461538461538461,0.5,0.8571428571428571,0.0004
952,1.1922860145568848,1.1892290115356445,0.6730769230769231,0.8269230769230769,0.5714285714285714,0.8571428571428571,0.0004
953,1.35605126619339,1.4525567293167114,0.5769230769230769,0.8076923076923077,0.42857142857142855,0.8571428571428571,0.0004
954,1.1341025829315186,1.4096531867980957,0.6346153846153846,0.9038461538461539,0.35714285714285715,0.8571428571428571,0.0004
955,1.2280345559120178,1.3789634704589844,0.6346153846153846,0.7884615384615384,0.5,0.8571428571428571,0.0004
956,1.145989179611206,1.2302131652832031,0.6730769230769231,0.8846153846153846,0.5714285714285714,0.6428571428571429,0.0004
957,1.0632551312446594,1.4097280502319336,0.7115384615384616,0.8846153846153846,0.42857142857142855,0.6428571428571429,0.0004
958,1.2253072261810303,1.3942463397979736,0.5961538461538461,0.7884615384615384,0.5,0.7142857142857143,0.0004
959,1.2580609321594238,1.2406374216079712,0.5769230769230769,0.8846153846153846,0.5714285714285714,0.7857142857142857,0.0004
960,1.1364187598228455,1.042036771774292,0.6730769230769231,0.9038461538461539,0.6428571428571429,0.9285714285714286,0.0004
961,1.0683594346046448,1.2267425060272217,0.6346153846153846,0.9230769230769231,0.6428571428571429,0.7142857142857143,0.0004
962,1.279998540878296,1.144083857536316,0.6153846153846154,0.8461538461538461,0.6428571428571429,0.7857142857142857,0.0004
963,1.0272763967514038,1.4135065078735352,0.7307692307692307,0.8846153846153846,0.5,0.7857142857142857,0.0004
964,1.243558406829834,1.418508768081665,0.6730769230769231,0.8461538461538461,0.42857142857142855,0.8571428571428571,0.0004
965,0.9058630168437958,1.2659990787506104,0.6730769230769231,0.9230769230769231,0.5714285714285714,0.6428571428571429,0.0004
966,1.1712532043457031,0.9915546774864197,0.6346153846153846,0.8076923076923077,0.7857142857142857,0.8571428571428571,0.0004
967,1.1640322804450989,1.3662641048431396,0.6153846153846154,0.8269230769230769,0.5,0.7857142857142857,0.0004
968,1.1674005389213562,1.0829107761383057,0.6538461538461539,0.8461538461538461,0.5714285714285714,0.8571428571428571,0.0004
969,1.1478521227836609,1.101500153541565,0.6538461538461539,0.8846153846153846,0.5714285714285714,0.9285714285714286,0.0004
970,1.1475797891616821,1.4238044023513794,0.5769230769230769,0.8269230769230769,0.5714285714285714,0.7142857142857143,0.0004
971,1.180113673210144,1.318493127822876,0.6346153846153846,0.8846153846153846,0.5714285714285714,0.6428571428571429,0.0004
972,0.9086942076683044,1.5783929824829102,0.75,0.8461538461538461,0.42857142857142855,0.7857142857142857,0.0004
973,1.0915260314941406,1.5037918090820312,0.5769230769230769,0.9423076923076923,0.35714285714285715,0.7857142857142857,0.0004
974,1.242943286895752,1.5205106735229492,0.6346153846153846,0.8076923076923077,0.5,0.7857142857142857,0.0004
975,1.1234568357467651,1.844135046005249,0.6538461538461539,0.8461538461538461,0.35714285714285715,0.5714285714285714,0.0004
976,1.0680567026138306,1.5269968509674072,0.6538461538461539,0.8461538461538461,0.42857142857142855,0.7857142857142857,0.0004
977,1.242473304271698,1.0859402418136597,0.6538461538461539,0.8653846153846154,0.6428571428571429,0.7857142857142857,0.0004
978,1.1582666039466858,0.9993210434913635,0.6538461538461539,0.8653846153846154,0.6428571428571429,0.9285714285714286,0.0004
979,1.1984083652496338,1.3403868675231934,0.6153846153846154,0.8461538461538461,0.7142857142857143,0.7142857142857143,0.0004
980,1.1466040015220642,1.4188313484191895,0.5769230769230769,0.8076923076923077,0.5,0.7857142857142857,0.0004
981,1.42827969789505,1.3028055429458618,0.6153846153846154,0.7884615384615384,0.6428571428571429,0.6428571428571429,0.0004
982,0.9592863321304321,1.3464497327804565,0.6923076923076923,0.8846153846153846,0.42857142857142855,0.8571428571428571,0.0004
983,1.1507883071899414,1.5669994354248047,0.6153846153846154,0.8846153846153846,0.35714285714285715,0.7857142857142857,0.0004
984,1.1696393489837646,1.3735178709030151,0.6923076923076923,0.8269230769230769,0.5,0.6428571428571429,0.0004
985,1.0947966277599335,1.2639102935791016,0.6346153846153846,0.8461538461538461,0.5,0.8571428571428571,0.0004
986,1.3322477340698242,1.232361912727356,0.5961538461538461,0.8461538461538461,0.5714285714285714,0.8571428571428571,0.0004
987,1.0862752199172974,0.9509742259979248,0.6153846153846154,0.8461538461538461,0.7142857142857143,0.8571428571428571,0.0004
988,0.9667020738124847,1.5370302200317383,0.7307692307692307,0.8846153846153846,0.42857142857142855,0.7857142857142857,0.0004
989,1.1698480248451233,1.4654285907745361,0.6923076923076923,0.8076923076923077,0.42857142857142855,0.7142857142857143,0.0004
990,1.255604088306427,1.507765769958496,0.6538461538461539,0.8461538461538461,0.42857142857142855,0.7857142857142857,0.0004
991,1.2389293909072876,1.2786478996276855,0.5769230769230769,0.8653846153846154,0.5714285714285714,0.6428571428571429,0.0004
992,1.092393010854721,1.3101500272750854,0.6346153846153846,0.8653846153846154,0.5714285714285714,0.8571428571428571,0.0004
993,1.0825580954551697,1.311094880104065,0.7307692307692307,0.8846153846153846,0.42857142857142855,0.7857142857142857,0.0004
994,1.1181073188781738,0.9507881999015808,0.6923076923076923,0.8653846153846154,0.6428571428571429,0.8571428571428571,0.0004
995,1.0809593796730042,1.4665299654006958,0.7115384615384616,0.8461538461538461,0.42857142857142855,0.7142857142857143,0.0004
996,1.3128041625022888,1.327939510345459,0.5576923076923077,0.8076923076923077,0.5,0.7857142857142857,0.0004
997,1.2309520840644836,1.0119495391845703,0.6153846153846154,0.9038461538461539,0.6428571428571429,0.9285714285714286,0.0004
998,1.022539883852005,1.5205254554748535,0.75,0.8461538461538461,0.5,0.7857142857142857,0.0004
999,1.2748345136642456,1.3325085639953613,0.5961538461538461,0.8653846153846154,0.35714285714285715,0.8571428571428571,0.0004
1000,1.2937082052230835,1.0269410610198975,0.5576923076923077,0.8269230769230769,0.6428571428571429,0.8571428571428571,0.0004
