epoch,train_loss,val_loss,train_acc_action,train_acc_status,val_acc_action,val_acc_status,learning_rate
1,1.8067402243614197,1.8132214546203613,0.36538461538461536,0.17307692307692307,0.21428571428571427,0.14285714285714285,0.0004
2,1.79655122756958,1.8042116165161133,0.36538461538461536,0.17307692307692307,0.21428571428571427,0.21428571428571427,0.0004
3,1.7886479496955872,1.794716715812683,0.36538461538461536,0.6153846153846154,0.21428571428571427,0.8571428571428571,0.0004
4,1.7786526679992676,1.788175106048584,0.36538461538461536,0.8269230769230769,0.21428571428571427,0.8571428571428571,0.0004
5,1.7700051665306091,1.7808303833007812,0.36538461538461536,0.8269230769230769,0.21428571428571427,0.8571428571428571,0.0004
6,1.7601575255393982,1.7710853815078735,0.36538461538461536,0.8269230769230769,0.21428571428571427,0.8571428571428571,0.0004
7,1.7567930221557617,1.7574405670166016,0.36538461538461536,0.8269230769230769,0.21428571428571427,0.8571428571428571,0.0004
8,1.7410457134246826,1.7366971969604492,0.36538461538461536,0.8269230769230769,0.21428571428571427,0.8571428571428571,0.0004
9,1.7246245741844177,1.702155590057373,0.36538461538461536,0.8269230769230769,0.21428571428571427,0.8571428571428571,0.0004
10,1.6568027138710022,1.650320291519165,0.36538461538461536,0.8269230769230769,0.21428571428571427,0.8571428571428571,0.0004
11,1.6405359506607056,1.6077361106872559,0.36538461538461536,0.8269230769230769,0.35714285714285715,0.8571428571428571,0.0004
12,1.6063604354858398,1.591551423072815,0.25,0.8269230769230769,0.35714285714285715,0.8571428571428571,0.0004
13,1.6065305471420288,1.5782259702682495,0.3269230769230769,0.8269230769230769,0.35714285714285715,0.8571428571428571,0.0004
14,1.5533528327941895,1.5665687322616577,0.3269230769230769,0.8269230769230769,0.35714285714285715,0.8571428571428571,0.0004
15,1.5658490657806396,1.5558359622955322,0.3269230769230769,0.8269230769230769,0.35714285714285715,0.8571428571428571,0.0004
16,1.564577341079712,1.545304536819458,0.3269230769230769,0.8269230769230769,0.35714285714285715,0.8571428571428571,0.0004
17,1.5379685759544373,1.5375428199768066,0.3269230769230769,0.8269230769230769,0.21428571428571427,0.8571428571428571,0.0004
18,1.5705273151397705,1.532461404800415,0.36538461538461536,0.8269230769230769,0.21428571428571427,0.8571428571428571,0.0004
19,1.5503586530685425,1.5269691944122314,0.36538461538461536,0.8269230769230769,0.21428571428571427,0.8571428571428571,0.0004
20,1.556749165058136,1.5249966382980347,0.36538461538461536,0.8269230769230769,0.21428571428571427,0.8571428571428571,0.0004
21,1.5736589431762695,1.5225327014923096,0.36538461538461536,0.8269230769230769,0.21428571428571427,0.8571428571428571,0.0004
22,1.5501810312271118,1.518676996231079,0.36538461538461536,0.8269230769230769,0.21428571428571427,0.8571428571428571,0.0004
23,1.5382297039031982,1.5166294574737549,0.36538461538461536,0.8269230769230769,0.21428571428571427,0.8571428571428571,0.0004
24,1.5748227834701538,1.5156513452529907,0.36538461538461536,0.8269230769230769,0.42857142857142855,0.8571428571428571,0.0004
25,1.5375336408615112,1.5145714282989502,0.3076923076923077,0.8269230769230769,0.42857142857142855,0.8571428571428571,0.0004
26,1.554006278514862,1.5158730745315552,0.3076923076923077,0.8269230769230769,0.42857142857142855,0.8571428571428571,0.0004
27,1.58381986618042,1.5176572799682617,0.3076923076923077,0.8269230769230769,0.21428571428571427,0.8571428571428571,0.0004
28,1.5672295689582825,1.5216026306152344,0.36538461538461536,0.8269230769230769,0.21428571428571427,0.8571428571428571,0.0004
29,1.5199366211891174,1.5255802869796753,0.36538461538461536,0.8269230769230769,0.21428571428571427,0.8571428571428571,0.0004
30,1.6004791259765625,1.5295491218566895,0.36538461538461536,0.8269230769230769,0.21428571428571427,0.8571428571428571,0.0004
31,1.5515363812446594,1.533310055732727,0.36538461538461536,0.8269230769230769,0.21428571428571427,0.8571428571428571,0.0004
32,1.5814937353134155,1.5367779731750488,0.36538461538461536,0.8269230769230769,0.21428571428571427,0.8571428571428571,0.0004
33,1.5472248792648315,1.539564847946167,0.36538461538461536,0.8269230769230769,0.21428571428571427,0.8571428571428571,0.0004
34,1.5748536586761475,1.5428433418273926,0.36538461538461536,0.8269230769230769,0.21428571428571427,0.8571428571428571,0.0004
35,1.5542101860046387,1.5439122915267944,0.36538461538461536,0.8269230769230769,0.21428571428571427,0.8571428571428571,0.0004
36,1.5325835347175598,1.5437307357788086,0.36538461538461536,0.8269230769230769,0.21428571428571427,0.8571428571428571,0.0004
37,1.5790993571281433,1.5437870025634766,0.36538461538461536,0.8269230769230769,0.21428571428571427,0.8571428571428571,0.0004
38,1.564174473285675,1.543523907661438,0.36538461538461536,0.8269230769230769,0.21428571428571427,0.8571428571428571,0.0004
39,1.5676190853118896,1.5432816743850708,0.36538461538461536,0.8269230769230769,0.21428571428571427,0.8571428571428571,0.0004
40,1.5972754955291748,1.5424659252166748,0.36538461538461536,0.8269230769230769,0.21428571428571427,0.8571428571428571,0.0004
41,1.5651133060455322,1.540785312652588,0.36538461538461536,0.8269230769230769,0.21428571428571427,0.8571428571428571,0.0004
42,1.5484607219696045,1.5389349460601807,0.36538461538461536,0.8269230769230769,0.21428571428571427,0.8571428571428571,0.0004
43,1.552306056022644,1.537765622138977,0.36538461538461536,0.8269230769230769,0.21428571428571427,0.8571428571428571,0.0004
44,1.5809922218322754,1.536482572555542,0.36538461538461536,0.8269230769230769,0.21428571428571427,0.8571428571428571,0.0004
45,1.552421748638153,1.535020112991333,0.36538461538461536,0.8269230769230769,0.21428571428571427,0.8571428571428571,0.0004
46,1.5372086763381958,1.5334904193878174,0.36538461538461536,0.8269230769230769,0.21428571428571427,0.8571428571428571,0.0004
47,1.5290245413780212,1.5326111316680908,0.36538461538461536,0.8269230769230769,0.21428571428571427,0.8571428571428571,0.0004
48,1.5517132878303528,1.5308713912963867,0.36538461538461536,0.8269230769230769,0.21428571428571427,0.8571428571428571,0.0004
49,1.5658478736877441,1.529193639755249,0.36538461538461536,0.8269230769230769,0.21428571428571427,0.8571428571428571,0.0004
50,1.5500518679618835,1.5279130935668945,0.36538461538461536,0.8269230769230769,0.21428571428571427,0.8571428571428571,0.0004
51,1.5659118294715881,1.5273125171661377,0.36538461538461536,0.8269230769230769,0.21428571428571427,0.8571428571428571,0.0004
52,1.5351937413215637,1.5268512964248657,0.36538461538461536,0.8269230769230769,0.21428571428571427,0.8571428571428571,0.0004
53,1.5363418459892273,1.527174711227417,0.36538461538461536,0.8269230769230769,0.21428571428571427,0.8571428571428571,0.0004
54,1.534924328327179,1.5277607440948486,0.36538461538461536,0.8269230769230769,0.21428571428571427,0.8571428571428571,0.0004
55,1.5679651498794556,1.5290064811706543,0.36538461538461536,0.8269230769230769,0.21428571428571427,0.8571428571428571,0.0004
56,1.585964560508728,1.5298926830291748,0.36538461538461536,0.8269230769230769,0.21428571428571427,0.8571428571428571,0.0004
57,1.5502091646194458,1.5294948816299438,0.36538461538461536,0.8269230769230769,0.21428571428571427,0.8571428571428571,0.0004
58,1.5505948066711426,1.5292729139328003,0.36538461538461536,0.8269230769230769,0.21428571428571427,0.8571428571428571,0.0004
59,1.5679951906204224,1.5291646718978882,0.36538461538461536,0.8269230769230769,0.21428571428571427,0.8571428571428571,0.0004
60,1.5804867148399353,1.5285117626190186,0.36538461538461536,0.8269230769230769,0.21428571428571427,0.8571428571428571,0.0004
61,1.5631263256072998,1.5280065536499023,0.36538461538461536,0.8269230769230769,0.21428571428571427,0.8571428571428571,0.0004
62,1.5330561995506287,1.5282771587371826,0.36538461538461536,0.8269230769230769,0.21428571428571427,0.8571428571428571,0.0004
63,1.5345571041107178,1.5293617248535156,0.36538461538461536,0.8269230769230769,0.21428571428571427,0.8571428571428571,0.0004
64,1.5624529123306274,1.5303391218185425,0.36538461538461536,0.8269230769230769,0.21428571428571427,0.8571428571428571,0.0004
65,1.5323079228401184,1.5318669080734253,0.36538461538461536,0.8269230769230769,0.21428571428571427,0.8571428571428571,0.0004
66,1.5816426277160645,1.5340189933776855,0.36538461538461536,0.8269230769230769,0.21428571428571427,0.8571428571428571,0.0004
67,1.5358588695526123,1.5358144044876099,0.36538461538461536,0.8269230769230769,0.21428571428571427,0.8571428571428571,0.0004
68,1.5203823447227478,1.5371512174606323,0.36538461538461536,0.8269230769230769,0.21428571428571427,0.8571428571428571,0.0004
69,1.5322275161743164,1.5379400253295898,0.36538461538461536,0.8269230769230769,0.21428571428571427,0.8571428571428571,0.0004
70,1.5332733392715454,1.5389231443405151,0.36538461538461536,0.8269230769230769,0.21428571428571427,0.8571428571428571,0.0004
71,1.5621692538261414,1.5397648811340332,0.36538461538461536,0.8269230769230769,0.21428571428571427,0.8571428571428571,0.0004
72,1.5637648105621338,1.5407888889312744,0.36538461538461536,0.8269230769230769,0.21428571428571427,0.8571428571428571,0.0004
73,1.5681756734848022,1.5418097972869873,0.36538461538461536,0.8269230769230769,0.21428571428571427,0.8571428571428571,0.0004
74,1.56878262758255,1.5420207977294922,0.36538461538461536,0.8269230769230769,0.21428571428571427,0.8571428571428571,0.0004
75,1.566340982913971,1.54121994972229,0.36538461538461536,0.8269230769230769,0.21428571428571427,0.8571428571428571,0.0004
76,1.5492197275161743,1.539954662322998,0.36538461538461536,0.8269230769230769,0.21428571428571427,0.8571428571428571,0.0004
77,1.5801617503166199,1.538678765296936,0.36538461538461536,0.8269230769230769,0.21428571428571427,0.8571428571428571,0.0004
78,1.5605578422546387,1.5374170541763306,0.36538461538461536,0.8269230769230769,0.21428571428571427,0.8571428571428571,0.0004
79,1.5495593547821045,1.5372731685638428,0.36538461538461536,0.8269230769230769,0.21428571428571427,0.8571428571428571,0.0004
80,1.5212024450302124,1.5370821952819824,0.36538461538461536,0.8269230769230769,0.21428571428571427,0.8571428571428571,0.0004
81,1.5334697365760803,1.5365943908691406,0.36538461538461536,0.8269230769230769,0.21428571428571427,0.8571428571428571,0.0004
82,1.5642088651657104,1.536428451538086,0.36538461538461536,0.8269230769230769,0.21428571428571427,0.8571428571428571,0.0004
83,1.59409761428833,1.536234974861145,0.36538461538461536,0.8269230769230769,0.21428571428571427,0.8571428571428571,0.0004
84,1.5476225018501282,1.535987377166748,0.36538461538461536,0.8269230769230769,0.21428571428571427,0.8571428571428571,0.0004
85,1.5476057529449463,1.5360983610153198,0.36538461538461536,0.8269230769230769,0.21428571428571427,0.8571428571428571,0.0004
86,1.5625628232955933,1.5366034507751465,0.36538461538461536,0.8269230769230769,0.21428571428571427,0.8571428571428571,0.0004
87,1.520279884338379,1.5374228954315186,0.36538461538461536,0.8269230769230769,0.21428571428571427,0.8571428571428571,0.0004
88,1.5253243446350098,1.5383632183074951,0.36538461538461536,0.8269230769230769,0.21428571428571427,0.8571428571428571,0.0004
89,1.5813579559326172,1.5382006168365479,0.36538461538461536,0.8269230769230769,0.21428571428571427,0.8571428571428571,0.0004
90,1.547823429107666,1.5374751091003418,0.36538461538461536,0.8269230769230769,0.21428571428571427,0.8571428571428571,0.0004
91,1.522620439529419,1.537247896194458,0.36538461538461536,0.8269230769230769,0.21428571428571427,0.8571428571428571,0.0004
92,1.5461941957473755,1.5362077951431274,0.36538461538461536,0.8269230769230769,0.21428571428571427,0.8571428571428571,0.0004
93,1.5489992499351501,1.5359376668930054,0.36538461538461536,0.8269230769230769,0.21428571428571427,0.8571428571428571,0.0004
94,1.523131549358368,1.5360617637634277,0.36538461538461536,0.8269230769230769,0.21428571428571427,0.8571428571428571,0.0004
95,1.5326953530311584,1.535144329071045,0.36538461538461536,0.8269230769230769,0.21428571428571427,0.8571428571428571,0.0004
96,1.580776572227478,1.534665584564209,0.36538461538461536,0.8269230769230769,0.21428571428571427,0.8571428571428571,0.0004
97,1.5846527814865112,1.5344393253326416,0.36538461538461536,0.8269230769230769,0.21428571428571427,0.8571428571428571,0.0004
98,1.53274667263031,1.5331816673278809,0.36538461538461536,0.8269230769230769,0.21428571428571427,0.8571428571428571,0.0004
99,1.5334381461143494,1.5324435234069824,0.36538461538461536,0.8269230769230769,0.21428571428571427,0.8571428571428571,0.0004
100,1.5492426753044128,1.5318100452423096,0.36538461538461536,0.8269230769230769,0.21428571428571427,0.8571428571428571,0.0004
101,1.552266001701355,1.5315877199172974,0.36538461538461536,0.8269230769230769,0.21428571428571427,0.8571428571428571,0.0004
102,1.5479674339294434,1.5309138298034668,0.36538461538461536,0.8269230769230769,0.21428571428571427,0.8571428571428571,0.0004
103,1.552205204963684,1.5309653282165527,0.36538461538461536,0.8269230769230769,0.21428571428571427,0.8571428571428571,0.0004
104,1.5482708811759949,1.5303858518600464,0.36538461538461536,0.8269230769230769,0.21428571428571427,0.8571428571428571,0.0004
105,1.514553427696228,1.5302842855453491,0.36538461538461536,0.8269230769230769,0.21428571428571427,0.8571428571428571,0.0004
106,1.5798132419586182,1.5317111015319824,0.36538461538461536,0.8269230769230769,0.21428571428571427,0.8571428571428571,0.0004
107,1.5172855257987976,1.5334876775741577,0.36538461538461536,0.8269230769230769,0.21428571428571427,0.8571428571428571,0.0004
108,1.5478261709213257,1.535588264465332,0.36538461538461536,0.8269230769230769,0.21428571428571427,0.8571428571428571,0.0004
109,1.56807941198349,1.5379875898361206,0.36538461538461536,0.8269230769230769,0.21428571428571427,0.8571428571428571,0.0004
110,1.552128791809082,1.5395357608795166,0.36538461538461536,0.8269230769230769,0.21428571428571427,0.8571428571428571,0.0004
111,1.5514771938323975,1.5402538776397705,0.36538461538461536,0.8269230769230769,0.21428571428571427,0.8571428571428571,0.0004
112,1.5843751430511475,1.5405590534210205,0.36538461538461536,0.8269230769230769,0.21428571428571427,0.8571428571428571,0.0004
113,1.559941053390503,1.5395636558532715,0.36538461538461536,0.8269230769230769,0.21428571428571427,0.8571428571428571,0.0004
114,1.5510907769203186,1.5395703315734863,0.36538461538461536,0.8269230769230769,0.21428571428571427,0.8571428571428571,0.0004
115,1.5823010802268982,1.5393288135528564,0.36538461538461536,0.8269230769230769,0.21428571428571427,0.8571428571428571,0.0004
116,1.5944947004318237,1.5385011434555054,0.36538461538461536,0.8269230769230769,0.21428571428571427,0.8571428571428571,0.0004
117,1.5778694152832031,1.5376275777816772,0.36538461538461536,0.8269230769230769,0.21428571428571427,0.8571428571428571,0.0004
118,1.5456028580665588,1.5368876457214355,0.36538461538461536,0.8269230769230769,0.21428571428571427,0.8571428571428571,0.0004
119,1.5660910606384277,1.537325382232666,0.36538461538461536,0.8269230769230769,0.21428571428571427,0.8571428571428571,0.0004
120,1.5939752459526062,1.5373516082763672,0.36538461538461536,0.8269230769230769,0.21428571428571427,0.8571428571428571,0.0004
121,1.5802065134048462,1.5372616052627563,0.36538461538461536,0.8269230769230769,0.21428571428571427,0.8571428571428571,0.0004
122,1.5659014582633972,1.5369923114776611,0.36538461538461536,0.8269230769230769,0.21428571428571427,0.8571428571428571,0.0004
123,1.5351788997650146,1.5363316535949707,0.36538461538461536,0.8269230769230769,0.21428571428571427,0.8571428571428571,0.0004
124,1.5511130094528198,1.5361988544464111,0.36538461538461536,0.8269230769230769,0.21428571428571427,0.8571428571428571,0.0004
125,1.568206787109375,1.5362321138381958,0.36538461538461536,0.8269230769230769,0.21428571428571427,0.8571428571428571,0.0004
126,1.5553460121154785,1.5357271432876587,0.36538461538461536,0.8269230769230769,0.21428571428571427,0.8571428571428571,0.0004
127,1.5535767078399658,1.5344737768173218,0.36538461538461536,0.8269230769230769,0.21428571428571427,0.8571428571428571,0.0004
128,1.5274702906608582,1.5331478118896484,0.36538461538461536,0.8269230769230769,0.21428571428571427,0.8571428571428571,0.0004
129,1.5526425242424011,1.5309851169586182,0.36538461538461536,0.8269230769230769,0.21428571428571427,0.8571428571428571,0.0004
130,1.5203442573547363,1.5287564992904663,0.36538461538461536,0.8269230769230769,0.21428571428571427,0.8571428571428571,0.0004
131,1.5802883505821228,1.5279648303985596,0.36538461538461536,0.8269230769230769,0.21428571428571427,0.8571428571428571,0.0004
132,1.5834124088287354,1.5276851654052734,0.36538461538461536,0.8269230769230769,0.21428571428571427,0.8571428571428571,0.0004
133,1.5512114763259888,1.526637077331543,0.36538461538461536,0.8269230769230769,0.21428571428571427,0.8571428571428571,0.0004
134,1.5669962763786316,1.52588951587677,0.36538461538461536,0.8269230769230769,0.21428571428571427,0.8571428571428571,0.0004
135,1.536687970161438,1.5250575542449951,0.36538461538461536,0.8269230769230769,0.21428571428571427,0.8571428571428571,0.0004
136,1.5486993789672852,1.524320125579834,0.36538461538461536,0.8269230769230769,0.21428571428571427,0.8571428571428571,0.0004
137,1.5647850036621094,1.5247182846069336,0.36538461538461536,0.8269230769230769,0.21428571428571427,0.8571428571428571,0.0004
138,1.5512415170669556,1.5256550312042236,0.36538461538461536,0.8269230769230769,0.21428571428571427,0.8571428571428571,0.0004
139,1.5383734107017517,1.5267436504364014,0.36538461538461536,0.8269230769230769,0.21428571428571427,0.8571428571428571,0.0004
140,1.5472276210784912,1.5268497467041016,0.36538461538461536,0.8269230769230769,0.21428571428571427,0.8571428571428571,0.0004
141,1.5687208771705627,1.5283042192459106,0.36538461538461536,0.8269230769230769,0.21428571428571427,0.8571428571428571,0.0004
142,1.5849875211715698,1.5290933847427368,0.36538461538461536,0.8269230769230769,0.21428571428571427,0.8571428571428571,0.0004
143,1.5960962772369385,1.5289298295974731,0.36538461538461536,0.8269230769230769,0.21428571428571427,0.8571428571428571,0.0004
144,1.5683072209358215,1.5291403532028198,0.36538461538461536,0.8269230769230769,0.21428571428571427,0.8571428571428571,0.0004
145,1.5346609950065613,1.5287001132965088,0.36538461538461536,0.8269230769230769,0.21428571428571427,0.8571428571428571,0.0004
146,1.5803953409194946,1.5284216403961182,0.36538461538461536,0.8269230769230769,0.21428571428571427,0.8571428571428571,0.0004
147,1.5496999621391296,1.5281943082809448,0.36538461538461536,0.8269230769230769,0.21428571428571427,0.8571428571428571,0.0004
148,1.5668537020683289,1.5284969806671143,0.36538461538461536,0.8269230769230769,0.21428571428571427,0.8571428571428571,0.0004
149,1.5496382117271423,1.5286171436309814,0.36538461538461536,0.8269230769230769,0.21428571428571427,0.8571428571428571,0.0004
150,1.5310809016227722,1.5288188457489014,0.36538461538461536,0.8269230769230769,0.21428571428571427,0.8571428571428571,0.0004
151,1.5566890835762024,1.5307074785232544,0.36538461538461536,0.8269230769230769,0.21428571428571427,0.8571428571428571,0.0004
152,1.5349255204200745,1.531044602394104,0.36538461538461536,0.8269230769230769,0.21428571428571427,0.8571428571428571,0.0004
153,1.5628361701965332,1.5313899517059326,0.36538461538461536,0.8269230769230769,0.21428571428571427,0.8571428571428571,0.0004
154,1.5652636289596558,1.5321930646896362,0.36538461538461536,0.8269230769230769,0.21428571428571427,0.8571428571428571,0.0004
155,1.5465749502182007,1.5329139232635498,0.36538461538461536,0.8269230769230769,0.21428571428571427,0.8571428571428571,0.0004
156,1.534558653831482,1.5344336032867432,0.36538461538461536,0.8269230769230769,0.21428571428571427,0.8571428571428571,0.0004
157,1.5527148842811584,1.5361478328704834,0.36538461538461536,0.8269230769230769,0.21428571428571427,0.8571428571428571,0.0004
158,1.5933315753936768,1.5369703769683838,0.36538461538461536,0.8269230769230769,0.21428571428571427,0.8571428571428571,0.0004
159,1.5791202187538147,1.5378875732421875,0.36538461538461536,0.8269230769230769,0.21428571428571427,0.8571428571428571,0.0004
160,1.5645866394042969,1.5387704372406006,0.36538461538461536,0.8269230769230769,0.21428571428571427,0.8571428571428571,0.0004
161,1.5311030149459839,1.5391860008239746,0.36538461538461536,0.8269230769230769,0.21428571428571427,0.8571428571428571,0.0004
162,1.5488430857658386,1.5402544736862183,0.36538461538461536,0.8269230769230769,0.21428571428571427,0.8571428571428571,0.0004
163,1.5514063239097595,1.5413470268249512,0.36538461538461536,0.8269230769230769,0.21428571428571427,0.8571428571428571,0.0004
164,1.5792806148529053,1.5417354106903076,0.36538461538461536,0.8269230769230769,0.21428571428571427,0.8571428571428571,0.0004
165,1.5871899127960205,1.5421905517578125,0.36538461538461536,0.8269230769230769,0.21428571428571427,0.8571428571428571,0.0004
166,1.549332320690155,1.541018009185791,0.36538461538461536,0.8269230769230769,0.21428571428571427,0.8571428571428571,0.0004
167,1.563901662826538,1.5398659706115723,0.36538461538461536,0.8269230769230769,0.21428571428571427,0.8571428571428571,0.0004
168,1.5489753484725952,1.5387592315673828,0.36538461538461536,0.8269230769230769,0.21428571428571427,0.8571428571428571,0.0004
169,1.56806480884552,1.5379931926727295,0.36538461538461536,0.8269230769230769,0.21428571428571427,0.8571428571428571,0.0004
170,1.5246046781539917,1.536792516708374,0.36538461538461536,0.8269230769230769,0.21428571428571427,0.8571428571428571,0.0004
171,1.5654525756835938,1.534945011138916,0.36538461538461536,0.8269230769230769,0.21428571428571427,0.8571428571428571,0.0004
172,1.5503526329994202,1.533325433731079,0.36538461538461536,0.8269230769230769,0.21428571428571427,0.8571428571428571,0.0004
173,1.5625850558280945,1.5316585302352905,0.36538461538461536,0.8269230769230769,0.21428571428571427,0.8571428571428571,0.0004
174,1.550581455230713,1.5308774709701538,0.36538461538461536,0.8269230769230769,0.21428571428571427,0.8571428571428571,0.0004
175,1.5508647561073303,1.530261754989624,0.36538461538461536,0.8269230769230769,0.21428571428571427,0.8571428571428571,0.0004
176,1.5948885083198547,1.5295988321304321,0.36538461538461536,0.8269230769230769,0.21428571428571427,0.8571428571428571,0.0004
177,1.5625815987586975,1.5291434526443481,0.36538461538461536,0.8269230769230769,0.21428571428571427,0.8571428571428571,0.0004
178,1.5771021842956543,1.5295007228851318,0.36538461538461536,0.8269230769230769,0.21428571428571427,0.8571428571428571,0.0004
179,1.5500067472457886,1.5306748151779175,0.36538461538461536,0.8269230769230769,0.21428571428571427,0.8571428571428571,0.0004
180,1.5658828020095825,1.5318931341171265,0.36538461538461536,0.8269230769230769,0.21428571428571427,0.8571428571428571,0.0004
181,1.551716685295105,1.533126711845398,0.36538461538461536,0.8269230769230769,0.21428571428571427,0.8571428571428571,0.0004
182,1.551896095275879,1.5338773727416992,0.36538461538461536,0.8269230769230769,0.21428571428571427,0.8571428571428571,0.0004
183,1.563421607017517,1.5341235399246216,0.36538461538461536,0.8269230769230769,0.21428571428571427,0.8571428571428571,0.0004
184,1.5631930232048035,1.534515619277954,0.36538461538461536,0.8269230769230769,0.21428571428571427,0.8571428571428571,0.0004
185,1.5196238160133362,1.535096526145935,0.36538461538461536,0.8269230769230769,0.21428571428571427,0.8571428571428571,0.0004
186,1.5622860789299011,1.5359821319580078,0.36538461538461536,0.8269230769230769,0.21428571428571427,0.8571428571428571,0.0004
187,1.5463983416557312,1.5371745824813843,0.36538461538461536,0.8269230769230769,0.21428571428571427,0.8571428571428571,0.0004
188,1.5658859014511108,1.5389020442962646,0.36538461538461536,0.8269230769230769,0.21428571428571427,0.8571428571428571,0.0004
189,1.5843268632888794,1.5403871536254883,0.36538461538461536,0.8269230769230769,0.21428571428571427,0.8571428571428571,0.0004
190,1.547123670578003,1.5404947996139526,0.36538461538461536,0.8269230769230769,0.21428571428571427,0.8571428571428571,0.0004
191,1.536601483821869,1.5409886837005615,0.36538461538461536,0.8269230769230769,0.21428571428571427,0.8571428571428571,0.0004
192,1.5325279235839844,1.5408278703689575,0.36538461538461536,0.8269230769230769,0.21428571428571427,0.8571428571428571,0.0004
193,1.550510287284851,1.5409051179885864,0.36538461538461536,0.8269230769230769,0.21428571428571427,0.8571428571428571,0.0004
194,1.5211694240570068,1.5406811237335205,0.36538461538461536,0.8269230769230769,0.21428571428571427,0.8571428571428571,0.0004
195,1.5511054992675781,1.5401670932769775,0.36538461538461536,0.8269230769230769,0.21428571428571427,0.8571428571428571,0.0004
196,1.5552532076835632,1.539374589920044,0.36538461538461536,0.8269230769230769,0.21428571428571427,0.8571428571428571,0.0004
197,1.569321095943451,1.5377709865570068,0.36538461538461536,0.8269230769230769,0.21428571428571427,0.8571428571428571,0.0004
198,1.5539274215698242,1.535455346107483,0.36538461538461536,0.8269230769230769,0.21428571428571427,0.8571428571428571,0.0004
199,1.567924439907074,1.5326937437057495,0.36538461538461536,0.8269230769230769,0.21428571428571427,0.8571428571428571,0.0004
200,1.5483232736587524,1.5295075178146362,0.36538461538461536,0.8269230769230769,0.21428571428571427,0.8571428571428571,0.0004
201,1.578215777873993,1.5272728204727173,0.36538461538461536,0.8269230769230769,0.21428571428571427,0.8571428571428571,0.0004
202,1.594300389289856,1.525933861732483,0.36538461538461536,0.8269230769230769,0.21428571428571427,0.8571428571428571,0.0004
203,1.5504988431930542,1.525456190109253,0.36538461538461536,0.8269230769230769,0.21428571428571427,0.8571428571428571,0.0004
204,1.5513613820075989,1.5253947973251343,0.36538461538461536,0.8269230769230769,0.21428571428571427,0.8571428571428571,0.0004
205,1.5526940822601318,1.5257065296173096,0.36538461538461536,0.8269230769230769,0.21428571428571427,0.8571428571428571,0.0004
206,1.5512834191322327,1.5255131721496582,0.36538461538461536,0.8269230769230769,0.21428571428571427,0.8571428571428571,0.0004
207,1.5970600843429565,1.5254595279693604,0.36538461538461536,0.8269230769230769,0.21428571428571427,0.8571428571428571,0.0004
208,1.5635895133018494,1.5251073837280273,0.36538461538461536,0.8269230769230769,0.21428571428571427,0.8571428571428571,0.0004
209,1.548075795173645,1.5251967906951904,0.36538461538461536,0.8269230769230769,0.21428571428571427,0.8571428571428571,0.0004
210,1.5205038785934448,1.5264766216278076,0.36538461538461536,0.8269230769230769,0.21428571428571427,0.8571428571428571,0.0004
211,1.5227458477020264,1.528277039527893,0.36538461538461536,0.8269230769230769,0.21428571428571427,0.8571428571428571,0.0004
212,1.5663264393806458,1.5298646688461304,0.36538461538461536,0.8269230769230769,0.21428571428571427,0.8571428571428571,0.0004
213,1.56817626953125,1.5311330556869507,0.36538461538461536,0.8269230769230769,0.21428571428571427,0.8571428571428571,0.0004
214,1.549486517906189,1.531558632850647,0.36538461538461536,0.8269230769230769,0.21428571428571427,0.8571428571428571,0.0004
215,1.5362075567245483,1.532233715057373,0.36538461538461536,0.8269230769230769,0.21428571428571427,0.8571428571428571,0.0004
216,1.5631240010261536,1.5326203107833862,0.36538461538461536,0.8269230769230769,0.21428571428571427,0.8571428571428571,0.0004
217,1.551863670349121,1.5333144664764404,0.36538461538461536,0.8269230769230769,0.21428571428571427,0.8571428571428571,0.0004
218,1.549462914466858,1.5334985256195068,0.36538461538461536,0.8269230769230769,0.21428571428571427,0.8571428571428571,0.0004
219,1.5634108781814575,1.5337532758712769,0.36538461538461536,0.8269230769230769,0.21428571428571427,0.8571428571428571,0.0004
220,1.5658373832702637,1.5342975854873657,0.36538461538461536,0.8269230769230769,0.21428571428571427,0.8571428571428571,0.0004
221,1.5800408124923706,1.534576177597046,0.36538461538461536,0.8269230769230769,0.21428571428571427,0.8571428571428571,0.0004
222,1.5524232387542725,1.5347373485565186,0.36538461538461536,0.8269230769230769,0.21428571428571427,0.8571428571428571,0.0004
223,1.5807600617408752,1.5345489978790283,0.36538461538461536,0.8269230769230769,0.21428571428571427,0.8571428571428571,0.0004
224,1.5348584651947021,1.5340896844863892,0.36538461538461536,0.8269230769230769,0.21428571428571427,0.8571428571428571,0.0004
225,1.5632833242416382,1.5336068868637085,0.36538461538461536,0.8269230769230769,0.21428571428571427,0.8571428571428571,0.0004
226,1.5960694551467896,1.5338925123214722,0.36538461538461536,0.8269230769230769,0.21428571428571427,0.8571428571428571,0.0004
227,1.5488354563713074,1.5336142778396606,0.36538461538461536,0.8269230769230769,0.21428571428571427,0.8571428571428571,0.0004
228,1.5670359134674072,1.5338214635849,0.36538461538461536,0.8269230769230769,0.21428571428571427,0.8571428571428571,0.0004
229,1.5514861941337585,1.5335181951522827,0.36538461538461536,0.8269230769230769,0.21428571428571427,0.8571428571428571,0.0004
230,1.5371335744857788,1.5331459045410156,0.36538461538461536,0.8269230769230769,0.21428571428571427,0.8571428571428571,0.0004
231,1.5336339473724365,1.532407283782959,0.36538461538461536,0.8269230769230769,0.21428571428571427,0.8571428571428571,0.0004
232,1.5662280321121216,1.5326298475265503,0.36538461538461536,0.8269230769230769,0.21428571428571427,0.8571428571428571,0.0004
233,1.5633253455162048,1.532131552696228,0.36538461538461536,0.8269230769230769,0.21428571428571427,0.8571428571428571,0.0004
234,1.5373518466949463,1.5321887731552124,0.36538461538461536,0.8269230769230769,0.21428571428571427,0.8571428571428571,0.0004
235,1.59490567445755,1.532062292098999,0.36538461538461536,0.8269230769230769,0.21428571428571427,0.8571428571428571,0.0004
236,1.563735008239746,1.5319961309432983,0.36538461538461536,0.8269230769230769,0.21428571428571427,0.8571428571428571,0.0004
237,1.5511417388916016,1.5320098400115967,0.36538461538461536,0.8269230769230769,0.21428571428571427,0.8571428571428571,0.0004
238,1.559181272983551,1.5314841270446777,0.36538461538461536,0.8269230769230769,0.21428571428571427,0.8571428571428571,0.0004
239,1.5781545639038086,1.5327885150909424,0.36538461538461536,0.8269230769230769,0.21428571428571427,0.8571428571428571,0.0004
240,1.5509620904922485,1.534249186515808,0.36538461538461536,0.8269230769230769,0.21428571428571427,0.8571428571428571,0.0004
241,1.5790033340454102,1.5352534055709839,0.36538461538461536,0.8269230769230769,0.21428571428571427,0.8571428571428571,0.0004
242,1.5845860242843628,1.5368068218231201,0.36538461538461536,0.8269230769230769,0.21428571428571427,0.8571428571428571,0.0004
243,1.5623040795326233,1.536698818206787,0.36538461538461536,0.8269230769230769,0.21428571428571427,0.8571428571428571,0.0004
244,1.507264792919159,1.5375367403030396,0.36538461538461536,0.8269230769230769,0.21428571428571427,0.8571428571428571,0.0004
245,1.566294550895691,1.5377764701843262,0.36538461538461536,0.8269230769230769,0.21428571428571427,0.8571428571428571,0.0004
246,1.5824052095413208,1.5378310680389404,0.36538461538461536,0.8269230769230769,0.21428571428571427,0.8571428571428571,0.0004
247,1.534430980682373,1.5370774269104004,0.36538461538461536,0.8269230769230769,0.21428571428571427,0.8571428571428571,0.0004
248,1.5351269841194153,1.5360779762268066,0.36538461538461536,0.8269230769230769,0.21428571428571427,0.8571428571428571,0.0004
249,1.5673340559005737,1.5356537103652954,0.36538461538461536,0.8269230769230769,0.21428571428571427,0.8571428571428571,0.0004
250,1.5779469013214111,1.534560203552246,0.36538461538461536,0.8269230769230769,0.21428571428571427,0.8571428571428571,0.0004
251,1.5343179106712341,1.533493995666504,0.36538461538461536,0.8269230769230769,0.21428571428571427,0.8571428571428571,0.0004
252,1.5952033996582031,1.532540202140808,0.36538461538461536,0.8269230769230769,0.21428571428571427,0.8571428571428571,0.0004
253,1.534671664237976,1.5324941873550415,0.36538461538461536,0.8269230769230769,0.21428571428571427,0.8571428571428571,0.0004
254,1.5942696928977966,1.5322412252426147,0.36538461538461536,0.8269230769230769,0.21428571428571427,0.8571428571428571,0.0004
255,1.5628557801246643,1.5318753719329834,0.36538461538461536,0.8269230769230769,0.21428571428571427,0.8571428571428571,0.0004
256,1.5354394912719727,1.5315669775009155,0.36538461538461536,0.8269230769230769,0.21428571428571427,0.8571428571428571,0.0004
257,1.5652410984039307,1.5316815376281738,0.36538461538461536,0.8269230769230769,0.21428571428571427,0.8571428571428571,0.0004
258,1.5632716417312622,1.531272530555725,0.36538461538461536,0.8269230769230769,0.21428571428571427,0.8571428571428571,0.0004
259,1.5509957671165466,1.5316016674041748,0.36538461538461536,0.8269230769230769,0.21428571428571427,0.8571428571428571,0.0004
260,1.5341190099716187,1.5313489437103271,0.36538461538461536,0.8269230769230769,0.21428571428571427,0.8571428571428571,0.0004
261,1.5785082578659058,1.5317569971084595,0.36538461538461536,0.8269230769230769,0.21428571428571427,0.8571428571428571,0.0004
262,1.5233043432235718,1.5321922302246094,0.36538461538461536,0.8269230769230769,0.21428571428571427,0.8571428571428571,0.0004
263,1.5775522589683533,1.5315898656845093,0.36538461538461536,0.8269230769230769,0.21428571428571427,0.8571428571428571,0.0004
264,1.549934983253479,1.5325556993484497,0.36538461538461536,0.8269230769230769,0.21428571428571427,0.8571428571428571,0.0004
265,1.5644700527191162,1.532879114151001,0.36538461538461536,0.8269230769230769,0.21428571428571427,0.8571428571428571,0.0004
266,1.5626804828643799,1.5333812236785889,0.36538461538461536,0.8269230769230769,0.21428571428571427,0.8571428571428571,0.0004
267,1.5345048904418945,1.53414785861969,0.36538461538461536,0.8269230769230769,0.21428571428571427,0.8571428571428571,0.0004
268,1.6085968017578125,1.5353368520736694,0.36538461538461536,0.8269230769230769,0.21428571428571427,0.8571428571428571,0.0004
269,1.565169095993042,1.5356115102767944,0.36538461538461536,0.8269230769230769,0.21428571428571427,0.8571428571428571,0.0004
270,1.5151408314704895,1.536034345626831,0.36538461538461536,0.8269230769230769,0.21428571428571427,0.8571428571428571,0.0004
271,1.5341209173202515,1.5368322134017944,0.36538461538461536,0.8269230769230769,0.21428571428571427,0.8571428571428571,0.0004
272,1.5355808734893799,1.5389294624328613,0.36538461538461536,0.8269230769230769,0.21428571428571427,0.8571428571428571,0.0004
273,1.5642033219337463,1.5401233434677124,0.36538461538461536,0.8269230769230769,0.21428571428571427,0.8571428571428571,0.0004
274,1.551868736743927,1.5412304401397705,0.36538461538461536,0.8269230769230769,0.21428571428571427,0.8571428571428571,0.0004
275,1.535017490386963,1.54085373878479,0.36538461538461536,0.8269230769230769,0.21428571428571427,0.8571428571428571,0.0004
276,1.5530190467834473,1.5410873889923096,0.36538461538461536,0.8269230769230769,0.21428571428571427,0.8571428571428571,0.0004
277,1.532767117023468,1.539279580116272,0.36538461538461536,0.8269230769230769,0.21428571428571427,0.8571428571428571,0.0004
278,1.5504456162452698,1.5390558242797852,0.36538461538461536,0.8269230769230769,0.21428571428571427,0.8571428571428571,0.0004
279,1.592025637626648,1.5372257232666016,0.36538461538461536,0.8269230769230769,0.21428571428571427,0.8571428571428571,0.0004
280,1.548210322856903,1.536881685256958,0.36538461538461536,0.8269230769230769,0.21428571428571427,0.8571428571428571,0.0004
281,1.5525839924812317,1.5356720685958862,0.36538461538461536,0.8269230769230769,0.21428571428571427,0.8571428571428571,0.0004
282,1.549201488494873,1.5337398052215576,0.36538461538461536,0.8269230769230769,0.21428571428571427,0.8571428571428571,0.0004
283,1.5794870853424072,1.5328023433685303,0.36538461538461536,0.8269230769230769,0.21428571428571427,0.8571428571428571,0.0004
284,1.5515094995498657,1.5311493873596191,0.36538461538461536,0.8269230769230769,0.21428571428571427,0.8571428571428571,0.0004
285,1.561737835407257,1.5319534540176392,0.36538461538461536,0.8269230769230769,0.21428571428571427,0.8571428571428571,0.0004
286,1.5609450936317444,1.5298409461975098,0.36538461538461536,0.8269230769230769,0.21428571428571427,0.8571428571428571,0.0004
287,1.5477538704872131,1.5293292999267578,0.36538461538461536,0.8269230769230769,0.21428571428571427,0.8571428571428571,0.0004
288,1.5795455574989319,1.5296679735183716,0.36538461538461536,0.8269230769230769,0.21428571428571427,0.8571428571428571,0.0004
289,1.5234065651893616,1.5300242900848389,0.36538461538461536,0.8269230769230769,0.21428571428571427,0.8571428571428571,0.0004
290,1.5902637243270874,1.5307432413101196,0.36538461538461536,0.8269230769230769,0.21428571428571427,0.8571428571428571,0.0004
291,1.537419319152832,1.528404951095581,0.36538461538461536,0.8269230769230769,0.21428571428571427,0.8571428571428571,0.0004
292,1.576005756855011,1.5292366743087769,0.36538461538461536,0.8269230769230769,0.21428571428571427,0.8571428571428571,0.0004
293,1.54343581199646,1.5254842042922974,0.36538461538461536,0.8269230769230769,0.21428571428571427,0.8571428571428571,0.0004
294,1.5409709811210632,1.5238324403762817,0.36538461538461536,0.8269230769230769,0.21428571428571427,0.8571428571428571,0.0004
295,1.551431953907013,1.5310115814208984,0.36538461538461536,0.8269230769230769,0.21428571428571427,0.8571428571428571,0.0004
296,1.5988903641700745,1.5335898399353027,0.36538461538461536,0.8269230769230769,0.21428571428571427,0.8571428571428571,0.0004
297,1.5629372596740723,1.5324161052703857,0.36538461538461536,0.8269230769230769,0.21428571428571427,0.8571428571428571,0.0004
298,1.5459848642349243,1.531839370727539,0.36538461538461536,0.8269230769230769,0.21428571428571427,0.8571428571428571,0.0004
299,1.5750917196273804,1.5334408283233643,0.36538461538461536,0.8269230769230769,0.21428571428571427,0.8571428571428571,0.0004
300,1.5634187459945679,1.534958004951477,0.36538461538461536,0.8269230769230769,0.21428571428571427,0.8571428571428571,0.0004
301,1.5447286367416382,1.5351123809814453,0.36538461538461536,0.8269230769230769,0.21428571428571427,0.8571428571428571,0.0004
302,1.54299658536911,1.5363342761993408,0.36538461538461536,0.8269230769230769,0.21428571428571427,0.8571428571428571,0.0004
303,1.559488594532013,1.5367872714996338,0.36538461538461536,0.8269230769230769,0.21428571428571427,0.8571428571428571,0.0004
304,1.5538914799690247,1.5383070707321167,0.36538461538461536,0.8269230769230769,0.21428571428571427,0.8571428571428571,0.0004
305,1.5871821641921997,1.537274956703186,0.36538461538461536,0.8269230769230769,0.21428571428571427,0.8571428571428571,0.0004
306,1.5286675691604614,1.5383148193359375,0.36538461538461536,0.8269230769230769,0.21428571428571427,0.8571428571428571,0.0004
307,1.517053484916687,1.539013385772705,0.36538461538461536,0.8269230769230769,0.21428571428571427,0.8571428571428571,0.0004
308,1.5848983526229858,1.5383000373840332,0.36538461538461536,0.8269230769230769,0.21428571428571427,0.8571428571428571,0.0004
309,1.5772442817687988,1.538955807685852,0.36538461538461536,0.8269230769230769,0.21428571428571427,0.8571428571428571,0.0004
310,1.544057011604309,1.5367426872253418,0.36538461538461536,0.8269230769230769,0.21428571428571427,0.8571428571428571,0.0004
311,1.5450063943862915,1.5374207496643066,0.36538461538461536,0.8269230769230769,0.21428571428571427,0.8571428571428571,0.0004
312,1.550856590270996,1.5376521348953247,0.36538461538461536,0.8269230769230769,0.21428571428571427,0.8571428571428571,0.0004
313,1.5718327164649963,1.5376768112182617,0.36538461538461536,0.8269230769230769,0.21428571428571427,0.8571428571428571,0.0004
314,1.5411205291748047,1.5364326238632202,0.36538461538461536,0.8269230769230769,0.21428571428571427,0.8571428571428571,0.0004
315,1.5542888045310974,1.5394859313964844,0.36538461538461536,0.8269230769230769,0.21428571428571427,0.8571428571428571,0.0004
316,1.5478660464286804,1.5369266271591187,0.36538461538461536,0.8269230769230769,0.21428571428571427,0.8571428571428571,0.0004
317,1.5477467775344849,1.5350230932235718,0.36538461538461536,0.8269230769230769,0.21428571428571427,0.8571428571428571,0.0004
318,1.5577353239059448,1.532749056816101,0.36538461538461536,0.8269230769230769,0.21428571428571427,0.8571428571428571,0.0004
319,1.5589940547943115,1.5276163816452026,0.36538461538461536,0.8269230769230769,0.21428571428571427,0.8571428571428571,0.0004
320,1.5579789876937866,1.5271507501602173,0.36538461538461536,0.8269230769230769,0.21428571428571427,0.8571428571428571,0.0004
321,1.5548044443130493,1.5241270065307617,0.36538461538461536,0.8269230769230769,0.21428571428571427,0.8571428571428571,0.0004
322,1.572763204574585,1.5258570909500122,0.36538461538461536,0.8269230769230769,0.21428571428571427,0.8571428571428571,0.0004
323,1.5257304906845093,1.527853012084961,0.36538461538461536,0.8269230769230769,0.21428571428571427,0.8571428571428571,0.0004
324,1.5411617159843445,1.5258522033691406,0.36538461538461536,0.8269230769230769,0.21428571428571427,0.8571428571428571,0.0004
325,1.5588051676750183,1.5295943021774292,0.36538461538461536,0.8269230769230769,0.21428571428571427,0.8571428571428571,0.0004
326,1.5544790625572205,1.5252701044082642,0.36538461538461536,0.8269230769230769,0.21428571428571427,0.8571428571428571,0.0004
327,1.5402166247367859,1.5282013416290283,0.36538461538461536,0.8269230769230769,0.21428571428571427,0.8571428571428571,0.0004
328,1.5527360439300537,1.530402421951294,0.36538461538461536,0.8269230769230769,0.21428571428571427,0.8571428571428571,0.0004
329,1.5406740307807922,1.5569214820861816,0.36538461538461536,0.8269230769230769,0.21428571428571427,0.8571428571428571,0.0004
330,1.5220867991447449,1.5256280899047852,0.36538461538461536,0.8269230769230769,0.21428571428571427,0.8571428571428571,0.0004
331,1.586996078491211,1.5394192934036255,0.36538461538461536,0.8269230769230769,0.21428571428571427,0.8571428571428571,0.0004
332,1.529117226600647,1.5406438112258911,0.36538461538461536,0.8269230769230769,0.21428571428571427,0.8571428571428571,0.0004
333,1.5521332025527954,1.530561923980713,0.36538461538461536,0.8269230769230769,0.21428571428571427,0.8571428571428571,0.0004
334,1.5602645874023438,1.5338492393493652,0.36538461538461536,0.8269230769230769,0.21428571428571427,0.8571428571428571,0.0004
335,1.5578927397727966,1.5252010822296143,0.36538461538461536,0.8269230769230769,0.21428571428571427,0.8571428571428571,0.0004
336,1.552928388118744,1.5214160680770874,0.38461538461538464,0.8269230769230769,0.21428571428571427,0.8571428571428571,0.0004
337,1.5414286255836487,1.5242763757705688,0.40384615384615385,0.8269230769230769,0.21428571428571427,0.8571428571428571,0.0004
338,1.5318366289138794,1.5215532779693604,0.4230769230769231,0.8269230769230769,0.21428571428571427,0.8571428571428571,0.0004
339,1.5613089799880981,1.5349888801574707,0.36538461538461536,0.8269230769230769,0.21428571428571427,0.8571428571428571,0.0004
340,1.518458902835846,1.5315814018249512,0.36538461538461536,0.8269230769230769,0.21428571428571427,0.8571428571428571,0.0004
341,1.5838908553123474,1.5361911058425903,0.36538461538461536,0.8269230769230769,0.21428571428571427,0.8571428571428571,0.0004
342,1.5495598912239075,1.5189738273620605,0.36538461538461536,0.8269230769230769,0.21428571428571427,0.8571428571428571,0.0004
343,1.5047943592071533,1.5266969203948975,0.36538461538461536,0.8269230769230769,0.21428571428571427,0.8571428571428571,0.0004
344,1.56622314453125,1.5146331787109375,0.36538461538461536,0.8269230769230769,0.21428571428571427,0.8571428571428571,0.0004
345,1.5315954089164734,1.5293502807617188,0.38461538461538464,0.8269230769230769,0.21428571428571427,0.8571428571428571,0.0004
346,1.4804046154022217,1.5417611598968506,0.34615384615384615,0.8269230769230769,0.21428571428571427,0.8571428571428571,0.0004
347,1.4809474349021912,1.5665687322616577,0.4230769230769231,0.8269230769230769,0.21428571428571427,0.8571428571428571,0.0004
348,1.5631571412086487,1.55777907371521,0.36538461538461536,0.8269230769230769,0.21428571428571427,0.8571428571428571,0.0004
349,1.5700654983520508,1.5574188232421875,0.36538461538461536,0.8269230769230769,0.21428571428571427,0.8571428571428571,0.0004
350,1.5175698399543762,1.5383342504501343,0.36538461538461536,0.8269230769230769,0.21428571428571427,0.8571428571428571,0.0004
351,1.554697036743164,1.5368962287902832,0.36538461538461536,0.8269230769230769,0.21428571428571427,0.8571428571428571,0.0004
352,1.532887578010559,1.53348708152771,0.36538461538461536,0.8269230769230769,0.14285714285714285,0.8571428571428571,0.0004
353,1.5304430723190308,1.5534844398498535,0.4230769230769231,0.8269230769230769,0.35714285714285715,0.8571428571428571,0.0004
354,1.5673899054527283,1.5358920097351074,0.38461538461538464,0.8269230769230769,0.21428571428571427,0.8571428571428571,0.0004
355,1.5117021203041077,1.5136308670043945,0.4807692307692308,0.8269230769230769,0.2857142857142857,0.8571428571428571,0.0004
356,1.498113214969635,1.5202240943908691,0.4230769230769231,0.8269230769230769,0.21428571428571427,0.8571428571428571,0.0004
357,1.5340150594711304,1.5274837017059326,0.40384615384615385,0.8269230769230769,0.21428571428571427,0.8571428571428571,0.0004
358,1.4880932569503784,1.5285191535949707,0.4230769230769231,0.8269230769230769,0.2857142857142857,0.8571428571428571,0.0004
359,1.4297473430633545,1.568010926246643,0.46153846153846156,0.8269230769230769,0.21428571428571427,0.8571428571428571,0.0004
360,1.544520914554596,1.569352626800537,0.36538461538461536,0.8269230769230769,0.21428571428571427,0.8571428571428571,0.0004
361,1.5551936626434326,1.5202207565307617,0.36538461538461536,0.8269230769230769,0.21428571428571427,0.8571428571428571,0.0004
362,1.523307740688324,1.5166757106781006,0.36538461538461536,0.8269230769230769,0.21428571428571427,0.8571428571428571,0.0004
363,1.4620704650878906,1.528177261352539,0.38461538461538464,0.8269230769230769,0.21428571428571427,0.8571428571428571,0.0004
364,1.4570119380950928,1.5434507131576538,0.4230769230769231,0.8269230769230769,0.21428571428571427,0.8571428571428571,0.0004
365,1.4498718976974487,1.5255892276763916,0.40384615384615385,0.8269230769230769,0.2857142857142857,0.8571428571428571,0.0004
366,1.4024122953414917,1.5586063861846924,0.46153846153846156,0.8269230769230769,0.21428571428571427,0.8571428571428571,0.0004
367,1.5956125259399414,1.5575059652328491,0.36538461538461536,0.8269230769230769,0.21428571428571427,0.8571428571428571,0.0004
368,1.5870977640151978,1.5388801097869873,0.36538461538461536,0.8269230769230769,0.21428571428571427,0.8571428571428571,0.0004
369,1.540917158126831,1.5194268226623535,0.36538461538461536,0.8269230769230769,0.21428571428571427,0.8571428571428571,0.0004
370,1.549299716949463,1.5087790489196777,0.3076923076923077,0.8269230769230769,0.5,0.8571428571428571,0.0004
371,1.5635831952095032,1.515263319015503,0.34615384615384615,0.8269230769230769,0.42857142857142855,0.8571428571428571,0.0004
372,1.5471497178077698,1.5233041048049927,0.3269230769230769,0.8269230769230769,0.42857142857142855,0.8571428571428571,0.0004
373,1.5407447218894958,1.5388827323913574,0.3076923076923077,0.8269230769230769,0.35714285714285715,0.8571428571428571,0.0004
374,1.5901058912277222,1.541793704032898,0.38461538461538464,0.8269230769230769,0.21428571428571427,0.8571428571428571,0.0004
375,1.5483919978141785,1.5462292432785034,0.38461538461538464,0.8269230769230769,0.21428571428571427,0.8571428571428571,0.0004
376,1.5640912652015686,1.5450087785720825,0.38461538461538464,0.8269230769230769,0.21428571428571427,0.8571428571428571,0.0004
377,1.5376196503639221,1.5435371398925781,0.36538461538461536,0.8269230769230769,0.21428571428571427,0.8571428571428571,0.0004
378,1.5416979789733887,1.543317437171936,0.36538461538461536,0.8269230769230769,0.21428571428571427,0.8571428571428571,0.0004
379,1.556755542755127,1.5497685670852661,0.36538461538461536,0.8269230769230769,0.21428571428571427,0.8571428571428571,0.0004
380,1.5662680268287659,1.548224687576294,0.36538461538461536,0.8269230769230769,0.21428571428571427,0.8571428571428571,0.0004
381,1.5272877216339111,1.5490087270736694,0.36538461538461536,0.8269230769230769,0.21428571428571427,0.8571428571428571,0.0004
382,1.5392171144485474,1.5444291830062866,0.36538461538461536,0.8269230769230769,0.21428571428571427,0.8571428571428571,0.0004
383,1.5749058723449707,1.5448451042175293,0.36538461538461536,0.8269230769230769,0.21428571428571427,0.8571428571428571,0.0004
384,1.5223063230514526,1.5456883907318115,0.36538461538461536,0.8269230769230769,0.21428571428571427,0.8571428571428571,0.0004
385,1.5601391792297363,1.5351738929748535,0.36538461538461536,0.8269230769230769,0.21428571428571427,0.8571428571428571,0.0004
386,1.5464351773262024,1.5385148525238037,0.36538461538461536,0.8269230769230769,0.21428571428571427,0.8571428571428571,0.0004
387,1.522327721118927,1.5417773723602295,0.40384615384615385,0.8269230769230769,0.21428571428571427,0.8571428571428571,0.0004
388,1.527083933353424,1.5293943881988525,0.4230769230769231,0.8269230769230769,0.2857142857142857,0.8571428571428571,0.0004
389,1.5316122174263,1.5141485929489136,0.4423076923076923,0.8269230769230769,0.21428571428571427,0.8571428571428571,0.0004
390,1.4798115491867065,1.4876331090927124,0.4423076923076923,0.8269230769230769,0.2857142857142857,0.8571428571428571,0.0004
391,1.4937140345573425,1.5386790037155151,0.46153846153846156,0.8269230769230769,0.21428571428571427,0.8571428571428571,0.0004
392,1.4974286556243896,1.5426249504089355,0.40384615384615385,0.8269230769230769,0.21428571428571427,0.8571428571428571,0.0004
393,1.4882575869560242,1.4943597316741943,0.40384615384615385,0.8269230769230769,0.2857142857142857,0.8571428571428571,0.0004
394,1.467510461807251,1.489861249923706,0.40384615384615385,0.8269230769230769,0.21428571428571427,0.8571428571428571,0.0004
395,1.5945690274238586,1.5515398979187012,0.4230769230769231,0.8269230769230769,0.21428571428571427,0.8571428571428571,0.0004
396,1.606983721256256,1.5613889694213867,0.36538461538461536,0.8269230769230769,0.21428571428571427,0.8571428571428571,0.0004
397,1.5388941168785095,1.5505297183990479,0.36538461538461536,0.8269230769230769,0.21428571428571427,0.8571428571428571,0.0004
398,1.5326379537582397,1.5436692237854004,0.36538461538461536,0.8269230769230769,0.21428571428571427,0.8571428571428571,0.0004
399,1.5496928691864014,1.536345362663269,0.36538461538461536,0.8269230769230769,0.21428571428571427,0.8571428571428571,0.0004
400,1.5567973256111145,1.5312230587005615,0.36538461538461536,0.8269230769230769,0.21428571428571427,0.8571428571428571,0.0004
401,1.5599504709243774,1.5252538919448853,0.36538461538461536,0.8269230769230769,0.21428571428571427,0.8571428571428571,0.0004
402,1.5581884384155273,1.5232288837432861,0.36538461538461536,0.8269230769230769,0.21428571428571427,0.8571428571428571,0.0004
403,1.5625005960464478,1.526552438735962,0.36538461538461536,0.8269230769230769,0.21428571428571427,0.8571428571428571,0.0004
404,1.5557819604873657,1.532738208770752,0.36538461538461536,0.8269230769230769,0.21428571428571427,0.8571428571428571,0.0004
405,1.5336186289787292,1.5331752300262451,0.36538461538461536,0.8269230769230769,0.21428571428571427,0.8571428571428571,0.0004
406,1.5722387433052063,1.5262155532836914,0.36538461538461536,0.8269230769230769,0.21428571428571427,0.8571428571428571,0.0004
407,1.5242324471473694,1.524639368057251,0.4423076923076923,0.8269230769230769,0.21428571428571427,0.8571428571428571,0.0004
408,1.5428310632705688,1.542482852935791,0.36538461538461536,0.8269230769230769,0.21428571428571427,0.8571428571428571,0.0004
409,1.5595146417617798,1.5292773246765137,0.36538461538461536,0.8269230769230769,0.21428571428571427,0.8571428571428571,0.0004
410,1.5313136577606201,1.5402321815490723,0.36538461538461536,0.8269230769230769,0.21428571428571427,0.8571428571428571,0.0004
411,1.524954915046692,1.5339064598083496,0.4423076923076923,0.8269230769230769,0.21428571428571427,0.8571428571428571,0.0004
412,1.5354498624801636,1.5453294515609741,0.40384615384615385,0.8269230769230769,0.21428571428571427,0.8571428571428571,0.0004
413,1.5051485300064087,1.5519437789916992,0.4423076923076923,0.8269230769230769,0.21428571428571427,0.8571428571428571,0.0004
414,1.4923599362373352,1.5107879638671875,0.46153846153846156,0.8269230769230769,0.2857142857142857,0.8571428571428571,0.0004
415,1.517440676689148,1.5233001708984375,0.4230769230769231,0.8269230769230769,0.2857142857142857,0.8571428571428571,0.0004
416,1.4995192289352417,1.5426052808761597,0.40384615384615385,0.8269230769230769,0.2857142857142857,0.8571428571428571,0.0004
417,1.51606023311615,1.5365245342254639,0.46153846153846156,0.8269230769230769,0.35714285714285715,0.8571428571428571,0.0004
418,1.5211066007614136,1.5463459491729736,0.4230769230769231,0.8269230769230769,0.2857142857142857,0.8571428571428571,0.0004
419,1.4636732339859009,1.504939317703247,0.40384615384615385,0.8269230769230769,0.2857142857142857,0.8571428571428571,0.0004
420,1.4797509908676147,1.5490057468414307,0.4423076923076923,0.8269230769230769,0.21428571428571427,0.8571428571428571,0.0004
421,1.4408727884292603,1.558414101600647,0.4423076923076923,0.8269230769230769,0.21428571428571427,0.8571428571428571,0.0004
422,1.4958598613739014,1.5418847799301147,0.46153846153846156,0.8269230769230769,0.21428571428571427,0.8571428571428571,0.0004
423,1.4452103972434998,1.5749316215515137,0.46153846153846156,0.8269230769230769,0.2857142857142857,0.8571428571428571,0.0004
424,1.439869463443756,1.5990993976593018,0.4423076923076923,0.8269230769230769,0.21428571428571427,0.8571428571428571,0.0004
425,1.4672516584396362,1.5735100507736206,0.38461538461538464,0.8269230769230769,0.21428571428571427,0.8571428571428571,0.0004
426,1.3575395345687866,1.634562611579895,0.4807692307692308,0.8269230769230769,0.21428571428571427,0.8571428571428571,0.0004
427,1.5971137285232544,1.6023128032684326,0.40384615384615385,0.8269230769230769,0.21428571428571427,0.8571428571428571,0.0004
428,1.4820865988731384,1.602445363998413,0.40384615384615385,0.8269230769230769,0.21428571428571427,0.8571428571428571,0.0004
429,1.4330843687057495,1.6764566898345947,0.4423076923076923,0.8269230769230769,0.2857142857142857,0.5714285714285714,0.0004
430,1.5670679807662964,1.693222165107727,0.38461538461538464,0.7307692307692307,0.35714285714285715,0.5714285714285714,0.0004
431,1.7478317022323608,1.772289752960205,0.3076923076923077,0.5384615384615384,0.2857142857142857,0.42857142857142855,0.0004
432,1.726489007472992,1.699349045753479,0.38461538461538464,0.5769230769230769,0.2857142857142857,0.8571428571428571,0.0004
433,1.6980710625648499,1.6183090209960938,0.28846153846153844,0.8269230769230769,0.35714285714285715,0.8571428571428571,0.0004
434,1.4998268485069275,1.5555872917175293,0.36538461538461536,0.8269230769230769,0.21428571428571427,0.8571428571428571,0.0004
435,1.4224715828895569,1.5730092525482178,0.40384615384615385,0.8269230769230769,0.21428571428571427,0.8571428571428571,0.0004
436,1.6176252961158752,1.6358667612075806,0.36538461538461536,0.8269230769230769,0.21428571428571427,0.8571428571428571,0.0004
437,1.6566766500473022,1.6303601264953613,0.36538461538461536,0.8269230769230769,0.21428571428571427,0.8571428571428571,0.0004
438,1.6778608560562134,1.6098344326019287,0.36538461538461536,0.8269230769230769,0.21428571428571427,0.8571428571428571,0.0004
439,1.6476024389266968,1.5674364566802979,0.36538461538461536,0.8269230769230769,0.21428571428571427,0.8571428571428571,0.0004
440,1.6153477430343628,1.578927993774414,0.36538461538461536,0.8269230769230769,0.21428571428571427,0.8571428571428571,0.0004
441,1.6040900349617004,1.5318715572357178,0.36538461538461536,0.8269230769230769,0.21428571428571427,0.8571428571428571,0.0004
442,1.5438708066940308,1.5156300067901611,0.36538461538461536,0.8269230769230769,0.21428571428571427,0.8571428571428571,0.0004
443,1.53501957654953,1.5198205709457397,0.36538461538461536,0.8269230769230769,0.21428571428571427,0.8571428571428571,0.0004
444,1.5465803146362305,1.5171468257904053,0.36538461538461536,0.8269230769230769,0.2857142857142857,0.8571428571428571,0.0004
445,1.548939824104309,1.5162233114242554,0.5192307692307693,0.8269230769230769,0.2857142857142857,0.8571428571428571,0.0004
446,1.5144597291946411,1.512117862701416,0.3269230769230769,0.8269230769230769,0.35714285714285715,0.8571428571428571,0.0004
447,1.5297009944915771,1.5259554386138916,0.4807692307692308,0.8269230769230769,0.2857142857142857,0.8571428571428571,0.0004
448,1.5287432670593262,1.512911319732666,0.36538461538461536,0.8269230769230769,0.42857142857142855,0.8571428571428571,0.0004
449,1.5509238243103027,1.5203680992126465,0.38461538461538464,0.8269230769230769,0.35714285714285715,0.8571428571428571,0.0004
450,1.5438080430030823,1.53444504737854,0.3269230769230769,0.8269230769230769,0.2857142857142857,0.8571428571428571,0.0004
451,1.562558650970459,1.5371410846710205,0.40384615384615385,0.8269230769230769,0.35714285714285715,0.8571428571428571,0.0004
452,1.5428262948989868,1.538673996925354,0.36538461538461536,0.8269230769230769,0.35714285714285715,0.8571428571428571,0.0004
453,1.5405904650688171,1.546738624572754,0.38461538461538464,0.8269230769230769,0.35714285714285715,0.8571428571428571,0.0004
454,1.5602413415908813,1.533660888671875,0.40384615384615385,0.8269230769230769,0.35714285714285715,0.8571428571428571,0.0004
455,1.557644248008728,1.5398285388946533,0.38461538461538464,0.8269230769230769,0.21428571428571427,0.8571428571428571,0.0004
456,1.5337576866149902,1.536454677581787,0.5,0.8269230769230769,0.35714285714285715,0.8571428571428571,0.0004
457,1.5366301536560059,1.5389137268066406,0.36538461538461536,0.8269230769230769,0.21428571428571427,0.8571428571428571,0.0004
458,1.5415211915969849,1.5459572076797485,0.38461538461538464,0.8269230769230769,0.21428571428571427,0.8571428571428571,0.0004
459,1.5238733887672424,1.5470106601715088,0.4230769230769231,0.8269230769230769,0.21428571428571427,0.8571428571428571,0.0004
460,1.5615036487579346,1.5448851585388184,0.40384615384615385,0.8269230769230769,0.21428571428571427,0.8571428571428571,0.0004
461,1.529741644859314,1.5363610982894897,0.38461538461538464,0.8269230769230769,0.21428571428571427,0.8571428571428571,0.0004
462,1.5240693092346191,1.549078345298767,0.38461538461538464,0.8269230769230769,0.21428571428571427,0.8571428571428571,0.0004
463,1.5047945976257324,1.5785281658172607,0.40384615384615385,0.8269230769230769,0.21428571428571427,0.8571428571428571,0.0004
464,1.5167402625083923,1.5326110124588013,0.4230769230769231,0.8269230769230769,0.21428571428571427,0.8571428571428571,0.0004
465,1.4819176197052002,1.5273513793945312,0.4230769230769231,0.8269230769230769,0.21428571428571427,0.8571428571428571,0.0004
466,1.4981240630149841,1.5503454208374023,0.4230769230769231,0.8269230769230769,0.21428571428571427,0.8571428571428571,0.0004
467,1.488639235496521,1.5318632125854492,0.40384615384615385,0.8269230769230769,0.2857142857142857,0.8571428571428571,0.0004
468,1.4724397659301758,1.5152778625488281,0.46153846153846156,0.8269230769230769,0.2857142857142857,0.8571428571428571,0.0004
469,1.482652723789215,1.505122423171997,0.4423076923076923,0.8269230769230769,0.2857142857142857,0.8571428571428571,0.0004
470,1.5277875065803528,1.5219460725784302,0.40384615384615385,0.8269230769230769,0.21428571428571427,0.8571428571428571,0.0004
471,1.5065219402313232,1.5224823951721191,0.4230769230769231,0.8269230769230769,0.2857142857142857,0.8571428571428571,0.0004
472,1.4529226422309875,1.5437555313110352,0.36538461538461536,0.8269230769230769,0.21428571428571427,0.8571428571428571,0.0004
473,1.457046627998352,1.518707275390625,0.5,0.8269230769230769,0.2857142857142857,0.8571428571428571,0.0004
474,1.4694892168045044,1.568467140197754,0.36538461538461536,0.8269230769230769,0.14285714285714285,0.8571428571428571,0.0004
475,1.4374383687973022,1.53794264793396,0.40384615384615385,0.8269230769230769,0.21428571428571427,0.8571428571428571,0.0004
476,1.4416514039039612,1.5452466011047363,0.4807692307692308,0.8269230769230769,0.21428571428571427,0.8571428571428571,0.0004
477,1.4283790588378906,1.5248740911483765,0.40384615384615385,0.8269230769230769,0.21428571428571427,0.8571428571428571,0.0004
478,1.4318007826805115,1.559565544128418,0.4423076923076923,0.8269230769230769,0.21428571428571427,0.8571428571428571,0.0004
479,1.480313777923584,1.5460679531097412,0.38461538461538464,0.8269230769230769,0.21428571428571427,0.8571428571428571,0.0004
480,1.4635856747627258,1.5314143896102905,0.38461538461538464,0.8269230769230769,0.21428571428571427,0.8571428571428571,0.0004
481,1.4473769664764404,1.5636543035507202,0.36538461538461536,0.8269230769230769,0.21428571428571427,0.8571428571428571,0.0004
482,1.4525502920150757,1.5577646493911743,0.4230769230769231,0.8269230769230769,0.21428571428571427,0.8571428571428571,0.0004
483,1.4023354649543762,1.5412155389785767,0.4230769230769231,0.8269230769230769,0.2857142857142857,0.8571428571428571,0.0004
484,1.3784147500991821,1.5365715026855469,0.5192307692307693,0.8269230769230769,0.21428571428571427,0.8571428571428571,0.0004
485,1.3484553694725037,1.6637635231018066,0.46153846153846156,0.8269230769230769,0.21428571428571427,0.8571428571428571,0.0004
486,1.3845810890197754,1.5180110931396484,0.4807692307692308,0.8269230769230769,0.2857142857142857,0.8571428571428571,0.0004
487,1.424570083618164,1.4818216562271118,0.4423076923076923,0.8269230769230769,0.2857142857142857,0.8571428571428571,0.0004
488,1.4384605288505554,1.586295247077942,0.46153846153846156,0.8269230769230769,0.21428571428571427,0.8571428571428571,0.0004
489,1.4135403633117676,1.4679386615753174,0.46153846153846156,0.8269230769230769,0.2857142857142857,0.8571428571428571,0.0004
490,1.3791636228561401,1.5561784505844116,0.46153846153846156,0.8269230769230769,0.21428571428571427,0.8571428571428571,0.0004
491,1.3591518998146057,1.6284570693969727,0.4423076923076923,0.8269230769230769,0.2857142857142857,0.8571428571428571,0.0004
492,1.416607916355133,1.6011111736297607,0.40384615384615385,0.8269230769230769,0.2857142857142857,0.8571428571428571,0.0004
493,1.406109631061554,1.6134674549102783,0.4230769230769231,0.8269230769230769,0.2857142857142857,0.8571428571428571,0.0004
494,1.3979682922363281,1.7366217374801636,0.4423076923076923,0.8269230769230769,0.14285714285714285,0.8571428571428571,0.0004
495,1.3896967768669128,1.6964643001556396,0.40384615384615385,0.8269230769230769,0.14285714285714285,0.8571428571428571,0.0004
496,1.3449805974960327,1.6399707794189453,0.4807692307692308,0.8269230769230769,0.21428571428571427,0.8571428571428571,0.0004
497,1.5529346466064453,1.6418660879135132,0.38461538461538464,0.8269230769230769,0.21428571428571427,0.8571428571428571,0.0004
498,1.7030276656150818,1.6372915506362915,0.36538461538461536,0.8269230769230769,0.21428571428571427,0.8571428571428571,0.0004
499,1.6668241620063782,1.6253576278686523,0.36538461538461536,0.8269230769230769,0.21428571428571427,0.8571428571428571,0.0004
500,1.5914369821548462,1.5985465049743652,0.36538461538461536,0.8269230769230769,0.21428571428571427,0.8571428571428571,0.0004
501,1.58731347322464,1.5781526565551758,0.36538461538461536,0.8269230769230769,0.21428571428571427,0.8571428571428571,0.0004
502,1.5765074491500854,1.5666582584381104,0.36538461538461536,0.8269230769230769,0.21428571428571427,0.8571428571428571,0.0004
503,1.5453851222991943,1.5313854217529297,0.36538461538461536,0.8269230769230769,0.21428571428571427,0.8571428571428571,0.0004
504,1.5712948441505432,1.5359604358673096,0.36538461538461536,0.8269230769230769,0.21428571428571427,0.8571428571428571,0.0004
505,1.5429812669754028,1.505008339881897,0.38461538461538464,0.8269230769230769,0.2857142857142857,0.8571428571428571,0.0004
506,1.5255488753318787,1.5135365724563599,0.4423076923076923,0.8269230769230769,0.2857142857142857,0.8571428571428571,0.0004
507,1.520820438861847,1.5450785160064697,0.36538461538461536,0.8269230769230769,0.35714285714285715,0.8571428571428571,0.0004
508,1.547610104084015,1.5767393112182617,0.34615384615384615,0.8269230769230769,0.35714285714285715,0.8571428571428571,0.0004
509,1.5569273233413696,1.5722132921218872,0.3269230769230769,0.8269230769230769,0.35714285714285715,0.8571428571428571,0.0004
510,1.5607414841651917,1.544454574584961,0.3269230769230769,0.8269230769230769,0.35714285714285715,0.8571428571428571,0.0004
511,1.5359179377555847,1.5468742847442627,0.3269230769230769,0.8269230769230769,0.35714285714285715,0.8571428571428571,0.0004
512,1.522807240486145,1.5204977989196777,0.34615384615384615,0.8269230769230769,0.35714285714285715,0.8571428571428571,0.0004
513,1.5212408304214478,1.5252394676208496,0.3269230769230769,0.8269230769230769,0.14285714285714285,0.8571428571428571,0.0004
514,1.4935653805732727,1.504591941833496,0.4230769230769231,0.8269230769230769,0.14285714285714285,0.8571428571428571,0.0004
515,1.4797423481941223,1.5546722412109375,0.4230769230769231,0.8269230769230769,0.21428571428571427,0.8571428571428571,0.0004
516,1.4774203300476074,1.5190069675445557,0.46153846153846156,0.8269230769230769,0.21428571428571427,0.8571428571428571,0.0004
517,1.5217286348342896,1.5334545373916626,0.34615384615384615,0.8269230769230769,0.21428571428571427,0.8571428571428571,0.0004
518,1.5010286569595337,1.5549322366714478,0.40384615384615385,0.8269230769230769,0.21428571428571427,0.8571428571428571,0.0004
519,1.4493529200553894,1.540844440460205,0.40384615384615385,0.8269230769230769,0.21428571428571427,0.8571428571428571,0.0004
520,1.494626760482788,1.4720714092254639,0.36538461538461536,0.8269230769230769,0.2857142857142857,0.8571428571428571,0.0004
521,1.4504313468933105,1.5865418910980225,0.4230769230769231,0.8269230769230769,0.14285714285714285,0.8571428571428571,0.0004
522,1.4323260188102722,1.5714895725250244,0.4807692307692308,0.8269230769230769,0.21428571428571427,0.8571428571428571,0.0004
523,1.4294646382331848,1.5113317966461182,0.40384615384615385,0.8269230769230769,0.2857142857142857,0.8571428571428571,0.0004
524,1.4390165209770203,1.5484730005264282,0.4423076923076923,0.8269230769230769,0.2857142857142857,0.8571428571428571,0.0004
525,1.3936249017715454,1.5409512519836426,0.5,0.8269230769230769,0.2857142857142857,0.8571428571428571,0.0004
526,1.4083702564239502,1.5194616317749023,0.4423076923076923,0.8269230769230769,0.2857142857142857,0.8571428571428571,0.0004
527,1.4056929349899292,1.6233664751052856,0.40384615384615385,0.8269230769230769,0.21428571428571427,0.8571428571428571,0.0004
528,1.345200538635254,1.5932177305221558,0.46153846153846156,0.8269230769230769,0.21428571428571427,0.8571428571428571,0.0004
529,1.3554254174232483,1.758805513381958,0.4423076923076923,0.8269230769230769,0.14285714285714285,0.8571428571428571,0.0004
530,1.3626413941383362,1.6396186351776123,0.4423076923076923,0.8269230769230769,0.21428571428571427,0.8571428571428571,0.0004
531,1.366448163986206,1.481339454650879,0.46153846153846156,0.8269230769230769,0.2857142857142857,0.8571428571428571,0.0004
532,1.355422854423523,1.6459474563598633,0.4230769230769231,0.8269230769230769,0.21428571428571427,0.8571428571428571,0.0004
533,1.4378135204315186,1.5665266513824463,0.40384615384615385,0.8269230769230769,0.21428571428571427,0.8571428571428571,0.0004
534,1.3308066725730896,1.6352839469909668,0.4807692307692308,0.8269230769230769,0.21428571428571427,0.8571428571428571,0.0004
535,1.339613914489746,1.7156486511230469,0.46153846153846156,0.8269230769230769,0.21428571428571427,0.8571428571428571,0.0004
536,1.7326478362083435,1.7064353227615356,0.40384615384615385,0.8269230769230769,0.21428571428571427,0.8571428571428571,0.0004
537,1.7121863961219788,1.7087793350219727,0.36538461538461536,0.8269230769230769,0.21428571428571427,0.8571428571428571,0.0004
538,1.8905894756317139,1.6996386051177979,0.36538461538461536,0.8269230769230769,0.21428571428571427,0.8571428571428571,0.0004
539,1.7274672985076904,1.6749998331069946,0.36538461538461536,0.8269230769230769,0.21428571428571427,0.8571428571428571,0.0004
540,1.7418967485427856,1.6462020874023438,0.36538461538461536,0.8269230769230769,0.21428571428571427,0.8571428571428571,0.0004
541,1.653963029384613,1.6140421628952026,0.36538461538461536,0.8269230769230769,0.21428571428571427,0.8571428571428571,0.0004
542,1.6638541221618652,1.590168833732605,0.36538461538461536,0.8269230769230769,0.21428571428571427,0.8571428571428571,0.0004
543,1.5578868985176086,1.568786382675171,0.36538461538461536,0.8269230769230769,0.21428571428571427,0.8571428571428571,0.0004
544,1.7113897204399109,1.5493695735931396,0.36538461538461536,0.8269230769230769,0.21428571428571427,0.8571428571428571,0.0004
545,1.5938475728034973,1.534296989440918,0.36538461538461536,0.8269230769230769,0.14285714285714285,0.8571428571428571,0.0004
546,1.580431580543518,1.5182164907455444,0.36538461538461536,0.8269230769230769,0.35714285714285715,0.8571428571428571,0.0004
547,1.6007959246635437,1.5122785568237305,0.3269230769230769,0.8269230769230769,0.35714285714285715,0.8571428571428571,0.0004
548,1.573586881160736,1.5071672201156616,0.3269230769230769,0.8269230769230769,0.35714285714285715,0.8571428571428571,0.0004
549,1.5522891879081726,1.5104684829711914,0.3269230769230769,0.8269230769230769,0.35714285714285715,0.8571428571428571,0.0004
550,1.55105459690094,1.5156126022338867,0.3269230769230769,0.8269230769230769,0.35714285714285715,0.8571428571428571,0.0004
551,1.5881448984146118,1.5115020275115967,0.3269230769230769,0.8269230769230769,0.35714285714285715,0.8571428571428571,0.0004
552,1.5634002089500427,1.5264854431152344,0.3269230769230769,0.8269230769230769,0.35714285714285715,0.8571428571428571,0.0004
553,1.5689229369163513,1.5300602912902832,0.3269230769230769,0.8269230769230769,0.35714285714285715,0.8571428571428571,0.0004
554,1.5623064041137695,1.5405999422073364,0.3269230769230769,0.8269230769230769,0.35714285714285715,0.8571428571428571,0.0004
555,1.5579701662063599,1.5512088537216187,0.3269230769230769,0.8269230769230769,0.35714285714285715,0.8571428571428571,0.0004
556,1.5581393241882324,1.5515069961547852,0.3269230769230769,0.8269230769230769,0.35714285714285715,0.8571428571428571,0.0004
557,1.5677461624145508,1.5479387044906616,0.3269230769230769,0.8269230769230769,0.35714285714285715,0.8571428571428571,0.0004
558,1.5508628487586975,1.557227611541748,0.3269230769230769,0.8269230769230769,0.35714285714285715,0.8571428571428571,0.0004
559,1.587546169757843,1.5535826683044434,0.4230769230769231,0.8269230769230769,0.21428571428571427,0.8571428571428571,0.0004
560,1.5850812196731567,1.5499621629714966,0.38461538461538464,0.8269230769230769,0.21428571428571427,0.8571428571428571,0.0004
561,1.5404540300369263,1.5552449226379395,0.36538461538461536,0.8269230769230769,0.21428571428571427,0.8571428571428571,0.0004
562,1.548386812210083,1.5533230304718018,0.36538461538461536,0.8269230769230769,0.21428571428571427,0.8571428571428571,0.0004
563,1.5643678903579712,1.5518678426742554,0.36538461538461536,0.8269230769230769,0.21428571428571427,0.8571428571428571,0.0004
564,1.5667542815208435,1.5510789155960083,0.36538461538461536,0.8269230769230769,0.21428571428571427,0.8571428571428571,0.0004
565,1.5283446311950684,1.5507102012634277,0.36538461538461536,0.8269230769230769,0.21428571428571427,0.8571428571428571,0.0004
566,1.573566973209381,1.549506664276123,0.36538461538461536,0.8269230769230769,0.21428571428571427,0.8571428571428571,0.0004
567,1.5537824630737305,1.54954195022583,0.36538461538461536,0.8269230769230769,0.21428571428571427,0.8571428571428571,0.0004
568,1.5413818955421448,1.5492311716079712,0.36538461538461536,0.8269230769230769,0.21428571428571427,0.8571428571428571,0.0004
569,1.5650904178619385,1.5437406301498413,0.36538461538461536,0.8269230769230769,0.21428571428571427,0.8571428571428571,0.0004
570,1.5527169704437256,1.546761155128479,0.36538461538461536,0.8269230769230769,0.21428571428571427,0.8571428571428571,0.0004
571,1.5458571910858154,1.5452916622161865,0.36538461538461536,0.8269230769230769,0.21428571428571427,0.8571428571428571,0.0004
572,1.5314746499061584,1.5442924499511719,0.36538461538461536,0.8269230769230769,0.21428571428571427,0.8571428571428571,0.0004
573,1.5454662442207336,1.5427422523498535,0.36538461538461536,0.8269230769230769,0.21428571428571427,0.8571428571428571,0.0004
574,1.5976521968841553,1.5411417484283447,0.36538461538461536,0.8269230769230769,0.21428571428571427,0.8571428571428571,0.0004
575,1.5127572417259216,1.5430811643600464,0.36538461538461536,0.8269230769230769,0.21428571428571427,0.8571428571428571,0.0004
576,1.5777422785758972,1.5404636859893799,0.36538461538461536,0.8269230769230769,0.21428571428571427,0.8571428571428571,0.0004
577,1.5003488659858704,1.5347874164581299,0.36538461538461536,0.8269230769230769,0.21428571428571427,0.8571428571428571,0.0004
578,1.5392828583717346,1.5362879037857056,0.36538461538461536,0.8269230769230769,0.21428571428571427,0.8571428571428571,0.0004
579,1.549425721168518,1.534969687461853,0.36538461538461536,0.8269230769230769,0.21428571428571427,0.8571428571428571,0.0004
580,1.5695708990097046,1.5380064249038696,0.36538461538461536,0.8269230769230769,0.21428571428571427,0.8571428571428571,0.0004
581,1.548832654953003,1.5326077938079834,0.36538461538461536,0.8269230769230769,0.21428571428571427,0.8571428571428571,0.0004
582,1.5704330801963806,1.5346648693084717,0.36538461538461536,0.8269230769230769,0.21428571428571427,0.8571428571428571,0.0004
583,1.5816199779510498,1.5288166999816895,0.36538461538461536,0.8269230769230769,0.21428571428571427,0.8571428571428571,0.0004
584,1.5613519549369812,1.530297040939331,0.36538461538461536,0.8269230769230769,0.21428571428571427,0.8571428571428571,0.0004
585,1.577825129032135,1.5276880264282227,0.36538461538461536,0.8269230769230769,0.21428571428571427,0.8571428571428571,0.0004
586,1.610273540019989,1.5254065990447998,0.36538461538461536,0.8269230769230769,0.21428571428571427,0.8571428571428571,0.0004
587,1.5568245649337769,1.526693344116211,0.36538461538461536,0.8269230769230769,0.21428571428571427,0.8571428571428571,0.0004
588,1.5308362245559692,1.5264699459075928,0.36538461538461536,0.8269230769230769,0.21428571428571427,0.8571428571428571,0.0004
589,1.5481261014938354,1.5244414806365967,0.36538461538461536,0.8269230769230769,0.21428571428571427,0.8571428571428571,0.0004
590,1.5587074160575867,1.5249640941619873,0.36538461538461536,0.8269230769230769,0.21428571428571427,0.8571428571428571,0.0004
591,1.5286087393760681,1.5266205072402954,0.36538461538461536,0.8269230769230769,0.21428571428571427,0.8571428571428571,0.0004
592,1.5634865164756775,1.5265376567840576,0.36538461538461536,0.8269230769230769,0.21428571428571427,0.8571428571428571,0.0004
593,1.5160037279129028,1.5271596908569336,0.36538461538461536,0.8269230769230769,0.21428571428571427,0.8571428571428571,0.0004
594,1.5312222838401794,1.5286610126495361,0.36538461538461536,0.8269230769230769,0.21428571428571427,0.8571428571428571,0.0004
595,1.514922022819519,1.5258901119232178,0.36538461538461536,0.8269230769230769,0.21428571428571427,0.8571428571428571,0.0004
596,1.544333815574646,1.5299632549285889,0.36538461538461536,0.8269230769230769,0.21428571428571427,0.8571428571428571,0.0004
597,1.5583484172821045,1.5293335914611816,0.36538461538461536,0.8269230769230769,0.21428571428571427,0.8571428571428571,0.0004
598,1.5745955109596252,1.5309523344039917,0.36538461538461536,0.8269230769230769,0.21428571428571427,0.8571428571428571,0.0004
599,1.5290213823318481,1.532801628112793,0.36538461538461536,0.8269230769230769,0.21428571428571427,0.8571428571428571,0.0004
600,1.5556333661079407,1.530704140663147,0.36538461538461536,0.8269230769230769,0.21428571428571427,0.8571428571428571,0.0004
601,1.5619171261787415,1.5340083837509155,0.36538461538461536,0.8269230769230769,0.21428571428571427,0.8571428571428571,0.0004
602,1.5144702792167664,1.5316219329833984,0.36538461538461536,0.8269230769230769,0.21428571428571427,0.8571428571428571,0.0004
603,1.5270513892173767,1.533372163772583,0.36538461538461536,0.8269230769230769,0.21428571428571427,0.8571428571428571,0.0004
604,1.5459944009780884,1.5327757596969604,0.36538461538461536,0.8269230769230769,0.21428571428571427,0.8571428571428571,0.0004
605,1.5577188730239868,1.5358315706253052,0.36538461538461536,0.8269230769230769,0.21428571428571427,0.8571428571428571,0.0004
606,1.5642098784446716,1.5365474224090576,0.36538461538461536,0.8269230769230769,0.21428571428571427,0.8571428571428571,0.0004
607,1.572143316268921,1.5361852645874023,0.36538461538461536,0.8269230769230769,0.21428571428571427,0.8571428571428571,0.0004
608,1.5592659711837769,1.5391329526901245,0.36538461538461536,0.8269230769230769,0.21428571428571427,0.8571428571428571,0.0004
609,1.54896479845047,1.538792371749878,0.36538461538461536,0.8269230769230769,0.21428571428571427,0.8571428571428571,0.0004
610,1.5394976735115051,1.5370081663131714,0.36538461538461536,0.8269230769230769,0.21428571428571427,0.8571428571428571,0.0004
611,1.547012448310852,1.5347038507461548,0.36538461538461536,0.8269230769230769,0.21428571428571427,0.8571428571428571,0.0004
612,1.5567251443862915,1.535727620124817,0.36538461538461536,0.8269230769230769,0.21428571428571427,0.8571428571428571,0.0004
613,1.5585192441940308,1.5357815027236938,0.36538461538461536,0.8269230769230769,0.21428571428571427,0.8571428571428571,0.0004
614,1.529033899307251,1.5325678586959839,0.36538461538461536,0.8269230769230769,0.21428571428571427,0.8571428571428571,0.0004
615,1.555849313735962,1.534153938293457,0.36538461538461536,0.8269230769230769,0.21428571428571427,0.8571428571428571,0.0004
616,1.566812515258789,1.5400080680847168,0.36538461538461536,0.8269230769230769,0.21428571428571427,0.8571428571428571,0.0004
617,1.5506949424743652,1.5323774814605713,0.36538461538461536,0.8269230769230769,0.21428571428571427,0.8571428571428571,0.0004
618,1.578062653541565,1.5307190418243408,0.36538461538461536,0.8269230769230769,0.21428571428571427,0.8571428571428571,0.0004
619,1.5855114459991455,1.5342583656311035,0.36538461538461536,0.8269230769230769,0.21428571428571427,0.8571428571428571,0.0004
620,1.5396560430526733,1.537813425064087,0.36538461538461536,0.8269230769230769,0.21428571428571427,0.8571428571428571,0.0004
621,1.5242432355880737,1.5376853942871094,0.36538461538461536,0.8269230769230769,0.21428571428571427,0.8571428571428571,0.0004
622,1.552392840385437,1.5356155633926392,0.36538461538461536,0.8269230769230769,0.21428571428571427,0.8571428571428571,0.0004
623,1.5112200379371643,1.5352023839950562,0.36538461538461536,0.8269230769230769,0.21428571428571427,0.8571428571428571,0.0004
624,1.5520234107971191,1.5372051000595093,0.36538461538461536,0.8269230769230769,0.21428571428571427,0.8571428571428571,0.0004
625,1.556435227394104,1.5405950546264648,0.36538461538461536,0.8269230769230769,0.21428571428571427,0.8571428571428571,0.0004
626,1.5190041661262512,1.5359376668930054,0.36538461538461536,0.8269230769230769,0.21428571428571427,0.8571428571428571,0.0004
627,1.5354230403900146,1.5315827131271362,0.36538461538461536,0.8269230769230769,0.21428571428571427,0.8571428571428571,0.0004
628,1.5242403149604797,1.55171537399292,0.36538461538461536,0.8269230769230769,0.21428571428571427,0.8571428571428571,0.0004
629,1.5322813987731934,1.5384384393692017,0.36538461538461536,0.8269230769230769,0.21428571428571427,0.8571428571428571,0.0004
630,1.515062153339386,1.5427073240280151,0.36538461538461536,0.8269230769230769,0.21428571428571427,0.8571428571428571,0.0004
631,1.5506715774536133,1.5256931781768799,0.36538461538461536,0.8269230769230769,0.21428571428571427,0.8571428571428571,0.0004
632,1.5127133131027222,1.5320113897323608,0.36538461538461536,0.8269230769230769,0.21428571428571427,0.8571428571428571,0.0004
633,1.5146858096122742,1.523497462272644,0.36538461538461536,0.8269230769230769,0.21428571428571427,0.8571428571428571,0.0004
634,1.4917346835136414,1.5270437002182007,0.36538461538461536,0.8269230769230769,0.21428571428571427,0.8571428571428571,0.0004
635,1.4992138147354126,1.5199689865112305,0.36538461538461536,0.8269230769230769,0.21428571428571427,0.8571428571428571,0.0004
636,1.4776302576065063,1.538163423538208,0.36538461538461536,0.8269230769230769,0.21428571428571427,0.8571428571428571,0.0004
637,1.5319783687591553,1.5318493843078613,0.36538461538461536,0.8269230769230769,0.21428571428571427,0.8571428571428571,0.0004
638,1.5005477666854858,1.5344483852386475,0.38461538461538464,0.8269230769230769,0.21428571428571427,0.8571428571428571,0.0004
639,1.5259190797805786,1.5555802583694458,0.38461538461538464,0.8269230769230769,0.21428571428571427,0.8571428571428571,0.0004
640,1.516428828239441,1.5341379642486572,0.4807692307692308,0.8269230769230769,0.21428571428571427,0.8571428571428571,0.0004
641,1.4566052556037903,1.523988962173462,0.4230769230769231,0.8269230769230769,0.2857142857142857,0.8571428571428571,0.0004
642,1.5270256996154785,1.537500023841858,0.4230769230769231,0.8269230769230769,0.21428571428571427,0.8571428571428571,0.0004
643,1.4692087769508362,1.5867785215377808,0.46153846153846156,0.8269230769230769,0.21428571428571427,0.8571428571428571,0.0004
644,1.4416822791099548,1.5286905765533447,0.46153846153846156,0.8269230769230769,0.21428571428571427,0.8571428571428571,0.0004
645,1.4691361784934998,1.502911925315857,0.46153846153846156,0.8269230769230769,0.21428571428571427,0.8571428571428571,0.0004
646,1.4878681898117065,1.647670030593872,0.4230769230769231,0.8269230769230769,0.14285714285714285,0.8571428571428571,0.0004
647,1.4251369833946228,1.5222547054290771,0.40384615384615385,0.8269230769230769,0.21428571428571427,0.8571428571428571,0.0004
648,1.4245318174362183,1.5781468152999878,0.4423076923076923,0.8269230769230769,0.21428571428571427,0.8571428571428571,0.0004
649,1.4260278344154358,1.5225872993469238,0.4230769230769231,0.8269230769230769,0.21428571428571427,0.8571428571428571,0.0004
650,1.439794898033142,1.5667214393615723,0.4230769230769231,0.8269230769230769,0.21428571428571427,0.8571428571428571,0.0004
651,1.4776272177696228,1.5528837442398071,0.4423076923076923,0.8269230769230769,0.21428571428571427,0.8571428571428571,0.0004
652,1.5608462691307068,1.5455830097198486,0.36538461538461536,0.8269230769230769,0.21428571428571427,0.8571428571428571,0.0004
653,1.5515798926353455,1.5310313701629639,0.36538461538461536,0.8269230769230769,0.21428571428571427,0.8571428571428571,0.0004
654,1.5608829855918884,1.546927571296692,0.36538461538461536,0.8269230769230769,0.14285714285714285,0.8571428571428571,0.0004
655,1.4994367361068726,1.588738203048706,0.4230769230769231,0.8269230769230769,0.35714285714285715,0.8571428571428571,0.0004
656,1.5581011772155762,1.5853993892669678,0.4423076923076923,0.8269230769230769,0.2857142857142857,0.8571428571428571,0.0004
657,1.534524381160736,1.5287562608718872,0.40384615384615385,0.8269230769230769,0.2857142857142857,0.8571428571428571,0.0004
658,1.4978194832801819,1.5112287998199463,0.38461538461538464,0.8269230769230769,0.2857142857142857,0.8571428571428571,0.0004
659,1.5245065689086914,1.5319721698760986,0.40384615384615385,0.8269230769230769,0.21428571428571427,0.8571428571428571,0.0004
660,1.5533185005187988,1.5312477350234985,0.36538461538461536,0.8269230769230769,0.21428571428571427,0.8571428571428571,0.0004
661,1.5595871210098267,1.5372222661972046,0.36538461538461536,0.8269230769230769,0.21428571428571427,0.8571428571428571,0.0004
662,1.5157334804534912,1.5370756387710571,0.36538461538461536,0.8269230769230769,0.21428571428571427,0.8571428571428571,0.0004
663,1.508372724056244,1.4994035959243774,0.36538461538461536,0.8269230769230769,0.21428571428571427,0.8571428571428571,0.0004
664,1.455187201499939,1.5728211402893066,0.40384615384615385,0.8269230769230769,0.35714285714285715,0.8571428571428571,0.0004
665,1.4897848963737488,1.5775477886199951,0.40384615384615385,0.8269230769230769,0.2857142857142857,0.8571428571428571,0.0004
666,1.4799442291259766,1.560365915298462,0.40384615384615385,0.8269230769230769,0.2857142857142857,0.8571428571428571,0.0004
667,1.412560760974884,1.513770580291748,0.4423076923076923,0.8269230769230769,0.21428571428571427,0.8571428571428571,0.0004
668,1.393934965133667,1.5192623138427734,0.46153846153846156,0.8269230769230769,0.2857142857142857,0.8571428571428571,0.0004
669,1.4942301511764526,1.5259932279586792,0.36538461538461536,0.8269230769230769,0.2857142857142857,0.8571428571428571,0.0004
670,1.437759518623352,1.5572313070297241,0.4423076923076923,0.8269230769230769,0.21428571428571427,0.8571428571428571,0.0004
671,1.4111800789833069,1.5394649505615234,0.40384615384615385,0.8269230769230769,0.14285714285714285,0.8571428571428571,0.0004
672,1.4579107165336609,1.6113808155059814,0.40384615384615385,0.8269230769230769,0.21428571428571427,0.8571428571428571,0.0004
673,1.4148878455162048,1.6719721555709839,0.4423076923076923,0.8269230769230769,0.21428571428571427,0.8571428571428571,0.0004
674,1.3983712792396545,1.529941201210022,0.4423076923076923,0.8269230769230769,0.2857142857142857,0.8571428571428571,0.0004
675,1.3698319792747498,1.5952730178833008,0.4230769230769231,0.8269230769230769,0.2857142857142857,0.8571428571428571,0.0004
676,1.4257580637931824,1.5915098190307617,0.38461538461538464,0.8269230769230769,0.2857142857142857,0.8571428571428571,0.0004
677,1.429936408996582,1.5640482902526855,0.38461538461538464,0.8269230769230769,0.2857142857142857,0.8571428571428571,0.0004
678,1.421624481678009,1.5900003910064697,0.38461538461538464,0.8269230769230769,0.2857142857142857,0.8571428571428571,0.0004
679,1.3434886932373047,1.6409037113189697,0.4230769230769231,0.8269230769230769,0.21428571428571427,0.8571428571428571,0.0004
680,1.3245092034339905,1.5051133632659912,0.46153846153846156,0.8269230769230769,0.21428571428571427,0.8571428571428571,0.0004
681,1.4594624042510986,1.5488330125808716,0.36538461538461536,0.8269230769230769,0.2857142857142857,0.8571428571428571,0.0004
682,1.4102588891983032,1.6664254665374756,0.38461538461538464,0.8269230769230769,0.21428571428571427,0.8571428571428571,0.0004
683,1.3879473209381104,1.7067831754684448,0.4230769230769231,0.8269230769230769,0.21428571428571427,0.8571428571428571,0.0004
684,1.380824089050293,1.6813232898712158,0.40384615384615385,0.8269230769230769,0.21428571428571427,0.8571428571428571,0.0004
685,1.3282831311225891,1.6957262754440308,0.4230769230769231,0.8269230769230769,0.21428571428571427,0.8571428571428571,0.0004
686,1.3495595455169678,1.8162859678268433,0.4230769230769231,0.8269230769230769,0.21428571428571427,0.8571428571428571,0.0004
687,1.3923147916793823,1.527580738067627,0.46153846153846156,0.8269230769230769,0.2857142857142857,0.8571428571428571,0.0004
688,1.3504511713981628,1.6225807666778564,0.4423076923076923,0.8269230769230769,0.21428571428571427,0.8571428571428571,0.0004
689,1.3725322484970093,1.6926360130310059,0.4230769230769231,0.8269230769230769,0.2857142857142857,0.8571428571428571,0.0004
690,1.3750237822532654,1.6667747497558594,0.4423076923076923,0.8269230769230769,0.2857142857142857,0.8571428571428571,0.0004
691,1.4260902404785156,1.5984399318695068,0.36538461538461536,0.8269230769230769,0.21428571428571427,0.8571428571428571,0.0004
692,1.442730188369751,1.7245100736618042,0.46153846153846156,0.8269230769230769,0.35714285714285715,0.8571428571428571,0.0004
693,1.5494552254676819,1.417414665222168,0.34615384615384615,0.8269230769230769,0.42857142857142855,0.8571428571428571,0.0004
694,1.3917736411094666,1.7405953407287598,0.4230769230769231,0.8269230769230769,0.21428571428571427,0.8571428571428571,0.0004
695,1.436877191066742,1.6633211374282837,0.36538461538461536,0.8269230769230769,0.2857142857142857,0.8571428571428571,0.0004
696,1.3185089826583862,1.550385594367981,0.46153846153846156,0.8269230769230769,0.2857142857142857,0.8571428571428571,0.0004
697,1.341247797012329,1.634403944015503,0.40384615384615385,0.8269230769230769,0.2857142857142857,0.8571428571428571,0.0004
698,1.4052062630653381,1.5956823825836182,0.40384615384615385,0.8269230769230769,0.21428571428571427,0.8571428571428571,0.0004
699,1.3716015219688416,1.5296299457550049,0.4230769230769231,0.8269230769230769,0.2857142857142857,0.8571428571428571,0.0004
700,1.290679156780243,1.614734172821045,0.5,0.8269230769230769,0.2857142857142857,0.8571428571428571,0.0004
701,1.326460361480713,1.6034328937530518,0.4230769230769231,0.8269230769230769,0.2857142857142857,0.8571428571428571,0.0004
702,1.3141169548034668,1.646552562713623,0.4423076923076923,0.8269230769230769,0.21428571428571427,0.8571428571428571,0.0004
703,1.3632723689079285,1.7828342914581299,0.4230769230769231,0.8269230769230769,0.21428571428571427,0.8571428571428571,0.0004
704,1.346802294254303,1.657597541809082,0.38461538461538464,0.8269230769230769,0.21428571428571427,0.8571428571428571,0.0004
705,1.4034844040870667,1.729201078414917,0.40384615384615385,0.8269230769230769,0.21428571428571427,0.8571428571428571,0.0004
706,1.317813515663147,1.9982962608337402,0.46153846153846156,0.8269230769230769,0.14285714285714285,0.8571428571428571,0.0004
707,1.3735419511795044,1.7438859939575195,0.40384615384615385,0.8269230769230769,0.21428571428571427,0.8571428571428571,0.0004
708,1.3000299334526062,1.6861658096313477,0.4230769230769231,0.8269230769230769,0.21428571428571427,0.8571428571428571,0.0004
709,1.266754150390625,1.5658111572265625,0.4423076923076923,0.8269230769230769,0.2857142857142857,0.8571428571428571,0.0004
710,1.3734101057052612,1.85696280002594,0.4807692307692308,0.8269230769230769,0.21428571428571427,0.8571428571428571,0.0004
711,1.6430474519729614,1.8498696088790894,0.4230769230769231,0.8269230769230769,0.21428571428571427,0.8571428571428571,0.0004
712,1.393807291984558,1.706364393234253,0.4423076923076923,0.8269230769230769,0.21428571428571427,0.8571428571428571,0.0004
713,1.35560542345047,1.5433796644210815,0.40384615384615385,0.8269230769230769,0.42857142857142855,0.8571428571428571,0.0004
714,1.4740965962409973,1.4799721240997314,0.46153846153846156,0.8269230769230769,0.42857142857142855,0.8571428571428571,0.0004
715,1.4716418981552124,1.543276309967041,0.4230769230769231,0.8269230769230769,0.42857142857142855,0.8571428571428571,0.0004
716,1.5865095853805542,1.6267261505126953,0.38461538461538464,0.8269230769230769,0.42857142857142855,0.8571428571428571,0.0004
717,1.5499435067176819,1.592665433883667,0.46153846153846156,0.8269230769230769,0.35714285714285715,0.8571428571428571,0.0004
718,1.6148347854614258,1.6454453468322754,0.38461538461538464,0.8269230769230769,0.35714285714285715,0.8571428571428571,0.0004
719,1.6098597049713135,1.6633431911468506,0.34615384615384615,0.8269230769230769,0.35714285714285715,0.8571428571428571,0.0004
720,1.6254225373268127,1.627874732017517,0.36538461538461536,0.8269230769230769,0.42857142857142855,0.8571428571428571,0.0004
721,1.6211178302764893,1.6332722902297974,0.36538461538461536,0.8269230769230769,0.2857142857142857,0.8571428571428571,0.0004
722,1.6542490720748901,1.612922191619873,0.34615384615384615,0.8269230769230769,0.42857142857142855,0.8571428571428571,0.0004
723,1.607380986213684,1.5947067737579346,0.34615384615384615,0.8269230769230769,0.35714285714285715,0.8571428571428571,0.0004
724,1.519519865512848,1.5154967308044434,0.40384615384615385,0.8269230769230769,0.35714285714285715,0.8571428571428571,0.0004
725,1.394900918006897,1.6951441764831543,0.46153846153846156,0.8269230769230769,0.2857142857142857,0.8571428571428571,0.0004
726,1.407371997833252,1.686652421951294,0.4230769230769231,0.8269230769230769,0.21428571428571427,0.8571428571428571,0.0004
727,1.3232706785202026,1.75368070602417,0.46153846153846156,0.8269230769230769,0.21428571428571427,0.8571428571428571,0.0004
728,1.4960752725601196,1.8673079013824463,0.4423076923076923,0.8269230769230769,0.21428571428571427,0.8571428571428571,0.0004
729,1.4780993461608887,1.8454703092575073,0.4423076923076923,0.8269230769230769,0.21428571428571427,0.8571428571428571,0.0004
730,1.4121296405792236,1.8438091278076172,0.5192307692307693,0.8269230769230769,0.21428571428571427,0.8571428571428571,0.0004
731,1.4207823872566223,1.638554334640503,0.4807692307692308,0.8269230769230769,0.2857142857142857,0.8571428571428571,0.0004
732,1.3441250920295715,1.6732943058013916,0.4230769230769231,0.8269230769230769,0.21428571428571427,0.8571428571428571,0.0004
733,1.3358590602874756,1.870147943496704,0.38461538461538464,0.8269230769230769,0.14285714285714285,0.8571428571428571,0.0004
734,1.3617734909057617,1.6551036834716797,0.4423076923076923,0.8269230769230769,0.35714285714285715,0.8571428571428571,0.0004
735,1.3066774606704712,1.6610451936721802,0.46153846153846156,0.8269230769230769,0.21428571428571427,0.8571428571428571,0.0004
736,1.4961327910423279,1.577154517173767,0.40384615384615385,0.8269230769230769,0.21428571428571427,0.8571428571428571,0.0004
737,1.3386196494102478,1.8165183067321777,0.4423076923076923,0.8269230769230769,0.14285714285714285,0.8571428571428571,0.0004
738,1.3282739520072937,1.590344786643982,0.40384615384615385,0.8269230769230769,0.2857142857142857,0.8571428571428571,0.0004
739,1.3258774280548096,1.685588002204895,0.4423076923076923,0.8269230769230769,0.21428571428571427,0.8571428571428571,0.0004
740,1.3334998488426208,1.6929937601089478,0.4423076923076923,0.8269230769230769,0.2857142857142857,0.8571428571428571,0.0004
741,1.3333932757377625,1.521153450012207,0.46153846153846156,0.8269230769230769,0.21428571428571427,0.8571428571428571,0.0004
742,1.3573009967803955,1.5202903747558594,0.4230769230769231,0.8269230769230769,0.2857142857142857,0.8571428571428571,0.0004
743,1.3425896167755127,1.6109803915023804,0.4230769230769231,0.8269230769230769,0.21428571428571427,0.8571428571428571,0.0004
744,1.3219385743141174,1.8198503255844116,0.4423076923076923,0.8269230769230769,0.14285714285714285,0.8571428571428571,0.0004
745,1.3118347525596619,1.515549898147583,0.4423076923076923,0.8269230769230769,0.21428571428571427,0.8571428571428571,0.0004
746,1.359092354774475,1.4733322858810425,0.4230769230769231,0.8269230769230769,0.2857142857142857,0.8571428571428571,0.0004
747,1.337699055671692,1.8028995990753174,0.46153846153846156,0.8269230769230769,0.21428571428571427,0.8571428571428571,0.0004
748,1.3089563846588135,1.596146821975708,0.4807692307692308,0.8269230769230769,0.21428571428571427,0.8571428571428571,0.0004
749,1.4809073209762573,1.7716341018676758,0.40384615384615385,0.8269230769230769,0.21428571428571427,0.8571428571428571,0.0004
750,1.4946438074111938,1.5008260011672974,0.46153846153846156,0.8269230769230769,0.2857142857142857,0.8571428571428571,0.0004
751,1.4102292656898499,1.664167881011963,0.4230769230769231,0.8269230769230769,0.21428571428571427,0.8571428571428571,0.0004
752,1.4628143906593323,1.6868040561676025,0.38461538461538464,0.8269230769230769,0.21428571428571427,0.8571428571428571,0.0004
753,1.47393137216568,1.610008955001831,0.40384615384615385,0.8269230769230769,0.21428571428571427,0.8571428571428571,0.0004
754,1.5135954022407532,1.6023950576782227,0.38461538461538464,0.8269230769230769,0.21428571428571427,0.8571428571428571,0.0004
755,1.3892316818237305,1.5633647441864014,0.4423076923076923,0.8269230769230769,0.2857142857142857,0.8571428571428571,0.0004
756,1.4205511808395386,1.5393562316894531,0.4807692307692308,0.8269230769230769,0.2857142857142857,0.8571428571428571,0.0004
757,1.368229866027832,1.5176020860671997,0.46153846153846156,0.8269230769230769,0.2857142857142857,0.8571428571428571,0.0004
758,1.4038047790527344,1.5305938720703125,0.4230769230769231,0.8269230769230769,0.2857142857142857,0.8571428571428571,0.0004
759,1.4524839520454407,1.5296591520309448,0.38461538461538464,0.8269230769230769,0.2857142857142857,0.8571428571428571,0.0004
760,1.4321338534355164,1.5096803903579712,0.36538461538461536,0.8269230769230769,0.35714285714285715,0.8571428571428571,0.0004
761,1.3920678496360779,1.4180784225463867,0.4423076923076923,0.8269230769230769,0.2857142857142857,0.8571428571428571,0.0004
762,1.3830323219299316,1.5468053817749023,0.4230769230769231,0.8269230769230769,0.21428571428571427,0.8571428571428571,0.0004
763,1.3486981391906738,1.4635509252548218,0.4230769230769231,0.8269230769230769,0.2857142857142857,0.8571428571428571,0.0004
764,1.3058738112449646,1.613277792930603,0.5192307692307693,0.8269230769230769,0.21428571428571427,0.8571428571428571,0.0004
765,1.3367985486984253,1.5840826034545898,0.4423076923076923,0.8269230769230769,0.21428571428571427,0.8571428571428571,0.0004
766,1.3117960691452026,1.562712550163269,0.4807692307692308,0.8269230769230769,0.2857142857142857,0.8571428571428571,0.0004
767,1.44792640209198,1.5081720352172852,0.4230769230769231,0.8269230769230769,0.2857142857142857,0.8571428571428571,0.0004
768,1.3570915460586548,1.4483462572097778,0.40384615384615385,0.8269230769230769,0.2857142857142857,0.8571428571428571,0.0004
769,1.3463737964630127,1.4479352235794067,0.5,0.8269230769230769,0.2857142857142857,0.8571428571428571,0.0004
770,1.3273359537124634,1.4864165782928467,0.46153846153846156,0.8269230769230769,0.2857142857142857,0.8571428571428571,0.0004
771,1.3332977294921875,1.5987589359283447,0.4807692307692308,0.8269230769230769,0.21428571428571427,0.8571428571428571,0.0004
772,1.358184576034546,1.6271421909332275,0.4423076923076923,0.8269230769230769,0.21428571428571427,0.8571428571428571,0.0004
773,1.3131256103515625,1.7268251180648804,0.5192307692307693,0.8269230769230769,0.21428571428571427,0.8571428571428571,0.0004
774,1.3676360845565796,1.4337561130523682,0.46153846153846156,0.8269230769230769,0.2857142857142857,0.8571428571428571,0.0004
775,1.3739238381385803,1.4798474311828613,0.4807692307692308,0.8269230769230769,0.2857142857142857,0.8571428571428571,0.0004
776,1.3455572128295898,1.5331764221191406,0.46153846153846156,0.8269230769230769,0.2857142857142857,0.8571428571428571,0.0004
777,1.2990659475326538,1.6131348609924316,0.4807692307692308,0.8269230769230769,0.21428571428571427,0.8571428571428571,0.0004
778,1.2572583556175232,1.5859452486038208,0.46153846153846156,0.8269230769230769,0.2857142857142857,0.8571428571428571,0.0004
779,1.3590397834777832,1.4823110103607178,0.4423076923076923,0.8269230769230769,0.2857142857142857,0.8571428571428571,0.0004
780,1.265302836894989,1.602918028831482,0.5,0.8269230769230769,0.21428571428571427,0.8571428571428571,0.0004
781,1.3632615804672241,1.590829849243164,0.4807692307692308,0.8269230769230769,0.21428571428571427,0.8571428571428571,0.0004
782,1.4618180990219116,1.5923877954483032,0.4230769230769231,0.8269230769230769,0.21428571428571427,0.8571428571428571,0.0004
783,1.405793011188507,1.535430908203125,0.4423076923076923,0.8269230769230769,0.2857142857142857,0.8571428571428571,0.0004
784,1.3206724524497986,1.560011386871338,0.4807692307692308,0.8269230769230769,0.2857142857142857,0.8571428571428571,0.0004
785,1.2769882082939148,1.6942654848098755,0.46153846153846156,0.8269230769230769,0.21428571428571427,0.8571428571428571,0.0004
786,1.3480700254440308,1.6041935682296753,0.38461538461538464,0.8269230769230769,0.21428571428571427,0.8571428571428571,0.0004
787,1.3310017585754395,1.6234771013259888,0.4230769230769231,0.8269230769230769,0.21428571428571427,0.8571428571428571,0.0004
788,1.4105228781700134,1.6031944751739502,0.38461538461538464,0.8269230769230769,0.21428571428571427,0.8571428571428571,0.0004
789,1.3621655702590942,1.500413417816162,0.4230769230769231,0.8269230769230769,0.21428571428571427,0.8571428571428571,0.0004
790,1.3309699296951294,1.5693731307983398,0.4230769230769231,0.8269230769230769,0.2857142857142857,0.8571428571428571,0.0004
791,1.3570384979248047,1.7611886262893677,0.46153846153846156,0.8269230769230769,0.21428571428571427,0.8571428571428571,0.0004
792,1.3543622493743896,1.5733683109283447,0.4230769230769231,0.8269230769230769,0.2857142857142857,0.8571428571428571,0.0004
793,1.4013273119926453,1.566917061805725,0.38461538461538464,0.8269230769230769,0.2857142857142857,0.8571428571428571,0.0004
794,1.3178340792655945,1.7058042287826538,0.46153846153846156,0.8269230769230769,0.21428571428571427,0.8571428571428571,0.0004
795,1.3908076286315918,1.5614699125289917,0.40384615384615385,0.8269230769230769,0.21428571428571427,0.8571428571428571,0.0004
796,1.3275282382965088,1.611036777496338,0.40384615384615385,0.8269230769230769,0.21428571428571427,0.8571428571428571,0.0004
797,1.2886351943016052,1.7231228351593018,0.4807692307692308,0.8269230769230769,0.21428571428571427,0.8571428571428571,0.0004
798,1.3419130444526672,1.6247451305389404,0.4807692307692308,0.8269230769230769,0.21428571428571427,0.8571428571428571,0.0004
799,1.3122462034225464,1.6773455142974854,0.46153846153846156,0.8269230769230769,0.21428571428571427,0.8571428571428571,0.0004
800,1.3488207459449768,1.6697779893875122,0.4423076923076923,0.8269230769230769,0.21428571428571427,0.8571428571428571,0.0004
801,1.2937102317810059,1.6460437774658203,0.4807692307692308,0.8269230769230769,0.2857142857142857,0.8571428571428571,0.0004
802,1.329829454421997,1.5196830034255981,0.46153846153846156,0.8269230769230769,0.2857142857142857,0.8571428571428571,0.0004
803,1.2904759049415588,1.5951523780822754,0.4807692307692308,0.8269230769230769,0.21428571428571427,0.8571428571428571,0.0004
804,1.2974318265914917,1.6303529739379883,0.46153846153846156,0.8269230769230769,0.2857142857142857,0.8571428571428571,0.0004
805,1.3503591418266296,1.89717698097229,0.4423076923076923,0.8269230769230769,0.14285714285714285,0.8571428571428571,0.0004
806,1.3780391812324524,1.6837855577468872,0.4230769230769231,0.8269230769230769,0.21428571428571427,0.8571428571428571,0.0004
807,1.3594448566436768,1.704153060913086,0.40384615384615385,0.8269230769230769,0.21428571428571427,0.8571428571428571,0.0004
808,1.3950802087783813,1.6491092443466187,0.40384615384615385,0.8269230769230769,0.2857142857142857,0.8571428571428571,0.0004
809,1.3092656135559082,1.8112092018127441,0.4230769230769231,0.8269230769230769,0.14285714285714285,0.8571428571428571,0.0004
810,1.3103569746017456,1.7155221700668335,0.4423076923076923,0.8269230769230769,0.21428571428571427,0.8571428571428571,0.0004
811,1.3372920751571655,1.8994320631027222,0.40384615384615385,0.8269230769230769,0.21428571428571427,0.8571428571428571,0.0004
812,1.3195315599441528,1.8017292022705078,0.5,0.8269230769230769,0.21428571428571427,0.8571428571428571,0.0004
813,1.5287967324256897,1.8121039867401123,0.4423076923076923,0.8269230769230769,0.21428571428571427,0.8571428571428571,0.0004
814,1.3621239066123962,1.5505561828613281,0.4807692307692308,0.8269230769230769,0.2857142857142857,0.8571428571428571,0.0004
815,1.3424955010414124,1.8212568759918213,0.4807692307692308,0.8269230769230769,0.14285714285714285,0.8571428571428571,0.0004
816,1.3869088888168335,1.6377692222595215,0.4423076923076923,0.8269230769230769,0.35714285714285715,0.8571428571428571,0.0004
817,1.6363014578819275,1.7399572134017944,0.36538461538461536,0.8269230769230769,0.2857142857142857,0.8571428571428571,0.0004
818,1.7488481402397156,1.7617162466049194,0.3076923076923077,0.8269230769230769,0.35714285714285715,0.8571428571428571,0.0004
819,1.7527552843093872,1.7626006603240967,0.3269230769230769,0.8269230769230769,0.35714285714285715,0.8571428571428571,0.0004
820,1.7661832571029663,1.7582603693008423,0.3269230769230769,0.8269230769230769,0.35714285714285715,0.8571428571428571,0.0004
821,1.7631197571754456,1.755160927772522,0.3269230769230769,0.8269230769230769,0.35714285714285715,0.8571428571428571,0.0004
822,1.7505130767822266,1.7497742176055908,0.3269230769230769,0.8269230769230769,0.35714285714285715,0.8571428571428571,0.0004
823,1.769007682800293,1.7469302415847778,0.3269230769230769,0.8269230769230769,0.35714285714285715,0.8571428571428571,0.0004
824,1.7421892881393433,1.7404727935791016,0.3269230769230769,0.8269230769230769,0.35714285714285715,0.8571428571428571,0.0004
825,1.7422316074371338,1.7346093654632568,0.3269230769230769,0.8269230769230769,0.35714285714285715,0.8571428571428571,0.0004
826,1.7430499196052551,1.7284595966339111,0.3269230769230769,0.8269230769230769,0.35714285714285715,0.8571428571428571,0.0004
827,1.7373400926589966,1.723796010017395,0.3269230769230769,0.8269230769230769,0.35714285714285715,0.8571428571428571,0.0004
828,1.728032410144806,1.7179778814315796,0.3269230769230769,0.8269230769230769,0.35714285714285715,0.8571428571428571,0.0004
829,1.7391592860221863,1.7135926485061646,0.3269230769230769,0.8269230769230769,0.35714285714285715,0.8571428571428571,0.0004
830,1.7226657271385193,1.7063336372375488,0.3269230769230769,0.8269230769230769,0.35714285714285715,0.8571428571428571,0.0004
831,1.719813048839569,1.7019636631011963,0.3269230769230769,0.8269230769230769,0.35714285714285715,0.8571428571428571,0.0004
832,1.7154029607772827,1.6971784830093384,0.3269230769230769,0.8269230769230769,0.35714285714285715,0.8571428571428571,0.0004
833,1.6997383832931519,1.6921327114105225,0.3269230769230769,0.8269230769230769,0.35714285714285715,0.8571428571428571,0.0004
834,1.6899527311325073,1.6861521005630493,0.3269230769230769,0.8269230769230769,0.35714285714285715,0.8571428571428571,0.0004
835,1.690980613231659,1.6820778846740723,0.3269230769230769,0.8269230769230769,0.35714285714285715,0.8571428571428571,0.0004
836,1.6856017112731934,1.6768615245819092,0.3269230769230769,0.8269230769230769,0.35714285714285715,0.8571428571428571,0.0004
837,1.6983394026756287,1.6720986366271973,0.3269230769230769,0.8269230769230769,0.35714285714285715,0.8571428571428571,0.0004
838,1.6791618466377258,1.66794753074646,0.3269230769230769,0.8269230769230769,0.35714285714285715,0.8571428571428571,0.0004
839,1.6640968322753906,1.6634492874145508,0.3269230769230769,0.8269230769230769,0.35714285714285715,0.8571428571428571,0.0004
840,1.6676973104476929,1.6587028503417969,0.3269230769230769,0.8269230769230769,0.35714285714285715,0.8571428571428571,0.0004
841,1.658516526222229,1.655297040939331,0.3269230769230769,0.8269230769230769,0.35714285714285715,0.8571428571428571,0.0004
842,1.656807780265808,1.6512417793273926,0.3269230769230769,0.8269230769230769,0.35714285714285715,0.8571428571428571,0.0004
843,1.6565423011779785,1.6478040218353271,0.3269230769230769,0.8269230769230769,0.35714285714285715,0.8571428571428571,0.0004
844,1.6600148677825928,1.6424856185913086,0.3269230769230769,0.8269230769230769,0.35714285714285715,0.8571428571428571,0.0004
845,1.6432116031646729,1.6391879320144653,0.3269230769230769,0.8269230769230769,0.35714285714285715,0.8571428571428571,0.0004
846,1.6536591053009033,1.63429856300354,0.3269230769230769,0.8269230769230769,0.35714285714285715,0.8571428571428571,0.0004
847,1.6302974224090576,1.6305763721466064,0.3269230769230769,0.8269230769230769,0.35714285714285715,0.8571428571428571,0.0004
848,1.6226558685302734,1.626871109008789,0.3269230769230769,0.8269230769230769,0.35714285714285715,0.8571428571428571,0.0004
849,1.6265184879302979,1.6226125955581665,0.3269230769230769,0.8269230769230769,0.35714285714285715,0.8571428571428571,0.0004
850,1.649415135383606,1.6191058158874512,0.3269230769230769,0.8269230769230769,0.35714285714285715,0.8571428571428571,0.0004
851,1.639475405216217,1.614913821220398,0.3269230769230769,0.8269230769230769,0.35714285714285715,0.8571428571428571,0.0004
852,1.6380492448806763,1.6118661165237427,0.3269230769230769,0.8269230769230769,0.35714285714285715,0.8571428571428571,0.0004
853,1.625529170036316,1.6074810028076172,0.3269230769230769,0.8269230769230769,0.35714285714285715,0.8571428571428571,0.0004
854,1.615448534488678,1.6035716533660889,0.3269230769230769,0.8269230769230769,0.35714285714285715,0.8571428571428571,0.0004
855,1.6026994585990906,1.601276159286499,0.3269230769230769,0.8269230769230769,0.35714285714285715,0.8571428571428571,0.0004
856,1.597354769706726,1.5969668626785278,0.3269230769230769,0.8269230769230769,0.35714285714285715,0.8571428571428571,0.0004
857,1.6010492444038391,1.5927115678787231,0.3269230769230769,0.8269230769230769,0.35714285714285715,0.8571428571428571,0.0004
858,1.5933330059051514,1.5913193225860596,0.3269230769230769,0.8269230769230769,0.35714285714285715,0.8571428571428571,0.0004
859,1.60563462972641,1.5876431465148926,0.3269230769230769,0.8269230769230769,0.35714285714285715,0.8571428571428571,0.0004
860,1.6103823781013489,1.584930419921875,0.3269230769230769,0.8269230769230769,0.35714285714285715,0.8571428571428571,0.0004
861,1.5880787372589111,1.5788428783416748,0.3269230769230769,0.8269230769230769,0.35714285714285715,0.8571428571428571,0.0004
862,1.581508994102478,1.5771325826644897,0.3269230769230769,0.8269230769230769,0.35714285714285715,0.8571428571428571,0.0004
863,1.5824885964393616,1.575549602508545,0.3269230769230769,0.8269230769230769,0.35714285714285715,0.8571428571428571,0.0004
864,1.6030094623565674,1.5716443061828613,0.3269230769230769,0.8269230769230769,0.35714285714285715,0.8571428571428571,0.0004
865,1.5825893878936768,1.569471836090088,0.3269230769230769,0.8269230769230769,0.35714285714285715,0.8571428571428571,0.0004
866,1.5631750226020813,1.565911889076233,0.3269230769230769,0.8269230769230769,0.35714285714285715,0.8571428571428571,0.0004
867,1.6116887927055359,1.563534140586853,0.3269230769230769,0.8269230769230769,0.35714285714285715,0.8571428571428571,0.0004
868,1.5643405318260193,1.5596736669540405,0.3269230769230769,0.8269230769230769,0.35714285714285715,0.8571428571428571,0.0004
869,1.5982571840286255,1.5578193664550781,0.3269230769230769,0.8269230769230769,0.35714285714285715,0.8571428571428571,0.0004
870,1.5698078870773315,1.555037498474121,0.3269230769230769,0.8269230769230769,0.35714285714285715,0.8571428571428571,0.0004
871,1.606863796710968,1.5551581382751465,0.3269230769230769,0.8269230769230769,0.35714285714285715,0.8571428571428571,0.0004
872,1.5960487127304077,1.551766276359558,0.3269230769230769,0.8269230769230769,0.35714285714285715,0.8571428571428571,0.0004
873,1.545908510684967,1.5481882095336914,0.3269230769230769,0.8269230769230769,0.35714285714285715,0.8571428571428571,0.0004
874,1.561366856098175,1.5490213632583618,0.3269230769230769,0.8269230769230769,0.35714285714285715,0.8571428571428571,0.0004
875,1.5399256348609924,1.5477756261825562,0.3269230769230769,0.8269230769230769,0.35714285714285715,0.8571428571428571,0.0004
876,1.5778876543045044,1.5451993942260742,0.3269230769230769,0.8269230769230769,0.35714285714285715,0.8571428571428571,0.0004
877,1.5654715299606323,1.5442355871200562,0.3269230769230769,0.8269230769230769,0.35714285714285715,0.8571428571428571,0.0004
878,1.5359941720962524,1.5398865938186646,0.3269230769230769,0.8269230769230769,0.35714285714285715,0.8571428571428571,0.0004
879,1.5571430921554565,1.5463454723358154,0.3269230769230769,0.8269230769230769,0.35714285714285715,0.8571428571428571,0.0004
880,1.5569002032279968,1.5401430130004883,0.3269230769230769,0.8269230769230769,0.35714285714285715,0.8571428571428571,0.0004
881,1.547092318534851,1.537540316581726,0.3269230769230769,0.8269230769230769,0.35714285714285715,0.8571428571428571,0.0004
882,1.5762156248092651,1.5373555421829224,0.28846153846153844,0.8269230769230769,0.2857142857142857,0.8571428571428571,0.0004
883,1.5129833817481995,1.533921480178833,0.15384615384615385,0.8269230769230769,0.42857142857142855,0.8571428571428571,0.0004
884,1.5546836256980896,1.5350351333618164,0.34615384615384615,0.8269230769230769,0.21428571428571427,0.8571428571428571,0.0004
885,1.5588229894638062,1.5305545330047607,0.36538461538461536,0.8269230769230769,0.21428571428571427,0.8571428571428571,0.0004
886,1.4980992078781128,1.5390028953552246,0.36538461538461536,0.8269230769230769,0.21428571428571427,0.8571428571428571,0.0004
887,1.5333924889564514,1.532645583152771,0.36538461538461536,0.8269230769230769,0.21428571428571427,0.8571428571428571,0.0004
888,1.4984366297721863,1.5275496244430542,0.36538461538461536,0.8269230769230769,0.21428571428571427,0.8571428571428571,0.0004
889,1.5530316829681396,1.5285060405731201,0.36538461538461536,0.8269230769230769,0.21428571428571427,0.8571428571428571,0.0004
890,1.5389580726623535,1.5237423181533813,0.36538461538461536,0.8269230769230769,0.21428571428571427,0.8571428571428571,0.0004
891,1.4980871081352234,1.520385980606079,0.36538461538461536,0.8269230769230769,0.21428571428571427,0.8571428571428571,0.0004
892,1.5539449453353882,1.5253573656082153,0.36538461538461536,0.8269230769230769,0.21428571428571427,0.8571428571428571,0.0004
893,1.520161211490631,1.536578893661499,0.36538461538461536,0.8269230769230769,0.21428571428571427,0.8571428571428571,0.0004
894,1.5035139918327332,1.5182133913040161,0.36538461538461536,0.8269230769230769,0.21428571428571427,0.8571428571428571,0.0004
895,1.5308069586753845,1.5184266567230225,0.36538461538461536,0.8269230769230769,0.21428571428571427,0.8571428571428571,0.0004
896,1.5305808782577515,1.5220896005630493,0.36538461538461536,0.8269230769230769,0.21428571428571427,0.8571428571428571,0.0004
897,1.5290817618370056,1.5167105197906494,0.36538461538461536,0.8269230769230769,0.21428571428571427,0.8571428571428571,0.0004
898,1.5366476774215698,1.5292980670928955,0.36538461538461536,0.8269230769230769,0.21428571428571427,0.8571428571428571,0.0004
899,1.5151051878929138,1.5295987129211426,0.36538461538461536,0.8269230769230769,0.21428571428571427,0.8571428571428571,0.0004
900,1.4884341955184937,1.510859727859497,0.36538461538461536,0.8269230769230769,0.21428571428571427,0.8571428571428571,0.0004
901,1.5054062008857727,1.5132662057876587,0.36538461538461536,0.8269230769230769,0.21428571428571427,0.8571428571428571,0.0004
902,1.471211016178131,1.5226165056228638,0.36538461538461536,0.8269230769230769,0.21428571428571427,0.8571428571428571,0.0004
903,1.4863939881324768,1.5193419456481934,0.36538461538461536,0.8269230769230769,0.21428571428571427,0.8571428571428571,0.0004
904,1.4670394659042358,1.5163661241531372,0.36538461538461536,0.8269230769230769,0.21428571428571427,0.8571428571428571,0.0004
905,1.4582023620605469,1.504561185836792,0.36538461538461536,0.8269230769230769,0.21428571428571427,0.8571428571428571,0.0004
906,1.4698382019996643,1.5125353336334229,0.36538461538461536,0.8269230769230769,0.21428571428571427,0.8571428571428571,0.0004
907,1.4557140469551086,1.5578436851501465,0.36538461538461536,0.8269230769230769,0.21428571428571427,0.8571428571428571,0.0004
908,1.4574608206748962,1.5103189945220947,0.36538461538461536,0.8269230769230769,0.21428571428571427,0.8571428571428571,0.0004
909,1.460946261882782,1.5171616077423096,0.36538461538461536,0.8269230769230769,0.21428571428571427,0.8571428571428571,0.0004
910,1.4992439150810242,1.5027141571044922,0.36538461538461536,0.8269230769230769,0.21428571428571427,0.8571428571428571,0.0004
911,1.4333717823028564,1.4949004650115967,0.36538461538461536,0.8269230769230769,0.21428571428571427,0.8571428571428571,0.0004
912,1.4458839893341064,1.498189926147461,0.36538461538461536,0.8269230769230769,0.21428571428571427,0.8571428571428571,0.0004
913,1.4388797879219055,1.5778896808624268,0.36538461538461536,0.8269230769230769,0.21428571428571427,0.8571428571428571,0.0004
914,1.4174135327339172,1.469875693321228,0.36538461538461536,0.8269230769230769,0.21428571428571427,0.8571428571428571,0.0004
915,1.4477059245109558,1.5700230598449707,0.36538461538461536,0.8269230769230769,0.21428571428571427,0.8571428571428571,0.0004
916,1.4301155805587769,1.4917337894439697,0.36538461538461536,0.8269230769230769,0.21428571428571427,0.8571428571428571,0.0004
917,1.4264975190162659,1.497951626777649,0.36538461538461536,0.8269230769230769,0.21428571428571427,0.8571428571428571,0.0004
918,1.3987339735031128,1.4630221128463745,0.36538461538461536,0.8269230769230769,0.21428571428571427,0.8571428571428571,0.0004
919,1.3824315071105957,1.4772968292236328,0.36538461538461536,0.8269230769230769,0.21428571428571427,0.8571428571428571,0.0004
920,1.3576679825782776,1.5817453861236572,0.36538461538461536,0.8269230769230769,0.21428571428571427,0.8571428571428571,0.0004
921,1.3403587937355042,1.5183519124984741,0.36538461538461536,0.8269230769230769,0.21428571428571427,0.8571428571428571,0.0004
922,1.374405324459076,1.5224103927612305,0.36538461538461536,0.8269230769230769,0.21428571428571427,0.8571428571428571,0.0004
923,1.37187659740448,1.663316011428833,0.36538461538461536,0.8461538461538461,0.21428571428571427,0.7142857142857143,0.0004
924,1.3409016132354736,1.4291104078292847,0.38461538461538464,0.9038461538461539,0.2857142857142857,0.9285714285714286,0.0004
925,1.3426769971847534,1.521902322769165,0.4807692307692308,0.9230769230769231,0.2857142857142857,0.7857142857142857,0.0004
926,1.3933116793632507,1.5756754875183105,0.46153846153846156,0.8461538461538461,0.21428571428571427,0.7857142857142857,0.0004
927,1.402279555797577,1.6924104690551758,0.5,0.8269230769230769,0.21428571428571427,0.5,0.0004
928,1.5348812341690063,1.6532740592956543,0.4423076923076923,0.6538461538461539,0.35714285714285715,0.42857142857142855,0.0004
929,1.7105441689491272,1.6391528844833374,0.36538461538461536,0.5384615384615384,0.42857142857142855,0.8571428571428571,0.0004
930,1.7076284885406494,1.71403169631958,0.34615384615384615,0.8269230769230769,0.35714285714285715,0.8571428571428571,0.0004
931,1.686791479587555,1.6751997470855713,0.3269230769230769,0.8269230769230769,0.35714285714285715,0.8571428571428571,0.0004
932,1.627941906452179,1.6383037567138672,0.34615384615384615,0.8269230769230769,0.35714285714285715,0.8571428571428571,0.0004
933,1.6088802814483643,1.5617982149124146,0.34615384615384615,0.8269230769230769,0.42857142857142855,0.8571428571428571,0.0004
934,1.6046007871627808,1.5703115463256836,0.3269230769230769,0.8269230769230769,0.35714285714285715,0.8571428571428571,0.0004
935,1.5597319602966309,1.5504071712493896,0.40384615384615385,0.8269230769230769,0.21428571428571427,0.8571428571428571,0.0004
936,1.542334794998169,1.5505987405776978,0.36538461538461536,0.8269230769230769,0.21428571428571427,0.8571428571428571,0.0004
937,1.5638360381126404,1.5329666137695312,0.36538461538461536,0.8269230769230769,0.21428571428571427,0.8571428571428571,0.0004
938,1.5207103490829468,1.5272389650344849,0.36538461538461536,0.8269230769230769,0.21428571428571427,0.8571428571428571,0.0004
939,1.5623868107795715,1.5236549377441406,0.36538461538461536,0.8269230769230769,0.21428571428571427,0.8571428571428571,0.0004
940,1.5488359928131104,1.5236287117004395,0.36538461538461536,0.8269230769230769,0.21428571428571427,0.8571428571428571,0.0004
941,1.5558147430419922,1.5315582752227783,0.36538461538461536,0.8269230769230769,0.21428571428571427,0.8571428571428571,0.0004
942,1.5127218961715698,1.517240285873413,0.36538461538461536,0.8269230769230769,0.21428571428571427,0.8571428571428571,0.0004
943,1.5273129343986511,1.5288797616958618,0.36538461538461536,0.8269230769230769,0.21428571428571427,0.8571428571428571,0.0004
944,1.4936676621437073,1.5373059511184692,0.36538461538461536,0.8269230769230769,0.21428571428571427,0.8571428571428571,0.0004
945,1.567147433757782,1.5157840251922607,0.36538461538461536,0.8269230769230769,0.21428571428571427,0.8571428571428571,0.0004
946,1.5565725564956665,1.522407054901123,0.36538461538461536,0.8269230769230769,0.21428571428571427,0.8571428571428571,0.0004
947,1.5371803045272827,1.5192680358886719,0.36538461538461536,0.8269230769230769,0.21428571428571427,0.8571428571428571,0.0004
948,1.5267760157585144,1.5284113883972168,0.36538461538461536,0.8269230769230769,0.21428571428571427,0.8571428571428571,0.0004
949,1.5535361766815186,1.5107191801071167,0.36538461538461536,0.8269230769230769,0.21428571428571427,0.8571428571428571,0.0004
950,1.5472075939178467,1.5291876792907715,0.36538461538461536,0.8269230769230769,0.21428571428571427,0.8571428571428571,0.0004
951,1.5275018811225891,1.5171053409576416,0.36538461538461536,0.8269230769230769,0.21428571428571427,0.8571428571428571,0.0004
952,1.5200244784355164,1.5238571166992188,0.36538461538461536,0.8269230769230769,0.21428571428571427,0.8571428571428571,0.0004
953,1.503322184085846,1.5148983001708984,0.36538461538461536,0.8269230769230769,0.21428571428571427,0.8571428571428571,0.0004
954,1.510871946811676,1.5107953548431396,0.36538461538461536,0.8269230769230769,0.21428571428571427,0.8571428571428571,0.0004
955,1.5229772329330444,1.5210050344467163,0.36538461538461536,0.8269230769230769,0.21428571428571427,0.8571428571428571,0.0004
956,1.513348639011383,1.5134388208389282,0.36538461538461536,0.8269230769230769,0.21428571428571427,0.8571428571428571,0.0004
957,1.5272055268287659,1.528940200805664,0.36538461538461536,0.8269230769230769,0.21428571428571427,0.8571428571428571,0.0004
958,1.5104721188545227,1.5079959630966187,0.36538461538461536,0.8269230769230769,0.21428571428571427,0.8571428571428571,0.0004
959,1.4570472836494446,1.531358003616333,0.36538461538461536,0.8269230769230769,0.21428571428571427,0.8571428571428571,0.0004
960,1.4762110710144043,1.4953503608703613,0.36538461538461536,0.8269230769230769,0.21428571428571427,0.8571428571428571,0.0004
961,1.4895248413085938,1.4839589595794678,0.36538461538461536,0.8269230769230769,0.21428571428571427,0.8571428571428571,0.0004
962,1.4674615859985352,1.5136257410049438,0.36538461538461536,0.8269230769230769,0.21428571428571427,0.8571428571428571,0.0004
963,1.469252347946167,1.508971929550171,0.40384615384615385,0.8269230769230769,0.2857142857142857,0.8571428571428571,0.0004
964,1.4686959981918335,1.5415621995925903,0.46153846153846156,0.8269230769230769,0.21428571428571427,0.8571428571428571,0.0004
965,1.428747534751892,1.4872678518295288,0.46153846153846156,0.8269230769230769,0.2857142857142857,0.8571428571428571,0.0004
966,1.4698269367218018,1.4694700241088867,0.5192307692307693,0.8269230769230769,0.2857142857142857,0.8571428571428571,0.0004
967,1.4445211291313171,1.496960163116455,0.5192307692307693,0.8269230769230769,0.2857142857142857,0.8571428571428571,0.0004
968,1.4041432738304138,1.5229014158248901,0.5,0.8269230769230769,0.21428571428571427,0.8571428571428571,0.0004
969,1.414724588394165,1.474886178970337,0.5,0.8269230769230769,0.21428571428571427,0.8571428571428571,0.0004
970,1.4101544618606567,1.473015308380127,0.5,0.8269230769230769,0.2857142857142857,0.8571428571428571,0.0004
971,1.3939304947853088,1.442196249961853,0.46153846153846156,0.8269230769230769,0.2857142857142857,0.8571428571428571,0.0004
972,1.3908697962760925,1.4728659391403198,0.46153846153846156,0.8269230769230769,0.2857142857142857,0.8571428571428571,0.0004
973,1.4279651641845703,1.5220093727111816,0.46153846153846156,0.8269230769230769,0.21428571428571427,0.8571428571428571,0.0004
974,1.3366696238517761,1.5816608667373657,0.5192307692307693,0.8269230769230769,0.21428571428571427,0.8571428571428571,0.0004
975,1.3903253674507141,1.4635381698608398,0.4807692307692308,0.8269230769230769,0.2857142857142857,0.8571428571428571,0.0004
976,1.3043023943901062,1.5317708253860474,0.5,0.8269230769230769,0.2857142857142857,0.8571428571428571,0.0004
977,1.4028680324554443,1.66428804397583,0.40384615384615385,0.8269230769230769,0.21428571428571427,0.8571428571428571,0.0004
978,1.3918672800064087,1.6696667671203613,0.4230769230769231,0.8269230769230769,0.21428571428571427,0.8571428571428571,0.0004
979,1.3852516412734985,1.558314561843872,0.4230769230769231,0.8269230769230769,0.21428571428571427,0.8571428571428571,0.0004
980,1.3969255089759827,1.5523289442062378,0.38461538461538464,0.8269230769230769,0.2857142857142857,0.8571428571428571,0.0004
981,1.3346229791641235,1.5573465824127197,0.38461538461538464,0.8269230769230769,0.21428571428571427,0.8571428571428571,0.0004
982,1.3553423881530762,1.6145009994506836,0.4230769230769231,0.8269230769230769,0.2857142857142857,0.8571428571428571,0.0004
983,1.3347508907318115,1.5982311964035034,0.4423076923076923,0.8269230769230769,0.21428571428571427,0.8571428571428571,0.0004
984,1.3113563656806946,1.5635790824890137,0.4423076923076923,0.8269230769230769,0.2857142857142857,0.8571428571428571,0.0004
985,1.3407748937606812,1.5350341796875,0.5,0.8269230769230769,0.2857142857142857,0.8571428571428571,0.0004
986,1.2925878763198853,1.4960404634475708,0.4807692307692308,0.8461538461538461,0.2857142857142857,0.8571428571428571,0.0004
987,1.2459360361099243,1.5186370611190796,0.4807692307692308,0.9038461538461539,0.2857142857142857,0.9285714285714286,0.0004
988,1.2792367339134216,1.6931462287902832,0.4230769230769231,0.9423076923076923,0.21428571428571427,0.7857142857142857,0.0004
989,1.329898715019226,1.6307730674743652,0.46153846153846156,0.8461538461538461,0.21428571428571427,0.7857142857142857,0.0004
990,1.4112426042556763,1.582027554512024,0.40384615384615385,0.8076923076923077,0.2857142857142857,0.7857142857142857,0.0004
991,1.3022770881652832,1.5424047708511353,0.46153846153846156,0.9038461538461539,0.21428571428571427,0.8571428571428571,0.0004
992,1.2395315170288086,1.7664896249771118,0.46153846153846156,0.9230769230769231,0.21428571428571427,0.7857142857142857,0.0004
993,1.3053741455078125,1.6227102279663086,0.4807692307692308,0.9615384615384616,0.21428571428571427,0.8571428571428571,0.0004
994,1.2545149326324463,1.4632571935653687,0.46153846153846156,0.9423076923076923,0.21428571428571427,0.9285714285714286,0.0004
995,1.2264834642410278,1.6644339561462402,0.5,0.8653846153846154,0.21428571428571427,0.7857142857142857,0.0004
996,1.2750153541564941,1.5612987279891968,0.4423076923076923,0.9038461538461539,0.21428571428571427,0.8571428571428571,0.0004
997,1.3524401783943176,1.7649753093719482,0.4423076923076923,0.8846153846153846,0.21428571428571427,0.6428571428571429,0.0004
998,1.407595455646515,1.7177146673202515,0.46153846153846156,0.8076923076923077,0.21428571428571427,0.7142857142857143,0.0004
999,1.3356646299362183,1.8463550806045532,0.4423076923076923,0.8653846153846154,0.21428571428571427,0.6428571428571429,0.0004
1000,1.3763328790664673,1.6486589908599854,0.40384615384615385,0.8269230769230769,0.21428571428571427,0.7142857142857143,0.0004
