epoch,train_loss,val_loss,train_acc_action,train_acc_status,val_acc_action,val_acc_status,learning_rate
1,1.7894651889801025,1.7525542974472046,0.3076923076923077,0.6346153846153846,0.35714285714285715,0.8571428571428571,0.0004
2,1.7398991584777832,1.7141319513320923,0.3269230769230769,0.8269230769230769,0.2857142857142857,0.6428571428571429,0.0004
3,1.7121524810791016,1.6566202640533447,0.34615384615384615,0.8653846153846154,0.2857142857142857,0.7857142857142857,0.0004
4,1.6668365597724915,1.678926706314087,0.36538461538461536,0.8269230769230769,0.35714285714285715,0.7142857142857143,0.0004
5,1.6269540786743164,1.6123613119125366,0.3076923076923077,0.8076923076923077,0.35714285714285715,0.8571428571428571,0.0004
6,1.5918064713478088,1.6246542930603027,0.38461538461538464,0.8076923076923077,0.35714285714285715,0.8571428571428571,0.0004
7,1.5082880854606628,1.6216683387756348,0.40384615384615385,0.8076923076923077,0.35714285714285715,0.7857142857142857,0.0004
8,1.5982580184936523,1.6760450601577759,0.36538461538461536,0.8269230769230769,0.5714285714285714,0.7857142857142857,0.0004
9,1.539297103881836,1.589897632598877,0.5384615384615384,0.7884615384615384,0.5,0.7857142857142857,0.0004
10,1.529281735420227,1.5335631370544434,0.4230769230769231,0.8269230769230769,0.6428571428571429,0.7857142857142857,0.0004
11,1.566297173500061,1.6722455024719238,0.5,0.8076923076923077,0.2857142857142857,0.7857142857142857,0.0004
12,1.5263245701789856,1.6145918369293213,0.4807692307692308,0.8269230769230769,0.6428571428571429,0.7857142857142857,0.0004
13,1.5503560900688171,1.5799241065979004,0.4230769230769231,0.7884615384615384,0.5,0.8571428571428571,0.0004
14,1.4937477111816406,1.5773545503616333,0.5,0.8269230769230769,0.5,0.8571428571428571,0.0004
15,1.5106121301651,1.579575538635254,0.5769230769230769,0.8269230769230769,0.5714285714285714,0.7142857142857143,0.0004
16,1.475752592086792,1.6371338367462158,0.5576923076923077,0.8269230769230769,0.42857142857142855,0.7142857142857143,0.0004
17,1.5014250874519348,1.576432466506958,0.46153846153846156,0.7884615384615384,0.42857142857142855,0.7857142857142857,0.0004
18,1.4380313754081726,1.5339443683624268,0.5,0.8269230769230769,0.5714285714285714,0.8571428571428571,0.0004
19,1.4332081079483032,1.4940062761306763,0.5384615384615384,0.8269230769230769,0.5714285714285714,0.8571428571428571,0.0004
20,1.4670614004135132,1.4908698797225952,0.4807692307692308,0.8269230769230769,0.5714285714285714,0.8571428571428571,0.0004
21,1.4992824792861938,1.404456615447998,0.4230769230769231,0.8269230769230769,0.5714285714285714,0.8571428571428571,0.0004
22,1.3561795353889465,1.4984781742095947,0.5576923076923077,0.8269230769230769,0.5,0.8571428571428571,0.0004
23,1.3656370639801025,1.565652847290039,0.5192307692307693,0.8269230769230769,0.35714285714285715,0.8571428571428571,0.0004
24,1.289721667766571,1.3416471481323242,0.6346153846153846,0.8269230769230769,0.5714285714285714,0.8571428571428571,0.0004
25,1.3646597862243652,1.5223500728607178,0.5769230769230769,0.8269230769230769,0.5,0.8571428571428571,0.0004
26,1.3189929127693176,1.4710139036178589,0.5384615384615384,0.8269230769230769,0.5714285714285714,0.8571428571428571,0.0004
27,1.340621292591095,1.3435758352279663,0.5192307692307693,0.8269230769230769,0.5714285714285714,0.8571428571428571,0.0004
28,1.3086150884628296,1.3953720331192017,0.5384615384615384,0.8269230769230769,0.5714285714285714,0.8571428571428571,0.0004
29,1.3262460231781006,1.5739696025848389,0.5769230769230769,0.8269230769230769,0.5714285714285714,0.8571428571428571,0.0004
30,1.2888489365577698,1.2137510776519775,0.6153846153846154,0.8269230769230769,0.6428571428571429,0.8571428571428571,0.0004
31,1.3101595640182495,1.3097658157348633,0.6923076923076923,0.8269230769230769,0.5714285714285714,0.8571428571428571,0.0004
32,1.339345932006836,1.1897329092025757,0.5961538461538461,0.8269230769230769,0.5714285714285714,0.8571428571428571,0.0004
33,1.2121033072471619,1.433302402496338,0.5384615384615384,0.8269230769230769,0.42857142857142855,0.8571428571428571,0.0004
34,1.28164941072464,1.513045072555542,0.5576923076923077,0.8269230769230769,0.42857142857142855,0.8571428571428571,0.0004
35,1.2362034320831299,1.2629724740982056,0.5576923076923077,0.8269230769230769,0.6428571428571429,0.8571428571428571,0.0004
36,1.2920374274253845,1.245288372039795,0.5961538461538461,0.8269230769230769,0.5714285714285714,0.8571428571428571,0.0004
37,1.1793094277381897,1.3371543884277344,0.6346153846153846,0.8269230769230769,0.5714285714285714,0.8571428571428571,0.0004
38,1.2519471049308777,1.4192448854446411,0.6153846153846154,0.8269230769230769,0.6428571428571429,0.8571428571428571,0.0004
39,1.201677680015564,1.4924578666687012,0.6153846153846154,0.8269230769230769,0.7142857142857143,0.8571428571428571,0.0004
40,1.286065936088562,1.5655399560928345,0.6538461538461539,0.8269230769230769,0.5,0.8571428571428571,0.0004
41,1.3678295612335205,1.0993692874908447,0.6538461538461539,0.8269230769230769,0.7142857142857143,0.8571428571428571,0.0004
42,1.069782793521881,1.3001447916030884,0.7115384615384616,0.8269230769230769,0.6428571428571429,0.8571428571428571,0.0004
43,1.21251380443573,1.4475301504135132,0.6346153846153846,0.8269230769230769,0.5714285714285714,0.8571428571428571,0.0004
44,1.2332801818847656,1.5465291738510132,0.6153846153846154,0.8269230769230769,0.5,0.8571428571428571,0.0004
45,1.4696428775787354,1.4079914093017578,0.4423076923076923,0.8269230769230769,0.6428571428571429,0.8571428571428571,0.0004
46,1.1676175594329834,1.2882769107818604,0.6923076923076923,0.8269230769230769,0.5714285714285714,0.8571428571428571,0.0004
47,1.2166512608528137,1.4038848876953125,0.6538461538461539,0.8269230769230769,0.6428571428571429,0.8571428571428571,0.0004
48,1.1774677634239197,1.6024444103240967,0.6538461538461539,0.8269230769230769,0.2857142857142857,0.8571428571428571,0.0004
49,1.1693483591079712,1.2815804481506348,0.6730769230769231,0.8269230769230769,0.6428571428571429,0.8571428571428571,0.0004
50,1.1618189811706543,1.4968243837356567,0.6923076923076923,0.8269230769230769,0.5,0.8571428571428571,0.0004
51,1.1982882022857666,1.3443692922592163,0.6346153846153846,0.8269230769230769,0.5714285714285714,0.8571428571428571,0.0004
52,1.0406288504600525,1.1426725387573242,0.75,0.8269230769230769,0.6428571428571429,0.8571428571428571,0.0004
53,1.1988811492919922,1.2465453147888184,0.7115384615384616,0.8269230769230769,0.5714285714285714,0.8571428571428571,0.0004
54,1.1433727145195007,1.4110132455825806,0.6346153846153846,0.8269230769230769,0.5,0.8571428571428571,0.0004
55,1.2812362313270569,1.013717532157898,0.5961538461538461,0.8269230769230769,0.7857142857142857,0.8571428571428571,0.0004
56,1.4300154447555542,1.3354768753051758,0.5576923076923077,0.8461538461538461,0.5714285714285714,0.8571428571428571,0.0004
57,0.9755786657333374,1.398471474647522,0.6923076923076923,0.8846153846153846,0.6428571428571429,0.8571428571428571,0.0004
58,1.2375602722167969,1.5462899208068848,0.6153846153846154,0.8269230769230769,0.5714285714285714,0.7857142857142857,0.0004
59,1.177190899848938,1.772888422012329,0.6538461538461539,0.8846153846153846,0.42857142857142855,0.7142857142857143,0.0004
60,1.090352177619934,1.5087482929229736,0.6923076923076923,0.8653846153846154,0.5,0.8571428571428571,0.0004
61,1.2282647490501404,1.2404614686965942,0.6153846153846154,0.8461538461538461,0.5714285714285714,0.7857142857142857,0.0004
62,1.0181568264961243,1.1401007175445557,0.7307692307692307,0.8653846153846154,0.6428571428571429,0.8571428571428571,0.0004
63,1.1258723735809326,1.2231879234313965,0.6923076923076923,0.8653846153846154,0.5714285714285714,0.8571428571428571,0.0004
64,1.2628952264785767,0.889437198638916,0.6730769230769231,0.8269230769230769,0.8571428571428571,0.7857142857142857,0.0004
65,1.263921082019806,1.2336668968200684,0.6346153846153846,0.8269230769230769,0.5,0.7857142857142857,0.0004
66,1.1741118431091309,1.220992088317871,0.6538461538461539,0.8269230769230769,0.6428571428571429,0.7857142857142857,0.0004
67,1.091787040233612,1.227026104927063,0.6730769230769231,0.8653846153846154,0.5714285714285714,0.7857142857142857,0.0004
68,1.2989681959152222,1.0941756963729858,0.5769230769230769,0.8461538461538461,0.6428571428571429,0.8571428571428571,0.0004
69,1.1223034262657166,1.5760430097579956,0.6730769230769231,0.8461538461538461,0.5714285714285714,0.6428571428571429,0.0004
70,1.2830844521522522,1.003674864768982,0.6153846153846154,0.8269230769230769,0.7857142857142857,0.7857142857142857,0.0004
71,1.1880934834480286,1.1200153827667236,0.6730769230769231,0.7884615384615384,0.5714285714285714,0.8571428571428571,0.0004
72,1.187662124633789,1.1924481391906738,0.6538461538461539,0.8461538461538461,0.6428571428571429,0.7857142857142857,0.0004
73,1.2230041027069092,1.5538301467895508,0.6730769230769231,0.8076923076923077,0.5,0.7857142857142857,0.0004
74,1.1707352995872498,1.3807578086853027,0.6153846153846154,0.8653846153846154,0.6428571428571429,0.6428571428571429,0.0004
75,1.2717937231063843,1.052037239074707,0.6346153846153846,0.8269230769230769,0.7142857142857143,0.7857142857142857,0.0004
76,1.0868788957595825,1.452505111694336,0.6923076923076923,0.8846153846153846,0.5,0.8571428571428571,0.0004
77,1.0319764018058777,1.4840002059936523,0.7307692307692307,0.8269230769230769,0.5,0.8571428571428571,0.0004
78,1.2190676033496857,1.1921579837799072,0.6923076923076923,0.8076923076923077,0.7142857142857143,0.7857142857142857,0.0004
79,1.3633357882499695,1.407102346420288,0.5961538461538461,0.8076923076923077,0.5,0.7857142857142857,0.0004
80,1.0036125183105469,1.2203381061553955,0.7115384615384616,0.8461538461538461,0.5714285714285714,0.7857142857142857,0.0004
81,1.177614986896515,1.4408711194992065,0.6153846153846154,0.8076923076923077,0.5,0.7857142857142857,0.0004
82,1.2968072891235352,1.2677650451660156,0.5576923076923077,0.8653846153846154,0.6428571428571429,0.6428571428571429,0.0004
83,1.2395529747009277,0.9507527947425842,0.6538461538461539,0.8653846153846154,0.7857142857142857,0.7142857142857143,0.0004
84,1.1683812737464905,1.4239028692245483,0.6346153846153846,0.8461538461538461,0.5,0.7142857142857143,0.0004
85,1.1508831679821014,0.9667406678199768,0.6153846153846154,0.8461538461538461,0.7857142857142857,0.7142857142857143,0.0004
86,1.0485861897468567,0.8831861019134521,0.6730769230769231,0.8846153846153846,0.9285714285714286,0.7857142857142857,0.0004
87,1.086059033870697,1.1321622133255005,0.7115384615384616,0.8461538461538461,0.7142857142857143,0.7857142857142857,0.0004
88,1.011498212814331,1.2036653757095337,0.75,0.8653846153846154,0.6428571428571429,0.7857142857142857,0.0004
89,1.1843960881233215,1.298539161682129,0.5961538461538461,0.8461538461538461,0.5714285714285714,0.7142857142857143,0.0004
90,1.0987716913223267,0.8885305523872375,0.6730769230769231,0.8846153846153846,0.7857142857142857,0.7857142857142857,0.0004
91,0.8917813301086426,1.1691861152648926,0.75,0.8846153846153846,0.6428571428571429,0.7857142857142857,0.0004
92,1.266828179359436,1.3626201152801514,0.6153846153846154,0.8269230769230769,0.5714285714285714,0.8571428571428571,0.0004
93,1.0511721968650818,1.463722825050354,0.7307692307692307,0.8269230769230769,0.5714285714285714,0.8571428571428571,0.0004
94,1.1632928252220154,0.8890153169631958,0.6923076923076923,0.8076923076923077,0.7857142857142857,0.7857142857142857,0.0004
95,1.1508970856666565,1.3744686841964722,0.6730769230769231,0.8269230769230769,0.7142857142857143,0.7142857142857143,0.0004
96,1.2227538228034973,0.967605471611023,0.6153846153846154,0.8461538461538461,0.7142857142857143,0.7857142857142857,0.0004
97,1.0107934176921844,1.552385687828064,0.7115384615384616,0.8846153846153846,0.42857142857142855,0.7142857142857143,0.0004
98,1.0332002639770508,1.6070771217346191,0.7692307692307693,0.8653846153846154,0.42857142857142855,0.7142857142857143,0.0004
99,1.0234265327453613,0.734600841999054,0.6730769230769231,0.8653846153846154,0.8571428571428571,0.7857142857142857,0.0004
100,1.019679218530655,1.5287904739379883,0.6153846153846154,0.8461538461538461,0.5714285714285714,0.7142857142857143,0.0004
101,1.0273862481117249,1.3216899633407593,0.6923076923076923,0.8846153846153846,0.6428571428571429,0.5714285714285714,0.0004
102,0.9496685266494751,1.3184149265289307,0.6730769230769231,0.9038461538461539,0.6428571428571429,0.7142857142857143,0.0004
103,0.9736882150173187,1.7439167499542236,0.6923076923076923,0.8846153846153846,0.5,0.7142857142857143,0.0004
104,0.9762139320373535,2.0651657581329346,0.7115384615384616,0.8846153846153846,0.42857142857142855,0.5714285714285714,0.0004
105,1.1353079676628113,1.366175651550293,0.6346153846153846,0.9230769230769231,0.6428571428571429,0.7857142857142857,0.0004
106,1.1205857992172241,1.7737276554107666,0.6346153846153846,0.8846153846153846,0.5,0.5714285714285714,0.0004
107,1.087315320968628,1.2205283641815186,0.6538461538461539,0.8846153846153846,0.7142857142857143,0.7142857142857143,0.0004
108,1.0904043018817902,1.209741234779358,0.7692307692307693,0.8846153846153846,0.5714285714285714,0.7857142857142857,0.0004
109,1.1328296661376953,1.2658401727676392,0.6538461538461539,0.8269230769230769,0.7857142857142857,0.7142857142857143,0.0004
110,1.157472550868988,1.3768900632858276,0.6538461538461539,0.8461538461538461,0.5714285714285714,0.7142857142857143,0.0004
111,1.0585501790046692,1.7096431255340576,0.6346153846153846,0.8846153846153846,0.6428571428571429,0.6428571428571429,0.0004
112,1.0684409141540527,1.4718581438064575,0.6923076923076923,0.8846153846153846,0.5714285714285714,0.7857142857142857,0.0004
113,1.084449589252472,1.2269678115844727,0.7307692307692307,0.8846153846153846,0.6428571428571429,0.8571428571428571,0.0004
114,1.1548764109611511,1.228201985359192,0.6538461538461539,0.9038461538461539,0.5714285714285714,0.7857142857142857,0.0004
115,1.383662462234497,1.2140918970108032,0.6153846153846154,0.8269230769230769,0.5714285714285714,0.7857142857142857,0.0004
116,1.0410770773887634,1.5564804077148438,0.7307692307692307,0.8269230769230769,0.5,0.8571428571428571,0.0004
117,0.9440159797668457,1.711974859237671,0.6730769230769231,0.9230769230769231,0.5714285714285714,0.6428571428571429,0.0004
118,1.0360549986362457,1.543765664100647,0.6730769230769231,0.8846153846153846,0.6428571428571429,0.7142857142857143,0.0004
119,1.1279799938201904,0.9510514736175537,0.7115384615384616,0.9038461538461539,0.6428571428571429,0.9285714285714286,0.0004
120,0.9494675397872925,1.5360829830169678,0.7692307692307693,0.8653846153846154,0.2857142857142857,0.8571428571428571,0.0004
121,1.2180802822113037,1.3769307136535645,0.6153846153846154,0.8461538461538461,0.5714285714285714,0.7857142857142857,0.0004
122,0.9965898990631104,1.686024785041809,0.6346153846153846,0.9038461538461539,0.5714285714285714,0.6428571428571429,0.0004
123,1.1926199197769165,1.5103812217712402,0.5769230769230769,0.8846153846153846,0.42857142857142855,0.8571428571428571,0.0004
124,1.2426972389221191,1.7194206714630127,0.5961538461538461,0.8653846153846154,0.42857142857142855,0.7142857142857143,0.0004
125,1.4992012977600098,1.3710764646530151,0.4807692307692308,0.8653846153846154,0.6428571428571429,0.7142857142857143,0.0004
126,1.077431857585907,1.4657509326934814,0.6730769230769231,0.8846153846153846,0.5714285714285714,0.7142857142857143,0.0004
127,1.232578456401825,1.1740158796310425,0.5961538461538461,0.8653846153846154,0.7142857142857143,0.7857142857142857,0.0004
128,1.1090312600135803,1.5182604789733887,0.7115384615384616,0.8461538461538461,0.6428571428571429,0.6428571428571429,0.0004
129,1.0514286160469055,1.2832798957824707,0.6730769230769231,0.8269230769230769,0.5714285714285714,0.8571428571428571,0.0004
130,1.123437762260437,1.2624709606170654,0.6730769230769231,0.8269230769230769,0.7142857142857143,0.7142857142857143,0.0004
131,1.126006841659546,1.4968798160552979,0.5961538461538461,0.8461538461538461,0.6428571428571429,0.7142857142857143,0.0004
132,1.074604094028473,1.4046909809112549,0.6923076923076923,0.8269230769230769,0.6428571428571429,0.7857142857142857,0.0004
133,1.0602987408638,1.367539405822754,0.7307692307692307,0.8269230769230769,0.5714285714285714,0.8571428571428571,0.0004
134,0.9184779226779938,1.2732927799224854,0.6923076923076923,0.9423076923076923,0.5,0.7857142857142857,0.0004
135,1.0998015999794006,1.305238127708435,0.5384615384615384,0.9615384615384616,0.5714285714285714,0.7142857142857143,0.0004
136,1.2000517845153809,1.3566584587097168,0.5576923076923077,0.8461538461538461,0.5714285714285714,0.7857142857142857,0.0004
137,1.3659565448760986,1.9615025520324707,0.5384615384615384,0.8461538461538461,0.5,0.6428571428571429,0.0004
138,1.2643536925315857,1.23504638671875,0.5961538461538461,0.8461538461538461,0.6428571428571429,0.7857142857142857,0.0004
139,0.8135345280170441,1.675706148147583,0.8461538461538461,0.9423076923076923,0.42857142857142855,0.6428571428571429,0.0004
140,1.284728854894638,1.1139297485351562,0.6346153846153846,0.8076923076923077,0.7142857142857143,0.7857142857142857,0.0004
141,1.2489080429077148,1.356839656829834,0.6346153846153846,0.7884615384615384,0.7142857142857143,0.7142857142857143,0.0004
142,0.9731812179088593,1.448153018951416,0.6923076923076923,0.9230769230769231,0.5714285714285714,0.7142857142857143,0.0004
143,1.2035105228424072,1.383967399597168,0.6730769230769231,0.8076923076923077,0.5,0.7142857142857143,0.0004
144,1.1547311544418335,1.5693564414978027,0.6346153846153846,0.9230769230769231,0.5714285714285714,0.6428571428571429,0.0004
145,1.1516501903533936,0.9446368217468262,0.7115384615384616,0.8269230769230769,0.7857142857142857,0.8571428571428571,0.0004
146,1.0395536124706268,1.6670582294464111,0.6923076923076923,0.8846153846153846,0.42857142857142855,0.6428571428571429,0.0004
147,0.9569866359233856,1.2613253593444824,0.7307692307692307,0.9038461538461539,0.5714285714285714,0.8571428571428571,0.0004
148,1.154739260673523,1.3144508600234985,0.6923076923076923,0.8461538461538461,0.7142857142857143,0.7142857142857143,0.0004
149,0.9747188985347748,1.3111650943756104,0.7115384615384616,0.9230769230769231,0.5714285714285714,0.7857142857142857,0.0004
150,1.017458438873291,1.4855009317398071,0.6730769230769231,0.9230769230769231,0.5714285714285714,0.7142857142857143,0.0004
151,0.9847765564918518,1.0810890197753906,0.6730769230769231,0.9038461538461539,0.7142857142857143,0.7857142857142857,0.0004
152,0.9024464190006256,0.9672355651855469,0.7307692307692307,0.9423076923076923,0.7142857142857143,0.8571428571428571,0.0004
153,1.1264983117580414,1.3663361072540283,0.6923076923076923,0.8076923076923077,0.5,0.7857142857142857,0.0004
154,1.175238847732544,1.2423615455627441,0.6346153846153846,0.8653846153846154,0.6428571428571429,0.7857142857142857,0.0004
155,1.1680824756622314,1.3433911800384521,0.6538461538461539,0.8269230769230769,0.42857142857142855,0.9285714285714286,0.0004
156,0.933644711971283,1.3003934621810913,0.6923076923076923,0.9038461538461539,0.5714285714285714,0.7857142857142857,0.0004
157,1.1962974071502686,1.179796814918518,0.6346153846153846,0.8653846153846154,0.7142857142857143,0.7142857142857143,0.0004
158,0.9196051955223083,1.1514451503753662,0.75,0.9038461538461539,0.6428571428571429,0.7857142857142857,0.0004
159,1.1473376154899597,1.5835554599761963,0.6538461538461539,0.8846153846153846,0.5,0.6428571428571429,0.0004
160,1.0357759892940521,1.1053292751312256,0.6923076923076923,0.8269230769230769,0.7857142857142857,0.8571428571428571,0.0004
161,1.0118454098701477,1.3017231225967407,0.75,0.8653846153846154,0.5714285714285714,0.8571428571428571,0.0004
162,1.2027153372764587,0.8879456520080566,0.6153846153846154,0.8461538461538461,0.7857142857142857,0.8571428571428571,0.0004
163,0.9935275614261627,1.3847055435180664,0.7115384615384616,0.9423076923076923,0.6428571428571429,0.6428571428571429,0.0004
164,0.9100083112716675,1.3990974426269531,0.7115384615384616,0.9038461538461539,0.6428571428571429,0.6428571428571429,0.0004
165,1.153316855430603,1.157887578010559,0.6346153846153846,0.8461538461538461,0.5714285714285714,0.8571428571428571,0.0004
166,1.0663224756717682,1.669776439666748,0.6923076923076923,0.8846153846153846,0.2857142857142857,0.7857142857142857,0.0004
167,1.1312271356582642,0.9873724579811096,0.6538461538461539,0.8076923076923077,0.7142857142857143,0.8571428571428571,0.0004
168,1.1903886497020721,1.1322441101074219,0.6153846153846154,0.8846153846153846,0.6428571428571429,0.8571428571428571,0.0004
169,1.0647569298744202,1.34256112575531,0.75,0.8653846153846154,0.5714285714285714,0.7142857142857143,0.0004
170,1.1597422361373901,1.1546893119812012,0.6538461538461539,0.8269230769230769,0.7857142857142857,0.7857142857142857,0.0004
171,1.3866392970085144,1.5351290702819824,0.5576923076923077,0.7692307692307693,0.5714285714285714,0.7142857142857143,0.0004
172,1.1013789772987366,1.0184390544891357,0.7115384615384616,0.8461538461538461,0.6428571428571429,0.8571428571428571,0.0004
173,1.1044333279132843,1.0862998962402344,0.6346153846153846,0.8653846153846154,0.5714285714285714,0.7857142857142857,0.0004
174,0.9592194557189941,1.1491893529891968,0.75,0.9038461538461539,0.5714285714285714,0.8571428571428571,0.0004
175,1.1651960015296936,0.9416382312774658,0.6730769230769231,0.8269230769230769,0.8571428571428571,0.7857142857142857,0.0004
176,1.0748838782310486,1.274677038192749,0.6730769230769231,0.8846153846153846,0.6428571428571429,0.7142857142857143,0.0004
177,0.8867998421192169,1.170174479484558,0.7692307692307693,0.9423076923076923,0.6428571428571429,0.8571428571428571,0.0004
178,1.1139325201511383,1.1091508865356445,0.6346153846153846,0.8461538461538461,0.5714285714285714,0.9285714285714286,0.0004
179,0.8676174879074097,1.0933078527450562,0.7115384615384616,0.9423076923076923,0.7857142857142857,0.7142857142857143,0.0004
180,1.114656388759613,1.3485264778137207,0.6153846153846154,0.8846153846153846,0.6428571428571429,0.7857142857142857,0.0004
181,1.207132339477539,0.8736549615859985,0.6346153846153846,0.8846153846153846,0.7142857142857143,0.9285714285714286,0.0004
182,0.841162383556366,0.9802541732788086,0.7307692307692307,0.9038461538461539,0.6428571428571429,0.8571428571428571,0.0004
183,0.9301712512969971,1.4780778884887695,0.75,0.8846153846153846,0.5714285714285714,0.7857142857142857,0.0004
184,1.0527222752571106,1.2827097177505493,0.7307692307692307,0.8653846153846154,0.7142857142857143,0.7857142857142857,0.0004
185,0.9135931730270386,1.283575177192688,0.75,0.9038461538461539,0.5714285714285714,0.7142857142857143,0.0004
186,1.115964949131012,1.1610430479049683,0.7307692307692307,0.8461538461538461,0.5714285714285714,0.7857142857142857,0.0004
187,0.9139060378074646,1.2365679740905762,0.7307692307692307,0.8846153846153846,0.6428571428571429,0.7142857142857143,0.0004
188,1.0740535259246826,1.7119245529174805,0.7115384615384616,0.8653846153846154,0.35714285714285715,0.7142857142857143,0.0004
189,1.2029337286949158,0.9234407544136047,0.5384615384615384,0.8653846153846154,0.6428571428571429,0.9285714285714286,0.0004
190,1.1593851447105408,1.0506178140640259,0.6538461538461539,0.8269230769230769,0.6428571428571429,0.8571428571428571,0.0004
191,1.0696612000465393,1.5001661777496338,0.6923076923076923,0.8653846153846154,0.5714285714285714,0.7142857142857143,0.0004
192,1.2845886945724487,1.2701762914657593,0.5769230769230769,0.8846153846153846,0.7142857142857143,0.7857142857142857,0.0004
193,1.1836684942245483,1.0799330472946167,0.6730769230769231,0.8076923076923077,0.7142857142857143,0.8571428571428571,0.0004
194,1.1125932335853577,1.2046449184417725,0.6730769230769231,0.8461538461538461,0.5,0.9285714285714286,0.0004
195,0.9858722686767578,1.297041893005371,0.7884615384615384,0.8653846153846154,0.5,0.7857142857142857,0.0004
196,0.9784636497497559,1.642655372619629,0.75,0.9038461538461539,0.5,0.7142857142857143,0.0004
197,1.100468933582306,1.5600591897964478,0.6923076923076923,0.8846153846153846,0.5714285714285714,0.7142857142857143,0.0004
198,1.3814866542816162,1.0022786855697632,0.5192307692307693,0.8269230769230769,0.6428571428571429,0.8571428571428571,0.0004
199,0.8469037413597107,1.3169586658477783,0.75,0.9038461538461539,0.5714285714285714,0.7857142857142857,0.0004
200,0.9520798325538635,1.250201940536499,0.6730769230769231,0.9038461538461539,0.5714285714285714,0.8571428571428571,0.0004
201,0.6984436810016632,1.1849069595336914,0.8076923076923077,0.9230769230769231,0.6428571428571429,0.7857142857142857,0.0004
202,1.0351542830467224,1.2151646614074707,0.7307692307692307,0.8076923076923077,0.7857142857142857,0.6428571428571429,0.0004
203,1.0713038742542267,1.5272529125213623,0.6346153846153846,0.9038461538461539,0.5714285714285714,0.7142857142857143,0.0004
204,0.9834278523921967,1.11922287940979,0.7115384615384616,0.8653846153846154,0.5,0.9285714285714286,0.0004
205,1.096321940422058,1.2506974935531616,0.6538461538461539,0.8461538461538461,0.5714285714285714,0.7857142857142857,0.0004
206,1.0785868763923645,1.4879264831542969,0.6346153846153846,0.8269230769230769,0.5714285714285714,0.7142857142857143,0.0004
207,0.931578665971756,1.5430481433868408,0.7307692307692307,0.8653846153846154,0.42857142857142855,0.7857142857142857,0.0004
208,0.9109545946121216,1.644737720489502,0.75,0.8653846153846154,0.5714285714285714,0.6428571428571429,0.0004
209,1.1497119069099426,0.9770640730857849,0.5961538461538461,0.8653846153846154,0.6428571428571429,0.9285714285714286,0.0004
210,1.0208640098571777,1.3025344610214233,0.6346153846153846,0.8269230769230769,0.6428571428571429,0.7857142857142857,0.0004
211,1.0686676502227783,1.1035853624343872,0.6538461538461539,0.8653846153846154,0.7142857142857143,0.8571428571428571,0.0004
212,1.1524218916893005,0.9246503114700317,0.6923076923076923,0.8076923076923077,0.8571428571428571,0.7142857142857143,0.0004
213,0.8769396543502808,1.4949396848678589,0.7692307692307693,0.9615384615384616,0.42857142857142855,0.8571428571428571,0.0004
214,0.9342771172523499,1.591866374015808,0.6538461538461539,0.9038461538461539,0.5714285714285714,0.5714285714285714,0.0004
215,1.160483181476593,1.1294807195663452,0.6538461538461539,0.8653846153846154,0.6428571428571429,0.9285714285714286,0.0004
216,0.9193979203701019,1.1916478872299194,0.7692307692307693,0.8846153846153846,0.6428571428571429,0.7857142857142857,0.0004
217,1.1769182085990906,1.5131943225860596,0.6346153846153846,0.8461538461538461,0.42857142857142855,0.7857142857142857,0.0004
218,1.0147882401943207,0.8152192831039429,0.7115384615384616,0.8653846153846154,0.8571428571428571,0.7857142857142857,0.0004
219,1.1549569368362427,1.0277817249298096,0.6153846153846154,0.8653846153846154,0.7142857142857143,0.7857142857142857,0.0004
220,0.9422644078731537,1.4430675506591797,0.7115384615384616,0.9038461538461539,0.5714285714285714,0.7857142857142857,0.0004
221,0.7538087666034698,1.1908330917358398,0.7884615384615384,0.9230769230769231,0.6428571428571429,0.7857142857142857,0.0004
222,1.2402515709400177,0.8583642244338989,0.5769230769230769,0.8846153846153846,0.7142857142857143,0.9285714285714286,0.0004
223,1.2361562848091125,1.2720290422439575,0.6153846153846154,0.8653846153846154,0.5714285714285714,0.7857142857142857,0.0004
224,0.985341876745224,1.5506117343902588,0.7115384615384616,0.8653846153846154,0.5,0.7857142857142857,0.0004
225,1.085016667842865,1.4643042087554932,0.75,0.8076923076923077,0.5714285714285714,0.6428571428571429,0.0004
226,0.9961149990558624,1.9187726974487305,0.6538461538461539,0.9230769230769231,0.42857142857142855,0.6428571428571429,0.0004
227,1.0685769021511078,0.8480194807052612,0.6730769230769231,0.8461538461538461,0.8571428571428571,0.7857142857142857,0.0004
228,1.121677577495575,1.8695530891418457,0.6153846153846154,0.9230769230769231,0.5,0.5714285714285714,0.0004
229,0.958793044090271,1.428714632987976,0.7307692307692307,0.8846153846153846,0.5,0.7857142857142857,0.0004
230,1.1659604907035828,1.2712323665618896,0.6923076923076923,0.7692307692307693,0.5,0.7857142857142857,0.0004
231,1.3328341245651245,1.5511189699172974,0.5576923076923077,0.8076923076923077,0.5,0.7142857142857143,0.0004
232,0.9446200132369995,1.458247184753418,0.6923076923076923,0.8846153846153846,0.42857142857142855,0.8571428571428571,0.0004
233,1.1627058386802673,1.236454725265503,0.6346153846153846,0.8846153846153846,0.5714285714285714,0.8571428571428571,0.0004
234,1.1988646388053894,1.5055253505706787,0.6538461538461539,0.8461538461538461,0.42857142857142855,0.7857142857142857,0.0004
235,1.0573099255561829,0.9444586038589478,0.6346153846153846,0.9038461538461539,0.6428571428571429,0.8571428571428571,0.0004
236,1.0673476457595825,1.291951298713684,0.6730769230769231,0.8269230769230769,0.5714285714285714,0.7857142857142857,0.0004
237,0.8521223962306976,1.3119988441467285,0.75,0.9230769230769231,0.5714285714285714,0.7857142857142857,0.0004
238,0.9657840430736542,1.111747145652771,0.7307692307692307,0.8461538461538461,0.7142857142857143,0.8571428571428571,0.0004
239,1.2435427904129028,1.1981251239776611,0.6538461538461539,0.8653846153846154,0.5,0.9285714285714286,0.0004
240,1.1648650169372559,1.0020698308944702,0.7115384615384616,0.75,0.6428571428571429,0.7857142857142857,0.0004
241,1.209141194820404,1.2674381732940674,0.6730769230769231,0.8461538461538461,0.5,0.7857142857142857,0.0004
242,1.121229648590088,1.1320167779922485,0.7307692307692307,0.8076923076923077,0.6428571428571429,0.7142857142857143,0.0004
243,1.0702871680259705,1.4372806549072266,0.7115384615384616,0.8461538461538461,0.6428571428571429,0.7142857142857143,0.0004
244,1.0995997190475464,1.1039800643920898,0.6730769230769231,0.8653846153846154,0.7142857142857143,0.7857142857142857,0.0004
245,0.9719967544078827,1.1622496843338013,0.6346153846153846,0.9038461538461539,0.5714285714285714,0.8571428571428571,0.0004
246,1.0012376308441162,1.1852729320526123,0.75,0.9038461538461539,0.5,0.9285714285714286,0.0004
247,1.0577781200408936,1.0004959106445312,0.6923076923076923,0.8461538461538461,0.7142857142857143,0.7857142857142857,0.0004
248,0.9143384099006653,1.7560768127441406,0.7307692307692307,0.8846153846153846,0.6428571428571429,0.5714285714285714,0.0004
249,0.9688450992107391,1.2278032302856445,0.6730769230769231,0.8269230769230769,0.7142857142857143,0.7142857142857143,0.0004
250,0.9938713908195496,1.3255997896194458,0.7692307692307693,0.8076923076923077,0.5,0.8571428571428571,0.0004
251,1.014655590057373,1.8140161037445068,0.7307692307692307,0.8269230769230769,0.5,0.7857142857142857,0.0004
252,1.106169581413269,0.9022843837738037,0.6923076923076923,0.8461538461538461,0.7142857142857143,0.8571428571428571,0.0004
253,1.0776249766349792,1.1719884872436523,0.6346153846153846,0.8461538461538461,0.7142857142857143,0.7857142857142857,0.0004
254,0.9855155944824219,1.072756052017212,0.75,0.8653846153846154,0.6428571428571429,0.7857142857142857,0.0004
255,1.0741134881973267,1.4528943300247192,0.6730769230769231,0.8846153846153846,0.5714285714285714,0.7142857142857143,0.0004
256,1.2783483266830444,1.296308994293213,0.5961538461538461,0.8846153846153846,0.5714285714285714,0.7857142857142857,0.0004
257,0.9818479418754578,1.8945600986480713,0.6538461538461539,0.9038461538461539,0.5,0.5714285714285714,0.0004
258,1.0369163155555725,1.3301353454589844,0.6923076923076923,0.8461538461538461,0.6428571428571429,0.6428571428571429,0.0004
259,0.8862955570220947,1.4029347896575928,0.7307692307692307,0.9230769230769231,0.6428571428571429,0.7142857142857143,0.0004
260,0.9690020978450775,0.9714045524597168,0.75,0.8461538461538461,0.6428571428571429,0.8571428571428571,0.0004
261,1.1270378530025482,1.2241261005401611,0.7115384615384616,0.8653846153846154,0.5714285714285714,0.9285714285714286,0.0004
262,1.0328811705112457,1.2044634819030762,0.6538461538461539,0.8461538461538461,0.7857142857142857,0.7142857142857143,0.0004
263,1.0274677574634552,1.0969618558883667,0.6730769230769231,0.9230769230769231,0.7142857142857143,0.8571428571428571,0.0004
264,1.0905935168266296,1.3602380752563477,0.6346153846153846,0.8461538461538461,0.6428571428571429,0.7142857142857143,0.0004
265,0.7428625524044037,1.302950382232666,0.7884615384615384,0.9423076923076923,0.7142857142857143,0.6428571428571429,0.0004
266,1.0361135005950928,1.1846264600753784,0.6730769230769231,0.9230769230769231,0.7142857142857143,0.7857142857142857,0.0004
267,1.211771011352539,1.3838351964950562,0.7115384615384616,0.8461538461538461,0.7142857142857143,0.7142857142857143,0.0004
268,0.8922199308872223,1.3992215394973755,0.7307692307692307,0.8846153846153846,0.5714285714285714,0.7857142857142857,0.0004
269,1.0827854871749878,1.416664958000183,0.6923076923076923,0.8653846153846154,0.5,0.7142857142857143,0.0004
270,0.9983471035957336,1.341914176940918,0.6923076923076923,0.9230769230769231,0.5714285714285714,0.7857142857142857,0.0004
271,1.1503396034240723,0.7920680046081543,0.6730769230769231,0.8846153846153846,0.7142857142857143,1.0,0.0004
272,1.0422100126743317,1.3751901388168335,0.6730769230769231,0.8461538461538461,0.5714285714285714,0.7857142857142857,0.0004
273,0.9837469160556793,1.3424005508422852,0.7115384615384616,0.8846153846153846,0.6428571428571429,0.7857142857142857,0.0004
274,0.9380331039428711,1.3050525188446045,0.7307692307692307,0.8653846153846154,0.5714285714285714,0.8571428571428571,0.0004
275,1.1418966054916382,1.8219797611236572,0.7307692307692307,0.8269230769230769,0.5,0.7142857142857143,0.0004
276,1.241725206375122,1.4917407035827637,0.6153846153846154,0.8461538461538461,0.6428571428571429,0.6428571428571429,0.0004
277,1.1347061395645142,1.0440990924835205,0.6730769230769231,0.9038461538461539,0.7142857142857143,0.7857142857142857,0.0004
278,1.0772411227226257,1.8081798553466797,0.6153846153846154,0.8653846153846154,0.5,0.6428571428571429,0.0004
279,1.0706813633441925,1.3724877834320068,0.6153846153846154,0.8461538461538461,0.42857142857142855,0.7857142857142857,0.0004
280,0.9081812798976898,1.2964591979980469,0.75,0.8461538461538461,0.5714285714285714,0.7857142857142857,0.0004
281,1.0356659293174744,1.4292654991149902,0.6923076923076923,0.8461538461538461,0.5714285714285714,0.7142857142857143,0.0004
282,1.007908284664154,1.4500911235809326,0.6923076923076923,0.8461538461538461,0.42857142857142855,0.8571428571428571,0.0004
283,1.0119772255420685,1.0345871448516846,0.75,0.8461538461538461,0.5714285714285714,0.8571428571428571,0.0004
284,1.0321657061576843,1.0771243572235107,0.7307692307692307,0.8653846153846154,0.5714285714285714,0.8571428571428571,0.0004
285,1.1432629227638245,1.1753813028335571,0.6346153846153846,0.8461538461538461,0.5,0.9285714285714286,0.0004
286,1.2346231937408447,0.9036480188369751,0.6730769230769231,0.7884615384615384,0.7857142857142857,0.7857142857142857,0.0004
287,1.0309473276138306,1.39566969871521,0.7115384615384616,0.8461538461538461,0.5,0.7857142857142857,0.0004
288,1.0024134814739227,1.190360188484192,0.7115384615384616,0.8653846153846154,0.6428571428571429,0.8571428571428571,0.0004
289,0.8871788084506989,1.9565670490264893,0.75,0.9038461538461539,0.35714285714285715,0.5714285714285714,0.0004
290,0.9544881582260132,1.5761497020721436,0.6923076923076923,0.8653846153846154,0.5714285714285714,0.7142857142857143,0.0004
291,0.997359424829483,1.355711579322815,0.7115384615384616,0.9423076923076923,0.5714285714285714,0.7142857142857143,0.0004
292,1.013951301574707,1.0039029121398926,0.75,0.9038461538461539,0.7142857142857143,0.7857142857142857,0.0004
293,1.0423197746276855,0.9398875832557678,0.7307692307692307,0.9038461538461539,0.7142857142857143,0.8571428571428571,0.0004
294,1.2280577421188354,1.3794530630111694,0.6923076923076923,0.8076923076923077,0.5,0.8571428571428571,0.0004
295,0.8377435207366943,1.49021577835083,0.6730769230769231,0.9807692307692307,0.5714285714285714,0.7142857142857143,0.0004
296,0.8394589424133301,1.102626085281372,0.75,0.9230769230769231,0.6428571428571429,0.7857142857142857,0.0004
297,0.9792014360427856,1.9932372570037842,0.7115384615384616,0.8269230769230769,0.2857142857142857,0.7142857142857143,0.0004
298,0.8956156969070435,0.8992086052894592,0.6923076923076923,0.9038461538461539,0.7142857142857143,0.8571428571428571,0.0004
299,1.1234778761863708,1.4774385690689087,0.6346153846153846,0.9038461538461539,0.6428571428571429,0.7142857142857143,0.0004
300,1.0133581161499023,1.3124396800994873,0.6923076923076923,0.9038461538461539,0.7142857142857143,0.6428571428571429,0.0004
301,1.149105727672577,1.0442719459533691,0.5576923076923077,0.8461538461538461,0.7857142857142857,0.7142857142857143,0.0004
302,1.0604424476623535,1.4399622678756714,0.6346153846153846,0.8653846153846154,0.5714285714285714,0.7857142857142857,0.0004
303,0.8315045237541199,1.3406652212142944,0.7307692307692307,0.9423076923076923,0.6428571428571429,0.7857142857142857,0.0004
304,1.2611555457115173,0.7676067352294922,0.5576923076923077,0.8846153846153846,0.7857142857142857,0.9285714285714286,0.0004
305,0.9836323857307434,1.0581382513046265,0.6923076923076923,0.8653846153846154,0.7142857142857143,0.8571428571428571,0.0004
306,1.1988645493984222,1.241472840309143,0.6538461538461539,0.8076923076923077,0.42857142857142855,0.8571428571428571,0.0004
307,0.8913420140743256,1.0300045013427734,0.6538461538461539,0.9038461538461539,0.7857142857142857,0.8571428571428571,0.0004
308,1.1770094335079193,0.8247174024581909,0.6538461538461539,0.8653846153846154,0.7857142857142857,0.8571428571428571,0.0004
309,1.092482089996338,1.1115201711654663,0.7115384615384616,0.8269230769230769,0.7142857142857143,0.7857142857142857,0.0004
310,1.119093120098114,1.0906896591186523,0.6730769230769231,0.8653846153846154,0.5714285714285714,0.8571428571428571,0.0004
311,0.968194991350174,0.9212015867233276,0.6923076923076923,0.8846153846153846,0.5714285714285714,0.8571428571428571,0.0004
312,1.0809195041656494,1.0485626459121704,0.7115384615384616,0.9230769230769231,0.6428571428571429,0.8571428571428571,0.0004
313,1.1937632858753204,1.4237513542175293,0.5961538461538461,0.8461538461538461,0.5714285714285714,0.7142857142857143,0.0004
314,1.057467520236969,1.2502915859222412,0.7115384615384616,0.8461538461538461,0.6428571428571429,0.7857142857142857,0.0004
315,1.1291555166244507,1.088707447052002,0.7115384615384616,0.8076923076923077,0.7142857142857143,0.7857142857142857,0.0004
316,0.8534870445728302,1.328984022140503,0.7692307692307693,0.9038461538461539,0.5714285714285714,0.7142857142857143,0.0004
317,1.078400731086731,1.2051093578338623,0.6730769230769231,0.8846153846153846,0.7857142857142857,0.6428571428571429,0.0004
318,1.0951935052871704,1.0847699642181396,0.6730769230769231,0.8461538461538461,0.6428571428571429,0.8571428571428571,0.0004
319,1.1041373014450073,1.700609803199768,0.75,0.8269230769230769,0.5,0.7142857142857143,0.0004
320,1.0065621137619019,1.4539047479629517,0.7307692307692307,0.8269230769230769,0.6428571428571429,0.7857142857142857,0.0004
321,1.3257903456687927,1.6268205642700195,0.6538461538461539,0.7692307692307693,0.6428571428571429,0.6428571428571429,0.0004
322,1.1080184578895569,1.064921498298645,0.6346153846153846,0.8269230769230769,0.6428571428571429,0.8571428571428571,0.0004
323,0.9738498628139496,0.7143303155899048,0.7307692307692307,0.8653846153846154,0.7857142857142857,1.0,0.0004
324,1.2203624248504639,1.3155944347381592,0.6153846153846154,0.8653846153846154,0.5,0.8571428571428571,0.0004
325,1.0823154747486115,0.947343111038208,0.6538461538461539,0.8846153846153846,0.7142857142857143,0.7857142857142857,0.0004
326,1.0421110689640045,0.8671677112579346,0.6346153846153846,0.8846153846153846,0.8571428571428571,0.7857142857142857,0.0004
327,1.0262322425842285,1.3726692199707031,0.7115384615384616,0.8269230769230769,0.42857142857142855,0.7857142857142857,0.0004
328,1.1816918849945068,1.3287322521209717,0.6153846153846154,0.8461538461538461,0.6428571428571429,0.7142857142857143,0.0004
329,0.9613397121429443,1.2397701740264893,0.7692307692307693,0.9038461538461539,0.7142857142857143,0.6428571428571429,0.0004
330,1.07546728849411,1.3668681383132935,0.6346153846153846,0.9230769230769231,0.5,0.7142857142857143,0.0004
331,1.0037693977355957,1.3565583229064941,0.7307692307692307,0.9038461538461539,0.5714285714285714,0.7142857142857143,0.0004
332,1.0351155996322632,1.118459939956665,0.7115384615384616,0.8846153846153846,0.6428571428571429,0.7857142857142857,0.0004
333,1.1000166535377502,1.1304500102996826,0.6538461538461539,0.8653846153846154,0.5,0.9285714285714286,0.0004
334,0.9701763391494751,0.7717504501342773,0.7307692307692307,0.9038461538461539,0.7142857142857143,0.9285714285714286,0.0004
335,1.0015019476413727,1.24327552318573,0.6730769230769231,0.9230769230769231,0.5,0.7857142857142857,0.0004
336,1.2706276774406433,1.1321266889572144,0.6538461538461539,0.8076923076923077,0.5,0.9285714285714286,0.0004
337,1.100514531135559,1.3509149551391602,0.6923076923076923,0.8846153846153846,0.5,0.7857142857142857,0.0004
338,1.0925517082214355,1.1191446781158447,0.6346153846153846,0.8846153846153846,0.6428571428571429,0.8571428571428571,0.0004
339,1.253375917673111,1.144266963005066,0.6153846153846154,0.8846153846153846,0.6428571428571429,0.7142857142857143,0.0004
340,1.127306580543518,1.2001981735229492,0.6153846153846154,0.8076923076923077,0.5714285714285714,0.9285714285714286,0.0004
341,1.1370853781700134,1.5049875974655151,0.6923076923076923,0.8653846153846154,0.42857142857142855,0.7142857142857143,0.0004
342,1.010842651128769,1.0093952417373657,0.7115384615384616,0.9038461538461539,0.7142857142857143,0.7142857142857143,0.0004
343,1.0495989322662354,1.0836423635482788,0.75,0.8653846153846154,0.6428571428571429,0.8571428571428571,0.0004
344,1.1305011808872223,1.268526315689087,0.6923076923076923,0.8653846153846154,0.5714285714285714,0.7857142857142857,0.0004
345,0.9918326437473297,1.0427558422088623,0.6730769230769231,0.8846153846153846,0.5714285714285714,0.9285714285714286,0.0004
346,0.9644584655761719,1.8013113737106323,0.75,0.9038461538461539,0.5,0.5714285714285714,0.0004
347,1.3428006172180176,1.7596015930175781,0.5384615384615384,0.8076923076923077,0.2857142857142857,0.7142857142857143,0.0004
348,0.9442321956157684,1.2353280782699585,0.7692307692307693,0.8653846153846154,0.7857142857142857,0.6428571428571429,0.0004
349,1.080378770828247,1.0768355131149292,0.6346153846153846,0.8461538461538461,0.6428571428571429,0.8571428571428571,0.0004
350,1.2915167808532715,1.4809074401855469,0.6538461538461539,0.8269230769230769,0.6428571428571429,0.7142857142857143,0.0004
351,0.856636106967926,1.3627861738204956,0.6923076923076923,0.9038461538461539,0.7142857142857143,0.7142857142857143,0.0004
352,0.9372771978378296,1.318575143814087,0.7115384615384616,0.8846153846153846,0.5714285714285714,0.7857142857142857,0.0004
353,0.9583899974822998,1.3669888973236084,0.75,0.9038461538461539,0.6428571428571429,0.6428571428571429,0.0004
354,0.9182183742523193,1.401708722114563,0.75,0.8846153846153846,0.6428571428571429,0.7142857142857143,0.0004
355,0.9309085309505463,1.3741930723190308,0.6923076923076923,0.9038461538461539,0.5714285714285714,0.7857142857142857,0.0004
356,0.970778226852417,1.2713360786437988,0.7115384615384616,0.9230769230769231,0.6428571428571429,0.7857142857142857,0.0004
357,1.0756786465644836,1.3625333309173584,0.6346153846153846,0.8269230769230769,0.5,0.7857142857142857,0.0004
358,1.0850043892860413,1.3482025861740112,0.75,0.8461538461538461,0.6428571428571429,0.7142857142857143,0.0004
359,1.1490411162376404,1.2168842554092407,0.6730769230769231,0.8076923076923077,0.7142857142857143,0.7142857142857143,0.0004
360,0.9531888365745544,1.252032995223999,0.6923076923076923,0.8461538461538461,0.5,0.7857142857142857,0.0004
361,1.1279605627059937,1.6605424880981445,0.6538461538461539,0.8653846153846154,0.42857142857142855,0.7142857142857143,0.0004
362,1.075090229511261,0.9527540802955627,0.6923076923076923,0.8461538461538461,0.6428571428571429,0.8571428571428571,0.0004
363,1.2172117829322815,1.2507221698760986,0.6153846153846154,0.9230769230769231,0.5714285714285714,0.7857142857142857,0.0004
364,1.1922307014465332,1.502036452293396,0.6538461538461539,0.8653846153846154,0.5,0.6428571428571429,0.0004
365,1.206051766872406,1.1675121784210205,0.5769230769230769,0.9038461538461539,0.5714285714285714,0.8571428571428571,0.0004
366,0.9366675317287445,1.2677083015441895,0.6730769230769231,0.9423076923076923,0.6428571428571429,0.7142857142857143,0.0004
367,0.8983599543571472,1.0456607341766357,0.6538461538461539,0.9230769230769231,0.7142857142857143,0.7857142857142857,0.0004
368,0.8727844655513763,1.263026475906372,0.8269230769230769,0.8653846153846154,0.6428571428571429,0.6428571428571429,0.0004
369,0.9955197870731354,1.234814167022705,0.75,0.8269230769230769,0.5,0.8571428571428571,0.0004
370,1.0863575339317322,1.329564094543457,0.7115384615384616,0.8076923076923077,0.6428571428571429,0.7142857142857143,0.0004
371,1.020222932100296,1.0810856819152832,0.6730769230769231,0.8461538461538461,0.7142857142857143,0.7857142857142857,0.0004
372,0.9441056847572327,1.2611240148544312,0.6730769230769231,0.8846153846153846,0.5714285714285714,0.7857142857142857,0.0004
373,1.021155446767807,1.175062656402588,0.6730769230769231,0.9423076923076923,0.6428571428571429,0.7857142857142857,0.0004
374,0.880435585975647,0.9965208768844604,0.75,0.8846153846153846,0.7142857142857143,0.7857142857142857,0.0004
375,0.9827587306499481,1.5578546524047852,0.75,0.8653846153846154,0.5714285714285714,0.7142857142857143,0.0004
376,0.9493815302848816,1.7282359600067139,0.7307692307692307,0.8846153846153846,0.42857142857142855,0.7142857142857143,0.0004
377,0.9972687363624573,1.2415491342544556,0.6538461538461539,0.8846153846153846,0.6428571428571429,0.7142857142857143,0.0004
378,1.0436717569828033,1.4922295808792114,0.6346153846153846,0.8846153846153846,0.42857142857142855,0.8571428571428571,0.0004
379,0.8415078520774841,1.3831167221069336,0.7692307692307693,0.8846153846153846,0.6428571428571429,0.7142857142857143,0.0004
380,1.0045180320739746,1.3838530778884888,0.75,0.8653846153846154,0.5714285714285714,0.7857142857142857,0.0004
381,0.838833212852478,1.5034723281860352,0.7692307692307693,0.9615384615384616,0.5714285714285714,0.7142857142857143,0.0004
382,1.1578106880187988,1.5508935451507568,0.6538461538461539,0.8653846153846154,0.5714285714285714,0.7142857142857143,0.0004
383,0.8993578553199768,1.4218008518218994,0.7115384615384616,0.8846153846153846,0.6428571428571429,0.7857142857142857,0.0004
384,0.8377940356731415,1.199851155281067,0.75,0.9230769230769231,0.5714285714285714,0.7857142857142857,0.0004
385,1.0361248254776,1.380793809890747,0.7115384615384616,0.9038461538461539,0.5714285714285714,0.7142857142857143,0.0004
386,1.0355703234672546,2.01930570602417,0.7115384615384616,0.8461538461538461,0.2857142857142857,0.6428571428571429,0.0004
387,1.0729723572731018,0.9723361730575562,0.6538461538461539,0.9038461538461539,0.7142857142857143,0.7857142857142857,0.0004
388,1.121309518814087,1.242487907409668,0.6153846153846154,0.9038461538461539,0.5714285714285714,0.8571428571428571,0.0004
389,1.1592175960540771,1.3575193881988525,0.6538461538461539,0.7884615384615384,0.5,0.8571428571428571,0.0004
390,1.306559979915619,1.409538745880127,0.6153846153846154,0.7884615384615384,0.5,0.8571428571428571,0.0004
391,0.9711195230484009,1.138188123703003,0.6923076923076923,0.9230769230769231,0.6428571428571429,0.7142857142857143,0.0004
392,1.15392005443573,1.4472224712371826,0.6538461538461539,0.8461538461538461,0.5,0.7857142857142857,0.0004
393,1.1528672277927399,0.869789719581604,0.6730769230769231,0.8846153846153846,0.8571428571428571,0.8571428571428571,0.0004
394,1.1222164034843445,0.9592627882957458,0.6923076923076923,0.8461538461538461,0.6428571428571429,1.0,0.0004
395,1.2850239276885986,0.7087550163269043,0.5576923076923077,0.8653846153846154,0.7857142857142857,0.9285714285714286,0.0004
396,1.0123247802257538,1.0554616451263428,0.6923076923076923,0.8653846153846154,0.5714285714285714,0.9285714285714286,0.0004
397,0.9912210702896118,0.9798945188522339,0.6346153846153846,0.8846153846153846,0.6428571428571429,0.8571428571428571,0.0004
398,1.2394522428512573,1.1538636684417725,0.6538461538461539,0.8076923076923077,0.6428571428571429,0.7857142857142857,0.0004
399,1.2022382318973541,0.9450865387916565,0.5769230769230769,0.8461538461538461,0.7142857142857143,0.7857142857142857,0.0004
400,1.1032670736312866,1.426793098449707,0.6538461538461539,0.8846153846153846,0.5714285714285714,0.7142857142857143,0.0004
401,1.0254446268081665,0.7309818267822266,0.75,0.8846153846153846,0.7857142857142857,0.9285714285714286,0.0004
402,1.1428245306015015,1.1563968658447266,0.6153846153846154,0.8653846153846154,0.5,0.8571428571428571,0.0004
403,0.8852516710758209,1.1528654098510742,0.7692307692307693,0.9423076923076923,0.5714285714285714,0.9285714285714286,0.0004
404,1.055955946445465,1.2084784507751465,0.6923076923076923,0.8846153846153846,0.5714285714285714,0.9285714285714286,0.0004
405,1.0507246553897858,1.5206806659698486,0.6730769230769231,0.8461538461538461,0.5,0.7142857142857143,0.0004
406,1.0386217534542084,1.403446912765503,0.7692307692307693,0.8653846153846154,0.5714285714285714,0.7142857142857143,0.0004
407,1.0743612051010132,1.112537145614624,0.6538461538461539,0.8653846153846154,0.7142857142857143,0.7142857142857143,0.0004
408,0.9273726642131805,0.966990053653717,0.75,0.9038461538461539,0.5714285714285714,0.9285714285714286,0.0004
409,1.1335353255271912,1.3131623268127441,0.6923076923076923,0.8461538461538461,0.42857142857142855,0.8571428571428571,0.0004
410,1.0162789225578308,1.1988924741744995,0.7307692307692307,0.8846153846153846,0.6428571428571429,0.7857142857142857,0.0004
411,1.009798377752304,0.8174080848693848,0.6538461538461539,0.8653846153846154,0.7142857142857143,0.9285714285714286,0.0004
412,0.992543488740921,0.921028196811676,0.7115384615384616,0.8653846153846154,0.7857142857142857,0.7142857142857143,0.0004
413,1.132748305797577,1.913352370262146,0.6923076923076923,0.8653846153846154,0.35714285714285715,0.6428571428571429,0.0004
414,1.0096322894096375,1.3375308513641357,0.6730769230769231,0.9230769230769231,0.6428571428571429,0.7142857142857143,0.0004
415,1.0260547399520874,0.9538622498512268,0.6730769230769231,0.8461538461538461,0.6428571428571429,0.8571428571428571,0.0004
416,0.9471876621246338,0.8349127173423767,0.7115384615384616,0.8846153846153846,0.6428571428571429,0.9285714285714286,0.0004
417,0.9654020667076111,1.1290392875671387,0.6346153846153846,0.8653846153846154,0.7142857142857143,0.6428571428571429,0.0004
418,1.2158745527267456,1.22346031665802,0.6730769230769231,0.8269230769230769,0.7142857142857143,0.7857142857142857,0.0004
419,1.1070579588413239,0.9714435338973999,0.6730769230769231,0.8846153846153846,0.7142857142857143,0.9285714285714286,0.0004
420,0.867670476436615,1.5212525129318237,0.75,0.8846153846153846,0.42857142857142855,0.6428571428571429,0.0004
421,0.9383195340633392,1.1448768377304077,0.75,0.8846153846153846,0.6428571428571429,0.7857142857142857,0.0004
422,1.1564844250679016,1.4145636558532715,0.6538461538461539,0.8653846153846154,0.6428571428571429,0.7142857142857143,0.0004
423,1.4324930906295776,1.3490257263183594,0.5769230769230769,0.75,0.5714285714285714,0.7857142857142857,0.0004
424,1.1923383474349976,1.087888240814209,0.6923076923076923,0.8269230769230769,0.6428571428571429,0.8571428571428571,0.0004
425,1.1604444086551666,1.0242724418640137,0.6346153846153846,0.7884615384615384,0.6428571428571429,0.8571428571428571,0.0004
426,1.1570253670215607,1.265760064125061,0.6923076923076923,0.8846153846153846,0.5714285714285714,0.7857142857142857,0.0004
427,1.021066665649414,1.3269777297973633,0.6923076923076923,0.8846153846153846,0.6428571428571429,0.6428571428571429,0.0004
428,1.1909883618354797,1.5020335912704468,0.6538461538461539,0.8846153846153846,0.42857142857142855,0.7857142857142857,0.0004
429,1.1276283860206604,1.4289333820343018,0.5961538461538461,0.9038461538461539,0.35714285714285715,0.8571428571428571,0.0004
430,0.9509605467319489,1.3613380193710327,0.7307692307692307,0.8653846153846154,0.7142857142857143,0.7142857142857143,0.0004
431,0.9973976314067841,1.2880862951278687,0.6538461538461539,0.8653846153846154,0.7142857142857143,0.7857142857142857,0.0004
432,0.9670897722244263,1.1196954250335693,0.7307692307692307,0.9038461538461539,0.7142857142857143,0.7857142857142857,0.0004
433,1.247273564338684,1.2623507976531982,0.6538461538461539,0.8653846153846154,0.5714285714285714,0.7857142857142857,0.0004
434,1.0907685160636902,1.1356500387191772,0.6730769230769231,0.8846153846153846,0.5714285714285714,0.9285714285714286,0.0004
435,0.9009934365749359,1.239801287651062,0.75,0.8653846153846154,0.5,0.7857142857142857,0.0004
436,0.9862173497676849,1.3761683702468872,0.6538461538461539,0.8653846153846154,0.5,0.7857142857142857,0.0004
437,1.1613141298294067,1.0455313920974731,0.6346153846153846,0.8461538461538461,0.7142857142857143,0.7857142857142857,0.0004
438,0.9435608983039856,1.7823166847229004,0.7307692307692307,0.9423076923076923,0.42857142857142855,0.6428571428571429,0.0004
439,0.9739938080310822,0.8235399723052979,0.75,0.8461538461538461,0.7142857142857143,0.9285714285714286,0.0004
440,0.980045884847641,1.4185996055603027,0.6730769230769231,0.9038461538461539,0.5,0.8571428571428571,0.0004
441,1.1557567417621613,1.3003864288330078,0.6153846153846154,0.8653846153846154,0.5,0.7857142857142857,0.0004
442,0.9874157309532166,1.2388614416122437,0.6730769230769231,0.8653846153846154,0.6428571428571429,0.7142857142857143,0.0004
443,0.8346905410289764,1.2861194610595703,0.75,0.9038461538461539,0.5714285714285714,0.7857142857142857,0.0004
444,1.0676068663597107,1.179040551185608,0.7307692307692307,0.8461538461538461,0.42857142857142855,0.8571428571428571,0.0004
445,0.9550463259220123,1.5077338218688965,0.7307692307692307,0.8846153846153846,0.42857142857142855,0.7857142857142857,0.0004
446,0.9868270754814148,1.1608113050460815,0.6923076923076923,0.9038461538461539,0.5,0.8571428571428571,0.0004
447,0.824880987405777,1.6790766716003418,0.7884615384615384,0.9423076923076923,0.5,0.6428571428571429,0.0004
448,1.1622015237808228,1.2472009658813477,0.5961538461538461,0.8653846153846154,0.5714285714285714,0.7857142857142857,0.0004
449,0.9267759025096893,1.3946236371994019,0.7884615384615384,0.9038461538461539,0.6428571428571429,0.7857142857142857,0.0004
450,1.0979938507080078,1.1461870670318604,0.6538461538461539,0.8269230769230769,0.5714285714285714,0.7857142857142857,0.0004
451,0.9008573293685913,1.4915692806243896,0.7307692307692307,0.9230769230769231,0.6428571428571429,0.7142857142857143,0.0004
452,0.8961830735206604,0.6925885081291199,0.6923076923076923,0.9230769230769231,0.7857142857142857,0.9285714285714286,0.0004
453,1.2746959328651428,1.22660493850708,0.6730769230769231,0.8653846153846154,0.42857142857142855,0.7857142857142857,0.0004
454,1.217396318912506,1.2562731504440308,0.6346153846153846,0.8076923076923077,0.6428571428571429,0.7857142857142857,0.0004
455,0.9287988841533661,1.085263729095459,0.7884615384615384,0.9038461538461539,0.6428571428571429,0.7857142857142857,0.0004
456,0.9672730565071106,1.1804494857788086,0.7307692307692307,0.8653846153846154,0.7142857142857143,0.7857142857142857,0.0004
457,1.22189462184906,1.5861401557922363,0.6538461538461539,0.8653846153846154,0.5,0.6428571428571429,0.0004
458,0.8748641014099121,1.134323000907898,0.8076923076923077,0.8653846153846154,0.5,0.8571428571428571,0.0004
459,1.1343845427036285,1.2666242122650146,0.6730769230769231,0.8461538461538461,0.6428571428571429,0.7857142857142857,0.0004
460,0.9173528552055359,1.1287416219711304,0.6923076923076923,0.9038461538461539,0.5714285714285714,0.8571428571428571,0.0004
461,0.9074130058288574,1.4854662418365479,0.6923076923076923,0.9615384615384616,0.35714285714285715,0.8571428571428571,0.0004
462,0.9521323442459106,1.1685092449188232,0.75,0.8653846153846154,0.5714285714285714,0.7857142857142857,0.0004
463,1.045499175786972,1.0603716373443604,0.7307692307692307,0.8461538461538461,0.5714285714285714,0.7857142857142857,0.0004
464,0.9498108625411987,1.2120522260665894,0.6346153846153846,0.9038461538461539,0.5714285714285714,0.7857142857142857,0.0004
465,1.0769229531288147,1.8421783447265625,0.6153846153846154,0.9038461538461539,0.5,0.5,0.0004
466,0.9976873993873596,0.9423298239707947,0.7307692307692307,0.8461538461538461,0.7857142857142857,0.8571428571428571,0.0004
467,1.130784511566162,1.30255126953125,0.6923076923076923,0.9038461538461539,0.6428571428571429,0.7857142857142857,0.0004
468,1.1451687216758728,1.6190364360809326,0.6923076923076923,0.8846153846153846,0.5714285714285714,0.5714285714285714,0.0004
469,0.8562487065792084,1.1834839582443237,0.7884615384615384,0.8846153846153846,0.5714285714285714,0.7857142857142857,0.0004
470,0.9337859153747559,1.0081616640090942,0.7307692307692307,0.8846153846153846,0.7142857142857143,0.8571428571428571,0.0004
471,0.9096842408180237,1.2751126289367676,0.6923076923076923,0.9423076923076923,0.6428571428571429,0.7857142857142857,0.0004
472,1.0046756863594055,1.4358338117599487,0.6730769230769231,0.9038461538461539,0.42857142857142855,0.8571428571428571,0.0004
473,1.0187599062919617,1.272334098815918,0.7307692307692307,0.9038461538461539,0.5,0.8571428571428571,0.0004
474,0.8631130456924438,0.9668782949447632,0.7692307692307693,0.8653846153846154,0.7142857142857143,0.7857142857142857,0.0004
475,1.197465419769287,1.1728373765945435,0.6346153846153846,0.8846153846153846,0.6428571428571429,0.7142857142857143,0.0004
476,0.8011181354522705,1.3856925964355469,0.7307692307692307,0.9807692307692307,0.42857142857142855,0.8571428571428571,0.0004
477,1.0191905498504639,1.4142568111419678,0.6538461538461539,0.8653846153846154,0.5,0.7857142857142857,0.0004
478,1.1100053787231445,1.1781525611877441,0.6346153846153846,0.8846153846153846,0.5,0.7857142857142857,0.0004
479,0.9023111164569855,1.1097456216812134,0.6923076923076923,0.8846153846153846,0.6428571428571429,0.7142857142857143,0.0004
480,1.0154258906841278,1.2984240055084229,0.6730769230769231,0.9230769230769231,0.5714285714285714,0.8571428571428571,0.0004
481,0.9752219617366791,1.5468850135803223,0.6923076923076923,0.9038461538461539,0.5714285714285714,0.7142857142857143,0.0004
482,0.8438405096530914,0.6516213417053223,0.75,0.9615384615384616,0.9285714285714286,0.8571428571428571,0.0004
483,0.890190452337265,1.707647681236267,0.7115384615384616,0.8846153846153846,0.5,0.7142857142857143,0.0004
484,0.857762485742569,1.7521405220031738,0.7884615384615384,0.8846153846153846,0.35714285714285715,0.7142857142857143,0.0004
485,0.8833229541778564,1.3906890153884888,0.75,0.9038461538461539,0.5714285714285714,0.7142857142857143,0.0004
486,0.9783483743667603,1.8030378818511963,0.7115384615384616,0.8653846153846154,0.5,0.5714285714285714,0.0004
487,0.8630067110061646,1.1036324501037598,0.6923076923076923,0.9230769230769231,0.7857142857142857,0.7142857142857143,0.0004
488,0.9827642738819122,1.347341537475586,0.6923076923076923,0.9423076923076923,0.6428571428571429,0.7142857142857143,0.0004
489,1.046592801809311,1.3833932876586914,0.6923076923076923,0.8269230769230769,0.5,0.7857142857142857,0.0004
490,1.180264174938202,1.3820221424102783,0.5192307692307693,0.8846153846153846,0.5714285714285714,0.7857142857142857,0.0004
491,1.058047890663147,1.434844732284546,0.6153846153846154,0.9038461538461539,0.5,0.7857142857142857,0.0004
492,1.186567485332489,1.1226943731307983,0.6153846153846154,0.8269230769230769,0.6428571428571429,0.7857142857142857,0.0004
493,1.0048316717147827,0.8620540499687195,0.7307692307692307,0.8846153846153846,0.8571428571428571,0.7857142857142857,0.0004
494,0.9658428728580475,0.9310095310211182,0.7115384615384616,0.8653846153846154,0.8571428571428571,0.7857142857142857,0.0004
495,0.9671118259429932,1.2725374698638916,0.6538461538461539,0.8846153846153846,0.6428571428571429,0.7857142857142857,0.0004
496,0.9550540447235107,0.8496013879776001,0.6923076923076923,0.8653846153846154,0.7857142857142857,0.8571428571428571,0.0004
497,1.1745975315570831,1.2006092071533203,0.5961538461538461,0.8653846153846154,0.6428571428571429,0.8571428571428571,0.0004
498,1.018718034029007,1.2119954824447632,0.6346153846153846,0.8653846153846154,0.7142857142857143,0.7142857142857143,0.0004
499,0.8952976763248444,1.8366899490356445,0.8076923076923077,0.9038461538461539,0.42857142857142855,0.6428571428571429,0.0004
500,1.050184190273285,1.4681739807128906,0.6538461538461539,0.8846153846153846,0.42857142857142855,0.7857142857142857,0.0004
501,0.9753328263759613,1.5710569620132446,0.6923076923076923,0.8846153846153846,0.6428571428571429,0.6428571428571429,0.0004
502,1.002932846546173,1.3262734413146973,0.6730769230769231,0.8846153846153846,0.7142857142857143,0.7857142857142857,0.0004
503,0.9445561468601227,1.156863808631897,0.7115384615384616,0.8846153846153846,0.6428571428571429,0.8571428571428571,0.0004
504,0.7576354444026947,1.6647615432739258,0.7307692307692307,0.9615384615384616,0.42857142857142855,0.7142857142857143,0.0004
505,0.9588662385940552,1.5436649322509766,0.6730769230769231,0.9038461538461539,0.6428571428571429,0.6428571428571429,0.0004
506,1.1265460848808289,1.508772373199463,0.6538461538461539,0.8846153846153846,0.5,0.8571428571428571,0.0004
507,0.8894141912460327,1.3472623825073242,0.75,0.9038461538461539,0.5714285714285714,0.7857142857142857,0.0004
508,1.0818231105804443,1.3307301998138428,0.7115384615384616,0.8653846153846154,0.6428571428571429,0.7857142857142857,0.0004
509,0.8142188787460327,1.154931902885437,0.6923076923076923,0.9615384615384616,0.7142857142857143,0.8571428571428571,0.0004
510,1.021153450012207,0.9011891484260559,0.6346153846153846,0.9038461538461539,0.8571428571428571,0.8571428571428571,0.0004
511,0.9825383722782135,1.1591134071350098,0.6923076923076923,0.9038461538461539,0.7142857142857143,0.7142857142857143,0.0004
512,1.0333216786384583,1.058314323425293,0.6923076923076923,0.8653846153846154,0.7142857142857143,0.7142857142857143,0.0004
513,1.1582911014556885,0.8309295177459717,0.6153846153846154,0.8653846153846154,0.7857142857142857,0.8571428571428571,0.0004
514,1.0209401845932007,1.4288383722305298,0.6923076923076923,0.8653846153846154,0.42857142857142855,0.7857142857142857,0.0004
515,1.2276314496994019,1.066915512084961,0.6346153846153846,0.8269230769230769,0.7857142857142857,0.7142857142857143,0.0004
516,1.1044397354125977,0.9103863835334778,0.7692307692307693,0.8846153846153846,0.7142857142857143,0.8571428571428571,0.0004
517,1.1727187037467957,1.2252095937728882,0.5961538461538461,0.7884615384615384,0.5714285714285714,0.8571428571428571,0.0004
518,0.7927948832511902,0.8648113012313843,0.7884615384615384,0.9230769230769231,0.6428571428571429,0.9285714285714286,0.0004
519,0.9883602857589722,1.097069501876831,0.75,0.8653846153846154,0.6428571428571429,0.8571428571428571,0.0004
520,1.029110610485077,0.8542321920394897,0.6923076923076923,0.9230769230769231,0.7142857142857143,0.8571428571428571,0.0004
521,1.0536847114562988,1.2907671928405762,0.6923076923076923,0.8653846153846154,0.7142857142857143,0.7142857142857143,0.0004
522,1.1206430494785309,1.4419505596160889,0.6153846153846154,0.8846153846153846,0.5714285714285714,0.7857142857142857,0.0004
523,0.9641479253768921,1.193037748336792,0.6923076923076923,0.9230769230769231,0.5,0.8571428571428571,0.0004
524,0.9294269680976868,1.3958446979522705,0.75,0.9038461538461539,0.6428571428571429,0.7857142857142857,0.0004
525,0.927446037530899,1.504539966583252,0.75,0.8653846153846154,0.5714285714285714,0.7142857142857143,0.0004
526,0.8860838115215302,1.0740870237350464,0.75,0.9038461538461539,0.6428571428571429,0.7857142857142857,0.0004
527,0.8656487017869949,0.7993131875991821,0.6923076923076923,0.8846153846153846,0.7857142857142857,0.8571428571428571,0.0004
528,0.9734914898872375,1.3294135332107544,0.6730769230769231,0.9230769230769231,0.6428571428571429,0.7857142857142857,0.0004
529,1.098891258239746,1.0169860124588013,0.6923076923076923,0.8846153846153846,0.6428571428571429,0.8571428571428571,0.0004
530,1.0485244393348694,1.451817274093628,0.6730769230769231,0.8269230769230769,0.5,0.7142857142857143,0.0004
531,0.8778358101844788,1.6684201955795288,0.7307692307692307,0.9230769230769231,0.42857142857142855,0.7142857142857143,0.0004
532,1.0051797032356262,1.105050802230835,0.7115384615384616,0.9038461538461539,0.7142857142857143,0.7857142857142857,0.0004
533,0.9038179516792297,1.019887924194336,0.7692307692307693,0.9038461538461539,0.7142857142857143,0.8571428571428571,0.0004
534,1.0067057609558105,1.2762482166290283,0.7307692307692307,0.8653846153846154,0.5714285714285714,0.7857142857142857,0.0004
535,1.2560932040214539,0.9571634531021118,0.6346153846153846,0.8461538461538461,0.6428571428571429,0.9285714285714286,0.0004
536,1.1694984436035156,1.2326161861419678,0.6730769230769231,0.8076923076923077,0.5,0.7857142857142857,0.0004
537,1.2197961807250977,1.0677975416183472,0.6538461538461539,0.8076923076923077,0.7857142857142857,0.7142857142857143,0.0004
538,0.8224965333938599,1.0601283311843872,0.7884615384615384,0.9423076923076923,0.5714285714285714,0.8571428571428571,0.0004
539,1.0420944094657898,1.0872243642807007,0.75,0.8461538461538461,0.7142857142857143,0.7857142857142857,0.0004
540,0.8058029413223267,0.8203483819961548,0.8076923076923077,0.9423076923076923,0.7142857142857143,0.8571428571428571,0.0004
541,1.1190616488456726,1.2076549530029297,0.6923076923076923,0.8846153846153846,0.7142857142857143,0.8571428571428571,0.0004
542,1.3459065556526184,1.3379517793655396,0.6153846153846154,0.7884615384615384,0.6428571428571429,0.7142857142857143,0.0004
543,0.9171276986598969,0.9072691202163696,0.75,0.9038461538461539,0.7857142857142857,0.8571428571428571,0.0004
544,1.0152686834335327,1.5415146350860596,0.6730769230769231,0.9038461538461539,0.5714285714285714,0.7142857142857143,0.0004
545,1.0576581060886383,0.8246568441390991,0.7307692307692307,0.8461538461538461,0.7857142857142857,0.7857142857142857,0.0004
546,0.8865157961845398,0.7918470501899719,0.75,0.9038461538461539,0.8571428571428571,0.7857142857142857,0.0004
547,1.1033726930618286,1.0650501251220703,0.6923076923076923,0.8653846153846154,0.5714285714285714,0.9285714285714286,0.0004
548,0.9726592600345612,1.2058254480361938,0.7115384615384616,0.8461538461538461,0.7142857142857143,0.7857142857142857,0.0004
549,1.068674087524414,1.1372500658035278,0.6730769230769231,0.8461538461538461,0.6428571428571429,0.7857142857142857,0.0004
550,1.0949500799179077,1.1491966247558594,0.6923076923076923,0.8269230769230769,0.5714285714285714,0.8571428571428571,0.0004
551,0.9738461971282959,1.3568392992019653,0.6923076923076923,0.9423076923076923,0.7857142857142857,0.6428571428571429,0.0004
552,1.0082165002822876,1.522745966911316,0.75,0.8461538461538461,0.5,0.7857142857142857,0.0004
553,1.0342325568199158,1.4367449283599854,0.6730769230769231,0.7692307692307693,0.6428571428571429,0.7857142857142857,0.0004
554,0.9602392911911011,1.5568225383758545,0.7115384615384616,0.9038461538461539,0.5,0.7142857142857143,0.0004
555,1.3348016142845154,0.7249704599380493,0.6346153846153846,0.8269230769230769,0.7857142857142857,0.9285714285714286,0.0004
556,1.1118486523628235,1.2971749305725098,0.6923076923076923,0.8653846153846154,0.7857142857142857,0.6428571428571429,0.0004
557,0.9423439502716064,1.4956510066986084,0.6923076923076923,0.8846153846153846,0.6428571428571429,0.7142857142857143,0.0004
558,1.097013771533966,1.3310880661010742,0.6538461538461539,0.8461538461538461,0.5714285714285714,0.8571428571428571,0.0004
559,1.0722977221012115,1.230621576309204,0.6346153846153846,0.8653846153846154,0.7142857142857143,0.7142857142857143,0.0004
560,1.2342234253883362,1.232685923576355,0.5769230769230769,0.8461538461538461,0.6428571428571429,0.7142857142857143,0.0004
561,1.0292710065841675,1.2545511722564697,0.7307692307692307,0.8653846153846154,0.5714285714285714,0.7142857142857143,0.0004
562,1.1354718208312988,1.0492446422576904,0.6153846153846154,0.8653846153846154,0.7857142857142857,0.7142857142857143,0.0004
563,0.912645012140274,1.2361884117126465,0.7884615384615384,0.8461538461538461,0.7142857142857143,0.7142857142857143,0.0004
564,0.9592427909374237,1.4619505405426025,0.75,0.8846153846153846,0.5,0.8571428571428571,0.0004
565,0.9695975184440613,1.133934497833252,0.6923076923076923,0.8653846153846154,0.6428571428571429,0.7857142857142857,0.0004
566,0.968348890542984,1.1407121419906616,0.7692307692307693,0.8846153846153846,0.5714285714285714,0.8571428571428571,0.0004
567,1.0024682879447937,0.7388622164726257,0.7115384615384616,0.8461538461538461,0.8571428571428571,0.8571428571428571,0.0004
568,1.353295922279358,1.2973299026489258,0.6346153846153846,0.8653846153846154,0.6428571428571429,0.7857142857142857,0.0004
569,1.1398478150367737,1.4529626369476318,0.6730769230769231,0.8269230769230769,0.5714285714285714,0.6428571428571429,0.0004
570,0.9172501564025879,1.0047169923782349,0.7692307692307693,0.8846153846153846,0.6428571428571429,0.9285714285714286,0.0004
571,0.9290212690830231,1.1263436079025269,0.7115384615384616,0.9423076923076923,0.7142857142857143,0.8571428571428571,0.0004
572,0.9192571043968201,1.3443129062652588,0.7307692307692307,0.9230769230769231,0.5714285714285714,0.7142857142857143,0.0004
573,1.1457011103630066,1.1853814125061035,0.6730769230769231,0.8461538461538461,0.7142857142857143,0.7857142857142857,0.0004
574,0.9802800416946411,1.3285527229309082,0.7115384615384616,0.8653846153846154,0.5714285714285714,0.7857142857142857,0.0004
575,0.9550494849681854,0.8610482215881348,0.7692307692307693,0.9038461538461539,0.7142857142857143,0.9285714285714286,0.0004
576,0.9485988020896912,1.1738958358764648,0.6730769230769231,0.9038461538461539,0.7142857142857143,0.7857142857142857,0.0004
577,1.02005535364151,1.9084924459457397,0.6538461538461539,0.8653846153846154,0.42857142857142855,0.6428571428571429,0.0004
578,1.1227001249790192,1.362800121307373,0.6153846153846154,0.9038461538461539,0.5714285714285714,0.7857142857142857,0.0004
579,1.144192397594452,1.523366928100586,0.6346153846153846,0.8269230769230769,0.5714285714285714,0.6428571428571429,0.0004
580,0.9312481880187988,1.106408715248108,0.75,0.8653846153846154,0.7142857142857143,0.7857142857142857,0.0004
581,0.9650335609912872,1.5185524225234985,0.7115384615384616,0.8653846153846154,0.42857142857142855,0.7857142857142857,0.0004
582,1.1062864661216736,1.8658783435821533,0.6730769230769231,0.8846153846153846,0.42857142857142855,0.6428571428571429,0.0004
583,1.005600780248642,1.5164649486541748,0.6923076923076923,0.8653846153846154,0.5,0.7142857142857143,0.0004
584,0.9221215844154358,1.2214758396148682,0.7307692307692307,0.9038461538461539,0.6428571428571429,0.7857142857142857,0.0004
585,1.1030047535896301,1.458650827407837,0.6538461538461539,0.9038461538461539,0.5714285714285714,0.7857142857142857,0.0004
586,1.1866673231124878,1.3672263622283936,0.6538461538461539,0.8653846153846154,0.5714285714285714,0.7857142857142857,0.0004
587,0.9258265495300293,1.4891960620880127,0.6923076923076923,0.8846153846153846,0.5714285714285714,0.7142857142857143,0.0004
588,0.7253129780292511,0.8223806619644165,0.8076923076923077,0.9615384615384616,0.7857142857142857,0.9285714285714286,0.0004
589,0.7676095068454742,1.0160610675811768,0.75,0.9230769230769231,0.6428571428571429,0.8571428571428571,0.0004
590,0.9893152117729187,1.5880539417266846,0.6923076923076923,0.9038461538461539,0.5,0.7142857142857143,0.0004
591,0.8577397167682648,1.0090042352676392,0.7307692307692307,0.9230769230769231,0.7142857142857143,0.8571428571428571,0.0004
592,0.9979393482208252,1.1347929239273071,0.6153846153846154,0.9038461538461539,0.7142857142857143,0.8571428571428571,0.0004
593,0.8172567486763,1.161696434020996,0.7692307692307693,0.9230769230769231,0.6428571428571429,0.7857142857142857,0.0004
594,0.9713607430458069,1.0761665105819702,0.7115384615384616,0.8846153846153846,0.6428571428571429,0.7857142857142857,0.0004
595,1.180552065372467,1.261786699295044,0.6346153846153846,0.8846153846153846,0.5714285714285714,0.8571428571428571,0.0004
596,0.9433742761611938,1.3403050899505615,0.7115384615384616,0.9038461538461539,0.7142857142857143,0.5714285714285714,0.0004
597,1.1335910558700562,1.246759295463562,0.6153846153846154,0.8653846153846154,0.5714285714285714,0.7857142857142857,0.0004
598,1.0242916345596313,1.2178096771240234,0.7307692307692307,0.8269230769230769,0.7142857142857143,0.7857142857142857,0.0004
599,0.970383495092392,1.3488683700561523,0.7115384615384616,0.9038461538461539,0.7142857142857143,0.7142857142857143,0.0004
600,0.7465983331203461,1.0959289073944092,0.7884615384615384,0.9615384615384616,0.6428571428571429,0.8571428571428571,0.0004
601,0.9247198402881622,1.2378321886062622,0.7307692307692307,0.9423076923076923,0.5,0.7857142857142857,0.0004
602,1.1927842497825623,1.1061172485351562,0.6923076923076923,0.8269230769230769,0.7142857142857143,0.7857142857142857,0.0004
603,1.0601302683353424,1.2484077215194702,0.6346153846153846,0.8846153846153846,0.5,0.8571428571428571,0.0004
604,0.9125750064849854,1.7566370964050293,0.6538461538461539,0.9038461538461539,0.5,0.7142857142857143,0.0004
605,1.0644159018993378,1.397226095199585,0.6923076923076923,0.8846153846153846,0.6428571428571429,0.7142857142857143,0.0004
606,1.1212899684906006,1.5660474300384521,0.6346153846153846,0.8653846153846154,0.6428571428571429,0.7142857142857143,0.0004
607,0.8917907178401947,1.6638305187225342,0.7115384615384616,0.8461538461538461,0.5,0.7142857142857143,0.0004
608,1.0511651635169983,0.9509590268135071,0.6346153846153846,0.9038461538461539,0.6428571428571429,0.8571428571428571,0.0004
609,0.9248388111591339,1.3332622051239014,0.7115384615384616,0.9230769230769231,0.7142857142857143,0.7142857142857143,0.0004
610,1.183109849691391,1.5930936336517334,0.6923076923076923,0.8653846153846154,0.5,0.7142857142857143,0.0004
611,0.9536892771720886,1.144097089767456,0.75,0.8846153846153846,0.7142857142857143,0.7857142857142857,0.0004
612,1.171981155872345,1.2476682662963867,0.6923076923076923,0.8461538461538461,0.5,0.8571428571428571,0.0004
613,1.0904580950737,1.3553476333618164,0.6730769230769231,0.8461538461538461,0.5,0.8571428571428571,0.0004
614,0.8925576210021973,1.2248964309692383,0.75,0.8653846153846154,0.7142857142857143,0.7142857142857143,0.0004
615,0.8868778347969055,1.2781903743743896,0.7692307692307693,0.9230769230769231,0.5714285714285714,0.8571428571428571,0.0004
616,0.9864390194416046,1.5504590272903442,0.6730769230769231,0.8846153846153846,0.5,0.7142857142857143,0.0004
617,1.153880536556244,1.3992023468017578,0.6346153846153846,0.8653846153846154,0.5,0.7857142857142857,0.0004
618,1.106376737356186,1.1875759363174438,0.6923076923076923,0.8269230769230769,0.7142857142857143,0.6428571428571429,0.0004
619,1.2589850425720215,1.2116055488586426,0.6346153846153846,0.8269230769230769,0.6428571428571429,0.7857142857142857,0.0004
620,0.8688517510890961,1.220119595527649,0.7115384615384616,0.9230769230769231,0.5714285714285714,0.7857142857142857,0.0004
621,0.9058041572570801,1.3839290142059326,0.7115384615384616,0.8846153846153846,0.42857142857142855,0.8571428571428571,0.0004
622,1.0276018679141998,1.2292506694793701,0.7307692307692307,0.8269230769230769,0.6428571428571429,0.7142857142857143,0.0004
623,1.1963295936584473,1.623046875,0.7307692307692307,0.7884615384615384,0.5714285714285714,0.5714285714285714,0.0004
624,1.0919695794582367,1.2575113773345947,0.6923076923076923,0.8461538461538461,0.5714285714285714,0.7857142857142857,0.0004
625,0.9548928439617157,1.505406141281128,0.6730769230769231,0.9615384615384616,0.5714285714285714,0.6428571428571429,0.0004
626,0.8508420288562775,1.2728525400161743,0.7307692307692307,0.9423076923076923,0.6428571428571429,0.7142857142857143,0.0004
627,1.1307328939437866,1.191056728363037,0.6346153846153846,0.8653846153846154,0.5714285714285714,0.8571428571428571,0.0004
628,0.7894164323806763,0.9190757870674133,0.7692307692307693,0.8846153846153846,0.7142857142857143,0.7857142857142857,0.0004
629,0.747836172580719,1.8561842441558838,0.7692307692307693,0.9423076923076923,0.5,0.6428571428571429,0.0004
630,0.845880925655365,1.66083562374115,0.7307692307692307,0.9038461538461539,0.5714285714285714,0.6428571428571429,0.0004
631,1.0837965905666351,1.5411527156829834,0.6730769230769231,0.8269230769230769,0.7142857142857143,0.5714285714285714,0.0004
632,1.169965147972107,0.5869807004928589,0.6153846153846154,0.8653846153846154,0.9285714285714286,0.8571428571428571,0.0004
633,0.9721935987472534,1.5870949029922485,0.8076923076923077,0.8653846153846154,0.42857142857142855,0.8571428571428571,0.0004
634,0.8458639681339264,0.9870986342430115,0.7115384615384616,0.8846153846153846,0.7142857142857143,0.8571428571428571,0.0004
635,1.0397420823574066,1.19010591506958,0.6538461538461539,0.8846153846153846,0.5714285714285714,0.8571428571428571,0.0004
636,1.175223022699356,1.2702330350875854,0.7115384615384616,0.8269230769230769,0.6428571428571429,0.7857142857142857,0.0004
637,1.119713842868805,1.041398286819458,0.6538461538461539,0.8461538461538461,0.7857142857142857,0.7857142857142857,0.0004
638,1.177739143371582,1.360334873199463,0.6730769230769231,0.8653846153846154,0.7142857142857143,0.7142857142857143,0.0004
639,1.3536499738693237,1.0892672538757324,0.6346153846153846,0.7307692307692307,0.6428571428571429,0.8571428571428571,0.0004
640,1.0544804334640503,1.2073777914047241,0.5576923076923077,0.8846153846153846,0.7857142857142857,0.7857142857142857,0.0004
641,0.9656150341033936,1.1023341417312622,0.7307692307692307,0.8653846153846154,0.6428571428571429,0.8571428571428571,0.0004
642,0.8903415501117706,0.8575177788734436,0.75,0.8846153846153846,0.8571428571428571,0.8571428571428571,0.0004
643,0.935112327337265,1.2242684364318848,0.7115384615384616,0.8846153846153846,0.6428571428571429,0.7857142857142857,0.0004
644,0.8345867991447449,1.4564611911773682,0.75,0.9038461538461539,0.5,0.7857142857142857,0.0004
645,1.2841663360595703,0.6652342081069946,0.6538461538461539,0.8846153846153846,0.9285714285714286,0.8571428571428571,0.0004
646,1.1152288913726807,1.259523868560791,0.6346153846153846,0.8846153846153846,0.5714285714285714,0.7857142857142857,0.0004
647,1.2465903162956238,0.8386348485946655,0.5576923076923077,0.8461538461538461,0.8571428571428571,0.7857142857142857,0.0004
648,0.8714685142040253,1.0064961910247803,0.7115384615384616,0.9615384615384616,0.7142857142857143,0.8571428571428571,0.0004
649,0.9745745360851288,0.9148461222648621,0.7115384615384616,0.8846153846153846,0.7142857142857143,0.8571428571428571,0.0004
650,0.9799972176551819,1.2831934690475464,0.6730769230769231,0.8653846153846154,0.6428571428571429,0.7142857142857143,0.0004
651,0.9059535264968872,1.5602924823760986,0.7307692307692307,0.8461538461538461,0.35714285714285715,0.7857142857142857,0.0004
652,0.887414276599884,1.1444122791290283,0.7307692307692307,0.9038461538461539,0.6428571428571429,0.8571428571428571,0.0004
653,1.057129442691803,1.3108882904052734,0.6730769230769231,0.8846153846153846,0.6428571428571429,0.7142857142857143,0.0004
654,0.9948428273200989,1.443589687347412,0.6923076923076923,0.8653846153846154,0.42857142857142855,0.8571428571428571,0.0004
655,0.975701093673706,1.6670846939086914,0.7307692307692307,0.8269230769230769,0.42857142857142855,0.7142857142857143,0.0004
656,1.0698916912078857,1.2691842317581177,0.6923076923076923,0.8269230769230769,0.7857142857142857,0.6428571428571429,0.0004
657,0.9831849932670593,1.3053271770477295,0.6923076923076923,0.8846153846153846,0.6428571428571429,0.6428571428571429,0.0004
658,1.1988728642463684,1.0507919788360596,0.6346153846153846,0.8846153846153846,0.7142857142857143,0.7857142857142857,0.0004
659,0.923496812582016,1.2181589603424072,0.6538461538461539,0.8846153846153846,0.7142857142857143,0.7857142857142857,0.0004
660,0.9900499880313873,1.2769912481307983,0.6923076923076923,0.8461538461538461,0.7142857142857143,0.7142857142857143,0.0004
661,0.9365740120410919,1.2329723834991455,0.6923076923076923,0.9038461538461539,0.8571428571428571,0.7142857142857143,0.0004
662,1.0739184617996216,1.1709562540054321,0.6538461538461539,0.8653846153846154,0.5714285714285714,0.8571428571428571,0.0004
663,0.9025382697582245,0.9737206697463989,0.7692307692307693,0.8653846153846154,0.5714285714285714,0.7857142857142857,0.0004
664,0.971190869808197,1.2823114395141602,0.6923076923076923,0.8846153846153846,0.5,0.8571428571428571,0.0004
665,1.013936161994934,0.8216760158538818,0.7307692307692307,0.8461538461538461,0.7857142857142857,0.8571428571428571,0.0004
666,1.0345311164855957,1.165029764175415,0.6730769230769231,0.8269230769230769,0.5714285714285714,0.7857142857142857,0.0004
667,0.7364777326583862,1.2146539688110352,0.75,0.9615384615384616,0.6428571428571429,0.7142857142857143,0.0004
668,1.0191695988178253,0.9855836629867554,0.8076923076923077,0.8269230769230769,0.6428571428571429,0.8571428571428571,0.0004
669,0.885995090007782,1.6244306564331055,0.6923076923076923,0.9038461538461539,0.5,0.7142857142857143,0.0004
670,1.1795194149017334,1.4810341596603394,0.6730769230769231,0.8653846153846154,0.5714285714285714,0.7142857142857143,0.0004
671,0.8020242750644684,1.224160075187683,0.7884615384615384,0.8846153846153846,0.6428571428571429,0.8571428571428571,0.0004
672,0.9173227250576019,0.7985982298851013,0.6923076923076923,0.9038461538461539,0.7142857142857143,0.9285714285714286,0.0004
673,1.0289746522903442,0.9139544367790222,0.6730769230769231,0.7884615384615384,0.7142857142857143,0.8571428571428571,0.0004
674,0.8379528820514679,1.0775010585784912,0.6923076923076923,0.9423076923076923,0.5714285714285714,0.8571428571428571,0.0004
675,0.866119921207428,0.8981652855873108,0.7115384615384616,0.8846153846153846,0.7142857142857143,0.8571428571428571,0.0004
676,0.7937232851982117,1.3345791101455688,0.75,0.9230769230769231,0.6428571428571429,0.9285714285714286,0.0004
677,0.9638471603393555,1.2385743856430054,0.6730769230769231,0.8653846153846154,0.6428571428571429,0.8571428571428571,0.0004
678,1.1332285404205322,1.7855337858200073,0.5961538461538461,0.8076923076923077,0.42857142857142855,0.6428571428571429,0.0004
679,0.9320786595344543,1.4636322259902954,0.7307692307692307,0.8653846153846154,0.5714285714285714,0.7857142857142857,0.0004
680,0.9541196227073669,1.422252893447876,0.6538461538461539,0.9038461538461539,0.42857142857142855,0.8571428571428571,0.0004
681,0.9686221182346344,1.393336534500122,0.6923076923076923,0.9038461538461539,0.5714285714285714,0.7142857142857143,0.0004
682,1.0444990992546082,1.0688954591751099,0.6538461538461539,0.8653846153846154,0.6428571428571429,0.7857142857142857,0.0004
683,0.9297932982444763,1.0817700624465942,0.7307692307692307,0.8846153846153846,0.7857142857142857,0.7142857142857143,0.0004
684,0.9815447330474854,1.1369972229003906,0.6153846153846154,0.8653846153846154,0.6428571428571429,0.7142857142857143,0.0004
685,0.7923857569694519,0.9414268732070923,0.8076923076923077,0.9038461538461539,0.7142857142857143,0.8571428571428571,0.0004
686,1.0582302808761597,0.8740094900131226,0.7307692307692307,0.8269230769230769,0.6428571428571429,0.8571428571428571,0.0004
687,0.9087933599948883,0.9632533192634583,0.7115384615384616,0.8846153846153846,0.7857142857142857,0.7857142857142857,0.0004
688,0.9320891797542572,1.39613676071167,0.75,0.8461538461538461,0.7857142857142857,0.6428571428571429,0.0004
689,1.023812621831894,1.3630592823028564,0.6538461538461539,0.8653846153846154,0.6428571428571429,0.7857142857142857,0.0004
690,0.9641854763031006,1.1675341129302979,0.6538461538461539,0.9038461538461539,0.6428571428571429,0.7857142857142857,0.0004
691,0.8121218383312225,1.2333996295928955,0.75,0.9038461538461539,0.7142857142857143,0.6428571428571429,0.0004
692,0.7989762425422668,1.1894806623458862,0.6923076923076923,0.9423076923076923,0.6428571428571429,0.8571428571428571,0.0004
693,0.9299378991127014,1.30717134475708,0.7115384615384616,0.8653846153846154,0.7142857142857143,0.7857142857142857,0.0004
694,0.9913246333599091,0.9170775413513184,0.6538461538461539,0.9230769230769231,0.7142857142857143,0.7857142857142857,0.0004
695,0.8670425117015839,1.125492811203003,0.6730769230769231,0.9423076923076923,0.6428571428571429,0.7142857142857143,0.0004
696,1.0031086206436157,1.368493914604187,0.6538461538461539,0.9038461538461539,0.5,0.7857142857142857,0.0004
697,1.0343838334083557,1.5237985849380493,0.75,0.8653846153846154,0.5,0.6428571428571429,0.0004
698,1.080861747264862,1.1033613681793213,0.6730769230769231,0.8269230769230769,0.7142857142857143,0.7857142857142857,0.0004
699,1.0228577852249146,1.2854909896850586,0.7115384615384616,0.9038461538461539,0.7142857142857143,0.7857142857142857,0.0004
700,0.9311576783657074,1.0858817100524902,0.7884615384615384,0.8461538461538461,0.7142857142857143,0.7857142857142857,0.0004
701,1.1639524102210999,0.9092153310775757,0.6153846153846154,0.9230769230769231,0.8571428571428571,0.8571428571428571,0.0004
702,1.0038995742797852,1.079188585281372,0.6730769230769231,0.8269230769230769,0.6428571428571429,0.8571428571428571,0.0004
703,0.7575324475765228,1.2185465097427368,0.7692307692307693,0.8846153846153846,0.5714285714285714,0.8571428571428571,0.0004
704,1.155673623085022,1.7421722412109375,0.6153846153846154,0.8653846153846154,0.5,0.5,0.0004
705,1.1859514713287354,1.0037143230438232,0.6346153846153846,0.8269230769230769,0.7142857142857143,0.8571428571428571,0.0004
706,1.0937009453773499,1.6870830059051514,0.6346153846153846,0.8653846153846154,0.35714285714285715,0.7142857142857143,0.0004
707,0.8082410097122192,1.240591049194336,0.7115384615384616,0.9615384615384616,0.5714285714285714,0.7857142857142857,0.0004
708,0.9961307048797607,1.3120670318603516,0.7692307692307693,0.8653846153846154,0.5714285714285714,0.7142857142857143,0.0004
709,0.900795578956604,1.3022115230560303,0.7307692307692307,0.8846153846153846,0.5714285714285714,0.7857142857142857,0.0004
710,0.9640196561813354,1.5977747440338135,0.75,0.8653846153846154,0.5,0.6428571428571429,0.0004
711,0.9996849894523621,1.1753990650177002,0.6153846153846154,0.8846153846153846,0.6428571428571429,0.7857142857142857,0.0004
712,0.7041938900947571,1.106414794921875,0.7692307692307693,0.9615384615384616,0.7142857142857143,0.7857142857142857,0.0004
713,0.885971337556839,0.9133913516998291,0.6923076923076923,0.9423076923076923,0.7142857142857143,0.8571428571428571,0.0004
714,1.1646287441253662,0.736558198928833,0.6538461538461539,0.8076923076923077,0.8571428571428571,0.7857142857142857,0.0004
715,0.8281678259372711,1.1549983024597168,0.7884615384615384,0.9230769230769231,0.6428571428571429,0.7142857142857143,0.0004
716,0.9843063354492188,1.524029016494751,0.7115384615384616,0.8846153846153846,0.5714285714285714,0.6428571428571429,0.0004
717,1.1035135388374329,1.1331615447998047,0.7307692307692307,0.8461538461538461,0.6428571428571429,0.7857142857142857,0.0004
718,1.1436302065849304,1.552762746810913,0.6730769230769231,0.8076923076923077,0.5,0.7142857142857143,0.0004
719,1.2455728650093079,1.0724685192108154,0.5576923076923077,0.8269230769230769,0.6428571428571429,0.7857142857142857,0.0004
720,0.8923769593238831,1.6097044944763184,0.75,0.9038461538461539,0.6428571428571429,0.5714285714285714,0.0004
721,0.8369524776935577,0.8579546809196472,0.75,0.9038461538461539,0.7857142857142857,0.8571428571428571,0.0004
722,0.9748275578022003,1.945669412612915,0.6730769230769231,0.8846153846153846,0.2857142857142857,0.5714285714285714,0.0004
723,1.0497299432754517,1.0975258350372314,0.6730769230769231,0.8653846153846154,0.7142857142857143,0.7142857142857143,0.0004
724,0.823213517665863,1.2295111417770386,0.7692307692307693,0.9423076923076923,0.6428571428571429,0.7857142857142857,0.0004
725,0.9370404481887817,1.3640764951705933,0.7115384615384616,0.9230769230769231,0.5714285714285714,0.7857142857142857,0.0004
726,1.0483750104904175,1.3571686744689941,0.6923076923076923,0.8076923076923077,0.5714285714285714,0.7142857142857143,0.0004
727,0.9745668470859528,1.0774134397506714,0.7115384615384616,0.9038461538461539,0.7142857142857143,0.7857142857142857,0.0004
728,0.8441769778728485,1.0310145616531372,0.7307692307692307,0.8846153846153846,0.6428571428571429,0.9285714285714286,0.0004
729,1.1191374063491821,0.9545793533325195,0.6923076923076923,0.8269230769230769,0.7142857142857143,0.8571428571428571,0.0004
730,1.1014330983161926,1.1332690715789795,0.6730769230769231,0.8461538461538461,0.7142857142857143,0.7142857142857143,0.0004
731,0.8666100800037384,0.8025339841842651,0.7307692307692307,0.9230769230769231,0.7857142857142857,0.8571428571428571,0.0004
732,1.036626398563385,1.1381365060806274,0.6538461538461539,0.8461538461538461,0.6428571428571429,0.6428571428571429,0.0004
733,0.9163422584533691,1.0410234928131104,0.6923076923076923,0.8846153846153846,0.7142857142857143,0.7857142857142857,0.0004
734,1.2127806544303894,1.2282283306121826,0.6730769230769231,0.7692307692307693,0.6428571428571429,0.7857142857142857,0.0004
735,1.0948386192321777,1.1995503902435303,0.6730769230769231,0.8653846153846154,0.6428571428571429,0.7857142857142857,0.0004
736,1.1398329436779022,1.1537772417068481,0.7115384615384616,0.7692307692307693,0.5714285714285714,0.7857142857142857,0.0004
737,0.9961601495742798,1.3896543979644775,0.6923076923076923,0.8846153846153846,0.5714285714285714,0.7142857142857143,0.0004
738,0.9907705783843994,1.1386951208114624,0.6153846153846154,0.8846153846153846,0.7857142857142857,0.7857142857142857,0.0004
739,1.1505594849586487,1.5406031608581543,0.5961538461538461,0.8846153846153846,0.5714285714285714,0.7142857142857143,0.0004
740,1.0767720341682434,1.1049926280975342,0.6730769230769231,0.8846153846153846,0.6428571428571429,0.7857142857142857,0.0004
741,1.2485053539276123,1.057930588722229,0.5961538461538461,0.7692307692307693,0.7142857142857143,0.7142857142857143,0.0004
742,0.986044704914093,1.002312183380127,0.7307692307692307,0.8653846153846154,0.6428571428571429,0.8571428571428571,0.0004
743,0.9865273237228394,1.1929314136505127,0.6730769230769231,0.8653846153846154,0.6428571428571429,0.7857142857142857,0.0004
744,0.841266930103302,1.531925916671753,0.7115384615384616,0.8846153846153846,0.42857142857142855,0.7857142857142857,0.0004
745,0.9048554301261902,0.9575350284576416,0.6923076923076923,0.8461538461538461,0.7142857142857143,0.7857142857142857,0.0004
746,0.9674903154373169,1.1185379028320312,0.7115384615384616,0.8846153846153846,0.6428571428571429,0.8571428571428571,0.0004
747,0.9660765528678894,1.417912244796753,0.7115384615384616,0.8846153846153846,0.5714285714285714,0.7142857142857143,0.0004
748,0.9541749656200409,1.2470669746398926,0.6730769230769231,0.9038461538461539,0.7142857142857143,0.7142857142857143,0.0004
749,1.0146560668945312,1.2885692119598389,0.75,0.9038461538461539,0.6428571428571429,0.7857142857142857,0.0004
750,1.0107080936431885,1.4236541986465454,0.7307692307692307,0.9038461538461539,0.42857142857142855,0.8571428571428571,0.0004
751,1.0599510073661804,1.165008783340454,0.6346153846153846,0.8269230769230769,0.6428571428571429,0.7857142857142857,0.0004
752,0.8920560777187347,1.3427774906158447,0.6730769230769231,0.9423076923076923,0.6428571428571429,0.6428571428571429,0.0004
753,0.8668887317180634,1.1259608268737793,0.7115384615384616,0.9038461538461539,0.6428571428571429,0.7857142857142857,0.0004
754,0.8920910060405731,1.211897850036621,0.7115384615384616,0.9230769230769231,0.7142857142857143,0.7857142857142857,0.0004
755,0.8596684634685516,0.9242358207702637,0.7884615384615384,0.9423076923076923,0.5714285714285714,0.9285714285714286,0.0004
756,0.916294515132904,1.2439345121383667,0.7115384615384616,0.9038461538461539,0.5714285714285714,0.9285714285714286,0.0004
757,0.8662170469760895,1.14567232131958,0.7692307692307693,0.9038461538461539,0.6428571428571429,0.7857142857142857,0.0004
758,0.9112532436847687,1.6147892475128174,0.7115384615384616,0.9038461538461539,0.5714285714285714,0.6428571428571429,0.0004
759,0.9260327816009521,1.2954373359680176,0.7115384615384616,0.9230769230769231,0.7142857142857143,0.7857142857142857,0.0004
760,1.0022033154964447,1.2723592519760132,0.7115384615384616,0.8653846153846154,0.6428571428571429,0.7857142857142857,0.0004
761,0.9807837605476379,0.8468425273895264,0.7307692307692307,0.8461538461538461,0.7142857142857143,0.8571428571428571,0.0004
762,1.087664633989334,1.6822680234909058,0.6153846153846154,0.8846153846153846,0.5,0.6428571428571429,0.0004
763,1.0832580626010895,1.4992954730987549,0.6153846153846154,0.8846153846153846,0.5714285714285714,0.6428571428571429,0.0004
764,0.8977456986904144,1.2663642168045044,0.7115384615384616,0.9230769230769231,0.6428571428571429,0.8571428571428571,0.0004
765,1.137104094028473,1.2430267333984375,0.6538461538461539,0.8653846153846154,0.6428571428571429,0.7857142857142857,0.0004
766,0.955608069896698,1.6916096210479736,0.6730769230769231,0.9038461538461539,0.6428571428571429,0.6428571428571429,0.0004
767,1.0371187627315521,1.4817086458206177,0.6346153846153846,0.8269230769230769,0.5,0.7857142857142857,0.0004
768,1.0905504524707794,0.7045196890830994,0.75,0.8269230769230769,0.7857142857142857,0.8571428571428571,0.0004
769,1.091489851474762,1.2543044090270996,0.6923076923076923,0.8846153846153846,0.5,0.8571428571428571,0.0004
770,1.0269030928611755,1.105028748512268,0.6923076923076923,0.8461538461538461,0.5714285714285714,0.8571428571428571,0.0004
771,0.8573091924190521,1.380920648574829,0.75,0.8846153846153846,0.5714285714285714,0.7142857142857143,0.0004
772,0.8020520508289337,1.139402985572815,0.75,0.8653846153846154,0.7142857142857143,0.7857142857142857,0.0004
773,1.09742271900177,1.5781826972961426,0.6153846153846154,0.8269230769230769,0.42857142857142855,0.7857142857142857,0.0004
774,1.025603711605072,0.7694142460823059,0.6346153846153846,0.9038461538461539,0.7142857142857143,0.8571428571428571,0.0004
775,0.9949767291545868,1.0455902814865112,0.75,0.9038461538461539,0.5714285714285714,0.9285714285714286,0.0004
776,0.8698918223381042,1.6151933670043945,0.7884615384615384,0.8846153846153846,0.6428571428571429,0.7142857142857143,0.0004
777,0.9706942439079285,1.0134868621826172,0.7115384615384616,0.8653846153846154,0.7857142857142857,0.7857142857142857,0.0004
778,1.0687123537063599,1.0769673585891724,0.7115384615384616,0.8846153846153846,0.5714285714285714,0.7857142857142857,0.0004
779,0.9501215219497681,1.3884544372558594,0.6923076923076923,0.8461538461538461,0.7142857142857143,0.7142857142857143,0.0004
780,1.1312959790229797,1.5512019395828247,0.6730769230769231,0.7884615384615384,0.42857142857142855,0.7857142857142857,0.0004
781,0.7621729075908661,1.5978108644485474,0.7692307692307693,0.9423076923076923,0.42857142857142855,0.6428571428571429,0.0004
782,0.8753488659858704,1.4592680931091309,0.75,0.9038461538461539,0.5714285714285714,0.7857142857142857,0.0004
783,1.116848647594452,1.3832802772521973,0.6730769230769231,0.9038461538461539,0.7142857142857143,0.7142857142857143,0.0004
784,0.9037454724311829,0.8870017528533936,0.7115384615384616,0.9038461538461539,0.7857142857142857,0.8571428571428571,0.0004
785,0.8342893421649933,1.6347367763519287,0.75,0.9230769230769231,0.5714285714285714,0.7142857142857143,0.0004
786,0.9561534821987152,1.5198338031768799,0.6730769230769231,0.8846153846153846,0.5,0.7142857142857143,0.0004
787,0.847023606300354,1.9895086288452148,0.7884615384615384,0.9038461538461539,0.5714285714285714,0.5714285714285714,0.0004
788,0.9050793349742889,0.9832020401954651,0.6730769230769231,0.9230769230769231,0.7857142857142857,0.7142857142857143,0.0004
789,0.8159880340099335,1.8896663188934326,0.7307692307692307,0.9038461538461539,0.6428571428571429,0.6428571428571429,0.0004
790,1.0533063411712646,1.3160839080810547,0.6538461538461539,0.8653846153846154,0.5,0.7857142857142857,0.0004
791,1.0309435427188873,1.6073468923568726,0.7307692307692307,0.9038461538461539,0.6428571428571429,0.7857142857142857,0.0004
792,0.83693066239357,1.6081862449645996,0.75,0.9230769230769231,0.42857142857142855,0.7142857142857143,0.0004
793,0.6487229466438293,1.634474277496338,0.7884615384615384,0.9230769230769231,0.7142857142857143,0.7142857142857143,0.0004
794,1.0167120099067688,1.4877734184265137,0.7307692307692307,0.8846153846153846,0.5714285714285714,0.8571428571428571,0.0004
795,1.317643165588379,1.2833452224731445,0.6730769230769231,0.8846153846153846,0.7142857142857143,0.7142857142857143,0.0004
796,1.1462891101837158,1.2408583164215088,0.6538461538461539,0.8653846153846154,0.6428571428571429,0.7857142857142857,0.0004
797,1.3155794143676758,1.0418943166732788,0.5576923076923077,0.8269230769230769,0.7142857142857143,0.7857142857142857,0.0004
798,1.0921541452407837,1.3511236906051636,0.5769230769230769,0.8846153846153846,0.5714285714285714,0.7142857142857143,0.0004
799,0.8546264171600342,1.160675287246704,0.6538461538461539,0.9038461538461539,0.6428571428571429,0.8571428571428571,0.0004
800,1.0317650139331818,1.3564496040344238,0.7115384615384616,0.8846153846153846,0.5714285714285714,0.7142857142857143,0.0004
801,1.1206269562244415,0.8314651846885681,0.6153846153846154,0.8653846153846154,0.7857142857142857,0.9285714285714286,0.0004
802,0.9308005571365356,1.6789575815200806,0.75,0.8269230769230769,0.5,0.7142857142857143,0.0004
803,0.9322343468666077,0.93302321434021,0.6730769230769231,0.9230769230769231,0.7857142857142857,0.7857142857142857,0.0004
804,0.7134660184383392,1.146939992904663,0.7307692307692307,0.9615384615384616,0.7857142857142857,0.7142857142857143,0.0004
805,0.9146676063537598,1.3807591199874878,0.6730769230769231,0.9423076923076923,0.42857142857142855,0.8571428571428571,0.0004
806,1.0201188921928406,1.2578778266906738,0.7115384615384616,0.8269230769230769,0.6428571428571429,0.7857142857142857,0.0004
807,0.8917426466941833,1.2074521780014038,0.7115384615384616,0.9038461538461539,0.7857142857142857,0.7857142857142857,0.0004
808,1.1296969652175903,1.6779413223266602,0.6730769230769231,0.8269230769230769,0.6428571428571429,0.5,0.0004
809,1.2706052660942078,1.3937784433364868,0.6730769230769231,0.8269230769230769,0.6428571428571429,0.7857142857142857,0.0004
810,0.8546309769153595,1.1641227006912231,0.75,0.8461538461538461,0.6428571428571429,0.7142857142857143,0.0004
811,0.9184431433677673,1.1365424394607544,0.75,0.9038461538461539,0.7142857142857143,0.8571428571428571,0.0004
812,0.9835800528526306,1.5481539964675903,0.6346153846153846,0.9615384615384616,0.5714285714285714,0.7857142857142857,0.0004
813,1.2423635721206665,0.984830915927887,0.6153846153846154,0.8461538461538461,0.7857142857142857,0.7857142857142857,0.0004
814,0.9362086951732635,1.3907418251037598,0.7115384615384616,0.9038461538461539,0.5714285714285714,0.7142857142857143,0.0004
815,0.9816367030143738,1.549712896347046,0.7115384615384616,0.8846153846153846,0.5,0.7142857142857143,0.0004
816,0.9379695057868958,1.3099966049194336,0.7115384615384616,0.8846153846153846,0.5,0.7857142857142857,0.0004
817,0.8548958003520966,1.3497414588928223,0.6538461538461539,0.9423076923076923,0.5714285714285714,0.7857142857142857,0.0004
818,1.0729777812957764,1.4172747135162354,0.6538461538461539,0.8269230769230769,0.6428571428571429,0.7142857142857143,0.0004
819,0.8825230002403259,1.4520647525787354,0.7692307692307693,0.8846153846153846,0.5714285714285714,0.7142857142857143,0.0004
820,0.9336278438568115,1.5411629676818848,0.6538461538461539,0.8846153846153846,0.42857142857142855,0.7142857142857143,0.0004
821,0.9286209940910339,1.0605387687683105,0.75,0.8653846153846154,0.6428571428571429,0.8571428571428571,0.0004
822,1.0232773423194885,1.2197608947753906,0.6923076923076923,0.8461538461538461,0.6428571428571429,0.6428571428571429,0.0004
823,1.1500735878944397,1.2084603309631348,0.6730769230769231,0.8269230769230769,0.7142857142857143,0.7857142857142857,0.0004
824,0.8806224465370178,1.130996823310852,0.7115384615384616,0.9230769230769231,0.6428571428571429,0.8571428571428571,0.0004
825,1.2195153832435608,0.8923012018203735,0.5769230769230769,0.7884615384615384,0.6428571428571429,0.9285714285714286,0.0004
826,0.974165678024292,1.0150333642959595,0.6538461538461539,0.8653846153846154,0.5714285714285714,0.9285714285714286,0.0004
827,1.0337539613246918,1.7192955017089844,0.75,0.8269230769230769,0.42857142857142855,0.7857142857142857,0.0004
828,0.9299719333648682,1.3572649955749512,0.6538461538461539,0.9038461538461539,0.5714285714285714,0.7142857142857143,0.0004
829,0.9610026180744171,1.0664350986480713,0.6538461538461539,0.9038461538461539,0.5714285714285714,0.9285714285714286,0.0004
830,1.0465961396694183,1.4797449111938477,0.6538461538461539,0.9038461538461539,0.6428571428571429,0.6428571428571429,0.0004
831,1.0179498791694641,1.3635776042938232,0.7115384615384616,0.9038461538461539,0.7142857142857143,0.5714285714285714,0.0004
832,0.9689059257507324,1.1922714710235596,0.7307692307692307,0.8076923076923077,0.5714285714285714,0.7857142857142857,0.0004
833,1.1937910318374634,1.1927884817123413,0.6538461538461539,0.7692307692307693,0.5714285714285714,0.7857142857142857,0.0004
834,1.0633266866207123,1.3137873411178589,0.6730769230769231,0.8846153846153846,0.6428571428571429,0.6428571428571429,0.0004
835,1.148259460926056,1.0683388710021973,0.6538461538461539,0.8461538461538461,0.7142857142857143,0.7857142857142857,0.0004
836,1.1828478574752808,0.9886709451675415,0.6923076923076923,0.8269230769230769,0.5714285714285714,0.9285714285714286,0.0004
837,0.8573950231075287,1.119335651397705,0.7884615384615384,0.8846153846153846,0.5714285714285714,0.8571428571428571,0.0004
838,1.0376083254814148,1.1221343278884888,0.6346153846153846,0.8846153846153846,0.5714285714285714,0.7857142857142857,0.0004
839,1.0246210098266602,0.8488090634346008,0.75,0.8461538461538461,0.7142857142857143,0.8571428571428571,0.0004
840,1.0403926074504852,1.2301074266433716,0.6730769230769231,0.8846153846153846,0.5714285714285714,0.7857142857142857,0.0004
841,1.095110923051834,1.1605769395828247,0.6346153846153846,0.9038461538461539,0.5,0.7857142857142857,0.0004
842,0.7341274321079254,1.1063141822814941,0.8076923076923077,0.8846153846153846,0.7142857142857143,0.7857142857142857,0.0004
843,0.9408510625362396,0.7721576690673828,0.6153846153846154,0.9038461538461539,0.7857142857142857,0.8571428571428571,0.0004
844,1.0655588507652283,0.8107514381408691,0.6923076923076923,0.8461538461538461,0.7142857142857143,0.8571428571428571,0.0004
845,1.1050492823123932,1.053481101989746,0.6923076923076923,0.8461538461538461,0.7857142857142857,0.7857142857142857,0.0004
846,0.8734169602394104,1.054894208908081,0.7692307692307693,0.8846153846153846,0.7857142857142857,0.7857142857142857,0.0004
847,1.3074017763137817,1.0245879888534546,0.6346153846153846,0.8076923076923077,0.6428571428571429,0.8571428571428571,0.0004
848,0.8951615691184998,1.1878716945648193,0.7115384615384616,0.9038461538461539,0.6428571428571429,0.7857142857142857,0.0004
849,1.008911371231079,1.066502571105957,0.7115384615384616,0.8653846153846154,0.6428571428571429,0.7142857142857143,0.0004
850,0.9138022065162659,1.4344289302825928,0.6923076923076923,0.9230769230769231,0.5,0.6428571428571429,0.0004
851,0.8053351044654846,0.9537285566329956,0.75,0.8653846153846154,0.7142857142857143,0.8571428571428571,0.0004
852,0.9159539043903351,1.0950541496276855,0.6923076923076923,0.9038461538461539,0.6428571428571429,0.7857142857142857,0.0004
853,1.0421177744865417,1.3095793724060059,0.75,0.8076923076923077,0.5714285714285714,0.7857142857142857,0.0004
854,0.8711284399032593,1.483656644821167,0.75,0.8846153846153846,0.6428571428571429,0.7142857142857143,0.0004
855,0.9157900214195251,1.1775102615356445,0.7115384615384616,0.8846153846153846,0.7857142857142857,0.6428571428571429,0.0004
856,0.897743433713913,1.3208081722259521,0.7115384615384616,0.8846153846153846,0.5714285714285714,0.8571428571428571,0.0004
857,1.044705331325531,0.7226279973983765,0.6730769230769231,0.8653846153846154,0.9285714285714286,0.7857142857142857,0.0004
858,0.8743060529232025,1.2101631164550781,0.6730769230769231,0.9615384615384616,0.7857142857142857,0.7142857142857143,0.0004
859,0.9062627255916595,1.5806423425674438,0.7115384615384616,0.9038461538461539,0.42857142857142855,0.7857142857142857,0.0004
860,0.7850221693515778,1.359896183013916,0.7692307692307693,0.8846153846153846,0.6428571428571429,0.7142857142857143,0.0004
861,0.8759695589542389,1.1852672100067139,0.6923076923076923,0.8846153846153846,0.5714285714285714,0.8571428571428571,0.0004
862,1.0970271825790405,0.839723527431488,0.7115384615384616,0.8461538461538461,0.7142857142857143,0.9285714285714286,0.0004
863,1.0891380906105042,1.2212426662445068,0.6153846153846154,0.8846153846153846,0.6428571428571429,0.7142857142857143,0.0004
864,0.9760250449180603,0.8635689616203308,0.6346153846153846,0.8653846153846154,0.7142857142857143,0.8571428571428571,0.0004
865,0.8452408611774445,1.2393845319747925,0.7307692307692307,0.8653846153846154,0.5714285714285714,0.7857142857142857,0.0004
866,1.0153106451034546,1.4361135959625244,0.6538461538461539,0.8269230769230769,0.5714285714285714,0.7142857142857143,0.0004
867,1.0284442901611328,1.6132876873016357,0.6346153846153846,0.8653846153846154,0.5,0.7142857142857143,0.0004
868,1.1344721913337708,1.0172792673110962,0.6538461538461539,0.8461538461538461,0.5714285714285714,0.7857142857142857,0.0004
869,0.8389225602149963,0.8980656862258911,0.75,0.9038461538461539,0.5714285714285714,0.7857142857142857,0.0004
870,0.8545325398445129,1.334712028503418,0.7692307692307693,0.8461538461538461,0.6428571428571429,0.7857142857142857,0.0004
871,0.8598136901855469,1.2243623733520508,0.75,0.8269230769230769,0.5714285714285714,0.7857142857142857,0.0004
872,0.8059913218021393,1.9827334880828857,0.7115384615384616,0.9423076923076923,0.35714285714285715,0.6428571428571429,0.0004
873,1.0302716493606567,1.1420621871948242,0.7307692307692307,0.8653846153846154,0.6428571428571429,0.7857142857142857,0.0004
874,0.8803074359893799,1.2492544651031494,0.7307692307692307,0.8846153846153846,0.7142857142857143,0.7142857142857143,0.0004
875,1.021460235118866,1.2055565118789673,0.6730769230769231,0.8846153846153846,0.5714285714285714,0.8571428571428571,0.0004
876,0.7474401295185089,1.2668360471725464,0.8269230769230769,0.8846153846153846,0.5714285714285714,0.8571428571428571,0.0004
877,1.0130347609519958,1.4612603187561035,0.5769230769230769,0.9038461538461539,0.5,0.7857142857142857,0.0004
878,0.8485684394836426,1.495363712310791,0.75,0.8653846153846154,0.5,0.7857142857142857,0.0004
879,0.7257786691188812,1.0491559505462646,0.7884615384615384,0.9230769230769231,0.8571428571428571,0.7142857142857143,0.0004
880,0.8187218308448792,1.6480340957641602,0.7115384615384616,0.9038461538461539,0.5,0.7142857142857143,0.0004
881,1.1712386012077332,1.319529414176941,0.6538461538461539,0.8076923076923077,0.6428571428571429,0.7857142857142857,0.0004
882,0.8053972721099854,0.857586145401001,0.7884615384615384,0.9038461538461539,0.7142857142857143,0.9285714285714286,0.0004
883,0.8598885834217072,1.1100679636001587,0.7115384615384616,0.9230769230769231,0.7857142857142857,0.7142857142857143,0.0004
884,0.8268773555755615,1.2632861137390137,0.7884615384615384,0.8846153846153846,0.6428571428571429,0.7142857142857143,0.0004
885,0.9799613356590271,1.0933414697647095,0.6538461538461539,0.8846153846153846,0.7857142857142857,0.6428571428571429,0.0004
886,0.8721362054347992,1.1637866497039795,0.7307692307692307,0.8653846153846154,0.7857142857142857,0.7857142857142857,0.0004
887,0.9370171427726746,1.286590814590454,0.6730769230769231,0.8846153846153846,0.6428571428571429,0.7857142857142857,0.0004
888,0.8303021490573883,1.3084570169448853,0.7884615384615384,0.8461538461538461,0.6428571428571429,0.7142857142857143,0.0004
889,0.8117225170135498,1.4876643419265747,0.7692307692307693,0.8846153846153846,0.6428571428571429,0.6428571428571429,0.0004
890,1.2383741438388824,1.1876331567764282,0.6346153846153846,0.8461538461538461,0.7857142857142857,0.7142857142857143,0.0004
891,0.9327298104763031,1.7565524578094482,0.7115384615384616,0.8461538461538461,0.5,0.6428571428571429,0.0004
892,1.1132607460021973,1.3686513900756836,0.6730769230769231,0.8461538461538461,0.6428571428571429,0.7142857142857143,0.0004
893,1.0515143275260925,1.12667977809906,0.7307692307692307,0.8269230769230769,0.7142857142857143,0.8571428571428571,0.0004
894,1.0290654599666595,1.5036132335662842,0.6730769230769231,0.8461538461538461,0.5,0.7857142857142857,0.0004
895,0.9969063401222229,1.1398725509643555,0.6923076923076923,0.8461538461538461,0.7142857142857143,0.7857142857142857,0.0004
896,0.8599467873573303,0.9350649118423462,0.75,0.8653846153846154,0.7857142857142857,0.9285714285714286,0.0004
897,0.8596926033496857,0.809493899345398,0.7307692307692307,0.9038461538461539,0.8571428571428571,0.7857142857142857,0.0004
898,0.9959587156772614,1.011134386062622,0.7115384615384616,0.8653846153846154,0.6428571428571429,0.8571428571428571,0.0004
899,0.9431000351905823,1.265411376953125,0.6538461538461539,0.8846153846153846,0.5714285714285714,0.7857142857142857,0.0004
900,1.1492226719856262,0.9888591766357422,0.6346153846153846,0.8461538461538461,0.7142857142857143,0.8571428571428571,0.0004
901,0.876232773065567,1.271172285079956,0.7307692307692307,0.8653846153846154,0.7142857142857143,0.7142857142857143,0.0004
902,0.9569781124591827,0.9266008138656616,0.7307692307692307,0.8461538461538461,0.6428571428571429,0.7857142857142857,0.0004
903,0.9316633939743042,1.4108901023864746,0.75,0.8461538461538461,0.6428571428571429,0.6428571428571429,0.0004
904,0.9754606187343597,1.044385313987732,0.6923076923076923,0.9230769230769231,0.7142857142857143,0.7857142857142857,0.0004
905,0.9978929162025452,0.9872559905052185,0.7115384615384616,0.8269230769230769,0.6428571428571429,0.7857142857142857,0.0004
906,0.85884889960289,0.7561484575271606,0.6923076923076923,0.8653846153846154,0.8571428571428571,0.7857142857142857,0.0004
907,0.8619382977485657,1.0157678127288818,0.7115384615384616,0.8461538461538461,0.7857142857142857,0.7857142857142857,0.0004
908,0.9579626321792603,0.9756793975830078,0.6538461538461539,0.8846153846153846,0.7857142857142857,0.7857142857142857,0.0004
909,0.9346486628055573,1.1540422439575195,0.7307692307692307,0.8653846153846154,0.7142857142857143,0.7142857142857143,0.0004
910,0.9161441028118134,0.9144570231437683,0.6538461538461539,0.9038461538461539,0.6428571428571429,0.9285714285714286,0.0004
911,0.8908264636993408,0.990081787109375,0.6923076923076923,0.8846153846153846,0.7142857142857143,0.7857142857142857,0.0004
912,0.962691068649292,1.2662935256958008,0.6923076923076923,0.8846153846153846,0.6428571428571429,0.7142857142857143,0.0004
913,0.9018776416778564,1.0476090908050537,0.7307692307692307,0.8461538461538461,0.7142857142857143,0.8571428571428571,0.0004
914,0.8163367509841919,1.2692701816558838,0.75,0.8846153846153846,0.6428571428571429,0.6428571428571429,0.0004
915,1.0248568952083588,1.4295811653137207,0.6346153846153846,0.8653846153846154,0.5,0.5714285714285714,0.0004
916,1.0059523284435272,0.9160107374191284,0.6923076923076923,0.8269230769230769,0.7142857142857143,0.8571428571428571,0.0004
917,1.1177167296409607,0.8286585211753845,0.5576923076923077,0.8846153846153846,0.7142857142857143,0.8571428571428571,0.0004
918,0.960134744644165,0.6799737215042114,0.7115384615384616,0.9038461538461539,0.6428571428571429,1.0,0.0004
919,0.838894784450531,1.4166760444641113,0.7692307692307693,0.8653846153846154,0.5,0.8571428571428571,0.0004
920,0.9870808720588684,1.5046664476394653,0.6730769230769231,0.9038461538461539,0.6428571428571429,0.7142857142857143,0.0004
921,0.8946904242038727,1.1794376373291016,0.75,0.8846153846153846,0.5714285714285714,0.9285714285714286,0.0004
922,1.0864449739456177,1.5266406536102295,0.6346153846153846,0.8846153846153846,0.42857142857142855,0.7857142857142857,0.0004
923,0.9020545184612274,1.3763318061828613,0.7115384615384616,0.9038461538461539,0.5714285714285714,0.6428571428571429,0.0004
924,1.2715452015399933,1.4083318710327148,0.5384615384615384,0.8461538461538461,0.5714285714285714,0.7142857142857143,0.0004
925,1.1155281066894531,1.0362547636032104,0.6538461538461539,0.8269230769230769,0.7142857142857143,0.7857142857142857,0.0004
926,0.9567655324935913,1.0244333744049072,0.6538461538461539,0.9038461538461539,0.6428571428571429,0.8571428571428571,0.0004
927,0.8874582648277283,1.3629536628723145,0.7884615384615384,0.8653846153846154,0.5,0.7142857142857143,0.0004
928,1.0000053644180298,1.0749411582946777,0.6538461538461539,0.8653846153846154,0.6428571428571429,0.7142857142857143,0.0004
929,1.0986326932907104,1.1274971961975098,0.6538461538461539,0.8461538461538461,0.5714285714285714,0.8571428571428571,0.0004
930,0.9355360269546509,1.3200831413269043,0.6538461538461539,0.9038461538461539,0.6428571428571429,0.7142857142857143,0.0004
931,1.037180632352829,1.118019461631775,0.6153846153846154,0.8653846153846154,0.6428571428571429,0.7857142857142857,0.0004
932,0.9309442639350891,1.0543571710586548,0.6538461538461539,0.9038461538461539,0.7857142857142857,0.7142857142857143,0.0004
933,1.0430023074150085,1.3876558542251587,0.6923076923076923,0.9038461538461539,0.6428571428571429,0.7142857142857143,0.0004
934,0.8902539312839508,0.9240320324897766,0.6538461538461539,0.9038461538461539,0.6428571428571429,0.9285714285714286,0.0004
935,1.0672041177749634,1.0951423645019531,0.6538461538461539,0.8076923076923077,0.5714285714285714,0.8571428571428571,0.0004
936,1.13017538189888,0.7356290221214294,0.5961538461538461,0.8653846153846154,0.8571428571428571,0.8571428571428571,0.0004
937,1.2538776993751526,0.9469426870346069,0.6346153846153846,0.8653846153846154,0.7142857142857143,0.7857142857142857,0.0004
938,0.9345945417881012,0.8349785804748535,0.6730769230769231,0.8846153846153846,0.8571428571428571,0.9285714285714286,0.0004
939,0.7823688983917236,0.849416971206665,0.7307692307692307,0.8846153846153846,0.7857142857142857,0.8571428571428571,0.0004
940,0.8903721570968628,1.1324760913848877,0.7115384615384616,0.8846153846153846,0.5714285714285714,0.6428571428571429,0.0004
941,0.8482459187507629,1.0629122257232666,0.6730769230769231,0.9423076923076923,0.6428571428571429,0.6428571428571429,0.0004
942,0.8272241353988647,1.3295178413391113,0.7884615384615384,0.9230769230769231,0.7142857142857143,0.6428571428571429,0.0004
943,0.9154595136642456,0.9480928182601929,0.6923076923076923,0.8846153846153846,0.5714285714285714,0.7857142857142857,0.0004
944,0.8374842703342438,0.7484961748123169,0.7115384615384616,0.9038461538461539,0.7142857142857143,0.8571428571428571,0.0004
945,0.8867059648036957,1.3220988512039185,0.6730769230769231,0.8653846153846154,0.6428571428571429,0.7857142857142857,0.0004
946,1.239068329334259,1.2165316343307495,0.6153846153846154,0.8461538461538461,0.6428571428571429,0.7857142857142857,0.0004
947,1.0479238033294678,1.2231643199920654,0.6923076923076923,0.8846153846153846,0.6428571428571429,0.5714285714285714,0.0004
948,0.9356890022754669,1.1753536462783813,0.75,0.8269230769230769,0.5,0.9285714285714286,0.0004
949,0.8685698211193085,1.3838434219360352,0.6346153846153846,0.9038461538461539,0.5,0.7857142857142857,0.0004
950,0.944463700056076,0.97846519947052,0.7307692307692307,0.8846153846153846,0.5714285714285714,0.8571428571428571,0.0004
951,1.102180540561676,1.1133015155792236,0.6730769230769231,0.8653846153846154,0.5714285714285714,0.8571428571428571,0.0004
952,1.0745042562484741,1.021597146987915,0.7692307692307693,0.8076923076923077,0.6428571428571429,0.9285714285714286,0.0004
953,0.8089800477027893,1.2168623208999634,0.75,0.9038461538461539,0.5714285714285714,0.8571428571428571,0.0004
954,0.9503227472305298,0.9562821388244629,0.6730769230769231,0.8653846153846154,0.7142857142857143,0.7857142857142857,0.0004
955,1.014736294746399,0.9917147159576416,0.7307692307692307,0.8461538461538461,0.5714285714285714,0.9285714285714286,0.0004
956,0.9381489157676697,0.7795841693878174,0.6923076923076923,0.8461538461538461,0.7857142857142857,0.8571428571428571,0.0004
957,1.0408477783203125,1.3521912097930908,0.6730769230769231,0.8653846153846154,0.5714285714285714,0.7142857142857143,0.0004
958,1.1395672857761383,1.1905618906021118,0.6346153846153846,0.8461538461538461,0.7142857142857143,0.6428571428571429,0.0004
959,0.8469168543815613,1.784738302230835,0.7115384615384616,0.9615384615384616,0.5714285714285714,0.6428571428571429,0.0004
960,1.1806153059005737,1.242429256439209,0.5769230769230769,0.8461538461538461,0.5714285714285714,0.7857142857142857,0.0004
961,0.926685631275177,1.630820870399475,0.7307692307692307,0.9038461538461539,0.5,0.6428571428571429,0.0004
962,0.8063686788082123,1.570951223373413,0.7115384615384616,0.9230769230769231,0.42857142857142855,0.5714285714285714,0.0004
963,0.9803830981254578,0.863003134727478,0.7115384615384616,0.8269230769230769,0.8571428571428571,0.7142857142857143,0.0004
964,1.1099934577941895,1.2853031158447266,0.6730769230769231,0.8461538461538461,0.6428571428571429,0.7142857142857143,0.0004
965,1.032025396823883,1.3493441343307495,0.6538461538461539,0.8269230769230769,0.5714285714285714,0.7142857142857143,0.0004
966,0.7009239196777344,1.3768033981323242,0.8269230769230769,0.9230769230769231,0.42857142857142855,0.8571428571428571,0.0004
967,1.019610047340393,1.4323526620864868,0.6923076923076923,0.9038461538461539,0.6428571428571429,0.7142857142857143,0.0004
968,0.861653059720993,1.1426126956939697,0.7307692307692307,0.8846153846153846,0.7142857142857143,0.7142857142857143,0.0004
969,0.9486387372016907,1.2097125053405762,0.6923076923076923,0.9230769230769231,0.5714285714285714,0.7857142857142857,0.0004
970,0.9454659223556519,1.313143014907837,0.6923076923076923,0.8846153846153846,0.6428571428571429,0.7142857142857143,0.0004
971,0.9306656122207642,1.0289678573608398,0.7115384615384616,0.8653846153846154,0.7142857142857143,0.8571428571428571,0.0004
972,0.8341685235500336,1.05910325050354,0.6923076923076923,0.8846153846153846,0.7142857142857143,0.7857142857142857,0.0004
973,0.6406597793102264,1.5756890773773193,0.8076923076923077,0.9230769230769231,0.5714285714285714,0.7142857142857143,0.0004
974,0.9104928374290466,0.6503145694732666,0.6538461538461539,0.9230769230769231,0.7857142857142857,0.9285714285714286,0.0004
975,0.9707250595092773,1.2546038627624512,0.7115384615384616,0.8846153846153846,0.5,0.7857142857142857,0.0004
976,0.9356778562068939,0.7853864431381226,0.6730769230769231,0.9230769230769231,0.8571428571428571,0.7857142857142857,0.0004
977,0.9831001162528992,1.2788822650909424,0.6923076923076923,0.8653846153846154,0.5714285714285714,0.7857142857142857,0.0004
978,0.9440766274929047,1.0581598281860352,0.7692307692307693,0.8653846153846154,0.7142857142857143,0.8571428571428571,0.0004
979,1.0439943075180054,1.6356972455978394,0.6538461538461539,0.8846153846153846,0.42857142857142855,0.7857142857142857,0.0004
980,0.8793063163757324,1.7808901071548462,0.7115384615384616,0.8846153846153846,0.35714285714285715,0.7857142857142857,0.0004
981,0.9532162249088287,1.489958643913269,0.6923076923076923,0.8846153846153846,0.5,0.7142857142857143,0.0004
982,0.8628707230091095,0.7437801361083984,0.7692307692307693,0.8269230769230769,0.9285714285714286,0.8571428571428571,0.0004
983,0.8768324851989746,0.9581395387649536,0.6538461538461539,0.9038461538461539,0.7142857142857143,0.8571428571428571,0.0004
984,0.9253176748752594,0.7233598232269287,0.6346153846153846,0.9423076923076923,0.6428571428571429,0.9285714285714286,0.0004
985,0.9349129796028137,1.2408263683319092,0.6346153846153846,0.8846153846153846,0.6428571428571429,0.7857142857142857,0.0004
986,0.8262394964694977,0.9637537002563477,0.6538461538461539,0.9230769230769231,0.5,1.0,0.0004
987,0.8581034243106842,1.1380410194396973,0.75,0.9230769230769231,0.6428571428571429,0.8571428571428571,0.0004
988,0.9857922196388245,1.213333249092102,0.6538461538461539,0.9038461538461539,0.7857142857142857,0.7857142857142857,0.0004
989,0.8974406123161316,1.1845006942749023,0.7307692307692307,0.8846153846153846,0.7142857142857143,0.7857142857142857,0.0004
990,1.151347815990448,0.9784252643585205,0.6538461538461539,0.8461538461538461,0.7142857142857143,0.8571428571428571,0.0004
991,0.9338161945343018,1.3850617408752441,0.7115384615384616,0.9038461538461539,0.6428571428571429,0.7142857142857143,0.0004
992,1.1254700422286987,1.0126640796661377,0.6538461538461539,0.8846153846153846,0.6428571428571429,1.0,0.0004
993,0.9265871644020081,1.8231885433197021,0.7307692307692307,0.8653846153846154,0.5714285714285714,0.7142857142857143,0.0004
994,1.0546990036964417,1.2902504205703735,0.6730769230769231,0.8461538461538461,0.5714285714285714,0.7857142857142857,0.0004
995,0.9412297904491425,1.4507516622543335,0.7307692307692307,0.9230769230769231,0.5,0.7142857142857143,0.0004
996,0.9335318505764008,1.0994768142700195,0.75,0.8461538461538461,0.5714285714285714,0.8571428571428571,0.0004
997,0.8457896709442139,1.4748544692993164,0.75,0.9423076923076923,0.5,0.7142857142857143,0.0004
998,1.0468428432941437,1.6008074283599854,0.6923076923076923,0.8846153846153846,0.7142857142857143,0.6428571428571429,0.0004
999,1.1089950799942017,1.1168986558914185,0.6538461538461539,0.8461538461538461,0.6428571428571429,0.7857142857142857,0.0004
1000,0.8907836973667145,0.98063725233078,0.6538461538461539,0.8846153846153846,0.6428571428571429,0.7857142857142857,0.0004
