epoch,train_loss,val_loss,train_acc_action,train_acc_status,val_acc_action,val_acc_status,learning_rate
1,1.6059120297431946,1.5401488542556763,0.36538461538461536,0.8269230769230769,0.35714285714285715,0.8571428571428571,0.0004
2,1.6102917194366455,1.5604197978973389,0.28846153846153844,0.8269230769230769,0.21428571428571427,0.8571428571428571,0.0004
3,1.5826407670974731,1.5359524488449097,0.36538461538461536,0.8269230769230769,0.21428571428571427,0.8571428571428571,0.0004
4,1.592484474182129,1.5165702104568481,0.36538461538461536,0.8269230769230769,0.21428571428571427,0.8571428571428571,0.0004
5,1.566618025302887,1.5174338817596436,0.34615384615384615,0.8269230769230769,0.35714285714285715,0.8571428571428571,0.0004
6,1.5770872831344604,1.532486081123352,0.36538461538461536,0.8269230769230769,0.14285714285714285,0.8571428571428571,0.0004
7,1.5659661293029785,1.543999195098877,0.3269230769230769,0.8269230769230769,0.21428571428571427,0.8571428571428571,0.0004
8,1.5728789567947388,1.5511622428894043,0.40384615384615385,0.8269230769230769,0.21428571428571427,0.8571428571428571,0.0004
9,1.5662187933921814,1.5480396747589111,0.36538461538461536,0.8269230769230769,0.21428571428571427,0.8571428571428571,0.0004
10,1.5662599802017212,1.5448423624038696,0.34615384615384615,0.8269230769230769,0.21428571428571427,0.8571428571428571,0.0004
11,1.5355024337768555,1.5369458198547363,0.40384615384615385,0.8269230769230769,0.21428571428571427,0.8571428571428571,0.0004
12,1.5769883394241333,1.5385332107543945,0.36538461538461536,0.8269230769230769,0.21428571428571427,0.8571428571428571,0.0004
13,1.5766823291778564,1.5347599983215332,0.36538461538461536,0.8269230769230769,0.21428571428571427,0.8571428571428571,0.0004
14,1.5479724407196045,1.5327270030975342,0.36538461538461536,0.8269230769230769,0.21428571428571427,0.8571428571428571,0.0004
15,1.5304532647132874,1.5410619974136353,0.36538461538461536,0.8269230769230769,0.21428571428571427,0.8571428571428571,0.0004
16,1.5216302871704102,1.5490144491195679,0.36538461538461536,0.8269230769230769,0.21428571428571427,0.8571428571428571,0.0004
17,1.5679752826690674,1.5524773597717285,0.36538461538461536,0.8269230769230769,0.21428571428571427,0.8571428571428571,0.0004
18,1.5557753443717957,1.5516217947006226,0.36538461538461536,0.8269230769230769,0.21428571428571427,0.8571428571428571,0.0004
19,1.5453912019729614,1.5461126565933228,0.36538461538461536,0.8269230769230769,0.21428571428571427,0.8571428571428571,0.0004
20,1.5483908653259277,1.539597749710083,0.36538461538461536,0.8269230769230769,0.21428571428571427,0.8571428571428571,0.0004
21,1.5625794529914856,1.5267822742462158,0.36538461538461536,0.8269230769230769,0.21428571428571427,0.8571428571428571,0.0004
22,1.5555312633514404,1.5158494710922241,0.3269230769230769,0.8269230769230769,0.21428571428571427,0.8571428571428571,0.0004
23,1.5354356169700623,1.5171728134155273,0.5192307692307693,0.8269230769230769,0.2857142857142857,0.8571428571428571,0.0004
24,1.5340032577514648,1.5088448524475098,0.4423076923076923,0.8269230769230769,0.35714285714285715,0.8571428571428571,0.0004
25,1.5173677802085876,1.5169034004211426,0.4807692307692308,0.8269230769230769,0.42857142857142855,0.8571428571428571,0.0004
26,1.5677895545959473,1.5057920217514038,0.28846153846153844,0.8269230769230769,0.35714285714285715,0.8571428571428571,0.0004
27,1.510327696800232,1.5190279483795166,0.4807692307692308,0.8269230769230769,0.35714285714285715,0.8571428571428571,0.0004
28,1.5327629446983337,1.5158511400222778,0.4230769230769231,0.8269230769230769,0.21428571428571427,0.8571428571428571,0.0004
29,1.5457980632781982,1.505788803100586,0.36538461538461536,0.8269230769230769,0.21428571428571427,0.8571428571428571,0.0004
30,1.538110613822937,1.5154407024383545,0.34615384615384615,0.8269230769230769,0.21428571428571427,0.8571428571428571,0.0004
31,1.4934998750686646,1.5025155544281006,0.4230769230769231,0.8269230769230769,0.42857142857142855,0.8571428571428571,0.0004
32,1.537278652191162,1.4522733688354492,0.34615384615384615,0.8269230769230769,0.5714285714285714,0.8571428571428571,0.0004
33,1.5980470776557922,1.466805338859558,0.36538461538461536,0.8269230769230769,0.7142857142857143,0.8571428571428571,0.0004
34,1.5468562841415405,1.4371997117996216,0.4807692307692308,0.8269230769230769,0.5714285714285714,0.8571428571428571,0.0004
35,1.4771467447280884,1.4738504886627197,0.40384615384615385,0.8269230769230769,0.35714285714285715,0.8571428571428571,0.0004
36,1.472316324710846,1.430236577987671,0.4423076923076923,0.8269230769230769,0.5,0.8571428571428571,0.0004
37,1.4954151511192322,1.4462921619415283,0.4423076923076923,0.8269230769230769,0.5714285714285714,0.8571428571428571,0.0004
38,1.4847552180290222,1.3879166841506958,0.4423076923076923,0.8269230769230769,0.5714285714285714,0.8571428571428571,0.0004
39,1.4627212285995483,1.381914496421814,0.46153846153846156,0.8269230769230769,0.5714285714285714,0.8571428571428571,0.0004
40,1.5124894380569458,1.4115607738494873,0.4423076923076923,0.8269230769230769,0.5714285714285714,0.8571428571428571,0.0004
41,1.5037073493003845,1.4492602348327637,0.46153846153846156,0.8269230769230769,0.42857142857142855,0.8571428571428571,0.0004
42,1.4679299592971802,1.306897759437561,0.4423076923076923,0.8269230769230769,0.7857142857142857,0.8571428571428571,0.0004
43,1.402362585067749,1.3686869144439697,0.4807692307692308,0.8269230769230769,0.5,0.8571428571428571,0.0004
44,1.4344826340675354,1.3311576843261719,0.5,0.8269230769230769,0.7142857142857143,0.8571428571428571,0.0004
45,1.3526508808135986,1.352553367614746,0.4807692307692308,0.8269230769230769,0.7142857142857143,0.8571428571428571,0.0004
46,1.415992796421051,1.4197173118591309,0.4423076923076923,0.8269230769230769,0.7142857142857143,0.8571428571428571,0.0004
47,1.4560732245445251,1.340301513671875,0.36538461538461536,0.8269230769230769,0.5,0.8571428571428571,0.0004
48,1.3741227388381958,1.3724925518035889,0.46153846153846156,0.8269230769230769,0.5714285714285714,0.8571428571428571,0.0004
49,1.2904902696609497,1.6324827671051025,0.5,0.8269230769230769,0.5,0.8571428571428571,0.0004
50,1.309254229068756,1.311967134475708,0.5,0.8269230769230769,0.6428571428571429,0.8571428571428571,0.0004
51,1.3960044384002686,1.4202576875686646,0.4423076923076923,0.8269230769230769,0.5714285714285714,0.8571428571428571,0.0004
52,1.4138079285621643,1.3370623588562012,0.4423076923076923,0.8269230769230769,0.6428571428571429,0.8571428571428571,0.0004
53,1.355112612247467,1.5080318450927734,0.5,0.8269230769230769,0.42857142857142855,0.8571428571428571,0.0004
54,1.3280683755874634,1.4099386930465698,0.5384615384615384,0.8269230769230769,0.35714285714285715,0.8571428571428571,0.0004
55,1.3642608523368835,1.5116002559661865,0.5,0.8269230769230769,0.42857142857142855,0.8571428571428571,0.0004
56,1.2652085423469543,1.38852858543396,0.5192307692307693,0.8269230769230769,0.5714285714285714,0.8571428571428571,0.0004
57,1.297877013683319,1.4164329767227173,0.5384615384615384,0.8269230769230769,0.5,0.8571428571428571,0.0004
58,1.251865565776825,1.6036176681518555,0.5384615384615384,0.8269230769230769,0.2857142857142857,0.8571428571428571,0.0004
59,1.1884209513664246,1.4715521335601807,0.5192307692307693,0.8269230769230769,0.5,0.7142857142857143,0.0004
60,1.2307133078575134,1.5866138935089111,0.5576923076923077,0.8461538461538461,0.35714285714285715,0.6428571428571429,0.0004
61,1.35767263174057,1.579284906387329,0.46153846153846156,0.8846153846153846,0.42857142857142855,0.8571428571428571,0.0004
62,1.2609604597091675,1.7370479106903076,0.5384615384615384,0.8269230769230769,0.2857142857142857,0.8571428571428571,0.0004
63,1.2723710536956787,1.626006841659546,0.4423076923076923,0.8269230769230769,0.35714285714285715,0.7142857142857143,0.0004
64,1.2577274441719055,1.7447264194488525,0.5384615384615384,0.8653846153846154,0.2857142857142857,0.6428571428571429,0.0004
65,1.2667946815490723,1.7098000049591064,0.5,0.8461538461538461,0.21428571428571427,0.6428571428571429,0.0004
66,1.325657308101654,1.6136280298233032,0.5,0.8269230769230769,0.5,0.8571428571428571,0.0004
67,1.3818303346633911,1.586061954498291,0.40384615384615385,0.8269230769230769,0.42857142857142855,0.8571428571428571,0.0004
68,1.2937495112419128,1.575059175491333,0.4807692307692308,0.8269230769230769,0.35714285714285715,0.7857142857142857,0.0004
69,1.217757225036621,1.49589204788208,0.4807692307692308,0.8653846153846154,0.42857142857142855,0.7142857142857143,0.0004
70,1.2430784106254578,1.757539987564087,0.5192307692307693,0.8269230769230769,0.42857142857142855,0.6428571428571429,0.0004
71,1.301936149597168,1.869189977645874,0.46153846153846156,0.8076923076923077,0.35714285714285715,0.5714285714285714,0.0004
72,1.2388197183609009,1.7479462623596191,0.4423076923076923,0.8846153846153846,0.5,0.7857142857142857,0.0004
73,1.1633353233337402,1.4378869533538818,0.5384615384615384,0.8846153846153846,0.6428571428571429,0.8571428571428571,0.0004
74,1.4385943412780762,1.6126646995544434,0.40384615384615385,0.8269230769230769,0.5714285714285714,0.8571428571428571,0.0004
75,1.2064644694328308,1.6303329467773438,0.5769230769230769,0.8461538461538461,0.5,0.7857142857142857,0.0004
76,1.175135850906372,1.6788673400878906,0.6153846153846154,0.8653846153846154,0.2857142857142857,0.5714285714285714,0.0004
77,1.4292705059051514,1.660559892654419,0.46153846153846156,0.7692307692307693,0.42857142857142855,0.6428571428571429,0.0004
78,1.5049429535865784,1.4865281581878662,0.4807692307692308,0.7307692307692307,0.5714285714285714,0.5714285714285714,0.0004
79,1.3580240607261658,1.553762435913086,0.5,0.7884615384615384,0.5,0.6428571428571429,0.0004
80,1.1963082551956177,1.4552556276321411,0.5192307692307693,0.8461538461538461,0.5714285714285714,0.8571428571428571,0.0004
81,1.179764747619629,1.3518540859222412,0.5961538461538461,0.8653846153846154,0.6428571428571429,0.8571428571428571,0.0004
82,1.3112927079200745,1.4796006679534912,0.5,0.8269230769230769,0.5714285714285714,0.8571428571428571,0.0004
83,1.2268664240837097,1.515272855758667,0.5,0.8269230769230769,0.6428571428571429,0.8571428571428571,0.0004
84,1.1650845408439636,1.5661959648132324,0.5576923076923077,0.8269230769230769,0.6428571428571429,0.8571428571428571,0.0004
85,1.2312792539596558,1.3150173425674438,0.6153846153846154,0.8269230769230769,0.5,0.7142857142857143,0.0004
86,1.284419059753418,1.6047688722610474,0.5192307692307693,0.8269230769230769,0.5,0.6428571428571429,0.0004
87,1.2466102838516235,1.60235595703125,0.5,0.8846153846153846,0.42857142857142855,0.7142857142857143,0.0004
88,1.4100260138511658,1.7058191299438477,0.4807692307692308,0.8461538461538461,0.21428571428571427,0.8571428571428571,0.0004
89,1.3246970772743225,1.5010089874267578,0.4423076923076923,0.8269230769230769,0.42857142857142855,0.7142857142857143,0.0004
90,1.1915507316589355,1.562356948852539,0.5192307692307693,0.9038461538461539,0.5,0.7857142857142857,0.0004
91,1.3497014045715332,1.635103464126587,0.4230769230769231,0.8653846153846154,0.5,0.7142857142857143,0.0004
92,1.256791591644287,1.7040972709655762,0.5384615384615384,0.8846153846153846,0.5714285714285714,0.7857142857142857,0.0004
93,1.2641957998275757,1.4230395555496216,0.4807692307692308,0.8653846153846154,0.6428571428571429,0.8571428571428571,0.0004
94,1.184830904006958,1.6016981601715088,0.5576923076923077,0.8269230769230769,0.5,0.8571428571428571,0.0004
95,1.255913257598877,1.651059865951538,0.5,0.8269230769230769,0.35714285714285715,0.8571428571428571,0.0004
96,1.1849898099899292,1.5036730766296387,0.5576923076923077,0.8269230769230769,0.5,0.9285714285714286,0.0004
97,1.1010006070137024,1.5699458122253418,0.5769230769230769,0.9038461538461539,0.21428571428571427,0.5714285714285714,0.0004
98,1.1413635611534119,1.6095027923583984,0.4807692307692308,0.9038461538461539,0.21428571428571427,0.6428571428571429,0.0004
99,1.0909093022346497,1.529648780822754,0.5192307692307693,0.9615384615384616,0.42857142857142855,0.7857142857142857,0.0004
100,1.1553557515144348,1.6086556911468506,0.4807692307692308,0.8846153846153846,0.42857142857142855,0.7857142857142857,0.0004
101,1.2216437458992004,1.457466721534729,0.40384615384615385,0.8846153846153846,0.35714285714285715,0.7857142857142857,0.0004
102,1.0649280548095703,1.451812982559204,0.6153846153846154,0.9615384615384616,0.6428571428571429,0.9285714285714286,0.0004
103,1.201426088809967,1.432678461074829,0.5192307692307693,0.8846153846153846,0.5,0.8571428571428571,0.0004
104,1.235558807849884,1.7613568305969238,0.5192307692307693,0.8846153846153846,0.5,0.8571428571428571,0.0004
105,1.1293544173240662,1.8695247173309326,0.6153846153846154,0.8653846153846154,0.35714285714285715,0.6428571428571429,0.0004
106,1.1272925734519958,1.4689249992370605,0.5961538461538461,0.9038461538461539,0.5,0.9285714285714286,0.0004
107,1.0779781937599182,1.7112464904785156,0.5384615384615384,0.9615384615384616,0.2857142857142857,0.7857142857142857,0.0004
108,1.037800133228302,1.6207478046417236,0.6153846153846154,0.9423076923076923,0.5714285714285714,0.7857142857142857,0.0004
109,1.1329756379127502,1.6875109672546387,0.5384615384615384,0.8846153846153846,0.42857142857142855,0.7857142857142857,0.0004
110,1.2342222332954407,1.6076359748840332,0.4807692307692308,0.8461538461538461,0.5,0.7857142857142857,0.0004
111,1.065432846546173,1.778834342956543,0.5576923076923077,0.9230769230769231,0.42857142857142855,0.7142857142857143,0.0004
112,1.0301733016967773,1.7750918865203857,0.5576923076923077,0.9230769230769231,0.42857142857142855,0.7142857142857143,0.0004
113,1.1125092804431915,1.708128571510315,0.5192307692307693,0.9423076923076923,0.42857142857142855,0.8571428571428571,0.0004
114,1.0442829132080078,1.6367666721343994,0.6153846153846154,0.9423076923076923,0.42857142857142855,0.8571428571428571,0.0004
115,1.059360921382904,1.7956373691558838,0.5769230769230769,0.9230769230769231,0.5,0.7142857142857143,0.0004
116,0.922792375087738,1.5061928033828735,0.6923076923076923,0.9807692307692307,0.42857142857142855,0.7142857142857143,0.0004
117,1.1411566138267517,1.4720007181167603,0.5961538461538461,0.8653846153846154,0.5,0.7857142857142857,0.0004
118,1.228267252445221,1.548310399055481,0.5,0.8846153846153846,0.5,0.7857142857142857,0.0004
119,1.0533388555049896,1.5966925621032715,0.6730769230769231,0.9423076923076923,0.5,0.7142857142857143,0.0004
120,0.9989931285381317,1.749338984489441,0.6538461538461539,0.9423076923076923,0.5,0.7857142857142857,0.0004
121,1.0680201053619385,1.2477917671203613,0.5576923076923077,0.8846153846153846,0.5714285714285714,0.8571428571428571,0.0004
122,1.080198884010315,1.4447195529937744,0.5769230769230769,0.9038461538461539,0.42857142857142855,0.7142857142857143,0.0004
123,0.9696841537952423,1.5812790393829346,0.6538461538461539,0.9423076923076923,0.5,0.7857142857142857,0.0004
124,0.9482490122318268,1.7135603427886963,0.6730769230769231,0.9038461538461539,0.5714285714285714,0.7857142857142857,0.0004
125,0.982329934835434,1.9772841930389404,0.6153846153846154,0.9038461538461539,0.6428571428571429,0.7142857142857143,0.0004
126,1.3219749927520752,1.4994440078735352,0.5769230769230769,0.8461538461538461,0.7142857142857143,0.8571428571428571,0.0004
127,1.1077058911323547,1.941961646080017,0.5961538461538461,0.9230769230769231,0.5,0.8571428571428571,0.0004
128,1.1564207673072815,1.6313023567199707,0.5769230769230769,0.9038461538461539,0.6428571428571429,0.8571428571428571,0.0004
129,1.2129144072532654,1.6238409280776978,0.5192307692307693,0.8846153846153846,0.6428571428571429,0.7857142857142857,0.0004
130,0.9411478042602539,2.260782241821289,0.6538461538461539,0.9038461538461539,0.35714285714285715,0.6428571428571429,0.0004
131,1.0923111140727997,0.9399794340133667,0.5769230769230769,0.9230769230769231,0.7142857142857143,0.8571428571428571,0.0004
132,1.0111603140830994,1.8404316902160645,0.5961538461538461,0.9038461538461539,0.42857142857142855,0.7142857142857143,0.0004
133,1.0982282161712646,1.9873216152191162,0.5961538461538461,0.9230769230769231,0.5,0.7142857142857143,0.0004
134,0.9467036426067352,1.6430673599243164,0.75,0.9807692307692307,0.5714285714285714,0.8571428571428571,0.0004
135,0.8139739036560059,2.1956629753112793,0.7115384615384616,0.9807692307692307,0.2857142857142857,0.6428571428571429,0.0004
136,1.063798725605011,2.03126859664917,0.5961538461538461,0.8846153846153846,0.35714285714285715,0.6428571428571429,0.0004
137,0.978803277015686,1.3578805923461914,0.6346153846153846,0.9230769230769231,0.7142857142857143,0.8571428571428571,0.0004
138,1.0129305124282837,1.2697402238845825,0.6346153846153846,0.9423076923076923,0.6428571428571429,0.8571428571428571,0.0004
139,1.1728882193565369,1.390020728111267,0.5769230769230769,0.9038461538461539,0.5714285714285714,0.7857142857142857,0.0004
140,1.0430371761322021,1.1338239908218384,0.5384615384615384,0.9230769230769231,0.6428571428571429,0.9285714285714286,0.0004
141,0.9153532683849335,1.5794413089752197,0.5961538461538461,0.9615384615384616,0.5714285714285714,0.7142857142857143,0.0004
142,1.0100856721401215,1.9579944610595703,0.5961538461538461,0.9038461538461539,0.5714285714285714,0.7142857142857143,0.0004
143,1.0713870227336884,1.2588820457458496,0.5384615384615384,0.9038461538461539,0.6428571428571429,0.9285714285714286,0.0004
144,0.91910320520401,1.376718282699585,0.6730769230769231,0.9423076923076923,0.5,0.8571428571428571,0.0004
145,1.1284523606300354,1.5732144117355347,0.6730769230769231,0.8461538461538461,0.6428571428571429,0.7857142857142857,0.0004
146,1.0185478329658508,1.4092469215393066,0.5961538461538461,0.9423076923076923,0.5714285714285714,0.7857142857142857,0.0004
147,1.1227705478668213,1.5485265254974365,0.6538461538461539,0.8461538461538461,0.5,0.7857142857142857,0.0004
148,1.08723583817482,1.3875155448913574,0.5961538461538461,0.9038461538461539,0.5,0.7857142857142857,0.0004
149,1.0874515175819397,1.490249752998352,0.5769230769230769,0.9038461538461539,0.5,0.8571428571428571,0.0004
150,1.041601151227951,1.4066162109375,0.5576923076923077,0.8653846153846154,0.6428571428571429,0.8571428571428571,0.0004
151,0.8200499713420868,1.457096815109253,0.6923076923076923,0.9423076923076923,0.5714285714285714,0.8571428571428571,0.0004
152,0.9869162142276764,1.5723199844360352,0.5769230769230769,0.9230769230769231,0.5,0.9285714285714286,0.0004
153,1.0123900175094604,1.3584941625595093,0.6153846153846154,0.9423076923076923,0.5714285714285714,0.8571428571428571,0.0004
154,0.877775102853775,1.42863929271698,0.6923076923076923,0.9230769230769231,0.6428571428571429,0.8571428571428571,0.0004
155,1.1054721176624298,1.6953983306884766,0.5576923076923077,0.8846153846153846,0.6428571428571429,0.8571428571428571,0.0004
156,0.8704528510570526,1.4283316135406494,0.6730769230769231,0.9423076923076923,0.6428571428571429,0.7857142857142857,0.0004
157,0.9737526476383209,1.779285192489624,0.6346153846153846,0.9038461538461539,0.5,0.6428571428571429,0.0004
158,1.140315055847168,1.4188218116760254,0.6153846153846154,0.8076923076923077,0.6428571428571429,0.7857142857142857,0.0004
159,1.0389605164527893,1.1746034622192383,0.6153846153846154,0.9423076923076923,0.7142857142857143,0.9285714285714286,0.0004
160,0.8619371652603149,1.5501811504364014,0.6346153846153846,0.9423076923076923,0.5,0.7857142857142857,0.0004
161,1.1124048233032227,1.450692892074585,0.6153846153846154,0.9230769230769231,0.5714285714285714,0.8571428571428571,0.0004
162,1.1242958903312683,1.2302967309951782,0.6346153846153846,0.8653846153846154,0.7142857142857143,0.9285714285714286,0.0004
163,0.9550202786922455,1.49940025806427,0.5961538461538461,0.8846153846153846,0.5714285714285714,0.7857142857142857,0.0004
164,1.0030200481414795,1.1960985660552979,0.6923076923076923,0.9423076923076923,0.7142857142857143,0.8571428571428571,0.0004
165,0.8827057480812073,1.3937703371047974,0.6346153846153846,0.9807692307692307,0.6428571428571429,0.8571428571428571,0.0004
166,0.9492774307727814,1.7281935214996338,0.5769230769230769,0.9038461538461539,0.5,0.8571428571428571,0.0004
167,0.830451101064682,1.3435471057891846,0.7307692307692307,0.9423076923076923,0.7142857142857143,0.8571428571428571,0.0004
168,0.885273277759552,1.4348561763763428,0.6730769230769231,0.9615384615384616,0.7142857142857143,0.7857142857142857,0.0004
169,1.0168832540512085,1.400644302368164,0.5961538461538461,0.9230769230769231,0.6428571428571429,0.8571428571428571,0.0004
170,1.003253012895584,1.375758171081543,0.5576923076923077,0.9230769230769231,0.7142857142857143,0.9285714285714286,0.0004
171,0.8835801482200623,1.7498409748077393,0.6923076923076923,0.9423076923076923,0.6428571428571429,0.8571428571428571,0.0004
172,1.013131707906723,1.1001607179641724,0.6730769230769231,0.9423076923076923,0.7142857142857143,0.8571428571428571,0.0004
173,0.8974573910236359,1.577498197555542,0.6730769230769231,0.9230769230769231,0.6428571428571429,0.8571428571428571,0.0004
174,0.9937312602996826,1.7915163040161133,0.6538461538461539,0.9423076923076923,0.6428571428571429,0.7142857142857143,0.0004
175,1.1238029599189758,1.9962997436523438,0.5769230769230769,0.8846153846153846,0.5,0.7857142857142857,0.0004
176,1.0428708493709564,2.087937116622925,0.6153846153846154,0.9038461538461539,0.5714285714285714,0.7857142857142857,0.0004
177,0.9431940019130707,1.565073013305664,0.5769230769230769,0.9423076923076923,0.6428571428571429,0.8571428571428571,0.0004
178,1.0046729445457458,1.9449758529663086,0.5769230769230769,0.9615384615384616,0.5,0.8571428571428571,0.0004
179,0.9865013659000397,1.9551371335983276,0.6346153846153846,0.9038461538461539,0.5,0.7142857142857143,0.0004
180,1.0290335714817047,1.6124171018600464,0.6153846153846154,0.9807692307692307,0.7142857142857143,0.8571428571428571,0.0004
181,0.9546436965465546,1.5998013019561768,0.6730769230769231,0.9423076923076923,0.6428571428571429,0.7857142857142857,0.0004
182,1.0306288003921509,1.342191457748413,0.6346153846153846,0.9230769230769231,0.5714285714285714,0.8571428571428571,0.0004
183,0.98399817943573,1.4647446870803833,0.6538461538461539,0.9423076923076923,0.6428571428571429,0.8571428571428571,0.0004
184,0.8775546848773956,1.3245364427566528,0.6730769230769231,0.9423076923076923,0.5,0.8571428571428571,0.0004
185,0.939102053642273,1.231044054031372,0.6730769230769231,0.9423076923076923,0.7857142857142857,0.8571428571428571,0.0004
186,0.94686558842659,1.246856689453125,0.6730769230769231,0.9230769230769231,0.5714285714285714,0.8571428571428571,0.0004
187,0.9446711242198944,1.5669540166854858,0.5769230769230769,0.9423076923076923,0.5,0.7857142857142857,0.0004
188,0.9516395032405853,1.6162645816802979,0.6538461538461539,0.9423076923076923,0.5714285714285714,0.7857142857142857,0.0004
189,0.855584055185318,1.546778917312622,0.6153846153846154,0.9615384615384616,0.42857142857142855,0.8571428571428571,0.0004
190,0.9228784739971161,1.4551249742507935,0.6153846153846154,0.9615384615384616,0.5714285714285714,0.8571428571428571,0.0004
191,0.9354459643363953,1.61836838722229,0.6346153846153846,0.9423076923076923,0.6428571428571429,0.8571428571428571,0.0004
192,1.119171142578125,1.7922149896621704,0.5,0.8461538461538461,0.5,0.7142857142857143,0.0004
193,0.8293902277946472,2.246248483657837,0.6923076923076923,0.9615384615384616,0.5,0.7142857142857143,0.0004
194,0.9665561616420746,1.1246989965438843,0.6923076923076923,0.9038461538461539,0.6428571428571429,0.8571428571428571,0.0004
195,1.0256990194320679,1.1373790502548218,0.6346153846153846,0.9423076923076923,0.6428571428571429,0.8571428571428571,0.0004
196,0.8839683830738068,1.786046028137207,0.6538461538461539,0.9423076923076923,0.5714285714285714,0.8571428571428571,0.0004
197,1.1869373321533203,1.4750585556030273,0.5384615384615384,0.8653846153846154,0.6428571428571429,0.8571428571428571,0.0004
198,0.9625039100646973,1.5798355340957642,0.5576923076923077,0.8846153846153846,0.5714285714285714,0.7857142857142857,0.0004
199,0.8969556987285614,1.9013891220092773,0.6153846153846154,0.9615384615384616,0.6428571428571429,0.7857142857142857,0.0004
200,1.0074872970581055,1.5501201152801514,0.6346153846153846,0.9230769230769231,0.6428571428571429,0.7142857142857143,0.0004
201,0.9415236711502075,2.5820486545562744,0.6730769230769231,0.9038461538461539,0.35714285714285715,0.6428571428571429,0.0004
202,1.0958344042301178,1.493780493736267,0.5769230769230769,0.9038461538461539,0.7142857142857143,0.8571428571428571,0.0004
203,0.9414279758930206,1.304175853729248,0.6153846153846154,0.9807692307692307,0.7142857142857143,0.8571428571428571,0.0004
204,0.9724331796169281,1.3705098628997803,0.5961538461538461,0.9038461538461539,0.6428571428571429,0.9285714285714286,0.0004
205,0.825616180896759,1.6028239727020264,0.6923076923076923,0.9423076923076923,0.7142857142857143,0.8571428571428571,0.0004
206,0.9214196503162384,1.610374927520752,0.5961538461538461,0.9230769230769231,0.5714285714285714,0.7857142857142857,0.0004
207,0.8603398501873016,1.923754096031189,0.6538461538461539,0.9423076923076923,0.5714285714285714,0.7142857142857143,0.0004
208,1.0116907954216003,1.6387872695922852,0.5769230769230769,0.9423076923076923,0.6428571428571429,0.7857142857142857,0.0004
209,1.020146906375885,1.9442726373672485,0.5769230769230769,0.9423076923076923,0.5,0.7142857142857143,0.0004
210,0.8933231234550476,1.4725534915924072,0.6730769230769231,0.9807692307692307,0.6428571428571429,0.9285714285714286,0.0004
211,0.7602606415748596,1.4433215856552124,0.7307692307692307,0.9807692307692307,0.6428571428571429,0.9285714285714286,0.0004
212,1.285128653049469,2.275447130203247,0.6153846153846154,0.9038461538461539,0.42857142857142855,0.8571428571428571,0.0004
213,1.0299782752990723,1.4524749517440796,0.6346153846153846,0.9038461538461539,0.7142857142857143,0.9285714285714286,0.0004
214,0.9764953255653381,1.7760716676712036,0.6346153846153846,0.9807692307692307,0.5,0.7857142857142857,0.0004
215,0.8050881028175354,2.132559061050415,0.6730769230769231,1.0,0.42857142857142855,0.7857142857142857,0.0004
216,1.1344184279441833,1.431952714920044,0.5769230769230769,0.9038461538461539,0.6428571428571429,0.8571428571428571,0.0004
217,1.0610045790672302,1.555541753768921,0.5192307692307693,0.9423076923076923,0.8571428571428571,0.8571428571428571,0.0004
218,0.9550321400165558,1.876225233078003,0.6923076923076923,0.9423076923076923,0.5714285714285714,0.7857142857142857,0.0004
219,0.7150346636772156,1.478214144706726,0.7692307692307693,0.9807692307692307,0.7142857142857143,0.7857142857142857,0.0004
220,1.012839913368225,2.055492401123047,0.6346153846153846,0.9230769230769231,0.5,0.7142857142857143,0.0004
221,0.9227746725082397,1.3437514305114746,0.6153846153846154,0.9230769230769231,0.6428571428571429,0.9285714285714286,0.0004
222,0.7906619012355804,1.5076584815979004,0.7115384615384616,0.9423076923076923,0.7142857142857143,0.8571428571428571,0.0004
223,1.0549029409885406,2.5883076190948486,0.5384615384615384,0.9423076923076923,0.5,0.6428571428571429,0.0004
224,0.7914971113204956,1.9387309551239014,0.7307692307692307,0.9423076923076923,0.6428571428571429,0.8571428571428571,0.0004
225,0.8831950724124908,1.64621901512146,0.6538461538461539,0.9230769230769231,0.6428571428571429,0.8571428571428571,0.0004
226,1.0219929218292236,1.6655752658843994,0.5769230769230769,0.9423076923076923,0.42857142857142855,0.7142857142857143,0.0004
227,1.1818448305130005,1.9768059253692627,0.6538461538461539,0.9038461538461539,0.5,0.6428571428571429,0.0004
228,0.7183732986450195,1.2922083139419556,0.75,0.9807692307692307,0.7857142857142857,0.9285714285714286,0.0004
229,0.8326165974140167,1.3862733840942383,0.6923076923076923,0.9615384615384616,0.6428571428571429,0.8571428571428571,0.0004
230,1.0625355243682861,1.3901557922363281,0.6346153846153846,0.9230769230769231,0.7142857142857143,0.7857142857142857,0.0004
231,1.084011733531952,1.6805822849273682,0.5961538461538461,0.9038461538461539,0.6428571428571429,0.7857142857142857,0.0004
232,1.0876379609107971,1.7418901920318604,0.5769230769230769,0.8653846153846154,0.5714285714285714,0.7142857142857143,0.0004
233,0.894554078578949,1.9155408143997192,0.5769230769230769,0.9423076923076923,0.5714285714285714,0.7857142857142857,0.0004
234,0.863594651222229,1.5426214933395386,0.6538461538461539,0.9423076923076923,0.5714285714285714,0.7857142857142857,0.0004
235,1.0157071352005005,1.6655347347259521,0.6153846153846154,0.9038461538461539,0.5,0.7142857142857143,0.0004
236,0.9271308183670044,1.9736065864562988,0.75,0.9615384615384616,0.35714285714285715,0.6428571428571429,0.0004
237,1.029378741979599,1.4402714967727661,0.6730769230769231,0.8846153846153846,0.5714285714285714,0.7857142857142857,0.0004
238,1.0114401876926422,1.1244308948516846,0.6346153846153846,0.9423076923076923,0.6428571428571429,0.9285714285714286,0.0004
239,0.9677575826644897,1.2360177040100098,0.6538461538461539,0.9423076923076923,0.7857142857142857,0.8571428571428571,0.0004
240,0.8430951833724976,1.6821292638778687,0.7884615384615384,0.9615384615384616,0.6428571428571429,0.8571428571428571,0.0004
241,0.9952787160873413,1.0839529037475586,0.6730769230769231,0.9423076923076923,0.7142857142857143,0.9285714285714286,0.0004
242,1.020047277212143,2.0260605812072754,0.6346153846153846,0.9423076923076923,0.5,0.7142857142857143,0.0004
243,1.0394105315208435,1.2819609642028809,0.5961538461538461,0.9423076923076923,0.7857142857142857,0.9285714285714286,0.0004
244,1.0846512913703918,1.8420921564102173,0.6538461538461539,0.9423076923076923,0.5,0.7857142857142857,0.0004
245,0.9748715162277222,1.7753283977508545,0.6538461538461539,0.9038461538461539,0.5,0.7857142857142857,0.0004
246,0.8768603205680847,1.3995598554611206,0.7115384615384616,0.9615384615384616,0.6428571428571429,0.8571428571428571,0.0004
247,0.7797592878341675,1.589059829711914,0.7307692307692307,0.9807692307692307,0.5714285714285714,0.8571428571428571,0.0004
248,0.9211532473564148,1.994236707687378,0.6153846153846154,0.9423076923076923,0.5,0.7142857142857143,0.0004
249,1.1511961221694946,1.2327488660812378,0.5384615384615384,0.8653846153846154,0.5,0.8571428571428571,0.0004
250,0.9158035516738892,1.3291171789169312,0.6923076923076923,0.9423076923076923,0.6428571428571429,0.9285714285714286,0.0004
251,0.8411122560501099,1.350036859512329,0.6346153846153846,0.9807692307692307,0.5,0.8571428571428571,0.0004
252,0.9838739335536957,1.870190143585205,0.5769230769230769,0.9615384615384616,0.6428571428571429,0.8571428571428571,0.0004
253,0.8051207959651947,1.7255982160568237,0.6346153846153846,0.9807692307692307,0.5,0.7142857142857143,0.0004
254,1.023032546043396,2.1485743522644043,0.6153846153846154,0.9230769230769231,0.42857142857142855,0.7857142857142857,0.0004
255,1.2302263975143433,1.7309410572052002,0.5769230769230769,0.8846153846153846,0.5714285714285714,0.8571428571428571,0.0004
256,1.1001147329807281,1.5766980648040771,0.6153846153846154,0.9423076923076923,0.6428571428571429,0.8571428571428571,0.0004
257,0.9029152393341064,1.20487642288208,0.5769230769230769,0.9423076923076923,0.7857142857142857,0.8571428571428571,0.0004
258,0.8324049115180969,1.4046624898910522,0.7115384615384616,1.0,0.5714285714285714,0.8571428571428571,0.0004
259,0.9494963884353638,1.579914927482605,0.6730769230769231,0.9230769230769231,0.5714285714285714,0.8571428571428571,0.0004
260,0.8985832035541534,1.2628357410430908,0.6538461538461539,0.9615384615384616,0.42857142857142855,0.8571428571428571,0.0004
261,1.2852908372879028,1.3891620635986328,0.5384615384615384,0.8269230769230769,0.5,0.9285714285714286,0.0004
262,0.8421985507011414,1.1956374645233154,0.7115384615384616,0.9423076923076923,0.6428571428571429,0.9285714285714286,0.0004
263,0.9270668029785156,1.660955548286438,0.6730769230769231,0.9038461538461539,0.6428571428571429,0.8571428571428571,0.0004
264,0.8882481157779694,1.7918787002563477,0.6538461538461539,0.9423076923076923,0.5,0.7142857142857143,0.0004
265,0.9288763105869293,1.931675910949707,0.5961538461538461,0.9807692307692307,0.5,0.7857142857142857,0.0004
266,0.7803061008453369,1.9582533836364746,0.7307692307692307,1.0,0.5,0.7142857142857143,0.0004
267,0.8805746138095856,1.1514945030212402,0.6538461538461539,0.9230769230769231,0.7857142857142857,0.9285714285714286,0.0004
268,1.0222659409046173,1.3822859525680542,0.5576923076923077,0.9038461538461539,0.6428571428571429,0.7857142857142857,0.0004
269,0.8620152473449707,1.5064910650253296,0.6346153846153846,0.9230769230769231,0.6428571428571429,0.8571428571428571,0.0004
270,0.9155267477035522,1.5228776931762695,0.6730769230769231,0.9423076923076923,0.7857142857142857,0.8571428571428571,0.0004
271,0.883521318435669,1.2718982696533203,0.6153846153846154,0.9615384615384616,0.5714285714285714,0.8571428571428571,0.0004
272,0.9231389164924622,1.5270156860351562,0.6538461538461539,0.9230769230769231,0.5714285714285714,0.7857142857142857,0.0004
273,0.9608033299446106,1.6623913049697876,0.7115384615384616,0.9038461538461539,0.7142857142857143,0.7857142857142857,0.0004
274,0.9060683250427246,2.30181884765625,0.6153846153846154,0.9230769230769231,0.42857142857142855,0.7857142857142857,0.0004
275,0.8180857002735138,1.914504051208496,0.6730769230769231,0.9807692307692307,0.6428571428571429,0.8571428571428571,0.0004
276,0.9816785156726837,1.6424572467803955,0.6346153846153846,0.9230769230769231,0.6428571428571429,0.8571428571428571,0.0004
277,0.9266981780529022,1.34537672996521,0.6730769230769231,0.9230769230769231,0.6428571428571429,0.9285714285714286,0.0004
278,0.948640376329422,1.7360897064208984,0.5961538461538461,0.9423076923076923,0.42857142857142855,0.7857142857142857,0.0004
279,1.0863003432750702,1.3270585536956787,0.6153846153846154,0.9038461538461539,0.7142857142857143,0.8571428571428571,0.0004
280,0.7752648293972015,1.837188482284546,0.7115384615384616,0.9423076923076923,0.7142857142857143,0.7857142857142857,0.0004
281,0.8222826719284058,1.265553593635559,0.6538461538461539,0.9423076923076923,0.5714285714285714,0.8571428571428571,0.0004
282,0.750243604183197,2.0740737915039062,0.8076923076923077,0.9807692307692307,0.5714285714285714,0.7142857142857143,0.0004
283,0.8408423066139221,1.714341402053833,0.6923076923076923,0.9615384615384616,0.6428571428571429,0.7857142857142857,0.0004
284,0.7773515582084656,1.51533842086792,0.7692307692307693,1.0,0.7142857142857143,0.8571428571428571,0.0004
285,1.2488234639167786,1.2298128604888916,0.5576923076923077,0.8653846153846154,0.8571428571428571,0.8571428571428571,0.0004
286,0.8322107493877411,1.1462132930755615,0.6538461538461539,0.9423076923076923,0.7142857142857143,0.8571428571428571,0.0004
287,0.7694878578186035,1.1477797031402588,0.7884615384615384,0.9615384615384616,0.7857142857142857,0.9285714285714286,0.0004
288,0.7681168615818024,1.4708290100097656,0.75,0.9615384615384616,0.7142857142857143,0.8571428571428571,0.0004
289,0.7995442152023315,2.0827324390411377,0.6923076923076923,0.9807692307692307,0.5714285714285714,0.7142857142857143,0.0004
290,0.8910176753997803,1.6445313692092896,0.6923076923076923,0.9615384615384616,0.7142857142857143,0.8571428571428571,0.0004
291,0.9167258739471436,1.8504066467285156,0.5961538461538461,0.9423076923076923,0.6428571428571429,0.7142857142857143,0.0004
292,0.8188616037368774,1.5923022031784058,0.6346153846153846,0.9423076923076923,0.5714285714285714,0.8571428571428571,0.0004
293,0.8661347031593323,1.3263633251190186,0.6730769230769231,0.9615384615384616,0.6428571428571429,0.9285714285714286,0.0004
294,0.987973690032959,1.6127558946609497,0.6538461538461539,0.9423076923076923,0.5714285714285714,0.8571428571428571,0.0004
295,0.8969213664531708,1.4715979099273682,0.6730769230769231,0.9615384615384616,0.7142857142857143,0.7857142857142857,0.0004
296,0.6890567541122437,1.6008400917053223,0.7884615384615384,0.9230769230769231,0.5,0.7857142857142857,0.0004
297,0.9910619258880615,1.6598131656646729,0.6153846153846154,0.9230769230769231,0.5714285714285714,0.8571428571428571,0.0004
298,1.0803571343421936,1.7844138145446777,0.6730769230769231,0.9615384615384616,0.5714285714285714,0.7857142857142857,0.0004
299,0.9853562712669373,1.3579771518707275,0.6153846153846154,0.9230769230769231,0.7142857142857143,0.9285714285714286,0.0004
300,0.7592394649982452,1.8595118522644043,0.6923076923076923,0.9807692307692307,0.5,0.7857142857142857,0.0004
301,0.8751190006732941,0.9056715369224548,0.6538461538461539,0.9615384615384616,0.7857142857142857,0.9285714285714286,0.0004
302,0.9079950749874115,1.3152642250061035,0.5961538461538461,0.9423076923076923,0.7142857142857143,0.8571428571428571,0.0004
303,0.8007428050041199,2.0544373989105225,0.8076923076923077,0.9615384615384616,0.42857142857142855,0.7857142857142857,0.0004
304,0.8979799747467041,1.4430692195892334,0.5961538461538461,0.9230769230769231,0.42857142857142855,0.7857142857142857,0.0004
305,0.9818665385246277,1.260347604751587,0.5769230769230769,0.9615384615384616,0.5714285714285714,0.8571428571428571,0.0004
306,0.6952733099460602,2.0578815937042236,0.6923076923076923,0.9615384615384616,0.7142857142857143,0.7857142857142857,0.0004
307,0.8378555774688721,1.4329798221588135,0.7115384615384616,0.9423076923076923,0.7142857142857143,0.7857142857142857,0.0004
308,0.9096398651599884,1.7465052604675293,0.7115384615384616,0.9423076923076923,0.7142857142857143,0.7857142857142857,0.0004
309,1.1502277553081512,1.4445207118988037,0.5,0.9038461538461539,0.5,0.7857142857142857,0.0004
310,0.7912344038486481,1.827988862991333,0.6346153846153846,0.9615384615384616,0.5714285714285714,0.8571428571428571,0.0004
311,1.1515623331069946,2.420668601989746,0.5576923076923077,0.8653846153846154,0.35714285714285715,0.7142857142857143,0.0004
312,0.964354395866394,1.8583407402038574,0.6730769230769231,0.9615384615384616,0.5714285714285714,0.7142857142857143,0.0004
313,0.8060096800327301,2.112579822540283,0.5576923076923077,0.9615384615384616,0.2857142857142857,0.7142857142857143,0.0004
314,1.0577359199523926,1.7572698593139648,0.5961538461538461,0.9230769230769231,0.6428571428571429,0.8571428571428571,0.0004
315,1.039367437362671,1.785118818283081,0.6923076923076923,0.9038461538461539,0.5714285714285714,0.7857142857142857,0.0004
316,0.8906563818454742,1.7893714904785156,0.6153846153846154,0.9423076923076923,0.6428571428571429,0.7857142857142857,0.0004
317,0.9337673485279083,1.6229197978973389,0.6346153846153846,0.9615384615384616,0.5714285714285714,0.8571428571428571,0.0004
318,0.7194211184978485,1.166250467300415,0.7884615384615384,0.9615384615384616,0.7142857142857143,0.9285714285714286,0.0004
319,1.0150073766708374,1.6083452701568604,0.5961538461538461,0.8846153846153846,0.5714285714285714,0.8571428571428571,0.0004
320,0.9469165503978729,1.8640365600585938,0.6730769230769231,0.9615384615384616,0.42857142857142855,0.7142857142857143,0.0004
321,0.6948463320732117,2.114161729812622,0.7115384615384616,0.9615384615384616,0.42857142857142855,0.7142857142857143,0.0004
322,1.1041327714920044,1.1671793460845947,0.5769230769230769,0.9038461538461539,0.7857142857142857,0.8571428571428571,0.0004
323,0.9271350502967834,1.5031404495239258,0.6346153846153846,0.9230769230769231,0.6428571428571429,0.8571428571428571,0.0004
324,0.8466332256793976,1.5495991706848145,0.7115384615384616,0.9807692307692307,0.7142857142857143,0.8571428571428571,0.0004
325,1.1063660979270935,1.9065401554107666,0.6346153846153846,0.8846153846153846,0.5,0.7857142857142857,0.0004
326,0.8683851063251495,1.6286855936050415,0.6538461538461539,0.9423076923076923,0.5,0.7857142857142857,0.0004
327,0.7450105249881744,1.71293044090271,0.7307692307692307,0.9807692307692307,0.5714285714285714,0.7857142857142857,0.0004
328,0.9085785150527954,1.1794712543487549,0.6153846153846154,0.9423076923076923,0.5714285714285714,0.8571428571428571,0.0004
329,1.1891695857048035,1.7639799118041992,0.5384615384615384,0.8846153846153846,0.42857142857142855,0.7142857142857143,0.0004
330,1.1369611322879791,1.994046926498413,0.5384615384615384,0.9038461538461539,0.5714285714285714,0.7142857142857143,0.0004
331,0.8207976818084717,1.2048559188842773,0.6730769230769231,0.9230769230769231,0.5,0.9285714285714286,0.0004
332,0.9360878467559814,1.373532772064209,0.5,0.9230769230769231,0.5714285714285714,0.9285714285714286,0.0004
333,0.9614438712596893,1.4237481355667114,0.6538461538461539,0.9038461538461539,0.6428571428571429,0.8571428571428571,0.0004
334,1.1166712045669556,1.279573678970337,0.5576923076923077,0.9038461538461539,0.7142857142857143,0.9285714285714286,0.0004
335,0.9484282732009888,1.810880422592163,0.5769230769230769,0.9038461538461539,0.6428571428571429,0.8571428571428571,0.0004
336,0.8481499552726746,1.2036128044128418,0.6538461538461539,0.9615384615384616,0.7142857142857143,0.9285714285714286,0.0004
337,0.7714847326278687,1.7244471311569214,0.6730769230769231,0.9807692307692307,0.7142857142857143,0.8571428571428571,0.0004
338,0.8885594606399536,1.241296648979187,0.6538461538461539,0.9615384615384616,0.7142857142857143,0.8571428571428571,0.0004
339,0.852731853723526,1.356731653213501,0.6730769230769231,0.9615384615384616,0.6428571428571429,0.7857142857142857,0.0004
340,0.8374053537845612,1.411561369895935,0.7115384615384616,0.9423076923076923,0.7142857142857143,0.8571428571428571,0.0004
341,0.7473443150520325,1.5737981796264648,0.7115384615384616,1.0,0.8571428571428571,0.8571428571428571,0.0004
342,0.7050014436244965,1.5360522270202637,0.6923076923076923,0.9807692307692307,0.7142857142857143,0.8571428571428571,0.0004
343,0.7514798641204834,1.2054773569107056,0.7115384615384616,0.9807692307692307,0.6428571428571429,0.9285714285714286,0.0004
344,0.8012564480304718,1.3467028141021729,0.7307692307692307,0.9807692307692307,0.7857142857142857,0.9285714285714286,0.0004
345,0.7929913401603699,1.5655739307403564,0.6923076923076923,0.9230769230769231,0.6428571428571429,0.8571428571428571,0.0004
346,0.9676289260387421,1.3861727714538574,0.6153846153846154,0.9615384615384616,0.7142857142857143,0.9285714285714286,0.0004
347,0.9568626880645752,1.592487096786499,0.6346153846153846,0.9230769230769231,0.7142857142857143,0.7857142857142857,0.0004
348,0.7054409682750702,1.4443916082382202,0.6923076923076923,1.0,0.5714285714285714,0.8571428571428571,0.0004
349,0.723781943321228,1.1210510730743408,0.75,0.9807692307692307,0.8571428571428571,0.9285714285714286,0.0004
350,0.9414449334144592,1.3304221630096436,0.6538461538461539,0.9615384615384616,0.5714285714285714,0.9285714285714286,0.0004
351,1.03134223818779,1.438999056816101,0.6730769230769231,0.9230769230769231,0.7142857142857143,0.8571428571428571,0.0004
352,0.9813934862613678,2.127589225769043,0.6538461538461539,0.9038461538461539,0.6428571428571429,0.7857142857142857,0.0004
353,0.736868292093277,1.4906744956970215,0.6730769230769231,0.9807692307692307,0.6428571428571429,0.8571428571428571,0.0004
354,0.932874470949173,1.5077636241912842,0.6346153846153846,0.8846153846153846,0.6428571428571429,0.8571428571428571,0.0004
355,0.8168459534645081,1.7713563442230225,0.6538461538461539,0.9615384615384616,0.7857142857142857,0.7857142857142857,0.0004
356,1.0762713551521301,1.966059684753418,0.5961538461538461,0.9230769230769231,0.6428571428571429,0.7857142857142857,0.0004
357,0.9418983459472656,1.3214681148529053,0.6346153846153846,0.9230769230769231,0.7857142857142857,0.8571428571428571,0.0004
358,0.6924143433570862,1.4433083534240723,0.75,0.9807692307692307,0.7142857142857143,0.7857142857142857,0.0004
359,0.9047415554523468,1.7699620723724365,0.6730769230769231,0.8846153846153846,0.5714285714285714,0.7857142857142857,0.0004
360,0.7890735864639282,1.2652419805526733,0.6923076923076923,0.9423076923076923,0.7142857142857143,0.8571428571428571,0.0004
361,0.817426472902298,1.3957209587097168,0.6538461538461539,0.9615384615384616,0.6428571428571429,0.7857142857142857,0.0004
362,0.8821442127227783,1.4687778949737549,0.7115384615384616,0.9230769230769231,0.7142857142857143,0.8571428571428571,0.0004
363,0.8385615050792694,1.6579842567443848,0.7692307692307693,0.9038461538461539,0.7142857142857143,0.8571428571428571,0.0004
364,0.7323461771011353,1.492997646331787,0.6923076923076923,0.9615384615384616,0.5714285714285714,0.7857142857142857,0.0004
365,0.5993858724832535,1.1724460124969482,0.75,0.9807692307692307,0.7142857142857143,0.7857142857142857,0.0004
366,0.8586708307266235,1.429548740386963,0.7115384615384616,0.9423076923076923,0.7142857142857143,0.7857142857142857,0.0004
367,1.0651149451732635,1.2519737482070923,0.6923076923076923,0.9038461538461539,0.7142857142857143,0.8571428571428571,0.0004
368,1.0039294064044952,1.545466423034668,0.6538461538461539,0.9230769230769231,0.42857142857142855,0.7142857142857143,0.0004
369,0.8922909796237946,0.9316009283065796,0.6923076923076923,0.9038461538461539,0.7857142857142857,0.9285714285714286,0.0004
370,1.0102947354316711,1.476650357246399,0.7115384615384616,0.9230769230769231,0.7142857142857143,0.9285714285714286,0.0004
371,1.1278586387634277,1.547888994216919,0.6153846153846154,0.8846153846153846,0.6428571428571429,0.9285714285714286,0.0004
372,0.8260304629802704,1.4299473762512207,0.6346153846153846,0.9423076923076923,0.6428571428571429,0.8571428571428571,0.0004
373,0.7711808681488037,1.1215224266052246,0.75,0.9423076923076923,0.7857142857142857,0.9285714285714286,0.0004
374,0.7580307424068451,1.3040295839309692,0.7115384615384616,0.9807692307692307,0.8571428571428571,0.8571428571428571,0.0004
375,0.8502450585365295,1.7002861499786377,0.7307692307692307,0.9230769230769231,0.7142857142857143,0.7142857142857143,0.0004
376,0.8427317440509796,1.0193679332733154,0.7307692307692307,0.9807692307692307,0.8571428571428571,0.9285714285714286,0.0004
377,0.8592157363891602,0.794369101524353,0.6538461538461539,0.9807692307692307,0.7857142857142857,0.9285714285714286,0.0004
378,1.2355838418006897,1.6125400066375732,0.6153846153846154,0.8653846153846154,0.8571428571428571,0.9285714285714286,0.0004
379,0.758720338344574,1.3632668256759644,0.7692307692307693,0.9423076923076923,0.7142857142857143,0.9285714285714286,0.0004
380,0.8605339825153351,1.5315015316009521,0.6923076923076923,0.9615384615384616,0.5714285714285714,0.7857142857142857,0.0004
381,0.8364717662334442,1.7239062786102295,0.7115384615384616,0.9230769230769231,0.5714285714285714,0.8571428571428571,0.0004
382,0.9211774468421936,1.8769168853759766,0.6153846153846154,0.9230769230769231,0.42857142857142855,0.7142857142857143,0.0004
383,0.8246726393699646,1.3925557136535645,0.6923076923076923,0.9615384615384616,0.5714285714285714,0.9285714285714286,0.0004
384,0.7617855966091156,0.8536699414253235,0.7115384615384616,0.9615384615384616,0.5714285714285714,0.8571428571428571,0.0004
385,0.9584272801876068,0.9784013032913208,0.6730769230769231,0.9230769230769231,0.7857142857142857,0.9285714285714286,0.0004
386,0.9921066462993622,1.4339121580123901,0.5961538461538461,0.9230769230769231,0.5714285714285714,0.7857142857142857,0.0004
387,1.019340306520462,2.892561435699463,0.6730769230769231,0.9423076923076923,0.2857142857142857,0.6428571428571429,0.0004
388,0.9164707660675049,1.454244613647461,0.6153846153846154,0.9038461538461539,0.6428571428571429,0.8571428571428571,0.0004
389,0.7679970264434814,1.443671703338623,0.6923076923076923,0.9807692307692307,0.7142857142857143,0.8571428571428571,0.0004
390,0.7884595990180969,1.2156434059143066,0.6730769230769231,0.9615384615384616,0.7142857142857143,0.8571428571428571,0.0004
391,0.7830802202224731,1.6567614078521729,0.75,0.9615384615384616,0.6428571428571429,0.8571428571428571,0.0004
392,0.6550315022468567,1.1501256227493286,0.75,1.0,0.7857142857142857,0.8571428571428571,0.0004
393,0.703716903924942,1.9013793468475342,0.7115384615384616,0.9615384615384616,0.5,0.7857142857142857,0.0004
394,0.8529352843761444,1.0821655988693237,0.6730769230769231,0.9615384615384616,0.7857142857142857,0.9285714285714286,0.0004
395,0.7306190729141235,1.7603354454040527,0.6923076923076923,0.9807692307692307,0.6428571428571429,0.7857142857142857,0.0004
396,0.7641778886318207,1.30039644241333,0.6730769230769231,0.9615384615384616,0.7142857142857143,0.8571428571428571,0.0004
397,0.7860435545444489,1.3120495080947876,0.75,0.9807692307692307,0.7142857142857143,0.9285714285714286,0.0004
398,0.8912510573863983,1.7257722616195679,0.6538461538461539,0.9230769230769231,0.7142857142857143,0.8571428571428571,0.0004
399,0.7009561359882355,1.0758469104766846,0.6923076923076923,0.9615384615384616,0.6428571428571429,0.9285714285714286,0.0004
400,0.8554483652114868,1.1918286085128784,0.6346153846153846,0.9423076923076923,0.8571428571428571,0.9285714285714286,0.0004
401,1.074460208415985,1.0922025442123413,0.6153846153846154,0.8846153846153846,0.7142857142857143,0.8571428571428571,0.0004
402,0.6441119015216827,1.4960858821868896,0.75,1.0,0.7142857142857143,0.8571428571428571,0.0004
403,0.6496705710887909,1.1439650058746338,0.75,1.0,0.8571428571428571,0.9285714285714286,0.0004
404,0.9050005674362183,1.0527472496032715,0.6346153846153846,0.9615384615384616,0.9285714285714286,0.9285714285714286,0.0004
405,0.6828285455703735,1.2995822429656982,0.7307692307692307,0.9423076923076923,0.7857142857142857,0.8571428571428571,0.0004
406,0.8050263822078705,1.3811535835266113,0.7115384615384616,0.9615384615384616,0.7857142857142857,0.8571428571428571,0.0004
407,0.715171217918396,1.7537782192230225,0.8076923076923077,1.0,0.6428571428571429,0.8571428571428571,0.0004
408,0.9930191934108734,1.6253639459609985,0.6538461538461539,0.9038461538461539,0.6428571428571429,0.8571428571428571,0.0004
409,0.9116582870483398,2.172801971435547,0.6346153846153846,0.9807692307692307,0.5,0.7857142857142857,0.0004
410,0.9642030894756317,1.6375993490219116,0.6346153846153846,0.9230769230769231,0.7142857142857143,0.8571428571428571,0.0004
411,0.8089768588542938,1.396836519241333,0.7307692307692307,0.9615384615384616,0.7142857142857143,0.8571428571428571,0.0004
412,0.6692163646221161,1.6679513454437256,0.7884615384615384,0.9807692307692307,0.6428571428571429,0.8571428571428571,0.0004
413,0.8144146800041199,1.809037685394287,0.6923076923076923,0.9423076923076923,0.5714285714285714,0.8571428571428571,0.0004
414,0.9195626974105835,1.9846524000167847,0.6730769230769231,0.9615384615384616,0.7857142857142857,0.7857142857142857,0.0004
415,0.5640425086021423,1.3679256439208984,0.7884615384615384,1.0,0.7142857142857143,0.8571428571428571,0.0004
416,0.7252479493618011,1.278868317604065,0.7307692307692307,0.9807692307692307,0.7142857142857143,0.7857142857142857,0.0004
417,0.7457883358001709,1.5266315937042236,0.7692307692307693,1.0,0.5714285714285714,0.7857142857142857,0.0004
418,0.9611231088638306,1.208851933479309,0.6153846153846154,0.9615384615384616,0.7857142857142857,0.8571428571428571,0.0004
419,0.7126085758209229,1.614891767501831,0.7307692307692307,0.9615384615384616,0.6428571428571429,0.7857142857142857,0.0004
420,0.9411108493804932,1.0488250255584717,0.6153846153846154,0.9423076923076923,0.9285714285714286,0.9285714285714286,0.0004
421,0.8011516332626343,1.7914018630981445,0.6923076923076923,0.9615384615384616,0.5,0.8571428571428571,0.0004
422,0.7460435628890991,1.6055842638015747,0.6730769230769231,0.9615384615384616,0.6428571428571429,0.8571428571428571,0.0004
423,0.9130115211009979,1.87827467918396,0.6346153846153846,0.9615384615384616,0.7857142857142857,0.7857142857142857,0.0004
424,0.6773116588592529,1.6374406814575195,0.8269230769230769,1.0,0.5,0.7857142857142857,0.0004
425,0.8396485149860382,1.2425556182861328,0.6923076923076923,0.9423076923076923,0.8571428571428571,0.9285714285714286,0.0004
426,1.049158364534378,1.7592341899871826,0.5961538461538461,0.9038461538461539,0.5,0.8571428571428571,0.0004
427,0.8589939475059509,1.4393787384033203,0.6923076923076923,0.9230769230769231,0.5,0.9285714285714286,0.0004
428,0.920464962720871,1.650456428527832,0.6538461538461539,0.9230769230769231,0.5714285714285714,0.8571428571428571,0.0004
429,0.8632394075393677,1.4108585119247437,0.6730769230769231,0.9615384615384616,0.6428571428571429,0.9285714285714286,0.0004
430,0.7142530977725983,1.4081153869628906,0.6923076923076923,0.9615384615384616,0.7142857142857143,0.7857142857142857,0.0004
431,1.104544460773468,1.5847063064575195,0.6730769230769231,0.9038461538461539,0.7857142857142857,0.8571428571428571,0.0004
432,0.798698902130127,1.1826915740966797,0.7307692307692307,0.9230769230769231,0.8571428571428571,0.9285714285714286,0.0004
433,0.9452590942382812,1.2930755615234375,0.6153846153846154,0.9807692307692307,0.6428571428571429,0.9285714285714286,0.0004
434,0.7263015508651733,1.470043659210205,0.7307692307692307,1.0,0.5714285714285714,0.8571428571428571,0.0004
435,0.9711842238903046,2.1310789585113525,0.6346153846153846,0.9230769230769231,0.5714285714285714,0.7142857142857143,0.0004
436,0.6462380886077881,1.5729765892028809,0.6923076923076923,0.9615384615384616,0.6428571428571429,0.8571428571428571,0.0004
437,0.7456634938716888,1.2838544845581055,0.6923076923076923,0.9615384615384616,0.5714285714285714,0.9285714285714286,0.0004
438,0.9279102981090546,1.889545202255249,0.5769230769230769,0.9230769230769231,0.42857142857142855,0.8571428571428571,0.0004
439,0.9183964431285858,1.6851832866668701,0.6923076923076923,0.9423076923076923,0.6428571428571429,0.7857142857142857,0.0004
440,0.8284321129322052,1.0185632705688477,0.6730769230769231,0.9230769230769231,0.9285714285714286,0.9285714285714286,0.0004
441,0.7831033170223236,1.3921823501586914,0.6730769230769231,0.9615384615384616,0.7857142857142857,0.8571428571428571,0.0004
442,0.8114845454692841,0.9670549035072327,0.7115384615384616,0.9230769230769231,0.7142857142857143,0.9285714285714286,0.0004
443,0.7198251187801361,1.096647024154663,0.7307692307692307,0.9807692307692307,0.7142857142857143,0.9285714285714286,0.0004
444,0.9142395257949829,1.3631324768066406,0.75,0.9038461538461539,0.7142857142857143,0.8571428571428571,0.0004
445,0.8787373006343842,1.3726167678833008,0.6538461538461539,0.9423076923076923,0.42857142857142855,0.8571428571428571,0.0004
446,0.8859370052814484,2.0710654258728027,0.6923076923076923,0.9230769230769231,0.6428571428571429,0.7857142857142857,0.0004
447,0.8423822522163391,1.4538140296936035,0.6923076923076923,0.9615384615384616,0.6428571428571429,0.8571428571428571,0.0004
448,0.796531081199646,1.495586633682251,0.6923076923076923,0.9423076923076923,0.8571428571428571,0.8571428571428571,0.0004
449,0.838442474603653,1.0100092887878418,0.6730769230769231,0.9230769230769231,0.7857142857142857,0.8571428571428571,0.0004
450,0.6362666487693787,1.491536021232605,0.8076923076923077,0.9807692307692307,0.7142857142857143,0.8571428571428571,0.0004
451,0.7393292188644409,1.2754051685333252,0.7115384615384616,0.9615384615384616,0.7857142857142857,0.8571428571428571,0.0004
452,0.7062248289585114,2.0575649738311768,0.75,0.9807692307692307,0.5,0.7857142857142857,0.0004
453,0.65274778008461,1.8193230628967285,0.7884615384615384,0.9807692307692307,0.6428571428571429,0.8571428571428571,0.0004
454,0.7447735667228699,1.7849392890930176,0.7307692307692307,0.9230769230769231,0.5714285714285714,0.8571428571428571,0.0004
455,0.8258391618728638,1.845285177230835,0.6538461538461539,0.9230769230769231,0.5714285714285714,0.7857142857142857,0.0004
456,0.9096802175045013,1.664729118347168,0.6346153846153846,0.9230769230769231,0.5714285714285714,0.7857142857142857,0.0004
457,0.6747728586196899,1.4932926893234253,0.8076923076923077,0.9615384615384616,0.7857142857142857,0.7857142857142857,0.0004
458,0.8594709932804108,1.9729373455047607,0.6730769230769231,1.0,0.35714285714285715,0.7857142857142857,0.0004
459,0.8101981282234192,1.3249980211257935,0.6923076923076923,0.9423076923076923,0.7142857142857143,0.8571428571428571,0.0004
460,1.188916027545929,1.4537570476531982,0.5384615384615384,0.8846153846153846,0.6428571428571429,0.8571428571428571,0.0004
461,1.055966854095459,1.3549250364303589,0.6730769230769231,0.9230769230769231,0.7142857142857143,0.8571428571428571,0.0004
462,0.863143801689148,1.5619399547576904,0.6346153846153846,0.9423076923076923,0.7142857142857143,0.8571428571428571,0.0004
463,0.8508108258247375,1.6200425624847412,0.6153846153846154,0.9230769230769231,0.6428571428571429,0.7857142857142857,0.0004
464,0.8115999698638916,1.248075246810913,0.6923076923076923,0.9423076923076923,0.6428571428571429,0.8571428571428571,0.0004
465,0.6434338092803955,1.2519241571426392,0.7307692307692307,0.9807692307692307,0.5714285714285714,0.8571428571428571,0.0004
466,0.8515541106462479,0.9192036390304565,0.6346153846153846,0.9423076923076923,0.7857142857142857,0.9285714285714286,0.0004
467,0.8310266733169556,1.9185070991516113,0.6730769230769231,0.9423076923076923,0.7142857142857143,0.8571428571428571,0.0004
468,0.7749275267124176,1.8555760383605957,0.7884615384615384,0.9230769230769231,0.6428571428571429,0.7857142857142857,0.0004
469,0.6771697402000427,1.8418340682983398,0.7692307692307693,0.9615384615384616,0.5714285714285714,0.7857142857142857,0.0004
470,0.8906590938568115,2.0519096851348877,0.7307692307692307,0.9423076923076923,0.6428571428571429,0.7142857142857143,0.0004
471,0.9138005077838898,1.5610480308532715,0.6538461538461539,0.9423076923076923,0.7857142857142857,0.8571428571428571,0.0004
472,1.0769008994102478,1.3056223392486572,0.5384615384615384,0.8846153846153846,0.7142857142857143,0.7857142857142857,0.0004
473,0.741783082485199,1.70783531665802,0.6730769230769231,0.9807692307692307,0.6428571428571429,0.8571428571428571,0.0004
474,0.8665276169776917,1.1603519916534424,0.6346153846153846,0.9807692307692307,0.8571428571428571,0.8571428571428571,0.0004
475,0.7975746393203735,0.9687941074371338,0.6923076923076923,0.9423076923076923,0.7142857142857143,0.9285714285714286,0.0004
476,0.7292012274265289,1.2858953475952148,0.8269230769230769,0.9807692307692307,0.7857142857142857,0.9285714285714286,0.0004
477,0.6211927086114883,1.310777187347412,0.75,1.0,0.5714285714285714,0.8571428571428571,0.0004
478,0.7382612526416779,1.547210931777954,0.6923076923076923,0.9615384615384616,0.5,0.8571428571428571,0.0004
479,0.7252539098262787,2.271573066711426,0.6923076923076923,0.9615384615384616,0.5714285714285714,0.7142857142857143,0.0004
480,0.7185695171356201,0.9818981885910034,0.7115384615384616,0.9807692307692307,0.7142857142857143,0.9285714285714286,0.0004
481,0.882804661989212,0.9911991357803345,0.7115384615384616,0.9038461538461539,0.9285714285714286,0.9285714285714286,0.0004
482,0.8894187211990356,1.6508259773254395,0.6730769230769231,0.9423076923076923,0.5714285714285714,0.8571428571428571,0.0004
483,0.9261819124221802,1.2352513074874878,0.6730769230769231,0.9423076923076923,0.7857142857142857,0.8571428571428571,0.0004
484,0.6485556662082672,1.1157960891723633,0.7307692307692307,1.0,0.9285714285714286,0.9285714285714286,0.0004
485,0.7743940651416779,1.4185223579406738,0.6538461538461539,0.9807692307692307,0.6428571428571429,0.7857142857142857,0.0004
486,0.7602796256542206,1.2400857210159302,0.6538461538461539,0.9615384615384616,0.7142857142857143,0.9285714285714286,0.0004
487,0.7306995689868927,1.2656607627868652,0.75,0.9423076923076923,0.7857142857142857,0.8571428571428571,0.0004
488,0.8659179508686066,1.659285306930542,0.7884615384615384,0.9230769230769231,0.7857142857142857,0.7857142857142857,0.0004
489,0.5312228798866272,1.2693507671356201,0.8269230769230769,1.0,0.7857142857142857,0.8571428571428571,0.0004
490,0.8408987522125244,1.4976508617401123,0.7307692307692307,0.9807692307692307,0.7857142857142857,0.8571428571428571,0.0004
491,0.9411596059799194,1.8319159746170044,0.6730769230769231,0.9423076923076923,0.7142857142857143,0.7857142857142857,0.0004
492,1.0003308653831482,1.5087580680847168,0.6153846153846154,0.9423076923076923,0.6428571428571429,0.8571428571428571,0.0004
493,0.562160313129425,2.16736102104187,0.75,1.0,0.6428571428571429,0.8571428571428571,0.0004
494,0.7100980579853058,1.8744933605194092,0.7115384615384616,0.9807692307692307,0.6428571428571429,0.7857142857142857,0.0004
495,0.664757490158081,2.300070285797119,0.7692307692307693,1.0,0.6428571428571429,0.7857142857142857,0.0004
496,0.7690520584583282,1.0764751434326172,0.75,0.9615384615384616,0.8571428571428571,0.9285714285714286,0.0004
497,0.7828235030174255,1.774501085281372,0.6923076923076923,0.9615384615384616,0.7857142857142857,0.7857142857142857,0.0004
498,0.5540950894355774,0.911542534828186,0.8269230769230769,0.9807692307692307,0.9285714285714286,0.9285714285714286,0.0004
499,0.6701867282390594,1.8182740211486816,0.7115384615384616,0.9615384615384616,0.6428571428571429,0.7857142857142857,0.0004
500,1.0483281016349792,1.2837867736816406,0.6730769230769231,0.9230769230769231,0.8571428571428571,0.8571428571428571,0.0004
501,0.8284696340560913,1.2052240371704102,0.6730769230769231,0.9230769230769231,0.6428571428571429,0.9285714285714286,0.0004
502,0.7708094418048859,1.3057560920715332,0.7307692307692307,0.9615384615384616,0.6428571428571429,0.7857142857142857,0.0004
503,0.6051322817802429,1.0208251476287842,0.75,1.0,0.7857142857142857,0.9285714285714286,0.0004
504,0.7344081401824951,1.2575047016143799,0.7115384615384616,0.9807692307692307,0.7857142857142857,0.9285714285714286,0.0004
505,1.0287389755249023,1.3709039688110352,0.6730769230769231,0.9423076923076923,0.6428571428571429,0.8571428571428571,0.0004
506,0.7214637696743011,1.4661414623260498,0.7115384615384616,0.9615384615384616,0.7142857142857143,0.8571428571428571,0.0004
507,0.6273046135902405,1.2830381393432617,0.7692307692307693,0.9807692307692307,0.7857142857142857,0.9285714285714286,0.0004
508,0.8639368116855621,1.4113757610321045,0.6923076923076923,0.9230769230769231,0.8571428571428571,0.8571428571428571,0.0004
509,0.8603389263153076,1.8320233821868896,0.7307692307692307,0.9038461538461539,0.6428571428571429,0.8571428571428571,0.0004
510,0.9981126487255096,1.6122047901153564,0.6538461538461539,0.9615384615384616,0.6428571428571429,0.9285714285714286,0.0004
511,0.7265596091747284,1.7833912372589111,0.6923076923076923,0.9807692307692307,0.35714285714285715,0.8571428571428571,0.0004
512,0.8011164665222168,1.0578866004943848,0.6346153846153846,0.9230769230769231,0.8571428571428571,0.8571428571428571,0.0004
513,0.7466601133346558,1.5030174255371094,0.75,0.9615384615384616,0.7142857142857143,0.7857142857142857,0.0004
514,0.72162726521492,1.8734333515167236,0.7884615384615384,0.9423076923076923,0.5714285714285714,0.7142857142857143,0.0004
515,0.6499302089214325,0.8984586000442505,0.8269230769230769,0.9807692307692307,0.7142857142857143,0.9285714285714286,0.0004
516,0.7858639359474182,1.3880035877227783,0.75,0.9807692307692307,0.5,0.8571428571428571,0.0004
517,0.7757176160812378,1.49464750289917,0.75,0.9615384615384616,0.6428571428571429,0.8571428571428571,0.0004
518,0.8184822797775269,1.2789981365203857,0.6346153846153846,0.9423076923076923,0.6428571428571429,0.7857142857142857,0.0004
519,0.6860355734825134,1.0718989372253418,0.75,0.9615384615384616,0.7857142857142857,0.8571428571428571,0.0004
520,0.6660135239362717,2.5050041675567627,0.7307692307692307,0.9615384615384616,0.5,0.7142857142857143,0.0004
521,0.6810193657875061,1.1592826843261719,0.7692307692307693,0.9807692307692307,0.6428571428571429,0.9285714285714286,0.0004
522,0.7474755942821503,1.6673434972763062,0.6923076923076923,0.9615384615384616,0.5714285714285714,0.7857142857142857,0.0004
523,0.8750365674495697,1.9103130102157593,0.7115384615384616,0.9423076923076923,0.7857142857142857,0.7857142857142857,0.0004
524,0.7744454145431519,1.5811762809753418,0.75,0.9615384615384616,0.7142857142857143,0.8571428571428571,0.0004
525,0.6303227543830872,1.7505261898040771,0.7692307692307693,0.9615384615384616,0.5714285714285714,0.8571428571428571,0.0004
526,0.5194109082221985,1.272831916809082,0.7692307692307693,0.9807692307692307,0.7142857142857143,0.8571428571428571,0.0004
527,0.8083951473236084,1.4917749166488647,0.6730769230769231,0.9615384615384616,0.5714285714285714,0.8571428571428571,0.0004
528,0.9573308825492859,1.7731497287750244,0.6538461538461539,0.8846153846153846,0.5714285714285714,0.8571428571428571,0.0004
529,0.8304086029529572,1.1710050106048584,0.7115384615384616,0.9230769230769231,0.7142857142857143,0.9285714285714286,0.0004
530,0.9523173570632935,1.4215748310089111,0.7692307692307693,0.9615384615384616,0.7857142857142857,0.7857142857142857,0.0004
531,0.9306168854236603,1.1514484882354736,0.6538461538461539,0.9807692307692307,0.5714285714285714,0.9285714285714286,0.0004
532,0.8829449713230133,1.75661301612854,0.7115384615384616,0.9230769230769231,0.6428571428571429,0.7857142857142857,0.0004
533,0.7120141088962555,1.9582161903381348,0.7115384615384616,0.9615384615384616,0.5714285714285714,0.7857142857142857,0.0004
534,0.698417603969574,1.6061681509017944,0.6923076923076923,1.0,0.5,0.8571428571428571,0.0004
535,0.9978915452957153,1.442981481552124,0.7115384615384616,0.9230769230769231,0.6428571428571429,0.9285714285714286,0.0004
536,0.6841185390949249,1.1393412351608276,0.8076923076923077,1.0,0.7142857142857143,0.9285714285714286,0.0004
537,0.7053356468677521,1.9203026294708252,0.75,0.9423076923076923,0.5,0.8571428571428571,0.0004
538,0.6163418591022491,1.5972108840942383,0.75,0.9807692307692307,0.5714285714285714,0.9285714285714286,0.0004
539,0.9005639553070068,1.221549391746521,0.6346153846153846,0.9807692307692307,0.5714285714285714,0.9285714285714286,0.0004
540,1.112221598625183,1.3406813144683838,0.6346153846153846,0.8846153846153846,0.42857142857142855,0.8571428571428571,0.0004
541,1.0884568691253662,1.1970809698104858,0.5961538461538461,0.9230769230769231,0.8571428571428571,0.9285714285714286,0.0004
542,0.8766140639781952,1.4510297775268555,0.6538461538461539,0.9807692307692307,0.7857142857142857,0.8571428571428571,0.0004
543,0.859463632106781,1.5641887187957764,0.7115384615384616,0.9423076923076923,0.5714285714285714,0.8571428571428571,0.0004
544,0.628976121544838,1.3580373525619507,0.6730769230769231,0.9807692307692307,0.6428571428571429,0.8571428571428571,0.0004
545,0.8553082346916199,1.9161429405212402,0.6346153846153846,0.9615384615384616,0.5,0.8571428571428571,0.0004
546,1.0411664843559265,2.165351629257202,0.6730769230769231,0.9423076923076923,0.42857142857142855,0.7142857142857143,0.0004
547,0.8946239650249481,2.136793375015259,0.6153846153846154,0.9423076923076923,0.42857142857142855,0.7857142857142857,0.0004
548,1.1213729083538055,1.864922046661377,0.6730769230769231,0.9038461538461539,0.6428571428571429,0.7857142857142857,0.0004
549,0.7763232290744781,1.1972064971923828,0.7115384615384616,0.9807692307692307,0.6428571428571429,0.8571428571428571,0.0004
550,0.7854776084423065,1.4574129581451416,0.7307692307692307,0.9615384615384616,0.6428571428571429,0.9285714285714286,0.0004
551,0.8262969255447388,1.1404608488082886,0.6153846153846154,0.9423076923076923,0.7857142857142857,0.9285714285714286,0.0004
552,0.808013379573822,1.8745524883270264,0.6923076923076923,0.9038461538461539,0.5714285714285714,0.7857142857142857,0.0004
553,0.963466227054596,2.0198397636413574,0.6923076923076923,0.9230769230769231,0.42857142857142855,0.7857142857142857,0.0004
554,0.7332729399204254,1.2368416786193848,0.7884615384615384,0.9615384615384616,0.6428571428571429,0.9285714285714286,0.0004
555,0.7895637452602386,1.3064212799072266,0.6730769230769231,0.9230769230769231,0.5714285714285714,0.8571428571428571,0.0004
556,0.911613941192627,1.3399502038955688,0.6538461538461539,0.9423076923076923,0.6428571428571429,0.9285714285714286,0.0004
557,0.8348974287509918,1.6318151950836182,0.7307692307692307,0.9615384615384616,0.5,0.8571428571428571,0.0004
558,0.8722481727600098,1.1967699527740479,0.6538461538461539,0.9615384615384616,0.7142857142857143,0.9285714285714286,0.0004
559,0.8494169414043427,1.7568740844726562,0.6346153846153846,0.9230769230769231,0.42857142857142855,0.8571428571428571,0.0004
560,0.9217921495437622,1.9624488353729248,0.6730769230769231,0.9230769230769231,0.35714285714285715,0.8571428571428571,0.0004
561,0.800690084695816,2.0938191413879395,0.7307692307692307,0.9807692307692307,0.6428571428571429,0.7857142857142857,0.0004
562,0.7785835862159729,1.3738110065460205,0.6923076923076923,0.9615384615384616,0.8571428571428571,0.8571428571428571,0.0004
563,0.8081229031085968,1.7128865718841553,0.7115384615384616,0.9423076923076923,0.5714285714285714,0.7142857142857143,0.0004
564,0.8002452254295349,1.776282548904419,0.7115384615384616,0.8846153846153846,0.7142857142857143,0.7142857142857143,0.0004
565,0.7367079555988312,1.4277565479278564,0.7115384615384616,0.9230769230769231,0.7142857142857143,0.7857142857142857,0.0004
566,0.7487879395484924,1.6932169198989868,0.75,0.9615384615384616,0.7857142857142857,0.7857142857142857,0.0004
567,1.0635648369789124,1.3506864309310913,0.6730769230769231,0.9423076923076923,0.7142857142857143,0.8571428571428571,0.0004
568,0.8552218973636627,1.1372663974761963,0.6730769230769231,0.9230769230769231,0.7142857142857143,0.9285714285714286,0.0004
569,0.8612902760505676,1.5947062969207764,0.6923076923076923,0.9423076923076923,0.7857142857142857,0.7857142857142857,0.0004
570,0.7938600778579712,1.7630870342254639,0.7115384615384616,0.9615384615384616,0.6428571428571429,0.7142857142857143,0.0004
571,0.7218728065490723,1.2839144468307495,0.7692307692307693,0.9807692307692307,0.6428571428571429,0.9285714285714286,0.0004
572,0.5984624922275543,0.9752338528633118,0.7692307692307693,1.0,0.8571428571428571,0.9285714285714286,0.0004
573,0.8486138582229614,1.512681007385254,0.8269230769230769,0.9615384615384616,0.7142857142857143,0.8571428571428571,0.0004
574,0.9888187944889069,1.3924956321716309,0.6153846153846154,0.9038461538461539,0.7857142857142857,0.8571428571428571,0.0004
575,0.6927225887775421,1.3417820930480957,0.7692307692307693,0.9807692307692307,0.7142857142857143,0.8571428571428571,0.0004
576,0.681647390127182,1.550210952758789,0.7884615384615384,0.9615384615384616,0.6428571428571429,0.7142857142857143,0.0004
577,0.7499716281890869,1.727735161781311,0.7115384615384616,0.9615384615384616,0.5,0.8571428571428571,0.0004
578,1.0114283561706543,1.4417953491210938,0.6730769230769231,0.9038461538461539,0.7857142857142857,0.8571428571428571,0.0004
579,0.6146201193332672,2.4310901165008545,0.75,0.9807692307692307,0.5,0.6428571428571429,0.0004
580,0.8709452152252197,1.309906244277954,0.7115384615384616,0.9423076923076923,0.6428571428571429,0.9285714285714286,0.0004
581,0.9041014313697815,1.464885950088501,0.6346153846153846,0.9615384615384616,0.6428571428571429,0.8571428571428571,0.0004
582,0.6606592535972595,1.1021649837493896,0.6538461538461539,0.9807692307692307,0.7142857142857143,0.9285714285714286,0.0004
583,0.7410329580307007,1.7005739212036133,0.7307692307692307,0.9615384615384616,0.5,0.7857142857142857,0.0004
584,0.6536470055580139,1.821413278579712,0.75,0.9423076923076923,0.6428571428571429,0.7857142857142857,0.0004
585,0.8660771250724792,1.6029109954833984,0.6346153846153846,0.9230769230769231,0.6428571428571429,0.8571428571428571,0.0004
586,0.6598610877990723,1.285041093826294,0.7692307692307693,0.9807692307692307,0.7857142857142857,0.8571428571428571,0.0004
587,0.7452673017978668,1.1941169500350952,0.6923076923076923,0.9230769230769231,0.7857142857142857,0.9285714285714286,0.0004
588,0.7353393733501434,1.559881329536438,0.75,0.9615384615384616,0.5,0.7857142857142857,0.0004
589,0.6521353423595428,0.8556932806968689,0.6923076923076923,0.9423076923076923,1.0,0.9285714285714286,0.0004
590,0.832202672958374,1.4676932096481323,0.7692307692307693,0.9423076923076923,0.6428571428571429,0.8571428571428571,0.0004
591,0.6513262391090393,1.0627094507217407,0.7884615384615384,0.9807692307692307,0.7857142857142857,0.9285714285714286,0.0004
592,0.5288715064525604,1.465673804283142,0.8461538461538461,0.9807692307692307,0.7857142857142857,0.8571428571428571,0.0004
593,0.6851913928985596,0.9177997708320618,0.75,0.9615384615384616,0.8571428571428571,0.9285714285714286,0.0004
594,0.584837943315506,0.8813903331756592,0.8461538461538461,0.9615384615384616,0.8571428571428571,0.9285714285714286,0.0004
595,0.7966471910476685,1.2206876277923584,0.6923076923076923,0.9423076923076923,0.7857142857142857,0.9285714285714286,0.0004
596,0.6155351847410202,1.8287205696105957,0.7115384615384616,0.9423076923076923,0.7142857142857143,0.8571428571428571,0.0004
597,0.9135085642337799,1.237277626991272,0.75,0.9230769230769231,0.9285714285714286,0.9285714285714286,0.0004
598,0.6800564825534821,1.5548756122589111,0.7884615384615384,0.9807692307692307,0.7142857142857143,0.8571428571428571,0.0004
599,0.9196870923042297,1.5820709466934204,0.7307692307692307,0.9615384615384616,0.6428571428571429,0.9285714285714286,0.0004
600,0.6926048994064331,2.0621721744537354,0.8076923076923077,0.9807692307692307,0.5714285714285714,0.7142857142857143,0.0004
601,0.6885102987289429,1.7923758029937744,0.75,0.9615384615384616,0.5714285714285714,0.7857142857142857,0.0004
602,0.787451297044754,1.0045108795166016,0.6538461538461539,0.9423076923076923,0.8571428571428571,0.9285714285714286,0.0004
603,0.8923582136631012,0.8265881538391113,0.6346153846153846,0.9038461538461539,0.8571428571428571,0.9285714285714286,0.0004
604,0.6713473498821259,1.5330886840820312,0.7692307692307693,0.9807692307692307,0.6428571428571429,0.8571428571428571,0.0004
605,0.7446828186511993,1.0699183940887451,0.6923076923076923,0.9230769230769231,0.8571428571428571,0.9285714285714286,0.0004
606,0.7129624485969543,1.0142645835876465,0.7115384615384616,0.9807692307692307,0.7857142857142857,0.9285714285714286,0.0004
607,1.0357461869716644,2.402832269668579,0.6346153846153846,0.9423076923076923,0.6428571428571429,0.7142857142857143,0.0004
608,0.8237546682357788,0.9787054061889648,0.75,0.9423076923076923,0.7857142857142857,0.9285714285714286,0.0004
609,0.8804073333740234,1.7948646545410156,0.6730769230769231,0.9615384615384616,0.5714285714285714,0.7142857142857143,0.0004
610,0.7991721928119659,1.2836178541183472,0.6730769230769231,0.9615384615384616,0.7142857142857143,0.8571428571428571,0.0004
611,0.9738324582576752,1.011376976966858,0.7115384615384616,0.8846153846153846,0.8571428571428571,0.9285714285714286,0.0004
612,0.7006944417953491,1.9387322664260864,0.6730769230769231,0.9615384615384616,0.6428571428571429,0.8571428571428571,0.0004
613,0.8808019161224365,1.611670732498169,0.6153846153846154,0.9038461538461539,0.7142857142857143,0.7857142857142857,0.0004
614,0.7496159076690674,1.961019515991211,0.7115384615384616,0.9230769230769231,0.6428571428571429,0.8571428571428571,0.0004
615,0.5440627634525299,1.4574880599975586,0.8076923076923077,1.0,0.7857142857142857,0.9285714285714286,0.0004
616,0.664469301700592,1.6251471042633057,0.8269230769230769,0.9230769230769231,0.7142857142857143,0.8571428571428571,0.0004
617,1.0492635369300842,1.0293190479278564,0.6730769230769231,0.9038461538461539,0.9285714285714286,0.9285714285714286,0.0004
618,0.869868665933609,1.4487361907958984,0.6346153846153846,0.9230769230769231,0.6428571428571429,0.9285714285714286,0.0004
619,0.7336612492799759,0.9801284074783325,0.6538461538461539,0.9423076923076923,0.8571428571428571,0.7857142857142857,0.0004
620,0.829514741897583,1.7888215780258179,0.7115384615384616,0.9615384615384616,0.5714285714285714,0.7857142857142857,0.0004
621,0.7819413840770721,1.2621548175811768,0.6923076923076923,0.9615384615384616,0.7857142857142857,0.9285714285714286,0.0004
622,0.7417013049125671,1.0204635858535767,0.7115384615384616,0.9423076923076923,0.9285714285714286,0.9285714285714286,0.0004
623,0.523470938205719,1.3843692541122437,0.8461538461538461,1.0,0.8571428571428571,0.8571428571428571,0.0004
624,0.6382007300853729,2.5197534561157227,0.8269230769230769,0.9230769230769231,0.35714285714285715,0.6428571428571429,0.0004
625,0.6914543509483337,1.6250900030136108,0.7307692307692307,1.0,0.7142857142857143,0.8571428571428571,0.0004
626,0.7938377261161804,1.2873458862304688,0.7307692307692307,0.9423076923076923,0.8571428571428571,0.8571428571428571,0.0004
627,0.7738653421401978,1.733717441558838,0.7115384615384616,0.9615384615384616,0.6428571428571429,0.8571428571428571,0.0004
628,0.7635447680950165,1.205000638961792,0.7115384615384616,0.9615384615384616,0.7857142857142857,0.8571428571428571,0.0004
629,0.7965200841426849,1.3992879390716553,0.75,0.9423076923076923,0.6428571428571429,0.8571428571428571,0.0004
630,0.8534999489784241,1.4021098613739014,0.6730769230769231,0.9038461538461539,0.7142857142857143,0.8571428571428571,0.0004
631,0.7233450710773468,1.2683956623077393,0.75,0.9807692307692307,0.6428571428571429,0.9285714285714286,0.0004
632,0.6554901301860809,1.1713781356811523,0.7115384615384616,0.9423076923076923,0.7142857142857143,0.8571428571428571,0.0004
633,0.6640170812606812,1.5730890035629272,0.75,0.9615384615384616,0.5714285714285714,0.8571428571428571,0.0004
634,0.8563699424266815,1.4770557880401611,0.7115384615384616,0.9423076923076923,0.5714285714285714,0.8571428571428571,0.0004
635,0.6111379563808441,1.6288652420043945,0.7884615384615384,1.0,0.7857142857142857,0.8571428571428571,0.0004
636,0.6172573268413544,1.0396345853805542,0.8076923076923077,1.0,0.8571428571428571,0.9285714285714286,0.0004
637,0.6960894167423248,1.378399133682251,0.75,0.9423076923076923,0.7142857142857143,0.9285714285714286,0.0004
638,0.5340478122234344,1.6237332820892334,0.7884615384615384,0.9807692307692307,0.7142857142857143,0.7857142857142857,0.0004
639,0.7589220702648163,1.5326491594314575,0.7307692307692307,0.9423076923076923,0.5714285714285714,0.8571428571428571,0.0004
640,0.6563580185174942,1.6634374856948853,0.75,0.9807692307692307,0.5714285714285714,0.8571428571428571,0.0004
641,0.9000335037708282,1.1111383438110352,0.7307692307692307,0.9423076923076923,0.8571428571428571,0.8571428571428571,0.0004
642,0.6101030707359314,1.5237188339233398,0.7692307692307693,1.0,0.42857142857142855,0.9285714285714286,0.0004
643,0.6977209448814392,1.144925594329834,0.7307692307692307,0.9807692307692307,0.8571428571428571,0.9285714285714286,0.0004
644,0.912938266992569,1.7619805335998535,0.6923076923076923,0.9230769230769231,0.6428571428571429,0.7857142857142857,0.0004
645,0.7811428308486938,1.53143310546875,0.6538461538461539,0.9807692307692307,0.5714285714285714,0.8571428571428571,0.0004
646,0.6454816162586212,1.0869799852371216,0.8076923076923077,0.9807692307692307,0.7857142857142857,0.8571428571428571,0.0004
647,0.5355116724967957,1.8569161891937256,0.8461538461538461,0.9615384615384616,0.5,0.8571428571428571,0.0004
648,0.5480404496192932,1.5576201677322388,0.8269230769230769,1.0,0.7142857142857143,0.8571428571428571,0.0004
649,0.6751090884208679,1.8811430931091309,0.7692307692307693,0.9615384615384616,0.5714285714285714,0.8571428571428571,0.0004
650,0.8269881010055542,1.3093986511230469,0.7307692307692307,0.9423076923076923,0.7142857142857143,0.8571428571428571,0.0004
651,0.5260217189788818,1.468746542930603,0.75,1.0,0.7857142857142857,0.8571428571428571,0.0004
652,0.6088440418243408,1.542619228363037,0.7692307692307693,1.0,0.7142857142857143,0.8571428571428571,0.0004
653,0.9710030555725098,1.0808062553405762,0.6730769230769231,0.9038461538461539,0.8571428571428571,0.9285714285714286,0.0004
654,0.6989631950855255,1.1729152202606201,0.7115384615384616,0.9807692307692307,0.7142857142857143,0.9285714285714286,0.0004
655,0.6038430035114288,2.8337459564208984,0.7692307692307693,0.9615384615384616,0.5714285714285714,0.7857142857142857,0.0004
656,0.7405819594860077,1.441601276397705,0.75,0.9615384615384616,0.5714285714285714,0.8571428571428571,0.0004
657,0.6036558747291565,1.775221824645996,0.6923076923076923,1.0,0.5714285714285714,0.8571428571428571,0.0004
658,0.6598601341247559,1.9864625930786133,0.7115384615384616,0.9807692307692307,0.5714285714285714,0.7142857142857143,0.0004
659,1.012079268693924,1.5241575241088867,0.7307692307692307,0.9423076923076923,0.6428571428571429,0.8571428571428571,0.0004
660,0.7149669826030731,2.496182918548584,0.7115384615384616,1.0,0.5714285714285714,0.7142857142857143,0.0004
661,0.9244271814823151,1.766926884651184,0.6923076923076923,0.9615384615384616,0.7857142857142857,0.8571428571428571,0.0004
662,0.752610057592392,1.4601916074752808,0.7692307692307693,0.9423076923076923,0.7142857142857143,0.9285714285714286,0.0004
663,0.832785427570343,1.9443755149841309,0.7692307692307693,0.9423076923076923,0.42857142857142855,0.8571428571428571,0.0004
664,0.7427074611186981,1.1360232830047607,0.6923076923076923,0.9423076923076923,0.8571428571428571,0.9285714285714286,0.0004
665,0.8455284237861633,0.9720287322998047,0.6538461538461539,0.9423076923076923,0.8571428571428571,0.8571428571428571,0.0004
666,0.9772975444793701,1.525339126586914,0.6153846153846154,0.8653846153846154,0.6428571428571429,0.8571428571428571,0.0004
667,0.7524199187755585,1.0636905431747437,0.7692307692307693,0.9230769230769231,0.7857142857142857,0.9285714285714286,0.0004
668,0.7306293547153473,1.6044728755950928,0.75,0.9615384615384616,0.6428571428571429,0.8571428571428571,0.0004
669,0.90134596824646,1.1201198101043701,0.6730769230769231,0.9423076923076923,0.7142857142857143,0.8571428571428571,0.0004
670,0.6109732091426849,2.278151750564575,0.7115384615384616,1.0,0.5,0.7857142857142857,0.0004
671,0.8224938213825226,2.059566020965576,0.6730769230769231,0.9230769230769231,0.42857142857142855,0.7857142857142857,0.0004
672,0.7251817584037781,1.3128478527069092,0.8076923076923077,0.9615384615384616,0.7857142857142857,0.9285714285714286,0.0004
673,0.6812907457351685,1.3420330286026,0.7307692307692307,0.9615384615384616,0.7142857142857143,0.7857142857142857,0.0004
674,0.68909552693367,1.6345734596252441,0.7115384615384616,1.0,0.6428571428571429,0.8571428571428571,0.0004
675,1.1433712840080261,1.02500319480896,0.6346153846153846,0.9038461538461539,0.7857142857142857,0.9285714285714286,0.0004
676,0.877383679151535,1.807070016860962,0.6730769230769231,0.9615384615384616,0.7142857142857143,0.8571428571428571,0.0004
677,0.7942829132080078,1.26669442653656,0.6730769230769231,0.9423076923076923,0.8571428571428571,0.9285714285714286,0.0004
678,0.7261543273925781,0.8781862258911133,0.7307692307692307,0.9423076923076923,0.8571428571428571,0.9285714285714286,0.0004
679,0.6522437930107117,1.6548919677734375,0.7115384615384616,0.9807692307692307,0.7142857142857143,0.7857142857142857,0.0004
680,0.7841216027736664,1.5407289266586304,0.7115384615384616,0.9615384615384616,0.42857142857142855,0.9285714285714286,0.0004
681,0.8403978943824768,1.6610627174377441,0.6923076923076923,0.9423076923076923,0.5,0.8571428571428571,0.0004
682,0.8098843395709991,1.1209635734558105,0.7115384615384616,0.9423076923076923,0.7857142857142857,0.9285714285714286,0.0004
683,0.7937095761299133,1.0184569358825684,0.6730769230769231,0.9807692307692307,0.8571428571428571,0.9285714285714286,0.0004
684,0.7776724994182587,2.4558753967285156,0.7115384615384616,0.9230769230769231,0.2857142857142857,0.6428571428571429,0.0004
685,0.7707349061965942,1.686495304107666,0.7307692307692307,0.9230769230769231,0.5714285714285714,0.8571428571428571,0.0004
686,0.9358139634132385,2.1990466117858887,0.7307692307692307,0.9423076923076923,0.35714285714285715,0.7857142857142857,0.0004
687,0.9311021864414215,1.4187692403793335,0.5576923076923077,0.9423076923076923,0.6428571428571429,0.9285714285714286,0.0004
688,0.8640148043632507,1.3812755346298218,0.6923076923076923,0.9423076923076923,0.6428571428571429,0.8571428571428571,0.0004
689,0.7839653193950653,1.0882437229156494,0.7307692307692307,0.9423076923076923,0.7142857142857143,0.9285714285714286,0.0004
690,0.6881786733865738,1.6444835662841797,0.6923076923076923,0.9423076923076923,0.5,0.7857142857142857,0.0004
691,0.8383567631244659,2.1188974380493164,0.6923076923076923,0.9423076923076923,0.5,0.7857142857142857,0.0004
692,0.9856378138065338,1.63301682472229,0.6730769230769231,0.9615384615384616,0.6428571428571429,0.7857142857142857,0.0004
693,0.6802244782447815,1.4570684432983398,0.6923076923076923,0.9807692307692307,0.7142857142857143,0.7857142857142857,0.0004
694,0.5957270860671997,1.1687557697296143,0.75,0.9807692307692307,0.6428571428571429,0.8571428571428571,0.0004
695,0.8244936168193817,1.5052441358566284,0.6730769230769231,0.9423076923076923,0.6428571428571429,0.8571428571428571,0.0004
696,0.7887031883001328,1.5655120611190796,0.7115384615384616,0.9423076923076923,0.6428571428571429,0.8571428571428571,0.0004
697,0.6434379816055298,1.3931503295898438,0.75,0.9615384615384616,0.6428571428571429,0.8571428571428571,0.0004
698,0.9723882973194122,0.8460173606872559,0.5961538461538461,0.8846153846153846,0.9285714285714286,0.9285714285714286,0.0004
699,0.8333000540733337,1.5893239974975586,0.6923076923076923,0.9230769230769231,0.7142857142857143,0.8571428571428571,0.0004
700,0.9630026519298553,1.3782590627670288,0.6538461538461539,0.9423076923076923,0.7142857142857143,0.8571428571428571,0.0004
701,0.5923970937728882,1.143025517463684,0.8076923076923077,0.9807692307692307,0.7857142857142857,0.8571428571428571,0.0004
702,0.8552633821964264,1.4805901050567627,0.6538461538461539,0.9423076923076923,0.5714285714285714,0.8571428571428571,0.0004
703,0.9684231281280518,2.146214485168457,0.6346153846153846,0.9615384615384616,0.42857142857142855,0.7857142857142857,0.0004
704,0.787481963634491,1.2782363891601562,0.7307692307692307,0.9423076923076923,0.7142857142857143,0.9285714285714286,0.0004
705,0.6744129657745361,1.1164984703063965,0.7307692307692307,0.9807692307692307,0.8571428571428571,0.8571428571428571,0.0004
706,0.8575489223003387,0.9277780055999756,0.7115384615384616,0.8846153846153846,0.8571428571428571,0.9285714285714286,0.0004
707,0.5933138430118561,1.7370045185089111,0.8076923076923077,0.9807692307692307,0.7142857142857143,0.7857142857142857,0.0004
708,0.6295524537563324,1.4267957210540771,0.7307692307692307,0.9807692307692307,0.7857142857142857,0.8571428571428571,0.0004
709,0.7186696529388428,1.607828140258789,0.6923076923076923,0.9615384615384616,0.6428571428571429,0.7857142857142857,0.0004
710,0.7903254330158234,1.7528064250946045,0.75,0.9615384615384616,0.42857142857142855,0.7142857142857143,0.0004
711,0.9543087780475616,1.168051838874817,0.6538461538461539,0.9230769230769231,0.6428571428571429,0.9285714285714286,0.0004
712,0.7832451462745667,2.112825393676758,0.6923076923076923,0.9423076923076923,0.42857142857142855,0.7142857142857143,0.0004
713,0.6082658916711807,2.287550926208496,0.8269230769230769,0.9807692307692307,0.35714285714285715,0.7142857142857143,0.0004
714,0.7832537889480591,1.1965796947479248,0.75,0.9615384615384616,0.8571428571428571,0.8571428571428571,0.0004
715,0.8851845562458038,1.8096781969070435,0.7115384615384616,0.9423076923076923,0.5714285714285714,0.8571428571428571,0.0004
716,0.5625930428504944,0.9937784075737,0.8653846153846154,0.9807692307692307,0.7857142857142857,0.9285714285714286,0.0004
717,0.8212316632270813,1.7299580574035645,0.7115384615384616,0.9230769230769231,0.6428571428571429,0.8571428571428571,0.0004
718,0.7538277804851532,1.0774474143981934,0.8076923076923077,0.9615384615384616,0.8571428571428571,0.8571428571428571,0.0004
719,0.7261169254779816,1.550893783569336,0.75,0.9807692307692307,0.7857142857142857,0.9285714285714286,0.0004
720,0.633647233247757,2.1882152557373047,0.7884615384615384,0.9615384615384616,0.6428571428571429,0.7142857142857143,0.0004
721,0.6153685748577118,0.975638210773468,0.7307692307692307,0.9807692307692307,0.9285714285714286,0.9285714285714286,0.0004
722,0.6532924175262451,1.2475166320800781,0.7692307692307693,0.9615384615384616,0.7142857142857143,0.9285714285714286,0.0004
723,0.6745688021183014,1.583289623260498,0.6923076923076923,1.0,0.7857142857142857,0.8571428571428571,0.0004
724,0.5329425185918808,1.5058159828186035,0.8269230769230769,0.9807692307692307,0.7142857142857143,0.8571428571428571,0.0004
725,0.7072401642799377,1.0163999795913696,0.7115384615384616,0.9423076923076923,0.7857142857142857,0.8571428571428571,0.0004
726,0.6047211289405823,1.5543880462646484,0.8076923076923077,0.9807692307692307,0.7857142857142857,0.8571428571428571,0.0004
727,0.5403999537229538,1.2962226867675781,0.7307692307692307,1.0,0.7142857142857143,0.8571428571428571,0.0004
728,0.8025609254837036,1.3359472751617432,0.6730769230769231,0.9230769230769231,0.7142857142857143,0.9285714285714286,0.0004
729,0.5143720656633377,1.6425647735595703,0.8269230769230769,0.9807692307692307,0.7857142857142857,0.8571428571428571,0.0004
730,0.7592786550521851,1.9347121715545654,0.7692307692307693,0.9423076923076923,0.5,0.7142857142857143,0.0004
731,0.7957785725593567,1.6690703630447388,0.75,0.9230769230769231,0.7142857142857143,0.7857142857142857,0.0004
732,0.8506022989749908,1.3554818630218506,0.7307692307692307,0.9423076923076923,0.8571428571428571,0.8571428571428571,0.0004
733,0.5245277732610703,1.4061686992645264,0.8653846153846154,0.9807692307692307,0.7142857142857143,0.8571428571428571,0.0004
734,0.48531924188137054,1.54567289352417,0.8653846153846154,1.0,0.5714285714285714,0.9285714285714286,0.0004
735,0.835687667131424,1.6514570713043213,0.7115384615384616,0.9807692307692307,0.6428571428571429,0.8571428571428571,0.0004
736,0.7120477557182312,1.132408618927002,0.75,0.9615384615384616,0.7857142857142857,0.9285714285714286,0.0004
737,0.6110439300537109,1.1853148937225342,0.7692307692307693,0.9615384615384616,0.5714285714285714,0.9285714285714286,0.0004
738,0.6925216019153595,1.0671406984329224,0.7307692307692307,0.9807692307692307,0.7142857142857143,0.9285714285714286,0.0004
739,0.6743884980678558,1.5565418004989624,0.6923076923076923,0.9615384615384616,0.6428571428571429,0.8571428571428571,0.0004
740,0.8011980652809143,2.219740390777588,0.8269230769230769,0.9423076923076923,0.6428571428571429,0.8571428571428571,0.0004
741,0.6733229458332062,2.3823142051696777,0.7307692307692307,0.9615384615384616,0.42857142857142855,0.7142857142857143,0.0004
742,0.8178995251655579,1.195265769958496,0.7115384615384616,0.9615384615384616,0.8571428571428571,0.8571428571428571,0.0004
743,0.5680823773145676,1.18653404712677,0.7884615384615384,0.9807692307692307,0.6428571428571429,0.8571428571428571,0.0004
744,0.6854037940502167,1.6331214904785156,0.7307692307692307,0.9807692307692307,0.7142857142857143,0.7857142857142857,0.0004
745,0.6650671660900116,1.4518122673034668,0.7692307692307693,0.9615384615384616,0.7857142857142857,0.8571428571428571,0.0004
746,0.8174823522567749,1.1279853582382202,0.6346153846153846,0.9423076923076923,0.7857142857142857,0.9285714285714286,0.0004
747,0.7947705388069153,1.3062909841537476,0.75,0.9807692307692307,0.5714285714285714,0.8571428571428571,0.0004
748,0.710029125213623,1.0937244892120361,0.7307692307692307,0.9038461538461539,0.7857142857142857,0.8571428571428571,0.0004
749,1.0936205089092255,1.1918139457702637,0.6346153846153846,0.9038461538461539,0.7142857142857143,0.8571428571428571,0.0004
750,0.9136251211166382,2.0929758548736572,0.7115384615384616,0.9230769230769231,0.5714285714285714,0.7857142857142857,0.0004
751,0.8572721183300018,2.404691219329834,0.7307692307692307,0.9230769230769231,0.7142857142857143,0.7142857142857143,0.0004
752,0.9975972771644592,1.4360628128051758,0.6153846153846154,0.8653846153846154,0.7142857142857143,0.9285714285714286,0.0004
753,0.7862310409545898,2.0926547050476074,0.7307692307692307,0.9038461538461539,0.5714285714285714,0.7857142857142857,0.0004
754,0.6066326797008514,1.550455093383789,0.7692307692307693,0.9807692307692307,0.5714285714285714,0.9285714285714286,0.0004
755,0.7710291147232056,1.7236955165863037,0.75,0.9615384615384616,0.7142857142857143,0.8571428571428571,0.0004
756,0.6866829097270966,2.5898725986480713,0.7692307692307693,0.9423076923076923,0.5714285714285714,0.6428571428571429,0.0004
757,0.5440713465213776,1.7756872177124023,0.7307692307692307,1.0,0.6428571428571429,0.8571428571428571,0.0004
758,0.7624874413013458,1.1564016342163086,0.7884615384615384,0.9423076923076923,0.8571428571428571,0.9285714285714286,0.0004
759,0.7638421356678009,1.4006173610687256,0.75,0.9615384615384616,0.7857142857142857,0.8571428571428571,0.0004
760,0.6698123514652252,1.537238359451294,0.8076923076923077,0.9423076923076923,0.6428571428571429,0.7857142857142857,0.0004
761,0.6088391542434692,1.7476332187652588,0.7307692307692307,0.9807692307692307,0.7142857142857143,0.8571428571428571,0.0004
762,0.5881115794181824,1.2409001588821411,0.8076923076923077,0.9807692307692307,0.7142857142857143,0.9285714285714286,0.0004
763,0.6128794550895691,1.2044892311096191,0.7692307692307693,1.0,0.7857142857142857,0.8571428571428571,0.0004
764,0.6961515247821808,2.08416748046875,0.7692307692307693,0.9423076923076923,0.5714285714285714,0.8571428571428571,0.0004
765,0.7403047382831573,1.3676140308380127,0.75,0.9423076923076923,0.7142857142857143,0.8571428571428571,0.0004
766,0.8454152345657349,1.8812870979309082,0.7115384615384616,0.9615384615384616,0.7142857142857143,0.8571428571428571,0.0004
767,0.6375376880168915,2.0794332027435303,0.7307692307692307,0.9807692307692307,0.5,0.7142857142857143,0.0004
768,0.9034888744354248,1.435523271560669,0.6730769230769231,0.9230769230769231,0.7142857142857143,0.8571428571428571,0.0004
769,0.8458768725395203,1.360022783279419,0.7115384615384616,0.9423076923076923,0.7142857142857143,0.8571428571428571,0.0004
770,0.9990845620632172,1.2744330167770386,0.6923076923076923,0.8846153846153846,0.6428571428571429,0.9285714285714286,0.0004
771,0.6700961887836456,1.5985190868377686,0.7307692307692307,0.9615384615384616,0.7142857142857143,0.8571428571428571,0.0004
772,0.6087806820869446,1.456099271774292,0.8076923076923077,0.9807692307692307,0.5,0.8571428571428571,0.0004
773,0.611899197101593,1.312679648399353,0.7115384615384616,0.9230769230769231,0.5714285714285714,0.8571428571428571,0.0004
774,0.7734270989894867,1.6147557497024536,0.7692307692307693,0.9230769230769231,0.6428571428571429,0.8571428571428571,0.0004
775,0.7489209771156311,1.494286298751831,0.7115384615384616,0.9615384615384616,0.7142857142857143,0.7142857142857143,0.0004
776,0.665774792432785,1.5228456258773804,0.75,0.9615384615384616,0.7142857142857143,0.7857142857142857,0.0004
777,0.9821012616157532,1.1431689262390137,0.6730769230769231,0.8653846153846154,0.9285714285714286,0.9285714285714286,0.0004
778,0.8741049468517303,1.8595061302185059,0.6923076923076923,0.9423076923076923,0.42857142857142855,0.7857142857142857,0.0004
779,1.1271602511405945,1.3258241415023804,0.6153846153846154,0.9038461538461539,0.6428571428571429,0.7857142857142857,0.0004
780,0.9032129645347595,1.6112782955169678,0.6923076923076923,0.9423076923076923,0.7142857142857143,0.7857142857142857,0.0004
781,0.6630548238754272,1.4515070915222168,0.75,0.9423076923076923,0.5714285714285714,0.8571428571428571,0.0004
782,0.6948897242546082,1.4453473091125488,0.6923076923076923,0.9615384615384616,0.6428571428571429,0.8571428571428571,0.0004
783,0.7570664286613464,1.1766455173492432,0.6923076923076923,0.9615384615384616,0.7142857142857143,0.9285714285714286,0.0004
784,0.8748903274536133,1.438005805015564,0.6538461538461539,0.9423076923076923,0.5,0.8571428571428571,0.0004
785,0.731290876865387,1.1358190774917603,0.7307692307692307,0.9807692307692307,0.5714285714285714,0.8571428571428571,0.0004
786,1.1484680771827698,1.3433696031570435,0.5961538461538461,0.8846153846153846,0.5,0.8571428571428571,0.0004
787,0.7448368966579437,1.2205467224121094,0.7307692307692307,0.9230769230769231,0.5714285714285714,0.7857142857142857,0.0004
788,0.7085881233215332,1.204230785369873,0.7692307692307693,0.9423076923076923,0.6428571428571429,0.8571428571428571,0.0004
789,0.6891839504241943,1.3807684183120728,0.7307692307692307,0.9807692307692307,0.5714285714285714,0.9285714285714286,0.0004
790,0.873887300491333,1.3036073446273804,0.7307692307692307,0.9038461538461539,0.6428571428571429,0.8571428571428571,0.0004
791,0.5674260556697845,1.3539814949035645,0.8653846153846154,1.0,0.7857142857142857,0.8571428571428571,0.0004
792,0.7838264405727386,1.2514468431472778,0.7884615384615384,0.9615384615384616,0.5714285714285714,0.8571428571428571,0.0004
793,0.7232655584812164,1.2704541683197021,0.6923076923076923,0.9423076923076923,0.7857142857142857,0.8571428571428571,0.0004
794,0.8165185451507568,1.2818418741226196,0.6346153846153846,0.9423076923076923,0.7857142857142857,0.9285714285714286,0.0004
795,0.8480726778507233,1.1458473205566406,0.7307692307692307,0.9230769230769231,0.7857142857142857,0.9285714285714286,0.0004
796,0.7185332775115967,1.891983985900879,0.8269230769230769,0.9615384615384616,0.42857142857142855,0.7857142857142857,0.0004
797,0.615508496761322,1.347643256187439,0.7692307692307693,1.0,0.7142857142857143,0.8571428571428571,0.0004
798,0.5113577842712402,0.9374156594276428,0.8269230769230769,0.9807692307692307,0.9285714285714286,0.9285714285714286,0.0004
799,0.586883932352066,1.0975983142852783,0.7884615384615384,0.9807692307692307,0.7857142857142857,0.9285714285714286,0.0004
800,0.6908722817897797,1.2430630922317505,0.7692307692307693,0.9423076923076923,0.8571428571428571,0.9285714285714286,0.0004
801,0.9055149257183075,2.12034010887146,0.7307692307692307,0.9230769230769231,0.6428571428571429,0.7857142857142857,0.0004
802,0.6329145133495331,1.021894097328186,0.7692307692307693,0.9615384615384616,0.8571428571428571,0.9285714285714286,0.0004
803,0.6884961724281311,1.5408928394317627,0.7692307692307693,0.9423076923076923,0.6428571428571429,0.8571428571428571,0.0004
804,0.6966620683670044,1.2673041820526123,0.7115384615384616,0.9615384615384616,0.7857142857142857,0.7857142857142857,0.0004
805,0.8682460486888885,1.7855955362319946,0.6538461538461539,0.9423076923076923,0.7857142857142857,0.7857142857142857,0.0004
806,0.8356564044952393,1.1460763216018677,0.6923076923076923,0.9423076923076923,0.8571428571428571,0.9285714285714286,0.0004
807,0.5601965337991714,1.4963390827178955,0.7884615384615384,0.9807692307692307,0.7142857142857143,0.8571428571428571,0.0004
808,1.0244329571723938,0.8083961009979248,0.6730769230769231,0.9230769230769231,0.8571428571428571,0.9285714285714286,0.0004
809,1.000966340303421,1.2832306623458862,0.6730769230769231,0.9807692307692307,0.7142857142857143,0.8571428571428571,0.0004
810,0.7399650812149048,0.9418342113494873,0.6923076923076923,0.9807692307692307,0.7857142857142857,0.9285714285714286,0.0004
811,0.7473597824573517,2.0322344303131104,0.7307692307692307,0.9807692307692307,0.5714285714285714,0.8571428571428571,0.0004
812,0.5988280773162842,1.3160967826843262,0.7307692307692307,1.0,0.7142857142857143,0.9285714285714286,0.0004
813,0.644266664981842,1.1365854740142822,0.8076923076923077,0.9615384615384616,0.8571428571428571,0.9285714285714286,0.0004
814,0.687995046377182,1.5461474657058716,0.7307692307692307,0.9807692307692307,0.5714285714285714,0.8571428571428571,0.0004
815,0.9928138256072998,2.3122262954711914,0.6730769230769231,0.9423076923076923,0.5,0.7857142857142857,0.0004
816,0.871036946773529,1.3441945314407349,0.5769230769230769,0.9807692307692307,0.7142857142857143,0.9285714285714286,0.0004
817,0.6659026145935059,1.146540880203247,0.7115384615384616,0.9807692307692307,0.7142857142857143,0.9285714285714286,0.0004
818,0.5851574540138245,2.5600123405456543,0.8269230769230769,0.9807692307692307,0.6428571428571429,0.8571428571428571,0.0004
819,0.7904963493347168,1.1612520217895508,0.7307692307692307,0.9615384615384616,0.7142857142857143,0.9285714285714286,0.0004
820,0.7488081157207489,1.670935869216919,0.8461538461538461,0.9423076923076923,0.7142857142857143,0.8571428571428571,0.0004
821,0.5299822390079498,1.7671445608139038,0.8269230769230769,0.9807692307692307,0.5714285714285714,0.7857142857142857,0.0004
822,0.853239893913269,1.0846843719482422,0.6346153846153846,0.9230769230769231,0.8571428571428571,0.8571428571428571,0.0004
823,0.8661398887634277,1.526045799255371,0.5961538461538461,0.9038461538461539,0.8571428571428571,0.9285714285714286,0.0004
824,0.5929739475250244,1.0647780895233154,0.7692307692307693,0.9807692307692307,0.9285714285714286,0.9285714285714286,0.0004
825,0.6470278203487396,1.3178032636642456,0.7307692307692307,0.9615384615384616,0.6428571428571429,0.8571428571428571,0.0004
826,0.5783887207508087,1.3492944240570068,0.8461538461538461,0.9615384615384616,0.7142857142857143,0.8571428571428571,0.0004
827,0.7101270258426666,2.098827838897705,0.7884615384615384,0.9615384615384616,0.6428571428571429,0.7857142857142857,0.0004
828,0.8696617782115936,1.6729819774627686,0.6538461538461539,0.9423076923076923,0.7142857142857143,0.8571428571428571,0.0004
829,0.6852085292339325,1.5998375415802002,0.75,0.9615384615384616,0.7142857142857143,0.7857142857142857,0.0004
830,0.7886434197425842,1.3958168029785156,0.7884615384615384,0.9615384615384616,0.7142857142857143,0.8571428571428571,0.0004
831,0.639794111251831,1.493553876876831,0.7692307692307693,0.9423076923076923,0.6428571428571429,0.8571428571428571,0.0004
832,0.6257710754871368,1.9451104402542114,0.7884615384615384,0.9615384615384616,0.7142857142857143,0.7857142857142857,0.0004
833,0.6518163084983826,1.5591957569122314,0.7115384615384616,1.0,0.7857142857142857,0.8571428571428571,0.0004
834,0.7242226600646973,1.1049554347991943,0.7307692307692307,0.9807692307692307,0.7857142857142857,0.8571428571428571,0.0004
835,0.740289032459259,1.8407654762268066,0.6923076923076923,0.9615384615384616,0.5,0.7857142857142857,0.0004
836,0.7609233260154724,1.678139328956604,0.6538461538461539,0.9423076923076923,0.7142857142857143,0.8571428571428571,0.0004
837,0.7804685235023499,2.256786346435547,0.7115384615384616,0.9423076923076923,0.6428571428571429,0.7857142857142857,0.0004
838,0.8375609517097473,1.5637180805206299,0.6923076923076923,0.9423076923076923,0.7142857142857143,0.8571428571428571,0.0004
839,0.7121608555316925,1.6544560194015503,0.8269230769230769,0.9615384615384616,0.6428571428571429,0.8571428571428571,0.0004
840,0.6605703830718994,0.9129777550697327,0.8269230769230769,0.9423076923076923,0.8571428571428571,0.9285714285714286,0.0004
841,0.6339097321033478,1.7137913703918457,0.6730769230769231,0.9807692307692307,0.42857142857142855,0.7857142857142857,0.0004
842,0.6140587329864502,1.747663140296936,0.8076923076923077,0.9807692307692307,0.7857142857142857,0.8571428571428571,0.0004
843,0.6134150624275208,1.268967628479004,0.8076923076923077,0.9807692307692307,0.9285714285714286,0.8571428571428571,0.0004
844,0.751150518655777,1.2224926948547363,0.8076923076923077,0.9615384615384616,0.7142857142857143,0.9285714285714286,0.0004
845,0.5320593565702438,1.1938446760177612,0.8653846153846154,1.0,0.9285714285714286,0.9285714285714286,0.0004
846,0.77979776263237,1.362691044807434,0.6923076923076923,0.9423076923076923,0.7142857142857143,0.8571428571428571,0.0004
847,0.8475418984889984,1.2543460130691528,0.6923076923076923,0.9615384615384616,0.6428571428571429,0.9285714285714286,0.0004
848,0.6413342654705048,1.0175009965896606,0.75,0.9615384615384616,0.8571428571428571,0.9285714285714286,0.0004
849,0.6489018499851227,1.6889578104019165,0.75,0.9807692307692307,0.6428571428571429,0.9285714285714286,0.0004
850,0.6936812698841095,1.854928731918335,0.7115384615384616,0.9615384615384616,0.5714285714285714,0.8571428571428571,0.0004
851,0.6240835785865784,1.4398283958435059,0.7884615384615384,0.9615384615384616,0.7857142857142857,0.9285714285714286,0.0004
852,0.6284679770469666,1.4758466482162476,0.7692307692307693,0.9615384615384616,0.7857142857142857,0.8571428571428571,0.0004
853,0.8268190324306488,1.2247401475906372,0.7307692307692307,0.9230769230769231,0.6428571428571429,0.9285714285714286,0.0004
854,0.6410327851772308,1.084093451499939,0.75,0.9615384615384616,0.8571428571428571,0.8571428571428571,0.0004
855,0.49093998968601227,1.5660924911499023,0.8076923076923077,1.0,0.7142857142857143,0.9285714285714286,0.0004
856,0.6768762171268463,0.9753768444061279,0.7692307692307693,1.0,0.7857142857142857,0.9285714285714286,0.0004
857,0.7784084379673004,1.2701728343963623,0.7115384615384616,0.9615384615384616,0.7857142857142857,0.9285714285714286,0.0004
858,0.6031693518161774,1.8766024112701416,0.75,0.9807692307692307,0.7142857142857143,0.8571428571428571,0.0004
859,0.9358512759208679,1.585068941116333,0.6730769230769231,0.9807692307692307,0.7142857142857143,0.8571428571428571,0.0004
860,1.05884850025177,2.1630611419677734,0.6153846153846154,0.9230769230769231,0.6428571428571429,0.7857142857142857,0.0004
861,0.8175148963928223,1.221466302871704,0.6730769230769231,0.9230769230769231,0.7857142857142857,0.9285714285714286,0.0004
862,0.6917247772216797,1.4802340269088745,0.7692307692307693,0.9615384615384616,0.6428571428571429,0.9285714285714286,0.0004
863,0.4414651244878769,2.0017848014831543,0.8653846153846154,0.9807692307692307,0.5714285714285714,0.8571428571428571,0.0004
864,0.671171247959137,1.5016400814056396,0.75,0.9423076923076923,0.7857142857142857,0.9285714285714286,0.0004
865,0.5744000375270844,1.426139235496521,0.8269230769230769,0.9423076923076923,0.7142857142857143,0.9285714285714286,0.0004
866,0.6233175992965698,0.8995195627212524,0.75,0.9615384615384616,0.8571428571428571,0.9285714285714286,0.0004
867,0.7254204750061035,1.3951737880706787,0.7115384615384616,0.9423076923076923,0.7142857142857143,0.8571428571428571,0.0004
868,0.6331226229667664,2.4485950469970703,0.8269230769230769,0.9807692307692307,0.35714285714285715,0.7142857142857143,0.0004
869,0.7053916156291962,1.0385485887527466,0.8076923076923077,0.9615384615384616,0.7142857142857143,0.9285714285714286,0.0004
870,0.827267050743103,1.4881503582000732,0.6346153846153846,0.9615384615384616,0.5714285714285714,0.8571428571428571,0.0004
871,0.6515711396932602,1.125288963317871,0.8076923076923077,0.9615384615384616,0.7857142857142857,0.9285714285714286,0.0004
872,0.9803749024868011,0.8993093967437744,0.6538461538461539,0.9423076923076923,1.0,0.9285714285714286,0.0004
873,0.7154825031757355,1.2004220485687256,0.7692307692307693,0.9423076923076923,0.7142857142857143,0.8571428571428571,0.0004
874,0.6923996210098267,1.3037657737731934,0.8269230769230769,0.9230769230769231,0.7142857142857143,0.8571428571428571,0.0004
875,0.6938503086566925,1.442297101020813,0.7307692307692307,0.9807692307692307,0.7857142857142857,0.8571428571428571,0.0004
876,0.7061287611722946,0.7724551558494568,0.75,1.0,0.9285714285714286,0.9285714285714286,0.0004
877,0.77409628033638,1.7703933715820312,0.7307692307692307,0.9423076923076923,0.7142857142857143,0.7857142857142857,0.0004
878,0.5173096805810928,1.1393826007843018,0.8269230769230769,0.9615384615384616,0.8571428571428571,0.9285714285714286,0.0004
879,0.6688500046730042,1.2177053689956665,0.7307692307692307,0.9615384615384616,0.7142857142857143,0.7857142857142857,0.0004
880,0.7576121091842651,1.8529056310653687,0.7115384615384616,0.9615384615384616,0.6428571428571429,0.7857142857142857,0.0004
881,0.8130329549312592,2.4730565547943115,0.6923076923076923,0.9615384615384616,0.42857142857142855,0.7857142857142857,0.0004
882,0.5472314953804016,1.7737007141113281,0.75,0.9615384615384616,0.6428571428571429,0.7857142857142857,0.0004
883,0.968130350112915,1.6116790771484375,0.6730769230769231,0.9615384615384616,0.5,0.9285714285714286,0.0004
884,0.7325899302959442,2.9732742309570312,0.6923076923076923,0.9230769230769231,0.42857142857142855,0.7142857142857143,0.0004
885,0.723718911409378,1.9099578857421875,0.75,0.9615384615384616,0.5714285714285714,0.8571428571428571,0.0004
886,0.7271862924098969,1.737163782119751,0.7307692307692307,0.9615384615384616,0.42857142857142855,0.8571428571428571,0.0004
887,0.5942359268665314,1.822784423828125,0.7692307692307693,0.9423076923076923,0.6428571428571429,0.7857142857142857,0.0004
888,0.9100000858306885,1.6414480209350586,0.6730769230769231,0.9615384615384616,0.7142857142857143,0.8571428571428571,0.0004
889,0.5311283022165298,1.5415256023406982,0.8269230769230769,1.0,0.5714285714285714,0.8571428571428571,0.0004
890,0.5120907425880432,1.8852789402008057,0.8846153846153846,0.9807692307692307,0.6428571428571429,0.7857142857142857,0.0004
891,0.7295192778110504,0.8381487727165222,0.8461538461538461,0.9423076923076923,0.8571428571428571,0.9285714285714286,0.0004
892,0.7662357091903687,1.0813040733337402,0.7692307692307693,0.9423076923076923,0.8571428571428571,0.9285714285714286,0.0004
893,0.6959430873394012,1.517289400100708,0.7307692307692307,0.9615384615384616,0.42857142857142855,0.9285714285714286,0.0004
894,0.5492392480373383,1.82574462890625,0.8269230769230769,0.9807692307692307,0.5714285714285714,0.8571428571428571,0.0004
895,0.6772177517414093,0.9680068492889404,0.7884615384615384,0.9230769230769231,0.7857142857142857,0.9285714285714286,0.0004
896,0.8168928921222687,0.8495017290115356,0.7115384615384616,0.9615384615384616,0.8571428571428571,0.9285714285714286,0.0004
897,0.6799115091562271,1.2025727033615112,0.7307692307692307,0.9615384615384616,0.8571428571428571,0.8571428571428571,0.0004
898,0.7020626366138458,1.8409631252288818,0.75,0.9423076923076923,0.5,0.7857142857142857,0.0004
899,0.8041354715824127,2.132049560546875,0.75,0.9423076923076923,0.42857142857142855,0.7142857142857143,0.0004
900,0.6795890927314758,1.500152826309204,0.7307692307692307,0.9615384615384616,0.6428571428571429,0.8571428571428571,0.0004
901,0.8551611304283142,1.1527646780014038,0.6730769230769231,0.9423076923076923,0.7857142857142857,0.8571428571428571,0.0004
902,0.7637423574924469,1.8678584098815918,0.6923076923076923,0.9615384615384616,0.6428571428571429,0.7857142857142857,0.0004
903,0.7076511383056641,1.0824508666992188,0.7884615384615384,0.9423076923076923,0.7857142857142857,0.9285714285714286,0.0004
904,0.690236896276474,1.0857679843902588,0.8076923076923077,0.9615384615384616,0.7857142857142857,0.9285714285714286,0.0004
905,0.688470333814621,2.1168251037597656,0.7115384615384616,0.9807692307692307,0.5,0.7142857142857143,0.0004
906,0.6005484163761139,1.6974074840545654,0.7115384615384616,1.0,0.6428571428571429,0.8571428571428571,0.0004
907,0.5402349531650543,1.5638270378112793,0.8269230769230769,0.9807692307692307,0.6428571428571429,0.8571428571428571,0.0004
908,0.6607801914215088,1.5353890657424927,0.8269230769230769,0.9615384615384616,0.7142857142857143,0.7857142857142857,0.0004
909,0.5629243552684784,1.2931485176086426,0.7884615384615384,0.9423076923076923,0.7857142857142857,0.8571428571428571,0.0004
910,0.730394035577774,0.9293158054351807,0.7115384615384616,0.9615384615384616,0.8571428571428571,0.8571428571428571,0.0004
911,0.6004251539707184,0.9740216732025146,0.75,0.9615384615384616,0.8571428571428571,0.9285714285714286,0.0004
912,0.4505253732204437,1.6325922012329102,0.8461538461538461,1.0,0.6428571428571429,0.7857142857142857,0.0004
913,0.7565079033374786,1.1348826885223389,0.7884615384615384,0.9807692307692307,0.8571428571428571,0.9285714285714286,0.0004
914,0.601320743560791,1.6579651832580566,0.6923076923076923,0.9807692307692307,0.5714285714285714,0.7857142857142857,0.0004
915,0.6706610321998596,1.1627724170684814,0.8076923076923077,0.9807692307692307,0.7857142857142857,0.9285714285714286,0.0004
916,0.9135215580463409,1.6179840564727783,0.75,0.9038461538461539,0.6428571428571429,0.9285714285714286,0.0004
917,0.7319948673248291,0.9693666696548462,0.6923076923076923,0.9807692307692307,0.7857142857142857,0.9285714285714286,0.0004
918,0.6001346558332443,2.448883295059204,0.7884615384615384,0.9423076923076923,0.5,0.7142857142857143,0.0004
919,0.5911184847354889,1.1320502758026123,0.7884615384615384,1.0,0.7857142857142857,0.8571428571428571,0.0004
920,0.7992362082004547,0.8200030326843262,0.7884615384615384,0.9423076923076923,0.8571428571428571,0.9285714285714286,0.0004
921,0.7160935401916504,1.2038352489471436,0.75,0.9615384615384616,0.8571428571428571,0.8571428571428571,0.0004
922,0.630835622549057,1.519432544708252,0.7692307692307693,0.9807692307692307,0.6428571428571429,0.8571428571428571,0.0004
923,1.1216062009334564,1.2088212966918945,0.6923076923076923,0.9423076923076923,0.7857142857142857,0.9285714285714286,0.0004
924,1.109320968389511,1.4681007862091064,0.6538461538461539,0.8846153846153846,0.6428571428571429,0.9285714285714286,0.0004
925,0.7427688539028168,1.498993158340454,0.7115384615384616,0.9230769230769231,0.7142857142857143,0.7857142857142857,0.0004
926,0.5950533151626587,1.859775185585022,0.8461538461538461,0.9807692307692307,0.5714285714285714,0.7857142857142857,0.0004
927,1.0405325591564178,1.76722252368927,0.6730769230769231,0.9230769230769231,0.6428571428571429,0.9285714285714286,0.0004
928,0.7370304763317108,1.4003500938415527,0.7115384615384616,0.9423076923076923,0.6428571428571429,0.9285714285714286,0.0004
929,0.8334490954875946,0.9466596841812134,0.7692307692307693,0.9230769230769231,0.9285714285714286,0.9285714285714286,0.0004
930,0.9035032391548157,1.2494871616363525,0.7884615384615384,0.9423076923076923,0.7142857142857143,0.9285714285714286,0.0004
931,0.6897261738777161,2.2758378982543945,0.7884615384615384,0.9615384615384616,0.5714285714285714,0.7142857142857143,0.0004
932,0.6837386190891266,1.396507740020752,0.7307692307692307,0.9807692307692307,0.8571428571428571,0.7857142857142857,0.0004
933,0.6547278165817261,1.1114020347595215,0.75,1.0,0.9285714285714286,0.8571428571428571,0.0004
934,1.0279295444488525,1.2590889930725098,0.7307692307692307,0.8653846153846154,0.7857142857142857,0.9285714285714286,0.0004
935,0.7803210616111755,0.818687379360199,0.7115384615384616,0.9807692307692307,0.7142857142857143,0.8571428571428571,0.0004
936,0.8861325085163116,1.1258745193481445,0.6923076923076923,0.9423076923076923,0.8571428571428571,0.9285714285714286,0.0004
937,0.5815475136041641,1.5821263790130615,0.7692307692307693,0.9807692307692307,0.7142857142857143,0.7857142857142857,0.0004
938,0.7324076890945435,1.0728392601013184,0.7884615384615384,0.9423076923076923,0.8571428571428571,0.8571428571428571,0.0004
939,0.45605480670928955,1.7263727188110352,0.8461538461538461,1.0,0.7857142857142857,0.8571428571428571,0.0004
940,0.7212171256542206,1.1815176010131836,0.7115384615384616,0.9423076923076923,0.6428571428571429,0.9285714285714286,0.0004
941,0.6065755188465118,1.4827255010604858,0.7884615384615384,0.9423076923076923,0.7142857142857143,0.8571428571428571,0.0004
942,0.49138928949832916,1.744741678237915,0.8269230769230769,0.9807692307692307,0.6428571428571429,0.8571428571428571,0.0004
943,0.6961953341960907,1.4252209663391113,0.7692307692307693,0.9615384615384616,0.7142857142857143,0.9285714285714286,0.0004
944,0.8843448162078857,1.3113532066345215,0.6538461538461539,0.9230769230769231,0.7142857142857143,0.9285714285714286,0.0004
945,0.7040032297372818,1.2159721851348877,0.75,0.9423076923076923,0.7857142857142857,0.9285714285714286,0.0004
946,0.9971247911453247,1.7009303569793701,0.5961538461538461,0.9038461538461539,0.5714285714285714,0.9285714285714286,0.0004
947,0.7219738066196442,0.9925013780593872,0.7115384615384616,0.9423076923076923,0.7857142857142857,0.9285714285714286,0.0004
948,0.7124094069004059,1.336195945739746,0.6346153846153846,0.9807692307692307,0.7142857142857143,0.7857142857142857,0.0004
949,0.6592962443828583,1.4277750253677368,0.7115384615384616,0.9615384615384616,0.8571428571428571,0.8571428571428571,0.0004
950,0.6311991512775421,1.1463813781738281,0.75,0.9807692307692307,0.8571428571428571,0.9285714285714286,0.0004
951,0.7718639373779297,1.2653025388717651,0.7115384615384616,0.9423076923076923,0.7857142857142857,0.8571428571428571,0.0004
952,0.711503654718399,1.1746361255645752,0.7884615384615384,0.9615384615384616,0.7142857142857143,0.9285714285714286,0.0004
953,0.9576802253723145,1.7824325561523438,0.6730769230769231,0.9230769230769231,0.6428571428571429,0.7857142857142857,0.0004
954,0.7493402361869812,1.5124526023864746,0.6923076923076923,0.9807692307692307,0.5,0.9285714285714286,0.0004
955,0.5969814509153366,1.4540846347808838,0.7692307692307693,0.9807692307692307,0.7857142857142857,0.8571428571428571,0.0004
956,0.5599357485771179,1.545773983001709,0.8461538461538461,1.0,0.7857142857142857,0.8571428571428571,0.0004
957,0.6605195701122284,1.8477203845977783,0.7115384615384616,0.9615384615384616,0.6428571428571429,0.7857142857142857,0.0004
958,0.6273958832025528,2.4233272075653076,0.8269230769230769,0.9423076923076923,0.6428571428571429,0.7142857142857143,0.0004
959,0.711310625076294,1.2286906242370605,0.7307692307692307,0.9423076923076923,0.7857142857142857,0.9285714285714286,0.0004
960,0.6852210760116577,1.49534273147583,0.7884615384615384,0.9423076923076923,0.7142857142857143,0.8571428571428571,0.0004
961,0.5808205604553223,1.5110461711883545,0.75,0.9807692307692307,0.6428571428571429,0.8571428571428571,0.0004
962,0.5494219064712524,1.2992874383926392,0.75,1.0,0.7142857142857143,0.9285714285714286,0.0004
963,0.6595271527767181,1.1482059955596924,0.7884615384615384,0.9807692307692307,0.8571428571428571,0.9285714285714286,0.0004
964,0.7235190272331238,1.404116153717041,0.8076923076923077,0.9615384615384616,0.7142857142857143,0.7857142857142857,0.0004
965,0.6034717708826065,1.985797643661499,0.8846153846153846,0.9615384615384616,0.6428571428571429,0.7857142857142857,0.0004
966,0.664075955748558,1.3140747547149658,0.75,0.9423076923076923,0.7857142857142857,0.8571428571428571,0.0004
967,0.7617309391498566,1.6037627458572388,0.75,0.9615384615384616,0.7857142857142857,0.7857142857142857,0.0004
968,0.9386213421821594,1.8623404502868652,0.7115384615384616,0.9423076923076923,0.5714285714285714,0.7857142857142857,0.0004
969,0.5895600318908691,1.8972406387329102,0.7307692307692307,0.9615384615384616,0.5,0.8571428571428571,0.0004
970,0.5228441208600998,1.9199621677398682,0.8461538461538461,1.0,0.7857142857142857,0.7142857142857143,0.0004
971,0.542921781539917,1.2716951370239258,0.8076923076923077,1.0,0.7142857142857143,0.8571428571428571,0.0004
972,0.6292307078838348,2.03995943069458,0.8653846153846154,1.0,0.7142857142857143,0.7857142857142857,0.0004
973,0.8603335618972778,1.3152920007705688,0.6538461538461539,0.9038461538461539,0.7857142857142857,0.9285714285714286,0.0004
974,0.7088239192962646,1.0915520191192627,0.7884615384615384,0.9423076923076923,0.9285714285714286,0.9285714285714286,0.0004
975,0.7314291745424271,1.027647852897644,0.7307692307692307,0.9807692307692307,0.8571428571428571,0.8571428571428571,0.0004
976,0.6672025620937347,1.9451422691345215,0.7115384615384616,0.9615384615384616,0.5714285714285714,0.8571428571428571,0.0004
977,0.7860904633998871,1.551796555519104,0.7692307692307693,0.9423076923076923,0.5714285714285714,0.7857142857142857,0.0004
978,0.5756107866764069,1.799898386001587,0.7884615384615384,0.9807692307692307,0.5714285714285714,0.8571428571428571,0.0004
979,0.8914037942886353,1.8071644306182861,0.6923076923076923,0.9423076923076923,0.42857142857142855,0.7857142857142857,0.0004
980,0.7035624533891678,0.9301488399505615,0.8076923076923077,0.9423076923076923,0.8571428571428571,0.9285714285714286,0.0004
981,0.4995894730091095,1.3787895441055298,0.7884615384615384,0.9807692307692307,0.6428571428571429,0.8571428571428571,0.0004
982,0.7849890291690826,1.168096899986267,0.8076923076923077,0.9615384615384616,0.7142857142857143,0.8571428571428571,0.0004
983,0.8182602524757385,1.685148000717163,0.7307692307692307,0.9615384615384616,0.5714285714285714,0.8571428571428571,0.0004
984,0.8384794890880585,1.4257824420928955,0.8076923076923077,0.9038461538461539,0.6428571428571429,0.7857142857142857,0.0004
985,0.5771501958370209,1.7805426120758057,0.7692307692307693,0.9807692307692307,0.6428571428571429,0.7857142857142857,0.0004
986,0.6329097747802734,1.7742441892623901,0.75,0.9615384615384616,0.7142857142857143,0.8571428571428571,0.0004
987,0.5815666019916534,1.5811960697174072,0.8461538461538461,0.9615384615384616,0.5714285714285714,0.8571428571428571,0.0004
988,0.7648967802524567,1.4334752559661865,0.75,0.9423076923076923,0.6428571428571429,0.9285714285714286,0.0004
989,0.8048716485500336,1.6823289394378662,0.7307692307692307,0.9615384615384616,0.7142857142857143,0.8571428571428571,0.0004
990,0.8260398805141449,1.4450299739837646,0.6923076923076923,0.9038461538461539,0.6428571428571429,0.8571428571428571,0.0004
991,0.8409617245197296,1.3850984573364258,0.6730769230769231,0.9615384615384616,0.7857142857142857,0.8571428571428571,0.0004
992,0.8185363709926605,1.0847387313842773,0.6730769230769231,0.9423076923076923,0.8571428571428571,0.9285714285714286,0.0004
993,0.6204997003078461,1.692058801651001,0.7307692307692307,0.9423076923076923,0.5714285714285714,0.8571428571428571,0.0004
994,0.8257244229316711,1.3059074878692627,0.75,0.9230769230769231,0.7142857142857143,0.8571428571428571,0.0004
995,0.8323807418346405,1.7215349674224854,0.75,0.9423076923076923,0.6428571428571429,0.8571428571428571,0.0004
996,0.7569251656532288,1.8885862827301025,0.6923076923076923,0.9615384615384616,0.5,0.8571428571428571,0.0004
997,0.6051866412162781,1.4523234367370605,0.8461538461538461,0.9615384615384616,0.7857142857142857,0.8571428571428571,0.0004
998,0.706924319267273,1.1205072402954102,0.7692307692307693,0.9615384615384616,0.8571428571428571,0.9285714285714286,0.0004
999,0.527205228805542,1.2980211973190308,0.8461538461538461,1.0,0.6428571428571429,0.8571428571428571,0.0004
1000,0.6892380118370056,1.0703760385513306,0.7692307692307693,0.9615384615384616,0.8571428571428571,0.8571428571428571,0.0004
