epoch,train_loss,val_loss,train_acc_action,train_acc_status,val_acc_action,val_acc_status,learning_rate
1,1.6603443026542664,1.5215061902999878,0.28846153846153844,0.8269230769230769,0.42857142857142855,0.8571428571428571,0.0004
2,1.6061500310897827,1.5283582210540771,0.21153846153846154,0.8269230769230769,0.21428571428571427,0.8571428571428571,0.0004
3,1.6055154204368591,1.534652829170227,0.38461538461538464,0.8269230769230769,0.35714285714285715,0.8571428571428571,0.0004
4,1.5689818263053894,1.5502352714538574,0.34615384615384615,0.8269230769230769,0.35714285714285715,0.8571428571428571,0.0004
5,1.5707229971885681,1.5357085466384888,0.3076923076923077,0.8269230769230769,0.35714285714285715,0.8571428571428571,0.0004
6,1.5368531346321106,1.525543212890625,0.40384615384615385,0.8269230769230769,0.21428571428571427,0.8571428571428571,0.0004
7,1.570947527885437,1.5206233263015747,0.34615384615384615,0.8269230769230769,0.21428571428571427,0.8571428571428571,0.0004
8,1.5706031322479248,1.519533634185791,0.38461538461538464,0.8269230769230769,0.21428571428571427,0.8571428571428571,0.0004
9,1.6152125597000122,1.5218777656555176,0.4423076923076923,0.8269230769230769,0.14285714285714285,0.8571428571428571,0.0004
10,1.540854275226593,1.5205589532852173,0.40384615384615385,0.8269230769230769,0.21428571428571427,0.8571428571428571,0.0004
11,1.5626084804534912,1.529423713684082,0.3269230769230769,0.8269230769230769,0.2857142857142857,0.8571428571428571,0.0004
12,1.5587677955627441,1.5458749532699585,0.28846153846153844,0.8269230769230769,0.35714285714285715,0.8571428571428571,0.0004
13,1.560895323753357,1.5465751886367798,0.36538461538461536,0.8269230769230769,0.35714285714285715,0.8571428571428571,0.0004
14,1.5492568612098694,1.547614574432373,0.3269230769230769,0.8269230769230769,0.35714285714285715,0.8571428571428571,0.0004
15,1.554882287979126,1.5437668561935425,0.38461538461538464,0.8269230769230769,0.2857142857142857,0.8571428571428571,0.0004
16,1.5641947388648987,1.5408551692962646,0.38461538461538464,0.8269230769230769,0.21428571428571427,0.8571428571428571,0.0004
17,1.5400256514549255,1.5436246395111084,0.38461538461538464,0.8269230769230769,0.21428571428571427,0.8571428571428571,0.0004
18,1.5567578673362732,1.535757303237915,0.36538461538461536,0.8269230769230769,0.21428571428571427,0.8571428571428571,0.0004
19,1.578833818435669,1.5354095697402954,0.36538461538461536,0.8269230769230769,0.21428571428571427,0.8571428571428571,0.0004
20,1.566211223602295,1.5266931056976318,0.36538461538461536,0.8269230769230769,0.21428571428571427,0.8571428571428571,0.0004
21,1.5238277912139893,1.5235471725463867,0.36538461538461536,0.8269230769230769,0.21428571428571427,0.8571428571428571,0.0004
22,1.54756361246109,1.5254125595092773,0.36538461538461536,0.8269230769230769,0.21428571428571427,0.8571428571428571,0.0004
23,1.5364527106285095,1.5214800834655762,0.36538461538461536,0.8269230769230769,0.21428571428571427,0.8571428571428571,0.0004
24,1.5211737751960754,1.512715458869934,0.38461538461538464,0.8269230769230769,0.21428571428571427,0.8571428571428571,0.0004
25,1.5869356393814087,1.5250282287597656,0.34615384615384615,0.8269230769230769,0.2857142857142857,0.8571428571428571,0.0004
26,1.5230726599693298,1.5297795534133911,0.4230769230769231,0.8269230769230769,0.35714285714285715,0.8571428571428571,0.0004
27,1.549028217792511,1.5236034393310547,0.40384615384615385,0.8269230769230769,0.21428571428571427,0.8571428571428571,0.0004
28,1.5349650382995605,1.5257923603057861,0.5,0.8269230769230769,0.21428571428571427,0.8571428571428571,0.0004
29,1.5261684656143188,1.5313502550125122,0.4423076923076923,0.8269230769230769,0.21428571428571427,0.8571428571428571,0.0004
30,1.5378133654594421,1.5276371240615845,0.40384615384615385,0.8269230769230769,0.2857142857142857,0.8571428571428571,0.0004
31,1.5191176533699036,1.5422477722167969,0.36538461538461536,0.8269230769230769,0.21428571428571427,0.8571428571428571,0.0004
32,1.504706084728241,1.5131232738494873,0.40384615384615385,0.8269230769230769,0.21428571428571427,0.8571428571428571,0.0004
33,1.4997422099113464,1.4862401485443115,0.40384615384615385,0.8269230769230769,0.2857142857142857,0.8571428571428571,0.0004
34,1.4815826416015625,1.4617421627044678,0.38461538461538464,0.8269230769230769,0.21428571428571427,0.8571428571428571,0.0004
35,1.4566903710365295,1.4681406021118164,0.4807692307692308,0.8269230769230769,0.35714285714285715,0.8571428571428571,0.0004
36,1.4684363007545471,1.4753363132476807,0.46153846153846156,0.8269230769230769,0.35714285714285715,0.8571428571428571,0.0004
37,1.4123775362968445,1.4414949417114258,0.4807692307692308,0.8269230769230769,0.42857142857142855,0.8571428571428571,0.0004
38,1.4174529314041138,1.4932901859283447,0.4423076923076923,0.8269230769230769,0.2857142857142857,0.8571428571428571,0.0004
39,1.4007479548454285,1.5445908308029175,0.46153846153846156,0.8269230769230769,0.2857142857142857,0.8571428571428571,0.0004
40,1.4011037945747375,1.4508628845214844,0.5192307692307693,0.8269230769230769,0.2857142857142857,0.8571428571428571,0.0004
41,1.3872323632240295,1.5629535913467407,0.46153846153846156,0.8269230769230769,0.2857142857142857,0.8571428571428571,0.0004
42,1.3264421224594116,1.5197598934173584,0.4423076923076923,0.8269230769230769,0.2857142857142857,0.8571428571428571,0.0004
43,1.2860822081565857,1.5801039934158325,0.5769230769230769,0.8076923076923077,0.21428571428571427,0.9285714285714286,0.0004
44,1.2877616882324219,1.4961516857147217,0.46153846153846156,0.8269230769230769,0.2857142857142857,0.6428571428571429,0.0004
45,1.3269897103309631,1.6469393968582153,0.46153846153846156,0.8269230769230769,0.2857142857142857,0.5714285714285714,0.0004
46,1.3448148369789124,1.6552187204360962,0.5,0.8846153846153846,0.35714285714285715,0.6428571428571429,0.0004
47,1.2713565230369568,1.4330177307128906,0.40384615384615385,0.8846153846153846,0.35714285714285715,0.8571428571428571,0.0004
48,1.3478262424468994,1.4039442539215088,0.46153846153846156,0.8269230769230769,0.5714285714285714,0.8571428571428571,0.0004
49,1.3258301615715027,1.4865407943725586,0.4230769230769231,0.8269230769230769,0.5,0.8571428571428571,0.0004
50,1.281848669052124,1.4119250774383545,0.46153846153846156,0.8269230769230769,0.5714285714285714,0.8571428571428571,0.0004
51,1.2764549851417542,1.5538787841796875,0.5,0.8269230769230769,0.2857142857142857,0.8571428571428571,0.0004
52,1.3009425401687622,1.4896265268325806,0.5,0.8269230769230769,0.35714285714285715,0.8571428571428571,0.0004
53,1.1952540874481201,1.590470790863037,0.4807692307692308,0.8269230769230769,0.2857142857142857,0.7142857142857143,0.0004
54,1.3108031153678894,1.7251200675964355,0.4230769230769231,0.8653846153846154,0.21428571428571427,0.6428571428571429,0.0004
55,1.3144241571426392,1.6102997064590454,0.4423076923076923,0.8076923076923077,0.2857142857142857,0.7142857142857143,0.0004
56,1.2631422281265259,1.5966877937316895,0.4423076923076923,0.8653846153846154,0.2857142857142857,0.7142857142857143,0.0004
57,1.3085663318634033,1.7047817707061768,0.4423076923076923,0.8653846153846154,0.21428571428571427,0.6428571428571429,0.0004
58,1.2216466665267944,1.777289867401123,0.4423076923076923,0.8846153846153846,0.14285714285714285,0.6428571428571429,0.0004
59,1.3265339732170105,1.7215418815612793,0.4807692307692308,0.8461538461538461,0.42857142857142855,0.6428571428571429,0.0004
60,1.235385000705719,1.665238857269287,0.5,0.8269230769230769,0.35714285714285715,0.6428571428571429,0.0004
61,1.2535940408706665,1.6089370250701904,0.5576923076923077,0.8653846153846154,0.2857142857142857,0.7857142857142857,0.0004
62,1.1268718838691711,1.6363158226013184,0.5769230769230769,0.8653846153846154,0.35714285714285715,0.6428571428571429,0.0004
63,1.2449501752853394,1.553660273551941,0.5192307692307693,0.7884615384615384,0.35714285714285715,0.7142857142857143,0.0004
64,1.191781997680664,1.7049280405044556,0.5192307692307693,0.8653846153846154,0.35714285714285715,0.7142857142857143,0.0004
65,1.1750434637069702,1.7853413820266724,0.5,0.8461538461538461,0.2857142857142857,0.6428571428571429,0.0004
66,1.2107630968093872,1.6397747993469238,0.5192307692307693,0.8653846153846154,0.35714285714285715,0.6428571428571429,0.0004
67,1.1487934589385986,1.8378105163574219,0.5192307692307693,0.8461538461538461,0.2857142857142857,0.7142857142857143,0.0004
68,1.1100911498069763,1.5841747522354126,0.5576923076923077,0.9230769230769231,0.42857142857142855,0.7142857142857143,0.0004
69,1.100181758403778,1.7095181941986084,0.4807692307692308,0.9230769230769231,0.42857142857142855,0.6428571428571429,0.0004
70,1.2910116314888,1.751488208770752,0.5384615384615384,0.8846153846153846,0.2857142857142857,0.6428571428571429,0.0004
71,1.2758769989013672,1.7728030681610107,0.4807692307692308,0.8653846153846154,0.35714285714285715,0.7857142857142857,0.0004
72,1.2849159240722656,1.6971378326416016,0.5192307692307693,0.8461538461538461,0.35714285714285715,0.6428571428571429,0.0004
73,1.2015202641487122,1.6505180597305298,0.46153846153846156,0.8846153846153846,0.35714285714285715,0.7142857142857143,0.0004
74,1.2627149820327759,1.7506535053253174,0.4423076923076923,0.8846153846153846,0.35714285714285715,0.6428571428571429,0.0004
75,1.1991967558860779,1.7679264545440674,0.5192307692307693,0.8461538461538461,0.35714285714285715,0.5714285714285714,0.0004
76,1.1000359654426575,1.7361364364624023,0.5384615384615384,0.9038461538461539,0.2857142857142857,0.6428571428571429,0.0004
77,1.078913003206253,1.8242299556732178,0.5,0.8846153846153846,0.35714285714285715,0.5714285714285714,0.0004
78,1.363583505153656,1.9629243612289429,0.5,0.8269230769230769,0.2857142857142857,0.5714285714285714,0.0004
79,1.2119737267494202,1.7888123989105225,0.5,0.8269230769230769,0.35714285714285715,0.7857142857142857,0.0004
80,1.1728423833847046,1.9583892822265625,0.4230769230769231,0.8461538461538461,0.21428571428571427,0.8571428571428571,0.0004
81,1.2918334603309631,1.7281684875488281,0.4807692307692308,0.8269230769230769,0.2857142857142857,0.7857142857142857,0.0004
82,1.1894680261611938,1.720402479171753,0.5961538461538461,0.8269230769230769,0.2857142857142857,0.7857142857142857,0.0004
83,1.1611649990081787,1.8636000156402588,0.5384615384615384,0.8653846153846154,0.21428571428571427,0.5714285714285714,0.0004
84,1.143756091594696,1.934909701347351,0.5961538461538461,0.8653846153846154,0.21428571428571427,0.5714285714285714,0.0004
85,1.0096005201339722,1.8483939170837402,0.5769230769230769,0.8846153846153846,0.35714285714285715,0.5714285714285714,0.0004
86,1.176507830619812,1.8677220344543457,0.5576923076923077,0.8846153846153846,0.2857142857142857,0.7857142857142857,0.0004
87,1.2764346599578857,1.7577745914459229,0.5,0.8076923076923077,0.2857142857142857,0.8571428571428571,0.0004
88,1.0858337879180908,1.5430903434753418,0.5769230769230769,0.8846153846153846,0.42857142857142855,0.8571428571428571,0.0004
89,1.3147339224815369,1.4983279705047607,0.4230769230769231,0.8461538461538461,0.5,0.7142857142857143,0.0004
90,1.1436946988105774,1.6798255443572998,0.5769230769230769,0.8846153846153846,0.42857142857142855,0.6428571428571429,0.0004
91,1.3386558890342712,1.686272382736206,0.4423076923076923,0.8653846153846154,0.35714285714285715,0.7142857142857143,0.0004
92,1.1525909304618835,1.5986413955688477,0.46153846153846156,0.9230769230769231,0.35714285714285715,0.7142857142857143,0.0004
93,1.1554277539253235,1.7729313373565674,0.5384615384615384,0.8653846153846154,0.2857142857142857,0.6428571428571429,0.0004
94,1.262346088886261,1.9422523975372314,0.5,0.8461538461538461,0.35714285714285715,0.6428571428571429,0.0004
95,1.0758059322834015,1.914576768875122,0.5192307692307693,0.8846153846153846,0.35714285714285715,0.6428571428571429,0.0004
96,1.1155028343200684,1.8887156248092651,0.4423076923076923,0.9038461538461539,0.42857142857142855,0.7857142857142857,0.0004
97,1.1043785214424133,1.849074125289917,0.5769230769230769,0.9423076923076923,0.42857142857142855,0.7857142857142857,0.0004
98,1.1238630414009094,1.7206029891967773,0.5576923076923077,0.9230769230769231,0.35714285714285715,0.6428571428571429,0.0004
99,1.1519651412963867,1.9118547439575195,0.5576923076923077,0.8846153846153846,0.35714285714285715,0.6428571428571429,0.0004
100,1.061697006225586,1.9176348447799683,0.5576923076923077,0.9615384615384616,0.35714285714285715,0.7142857142857143,0.0004
101,1.0752800703048706,1.9759852886199951,0.5576923076923077,0.9423076923076923,0.35714285714285715,0.6428571428571429,0.0004
102,1.2089532613754272,1.5122692584991455,0.5192307692307693,0.9038461538461539,0.6428571428571429,0.8571428571428571,0.0004
103,1.1775060892105103,2.2344040870666504,0.5,0.8846153846153846,0.35714285714285715,0.6428571428571429,0.0004
104,1.000233680009842,1.85610032081604,0.5384615384615384,0.9423076923076923,0.5,0.7142857142857143,0.0004
105,1.2455076575279236,1.7862622737884521,0.5192307692307693,0.8653846153846154,0.42857142857142855,0.7142857142857143,0.0004
106,1.12900510430336,2.2663416862487793,0.5384615384615384,0.9038461538461539,0.21428571428571427,0.6428571428571429,0.0004
107,1.015885591506958,2.1411194801330566,0.5576923076923077,0.9423076923076923,0.2857142857142857,0.7857142857142857,0.0004
108,1.0406152606010437,2.153714895248413,0.5192307692307693,0.9038461538461539,0.42857142857142855,0.7142857142857143,0.0004
109,0.9164401292800903,1.633719563484192,0.6730769230769231,0.9615384615384616,0.5714285714285714,0.7857142857142857,0.0004
110,1.106483519077301,1.8254064321517944,0.5192307692307693,0.9038461538461539,0.42857142857142855,0.6428571428571429,0.0004
111,1.2602714896202087,1.6679372787475586,0.4807692307692308,0.8461538461538461,0.5,0.7857142857142857,0.0004
112,1.2387944459915161,2.118184804916382,0.5384615384615384,0.8653846153846154,0.2857142857142857,0.5714285714285714,0.0004
113,1.0520294904708862,1.5731513500213623,0.5769230769230769,0.9423076923076923,0.5714285714285714,0.8571428571428571,0.0004
114,1.121776044368744,1.547763705253601,0.5384615384615384,0.8846153846153846,0.5,0.9285714285714286,0.0004
115,1.045007735490799,1.464778184890747,0.5,0.8461538461538461,0.5,0.7857142857142857,0.0004
116,1.0368970334529877,2.023012161254883,0.5576923076923077,0.9230769230769231,0.2857142857142857,0.5714285714285714,0.0004
117,1.176298439502716,1.6761229038238525,0.5576923076923077,0.8269230769230769,0.42857142857142855,0.7857142857142857,0.0004
118,1.207558274269104,1.7316818237304688,0.46153846153846156,0.8846153846153846,0.2857142857142857,0.6428571428571429,0.0004
119,1.1238168478012085,1.7882695198059082,0.5384615384615384,0.9423076923076923,0.5,0.7857142857142857,0.0004
120,1.0992882251739502,1.410423755645752,0.5961538461538461,0.8269230769230769,0.6428571428571429,0.8571428571428571,0.0004
121,1.17091566324234,2.074814796447754,0.4423076923076923,0.8653846153846154,0.42857142857142855,0.7142857142857143,0.0004
122,1.2278006076812744,1.6029038429260254,0.5,0.9038461538461539,0.5714285714285714,0.7142857142857143,0.0004
123,1.119309425354004,1.842057466506958,0.6153846153846154,0.8461538461538461,0.2857142857142857,0.7142857142857143,0.0004
124,1.0009403824806213,1.7203867435455322,0.6346153846153846,0.9038461538461539,0.42857142857142855,0.7142857142857143,0.0004
125,1.016608327627182,1.7733674049377441,0.6153846153846154,0.8653846153846154,0.35714285714285715,0.6428571428571429,0.0004
126,1.122153401374817,1.9523594379425049,0.5961538461538461,0.8653846153846154,0.5,0.7142857142857143,0.0004
127,1.1540211141109467,1.5810267925262451,0.5192307692307693,0.8461538461538461,0.6428571428571429,0.8571428571428571,0.0004
128,0.9565001428127289,1.880676031112671,0.6730769230769231,0.9038461538461539,0.5,0.7142857142857143,0.0004
129,1.1591960787773132,1.6875215768814087,0.5769230769230769,0.9423076923076923,0.5714285714285714,0.8571428571428571,0.0004
130,1.0354073345661163,1.5372127294540405,0.5576923076923077,0.9038461538461539,0.5714285714285714,0.7857142857142857,0.0004
131,1.1396223306655884,2.336782932281494,0.5769230769230769,0.9038461538461539,0.21428571428571427,0.5714285714285714,0.0004
132,1.02293860912323,1.5047262907028198,0.5769230769230769,0.9423076923076923,0.5714285714285714,0.7857142857142857,0.0004
133,1.0169985890388489,1.506850004196167,0.5576923076923077,0.9230769230769231,0.5714285714285714,0.8571428571428571,0.0004
134,0.92757448554039,1.8372738361358643,0.5384615384615384,0.9807692307692307,0.5,0.7857142857142857,0.0004
135,0.9225948452949524,1.5332810878753662,0.5961538461538461,0.9615384615384616,0.5,0.7857142857142857,0.0004
136,0.967519998550415,1.7578611373901367,0.5384615384615384,0.9807692307692307,0.5,0.7857142857142857,0.0004
137,1.0741514265537262,1.6141135692596436,0.5769230769230769,0.9615384615384616,0.5714285714285714,0.7857142857142857,0.0004
138,1.0578388273715973,1.8854031562805176,0.5769230769230769,0.9423076923076923,0.5714285714285714,0.7857142857142857,0.0004
139,1.0210391283035278,1.8147624731063843,0.5961538461538461,0.9423076923076923,0.6428571428571429,0.7857142857142857,0.0004
140,0.9559859037399292,1.695373773574829,0.6538461538461539,0.9615384615384616,0.5,0.7857142857142857,0.0004
141,1.0387385189533234,0.8943260312080383,0.5769230769230769,0.9423076923076923,0.7857142857142857,0.9285714285714286,0.0004
142,0.9210804402828217,1.8563249111175537,0.6730769230769231,0.9615384615384616,0.5,0.7142857142857143,0.0004
143,1.055284470319748,1.9451006650924683,0.5961538461538461,0.9038461538461539,0.42857142857142855,0.7142857142857143,0.0004
144,0.929692417383194,1.360410451889038,0.6346153846153846,0.9615384615384616,0.5714285714285714,0.9285714285714286,0.0004
145,1.2025316059589386,1.4734015464782715,0.5,0.9038461538461539,0.5714285714285714,0.8571428571428571,0.0004
146,1.1675631999969482,1.721942663192749,0.5384615384615384,0.9038461538461539,0.5714285714285714,0.8571428571428571,0.0004
147,0.8356601595878601,1.4955437183380127,0.6346153846153846,0.9423076923076923,0.5714285714285714,0.8571428571428571,0.0004
148,1.0026760399341583,1.890312910079956,0.6153846153846154,0.9038461538461539,0.35714285714285715,0.7142857142857143,0.0004
149,1.1880261301994324,1.6711900234222412,0.5192307692307693,0.8653846153846154,0.7142857142857143,0.8571428571428571,0.0004
150,0.9665990471839905,1.6187992095947266,0.5769230769230769,0.9615384615384616,0.5,0.7857142857142857,0.0004
151,1.1185283064842224,1.8441507816314697,0.5769230769230769,0.9038461538461539,0.5,0.7857142857142857,0.0004
152,1.0639472007751465,1.6507859230041504,0.5769230769230769,0.9615384615384616,0.5,0.7857142857142857,0.0004
153,1.0402490198612213,1.354742407798767,0.5769230769230769,0.9230769230769231,0.7142857142857143,0.8571428571428571,0.0004
154,1.0699396133422852,1.309944987297058,0.5961538461538461,0.9423076923076923,0.5714285714285714,0.8571428571428571,0.0004
155,0.9865203499794006,2.1442439556121826,0.6153846153846154,0.9230769230769231,0.42857142857142855,0.6428571428571429,0.0004
156,1.0367265939712524,2.030284881591797,0.5576923076923077,0.9230769230769231,0.42857142857142855,0.7142857142857143,0.0004
157,0.9987205862998962,1.4307923316955566,0.5769230769230769,0.9615384615384616,0.7142857142857143,0.9285714285714286,0.0004
158,0.9539510607719421,1.212646245956421,0.6346153846153846,0.9807692307692307,0.7142857142857143,0.8571428571428571,0.0004
159,0.769341915845871,1.164374589920044,0.75,0.9807692307692307,0.7857142857142857,0.9285714285714286,0.0004
160,0.8421829640865326,1.947262167930603,0.6153846153846154,0.9423076923076923,0.5714285714285714,0.7857142857142857,0.0004
161,0.9510466456413269,1.8496553897857666,0.6153846153846154,0.9423076923076923,0.6428571428571429,0.7857142857142857,0.0004
162,0.8803040087223053,1.8227020502090454,0.6730769230769231,0.9423076923076923,0.42857142857142855,0.7857142857142857,0.0004
163,1.0420204997062683,1.5700247287750244,0.4807692307692308,0.9423076923076923,0.5,0.8571428571428571,0.0004
164,0.9044927954673767,1.5578949451446533,0.6153846153846154,0.9423076923076923,0.5714285714285714,0.8571428571428571,0.0004
165,1.1242214441299438,1.8363051414489746,0.5384615384615384,0.8846153846153846,0.5714285714285714,0.7142857142857143,0.0004
166,1.0536353588104248,1.7406880855560303,0.5961538461538461,0.9038461538461539,0.7142857142857143,0.7857142857142857,0.0004
167,1.2180760502815247,1.5351698398590088,0.5384615384615384,0.8846153846153846,0.6428571428571429,0.7857142857142857,0.0004
168,1.0261045098304749,1.9228925704956055,0.5,0.9230769230769231,0.5714285714285714,0.7142857142857143,0.0004
169,0.9995431303977966,2.278289794921875,0.6346153846153846,0.9230769230769231,0.2857142857142857,0.6428571428571429,0.0004
170,1.2000424265861511,1.7719346284866333,0.5576923076923077,0.8653846153846154,0.6428571428571429,0.8571428571428571,0.0004
171,1.1018654704093933,1.600814938545227,0.5769230769230769,0.9230769230769231,0.6428571428571429,0.8571428571428571,0.0004
172,0.9043971002101898,0.9882234334945679,0.5769230769230769,0.9230769230769231,0.6428571428571429,0.8571428571428571,0.0004
173,0.9125507771968842,1.6826560497283936,0.5961538461538461,0.9038461538461539,0.5,0.7857142857142857,0.0004
174,1.1299481391906738,1.3666857481002808,0.5576923076923077,0.8653846153846154,0.6428571428571429,0.8571428571428571,0.0004
175,0.999912291765213,1.4906959533691406,0.6153846153846154,0.9230769230769231,0.5714285714285714,0.8571428571428571,0.0004
176,0.9487372934818268,1.7509269714355469,0.6346153846153846,0.9615384615384616,0.6428571428571429,0.7142857142857143,0.0004
177,1.1840215623378754,1.617854118347168,0.5961538461538461,0.9038461538461539,0.5714285714285714,0.9285714285714286,0.0004
178,0.7389756739139557,1.5168967247009277,0.7692307692307693,0.9423076923076923,0.6428571428571429,0.8571428571428571,0.0004
179,1.0067556500434875,1.9362406730651855,0.6346153846153846,0.8653846153846154,0.35714285714285715,0.8571428571428571,0.0004
180,1.2372812926769257,1.74774169921875,0.5192307692307693,0.8269230769230769,0.5,0.7857142857142857,0.0004
181,1.015126347541809,1.3835705518722534,0.5576923076923077,0.9038461538461539,0.7857142857142857,0.9285714285714286,0.0004
182,1.165297508239746,1.242445945739746,0.5769230769230769,0.9038461538461539,0.6428571428571429,0.7142857142857143,0.0004
183,0.9300195574760437,1.631077766418457,0.6538461538461539,0.8846153846153846,0.42857142857142855,0.5714285714285714,0.0004
184,1.1823431253433228,1.7891192436218262,0.5576923076923077,0.8846153846153846,0.5,0.7142857142857143,0.0004
185,1.0447083115577698,1.2527306079864502,0.6153846153846154,0.9230769230769231,0.6428571428571429,0.7857142857142857,0.0004
186,0.9566274881362915,1.2865655422210693,0.6346153846153846,0.9423076923076923,0.7857142857142857,0.9285714285714286,0.0004
187,0.9818701446056366,1.0316945314407349,0.6346153846153846,0.9230769230769231,0.6428571428571429,0.9285714285714286,0.0004
188,0.8931273221969604,1.207134485244751,0.7115384615384616,0.9038461538461539,0.7857142857142857,0.9285714285714286,0.0004
189,1.0060033798217773,1.4661695957183838,0.6538461538461539,0.9230769230769231,0.42857142857142855,0.9285714285714286,0.0004
190,1.0201933979988098,1.7201042175292969,0.5961538461538461,0.9230769230769231,0.5,0.8571428571428571,0.0004
191,0.9503982663154602,1.938960075378418,0.6153846153846154,0.9423076923076923,0.5714285714285714,0.6428571428571429,0.0004
192,0.8734070658683777,2.050027847290039,0.6538461538461539,0.9423076923076923,0.42857142857142855,0.7142857142857143,0.0004
193,1.0900600850582123,1.562565565109253,0.6538461538461539,0.8846153846153846,0.5714285714285714,0.7857142857142857,0.0004
194,1.079080581665039,1.3580312728881836,0.5769230769230769,0.9230769230769231,0.5714285714285714,0.7857142857142857,0.0004
195,0.9565169215202332,1.5968984365463257,0.5192307692307693,0.9230769230769231,0.5,0.7857142857142857,0.0004
196,0.9118655920028687,1.5539536476135254,0.6346153846153846,0.9423076923076923,0.5,0.7857142857142857,0.0004
197,1.0216249525547028,1.6907888650894165,0.5769230769230769,0.9423076923076923,0.5,0.7857142857142857,0.0004
198,0.7490478157997131,1.4352786540985107,0.7115384615384616,0.9807692307692307,0.6428571428571429,0.8571428571428571,0.0004
199,1.0316786766052246,1.5639865398406982,0.5576923076923077,0.9230769230769231,0.35714285714285715,0.7857142857142857,0.0004
200,1.0049593448638916,2.080238103866577,0.6153846153846154,0.9230769230769231,0.35714285714285715,0.7142857142857143,0.0004
201,1.132413387298584,1.5662500858306885,0.5769230769230769,0.9230769230769231,0.6428571428571429,0.7857142857142857,0.0004
202,1.18300861120224,1.8975783586502075,0.4807692307692308,0.8846153846153846,0.42857142857142855,0.8571428571428571,0.0004
203,0.9466419219970703,1.2353816032409668,0.5769230769230769,0.9230769230769231,0.7857142857142857,0.9285714285714286,0.0004
204,0.9052706062793732,1.603816032409668,0.6923076923076923,0.9423076923076923,0.42857142857142855,0.7857142857142857,0.0004
205,0.924602210521698,1.493126392364502,0.5961538461538461,0.9807692307692307,0.5,0.8571428571428571,0.0004
206,0.9658617377281189,2.043266773223877,0.6346153846153846,0.9038461538461539,0.35714285714285715,0.7142857142857143,0.0004
207,0.8923848867416382,1.7013459205627441,0.6153846153846154,0.9615384615384616,0.5714285714285714,0.8571428571428571,0.0004
208,0.913831889629364,1.7048640251159668,0.6730769230769231,0.9807692307692307,0.5,0.7142857142857143,0.0004
209,0.8474966287612915,2.3167600631713867,0.6538461538461539,0.9423076923076923,0.35714285714285715,0.7857142857142857,0.0004
210,1.0053168535232544,1.350024700164795,0.6153846153846154,0.9423076923076923,0.7142857142857143,0.9285714285714286,0.0004
211,1.0825991034507751,2.2585620880126953,0.6153846153846154,0.9423076923076923,0.35714285714285715,0.7142857142857143,0.0004
212,1.10574871301651,1.6081857681274414,0.5192307692307693,0.9230769230769231,0.5714285714285714,0.8571428571428571,0.0004
213,0.9133050441741943,1.7855839729309082,0.6730769230769231,0.9615384615384616,0.7142857142857143,0.7857142857142857,0.0004
214,0.8428421318531036,1.6561915874481201,0.6923076923076923,0.9423076923076923,0.5714285714285714,0.7857142857142857,0.0004
215,1.0343524813652039,1.7190186977386475,0.5961538461538461,0.9230769230769231,0.6428571428571429,0.7142857142857143,0.0004
216,0.9448575973510742,1.6545840501785278,0.6346153846153846,0.9615384615384616,0.6428571428571429,0.8571428571428571,0.0004
217,0.8792431354522705,2.5002715587615967,0.6346153846153846,0.9230769230769231,0.5,0.6428571428571429,0.0004
218,0.8908775746822357,0.8638289570808411,0.6153846153846154,0.9423076923076923,0.6428571428571429,0.9285714285714286,0.0004
219,0.9598961174488068,1.1951351165771484,0.5576923076923077,0.9807692307692307,0.5714285714285714,0.9285714285714286,0.0004
220,0.9709556996822357,2.1757519245147705,0.6153846153846154,0.9423076923076923,0.35714285714285715,0.7142857142857143,0.0004
221,0.8391425609588623,1.764850378036499,0.6730769230769231,0.9615384615384616,0.5,0.7857142857142857,0.0004
222,0.9185062944889069,1.591810703277588,0.5961538461538461,0.9615384615384616,0.35714285714285715,0.7857142857142857,0.0004
223,1.1078796982765198,1.5223188400268555,0.5576923076923077,0.9038461538461539,0.5714285714285714,0.8571428571428571,0.0004
224,0.923689216375351,1.6457104682922363,0.6153846153846154,0.9423076923076923,0.42857142857142855,0.8571428571428571,0.0004
225,1.028385043144226,1.5557727813720703,0.5384615384615384,0.9230769230769231,0.5714285714285714,0.8571428571428571,0.0004
226,0.9798767566680908,1.7496092319488525,0.6346153846153846,0.9423076923076923,0.5,0.7857142857142857,0.0004
227,0.9115676581859589,1.454982042312622,0.7115384615384616,0.9423076923076923,0.5714285714285714,0.7857142857142857,0.0004
228,0.9082941710948944,1.7010204792022705,0.6538461538461539,0.9615384615384616,0.42857142857142855,0.7857142857142857,0.0004
229,0.8556593060493469,1.5943992137908936,0.6538461538461539,0.9615384615384616,0.5714285714285714,0.8571428571428571,0.0004
230,0.8585281670093536,1.7983567714691162,0.5961538461538461,0.9807692307692307,0.5,0.7142857142857143,0.0004
231,0.9213958978652954,1.3808614015579224,0.6153846153846154,0.9615384615384616,0.5714285714285714,0.9285714285714286,0.0004
232,1.0045540928840637,1.6156491041183472,0.6346153846153846,0.9230769230769231,0.42857142857142855,0.8571428571428571,0.0004
233,0.9893290102481842,1.7124378681182861,0.5961538461538461,0.9807692307692307,0.6428571428571429,0.8571428571428571,0.0004
234,1.015592098236084,1.4406565427780151,0.6538461538461539,0.9230769230769231,0.7142857142857143,0.8571428571428571,0.0004
235,0.8141772150993347,1.798059344291687,0.6538461538461539,0.9807692307692307,0.6428571428571429,0.7857142857142857,0.0004
236,1.2985499799251556,0.9059189558029175,0.5769230769230769,0.8653846153846154,0.7142857142857143,0.9285714285714286,0.0004
237,0.928624153137207,1.1842998266220093,0.6730769230769231,0.9615384615384616,0.7857142857142857,0.9285714285714286,0.0004
238,0.9107567667961121,1.555698037147522,0.6923076923076923,0.9230769230769231,0.5,0.8571428571428571,0.0004
239,1.1166113018989563,1.7116172313690186,0.5192307692307693,0.8269230769230769,0.5,0.7857142857142857,0.0004
240,0.8857977986335754,1.9784409999847412,0.5961538461538461,0.9423076923076923,0.5,0.7857142857142857,0.0004
241,0.8797346949577332,1.990492343902588,0.6153846153846154,0.9615384615384616,0.42857142857142855,0.6428571428571429,0.0004
242,1.0172439813613892,1.9846868515014648,0.5769230769230769,0.8846153846153846,0.6428571428571429,0.7142857142857143,0.0004
243,1.0972972214221954,1.034523367881775,0.5961538461538461,0.9038461538461539,0.7142857142857143,0.9285714285714286,0.0004
244,1.0292685627937317,2.14241361618042,0.5384615384615384,0.9230769230769231,0.5,0.7857142857142857,0.0004
245,0.9260534048080444,1.2977221012115479,0.6538461538461539,0.9423076923076923,0.7142857142857143,0.9285714285714286,0.0004
246,1.0049182176589966,1.934037446975708,0.6346153846153846,0.9423076923076923,0.5714285714285714,0.8571428571428571,0.0004
247,0.9125871062278748,2.1557819843292236,0.6346153846153846,0.9423076923076923,0.5,0.7142857142857143,0.0004
248,0.9734008014202118,1.6303009986877441,0.6153846153846154,0.9230769230769231,0.6428571428571429,0.8571428571428571,0.0004
249,0.79379802942276,1.0119335651397705,0.7115384615384616,1.0,0.6428571428571429,0.8571428571428571,0.0004
250,0.8383644819259644,1.800898790359497,0.6538461538461539,0.9615384615384616,0.5714285714285714,0.7142857142857143,0.0004
251,0.9640571177005768,1.5794769525527954,0.5961538461538461,0.9230769230769231,0.8571428571428571,0.7857142857142857,0.0004
252,0.8608338236808777,1.527944564819336,0.7115384615384616,0.9230769230769231,0.7142857142857143,0.7857142857142857,0.0004
253,1.0581334233283997,1.44889497756958,0.5576923076923077,0.9038461538461539,0.7142857142857143,0.9285714285714286,0.0004
254,0.8731865882873535,2.169471263885498,0.6730769230769231,0.9615384615384616,0.35714285714285715,0.7857142857142857,0.0004
255,0.8912357687950134,1.5333776473999023,0.6538461538461539,0.9230769230769231,0.5,0.8571428571428571,0.0004
256,0.8045480847358704,1.8956247568130493,0.6923076923076923,0.9807692307692307,0.5714285714285714,0.7857142857142857,0.0004
257,0.8173610270023346,1.6145474910736084,0.6730769230769231,0.9423076923076923,0.6428571428571429,0.7857142857142857,0.0004
258,0.8864031732082367,2.483665943145752,0.6923076923076923,0.9423076923076923,0.35714285714285715,0.7142857142857143,0.0004
259,0.9523368775844574,1.2848360538482666,0.5961538461538461,0.9615384615384616,0.6428571428571429,0.9285714285714286,0.0004
260,0.8674417734146118,1.316347599029541,0.6923076923076923,0.9423076923076923,0.5,0.8571428571428571,0.0004
261,1.0699169635772705,2.156412124633789,0.6153846153846154,0.9230769230769231,0.5,0.7857142857142857,0.0004
262,0.9669561386108398,1.6207952499389648,0.6153846153846154,0.9615384615384616,0.5714285714285714,0.8571428571428571,0.0004
263,0.8838671743869781,1.914635181427002,0.6346153846153846,0.9615384615384616,0.5714285714285714,0.7857142857142857,0.0004
264,0.8655717670917511,1.4527839422225952,0.6346153846153846,0.9423076923076923,0.6428571428571429,0.9285714285714286,0.0004
265,0.938962996006012,2.5328221321105957,0.6538461538461539,0.9423076923076923,0.5,0.7142857142857143,0.0004
266,0.9930788576602936,1.778214454650879,0.5576923076923077,0.9423076923076923,0.6428571428571429,0.8571428571428571,0.0004
267,0.784148782491684,1.582535743713379,0.6346153846153846,0.9615384615384616,0.6428571428571429,0.7857142857142857,0.0004
268,0.893040657043457,1.2641680240631104,0.6346153846153846,0.9615384615384616,0.6428571428571429,0.8571428571428571,0.0004
269,0.8373618423938751,1.262904405593872,0.6346153846153846,0.9807692307692307,0.8571428571428571,0.9285714285714286,0.0004
270,0.7976880669593811,1.3511103391647339,0.7115384615384616,0.9423076923076923,0.7857142857142857,0.8571428571428571,0.0004
271,0.8275982737541199,1.2196825742721558,0.6538461538461539,0.9615384615384616,0.7857142857142857,0.9285714285714286,0.0004
272,0.9674339890480042,1.5869529247283936,0.6346153846153846,0.9230769230769231,0.5,0.7857142857142857,0.0004
273,0.8541131317615509,1.4367009401321411,0.6153846153846154,0.9615384615384616,0.7857142857142857,0.9285714285714286,0.0004
274,1.0056600272655487,2.269643545150757,0.6730769230769231,0.9423076923076923,0.5,0.7142857142857143,0.0004
275,1.1839085221290588,1.605734944343567,0.5384615384615384,0.9038461538461539,0.6428571428571429,0.8571428571428571,0.0004
276,0.8994778394699097,2.0893807411193848,0.6346153846153846,0.9423076923076923,0.5,0.7857142857142857,0.0004
277,0.796271413564682,2.0140624046325684,0.7115384615384616,0.9807692307692307,0.5714285714285714,0.7857142857142857,0.0004
278,0.8920978605747223,1.50100839138031,0.6538461538461539,0.9615384615384616,0.6428571428571429,0.9285714285714286,0.0004
279,0.9232985377311707,1.804201364517212,0.6538461538461539,0.9230769230769231,0.6428571428571429,0.8571428571428571,0.0004
280,0.9330976605415344,1.9934666156768799,0.5769230769230769,0.9230769230769231,0.6428571428571429,0.7857142857142857,0.0004
281,0.7512166202068329,1.1157612800598145,0.6923076923076923,0.9807692307692307,0.7142857142857143,0.9285714285714286,0.0004
282,0.9536814093589783,1.7102717161178589,0.6153846153846154,0.9230769230769231,0.5,0.7857142857142857,0.0004
283,0.9315399527549744,1.4468061923980713,0.6923076923076923,0.9038461538461539,0.6428571428571429,0.8571428571428571,0.0004
284,0.9006098508834839,1.3318936824798584,0.5769230769230769,0.9615384615384616,0.7142857142857143,0.8571428571428571,0.0004
285,0.8185827136039734,1.1140358448028564,0.6153846153846154,0.9615384615384616,0.7857142857142857,0.9285714285714286,0.0004
286,1.1959192752838135,1.5383906364440918,0.6153846153846154,0.8846153846153846,0.6428571428571429,0.8571428571428571,0.0004
287,0.8194824755191803,1.6051392555236816,0.7115384615384616,0.9423076923076923,0.8571428571428571,0.8571428571428571,0.0004
288,0.8728524446487427,1.240936517715454,0.5961538461538461,0.9423076923076923,0.7142857142857143,0.9285714285714286,0.0004
289,0.993293046951294,1.7498112916946411,0.6346153846153846,0.9038461538461539,0.5714285714285714,0.7857142857142857,0.0004
290,0.9867067933082581,1.7683157920837402,0.5769230769230769,0.9807692307692307,0.6428571428571429,0.8571428571428571,0.0004
291,0.822549968957901,1.8328299522399902,0.6730769230769231,0.9423076923076923,0.5,0.7857142857142857,0.0004
292,0.8374065458774567,1.7775764465332031,0.6923076923076923,1.0,0.5714285714285714,0.8571428571428571,0.0004
293,0.7893566787242889,2.089827537536621,0.6346153846153846,0.9807692307692307,0.5714285714285714,0.7142857142857143,0.0004
294,1.0482316613197327,1.872844934463501,0.6923076923076923,0.8653846153846154,0.6428571428571429,0.7857142857142857,0.0004
295,0.6126851141452789,1.5697096586227417,0.7115384615384616,1.0,0.6428571428571429,0.7857142857142857,0.0004
296,0.9207388162612915,1.307079792022705,0.6538461538461539,0.9807692307692307,0.6428571428571429,0.8571428571428571,0.0004
297,0.8417481780052185,1.3257217407226562,0.6730769230769231,0.9615384615384616,0.7142857142857143,0.8571428571428571,0.0004
298,0.8873446881771088,1.2114760875701904,0.6538461538461539,0.9423076923076923,0.6428571428571429,0.8571428571428571,0.0004
299,1.0216380059719086,1.786482334136963,0.6538461538461539,0.8846153846153846,0.6428571428571429,0.7857142857142857,0.0004
300,0.8713492453098297,1.3441033363342285,0.6923076923076923,0.9230769230769231,0.7857142857142857,0.9285714285714286,0.0004
301,0.9339789748191833,1.944392442703247,0.6538461538461539,0.9423076923076923,0.5714285714285714,0.7142857142857143,0.0004
302,0.859094113111496,1.1869951486587524,0.6923076923076923,0.9423076923076923,0.8571428571428571,0.9285714285714286,0.0004
303,0.7920108735561371,1.8065211772918701,0.6538461538461539,0.9615384615384616,0.6428571428571429,0.7857142857142857,0.0004
304,0.9025561809539795,1.6478060483932495,0.7115384615384616,0.9230769230769231,0.5714285714285714,0.8571428571428571,0.0004
305,1.0060594081878662,1.347220540046692,0.6153846153846154,0.9615384615384616,0.6428571428571429,0.9285714285714286,0.0004
306,0.8989731073379517,1.3984594345092773,0.5192307692307693,0.9615384615384616,0.5714285714285714,0.9285714285714286,0.0004
307,0.9614740312099457,1.972420334815979,0.5769230769230769,0.9038461538461539,0.6428571428571429,0.7142857142857143,0.0004
308,1.176736444234848,2.2036499977111816,0.5769230769230769,0.8461538461538461,0.5714285714285714,0.6428571428571429,0.0004
309,0.7099043428897858,1.3244521617889404,0.75,0.9807692307692307,0.7142857142857143,0.7857142857142857,0.0004
310,0.8832909762859344,2.102205991744995,0.6538461538461539,0.9615384615384616,0.5714285714285714,0.7142857142857143,0.0004
311,1.0169663429260254,1.8587989807128906,0.5192307692307693,0.9615384615384616,0.5714285714285714,0.7857142857142857,0.0004
312,0.889878898859024,2.5490684509277344,0.6346153846153846,0.9615384615384616,0.42857142857142855,0.7142857142857143,0.0004
313,0.9690319895744324,1.1984997987747192,0.5961538461538461,0.9615384615384616,0.7857142857142857,0.9285714285714286,0.0004
314,0.8359476625919342,1.9619026184082031,0.6730769230769231,0.9807692307692307,0.5714285714285714,0.7857142857142857,0.0004
315,0.7560151219367981,1.6570382118225098,0.7307692307692307,0.9615384615384616,0.5,0.8571428571428571,0.0004
316,1.0900306701660156,2.2191507816314697,0.5769230769230769,0.8653846153846154,0.5,0.7857142857142857,0.0004
317,0.8698922097682953,2.147642135620117,0.6923076923076923,0.9807692307692307,0.5714285714285714,0.7857142857142857,0.0004
318,1.0331832468509674,1.7948400974273682,0.5961538461538461,0.9423076923076923,0.6428571428571429,0.8571428571428571,0.0004
319,1.010388731956482,1.3198566436767578,0.6153846153846154,0.9423076923076923,0.5714285714285714,0.9285714285714286,0.0004
320,0.9634625315666199,1.476396918296814,0.5192307692307693,0.9423076923076923,0.5,0.8571428571428571,0.0004
321,0.7777282893657684,1.252284049987793,0.6730769230769231,0.9615384615384616,0.7857142857142857,0.9285714285714286,0.0004
322,0.859405905008316,1.825394868850708,0.5961538461538461,0.9615384615384616,0.5,0.7142857142857143,0.0004
323,0.9389848709106445,2.1411216259002686,0.6153846153846154,0.9423076923076923,0.6428571428571429,0.7857142857142857,0.0004
324,0.7850160896778107,1.646283507347107,0.6923076923076923,0.9615384615384616,0.6428571428571429,0.7857142857142857,0.0004
325,0.9972253441810608,1.8037428855895996,0.6346153846153846,0.9230769230769231,0.5,0.7857142857142857,0.0004
326,0.9163116812705994,1.7885322570800781,0.6538461538461539,0.9423076923076923,0.7857142857142857,0.7857142857142857,0.0004
327,0.8802682757377625,1.212992787361145,0.5961538461538461,0.9615384615384616,0.7857142857142857,0.8571428571428571,0.0004
328,0.9278762340545654,1.102909803390503,0.6923076923076923,0.9230769230769231,0.7142857142857143,0.9285714285714286,0.0004
329,0.7312745451927185,1.3212308883666992,0.7307692307692307,0.9807692307692307,0.7142857142857143,0.8571428571428571,0.0004
330,0.7301949560642242,2.4522511959075928,0.75,0.9807692307692307,0.5,0.6428571428571429,0.0004
331,0.9214697480201721,1.8832972049713135,0.75,0.9615384615384616,0.6428571428571429,0.7857142857142857,0.0004
332,0.9557396769523621,1.465505599975586,0.6730769230769231,0.9038461538461539,0.7857142857142857,0.8571428571428571,0.0004
333,0.977463573217392,2.421449661254883,0.5576923076923077,0.9038461538461539,0.42857142857142855,0.7857142857142857,0.0004
334,0.7569084167480469,1.3439069986343384,0.7307692307692307,0.9230769230769231,0.6428571428571429,0.9285714285714286,0.0004
335,0.8987425565719604,1.2639076709747314,0.5769230769230769,0.9423076923076923,0.7142857142857143,0.8571428571428571,0.0004
336,0.9121385514736176,1.3171510696411133,0.6538461538461539,0.9615384615384616,0.5714285714285714,0.7857142857142857,0.0004
337,0.8176410794258118,1.8011229038238525,0.6538461538461539,0.9807692307692307,0.6428571428571429,0.7142857142857143,0.0004
338,0.8914429545402527,2.0350449085235596,0.7115384615384616,0.9423076923076923,0.5714285714285714,0.7142857142857143,0.0004
339,0.9373014569282532,1.5226526260375977,0.6346153846153846,0.9423076923076923,0.7857142857142857,0.7857142857142857,0.0004
340,0.7099260091781616,1.5844587087631226,0.7307692307692307,0.9615384615384616,0.7142857142857143,0.7857142857142857,0.0004
341,0.8522905707359314,1.120824933052063,0.5961538461538461,0.9615384615384616,0.8571428571428571,0.9285714285714286,0.0004
342,0.7035685181617737,1.7189525365829468,0.6538461538461539,1.0,0.7857142857142857,0.8571428571428571,0.0004
343,0.9640789926052094,1.5148646831512451,0.5769230769230769,0.9423076923076923,0.7857142857142857,0.8571428571428571,0.0004
344,0.8238493502140045,1.980823040008545,0.6923076923076923,0.9615384615384616,0.5,0.7857142857142857,0.0004
345,0.7746009528636932,0.9760634899139404,0.7307692307692307,0.9615384615384616,0.7857142857142857,0.8571428571428571,0.0004
346,0.7472870647907257,1.3943158388137817,0.6923076923076923,0.9807692307692307,0.7142857142857143,0.9285714285714286,0.0004
347,0.9114939570426941,1.638054370880127,0.6153846153846154,0.9423076923076923,0.5714285714285714,0.7857142857142857,0.0004
348,0.8248783349990845,1.382751226425171,0.6538461538461539,0.9615384615384616,0.7142857142857143,0.8571428571428571,0.0004
349,0.7024671137332916,1.9743361473083496,0.7115384615384616,0.9807692307692307,0.5714285714285714,0.7857142857142857,0.0004
350,0.8993129730224609,1.286708950996399,0.6346153846153846,0.9423076923076923,0.7857142857142857,0.8571428571428571,0.0004
351,0.7319508492946625,1.5177531242370605,0.75,1.0,0.6428571428571429,0.8571428571428571,0.0004
352,0.9728060960769653,1.094651222229004,0.6730769230769231,0.9423076923076923,0.8571428571428571,0.9285714285714286,0.0004
353,0.5791345238685608,2.0074217319488525,0.7884615384615384,1.0,0.6428571428571429,0.7857142857142857,0.0004
354,0.8092105984687805,2.1719810962677,0.7115384615384616,0.9807692307692307,0.6428571428571429,0.7857142857142857,0.0004
355,0.9767700731754303,1.8579446077346802,0.5961538461538461,0.9423076923076923,0.5714285714285714,0.7857142857142857,0.0004
356,0.9834268093109131,1.6702814102172852,0.6923076923076923,0.9230769230769231,0.8571428571428571,0.8571428571428571,0.0004
357,0.8780106604099274,2.142453670501709,0.7307692307692307,0.8846153846153846,0.6428571428571429,0.7857142857142857,0.0004
358,0.8116656541824341,1.6433777809143066,0.6538461538461539,0.9807692307692307,0.6428571428571429,0.8571428571428571,0.0004
359,0.943575918674469,1.148698329925537,0.6153846153846154,0.9423076923076923,0.8571428571428571,0.9285714285714286,0.0004
360,0.8281653523445129,2.632542610168457,0.7115384615384616,0.9423076923076923,0.42857142857142855,0.6428571428571429,0.0004
361,0.8540353178977966,1.6827577352523804,0.6923076923076923,0.9230769230769231,0.7142857142857143,0.8571428571428571,0.0004
362,1.0636339485645294,1.6392920017242432,0.5769230769230769,0.9230769230769231,0.7142857142857143,0.7857142857142857,0.0004
363,0.6954384744167328,1.6055258512496948,0.8269230769230769,0.9807692307692307,0.6428571428571429,0.8571428571428571,0.0004
364,0.958669513463974,1.4806523323059082,0.6346153846153846,0.9423076923076923,0.7142857142857143,0.8571428571428571,0.0004
365,0.769265741109848,1.838254451751709,0.6730769230769231,0.9807692307692307,0.6428571428571429,0.8571428571428571,0.0004
366,0.9114440083503723,1.193680763244629,0.6538461538461539,1.0,0.7857142857142857,0.9285714285714286,0.0004
367,0.9154759347438812,1.578437328338623,0.6153846153846154,0.8846153846153846,0.6428571428571429,0.8571428571428571,0.0004
368,0.9838083684444427,1.2790098190307617,0.6730769230769231,0.9230769230769231,0.6428571428571429,0.8571428571428571,0.0004
369,0.759014904499054,1.814150333404541,0.6538461538461539,0.9615384615384616,0.42857142857142855,0.7142857142857143,0.0004
370,0.7905444204807281,1.2599329948425293,0.6923076923076923,0.9615384615384616,0.5714285714285714,0.8571428571428571,0.0004
371,0.8499859273433685,1.067724347114563,0.7115384615384616,0.9423076923076923,0.8571428571428571,0.9285714285714286,0.0004
372,0.8210972249507904,1.411156415939331,0.75,0.9807692307692307,0.7857142857142857,0.8571428571428571,0.0004
373,0.9523948132991791,1.5176715850830078,0.7115384615384616,0.9038461538461539,0.7142857142857143,0.7857142857142857,0.0004
374,0.7665554583072662,1.2452237606048584,0.6538461538461539,0.9807692307692307,0.6428571428571429,0.8571428571428571,0.0004
375,0.7972466945648193,1.2576907873153687,0.7307692307692307,0.9230769230769231,0.5714285714285714,0.8571428571428571,0.0004
376,0.8114274442195892,2.198641777038574,0.75,0.9423076923076923,0.6428571428571429,0.7857142857142857,0.0004
377,0.6780963838100433,1.8526873588562012,0.7307692307692307,0.9615384615384616,0.5,0.7857142857142857,0.0004
378,0.9223074615001678,1.5252790451049805,0.6730769230769231,0.9230769230769231,0.6428571428571429,0.8571428571428571,0.0004
379,0.8268974721431732,1.9816453456878662,0.6923076923076923,0.9423076923076923,0.5714285714285714,0.7857142857142857,0.0004
380,0.9213775396347046,1.1693615913391113,0.6346153846153846,0.9230769230769231,0.8571428571428571,0.9285714285714286,0.0004
381,0.9171284735202789,1.37388277053833,0.5769230769230769,0.9230769230769231,0.7142857142857143,0.9285714285714286,0.0004
382,0.9582512974739075,1.397500991821289,0.6538461538461539,0.9807692307692307,0.7857142857142857,0.8571428571428571,0.0004
383,0.7721129357814789,1.1994736194610596,0.7692307692307693,0.9615384615384616,0.7142857142857143,0.9285714285714286,0.0004
384,0.8053019642829895,1.621302843093872,0.6730769230769231,0.9615384615384616,0.5714285714285714,0.7857142857142857,0.0004
385,0.7157552540302277,1.9595041275024414,0.7115384615384616,0.9615384615384616,0.5,0.7857142857142857,0.0004
386,0.8046461343765259,1.6621285676956177,0.6730769230769231,0.9807692307692307,0.6428571428571429,0.7857142857142857,0.0004
387,0.9507823586463928,1.6207847595214844,0.6730769230769231,0.9038461538461539,0.6428571428571429,0.8571428571428571,0.0004
388,0.6133824735879898,1.1577004194259644,0.7115384615384616,1.0,0.7142857142857143,0.9285714285714286,0.0004
389,0.8024129569530487,1.584777593612671,0.6923076923076923,0.9615384615384616,0.6428571428571429,0.7857142857142857,0.0004
390,0.8367305099964142,1.5147260427474976,0.7115384615384616,0.9615384615384616,0.42857142857142855,0.8571428571428571,0.0004
391,0.972557783126831,1.2846242189407349,0.5961538461538461,0.9615384615384616,0.9285714285714286,0.8571428571428571,0.0004
392,0.8370206654071808,1.7763218879699707,0.6346153846153846,0.9423076923076923,0.7142857142857143,0.8571428571428571,0.0004
393,0.7334858775138855,1.4945513010025024,0.6346153846153846,0.9615384615384616,0.6428571428571429,0.7857142857142857,0.0004
394,0.7477886080741882,1.3145196437835693,0.6538461538461539,0.9807692307692307,0.7142857142857143,0.8571428571428571,0.0004
395,1.0154710412025452,1.6273553371429443,0.6346153846153846,0.9230769230769231,0.7857142857142857,0.8571428571428571,0.0004
396,1.028916597366333,1.867004632949829,0.6923076923076923,0.9038461538461539,0.7142857142857143,0.7857142857142857,0.0004
397,1.00837904214859,1.8642882108688354,0.5384615384615384,0.9230769230769231,0.7857142857142857,0.7857142857142857,0.0004
398,0.7058663070201874,1.516768455505371,0.75,0.9807692307692307,0.5714285714285714,0.7857142857142857,0.0004
399,0.823034018278122,1.6410815715789795,0.6346153846153846,0.9230769230769231,0.7142857142857143,0.7857142857142857,0.0004
400,1.0047858357429504,1.8193211555480957,0.5576923076923077,0.9038461538461539,0.5714285714285714,0.8571428571428571,0.0004
401,0.8031106889247894,2.110081195831299,0.6923076923076923,0.9615384615384616,0.5,0.7142857142857143,0.0004
402,0.5818091034889221,1.159218668937683,0.75,1.0,0.7142857142857143,0.9285714285714286,0.0004
403,0.7516730427742004,1.2347607612609863,0.7115384615384616,0.9807692307692307,0.7857142857142857,0.8571428571428571,0.0004
404,1.0130445957183838,1.307419776916504,0.6153846153846154,0.9038461538461539,0.7142857142857143,0.8571428571428571,0.0004
405,0.756511002779007,1.1702443361282349,0.6730769230769231,0.9807692307692307,0.7857142857142857,0.9285714285714286,0.0004
406,0.7613233327865601,1.4346411228179932,0.6923076923076923,0.9807692307692307,0.5714285714285714,0.8571428571428571,0.0004
407,0.820944756269455,1.2707605361938477,0.6730769230769231,0.9615384615384616,0.6428571428571429,0.8571428571428571,0.0004
408,0.9521826505661011,1.4342957735061646,0.6153846153846154,0.9230769230769231,0.5714285714285714,0.7857142857142857,0.0004
409,0.970645934343338,1.1007108688354492,0.6730769230769231,0.9807692307692307,0.9285714285714286,0.9285714285714286,0.0004
410,0.7595764696598053,1.6134984493255615,0.6923076923076923,0.9615384615384616,0.6428571428571429,0.8571428571428571,0.0004
411,1.2342327237129211,1.1957993507385254,0.6346153846153846,0.8653846153846154,0.7857142857142857,0.9285714285714286,0.0004
412,1.022727519273758,1.7487869262695312,0.5961538461538461,0.8653846153846154,0.5,0.8571428571428571,0.0004
413,0.8545754551887512,2.246551036834717,0.6538461538461539,0.9423076923076923,0.6428571428571429,0.7142857142857143,0.0004
414,1.089955449104309,1.325024127960205,0.5192307692307693,0.9230769230769231,0.7142857142857143,0.9285714285714286,0.0004
415,0.7359561920166016,1.5499961376190186,0.7115384615384616,0.9615384615384616,0.7857142857142857,0.7857142857142857,0.0004
416,0.9034455120563507,1.261565089225769,0.6538461538461539,0.9038461538461539,0.6428571428571429,0.9285714285714286,0.0004
417,0.7278062701225281,1.6094465255737305,0.6730769230769231,0.9807692307692307,0.5714285714285714,0.8571428571428571,0.0004
418,0.7363577783107758,1.296990990638733,0.6730769230769231,1.0,0.7142857142857143,0.9285714285714286,0.0004
419,0.8462275266647339,1.5792722702026367,0.6538461538461539,0.9230769230769231,0.5714285714285714,0.8571428571428571,0.0004
420,0.6001051962375641,1.3198918104171753,0.7692307692307693,1.0,0.6428571428571429,0.7857142857142857,0.0004
421,0.8453173041343689,1.960083246231079,0.75,0.9423076923076923,0.5714285714285714,0.7857142857142857,0.0004
422,0.6218041479587555,1.8816802501678467,0.7115384615384616,0.9807692307692307,0.6428571428571429,0.7857142857142857,0.0004
423,1.1655524373054504,1.7554569244384766,0.5769230769230769,0.8846153846153846,0.7142857142857143,0.8571428571428571,0.0004
424,0.6459400355815887,1.0345368385314941,0.7307692307692307,1.0,0.7857142857142857,0.9285714285714286,0.0004
425,0.7022363245487213,1.3986343145370483,0.7115384615384616,1.0,0.6428571428571429,0.8571428571428571,0.0004
426,0.7100218832492828,2.0717151165008545,0.6923076923076923,0.9807692307692307,0.7142857142857143,0.7857142857142857,0.0004
427,0.7333264946937561,1.6225823163986206,0.6923076923076923,0.9615384615384616,0.6428571428571429,0.8571428571428571,0.0004
428,0.7034139186143875,1.5047070980072021,0.6923076923076923,0.9615384615384616,0.6428571428571429,0.9285714285714286,0.0004
429,0.8797597885131836,1.894071340560913,0.6153846153846154,0.9423076923076923,0.5714285714285714,0.8571428571428571,0.0004
430,0.77572101354599,1.568098545074463,0.6730769230769231,0.9807692307692307,0.7142857142857143,0.7857142857142857,0.0004
431,1.0146429538726807,1.1292445659637451,0.5961538461538461,0.9615384615384616,0.6428571428571429,0.9285714285714286,0.0004
432,0.6738257110118866,1.466342806816101,0.8076923076923077,0.9807692307692307,0.7857142857142857,0.8571428571428571,0.0004
433,0.8470552563667297,1.5203953981399536,0.6346153846153846,0.9615384615384616,0.6428571428571429,0.8571428571428571,0.0004
434,0.699178159236908,1.3634052276611328,0.6346153846153846,0.9807692307692307,0.5,0.8571428571428571,0.0004
435,1.1013839840888977,1.1603983640670776,0.5961538461538461,0.9038461538461539,0.6428571428571429,0.8571428571428571,0.0004
436,0.8644745051860809,2.4233551025390625,0.6730769230769231,0.9230769230769231,0.5714285714285714,0.7857142857142857,0.0004
437,0.6145162284374237,1.7830369472503662,0.7884615384615384,0.9807692307692307,0.6428571428571429,0.8571428571428571,0.0004
438,1.005036175251007,2.29711651802063,0.6153846153846154,0.9615384615384616,0.5714285714285714,0.7857142857142857,0.0004
439,0.7611212730407715,1.3287992477416992,0.6346153846153846,0.9807692307692307,0.7857142857142857,0.9285714285714286,0.0004
440,0.891881674528122,2.1852471828460693,0.6923076923076923,0.9615384615384616,0.6428571428571429,0.7142857142857143,0.0004
441,0.6928538084030151,1.8066893815994263,0.7692307692307693,0.9423076923076923,0.7857142857142857,0.8571428571428571,0.0004
442,0.6693319976329803,2.4642372131347656,0.7307692307692307,0.9807692307692307,0.5714285714285714,0.7142857142857143,0.0004
443,0.8361022472381592,2.295919895172119,0.6923076923076923,0.9615384615384616,0.5714285714285714,0.7857142857142857,0.0004
444,0.8825441002845764,1.2276874780654907,0.6346153846153846,0.9423076923076923,0.7142857142857143,0.8571428571428571,0.0004
445,0.6762230694293976,1.7746436595916748,0.7115384615384616,0.9807692307692307,0.7142857142857143,0.7857142857142857,0.0004
446,0.8350428938865662,1.271215558052063,0.7115384615384616,0.9615384615384616,0.7857142857142857,0.9285714285714286,0.0004
447,0.7233642935752869,2.2631516456604004,0.6923076923076923,0.9615384615384616,0.5714285714285714,0.7857142857142857,0.0004
448,0.8701801300048828,1.7812225818634033,0.5961538461538461,0.9230769230769231,0.7142857142857143,0.8571428571428571,0.0004
449,0.739877313375473,1.2564802169799805,0.6153846153846154,1.0,0.7857142857142857,0.8571428571428571,0.0004
450,0.8465242087841034,1.764183759689331,0.6538461538461539,0.9807692307692307,0.5714285714285714,0.7857142857142857,0.0004
451,1.08595472574234,2.1283671855926514,0.6346153846153846,0.9230769230769231,0.6428571428571429,0.8571428571428571,0.0004
452,0.7826491892337799,1.615870475769043,0.6923076923076923,0.9807692307692307,0.6428571428571429,0.7857142857142857,0.0004
453,0.9072771966457367,1.6075785160064697,0.7115384615384616,0.9230769230769231,0.7857142857142857,0.8571428571428571,0.0004
454,0.780764102935791,1.9698596000671387,0.7307692307692307,0.9615384615384616,0.7142857142857143,0.7857142857142857,0.0004
455,0.8623337149620056,1.7735779285430908,0.6923076923076923,0.9423076923076923,0.7142857142857143,0.8571428571428571,0.0004
456,0.8151715397834778,0.911496639251709,0.6730769230769231,0.9615384615384616,0.8571428571428571,0.9285714285714286,0.0004
457,0.8316592574119568,1.6220275163650513,0.5961538461538461,0.9423076923076923,0.5714285714285714,0.7857142857142857,0.0004
458,0.8541021943092346,1.4898707866668701,0.6346153846153846,0.9615384615384616,0.5714285714285714,0.8571428571428571,0.0004
459,0.910426914691925,1.4766499996185303,0.6923076923076923,0.9230769230769231,0.6428571428571429,0.8571428571428571,0.0004
460,1.0326319336891174,1.5214393138885498,0.5769230769230769,0.9423076923076923,0.7142857142857143,0.8571428571428571,0.0004
461,0.7624718844890594,2.095590829849243,0.6538461538461539,0.9615384615384616,0.7142857142857143,0.7857142857142857,0.0004
462,0.8564797639846802,1.5201923847198486,0.6730769230769231,0.9230769230769231,0.5714285714285714,0.9285714285714286,0.0004
463,0.8240412473678589,1.1647876501083374,0.7692307692307693,0.9423076923076923,0.6428571428571429,0.9285714285714286,0.0004
464,0.8050210475921631,1.3033783435821533,0.6346153846153846,0.9423076923076923,0.7142857142857143,0.8571428571428571,0.0004
465,1.0365009307861328,1.4066907167434692,0.6346153846153846,0.9807692307692307,0.6428571428571429,0.8571428571428571,0.0004
466,0.7251622080802917,1.2571406364440918,0.6730769230769231,0.9615384615384616,0.7142857142857143,0.8571428571428571,0.0004
467,0.831177681684494,1.4102680683135986,0.6923076923076923,0.9807692307692307,0.6428571428571429,0.7857142857142857,0.0004
468,0.655508816242218,1.487295150756836,0.7884615384615384,0.9615384615384616,0.7857142857142857,0.8571428571428571,0.0004
469,0.8031260669231415,1.2828938961029053,0.6730769230769231,0.9230769230769231,0.6428571428571429,0.8571428571428571,0.0004
470,0.9465659260749817,1.5240716934204102,0.6153846153846154,0.9423076923076923,0.7142857142857143,0.8571428571428571,0.0004
471,0.9201078414916992,1.5089812278747559,0.7115384615384616,0.9230769230769231,0.5,0.9285714285714286,0.0004
472,0.9781537353992462,2.0667734146118164,0.5769230769230769,0.9230769230769231,0.5,0.7857142857142857,0.0004
473,0.9585656225681305,1.9719271659851074,0.6153846153846154,0.9423076923076923,0.7142857142857143,0.7857142857142857,0.0004
474,0.8100900053977966,1.1908254623413086,0.7307692307692307,0.9615384615384616,0.7857142857142857,0.8571428571428571,0.0004
475,0.8314641416072845,1.3432157039642334,0.6346153846153846,0.9807692307692307,0.7142857142857143,0.8571428571428571,0.0004
476,0.6674273014068604,1.246165156364441,0.6923076923076923,1.0,0.7857142857142857,0.8571428571428571,0.0004
477,0.811116635799408,1.358304500579834,0.7115384615384616,0.9230769230769231,0.7857142857142857,0.8571428571428571,0.0004
478,0.9191754460334778,0.7254278659820557,0.5961538461538461,0.9423076923076923,0.7857142857142857,0.9285714285714286,0.0004
479,0.8892666101455688,0.9078676104545593,0.6923076923076923,0.9423076923076923,0.7857142857142857,0.8571428571428571,0.0004
480,0.7822292447090149,1.11978018283844,0.6730769230769231,0.9615384615384616,0.7857142857142857,0.9285714285714286,0.0004
481,0.7959261536598206,1.8676059246063232,0.6730769230769231,0.9423076923076923,0.7142857142857143,0.8571428571428571,0.0004
482,0.9534272849559784,1.6275708675384521,0.6153846153846154,0.9230769230769231,0.7142857142857143,0.8571428571428571,0.0004
483,0.6957083940505981,1.30436110496521,0.7307692307692307,0.9807692307692307,0.6428571428571429,0.8571428571428571,0.0004
484,0.7080110013484955,1.735229253768921,0.7307692307692307,0.9807692307692307,0.5714285714285714,0.7857142857142857,0.0004
485,0.923279196023941,1.9052990674972534,0.7115384615384616,0.9423076923076923,0.5714285714285714,0.7857142857142857,0.0004
486,0.582813560962677,1.4009120464324951,0.7307692307692307,1.0,0.6428571428571429,0.8571428571428571,0.0004
487,1.4423220753669739,1.6513073444366455,0.5769230769230769,0.8461538461538461,0.6428571428571429,0.7142857142857143,0.0004
488,0.8711045980453491,1.703470230102539,0.6730769230769231,0.9230769230769231,0.7142857142857143,0.7857142857142857,0.0004
489,0.7365255057811737,1.027454137802124,0.7115384615384616,0.9807692307692307,0.9285714285714286,0.9285714285714286,0.0004
490,0.7368038296699524,1.5524680614471436,0.7307692307692307,0.9423076923076923,0.6428571428571429,0.8571428571428571,0.0004
491,0.8470990061759949,2.0609025955200195,0.7115384615384616,0.9807692307692307,0.7142857142857143,0.8571428571428571,0.0004
492,0.9835512936115265,1.5179760456085205,0.6730769230769231,0.9423076923076923,0.7142857142857143,0.8571428571428571,0.0004
493,0.953726202249527,1.3942174911499023,0.6153846153846154,0.9423076923076923,0.8571428571428571,0.9285714285714286,0.0004
494,0.8802491426467896,1.482541799545288,0.6346153846153846,0.9615384615384616,0.8571428571428571,0.9285714285714286,0.0004
495,0.6957622766494751,1.629878282546997,0.6730769230769231,0.9807692307692307,0.6428571428571429,0.8571428571428571,0.0004
496,0.6896467506885529,1.201172113418579,0.7307692307692307,0.9423076923076923,0.8571428571428571,0.9285714285714286,0.0004
497,0.87775918841362,1.3478984832763672,0.6153846153846154,0.9615384615384616,0.6428571428571429,0.9285714285714286,0.0004
498,0.8361407816410065,1.6157870292663574,0.6730769230769231,0.9230769230769231,0.7142857142857143,0.7857142857142857,0.0004
499,0.6524360924959183,1.4022680521011353,0.7692307692307693,0.9615384615384616,0.6428571428571429,0.8571428571428571,0.0004
500,0.7422074377536774,1.972338080406189,0.7692307692307693,0.9807692307692307,0.5714285714285714,0.6428571428571429,0.0004
501,0.8579739630222321,1.3355004787445068,0.6346153846153846,0.9423076923076923,0.7142857142857143,0.8571428571428571,0.0004
502,0.8523098528385162,1.6858092546463013,0.6153846153846154,0.9615384615384616,0.5,0.7857142857142857,0.0004
503,0.8239442110061646,1.1321309804916382,0.6923076923076923,0.9230769230769231,0.8571428571428571,0.9285714285714286,0.0004
504,0.5773721486330032,1.3104040622711182,0.8653846153846154,1.0,0.7857142857142857,0.9285714285714286,0.0004
505,0.758589118719101,1.2268054485321045,0.6730769230769231,0.9615384615384616,0.7142857142857143,0.9285714285714286,0.0004
506,0.8934632241725922,1.1022331714630127,0.6153846153846154,0.9230769230769231,0.8571428571428571,0.9285714285714286,0.0004
507,0.5828832685947418,1.4108004570007324,0.7692307692307693,0.9807692307692307,0.6428571428571429,0.8571428571428571,0.0004
508,0.7136828005313873,1.878005027770996,0.75,0.9615384615384616,0.5714285714285714,0.7857142857142857,0.0004
509,0.970249205827713,2.0040693283081055,0.6153846153846154,0.9423076923076923,0.7142857142857143,0.7857142857142857,0.0004
510,0.7999716401100159,2.0547497272491455,0.6923076923076923,0.9807692307692307,0.5714285714285714,0.7142857142857143,0.0004
511,1.0322428941726685,1.347316861152649,0.6346153846153846,0.9038461538461539,0.7857142857142857,0.8571428571428571,0.0004
512,0.9945144951343536,1.409515380859375,0.6538461538461539,0.8653846153846154,0.7857142857142857,0.8571428571428571,0.0004
513,0.6814200580120087,1.087175726890564,0.75,0.9807692307692307,0.9285714285714286,0.9285714285714286,0.0004
514,0.6218778192996979,1.2968233823776245,0.7307692307692307,0.9615384615384616,0.7857142857142857,0.9285714285714286,0.0004
515,0.6805301904678345,1.4064342975616455,0.7692307692307693,0.9230769230769231,0.7857142857142857,0.8571428571428571,0.0004
516,0.9041136503219604,1.5390666723251343,0.6346153846153846,0.9230769230769231,0.7857142857142857,0.8571428571428571,0.0004
517,0.7090755999088287,1.3625333309173584,0.7115384615384616,0.9807692307692307,0.7857142857142857,0.8571428571428571,0.0004
518,0.9387556910514832,1.0562496185302734,0.6346153846153846,0.9423076923076923,0.8571428571428571,0.9285714285714286,0.0004
519,0.7458922863006592,1.7303082942962646,0.6730769230769231,0.9807692307692307,0.6428571428571429,0.8571428571428571,0.0004
520,0.8426092565059662,1.3843061923980713,0.75,0.9615384615384616,0.7142857142857143,0.8571428571428571,0.0004
521,0.6438009738922119,1.5423004627227783,0.7692307692307693,0.9807692307692307,0.5714285714285714,0.7857142857142857,0.0004
522,0.6312224268913269,1.6225841045379639,0.7307692307692307,0.9807692307692307,0.6428571428571429,0.7857142857142857,0.0004
523,0.8521732985973358,1.2585976123809814,0.5961538461538461,0.9615384615384616,0.7857142857142857,0.8571428571428571,0.0004
524,0.6620433926582336,0.8948574066162109,0.8269230769230769,0.9615384615384616,0.8571428571428571,0.9285714285714286,0.0004
525,0.6712926030158997,1.6573611497879028,0.8269230769230769,0.9615384615384616,0.42857142857142855,0.8571428571428571,0.0004
526,0.6668424755334854,1.6840262413024902,0.7692307692307693,0.9615384615384616,0.6428571428571429,0.7857142857142857,0.0004
527,0.7842676043510437,1.6870343685150146,0.6730769230769231,0.9423076923076923,0.7142857142857143,0.8571428571428571,0.0004
528,0.812601774930954,1.7809388637542725,0.6730769230769231,0.9615384615384616,0.6428571428571429,0.7857142857142857,0.0004
529,0.7480121850967407,1.5841007232666016,0.7307692307692307,0.9423076923076923,0.6428571428571429,0.7857142857142857,0.0004
530,0.707008957862854,1.088171124458313,0.75,0.9807692307692307,0.9285714285714286,0.8571428571428571,0.0004
531,0.8164495229721069,1.178053855895996,0.7307692307692307,0.9615384615384616,0.7857142857142857,0.9285714285714286,0.0004
532,0.9008871912956238,1.3888965845108032,0.7884615384615384,0.9230769230769231,0.7857142857142857,0.7857142857142857,0.0004
533,0.6331072747707367,1.261247992515564,0.75,0.9807692307692307,0.7857142857142857,0.8571428571428571,0.0004
534,0.5797092318534851,1.2432236671447754,0.8269230769230769,0.9807692307692307,0.8571428571428571,0.9285714285714286,0.0004
535,0.7828391790390015,1.6169183254241943,0.6730769230769231,0.9807692307692307,0.7142857142857143,0.8571428571428571,0.0004
536,0.6074976921081543,1.2680532932281494,0.7884615384615384,1.0,0.8571428571428571,0.8571428571428571,0.0004
537,0.7357194721698761,1.202462911605835,0.7307692307692307,0.9615384615384616,0.8571428571428571,0.9285714285714286,0.0004
538,0.6577926576137543,1.771078109741211,0.7692307692307693,0.9807692307692307,0.6428571428571429,0.7857142857142857,0.0004
539,0.7286723852157593,0.9424716234207153,0.6923076923076923,0.9807692307692307,0.9285714285714286,0.9285714285714286,0.0004
540,0.8010198771953583,1.4616680145263672,0.7307692307692307,0.9230769230769231,0.7857142857142857,0.7857142857142857,0.0004
541,0.5937767326831818,2.098358154296875,0.7884615384615384,1.0,0.5714285714285714,0.7857142857142857,0.0004
542,0.8174784481525421,0.9333340525627136,0.6923076923076923,0.9615384615384616,0.7142857142857143,0.9285714285714286,0.0004
543,0.7094762623310089,1.1366019248962402,0.6923076923076923,0.9615384615384616,0.8571428571428571,0.8571428571428571,0.0004
544,0.720969170331955,1.3115026950836182,0.7115384615384616,0.9423076923076923,0.7857142857142857,0.8571428571428571,0.0004
545,0.6105522215366364,1.5611191987991333,0.75,0.9615384615384616,0.5,0.7857142857142857,0.0004
546,0.7909381985664368,1.5017807483673096,0.7115384615384616,0.9615384615384616,0.7142857142857143,0.8571428571428571,0.0004
547,0.9150770008563995,1.6044926643371582,0.6923076923076923,0.9423076923076923,0.7857142857142857,0.7857142857142857,0.0004
548,0.4843848794698715,1.3163518905639648,0.8076923076923077,1.0,0.8571428571428571,0.8571428571428571,0.0004
549,1.0466129779815674,2.3154683113098145,0.7307692307692307,0.9038461538461539,0.6428571428571429,0.7857142857142857,0.0004
550,0.7524647116661072,1.1880710124969482,0.7692307692307693,0.9807692307692307,0.7857142857142857,0.8571428571428571,0.0004
551,0.8657611310482025,1.1095783710479736,0.6730769230769231,0.9615384615384616,0.8571428571428571,0.9285714285714286,0.0004
552,0.8510431349277496,1.1792490482330322,0.6538461538461539,0.9615384615384616,0.7142857142857143,0.8571428571428571,0.0004
553,0.9226959049701691,1.0212011337280273,0.7692307692307693,0.9423076923076923,0.7857142857142857,0.8571428571428571,0.0004
554,0.7331474423408508,0.8540102243423462,0.7692307692307693,0.9615384615384616,0.9285714285714286,0.9285714285714286,0.0004
555,0.8084799647331238,1.190155029296875,0.7115384615384616,0.9615384615384616,0.7857142857142857,0.8571428571428571,0.0004
556,0.6877391487360001,1.9040448665618896,0.8076923076923077,0.9615384615384616,0.6428571428571429,0.7857142857142857,0.0004
557,0.7005679309368134,0.814570426940918,0.7307692307692307,0.9807692307692307,0.8571428571428571,0.9285714285714286,0.0004
558,0.6351601183414459,1.3410990238189697,0.8076923076923077,0.9807692307692307,0.8571428571428571,0.8571428571428571,0.0004
559,0.5140321105718613,1.543279767036438,0.7884615384615384,1.0,0.5714285714285714,0.7857142857142857,0.0004
560,0.7489162385463715,1.172422170639038,0.7307692307692307,0.9615384615384616,0.8571428571428571,0.9285714285714286,0.0004
561,0.5854307413101196,1.7772924900054932,0.8076923076923077,0.9807692307692307,0.7142857142857143,0.8571428571428571,0.0004
562,0.7284604609012604,1.956548810005188,0.75,0.9615384615384616,0.7142857142857143,0.7857142857142857,0.0004
563,0.7042989134788513,1.23899245262146,0.75,0.9230769230769231,0.7142857142857143,0.7857142857142857,0.0004
564,0.7772130370140076,1.3411281108856201,0.6346153846153846,0.9615384615384616,0.7142857142857143,0.8571428571428571,0.0004
565,0.8601216077804565,0.9859614372253418,0.6730769230769231,0.9807692307692307,0.7857142857142857,0.9285714285714286,0.0004
566,0.6182623505592346,1.1218912601470947,0.7884615384615384,0.9615384615384616,0.7857142857142857,0.8571428571428571,0.0004
567,0.622654139995575,1.773184895515442,0.8269230769230769,0.9807692307692307,0.7142857142857143,0.7857142857142857,0.0004
568,0.8909910917282104,1.6522074937820435,0.6346153846153846,0.9615384615384616,0.5714285714285714,0.7857142857142857,0.0004
569,0.8549985587596893,0.9487460851669312,0.7115384615384616,0.9615384615384616,0.8571428571428571,0.9285714285714286,0.0004
570,0.8643333613872528,1.1956794261932373,0.7692307692307693,0.9423076923076923,0.6428571428571429,0.9285714285714286,0.0004
571,0.7367228865623474,1.23927640914917,0.75,0.9230769230769231,0.5714285714285714,0.8571428571428571,0.0004
572,0.7572506070137024,0.9989999532699585,0.7307692307692307,0.9615384615384616,0.8571428571428571,0.9285714285714286,0.0004
573,0.6326697766780853,1.3404419422149658,0.75,1.0,0.7142857142857143,0.9285714285714286,0.0004
574,0.5496779978275299,1.6473610401153564,0.8269230769230769,0.9615384615384616,0.8571428571428571,0.8571428571428571,0.0004
575,0.6610760986804962,1.5005149841308594,0.75,0.9615384615384616,0.7142857142857143,0.7857142857142857,0.0004
576,0.7791939675807953,1.2941888570785522,0.6538461538461539,1.0,0.7142857142857143,0.8571428571428571,0.0004
577,0.694229781627655,1.1246792078018188,0.7692307692307693,0.9615384615384616,0.9285714285714286,0.9285714285714286,0.0004
578,0.8070276379585266,1.1237447261810303,0.6538461538461539,0.9807692307692307,0.6428571428571429,0.9285714285714286,0.0004
579,0.7102570235729218,1.5020546913146973,0.7307692307692307,0.9807692307692307,0.7142857142857143,0.8571428571428571,0.0004
580,0.4826745539903641,1.8280413150787354,0.8653846153846154,0.9807692307692307,0.7142857142857143,0.7857142857142857,0.0004
581,0.7570251822471619,1.059470295906067,0.6730769230769231,0.9615384615384616,0.9285714285714286,0.9285714285714286,0.0004
582,0.9987744092941284,1.3878512382507324,0.5769230769230769,0.9038461538461539,0.7142857142857143,0.8571428571428571,0.0004
583,0.5523312091827393,1.5738143920898438,0.8461538461538461,0.9807692307692307,0.6428571428571429,0.8571428571428571,0.0004
584,0.6297046840190887,1.6844091415405273,0.7692307692307693,0.9807692307692307,0.6428571428571429,0.7142857142857143,0.0004
585,0.6376291811466217,1.404353380203247,0.7307692307692307,0.9807692307692307,0.7142857142857143,0.8571428571428571,0.0004
586,0.6884936392307281,1.7766797542572021,0.6730769230769231,0.9423076923076923,0.6428571428571429,0.7142857142857143,0.0004
587,0.8055781424045563,1.587108850479126,0.6923076923076923,0.9423076923076923,0.6428571428571429,0.7857142857142857,0.0004
588,0.9882603883743286,1.8265998363494873,0.7692307692307693,0.9423076923076923,0.5,0.7857142857142857,0.0004
589,0.7528588771820068,2.0580058097839355,0.75,0.9615384615384616,0.6428571428571429,0.7857142857142857,0.0004
590,0.8375210464000702,1.85225510597229,0.6730769230769231,0.9230769230769231,0.6428571428571429,0.7857142857142857,0.0004
591,0.6524188816547394,0.9365601539611816,0.7692307692307693,1.0,0.9285714285714286,0.9285714285714286,0.0004
592,1.0737086534500122,1.4350876808166504,0.5961538461538461,0.9230769230769231,0.7142857142857143,0.8571428571428571,0.0004
593,1.0258794724941254,1.280212163925171,0.6923076923076923,0.9038461538461539,0.5714285714285714,0.8571428571428571,0.0004
594,0.680213063955307,1.1209690570831299,0.75,0.9615384615384616,0.7857142857142857,0.9285714285714286,0.0004
595,0.5537854433059692,1.1729373931884766,0.7692307692307693,1.0,0.9285714285714286,0.9285714285714286,0.0004
596,0.5701426267623901,1.3384636640548706,0.7884615384615384,1.0,0.6428571428571429,0.7857142857142857,0.0004
597,0.737775057554245,0.9816672801971436,0.6730769230769231,1.0,0.9285714285714286,0.9285714285714286,0.0004
598,0.7648614943027496,1.450675129890442,0.7307692307692307,0.9807692307692307,0.7142857142857143,0.8571428571428571,0.0004
599,0.478439137339592,1.112728238105774,0.8846153846153846,0.9807692307692307,0.7857142857142857,0.9285714285714286,0.0004
600,0.8411548137664795,1.6106979846954346,0.6346153846153846,0.9230769230769231,0.6428571428571429,0.9285714285714286,0.0004
601,0.866390198469162,1.3854589462280273,0.6730769230769231,0.9423076923076923,0.8571428571428571,0.8571428571428571,0.0004
602,0.909247636795044,1.0337908267974854,0.75,0.9423076923076923,0.8571428571428571,0.9285714285714286,0.0004
603,0.7615160644054413,1.0413053035736084,0.7692307692307693,0.9423076923076923,0.8571428571428571,0.9285714285714286,0.0004
604,0.8951538801193237,0.9657286405563354,0.6346153846153846,0.9423076923076923,0.7857142857142857,0.9285714285714286,0.0004
605,0.6719009280204773,0.7056236863136292,0.8076923076923077,0.9615384615384616,0.8571428571428571,0.9285714285714286,0.0004
606,0.8527143895626068,1.4444093704223633,0.7115384615384616,0.9423076923076923,0.7142857142857143,0.7857142857142857,0.0004
607,0.9092880189418793,1.937605619430542,0.6923076923076923,0.9038461538461539,0.5714285714285714,0.8571428571428571,0.0004
608,0.659991592168808,1.3336009979248047,0.6923076923076923,0.9807692307692307,0.7857142857142857,0.9285714285714286,0.0004
609,0.7554881870746613,1.0028257369995117,0.6923076923076923,0.9423076923076923,0.8571428571428571,0.9285714285714286,0.0004
610,0.6364479959011078,1.641035556793213,0.8461538461538461,0.9230769230769231,0.7142857142857143,0.7857142857142857,0.0004
611,0.7920156717300415,1.3486301898956299,0.6923076923076923,0.9423076923076923,0.7142857142857143,0.8571428571428571,0.0004
612,0.8845669627189636,1.5946236848831177,0.7115384615384616,0.8846153846153846,0.5,0.7142857142857143,0.0004
613,0.8927924335002899,1.5890170335769653,0.7115384615384616,0.9423076923076923,0.6428571428571429,0.7857142857142857,0.0004
614,0.7291737198829651,0.8224653005599976,0.7692307692307693,0.9807692307692307,0.8571428571428571,0.9285714285714286,0.0004
615,0.5798478424549103,0.6792297959327698,0.7692307692307693,1.0,0.7857142857142857,1.0,0.0004
616,0.8122420608997345,1.2122948169708252,0.6923076923076923,0.9615384615384616,0.8571428571428571,0.9285714285714286,0.0004
617,0.7256832420825958,1.6418331861495972,0.7692307692307693,0.9038461538461539,0.7142857142857143,0.8571428571428571,0.0004
618,0.6891356706619263,1.3364369869232178,0.7307692307692307,1.0,0.7857142857142857,0.8571428571428571,0.0004
619,0.6121044009923935,1.5745670795440674,0.8461538461538461,1.0,0.42857142857142855,0.7857142857142857,0.0004
620,0.6580594182014465,1.1779357194900513,0.7307692307692307,0.9807692307692307,0.7142857142857143,0.9285714285714286,0.0004
621,0.7356356978416443,1.2731602191925049,0.6730769230769231,0.9615384615384616,0.6428571428571429,0.8571428571428571,0.0004
622,0.8049488365650177,1.0939223766326904,0.7884615384615384,0.9423076923076923,0.8571428571428571,0.9285714285714286,0.0004
623,0.734391838312149,1.2147407531738281,0.7115384615384616,0.9423076923076923,0.7857142857142857,0.9285714285714286,0.0004
624,1.0365729928016663,1.285217523574829,0.6730769230769231,0.9038461538461539,0.7857142857142857,0.9285714285714286,0.0004
625,0.6687231361865997,1.1654815673828125,0.7692307692307693,0.9615384615384616,0.7857142857142857,0.8571428571428571,0.0004
626,0.7806572318077087,1.469376802444458,0.6153846153846154,0.9423076923076923,0.7142857142857143,0.8571428571428571,0.0004
627,0.7869946658611298,1.2305893898010254,0.6538461538461539,0.9423076923076923,0.7857142857142857,0.9285714285714286,0.0004
628,0.9119823575019836,1.203641653060913,0.6730769230769231,0.9230769230769231,0.7857142857142857,0.9285714285714286,0.0004
629,0.7009731233119965,2.5453054904937744,0.7115384615384616,0.9807692307692307,0.5,0.7142857142857143,0.0004
630,0.8332093954086304,1.1776220798492432,0.6923076923076923,0.9615384615384616,0.7857142857142857,0.8571428571428571,0.0004
631,0.9842944145202637,1.6032228469848633,0.6153846153846154,0.9230769230769231,0.6428571428571429,0.8571428571428571,0.0004
632,0.5698386430740356,1.222473382949829,0.7307692307692307,0.9807692307692307,0.7857142857142857,0.9285714285714286,0.0004
633,0.8529365360736847,1.059369444847107,0.6538461538461539,0.9230769230769231,0.7142857142857143,0.8571428571428571,0.0004
634,0.6580189764499664,1.4070236682891846,0.6923076923076923,0.9615384615384616,0.7142857142857143,0.8571428571428571,0.0004
635,0.7615026533603668,1.4268293380737305,0.7307692307692307,0.9615384615384616,0.7142857142857143,0.7857142857142857,0.0004
636,0.8829366564750671,1.3305559158325195,0.7692307692307693,0.9038461538461539,0.7857142857142857,0.8571428571428571,0.0004
637,0.9080230295658112,1.335722804069519,0.7115384615384616,0.9807692307692307,0.7142857142857143,0.8571428571428571,0.0004
638,0.6508737206459045,1.3621535301208496,0.8076923076923077,0.9807692307692307,0.7857142857142857,0.8571428571428571,0.0004
639,0.7985661029815674,1.734222412109375,0.5961538461538461,0.9807692307692307,0.6428571428571429,0.7857142857142857,0.0004
640,0.5870809257030487,1.2473740577697754,0.7692307692307693,0.9615384615384616,0.5714285714285714,0.9285714285714286,0.0004
641,0.5157684683799744,1.2547979354858398,0.8461538461538461,0.9615384615384616,0.6428571428571429,0.7857142857142857,0.0004
642,0.8626914024353027,1.362243890762329,0.7692307692307693,0.9423076923076923,0.7857142857142857,0.8571428571428571,0.0004
643,0.7452042102813721,1.2525076866149902,0.7884615384615384,0.9615384615384616,0.6428571428571429,0.8571428571428571,0.0004
644,0.5838330388069153,1.4906632900238037,0.7307692307692307,0.9807692307692307,0.5,0.7857142857142857,0.0004
645,0.6388381123542786,1.7879393100738525,0.7884615384615384,1.0,0.7857142857142857,0.8571428571428571,0.0004
646,0.8626551032066345,1.7945795059204102,0.6538461538461539,0.9807692307692307,0.7857142857142857,0.8571428571428571,0.0004
647,0.5841495841741562,1.4857412576675415,0.7307692307692307,0.9807692307692307,0.8571428571428571,0.8571428571428571,0.0004
648,1.0482670068740845,1.2275867462158203,0.6153846153846154,0.9230769230769231,0.7142857142857143,0.9285714285714286,0.0004
649,0.6471508741378784,1.3089470863342285,0.7884615384615384,0.9615384615384616,0.7142857142857143,0.8571428571428571,0.0004
650,0.9501423835754395,1.3343982696533203,0.6153846153846154,0.9423076923076923,0.7857142857142857,0.8571428571428571,0.0004
651,0.6929315626621246,1.2185628414154053,0.6538461538461539,0.9423076923076923,0.6428571428571429,0.8571428571428571,0.0004
652,0.724884957075119,0.9559676647186279,0.75,0.9807692307692307,0.7857142857142857,0.8571428571428571,0.0004
653,0.7545205652713776,1.18435537815094,0.7115384615384616,0.9615384615384616,0.7142857142857143,0.8571428571428571,0.0004
654,0.7263859808444977,0.9247196912765503,0.6923076923076923,0.9807692307692307,0.8571428571428571,0.9285714285714286,0.0004
655,0.8151033520698547,1.4455714225769043,0.7115384615384616,0.9615384615384616,0.5,0.7857142857142857,0.0004
656,0.7511319220066071,1.378419041633606,0.6923076923076923,0.9615384615384616,0.7857142857142857,0.9285714285714286,0.0004
657,0.699895054101944,1.8887150287628174,0.7692307692307693,0.9615384615384616,0.42857142857142855,0.7857142857142857,0.0004
658,0.7818253338336945,1.3663766384124756,0.6923076923076923,0.9615384615384616,0.7857142857142857,0.8571428571428571,0.0004
659,0.9524389505386353,1.2709908485412598,0.6346153846153846,0.9230769230769231,0.8571428571428571,0.9285714285714286,0.0004
660,0.5736285150051117,1.630553960800171,0.7307692307692307,0.9807692307692307,0.7142857142857143,0.7857142857142857,0.0004
661,0.7569835782051086,1.754390835762024,0.6538461538461539,0.9423076923076923,0.7142857142857143,0.8571428571428571,0.0004
662,0.7103969156742096,0.988795816898346,0.75,0.9615384615384616,0.8571428571428571,0.9285714285714286,0.0004
663,0.7118027359247208,1.0429677963256836,0.75,0.9615384615384616,0.8571428571428571,0.9285714285714286,0.0004
664,0.8831726610660553,1.4125570058822632,0.7115384615384616,0.9038461538461539,0.8571428571428571,0.8571428571428571,0.0004
665,0.7774123847484589,2.2203116416931152,0.7115384615384616,0.9615384615384616,0.5714285714285714,0.7142857142857143,0.0004
666,0.8377866148948669,0.8480224609375,0.7307692307692307,0.9230769230769231,0.9285714285714286,0.9285714285714286,0.0004
667,0.8255101144313812,0.9669729471206665,0.7307692307692307,0.9230769230769231,0.8571428571428571,0.9285714285714286,0.0004
668,0.7737564444541931,1.3630242347717285,0.6923076923076923,0.9615384615384616,0.7857142857142857,0.8571428571428571,0.0004
669,0.7987684905529022,1.1087009906768799,0.7115384615384616,0.9038461538461539,0.7857142857142857,0.9285714285714286,0.0004
670,1.0289111137390137,1.4725868701934814,0.6538461538461539,0.9038461538461539,0.7857142857142857,0.7857142857142857,0.0004
671,0.7500889599323273,0.8477377891540527,0.6923076923076923,0.9230769230769231,0.8571428571428571,0.9285714285714286,0.0004
672,0.6778720915317535,1.4989988803863525,0.7115384615384616,1.0,0.7142857142857143,0.9285714285714286,0.0004
673,0.7700003683567047,1.1565334796905518,0.6538461538461539,0.9807692307692307,0.9285714285714286,0.9285714285714286,0.0004
674,0.7978317737579346,1.5588297843933105,0.7115384615384616,0.9615384615384616,0.5714285714285714,0.8571428571428571,0.0004
675,0.9316951036453247,1.7113322019577026,0.7115384615384616,0.9423076923076923,0.5714285714285714,0.9285714285714286,0.0004
676,0.7508700489997864,1.2437233924865723,0.7115384615384616,0.9615384615384616,0.8571428571428571,0.8571428571428571,0.0004
677,0.6459338963031769,1.6797237396240234,0.7884615384615384,0.9807692307692307,0.7857142857142857,0.8571428571428571,0.0004
678,0.6473591923713684,1.3119370937347412,0.8076923076923077,0.9615384615384616,0.7857142857142857,0.9285714285714286,0.0004
679,0.6147546470165253,1.0513461828231812,0.7884615384615384,0.9807692307692307,0.7857142857142857,0.9285714285714286,0.0004
680,0.574708417057991,1.5222179889678955,0.7692307692307693,0.9615384615384616,0.6428571428571429,0.7857142857142857,0.0004
681,0.6670362055301666,0.7412921190261841,0.8076923076923077,0.9807692307692307,0.7857142857142857,0.9285714285714286,0.0004
682,0.8589993715286255,1.108595609664917,0.6538461538461539,0.8846153846153846,0.8571428571428571,0.8571428571428571,0.0004
683,0.5529798269271851,1.4508531093597412,0.7884615384615384,1.0,0.7857142857142857,0.7857142857142857,0.0004
684,0.768701434135437,1.8362295627593994,0.7884615384615384,0.9423076923076923,0.6428571428571429,0.7857142857142857,0.0004
685,0.5985531508922577,1.141108751296997,0.7884615384615384,0.9807692307692307,0.8571428571428571,0.9285714285714286,0.0004
686,0.7447411417961121,1.440392017364502,0.6923076923076923,0.9423076923076923,0.7142857142857143,0.9285714285714286,0.0004
687,0.7206179797649384,0.9048550128936768,0.7307692307692307,0.9423076923076923,0.8571428571428571,0.9285714285714286,0.0004
688,0.6247832179069519,1.3526229858398438,0.7884615384615384,0.9615384615384616,0.7857142857142857,0.8571428571428571,0.0004
689,0.887753427028656,1.5668014287948608,0.7692307692307693,0.9230769230769231,0.7142857142857143,0.7857142857142857,0.0004
690,0.9279385805130005,1.2353876829147339,0.7307692307692307,0.8846153846153846,0.8571428571428571,0.8571428571428571,0.0004
691,0.9334923028945923,1.3385531902313232,0.6538461538461539,0.9423076923076923,0.7857142857142857,0.7857142857142857,0.0004
692,0.7642050981521606,1.3957173824310303,0.7307692307692307,0.9807692307692307,0.6428571428571429,0.8571428571428571,0.0004
693,0.7816676199436188,1.294258952140808,0.6730769230769231,1.0,0.6428571428571429,0.8571428571428571,0.0004
694,0.6745866537094116,1.2827328443527222,0.7692307692307693,0.9615384615384616,0.8571428571428571,0.8571428571428571,0.0004
695,0.7135584056377411,1.3273580074310303,0.7307692307692307,0.9615384615384616,0.7142857142857143,0.8571428571428571,0.0004
696,0.6775771379470825,1.102539300918579,0.6923076923076923,0.9807692307692307,0.7142857142857143,0.8571428571428571,0.0004
697,0.7679239809513092,1.1304574012756348,0.75,0.9230769230769231,0.7857142857142857,0.9285714285714286,0.0004
698,0.7427302598953247,1.641920566558838,0.6923076923076923,0.9423076923076923,0.7142857142857143,0.8571428571428571,0.0004
699,0.5623960345983505,2.0150022506713867,0.8269230769230769,0.9807692307692307,0.7142857142857143,0.7857142857142857,0.0004
700,0.8001977205276489,1.184727430343628,0.6153846153846154,0.9423076923076923,0.7857142857142857,0.8571428571428571,0.0004
701,0.671197921037674,1.3696893453598022,0.75,1.0,0.7142857142857143,0.8571428571428571,0.0004
702,0.7718169093132019,2.065434455871582,0.75,0.9615384615384616,0.6428571428571429,0.8571428571428571,0.0004
703,0.7395259439945221,1.3518662452697754,0.7307692307692307,0.9615384615384616,0.7857142857142857,0.8571428571428571,0.0004
704,0.6232796907424927,1.12626314163208,0.7692307692307693,0.9807692307692307,0.9285714285714286,0.9285714285714286,0.0004
705,0.7326801419258118,1.095212697982788,0.6730769230769231,0.9615384615384616,0.8571428571428571,0.9285714285714286,0.0004
706,0.5816755294799805,1.6817193031311035,0.8076923076923077,0.9615384615384616,0.7142857142857143,0.8571428571428571,0.0004
707,0.4451139569282532,1.3091849088668823,0.8269230769230769,0.9807692307692307,0.7857142857142857,0.7857142857142857,0.0004
708,0.6286205947399139,1.4743187427520752,0.7884615384615384,0.9230769230769231,0.7142857142857143,0.7857142857142857,0.0004
709,0.5973910689353943,0.8363144397735596,0.8269230769230769,0.9807692307692307,0.8571428571428571,0.9285714285714286,0.0004
710,0.6262811720371246,1.425173044204712,0.7884615384615384,0.9807692307692307,0.7857142857142857,0.8571428571428571,0.0004
711,0.7082244753837585,1.49658203125,0.6538461538461539,0.9615384615384616,0.7857142857142857,0.8571428571428571,0.0004
712,0.6214888989925385,0.810434877872467,0.8076923076923077,1.0,1.0,0.9285714285714286,0.0004
713,0.5751592516899109,2.276273727416992,0.8076923076923077,0.9615384615384616,0.5,0.7142857142857143,0.0004
714,0.6398209631443024,1.3940720558166504,0.7307692307692307,0.9423076923076923,0.6428571428571429,0.8571428571428571,0.0004
715,0.831761509180069,1.118533730506897,0.6730769230769231,0.9423076923076923,0.7857142857142857,0.9285714285714286,0.0004
716,0.7137067317962646,1.0575990676879883,0.6730769230769231,0.9615384615384616,0.8571428571428571,0.9285714285714286,0.0004
717,0.7753170132637024,0.9941896200180054,0.75,0.9615384615384616,0.8571428571428571,0.9285714285714286,0.0004
718,0.4881991446018219,1.408869981765747,0.8653846153846154,1.0,0.7142857142857143,0.8571428571428571,0.0004
719,0.6288706660270691,1.1235195398330688,0.7884615384615384,0.9615384615384616,0.7857142857142857,0.9285714285714286,0.0004
720,0.8781891465187073,1.4191888570785522,0.7692307692307693,0.9807692307692307,0.6428571428571429,0.9285714285714286,0.0004
721,0.7973552942276001,1.4075477123260498,0.7307692307692307,0.9423076923076923,0.8571428571428571,0.9285714285714286,0.0004
722,0.619613766670227,0.9852925539016724,0.75,0.9615384615384616,0.8571428571428571,0.9285714285714286,0.0004
723,0.554181307554245,1.5767574310302734,0.8269230769230769,0.9423076923076923,0.7142857142857143,0.8571428571428571,0.0004
724,0.6971193552017212,1.2104235887527466,0.7884615384615384,0.9807692307692307,0.7142857142857143,0.9285714285714286,0.0004
725,0.6484179496765137,0.9174609184265137,0.7692307692307693,0.9807692307692307,0.8571428571428571,0.9285714285714286,0.0004
726,0.8461057543754578,1.481086254119873,0.7115384615384616,0.9230769230769231,0.7857142857142857,0.7857142857142857,0.0004
727,1.0791535675525665,2.274637222290039,0.6538461538461539,0.8846153846153846,0.6428571428571429,0.7857142857142857,0.0004
728,0.6877493262290955,1.1641044616699219,0.7307692307692307,0.9615384615384616,0.8571428571428571,0.8571428571428571,0.0004
729,0.6210591793060303,1.6174774169921875,0.7884615384615384,0.9807692307692307,0.7142857142857143,0.8571428571428571,0.0004
730,0.6744348108768463,0.779482901096344,0.7884615384615384,0.9807692307692307,0.9285714285714286,0.9285714285714286,0.0004
731,0.6566523909568787,1.6208884716033936,0.6730769230769231,0.9615384615384616,0.6428571428571429,0.8571428571428571,0.0004
732,0.5991672873497009,1.3939180374145508,0.8076923076923077,0.9615384615384616,0.8571428571428571,0.8571428571428571,0.0004
733,0.5601430684328079,1.3685219287872314,0.7884615384615384,0.9807692307692307,0.7142857142857143,0.8571428571428571,0.0004
734,0.7034242451190948,1.322266697883606,0.75,0.9807692307692307,0.7142857142857143,0.8571428571428571,0.0004
735,0.9093261361122131,1.3006067276000977,0.6346153846153846,0.9230769230769231,0.7142857142857143,0.8571428571428571,0.0004
736,0.5841050148010254,0.9363179206848145,0.75,1.0,0.7857142857142857,0.9285714285714286,0.0004
737,0.6730420291423798,1.1787385940551758,0.75,0.9615384615384616,0.7142857142857143,0.8571428571428571,0.0004
738,0.6515958309173584,1.576653003692627,0.8076923076923077,0.9423076923076923,0.7857142857142857,0.8571428571428571,0.0004
739,0.5451471358537674,1.5436205863952637,0.8461538461538461,0.9807692307692307,0.5714285714285714,0.8571428571428571,0.0004
740,0.7747423052787781,1.810551643371582,0.75,0.9423076923076923,0.6428571428571429,0.7142857142857143,0.0004
741,0.5672221481800079,1.2478902339935303,0.7692307692307693,0.9615384615384616,0.8571428571428571,0.9285714285714286,0.0004
742,0.7298770844936371,1.4325556755065918,0.75,0.9807692307692307,0.7142857142857143,0.9285714285714286,0.0004
743,0.6215916275978088,1.5525357723236084,0.7692307692307693,1.0,0.7857142857142857,0.7857142857142857,0.0004
744,0.707161158323288,1.8951990604400635,0.6346153846153846,1.0,0.6428571428571429,0.7857142857142857,0.0004
745,0.5127137005329132,1.1104590892791748,0.7884615384615384,0.9807692307692307,0.7857142857142857,0.8571428571428571,0.0004
746,0.42396126687526703,1.3564152717590332,0.8653846153846154,1.0,0.7142857142857143,0.8571428571428571,0.0004
747,0.5194942951202393,1.3313655853271484,0.8269230769230769,0.9807692307692307,0.8571428571428571,0.8571428571428571,0.0004
748,0.7343352437019348,1.8430308103561401,0.7307692307692307,0.9423076923076923,0.7142857142857143,0.7857142857142857,0.0004
749,0.6036538183689117,1.4031569957733154,0.8269230769230769,0.9423076923076923,0.7142857142857143,0.8571428571428571,0.0004
750,0.7078031897544861,1.3593909740447998,0.75,0.9807692307692307,0.7142857142857143,0.8571428571428571,0.0004
751,0.5991749465465546,1.5451178550720215,0.7307692307692307,0.9807692307692307,0.6428571428571429,0.8571428571428571,0.0004
752,0.6160906851291656,0.6899464726448059,0.7307692307692307,0.9807692307692307,0.8571428571428571,0.9285714285714286,0.0004
753,0.9370934367179871,0.8015960454940796,0.6923076923076923,0.9615384615384616,1.0,0.9285714285714286,0.0004
754,0.9516036212444305,0.8910117149353027,0.7115384615384616,0.9230769230769231,0.8571428571428571,0.9285714285714286,0.0004
755,0.8272635340690613,1.044018268585205,0.7307692307692307,0.9423076923076923,0.9285714285714286,0.9285714285714286,0.0004
756,0.6485972702503204,1.5381488800048828,0.7884615384615384,1.0,0.5714285714285714,0.9285714285714286,0.0004
757,0.7545726597309113,1.945420265197754,0.6538461538461539,0.9423076923076923,0.6428571428571429,0.8571428571428571,0.0004
758,1.0063045024871826,1.9034359455108643,0.5769230769230769,0.8653846153846154,0.6428571428571429,0.7857142857142857,0.0004
759,0.5783374011516571,1.044268250465393,0.8076923076923077,0.9615384615384616,0.8571428571428571,0.8571428571428571,0.0004
760,0.7116446495056152,1.9118239879608154,0.6923076923076923,0.9423076923076923,0.6428571428571429,0.7857142857142857,0.0004
761,0.7857998311519623,1.7657924890518188,0.6923076923076923,0.9615384615384616,0.5714285714285714,0.7857142857142857,0.0004
762,0.6946443766355515,1.5607129335403442,0.7884615384615384,0.9423076923076923,0.7857142857142857,0.8571428571428571,0.0004
763,0.6562420725822449,1.0989322662353516,0.6923076923076923,0.9807692307692307,0.8571428571428571,0.9285714285714286,0.0004
764,0.661573588848114,1.2279157638549805,0.7692307692307693,0.9807692307692307,0.7142857142857143,0.7857142857142857,0.0004
765,0.6955368220806122,1.197577714920044,0.8076923076923077,0.9423076923076923,0.7857142857142857,0.9285714285714286,0.0004
766,0.7905392646789551,1.2373167276382446,0.6730769230769231,0.9615384615384616,0.8571428571428571,0.8571428571428571,0.0004
767,0.6616456508636475,1.1653976440429688,0.7692307692307693,0.9615384615384616,0.7142857142857143,0.9285714285714286,0.0004
768,0.5620267689228058,0.9071807861328125,0.8076923076923077,1.0,0.9285714285714286,0.9285714285714286,0.0004
769,0.5445001423358917,2.117244243621826,0.75,1.0,0.6428571428571429,0.8571428571428571,0.0004
770,0.7035171985626221,1.454371690750122,0.7115384615384616,0.9615384615384616,0.7857142857142857,0.8571428571428571,0.0004
771,0.7516407370567322,1.3500792980194092,0.7884615384615384,0.9423076923076923,0.7142857142857143,0.9285714285714286,0.0004
772,0.40827251970767975,1.0536553859710693,0.8846153846153846,1.0,0.8571428571428571,0.9285714285714286,0.0004
773,0.5816198289394379,0.7985349893569946,0.8076923076923077,0.9807692307692307,0.8571428571428571,0.9285714285714286,0.0004
774,0.7726477384567261,1.4047175645828247,0.6538461538461539,0.9807692307692307,0.8571428571428571,0.7857142857142857,0.0004
775,0.6286886632442474,1.6519771814346313,0.75,1.0,0.7142857142857143,0.8571428571428571,0.0004
776,0.8617475032806396,1.2785593271255493,0.7307692307692307,0.9615384615384616,0.7857142857142857,0.8571428571428571,0.0004
777,0.6265634298324585,1.2110029458999634,0.8269230769230769,0.9615384615384616,0.8571428571428571,0.8571428571428571,0.0004
778,0.684998169541359,1.5574928522109985,0.7115384615384616,1.0,0.6428571428571429,0.9285714285714286,0.0004
779,0.6742331087589264,1.4461404085159302,0.7307692307692307,0.9615384615384616,0.5,0.7857142857142857,0.0004
780,0.7238710522651672,1.9181383848190308,0.75,0.9807692307692307,0.7142857142857143,0.8571428571428571,0.0004
781,0.6615485548973083,0.9977189302444458,0.75,0.9615384615384616,0.8571428571428571,0.9285714285714286,0.0004
782,0.7395820617675781,1.8887050151824951,0.7884615384615384,0.9038461538461539,0.7142857142857143,0.7857142857142857,0.0004
783,0.584831953048706,0.9595445394515991,0.75,0.9807692307692307,0.8571428571428571,0.9285714285714286,0.0004
784,0.628956526517868,0.8050284385681152,0.8653846153846154,0.9807692307692307,0.9285714285714286,0.8571428571428571,0.0004
785,0.8513157069683075,0.7724722623825073,0.7307692307692307,0.9230769230769231,0.8571428571428571,0.9285714285714286,0.0004
786,0.4817555248737335,1.0101292133331299,0.7692307692307693,0.9807692307692307,0.7857142857142857,0.9285714285714286,0.0004
787,0.632567435503006,1.3501677513122559,0.75,0.9807692307692307,0.8571428571428571,0.8571428571428571,0.0004
788,0.48902618885040283,1.1280001401901245,0.7884615384615384,1.0,0.8571428571428571,0.9285714285714286,0.0004
789,0.47427108883857727,1.957395076751709,0.8461538461538461,0.9807692307692307,0.7857142857142857,0.7857142857142857,0.0004
790,0.5827264040708542,1.527517318725586,0.8269230769230769,0.9615384615384616,0.6428571428571429,0.8571428571428571,0.0004
791,0.5878335535526276,1.5008457899093628,0.8076923076923077,0.9423076923076923,0.8571428571428571,0.8571428571428571,0.0004
792,0.6374349594116211,1.111707091331482,0.7884615384615384,1.0,0.7857142857142857,0.8571428571428571,0.0004
793,0.7061087489128113,0.9397449493408203,0.7115384615384616,0.9423076923076923,0.7142857142857143,0.9285714285714286,0.0004
794,0.6542271673679352,1.3327919244766235,0.7884615384615384,0.9807692307692307,0.7142857142857143,0.8571428571428571,0.0004
795,0.8811593353748322,1.039237380027771,0.7307692307692307,0.9423076923076923,0.9285714285714286,0.8571428571428571,0.0004
796,0.6077796518802643,1.4752893447875977,0.8269230769230769,0.9615384615384616,0.7857142857142857,0.8571428571428571,0.0004
797,0.4832186698913574,1.1996231079101562,0.8846153846153846,0.9807692307692307,0.7142857142857143,0.8571428571428571,0.0004
798,0.791648805141449,1.3645946979522705,0.7884615384615384,0.9230769230769231,0.7857142857142857,0.8571428571428571,0.0004
799,0.7002628743648529,1.2709665298461914,0.7692307692307693,0.9423076923076923,0.7142857142857143,0.8571428571428571,0.0004
800,0.5194019079208374,0.9925339221954346,0.8269230769230769,1.0,0.9285714285714286,0.8571428571428571,0.0004
801,0.48863494396209717,1.1122623682022095,0.7884615384615384,0.9807692307692307,0.8571428571428571,0.8571428571428571,0.0004
802,0.5341378152370453,0.9656429290771484,0.7692307692307693,0.9807692307692307,0.7857142857142857,0.9285714285714286,0.0004
803,0.7008144557476044,0.8592883348464966,0.7307692307692307,0.9423076923076923,0.8571428571428571,0.9285714285714286,0.0004
804,0.5009587407112122,0.8868153095245361,0.8076923076923077,0.9807692307692307,0.8571428571428571,0.9285714285714286,0.0004
805,0.5002048909664154,1.1475430727005005,0.8461538461538461,1.0,0.9285714285714286,0.8571428571428571,0.0004
806,0.8586896061897278,1.3283932209014893,0.7115384615384616,0.9423076923076923,0.8571428571428571,0.8571428571428571,0.0004
807,0.8501834273338318,1.0840544700622559,0.6538461538461539,0.9423076923076923,0.9285714285714286,0.9285714285714286,0.0004
808,0.576656848192215,0.9908958673477173,0.75,1.0,0.7857142857142857,0.9285714285714286,0.0004
809,0.7874717116355896,2.0731143951416016,0.75,0.9807692307692307,0.5,0.7142857142857143,0.0004
810,0.567299872636795,1.878662109375,0.7692307692307693,1.0,0.6428571428571429,0.7857142857142857,0.0004
811,0.8164604604244232,1.55928373336792,0.75,0.9230769230769231,0.7142857142857143,0.7857142857142857,0.0004
812,0.7045305371284485,1.056823968887329,0.7692307692307693,0.9615384615384616,0.7142857142857143,0.9285714285714286,0.0004
813,0.508002758026123,1.323752522468567,0.8653846153846154,0.9615384615384616,0.7142857142857143,0.8571428571428571,0.0004
814,0.7110064625740051,0.9588180184364319,0.7307692307692307,0.9807692307692307,0.8571428571428571,0.8571428571428571,0.0004
815,0.8182041645050049,1.2129669189453125,0.8461538461538461,0.9615384615384616,0.7142857142857143,0.8571428571428571,0.0004
816,0.678392767906189,0.9040459394454956,0.7692307692307693,0.9615384615384616,0.9285714285714286,0.9285714285714286,0.0004
817,0.5397321581840515,1.15407133102417,0.7692307692307693,1.0,0.7857142857142857,0.9285714285714286,0.0004
818,0.4748067706823349,1.4131073951721191,0.8269230769230769,0.9807692307692307,0.7142857142857143,0.7857142857142857,0.0004
819,0.5576185882091522,1.8781414031982422,0.7692307692307693,0.9807692307692307,0.7142857142857143,0.8571428571428571,0.0004
820,0.6951976120471954,1.688730001449585,0.7884615384615384,0.9615384615384616,0.7142857142857143,0.8571428571428571,0.0004
821,0.675163671374321,1.1321098804473877,0.7692307692307693,0.9615384615384616,0.9285714285714286,0.9285714285714286,0.0004
822,0.7584776878356934,1.0934879779815674,0.7884615384615384,0.9615384615384616,0.7142857142857143,0.9285714285714286,0.0004
823,0.4173036515712738,1.4798612594604492,0.8653846153846154,0.9807692307692307,0.7142857142857143,0.9285714285714286,0.0004
824,0.45605404675006866,1.0860872268676758,0.8269230769230769,1.0,0.7857142857142857,0.9285714285714286,0.0004
825,0.5176661312580109,1.820397138595581,0.8076923076923077,1.0,0.7857142857142857,0.8571428571428571,0.0004
826,0.8480270206928253,1.5609700679779053,0.7115384615384616,0.9423076923076923,0.7142857142857143,0.9285714285714286,0.0004
827,0.6445223987102509,1.4908456802368164,0.75,0.9807692307692307,0.6428571428571429,0.9285714285714286,0.0004
828,0.9209468960762024,1.7372914552688599,0.6538461538461539,0.9230769230769231,0.5714285714285714,0.8571428571428571,0.0004
829,0.84659144282341,1.4355030059814453,0.7307692307692307,0.9807692307692307,0.6428571428571429,0.8571428571428571,0.0004
830,0.6196190118789673,1.7911856174468994,0.7307692307692307,0.9615384615384616,0.7142857142857143,0.8571428571428571,0.0004
831,0.5337439775466919,1.3499822616577148,0.8269230769230769,0.9423076923076923,0.7857142857142857,0.8571428571428571,0.0004
832,0.6646609306335449,1.367856502532959,0.75,0.9423076923076923,0.6428571428571429,0.9285714285714286,0.0004
833,0.6424556970596313,1.0186551809310913,0.8076923076923077,0.9615384615384616,0.8571428571428571,0.9285714285714286,0.0004
834,0.7631469070911407,1.4434688091278076,0.7115384615384616,0.9807692307692307,0.7857142857142857,0.8571428571428571,0.0004
835,0.7651552855968475,1.4840056896209717,0.7692307692307693,0.9423076923076923,0.7142857142857143,0.8571428571428571,0.0004
836,0.7355605959892273,1.5282702445983887,0.6923076923076923,0.9423076923076923,0.5,0.9285714285714286,0.0004
837,0.517496719956398,0.99675452709198,0.7884615384615384,1.0,0.9285714285714286,0.9285714285714286,0.0004
838,0.7061910331249237,1.9049644470214844,0.7115384615384616,0.9615384615384616,0.6428571428571429,0.8571428571428571,0.0004
839,0.5010397881269455,1.856438398361206,0.9038461538461539,0.9807692307692307,0.7142857142857143,0.8571428571428571,0.0004
840,0.622673898935318,1.7125681638717651,0.7884615384615384,0.9807692307692307,0.6428571428571429,0.8571428571428571,0.0004
841,0.5589115470647812,1.4460822343826294,0.7692307692307693,0.9807692307692307,0.7857142857142857,0.9285714285714286,0.0004
842,0.7579020857810974,1.5175080299377441,0.7115384615384616,0.9615384615384616,0.7142857142857143,0.8571428571428571,0.0004
843,0.6147502958774567,1.2727911472320557,0.8076923076923077,0.9230769230769231,0.7857142857142857,0.9285714285714286,0.0004
844,0.7057024240493774,1.2727363109588623,0.7884615384615384,0.9038461538461539,0.7857142857142857,0.7857142857142857,0.0004
845,0.720820277929306,1.2007198333740234,0.6730769230769231,0.9615384615384616,0.7857142857142857,0.8571428571428571,0.0004
846,0.7966299951076508,1.3042001724243164,0.6923076923076923,0.9230769230769231,0.7142857142857143,0.7857142857142857,0.0004
847,0.8052497506141663,1.1939349174499512,0.7307692307692307,0.9423076923076923,0.8571428571428571,0.9285714285714286,0.0004
848,0.4648699313402176,1.0614359378814697,0.8269230769230769,0.9807692307692307,0.7857142857142857,0.9285714285714286,0.0004
849,0.6697540283203125,1.2807033061981201,0.7307692307692307,1.0,0.7857142857142857,0.9285714285714286,0.0004
850,0.9603766649961472,1.0559873580932617,0.6346153846153846,0.9615384615384616,0.7857142857142857,0.9285714285714286,0.0004
851,0.724642276763916,1.3177721500396729,0.75,0.9807692307692307,0.7857142857142857,0.8571428571428571,0.0004
852,0.7540381550788879,1.658271312713623,0.7307692307692307,0.9615384615384616,0.6428571428571429,0.8571428571428571,0.0004
853,0.5840053856372833,2.4108543395996094,0.7884615384615384,0.9615384615384616,0.5,0.6428571428571429,0.0004
854,0.7414841651916504,1.4317572116851807,0.7115384615384616,1.0,0.7142857142857143,0.8571428571428571,0.0004
855,0.5302572548389435,1.11960768699646,0.7884615384615384,0.9807692307692307,0.9285714285714286,0.9285714285714286,0.0004
856,0.6713163256645203,1.2753040790557861,0.7115384615384616,0.9615384615384616,0.7142857142857143,0.8571428571428571,0.0004
857,0.6688860952854156,1.5644006729125977,0.8076923076923077,0.9230769230769231,0.7142857142857143,0.8571428571428571,0.0004
858,0.6685093641281128,0.9477518796920776,0.75,0.9615384615384616,0.8571428571428571,0.9285714285714286,0.0004
859,0.5183477103710175,0.8924969434738159,0.8076923076923077,0.9807692307692307,0.7142857142857143,0.8571428571428571,0.0004
860,0.7585754096508026,1.538832426071167,0.7692307692307693,0.9423076923076923,0.6428571428571429,0.8571428571428571,0.0004
861,0.5794463753700256,1.2707998752593994,0.7692307692307693,0.9807692307692307,0.7142857142857143,0.9285714285714286,0.0004
862,0.9712871015071869,1.5952255725860596,0.6923076923076923,0.9038461538461539,0.7142857142857143,0.9285714285714286,0.0004
863,0.6358921825885773,1.5873982906341553,0.8076923076923077,0.9615384615384616,0.8571428571428571,0.8571428571428571,0.0004
864,0.6598294079303741,1.5113065242767334,0.7884615384615384,0.9807692307692307,0.7857142857142857,0.8571428571428571,0.0004
865,0.6161755323410034,1.6010220050811768,0.7884615384615384,0.9807692307692307,0.5714285714285714,0.7857142857142857,0.0004
866,0.5871750712394714,1.285813331604004,0.7884615384615384,0.9615384615384616,0.7857142857142857,0.8571428571428571,0.0004
867,0.6324222981929779,1.4317325353622437,0.7307692307692307,0.9615384615384616,0.8571428571428571,0.9285714285714286,0.0004
868,0.7990152835845947,1.6152018308639526,0.6538461538461539,0.9423076923076923,0.6428571428571429,0.8571428571428571,0.0004
869,0.5833522379398346,0.8687176704406738,0.8269230769230769,0.9423076923076923,0.9285714285714286,0.9285714285714286,0.0004
870,0.557027280330658,0.8474488258361816,0.8076923076923077,0.9807692307692307,0.8571428571428571,0.9285714285714286,0.0004
871,0.6332710385322571,1.4581290483474731,0.7692307692307693,0.9807692307692307,0.6428571428571429,0.8571428571428571,0.0004
872,0.6593130528926849,1.4941335916519165,0.7692307692307693,0.9615384615384616,0.9285714285714286,0.8571428571428571,0.0004
873,0.7869972884654999,1.089695930480957,0.6730769230769231,0.9807692307692307,0.8571428571428571,0.9285714285714286,0.0004
874,0.800955593585968,0.8998703956604004,0.7115384615384616,0.9615384615384616,0.7857142857142857,0.9285714285714286,0.0004
875,0.7749104201793671,1.127264380455017,0.6538461538461539,0.9615384615384616,0.7857142857142857,0.8571428571428571,0.0004
876,0.961256742477417,0.9163961410522461,0.6923076923076923,0.9615384615384616,0.9285714285714286,0.9285714285714286,0.0004
877,0.5067437291145325,1.5309940576553345,0.75,1.0,0.7142857142857143,0.9285714285714286,0.0004
878,0.8839855492115021,1.517329454421997,0.75,0.9423076923076923,0.6428571428571429,0.8571428571428571,0.0004
879,0.4529883861541748,1.1909284591674805,0.8653846153846154,1.0,0.7857142857142857,0.8571428571428571,0.0004
880,0.46557165682315826,1.6122028827667236,0.8653846153846154,1.0,0.5714285714285714,0.8571428571428571,0.0004
881,0.8415014743804932,2.121596336364746,0.6346153846153846,0.9230769230769231,0.7142857142857143,0.8571428571428571,0.0004
882,0.44799530506134033,1.5853605270385742,0.8461538461538461,0.9807692307692307,0.7142857142857143,0.9285714285714286,0.0004
883,0.8980817496776581,1.2873258590698242,0.6923076923076923,0.9230769230769231,0.7857142857142857,0.9285714285714286,0.0004
884,0.722630500793457,1.038114309310913,0.7115384615384616,0.9807692307692307,0.9285714285714286,0.9285714285714286,0.0004
885,0.7932511866092682,2.075800895690918,0.75,0.9615384615384616,0.6428571428571429,0.7857142857142857,0.0004
886,0.6009661704301834,1.563037633895874,0.7884615384615384,0.9807692307692307,0.6428571428571429,0.9285714285714286,0.0004
887,0.7069772779941559,1.1313393115997314,0.7115384615384616,0.9807692307692307,0.8571428571428571,0.9285714285714286,0.0004
888,0.8579128980636597,1.104069709777832,0.7307692307692307,0.9038461538461539,0.8571428571428571,0.8571428571428571,0.0004
889,0.6182336509227753,1.7272520065307617,0.7884615384615384,0.9423076923076923,0.7142857142857143,0.7857142857142857,0.0004
890,0.6931520700454712,1.3419543504714966,0.75,0.9615384615384616,0.6428571428571429,0.9285714285714286,0.0004
891,0.6720091998577118,1.694381594657898,0.75,0.9230769230769231,0.42857142857142855,0.7857142857142857,0.0004
892,0.752051442861557,1.1949522495269775,0.6923076923076923,0.9423076923076923,0.5714285714285714,0.8571428571428571,0.0004
893,0.654313862323761,1.2602365016937256,0.6923076923076923,0.9807692307692307,0.7857142857142857,0.8571428571428571,0.0004
894,0.506287232041359,1.3505499362945557,0.8076923076923077,1.0,0.5,0.9285714285714286,0.0004
895,0.5039638131856918,2.1963062286376953,0.7692307692307693,1.0,0.42857142857142855,0.7142857142857143,0.0004
896,0.8942030072212219,2.686011552810669,0.6923076923076923,0.9230769230769231,0.5,0.7142857142857143,0.0004
897,0.8746390342712402,1.6471940279006958,0.6538461538461539,0.9807692307692307,0.7857142857142857,0.8571428571428571,0.0004
898,0.6502626836299896,1.560455560684204,0.7692307692307693,0.9615384615384616,0.5714285714285714,0.7142857142857143,0.0004
899,0.929458498954773,1.1213419437408447,0.7115384615384616,0.9615384615384616,0.8571428571428571,0.9285714285714286,0.0004
900,0.8968774676322937,1.3743523359298706,0.75,0.9230769230769231,0.7857142857142857,0.8571428571428571,0.0004
901,0.9945637583732605,1.1798087358474731,0.7307692307692307,0.9230769230769231,0.7857142857142857,0.9285714285714286,0.0004
902,0.7929434776306152,1.0579698085784912,0.6538461538461539,0.9615384615384616,0.7857142857142857,0.9285714285714286,0.0004
903,0.699063628911972,1.989736795425415,0.7307692307692307,0.9615384615384616,0.6428571428571429,0.9285714285714286,0.0004
904,0.7090003490447998,1.0512570142745972,0.6923076923076923,0.9423076923076923,0.9285714285714286,0.9285714285714286,0.0004
905,0.48345623910427094,1.6842116117477417,0.7884615384615384,1.0,0.6428571428571429,0.8571428571428571,0.0004
906,0.6360399425029755,1.6344362497329712,0.7307692307692307,1.0,0.7142857142857143,0.8571428571428571,0.0004
907,0.5604778230190277,1.7640602588653564,0.7307692307692307,0.9807692307692307,0.6428571428571429,0.8571428571428571,0.0004
908,0.5759150087833405,2.057562828063965,0.7692307692307693,1.0,0.7142857142857143,0.8571428571428571,0.0004
909,0.9468804597854614,1.8595011234283447,0.6730769230769231,0.9038461538461539,0.7142857142857143,0.8571428571428571,0.0004
910,0.9376004636287689,1.8828787803649902,0.6730769230769231,0.9038461538461539,0.7142857142857143,0.8571428571428571,0.0004
911,0.9345865696668625,1.5110375881195068,0.6923076923076923,0.9423076923076923,0.5714285714285714,0.8571428571428571,0.0004
912,0.7440155148506165,1.218979835510254,0.7307692307692307,0.9615384615384616,0.6428571428571429,0.9285714285714286,0.0004
913,0.7215200960636139,1.63419771194458,0.75,0.9615384615384616,0.6428571428571429,0.9285714285714286,0.0004
914,0.9410065710544586,1.4669803380966187,0.6923076923076923,0.8653846153846154,0.6428571428571429,0.8571428571428571,0.0004
915,0.5963075160980225,1.5366389751434326,0.7884615384615384,0.9615384615384616,0.6428571428571429,0.8571428571428571,0.0004
916,0.77546626329422,1.8294445276260376,0.6730769230769231,0.8653846153846154,0.5714285714285714,0.7857142857142857,0.0004
917,0.8910860419273376,1.7975729703903198,0.6730769230769231,0.9423076923076923,0.7142857142857143,0.7857142857142857,0.0004
918,0.6232458651065826,1.0806691646575928,0.7884615384615384,0.9807692307692307,0.8571428571428571,0.9285714285714286,0.0004
919,0.6858963668346405,1.0653958320617676,0.7884615384615384,0.9807692307692307,0.8571428571428571,0.9285714285714286,0.0004
920,0.9231850802898407,1.4230000972747803,0.6730769230769231,0.9230769230769231,0.6428571428571429,0.8571428571428571,0.0004
921,0.8354182243347168,1.0913290977478027,0.7115384615384616,0.9423076923076923,0.7857142857142857,0.9285714285714286,0.0004
922,0.7797209322452545,0.9953905940055847,0.7307692307692307,0.9615384615384616,0.7857142857142857,0.9285714285714286,0.0004
923,0.5965605080127716,1.5024096965789795,0.7692307692307693,0.9615384615384616,0.6428571428571429,0.7857142857142857,0.0004
924,0.7099077999591827,1.3509622812271118,0.7307692307692307,0.9230769230769231,0.6428571428571429,0.8571428571428571,0.0004
925,0.5124352425336838,1.3886404037475586,0.8461538461538461,1.0,0.6428571428571429,0.9285714285714286,0.0004
926,0.5756900906562805,1.4423656463623047,0.7307692307692307,0.9807692307692307,0.7857142857142857,0.9285714285714286,0.0004
927,0.6247029602527618,1.2437424659729004,0.7692307692307693,1.0,0.9285714285714286,0.9285714285714286,0.0004
928,0.737987756729126,1.279853343963623,0.75,0.9423076923076923,0.7142857142857143,0.9285714285714286,0.0004
929,0.5883913040161133,1.3433942794799805,0.7884615384615384,0.9807692307692307,0.7142857142857143,0.9285714285714286,0.0004
930,0.6087398529052734,1.3389410972595215,0.75,0.9807692307692307,0.7142857142857143,0.8571428571428571,0.0004
931,0.7359760403633118,1.6083476543426514,0.7115384615384616,0.9615384615384616,0.5714285714285714,0.7857142857142857,0.0004
932,0.8083773553371429,1.6631433963775635,0.6923076923076923,0.9230769230769231,0.7142857142857143,0.8571428571428571,0.0004
933,0.7305709719657898,1.2873528003692627,0.7884615384615384,0.9423076923076923,0.7857142857142857,0.9285714285714286,0.0004
934,0.5623451769351959,1.0851842164993286,0.7692307692307693,0.9807692307692307,0.8571428571428571,0.9285714285714286,0.0004
935,0.584505021572113,1.641618251800537,0.7692307692307693,0.9807692307692307,0.8571428571428571,0.7857142857142857,0.0004
936,0.6877254545688629,2.206317901611328,0.7884615384615384,0.9807692307692307,0.6428571428571429,0.7142857142857143,0.0004
937,0.7692365050315857,1.110839605331421,0.7307692307692307,0.9230769230769231,0.7857142857142857,0.8571428571428571,0.0004
938,0.554196909070015,1.3152966499328613,0.7692307692307693,1.0,0.8571428571428571,0.8571428571428571,0.0004
939,0.5298183858394623,1.1029036045074463,0.8269230769230769,0.9807692307692307,0.8571428571428571,0.9285714285714286,0.0004
940,0.6342494487762451,1.4116580486297607,0.8269230769230769,0.9615384615384616,0.7142857142857143,0.9285714285714286,0.0004
941,0.700118899345398,1.3690240383148193,0.7884615384615384,0.9807692307692307,0.7857142857142857,0.8571428571428571,0.0004
942,0.6785851120948792,1.4526214599609375,0.75,0.9423076923076923,0.7142857142857143,0.9285714285714286,0.0004
943,0.4008569270372391,1.7544870376586914,0.8653846153846154,1.0,0.7142857142857143,0.8571428571428571,0.0004
944,0.5871759951114655,1.5060553550720215,0.8076923076923077,1.0,0.7142857142857143,0.8571428571428571,0.0004
945,0.8288404047489166,1.062616229057312,0.7115384615384616,0.9615384615384616,0.8571428571428571,0.8571428571428571,0.0004
946,0.7422135770320892,1.6374242305755615,0.7307692307692307,0.9230769230769231,0.7142857142857143,0.7857142857142857,0.0004
947,0.5186447352170944,1.2015659809112549,0.8269230769230769,0.9807692307692307,0.7142857142857143,0.8571428571428571,0.0004
948,0.8255982995033264,0.8815633058547974,0.75,0.9615384615384616,0.8571428571428571,0.9285714285714286,0.0004
949,0.5396132469177246,1.0132901668548584,0.7884615384615384,0.9615384615384616,0.9285714285714286,0.9285714285714286,0.0004
950,0.561592310667038,1.021517038345337,0.8653846153846154,0.9423076923076923,0.7857142857142857,0.9285714285714286,0.0004
951,0.5518765449523926,1.5306262969970703,0.7692307692307693,0.9615384615384616,0.7857142857142857,0.8571428571428571,0.0004
952,0.5475496351718903,1.0129603147506714,0.8076923076923077,0.9615384615384616,0.9285714285714286,0.9285714285714286,0.0004
953,0.4849871098995209,1.4026257991790771,0.8269230769230769,0.9807692307692307,0.7857142857142857,0.7857142857142857,0.0004
954,0.5862902849912643,1.3018568754196167,0.8269230769230769,0.9615384615384616,0.8571428571428571,0.9285714285714286,0.0004
955,0.5299955755472183,1.5808452367782593,0.8076923076923077,0.9807692307692307,0.7142857142857143,0.8571428571428571,0.0004
956,1.1722700893878937,0.657231330871582,0.6730769230769231,0.8846153846153846,0.7857142857142857,0.9285714285714286,0.0004
957,0.8933351933956146,0.9159509539604187,0.75,0.9423076923076923,0.9285714285714286,0.9285714285714286,0.0004
958,0.8529089391231537,1.0760256052017212,0.7692307692307693,0.9038461538461539,0.8571428571428571,0.9285714285714286,0.0004
959,0.5873231291770935,1.5164246559143066,0.8076923076923077,0.9807692307692307,0.7142857142857143,0.9285714285714286,0.0004
960,0.5739984810352325,1.453933596611023,0.7692307692307693,0.9807692307692307,0.7142857142857143,0.8571428571428571,0.0004
961,0.8076033294200897,0.8888193368911743,0.7115384615384616,0.9423076923076923,0.9285714285714286,0.9285714285714286,0.0004
962,0.535170778632164,1.8098424673080444,0.7692307692307693,0.9807692307692307,0.5,0.7857142857142857,0.0004
963,0.7012610137462616,1.0446245670318604,0.7884615384615384,0.9615384615384616,0.9285714285714286,0.9285714285714286,0.0004
964,0.6001817286014557,1.0502393245697021,0.7692307692307693,0.9807692307692307,0.7142857142857143,0.9285714285714286,0.0004
965,0.7196354568004608,1.2381305694580078,0.7692307692307693,0.9230769230769231,0.7142857142857143,0.8571428571428571,0.0004
966,0.5819127857685089,1.4771299362182617,0.7884615384615384,0.9807692307692307,0.7857142857142857,0.9285714285714286,0.0004
967,0.708813488483429,1.3549292087554932,0.7692307692307693,0.9423076923076923,0.7142857142857143,0.7857142857142857,0.0004
968,0.8018818199634552,0.873336136341095,0.7307692307692307,0.9423076923076923,1.0,0.9285714285714286,0.0004
969,0.8614792227745056,1.5161843299865723,0.6923076923076923,0.9615384615384616,0.6428571428571429,0.7857142857142857,0.0004
970,0.6379114091396332,1.0171436071395874,0.7307692307692307,0.9230769230769231,0.8571428571428571,0.9285714285714286,0.0004
971,0.7880193889141083,1.613489031791687,0.7692307692307693,0.9423076923076923,0.6428571428571429,0.8571428571428571,0.0004
972,0.849746435880661,1.2916932106018066,0.6923076923076923,0.9230769230769231,0.7142857142857143,0.8571428571428571,0.0004
973,0.61168172955513,0.8110549449920654,0.75,0.9807692307692307,1.0,0.9285714285714286,0.0004
974,0.5375289916992188,1.432843804359436,0.8076923076923077,1.0,0.7142857142857143,0.8571428571428571,0.0004
975,0.7943087518215179,1.2274744510650635,0.7115384615384616,0.9423076923076923,0.7857142857142857,0.8571428571428571,0.0004
976,0.8843558132648468,1.0733778476715088,0.6538461538461539,0.9230769230769231,0.8571428571428571,0.8571428571428571,0.0004
977,0.7681242823600769,1.4460625648498535,0.8076923076923077,0.9230769230769231,0.7142857142857143,0.8571428571428571,0.0004
978,0.6745163202285767,1.0982388257980347,0.75,0.9230769230769231,0.9285714285714286,0.9285714285714286,0.0004
979,0.7970348000526428,1.224013090133667,0.6923076923076923,0.9615384615384616,0.7142857142857143,0.9285714285714286,0.0004
980,0.7886650860309601,1.880286693572998,0.7115384615384616,0.9230769230769231,0.5714285714285714,0.8571428571428571,0.0004
981,0.7765278518199921,1.2390308380126953,0.75,0.9230769230769231,0.8571428571428571,0.9285714285714286,0.0004
982,0.5614163428544998,1.1858253479003906,0.8076923076923077,1.0,0.7857142857142857,0.8571428571428571,0.0004
983,0.6554684638977051,1.3151147365570068,0.7115384615384616,0.9807692307692307,0.8571428571428571,0.8571428571428571,0.0004
984,0.9247481822967529,1.364643931388855,0.6730769230769231,0.9423076923076923,0.7142857142857143,0.8571428571428571,0.0004
985,0.676175594329834,1.1862927675247192,0.8076923076923077,0.9807692307692307,0.8571428571428571,0.9285714285714286,0.0004
986,0.8531561493873596,1.352840542793274,0.6923076923076923,0.9038461538461539,0.7142857142857143,0.9285714285714286,0.0004
987,0.8110451102256775,1.3498326539993286,0.75,0.9615384615384616,0.8571428571428571,0.8571428571428571,0.0004
988,0.8413606584072113,1.4573450088500977,0.6923076923076923,0.9230769230769231,0.8571428571428571,0.7857142857142857,0.0004
989,0.5327397733926773,1.218839406967163,0.8076923076923077,0.9615384615384616,0.6428571428571429,0.8571428571428571,0.0004
990,0.7138262391090393,0.985170841217041,0.7307692307692307,0.9615384615384616,0.9285714285714286,0.9285714285714286,0.0004
991,0.7905896008014679,1.4227333068847656,0.6730769230769231,0.9230769230769231,0.7142857142857143,0.9285714285714286,0.0004
992,0.8703225255012512,1.0644843578338623,0.6346153846153846,0.8653846153846154,0.7142857142857143,0.9285714285714286,0.0004
993,0.7960320711135864,1.3060739040374756,0.7115384615384616,0.9423076923076923,0.7142857142857143,0.8571428571428571,0.0004
994,0.9408503770828247,1.4192191362380981,0.7115384615384616,0.9615384615384616,0.7142857142857143,0.7857142857142857,0.0004
995,0.7431289851665497,0.8679049015045166,0.6730769230769231,0.9615384615384616,0.8571428571428571,0.9285714285714286,0.0004
996,0.8251335620880127,1.7918803691864014,0.75,0.9038461538461539,0.5,0.7857142857142857,0.0004
997,0.7040793895721436,0.9483428001403809,0.8076923076923077,0.9615384615384616,0.9285714285714286,0.9285714285714286,0.0004
998,0.7472408413887024,1.7003940343856812,0.7115384615384616,0.9230769230769231,0.6428571428571429,0.8571428571428571,0.0004
999,0.6309958100318909,1.5511016845703125,0.6923076923076923,0.9807692307692307,0.7857142857142857,0.9285714285714286,0.0004
1000,0.6898620426654816,1.700821876525879,0.75,0.9807692307692307,0.5714285714285714,0.8571428571428571,0.0004
