epoch,train_loss,val_loss,train_acc_action,train_acc_status,val_acc_action,val_acc_status,learning_rate
1,1.8128656148910522,1.7988063097000122,0.3076923076923077,0.17307692307692307,0.42857142857142855,0.14285714285714285,0.0004
2,1.798037588596344,1.7830805778503418,0.3076923076923077,0.3269230769230769,0.42857142857142855,0.8571428571428571,0.0004
3,1.7791929841041565,1.7668724060058594,0.36538461538461536,0.8269230769230769,0.21428571428571427,0.8571428571428571,0.0004
4,1.7596029043197632,1.7487525939941406,0.36538461538461536,0.8269230769230769,0.21428571428571427,0.8571428571428571,0.0004
5,1.729882836341858,1.7281866073608398,0.36538461538461536,0.8269230769230769,0.21428571428571427,0.8571428571428571,0.0004
6,1.7224043607711792,1.705338954925537,0.36538461538461536,0.8269230769230769,0.21428571428571427,0.8571428571428571,0.0004
7,1.6671531200408936,1.6757782697677612,0.36538461538461536,0.8269230769230769,0.21428571428571427,0.8571428571428571,0.0004
8,1.6320962309837341,1.6441631317138672,0.36538461538461536,0.8269230769230769,0.2857142857142857,0.8571428571428571,0.0004
9,1.6267923712730408,1.5963866710662842,0.36538461538461536,0.8269230769230769,0.14285714285714285,0.8571428571428571,0.0004
10,1.595854640007019,1.5736817121505737,0.4230769230769231,0.8269230769230769,0.14285714285714285,0.8571428571428571,0.0004
11,1.4938170909881592,1.562220811843872,0.40384615384615385,0.8269230769230769,0.21428571428571427,0.8571428571428571,0.0004
12,1.503894567489624,1.570824146270752,0.40384615384615385,0.8269230769230769,0.35714285714285715,0.8571428571428571,0.0004
13,1.5219792127609253,1.5747560262680054,0.4230769230769231,0.8269230769230769,0.14285714285714285,0.8571428571428571,0.0004
14,1.4434300661087036,1.5361111164093018,0.38461538461538464,0.8269230769230769,0.2857142857142857,0.8571428571428571,0.0004
15,1.524597704410553,1.5150474309921265,0.38461538461538464,0.8269230769230769,0.2857142857142857,0.8571428571428571,0.0004
16,1.5482261776924133,1.5662996768951416,0.4423076923076923,0.8269230769230769,0.42857142857142855,0.8571428571428571,0.0004
17,1.5234838128089905,1.626896858215332,0.5,0.8269230769230769,0.5714285714285714,0.8571428571428571,0.0004
18,1.469196617603302,1.5176677703857422,0.5192307692307693,0.8269230769230769,0.5,0.8571428571428571,0.0004
19,1.4903023838996887,1.5375982522964478,0.46153846153846156,0.8269230769230769,0.5,0.8571428571428571,0.0004
20,1.4789646863937378,1.5384576320648193,0.5192307692307693,0.8269230769230769,0.42857142857142855,0.8571428571428571,0.0004
21,1.420037031173706,1.4362478256225586,0.5,0.8269230769230769,0.5,0.8571428571428571,0.0004
22,1.4537410140037537,1.7425715923309326,0.5,0.8269230769230769,0.5714285714285714,0.8571428571428571,0.0004
23,1.4930267333984375,1.511751651763916,0.5576923076923077,0.8269230769230769,0.5714285714285714,0.8571428571428571,0.0004
24,1.4942760467529297,1.36477792263031,0.46153846153846156,0.8269230769230769,0.6428571428571429,0.8571428571428571,0.0004
25,1.4306768774986267,1.4202337265014648,0.5,0.8269230769230769,0.5714285714285714,0.8571428571428571,0.0004
26,1.4007558822631836,1.523965835571289,0.5769230769230769,0.8269230769230769,0.5,0.8571428571428571,0.0004
27,1.4034355878829956,1.3815319538116455,0.5384615384615384,0.8269230769230769,0.5714285714285714,0.8571428571428571,0.0004
28,1.2914161682128906,1.376604676246643,0.5576923076923077,0.8269230769230769,0.6428571428571429,0.8571428571428571,0.0004
29,1.3218330144882202,1.4215669631958008,0.4807692307692308,0.8269230769230769,0.5714285714285714,0.8571428571428571,0.0004
30,1.196712851524353,1.5460811853408813,0.6346153846153846,0.8269230769230769,0.5,0.8571428571428571,0.0004
31,1.4220967292785645,1.3126922845840454,0.5192307692307693,0.8269230769230769,0.6428571428571429,0.8571428571428571,0.0004
32,1.3400849103927612,1.3342161178588867,0.5384615384615384,0.8269230769230769,0.5714285714285714,0.8571428571428571,0.0004
33,1.2834089994430542,1.6365950107574463,0.5769230769230769,0.8269230769230769,0.5,0.8571428571428571,0.0004
34,1.2430388927459717,1.7433271408081055,0.6153846153846154,0.8269230769230769,0.35714285714285715,0.8571428571428571,0.0004
35,1.3592947125434875,1.2439147233963013,0.5,0.8269230769230769,0.7142857142857143,0.8571428571428571,0.0004
36,1.2421135902404785,1.2517365217208862,0.5384615384615384,0.8269230769230769,0.7857142857142857,0.8571428571428571,0.0004
37,1.2555404901504517,1.5798765420913696,0.6153846153846154,0.8269230769230769,0.5714285714285714,0.8571428571428571,0.0004
38,1.442310392856598,1.4663792848587036,0.5192307692307693,0.8269230769230769,0.5714285714285714,0.8571428571428571,0.0004
39,1.2570480704307556,1.2206177711486816,0.5961538461538461,0.8269230769230769,0.7142857142857143,0.8571428571428571,0.0004
40,1.25110524892807,1.1290760040283203,0.5961538461538461,0.8269230769230769,0.6428571428571429,0.8571428571428571,0.0004
41,1.275904655456543,1.0755650997161865,0.5769230769230769,0.8269230769230769,0.8571428571428571,0.8571428571428571,0.0004
42,1.1801011562347412,1.2889437675476074,0.5769230769230769,0.8269230769230769,0.5714285714285714,0.8571428571428571,0.0004
43,1.2291401028633118,1.4820672273635864,0.5384615384615384,0.8269230769230769,0.6428571428571429,0.8571428571428571,0.0004
44,1.3358071446418762,1.321415901184082,0.46153846153846156,0.8269230769230769,0.5714285714285714,0.8571428571428571,0.0004
45,1.2818930745124817,1.1123378276824951,0.5576923076923077,0.8269230769230769,0.7857142857142857,0.8571428571428571,0.0004
46,1.2220190167427063,1.072231411933899,0.6538461538461539,0.8269230769230769,0.7857142857142857,0.8571428571428571,0.0004
47,1.1529237627983093,1.1567901372909546,0.5961538461538461,0.8269230769230769,0.6428571428571429,0.8571428571428571,0.0004
48,1.306129515171051,1.3255770206451416,0.6153846153846154,0.8269230769230769,0.5714285714285714,0.8571428571428571,0.0004
49,1.198255479335785,1.3665540218353271,0.5961538461538461,0.8269230769230769,0.5714285714285714,0.8571428571428571,0.0004
50,1.0556264817714691,1.5372898578643799,0.6923076923076923,0.8269230769230769,0.5,0.8571428571428571,0.0004
51,1.1949611902236938,1.4066002368927002,0.5384615384615384,0.8269230769230769,0.5714285714285714,0.8571428571428571,0.0004
52,1.2955731749534607,1.55906081199646,0.6153846153846154,0.8269230769230769,0.6428571428571429,0.8571428571428571,0.0004
53,1.4217913746833801,1.2953718900680542,0.5576923076923077,0.8269230769230769,0.6428571428571429,0.8571428571428571,0.0004
54,1.242311418056488,1.716585636138916,0.6153846153846154,0.8269230769230769,0.42857142857142855,0.8571428571428571,0.0004
55,1.2893797755241394,2.0492148399353027,0.6346153846153846,0.8269230769230769,0.42857142857142855,0.8571428571428571,0.0004
56,1.1591033339500427,1.0460466146469116,0.6730769230769231,0.8269230769230769,0.8571428571428571,0.8571428571428571,0.0004
57,1.2044859528541565,1.2342913150787354,0.6153846153846154,0.8269230769230769,0.6428571428571429,0.8571428571428571,0.0004
58,1.18883615732193,1.056733250617981,0.6538461538461539,0.8269230769230769,0.8571428571428571,0.8571428571428571,0.0004
59,1.1304960250854492,1.529578685760498,0.5576923076923077,0.8269230769230769,0.7142857142857143,0.8571428571428571,0.0004
60,1.1885750889778137,1.3123329877853394,0.5769230769230769,0.8269230769230769,0.6428571428571429,0.8571428571428571,0.0004
61,1.2249808311462402,0.9542701840400696,0.5961538461538461,0.8269230769230769,0.8571428571428571,0.8571428571428571,0.0004
62,1.1705725193023682,1.5027709007263184,0.5961538461538461,0.8269230769230769,0.5714285714285714,0.8571428571428571,0.0004
63,1.2286542057991028,0.8960927724838257,0.6346153846153846,0.8269230769230769,0.9285714285714286,0.8571428571428571,0.0004
64,1.079293668270111,1.4442808628082275,0.6346153846153846,0.8269230769230769,0.5714285714285714,0.8571428571428571,0.0004
65,1.0507527589797974,1.0796425342559814,0.5769230769230769,0.8269230769230769,0.7142857142857143,0.8571428571428571,0.0004
66,1.226563572883606,1.22950279712677,0.5384615384615384,0.8269230769230769,0.7857142857142857,0.8571428571428571,0.0004
67,1.0446524024009705,1.3111045360565186,0.6538461538461539,0.8269230769230769,0.6428571428571429,0.8571428571428571,0.0004
68,1.126901090145111,1.4470077753067017,0.7115384615384616,0.8269230769230769,0.5714285714285714,0.8571428571428571,0.0004
69,1.14585942029953,0.9605773687362671,0.6153846153846154,0.8269230769230769,0.8571428571428571,0.8571428571428571,0.0004
70,1.1397588849067688,0.9858636856079102,0.5769230769230769,0.8269230769230769,0.7857142857142857,0.8571428571428571,0.0004
71,1.0615215301513672,1.0119751691818237,0.7307692307692307,0.8269230769230769,0.8571428571428571,0.8571428571428571,0.0004
72,1.228564739227295,1.6282060146331787,0.6730769230769231,0.8269230769230769,0.5714285714285714,0.8571428571428571,0.0004
73,1.051832765340805,1.8547227382659912,0.75,0.8269230769230769,0.42857142857142855,0.8571428571428571,0.0004
74,1.6159913539886475,1.3520740270614624,0.5576923076923077,0.8269230769230769,0.7142857142857143,0.8571428571428571,0.0004
75,1.2746081352233887,1.5580134391784668,0.6346153846153846,0.8269230769230769,0.5714285714285714,0.8571428571428571,0.0004
76,1.137185513973236,1.246775507926941,0.7307692307692307,0.8269230769230769,0.7857142857142857,0.8571428571428571,0.0004
77,1.0616368651390076,1.5769827365875244,0.7115384615384616,0.8269230769230769,0.5,0.8571428571428571,0.0004
78,0.9456261992454529,1.0831068754196167,0.8461538461538461,0.8269230769230769,0.7142857142857143,0.8571428571428571,0.0004
79,1.3122824430465698,1.6332303285598755,0.5576923076923077,0.8269230769230769,0.5,0.8571428571428571,0.0004
80,1.2069267630577087,1.0765641927719116,0.6923076923076923,0.8269230769230769,0.7142857142857143,0.8571428571428571,0.0004
81,1.043161153793335,1.1226083040237427,0.6346153846153846,0.8269230769230769,0.6428571428571429,0.8571428571428571,0.0004
82,1.3613870739936829,1.4519983530044556,0.6538461538461539,0.8269230769230769,0.6428571428571429,0.8571428571428571,0.0004
83,1.210028886795044,1.6569401025772095,0.5961538461538461,0.8269230769230769,0.5714285714285714,0.8571428571428571,0.0004
84,1.0902706682682037,1.383637547492981,0.6923076923076923,0.8269230769230769,0.7142857142857143,0.8571428571428571,0.0004
85,1.1314469575881958,0.9755513072013855,0.6923076923076923,0.8269230769230769,0.9285714285714286,0.8571428571428571,0.0004
86,1.2423632740974426,1.5846009254455566,0.6346153846153846,0.8269230769230769,0.6428571428571429,0.8571428571428571,0.0004
87,1.319582462310791,0.7503239512443542,0.5769230769230769,0.8269230769230769,0.9285714285714286,0.8571428571428571,0.0004
88,1.139439344406128,1.3768022060394287,0.6346153846153846,0.8269230769230769,0.7142857142857143,0.8571428571428571,0.0004
89,1.2600160241127014,1.3133080005645752,0.6346153846153846,0.8269230769230769,0.7142857142857143,0.8571428571428571,0.0004
90,1.0900789201259613,1.179030418395996,0.6923076923076923,0.8269230769230769,0.6428571428571429,0.8571428571428571,0.0004
91,1.3115696907043457,1.286991000175476,0.6538461538461539,0.8269230769230769,0.7142857142857143,0.8571428571428571,0.0004
92,1.0000137090682983,1.3969478607177734,0.7115384615384616,0.8269230769230769,0.5714285714285714,0.8571428571428571,0.0004
93,1.1404665112495422,1.1614296436309814,0.6346153846153846,0.8269230769230769,0.7857142857142857,0.8571428571428571,0.0004
94,1.1712637543678284,1.6120095252990723,0.6730769230769231,0.8269230769230769,0.5,0.8571428571428571,0.0004
95,1.1259070038795471,0.9329163432121277,0.6153846153846154,0.8653846153846154,0.8571428571428571,0.8571428571428571,0.0004
96,1.0549361109733582,1.2253327369689941,0.6730769230769231,0.8269230769230769,0.5714285714285714,0.8571428571428571,0.0004
97,1.2470986247062683,1.294825792312622,0.6923076923076923,0.8269230769230769,0.7857142857142857,0.8571428571428571,0.0004
98,1.1899660229682922,1.5192480087280273,0.6346153846153846,0.8269230769230769,0.5714285714285714,0.8571428571428571,0.0004
99,1.2545729279518127,1.4806995391845703,0.6153846153846154,0.8653846153846154,0.6428571428571429,0.8571428571428571,0.0004
100,1.0827156901359558,1.4916011095046997,0.6538461538461539,0.8461538461538461,0.5,0.8571428571428571,0.0004
101,1.153405249118805,1.1344647407531738,0.6538461538461539,0.8653846153846154,0.7142857142857143,0.8571428571428571,0.0004
102,1.0805257558822632,2.1558358669281006,0.6730769230769231,0.8846153846153846,0.42857142857142855,0.8571428571428571,0.0004
103,1.3002853393554688,1.5612571239471436,0.6538461538461539,0.9038461538461539,0.6428571428571429,0.8571428571428571,0.0004
104,1.4810341596603394,1.7316784858703613,0.6153846153846154,0.8269230769230769,0.5,0.8571428571428571,0.0004
105,1.5962637066841125,1.8187962770462036,0.5384615384615384,0.8653846153846154,0.35714285714285715,0.8571428571428571,0.0004
106,1.1636266708374023,1.4078283309936523,0.6538461538461539,0.8461538461538461,0.5714285714285714,0.9285714285714286,0.0004
107,1.3610632419586182,1.1406199932098389,0.5384615384615384,0.8461538461538461,0.6428571428571429,0.8571428571428571,0.0004
108,1.2616791129112244,1.0587846040725708,0.6346153846153846,0.75,0.7857142857142857,0.7857142857142857,0.0004
109,1.1267039775848389,1.3557056188583374,0.6923076923076923,0.8653846153846154,0.5714285714285714,0.7857142857142857,0.0004
110,1.20634925365448,1.089879035949707,0.6730769230769231,0.8653846153846154,0.7142857142857143,0.7857142857142857,0.0004
111,1.1880242824554443,1.1106014251708984,0.5769230769230769,0.9038461538461539,0.7857142857142857,0.9285714285714286,0.0004
112,1.1176098585128784,0.8382694721221924,0.7115384615384616,0.8653846153846154,0.8571428571428571,0.8571428571428571,0.0004
113,1.2798046469688416,1.1850645542144775,0.6923076923076923,0.8653846153846154,0.6428571428571429,0.8571428571428571,0.0004
114,1.151535451412201,1.2927756309509277,0.6538461538461539,0.8461538461538461,0.5714285714285714,0.8571428571428571,0.0004
115,1.0054717659950256,1.2053191661834717,0.7692307692307693,0.8269230769230769,0.6428571428571429,0.8571428571428571,0.0004
116,1.0626133680343628,1.1428217887878418,0.7115384615384616,0.8269230769230769,0.6428571428571429,0.8571428571428571,0.0004
117,1.1055396795272827,1.0144600868225098,0.6538461538461539,0.8269230769230769,0.7857142857142857,0.8571428571428571,0.0004
118,1.0891240239143372,1.0755780935287476,0.6730769230769231,0.8269230769230769,0.7142857142857143,0.8571428571428571,0.0004
119,1.0422947704792023,1.090561866760254,0.7115384615384616,0.8269230769230769,0.6428571428571429,0.8571428571428571,0.0004
120,1.0860564708709717,1.307220458984375,0.6730769230769231,0.8269230769230769,0.5714285714285714,0.8571428571428571,0.0004
121,1.0799877047538757,1.683349609375,0.7884615384615384,0.8269230769230769,0.5714285714285714,0.8571428571428571,0.0004
122,0.9826839566230774,1.3274732828140259,0.7115384615384616,0.8269230769230769,0.5714285714285714,0.8571428571428571,0.0004
123,1.2284393310546875,1.1502459049224854,0.5769230769230769,0.8269230769230769,0.5714285714285714,0.8571428571428571,0.0004
124,1.1829407811164856,1.1307616233825684,0.6346153846153846,0.8461538461538461,0.7142857142857143,0.8571428571428571,0.0004
125,1.2390590906143188,1.0939435958862305,0.5769230769230769,0.8653846153846154,0.8571428571428571,0.9285714285714286,0.0004
126,1.0023718476295471,1.1837817430496216,0.7692307692307693,0.9230769230769231,0.7142857142857143,0.9285714285714286,0.0004
127,1.1087630987167358,1.3214184045791626,0.7307692307692307,0.8461538461538461,0.5,0.8571428571428571,0.0004
128,1.0477611422538757,0.9393153190612793,0.6730769230769231,0.8846153846153846,0.8571428571428571,0.7857142857142857,0.0004
129,1.1895123720169067,1.464365839958191,0.6153846153846154,0.8653846153846154,0.6428571428571429,0.7857142857142857,0.0004
130,1.0734419226646423,1.0832335948944092,0.6923076923076923,0.8653846153846154,0.7142857142857143,0.8571428571428571,0.0004
131,1.0579041242599487,1.270948052406311,0.6730769230769231,0.8653846153846154,0.7857142857142857,0.8571428571428571,0.0004
132,1.0718480348587036,1.0759825706481934,0.7115384615384616,0.9230769230769231,0.8571428571428571,0.8571428571428571,0.0004
133,0.8834882080554962,1.211259365081787,0.7692307692307693,0.8846153846153846,0.8571428571428571,0.9285714285714286,0.0004
134,1.139218121767044,1.1107314825057983,0.6923076923076923,0.8846153846153846,0.7142857142857143,0.8571428571428571,0.0004
135,0.9638537764549255,1.4150245189666748,0.7115384615384616,0.9038461538461539,0.5,0.9285714285714286,0.0004
136,0.8676860630512238,1.0058507919311523,0.7884615384615384,0.8461538461538461,0.8571428571428571,0.8571428571428571,0.0004
137,1.1286342144012451,0.9286104440689087,0.6346153846153846,0.8461538461538461,0.7857142857142857,0.8571428571428571,0.0004
138,1.0016424059867859,1.1645972728729248,0.75,0.8269230769230769,0.5714285714285714,0.8571428571428571,0.0004
139,1.0692075490951538,1.7161283493041992,0.6346153846153846,0.8269230769230769,0.7142857142857143,0.8571428571428571,0.0004
140,1.0970422327518463,1.394679069519043,0.7307692307692307,0.8269230769230769,0.35714285714285715,0.8571428571428571,0.0004
141,0.9769938290119171,0.9335150718688965,0.7307692307692307,0.8269230769230769,0.8571428571428571,0.8571428571428571,0.0004
142,0.9296611249446869,1.105217695236206,0.7884615384615384,0.8269230769230769,0.6428571428571429,0.8571428571428571,0.0004
143,1.0424940586090088,1.2617160081863403,0.6153846153846154,0.8269230769230769,0.42857142857142855,0.8571428571428571,0.0004
144,0.9991730451583862,0.885861873626709,0.75,0.8269230769230769,0.8571428571428571,0.8571428571428571,0.0004
145,0.9844077825546265,1.0166785717010498,0.6538461538461539,0.8846153846153846,0.7857142857142857,0.8571428571428571,0.0004
146,1.1303110718727112,1.1621688604354858,0.6923076923076923,0.8461538461538461,0.6428571428571429,0.8571428571428571,0.0004
147,1.0072271227836609,1.2826519012451172,0.7115384615384616,0.9423076923076923,0.6428571428571429,0.7857142857142857,0.0004
148,0.9662331938743591,1.013092041015625,0.6730769230769231,0.9423076923076923,0.7142857142857143,0.7857142857142857,0.0004
149,1.0889368653297424,1.182371973991394,0.6346153846153846,0.9230769230769231,0.6428571428571429,0.8571428571428571,0.0004
150,1.2103915810585022,0.7861018180847168,0.5961538461538461,0.8846153846153846,0.8571428571428571,0.8571428571428571,0.0004
151,1.031999260187149,0.9864437580108643,0.7115384615384616,0.9230769230769231,0.7857142857142857,0.8571428571428571,0.0004
152,1.1555765569210052,1.3708529472351074,0.5769230769230769,0.8461538461538461,0.7857142857142857,0.8571428571428571,0.0004
153,0.9319650530815125,0.810479998588562,0.7307692307692307,0.8269230769230769,0.7857142857142857,0.8571428571428571,0.0004
154,1.0170687139034271,1.2121611833572388,0.7115384615384616,0.8846153846153846,0.5,0.7857142857142857,0.0004
155,0.9914937615394592,1.0383902788162231,0.7115384615384616,0.8846153846153846,0.6428571428571429,0.9285714285714286,0.0004
156,1.0028331875801086,1.3123552799224854,0.6538461538461539,0.9423076923076923,0.6428571428571429,0.8571428571428571,0.0004
157,0.7948445677757263,1.3198153972625732,0.8076923076923077,0.9423076923076923,0.5714285714285714,0.7857142857142857,0.0004
158,1.1335722208023071,1.198009729385376,0.6538461538461539,0.7884615384615384,0.6428571428571429,0.7142857142857143,0.0004
159,1.0638781487941742,0.8831369280815125,0.6538461538461539,0.8653846153846154,0.6428571428571429,0.9285714285714286,0.0004
160,0.994792252779007,1.065591812133789,0.6923076923076923,0.9038461538461539,0.7142857142857143,0.8571428571428571,0.0004
161,0.9927712976932526,1.0278751850128174,0.7307692307692307,0.9230769230769231,0.6428571428571429,0.8571428571428571,0.0004
162,0.979700893163681,1.1852941513061523,0.6346153846153846,0.9615384615384616,0.7142857142857143,0.7857142857142857,0.0004
163,1.000995010137558,0.8531845211982727,0.6538461538461539,0.9038461538461539,0.7142857142857143,0.9285714285714286,0.0004
164,0.8785318434238434,0.7332496643066406,0.75,0.8846153846153846,1.0,0.8571428571428571,0.0004
165,0.983700692653656,1.0270754098892212,0.6730769230769231,0.9038461538461539,0.8571428571428571,0.8571428571428571,0.0004
166,0.9070814251899719,1.0067992210388184,0.6730769230769231,0.9423076923076923,0.7857142857142857,0.8571428571428571,0.0004
167,1.105667531490326,1.2057843208312988,0.6730769230769231,0.8653846153846154,0.7857142857142857,0.7142857142857143,0.0004
168,1.2262319326400757,1.1056220531463623,0.6346153846153846,0.8653846153846154,0.7142857142857143,0.7857142857142857,0.0004
169,1.0647289156913757,0.8810396790504456,0.7115384615384616,0.9230769230769231,0.8571428571428571,0.8571428571428571,0.0004
170,1.0747790336608887,0.9843668937683105,0.5769230769230769,0.8461538461538461,0.7857142857142857,0.8571428571428571,0.0004
171,1.097689151763916,0.8867726922035217,0.6346153846153846,0.8269230769230769,0.8571428571428571,0.8571428571428571,0.0004
172,0.9470139145851135,1.4204187393188477,0.75,0.9038461538461539,0.6428571428571429,0.8571428571428571,0.0004
173,0.9981275200843811,1.641706109046936,0.75,0.8846153846153846,0.5714285714285714,0.8571428571428571,0.0004
174,1.043931394815445,1.0054231882095337,0.6538461538461539,0.9230769230769231,0.7142857142857143,0.9285714285714286,0.0004
175,0.8895026743412018,1.024430513381958,0.6923076923076923,0.9038461538461539,0.7142857142857143,0.9285714285714286,0.0004
176,0.8275523781776428,0.7670254707336426,0.7692307692307693,0.9038461538461539,0.9285714285714286,0.9285714285714286,0.0004
177,0.8184238374233246,0.9211164712905884,0.7692307692307693,0.8846153846153846,0.7142857142857143,0.9285714285714286,0.0004
178,0.829870343208313,1.656562328338623,0.7692307692307693,0.8846153846153846,0.5714285714285714,0.9285714285714286,0.0004
179,0.778579831123352,0.7805266976356506,0.7692307692307693,0.9038461538461539,0.8571428571428571,1.0,0.0004
180,1.2402430176734924,2.001514196395874,0.6153846153846154,0.8076923076923077,0.5,0.7857142857142857,0.0004
181,0.8472713530063629,0.5129024982452393,0.7692307692307693,0.8846153846153846,1.0,0.9285714285714286,0.0004
182,1.0706353187561035,0.9807285666465759,0.6346153846153846,0.8653846153846154,0.7142857142857143,0.9285714285714286,0.0004
183,0.7796074450016022,0.7629154920578003,0.7884615384615384,0.9230769230769231,0.8571428571428571,1.0,0.0004
184,0.9426871538162231,1.2683792114257812,0.7307692307692307,0.8846153846153846,0.6428571428571429,0.8571428571428571,0.0004
185,0.955600917339325,1.1160932779312134,0.6923076923076923,0.9423076923076923,0.6428571428571429,0.8571428571428571,0.0004
186,0.7724795341491699,1.5129860639572144,0.8076923076923077,0.9423076923076923,0.5,0.8571428571428571,0.0004
187,1.0070960521697998,1.2315027713775635,0.7692307692307693,0.9038461538461539,0.7142857142857143,0.9285714285714286,0.0004
188,1.0227752923965454,1.2480167150497437,0.6538461538461539,0.9038461538461539,0.6428571428571429,0.7857142857142857,0.0004
189,0.9755120277404785,2.0352790355682373,0.7115384615384616,0.9615384615384616,0.5714285714285714,0.9285714285714286,0.0004
190,1.183212399482727,0.9391714334487915,0.6346153846153846,0.8846153846153846,0.8571428571428571,0.8571428571428571,0.0004
191,1.1306539177894592,1.8970837593078613,0.6923076923076923,0.8653846153846154,0.6428571428571429,0.8571428571428571,0.0004
192,1.1411455571651459,1.5036839246749878,0.5961538461538461,0.9038461538461539,0.7857142857142857,0.9285714285714286,0.0004
193,1.0639590919017792,1.7244293689727783,0.75,0.9038461538461539,0.7142857142857143,0.9285714285714286,0.0004
194,0.9535794258117676,1.4397344589233398,0.7307692307692307,0.9230769230769231,0.7857142857142857,0.8571428571428571,0.0004
195,0.8609864115715027,2.6063904762268066,0.7692307692307693,0.9615384615384616,0.42857142857142855,0.7857142857142857,0.0004
196,1.1970911026000977,1.6800050735473633,0.6538461538461539,0.8846153846153846,0.5714285714285714,0.9285714285714286,0.0004
197,1.1699916124343872,1.3584651947021484,0.6346153846153846,0.9038461538461539,0.8571428571428571,0.8571428571428571,0.0004
198,1.023406982421875,1.3612536191940308,0.7307692307692307,0.9615384615384616,0.6428571428571429,0.7857142857142857,0.0004
199,1.1576502919197083,1.7199162244796753,0.7115384615384616,0.8846153846153846,0.5714285714285714,0.8571428571428571,0.0004
200,0.9146347641944885,1.1864327192306519,0.7692307692307693,0.8846153846153846,0.7142857142857143,0.8571428571428571,0.0004
201,1.2171868085861206,1.2354333400726318,0.6153846153846154,0.8653846153846154,0.7142857142857143,0.8571428571428571,0.0004
202,1.0057609379291534,1.452466607093811,0.6730769230769231,0.9038461538461539,0.6428571428571429,0.8571428571428571,0.0004
203,0.9226662516593933,1.1908068656921387,0.75,0.9230769230769231,0.7142857142857143,0.8571428571428571,0.0004
204,1.2327386736869812,0.8297314047813416,0.6153846153846154,0.9230769230769231,0.7857142857142857,0.9285714285714286,0.0004
205,1.3222187161445618,1.054924726486206,0.5769230769230769,0.8269230769230769,0.6428571428571429,0.8571428571428571,0.0004
206,1.040453463792801,1.1149506568908691,0.6538461538461539,0.9423076923076923,0.7142857142857143,0.8571428571428571,0.0004
207,1.0613566637039185,0.7951279282569885,0.7115384615384616,0.8846153846153846,0.7142857142857143,0.9285714285714286,0.0004
208,0.836140900850296,1.5341507196426392,0.7884615384615384,0.9230769230769231,0.42857142857142855,0.8571428571428571,0.0004
209,1.1996793150901794,1.214798927307129,0.6346153846153846,0.9038461538461539,0.7142857142857143,0.8571428571428571,0.0004
210,1.238103449344635,1.325850486755371,0.6346153846153846,0.9038461538461539,0.6428571428571429,0.9285714285714286,0.0004
211,0.9520597457885742,1.1170501708984375,0.7307692307692307,0.9230769230769231,0.6428571428571429,0.7857142857142857,0.0004
212,1.149555742740631,0.8433207273483276,0.6153846153846154,0.9230769230769231,0.7857142857142857,0.8571428571428571,0.0004
213,1.3846535086631775,1.4028701782226562,0.5576923076923077,0.8269230769230769,0.6428571428571429,0.7857142857142857,0.0004
214,0.9498747289180756,1.3784593343734741,0.7307692307692307,0.9038461538461539,0.7142857142857143,0.7857142857142857,0.0004
215,1.1100430488586426,1.5832675695419312,0.7115384615384616,0.8269230769230769,0.42857142857142855,0.8571428571428571,0.0004
216,1.0014767348766327,1.5892374515533447,0.7115384615384616,0.9038461538461539,0.6428571428571429,0.6428571428571429,0.0004
217,1.2082736492156982,0.9882881045341492,0.5769230769230769,0.8846153846153846,0.6428571428571429,0.8571428571428571,0.0004
218,0.9920801222324371,1.359853982925415,0.6538461538461539,0.9038461538461539,0.5,0.9285714285714286,0.0004
219,1.0901351571083069,1.4173170328140259,0.6538461538461539,0.9423076923076923,0.6428571428571429,0.8571428571428571,0.0004
220,1.121968150138855,1.560668706893921,0.6346153846153846,0.9615384615384616,0.5,0.8571428571428571,0.0004
221,1.1712634563446045,1.2474032640457153,0.6153846153846154,0.9423076923076923,0.5714285714285714,0.8571428571428571,0.0004
222,0.9051815569400787,1.349895715713501,0.7115384615384616,0.9615384615384616,0.5714285714285714,0.8571428571428571,0.0004
223,1.0562773942947388,1.4345636367797852,0.6538461538461539,0.9230769230769231,0.6428571428571429,0.8571428571428571,0.0004
224,1.1697063446044922,1.3533965349197388,0.6153846153846154,0.9230769230769231,0.5,0.8571428571428571,0.0004
225,1.1176210343837738,1.724169373512268,0.6346153846153846,0.9423076923076923,0.42857142857142855,0.8571428571428571,0.0004
226,1.091531753540039,1.624849796295166,0.6346153846153846,0.9230769230769231,0.42857142857142855,0.8571428571428571,0.0004
227,1.1829754114151,1.4315896034240723,0.5769230769230769,0.8653846153846154,0.42857142857142855,0.9285714285714286,0.0004
228,1.0479915738105774,1.538910150527954,0.6153846153846154,0.9615384615384616,0.5,0.7857142857142857,0.0004
229,1.126928985118866,1.3122907876968384,0.6153846153846154,0.8653846153846154,0.5,0.9285714285714286,0.0004
230,1.1244198679924011,1.6214861869812012,0.6346153846153846,0.8846153846153846,0.5,0.8571428571428571,0.0004
231,1.2679453492164612,1.2013156414031982,0.6153846153846154,0.9230769230769231,0.6428571428571429,0.7857142857142857,0.0004
232,0.9365542829036713,1.1658885478973389,0.7307692307692307,0.9423076923076923,0.7857142857142857,0.8571428571428571,0.0004
233,1.0048379302024841,1.2409539222717285,0.7115384615384616,0.9807692307692307,0.6428571428571429,0.8571428571428571,0.0004
234,0.9884022176265717,1.1642810106277466,0.75,0.9423076923076923,0.6428571428571429,0.8571428571428571,0.0004
235,1.0955321192741394,1.1049001216888428,0.7115384615384616,0.8846153846153846,0.7857142857142857,0.7857142857142857,0.0004
236,1.325232207775116,1.12205970287323,0.6346153846153846,0.8846153846153846,0.6428571428571429,0.9285714285714286,0.0004
237,0.904752790927887,1.1632745265960693,0.6923076923076923,0.9423076923076923,0.6428571428571429,0.9285714285714286,0.0004
238,1.069536179304123,0.9685001969337463,0.6730769230769231,0.8653846153846154,0.7857142857142857,0.7857142857142857,0.0004
239,1.0306396484375,1.3597667217254639,0.6730769230769231,0.8653846153846154,0.6428571428571429,0.8571428571428571,0.0004
240,1.042143076658249,0.9022616147994995,0.6923076923076923,0.8653846153846154,0.7142857142857143,0.9285714285714286,0.0004
241,1.0271432399749756,0.8435596823692322,0.6923076923076923,0.8653846153846154,0.8571428571428571,0.7857142857142857,0.0004
242,0.8328140079975128,1.3101987838745117,0.7307692307692307,0.9423076923076923,0.6428571428571429,0.8571428571428571,0.0004
243,1.0083988904953003,0.9808372259140015,0.6730769230769231,0.9230769230769231,0.7857142857142857,0.8571428571428571,0.0004
244,1.0190816521644592,1.4737298488616943,0.7115384615384616,0.8653846153846154,0.5714285714285714,0.8571428571428571,0.0004
245,0.9023476839065552,1.0847400426864624,0.7307692307692307,0.9038461538461539,0.7142857142857143,0.8571428571428571,0.0004
246,0.89600670337677,1.4487667083740234,0.7115384615384616,0.9423076923076923,0.6428571428571429,0.7857142857142857,0.0004
247,1.0385610163211823,1.0407555103302002,0.6923076923076923,0.9230769230769231,0.8571428571428571,0.8571428571428571,0.0004
248,0.8244698345661163,1.2458629608154297,0.75,0.9230769230769231,0.7857142857142857,0.7857142857142857,0.0004
249,0.9313872754573822,1.4300514459609985,0.6730769230769231,0.9615384615384616,0.5714285714285714,0.8571428571428571,0.0004
250,1.0028539896011353,1.085605502128601,0.6730769230769231,0.9230769230769231,0.7142857142857143,0.8571428571428571,0.0004
251,0.7974033355712891,1.075709342956543,0.7692307692307693,0.9230769230769231,0.6428571428571429,0.8571428571428571,0.0004
252,1.1272467970848083,1.277114748954773,0.6538461538461539,0.8846153846153846,0.7142857142857143,0.8571428571428571,0.0004
253,1.0130183100700378,1.1352343559265137,0.6538461538461539,0.8653846153846154,0.7142857142857143,0.8571428571428571,0.0004
254,1.0213313102722168,1.3583813905715942,0.7115384615384616,0.9038461538461539,0.6428571428571429,0.8571428571428571,0.0004
255,1.116292953491211,1.374207854270935,0.6538461538461539,0.8846153846153846,0.6428571428571429,0.7857142857142857,0.0004
256,0.9312059283256531,0.8988765478134155,0.7307692307692307,0.9423076923076923,0.7142857142857143,0.8571428571428571,0.0004
257,0.8549902141094208,1.263441801071167,0.7692307692307693,0.9615384615384616,0.6428571428571429,0.8571428571428571,0.0004
258,0.7779420614242554,1.1633117198944092,0.75,0.9423076923076923,0.7142857142857143,0.7857142857142857,0.0004
259,0.7972365021705627,1.1571319103240967,0.75,0.9615384615384616,0.7142857142857143,0.8571428571428571,0.0004
260,0.813633531332016,1.015177607536316,0.7884615384615384,0.9230769230769231,0.7142857142857143,0.9285714285714286,0.0004
261,0.8018301725387573,0.933621883392334,0.7884615384615384,0.9230769230769231,0.7857142857142857,0.9285714285714286,0.0004
262,1.0066832304000854,1.030583381652832,0.6923076923076923,0.9038461538461539,0.7142857142857143,0.8571428571428571,0.0004
263,0.9211082756519318,1.0911500453948975,0.6538461538461539,0.9230769230769231,0.6428571428571429,0.8571428571428571,0.0004
264,1.2647785544395447,1.0083253383636475,0.5961538461538461,0.9038461538461539,0.7142857142857143,0.8571428571428571,0.0004
265,1.0385683476924896,0.9392472505569458,0.6923076923076923,0.8653846153846154,0.7142857142857143,0.9285714285714286,0.0004
266,0.9002358019351959,1.2031996250152588,0.6346153846153846,0.9423076923076923,0.6428571428571429,0.8571428571428571,0.0004
267,0.7835294902324677,1.0840733051300049,0.7307692307692307,0.9038461538461539,0.6428571428571429,0.9285714285714286,0.0004
268,1.0181056261062622,1.1156373023986816,0.6346153846153846,0.9230769230769231,0.5714285714285714,0.8571428571428571,0.0004
269,1.0347475409507751,1.0771892070770264,0.7884615384615384,0.8846153846153846,0.7857142857142857,0.8571428571428571,0.0004
270,0.8583180904388428,1.0795702934265137,0.7115384615384616,0.9423076923076923,0.7142857142857143,0.8571428571428571,0.0004
271,0.8622127175331116,0.7408006191253662,0.7307692307692307,0.8846153846153846,0.7857142857142857,0.9285714285714286,0.0004
272,1.0578966438770294,1.9920785427093506,0.7307692307692307,0.8846153846153846,0.5714285714285714,0.7857142857142857,0.0004
273,0.8360325694084167,0.9162225723266602,0.7115384615384616,0.9423076923076923,0.8571428571428571,0.8571428571428571,0.0004
274,0.950823575258255,1.6096348762512207,0.7692307692307693,0.9038461538461539,0.7142857142857143,0.7857142857142857,0.0004
275,0.7050884068012238,0.9761386513710022,0.8076923076923077,0.9615384615384616,0.7142857142857143,0.7857142857142857,0.0004
276,0.9608915746212006,0.6783314347267151,0.6923076923076923,0.8846153846153846,0.8571428571428571,0.8571428571428571,0.0004
277,0.9259926080703735,0.967705488204956,0.6538461538461539,0.9038461538461539,0.7857142857142857,0.8571428571428571,0.0004
278,0.8244518637657166,1.2468981742858887,0.7692307692307693,0.9230769230769231,0.6428571428571429,0.9285714285714286,0.0004
279,0.8701580166816711,1.293087124824524,0.6538461538461539,0.8846153846153846,0.5714285714285714,0.8571428571428571,0.0004
280,0.784508466720581,0.9259790182113647,0.7115384615384616,0.9423076923076923,0.7857142857142857,0.8571428571428571,0.0004
281,0.8486613035202026,0.9386156797409058,0.6923076923076923,0.9423076923076923,0.7142857142857143,0.8571428571428571,0.0004
282,0.746780663728714,1.1578179597854614,0.7884615384615384,0.9615384615384616,0.7142857142857143,0.8571428571428571,0.0004
283,0.8940500020980835,1.3161487579345703,0.6538461538461539,0.9807692307692307,0.6428571428571429,0.8571428571428571,0.0004
284,0.6998332142829895,1.5362143516540527,0.7307692307692307,0.9615384615384616,0.6428571428571429,0.7142857142857143,0.0004
285,1.0398637652397156,0.8141217231750488,0.6153846153846154,0.9230769230769231,0.7142857142857143,0.9285714285714286,0.0004
286,0.8171785771846771,1.0380771160125732,0.6923076923076923,0.9423076923076923,0.5,0.9285714285714286,0.0004
287,0.6279670000076294,0.8326307535171509,0.7884615384615384,0.9615384615384616,0.7857142857142857,0.9285714285714286,0.0004
288,0.8639418482780457,1.6313388347625732,0.6923076923076923,0.9230769230769231,0.5714285714285714,0.8571428571428571,0.0004
289,0.6772065162658691,1.083137035369873,0.7307692307692307,0.9615384615384616,0.6428571428571429,0.9285714285714286,0.0004
290,0.822976291179657,1.5233421325683594,0.7307692307692307,0.9038461538461539,0.7142857142857143,0.8571428571428571,0.0004
291,0.9427332878112793,0.9870855808258057,0.6923076923076923,0.9423076923076923,0.9285714285714286,0.8571428571428571,0.0004
292,1.101016879081726,1.7490158081054688,0.6730769230769231,0.9038461538461539,0.5714285714285714,0.7142857142857143,0.0004
293,0.7117553353309631,1.752109408378601,0.75,0.9615384615384616,0.6428571428571429,0.7142857142857143,0.0004
294,1.19068044424057,1.6471309661865234,0.6346153846153846,0.9230769230769231,0.6428571428571429,0.8571428571428571,0.0004
295,0.9607150554656982,0.8664507269859314,0.7692307692307693,0.9230769230769231,0.7857142857142857,0.9285714285714286,0.0004
296,1.2452987730503082,1.1326907873153687,0.5961538461538461,0.8461538461538461,0.7142857142857143,0.9285714285714286,0.0004
297,0.7814972698688507,1.5669376850128174,0.7692307692307693,0.9615384615384616,0.5714285714285714,0.8571428571428571,0.0004
298,0.8644488751888275,1.3960111141204834,0.7115384615384616,0.8653846153846154,0.6428571428571429,0.8571428571428571,0.0004
299,0.9927078187465668,1.2429074048995972,0.7115384615384616,0.9038461538461539,0.7142857142857143,0.8571428571428571,0.0004
300,1.035045176744461,1.3111506700515747,0.7307692307692307,0.8846153846153846,0.6428571428571429,0.7857142857142857,0.0004
301,0.9154095351696014,1.0414189100265503,0.6730769230769231,0.9038461538461539,0.7142857142857143,0.8571428571428571,0.0004
302,0.8911386430263519,0.856277346611023,0.7307692307692307,0.9038461538461539,0.8571428571428571,0.8571428571428571,0.0004
303,1.1313267946243286,0.9254852533340454,0.7115384615384616,0.8846153846153846,0.8571428571428571,0.8571428571428571,0.0004
304,1.0397335588932037,1.0891181230545044,0.6730769230769231,0.9615384615384616,0.7142857142857143,0.8571428571428571,0.0004
305,0.9372878670692444,0.9671711325645447,0.7115384615384616,0.8846153846153846,0.7857142857142857,0.8571428571428571,0.0004
306,0.8186495304107666,1.1968669891357422,0.7115384615384616,0.9807692307692307,0.7142857142857143,0.7857142857142857,0.0004
307,0.8558025062084198,1.2514623403549194,0.7115384615384616,0.9615384615384616,0.6428571428571429,0.7857142857142857,0.0004
308,0.8329388201236725,1.2031148672103882,0.75,0.9615384615384616,0.6428571428571429,0.7857142857142857,0.0004
309,0.7813989222049713,0.7181104421615601,0.75,0.9423076923076923,0.8571428571428571,0.8571428571428571,0.0004
310,0.8215106725692749,0.9473934173583984,0.75,0.9615384615384616,0.7142857142857143,0.7857142857142857,0.0004
311,1.05033540725708,1.434844970703125,0.6346153846153846,0.9423076923076923,0.5,0.9285714285714286,0.0004
312,0.9977527260780334,1.2461912631988525,0.7115384615384616,0.9038461538461539,0.6428571428571429,0.8571428571428571,0.0004
313,0.6708877980709076,0.9272234439849854,0.7115384615384616,0.9615384615384616,0.7857142857142857,0.7857142857142857,0.0004
314,0.9454634785652161,0.8081858158111572,0.7115384615384616,0.9038461538461539,0.7857142857142857,0.8571428571428571,0.0004
315,0.8905654847621918,1.4303395748138428,0.75,0.9423076923076923,0.5714285714285714,0.8571428571428571,0.0004
316,0.8131246566772461,0.9216702580451965,0.75,0.9423076923076923,0.7142857142857143,0.9285714285714286,0.0004
317,0.809013307094574,0.5180553197860718,0.75,0.9230769230769231,0.9285714285714286,0.9285714285714286,0.0004
318,0.9626991748809814,0.9254509210586548,0.6730769230769231,0.9038461538461539,0.7142857142857143,0.8571428571428571,0.0004
319,0.8562101125717163,1.4312840700149536,0.7307692307692307,0.8846153846153846,0.5714285714285714,0.7857142857142857,0.0004
320,0.9034700989723206,1.0421385765075684,0.75,0.8846153846153846,0.7857142857142857,0.9285714285714286,0.0004
321,1.0103172063827515,1.8166731595993042,0.7115384615384616,0.8846153846153846,0.5,0.8571428571428571,0.0004
322,0.7968721687793732,1.2723709344863892,0.6538461538461539,0.9230769230769231,0.7857142857142857,0.8571428571428571,0.0004
323,0.8631902933120728,1.3475430011749268,0.7692307692307693,0.9038461538461539,0.5,0.8571428571428571,0.0004
324,0.7745593190193176,1.2585725784301758,0.8269230769230769,0.9230769230769231,0.6428571428571429,0.8571428571428571,0.0004
325,0.9310667514801025,1.3603883981704712,0.7115384615384616,0.9038461538461539,0.5714285714285714,0.9285714285714286,0.0004
326,0.7359151244163513,2.2708096504211426,0.7884615384615384,0.9230769230769231,0.21428571428571427,0.7857142857142857,0.0004
327,0.9999143779277802,0.931190013885498,0.6730769230769231,0.9230769230769231,0.8571428571428571,0.8571428571428571,0.0004
328,1.0195943415164948,1.1042686700820923,0.6730769230769231,0.8846153846153846,0.7857142857142857,0.7857142857142857,0.0004
329,0.903290331363678,1.6255227327346802,0.6538461538461539,0.9615384615384616,0.42857142857142855,0.7857142857142857,0.0004
330,0.9572809040546417,1.2765772342681885,0.6346153846153846,0.9230769230769231,0.6428571428571429,0.8571428571428571,0.0004
331,1.015812247991562,1.1804884672164917,0.7692307692307693,0.9038461538461539,0.5714285714285714,0.9285714285714286,0.0004
332,0.6717160940170288,1.216808795928955,0.8461538461538461,0.9615384615384616,0.7142857142857143,0.8571428571428571,0.0004
333,0.6935732662677765,1.3347551822662354,0.7692307692307693,0.9423076923076923,0.5714285714285714,0.7857142857142857,0.0004
334,1.0131446421146393,1.2615773677825928,0.6346153846153846,0.9038461538461539,0.7857142857142857,0.8571428571428571,0.0004
335,0.81483593583107,1.3603683710098267,0.75,0.9038461538461539,0.7857142857142857,0.9285714285714286,0.0004
336,0.5574519783258438,1.5309596061706543,0.7884615384615384,0.9807692307692307,0.5714285714285714,0.8571428571428571,0.0004
337,0.7423869669437408,0.9251816272735596,0.7307692307692307,0.9230769230769231,0.8571428571428571,0.7857142857142857,0.0004
338,0.9300111532211304,1.2180461883544922,0.6346153846153846,0.9038461538461539,0.7857142857142857,0.7857142857142857,0.0004
339,0.9166747033596039,1.0335173606872559,0.75,0.9230769230769231,0.6428571428571429,0.9285714285714286,0.0004
340,0.923667311668396,1.3292800188064575,0.6346153846153846,0.9423076923076923,0.7142857142857143,0.8571428571428571,0.0004
341,0.9713786244392395,1.141566514968872,0.6923076923076923,0.9423076923076923,0.6428571428571429,0.8571428571428571,0.0004
342,0.7358498573303223,0.6251927614212036,0.7692307692307693,0.9615384615384616,0.8571428571428571,0.9285714285714286,0.0004
343,0.8608455061912537,1.7035143375396729,0.75,0.9038461538461539,0.5714285714285714,0.7857142857142857,0.0004
344,0.8227185606956482,1.427871584892273,0.75,0.9038461538461539,0.6428571428571429,0.8571428571428571,0.0004
345,0.6820866763591766,0.9402927160263062,0.7884615384615384,0.9423076923076923,0.7857142857142857,0.9285714285714286,0.0004
346,0.6593517363071442,1.236006736755371,0.7884615384615384,0.9807692307692307,0.6428571428571429,0.8571428571428571,0.0004
347,0.6969836354255676,0.8810112476348877,0.7692307692307693,0.9807692307692307,0.7142857142857143,0.9285714285714286,0.0004
348,0.7773215174674988,1.4514551162719727,0.7692307692307693,0.9230769230769231,0.7142857142857143,0.7857142857142857,0.0004
349,0.5846355706453323,1.5801292657852173,0.8076923076923077,0.9615384615384616,0.5714285714285714,0.7857142857142857,0.0004
350,0.9214540421962738,0.9851486682891846,0.7115384615384616,0.8653846153846154,0.7142857142857143,0.8571428571428571,0.0004
351,1.0316473841667175,1.0010476112365723,0.6730769230769231,0.8653846153846154,0.7142857142857143,1.0,0.0004
352,0.9561736881732941,1.3553837537765503,0.6346153846153846,0.9423076923076923,0.7142857142857143,0.9285714285714286,0.0004
353,0.853544682264328,1.5971148014068604,0.7692307692307693,0.8846153846153846,0.5,0.8571428571428571,0.0004
354,0.8122391700744629,1.0809075832366943,0.6346153846153846,0.9615384615384616,0.7142857142857143,0.9285714285714286,0.0004
355,0.966915100812912,0.9727405905723572,0.6730769230769231,0.9423076923076923,0.7142857142857143,1.0,0.0004
356,1.0157611966133118,1.3238937854766846,0.6730769230769231,0.8846153846153846,0.7142857142857143,0.9285714285714286,0.0004
357,0.8292094469070435,1.3294585943222046,0.75,0.9423076923076923,0.7857142857142857,0.9285714285714286,0.0004
358,0.9457603096961975,1.38291597366333,0.7115384615384616,0.9423076923076923,0.6428571428571429,0.9285714285714286,0.0004
359,1.0866839587688446,0.8953461050987244,0.6923076923076923,0.9615384615384616,0.7857142857142857,0.9285714285714286,0.0004
360,1.4390096962451935,1.528599500656128,0.6153846153846154,0.8846153846153846,0.7142857142857143,0.8571428571428571,0.0004
361,1.236842930316925,1.8845467567443848,0.6538461538461539,0.9423076923076923,0.5714285714285714,0.7857142857142857,0.0004
362,1.16572505235672,1.7441389560699463,0.6538461538461539,0.9038461538461539,0.5714285714285714,0.8571428571428571,0.0004
363,0.6400766223669052,1.5222257375717163,0.8076923076923077,0.9807692307692307,0.5714285714285714,0.8571428571428571,0.0004
364,0.8556820750236511,1.3353047370910645,0.7307692307692307,0.9230769230769231,0.7142857142857143,0.7857142857142857,0.0004
365,0.7691723704338074,1.1904500722885132,0.7115384615384616,0.9423076923076923,0.7857142857142857,0.8571428571428571,0.0004
366,0.7356591522693634,1.1936061382293701,0.7307692307692307,0.9807692307692307,0.7142857142857143,0.9285714285714286,0.0004
367,0.8154765367507935,0.6975030899047852,0.75,0.9615384615384616,0.7857142857142857,1.0,0.0004
368,0.6794447600841522,1.5022542476654053,0.7692307692307693,0.9615384615384616,0.5,0.8571428571428571,0.0004
369,0.709041029214859,1.1442362070083618,0.8269230769230769,0.9807692307692307,0.5714285714285714,0.8571428571428571,0.0004
370,0.9567916691303253,1.1701009273529053,0.7115384615384616,0.9230769230769231,0.7142857142857143,0.8571428571428571,0.0004
371,1.122010350227356,1.3849456310272217,0.6346153846153846,0.9230769230769231,0.5714285714285714,0.7857142857142857,0.0004
372,1.0440891087055206,0.8771601915359497,0.6538461538461539,0.9038461538461539,0.7857142857142857,0.7857142857142857,0.0004
373,1.056583285331726,1.3805770874023438,0.7692307692307693,0.8653846153846154,0.6428571428571429,0.7857142857142857,0.0004
374,1.3581777215003967,0.8625819683074951,0.5769230769230769,0.8269230769230769,0.7142857142857143,0.9285714285714286,0.0004
375,1.1829925775527954,0.8463015556335449,0.6346153846153846,0.8653846153846154,0.7142857142857143,0.8571428571428571,0.0004
376,0.9602685868740082,1.2495472431182861,0.6923076923076923,0.9807692307692307,0.6428571428571429,0.7857142857142857,0.0004
377,1.0651502907276154,0.8020507097244263,0.6153846153846154,0.9038461538461539,0.7142857142857143,1.0,0.0004
378,0.9861332774162292,1.650534987449646,0.6923076923076923,0.9038461538461539,0.42857142857142855,0.7857142857142857,0.0004
379,0.9181531965732574,0.8634223937988281,0.7115384615384616,0.9423076923076923,0.7857142857142857,0.8571428571428571,0.0004
380,1.0092006623744965,1.240664005279541,0.7115384615384616,0.9230769230769231,0.5714285714285714,0.8571428571428571,0.0004
381,1.0151602029800415,1.0193045139312744,0.6153846153846154,0.9230769230769231,0.7142857142857143,0.7857142857142857,0.0004
382,0.938044399023056,0.8296867609024048,0.6923076923076923,0.9423076923076923,0.7142857142857143,0.8571428571428571,0.0004
383,0.8271046280860901,0.9241962432861328,0.75,0.9423076923076923,0.7857142857142857,0.8571428571428571,0.0004
384,0.854127436876297,1.0433144569396973,0.6923076923076923,0.9230769230769231,0.6428571428571429,0.7857142857142857,0.0004
385,1.0534848868846893,0.8543341159820557,0.6153846153846154,0.9230769230769231,0.6428571428571429,0.9285714285714286,0.0004
386,0.9285933971405029,0.7722299098968506,0.7115384615384616,0.9230769230769231,0.8571428571428571,0.9285714285714286,0.0004
387,0.7953954339027405,1.2689740657806396,0.7115384615384616,0.9423076923076923,0.6428571428571429,0.7857142857142857,0.0004
388,0.8266037702560425,1.2253228425979614,0.7307692307692307,0.9423076923076923,0.7142857142857143,0.8571428571428571,0.0004
389,0.9891258180141449,0.8904731869697571,0.6153846153846154,0.9038461538461539,0.7857142857142857,0.9285714285714286,0.0004
390,1.0400301218032837,1.4174108505249023,0.6346153846153846,0.9038461538461539,0.5714285714285714,0.7857142857142857,0.0004
391,0.7618374526500702,1.1770832538604736,0.75,0.9230769230769231,0.6428571428571429,0.8571428571428571,0.0004
392,1.1141818165779114,1.4367164373397827,0.5961538461538461,0.9038461538461539,0.5714285714285714,0.8571428571428571,0.0004
393,0.7852783799171448,1.427983283996582,0.7307692307692307,0.9615384615384616,0.6428571428571429,0.8571428571428571,0.0004
394,0.8942959308624268,1.2922449111938477,0.6923076923076923,0.9423076923076923,0.7142857142857143,0.7857142857142857,0.0004
395,0.9771063029766083,1.347236156463623,0.6538461538461539,0.8461538461538461,0.6428571428571429,0.8571428571428571,0.0004
396,0.6896731555461884,1.066794514656067,0.6923076923076923,0.9423076923076923,0.7857142857142857,0.8571428571428571,0.0004
397,0.858723372220993,1.4798612594604492,0.6730769230769231,0.9230769230769231,0.6428571428571429,0.7857142857142857,0.0004
398,0.8575968742370605,1.064836025238037,0.7307692307692307,0.8846153846153846,0.9285714285714286,0.7857142857142857,0.0004
399,0.7820390164852142,1.2252739667892456,0.7692307692307693,0.9615384615384616,0.7857142857142857,0.7857142857142857,0.0004
400,1.004463791847229,1.1058545112609863,0.7307692307692307,0.9038461538461539,0.7142857142857143,0.8571428571428571,0.0004
401,1.048171490430832,1.7774665355682373,0.6923076923076923,0.8653846153846154,0.5714285714285714,0.8571428571428571,0.0004
402,0.8478449583053589,1.2034454345703125,0.7115384615384616,0.9423076923076923,0.7142857142857143,0.8571428571428571,0.0004
403,0.8793323636054993,1.0752356052398682,0.7692307692307693,0.9615384615384616,0.7142857142857143,0.8571428571428571,0.0004
404,0.7738303542137146,1.0170880556106567,0.8076923076923077,0.9230769230769231,0.6428571428571429,0.8571428571428571,0.0004
405,0.7479059994220734,1.2932586669921875,0.75,0.9615384615384616,0.7142857142857143,0.7142857142857143,0.0004
406,0.7477114498615265,1.2109036445617676,0.7115384615384616,0.9807692307692307,0.6428571428571429,0.8571428571428571,0.0004
407,0.934567779302597,1.2496159076690674,0.5961538461538461,0.9230769230769231,0.6428571428571429,0.8571428571428571,0.0004
408,0.8338876366615295,1.2357707023620605,0.7307692307692307,0.8846153846153846,0.5714285714285714,0.9285714285714286,0.0004
409,0.855447918176651,0.5571960210800171,0.6923076923076923,0.9615384615384616,0.8571428571428571,0.9285714285714286,0.0004
410,0.7337967157363892,1.2405025959014893,0.75,0.9807692307692307,0.7857142857142857,0.8571428571428571,0.0004
411,0.6927713751792908,1.255652666091919,0.7692307692307693,0.9807692307692307,0.5714285714285714,0.8571428571428571,0.0004
412,0.95750293135643,1.3316749334335327,0.6538461538461539,0.9615384615384616,0.6428571428571429,0.7857142857142857,0.0004
413,0.9944310784339905,0.9400373697280884,0.6923076923076923,0.8846153846153846,0.6428571428571429,0.8571428571428571,0.0004
414,0.8716228902339935,1.101832628250122,0.7115384615384616,0.9423076923076923,0.6428571428571429,0.8571428571428571,0.0004
415,0.9800031185150146,0.9640827178955078,0.6923076923076923,0.9038461538461539,0.7857142857142857,0.8571428571428571,0.0004
416,0.8710222840309143,1.0520519018173218,0.6538461538461539,0.9423076923076923,0.7142857142857143,0.7857142857142857,0.0004
417,0.936871349811554,1.6266670227050781,0.6923076923076923,0.9423076923076923,0.5,0.7142857142857143,0.0004
418,0.7076979577541351,0.8680015802383423,0.7692307692307693,0.9615384615384616,0.7857142857142857,0.8571428571428571,0.0004
419,0.6349368989467621,1.3830777406692505,0.8269230769230769,0.9615384615384616,0.6428571428571429,0.7857142857142857,0.0004
420,0.8470515012741089,1.1972787380218506,0.7307692307692307,0.9423076923076923,0.5714285714285714,0.8571428571428571,0.0004
421,0.7691313922405243,1.0329949855804443,0.75,0.9230769230769231,0.7857142857142857,0.8571428571428571,0.0004
422,0.8079416453838348,0.9793918132781982,0.6923076923076923,0.9615384615384616,0.7857142857142857,0.9285714285714286,0.0004
423,1.0072388648986816,1.0395386219024658,0.7115384615384616,0.9423076923076923,0.6428571428571429,0.8571428571428571,0.0004
424,0.8467995822429657,0.792816698551178,0.7115384615384616,0.9615384615384616,0.8571428571428571,0.8571428571428571,0.0004
425,0.7480215132236481,1.1646230220794678,0.6923076923076923,0.9615384615384616,0.7142857142857143,0.7857142857142857,0.0004
426,0.920336902141571,1.0838942527770996,0.7115384615384616,0.9423076923076923,0.5714285714285714,0.9285714285714286,0.0004
427,0.773832231760025,1.3665051460266113,0.7692307692307693,0.9423076923076923,0.7142857142857143,0.9285714285714286,0.0004
428,0.9267895519733429,0.8379236459732056,0.6923076923076923,0.9423076923076923,0.9285714285714286,0.8571428571428571,0.0004
429,0.7073716372251511,0.8502865433692932,0.7884615384615384,0.9230769230769231,0.7857142857142857,0.8571428571428571,0.0004
430,0.6575942933559418,1.077744960784912,0.7692307692307693,0.9423076923076923,0.5714285714285714,0.9285714285714286,0.0004
431,0.680408239364624,1.0346319675445557,0.7115384615384616,0.9807692307692307,0.7857142857142857,0.8571428571428571,0.0004
432,0.7089089751243591,0.9726032614707947,0.75,0.9038461538461539,0.7857142857142857,0.9285714285714286,0.0004
433,1.1063840985298157,0.8237602114677429,0.6346153846153846,0.8653846153846154,0.7857142857142857,0.9285714285714286,0.0004
434,1.1166222095489502,1.0207780599594116,0.6346153846153846,0.8846153846153846,0.6428571428571429,0.9285714285714286,0.0004
435,0.7915482819080353,0.6238514184951782,0.7884615384615384,0.9038461538461539,0.9285714285714286,0.9285714285714286,0.0004
436,0.7116832733154297,1.0088157653808594,0.75,0.9230769230769231,0.7142857142857143,0.8571428571428571,0.0004
437,1.2427107393741608,1.1887094974517822,0.6346153846153846,0.8653846153846154,0.7142857142857143,0.8571428571428571,0.0004
438,0.8133860528469086,1.6595408916473389,0.6923076923076923,0.9423076923076923,0.5714285714285714,0.7857142857142857,0.0004
439,0.6806944012641907,1.5285298824310303,0.7692307692307693,0.9615384615384616,0.6428571428571429,0.8571428571428571,0.0004
440,0.7762446403503418,1.2004663944244385,0.75,0.9230769230769231,0.5714285714285714,0.8571428571428571,0.0004
441,0.7512425184249878,0.7603315711021423,0.8269230769230769,0.9038461538461539,0.7857142857142857,0.9285714285714286,0.0004
442,0.7166605889797211,1.6551308631896973,0.7884615384615384,0.9807692307692307,0.5714285714285714,0.7142857142857143,0.0004
443,0.870248556137085,1.172299861907959,0.7307692307692307,0.9230769230769231,0.7142857142857143,0.8571428571428571,0.0004
444,0.8347560167312622,0.5096560120582581,0.7884615384615384,0.8846153846153846,0.9285714285714286,0.9285714285714286,0.0004
445,1.0143243670463562,1.3512064218521118,0.7692307692307693,0.8269230769230769,0.5714285714285714,0.7857142857142857,0.0004
446,0.9134009480476379,0.658827006816864,0.7115384615384616,0.8653846153846154,0.9285714285714286,0.9285714285714286,0.0004
447,0.8203940987586975,0.8465584516525269,0.6923076923076923,0.9423076923076923,0.6428571428571429,0.9285714285714286,0.0004
448,0.7827374935150146,0.8222626447677612,0.6923076923076923,0.9615384615384616,1.0,0.8571428571428571,0.0004
449,0.7766636312007904,0.6763420701026917,0.6923076923076923,0.9807692307692307,0.7857142857142857,0.9285714285714286,0.0004
450,0.8913598954677582,1.4155795574188232,0.6923076923076923,0.9038461538461539,0.7142857142857143,0.8571428571428571,0.0004
451,0.9187192618846893,1.2627900838851929,0.6923076923076923,0.9230769230769231,0.6428571428571429,0.8571428571428571,0.0004
452,0.9330733418464661,0.7345706224441528,0.75,0.9038461538461539,0.7857142857142857,0.8571428571428571,0.0004
453,0.8182338178157806,0.9922164082527161,0.7115384615384616,0.9038461538461539,0.6428571428571429,0.8571428571428571,0.0004
454,0.8441724181175232,1.3033182621002197,0.7692307692307693,0.8846153846153846,0.6428571428571429,0.7857142857142857,0.0004
455,0.7430272698402405,1.184535264968872,0.7307692307692307,0.9807692307692307,0.5714285714285714,0.8571428571428571,0.0004
456,0.7249030470848083,0.8837416172027588,0.8076923076923077,0.9615384615384616,0.7142857142857143,0.8571428571428571,0.0004
457,0.7936048209667206,0.9590526223182678,0.7307692307692307,0.9423076923076923,0.7857142857142857,0.8571428571428571,0.0004
458,0.7521696090698242,0.9801138639450073,0.7692307692307693,1.0,0.7142857142857143,0.8571428571428571,0.0004
459,0.6509187817573547,0.435771644115448,0.8076923076923077,0.9423076923076923,1.0,0.9285714285714286,0.0004
460,0.9800553321838379,0.9722986221313477,0.6730769230769231,0.9423076923076923,0.7142857142857143,0.7142857142857143,0.0004
461,0.5660345107316971,1.5988011360168457,0.8461538461538461,0.9615384615384616,0.6428571428571429,0.7857142857142857,0.0004
462,0.7646003365516663,0.9445618391036987,0.7307692307692307,0.9230769230769231,0.7857142857142857,0.7857142857142857,0.0004
463,0.8129062056541443,1.511793851852417,0.7692307692307693,0.9038461538461539,0.5714285714285714,0.8571428571428571,0.0004
464,0.42484262585639954,1.0749719142913818,0.8846153846153846,1.0,0.7857142857142857,0.8571428571428571,0.0004
465,0.8775973320007324,0.5108681917190552,0.7692307692307693,0.9423076923076923,0.9285714285714286,0.9285714285714286,0.0004
466,0.7092223763465881,1.2448822259902954,0.7692307692307693,0.9807692307692307,0.6428571428571429,0.9285714285714286,0.0004
467,0.885048508644104,1.5675172805786133,0.7115384615384616,0.9038461538461539,0.7857142857142857,0.7857142857142857,0.0004
468,0.8606454133987427,1.4731215238571167,0.7115384615384616,0.9230769230769231,0.6428571428571429,0.8571428571428571,0.0004
469,0.6916914284229279,0.9400103092193604,0.6923076923076923,0.9807692307692307,0.7142857142857143,0.8571428571428571,0.0004
470,0.8111663460731506,0.8454964756965637,0.6923076923076923,0.9423076923076923,0.7857142857142857,0.8571428571428571,0.0004
471,0.803010106086731,1.2580456733703613,0.6538461538461539,0.9615384615384616,0.8571428571428571,0.8571428571428571,0.0004
472,0.993793249130249,0.5810213088989258,0.7115384615384616,0.9423076923076923,0.8571428571428571,0.9285714285714286,0.0004
473,0.8379659354686737,1.5367196798324585,0.6538461538461539,0.9615384615384616,0.5714285714285714,0.8571428571428571,0.0004
474,0.8612470030784607,1.0718419551849365,0.6538461538461539,0.9038461538461539,0.6428571428571429,0.8571428571428571,0.0004
475,0.8165951669216156,1.2014930248260498,0.7884615384615384,0.9423076923076923,0.7142857142857143,0.8571428571428571,0.0004
476,0.8050345182418823,0.7636052966117859,0.6346153846153846,0.9423076923076923,0.7857142857142857,0.9285714285714286,0.0004
477,0.7765450477600098,0.7541208863258362,0.7307692307692307,0.9423076923076923,0.7857142857142857,0.9285714285714286,0.0004
478,0.9066286683082581,0.8414288759231567,0.6923076923076923,0.9615384615384616,0.6428571428571429,1.0,0.0004
479,0.5697217285633087,0.7597190141677856,0.8461538461538461,0.9423076923076923,0.9285714285714286,0.9285714285714286,0.0004
480,0.8789614140987396,1.3588083982467651,0.7115384615384616,0.9807692307692307,0.5714285714285714,0.8571428571428571,0.0004
481,0.8064004778862,0.8894993662834167,0.8269230769230769,0.8846153846153846,0.5714285714285714,0.8571428571428571,0.0004
482,0.7568477690219879,1.153218150138855,0.7115384615384616,0.9423076923076923,0.7857142857142857,0.7857142857142857,0.0004
483,0.6903785765171051,0.7809510231018066,0.7692307692307693,0.9807692307692307,0.8571428571428571,0.9285714285714286,0.0004
484,0.9501343369483948,0.7077056169509888,0.5769230769230769,0.9230769230769231,0.7857142857142857,0.9285714285714286,0.0004
485,0.5521706640720367,1.19846773147583,0.8269230769230769,0.9807692307692307,0.9285714285714286,0.7857142857142857,0.0004
486,0.5183922350406647,1.0175275802612305,0.8461538461538461,1.0,0.7142857142857143,0.8571428571428571,0.0004
487,0.8735240995883942,0.9274893999099731,0.7307692307692307,0.9230769230769231,0.8571428571428571,0.8571428571428571,0.0004
488,0.9439685344696045,1.489731788635254,0.6730769230769231,0.9615384615384616,0.5714285714285714,0.7857142857142857,0.0004
489,0.8158449530601501,1.0376074314117432,0.7115384615384616,0.9423076923076923,0.7142857142857143,0.8571428571428571,0.0004
490,0.8313632011413574,0.8935104608535767,0.6346153846153846,0.9615384615384616,0.8571428571428571,0.8571428571428571,0.0004
491,0.786692351102829,0.6635950207710266,0.6923076923076923,0.9615384615384616,0.7142857142857143,1.0,0.0004
492,0.7169365286827087,0.979729950428009,0.7307692307692307,0.9615384615384616,0.7857142857142857,0.8571428571428571,0.0004
493,0.830917090177536,0.9012995958328247,0.75,0.8846153846153846,0.7142857142857143,0.8571428571428571,0.0004
494,0.5581971704959869,1.471792221069336,0.8269230769230769,0.9807692307692307,0.6428571428571429,0.7857142857142857,0.0004
495,0.7099494934082031,0.5843697190284729,0.75,0.9615384615384616,0.8571428571428571,1.0,0.0004
496,0.7604340016841888,0.8943108320236206,0.75,0.9230769230769231,0.8571428571428571,0.8571428571428571,0.0004
497,0.7257049381732941,0.8911665678024292,0.7692307692307693,0.9615384615384616,0.9285714285714286,0.9285714285714286,0.0004
498,0.7983043789863586,1.330754041671753,0.6923076923076923,0.9615384615384616,0.7142857142857143,0.8571428571428571,0.0004
499,0.7818123698234558,1.3158513307571411,0.7307692307692307,0.9230769230769231,0.7142857142857143,0.7857142857142857,0.0004
500,0.8446977138519287,1.2038055658340454,0.7307692307692307,0.9423076923076923,0.5,0.9285714285714286,0.0004
501,0.9118291139602661,0.7554016709327698,0.6538461538461539,0.9230769230769231,0.7857142857142857,0.8571428571428571,0.0004
502,0.4428907334804535,0.785646915435791,0.8653846153846154,0.9807692307692307,0.7857142857142857,1.0,0.0004
503,0.9602188766002655,1.732677936553955,0.6153846153846154,0.9230769230769231,0.42857142857142855,0.8571428571428571,0.0004
504,0.7249056398868561,0.9702016711235046,0.75,0.9615384615384616,0.6428571428571429,0.9285714285714286,0.0004
505,0.6540992259979248,1.4484190940856934,0.7884615384615384,0.9423076923076923,0.6428571428571429,0.7857142857142857,0.0004
506,1.0078552067279816,1.4245597124099731,0.5961538461538461,0.9230769230769231,0.5714285714285714,0.8571428571428571,0.0004
507,0.7756907343864441,1.546435832977295,0.7692307692307693,0.9615384615384616,0.5,0.8571428571428571,0.0004
508,0.8162550926208496,1.4314416646957397,0.6538461538461539,0.9615384615384616,0.6428571428571429,0.8571428571428571,0.0004
509,0.7539503872394562,1.134220004081726,0.6730769230769231,0.9615384615384616,0.5714285714285714,0.8571428571428571,0.0004
510,0.7408568859100342,1.601560115814209,0.7884615384615384,0.9230769230769231,0.5714285714285714,0.8571428571428571,0.0004
511,0.7205930054187775,1.3727400302886963,0.7115384615384616,0.9615384615384616,0.5714285714285714,0.7857142857142857,0.0004
512,0.8401843011379242,1.8486782312393188,0.7692307692307693,0.9230769230769231,0.5,0.6428571428571429,0.0004
513,0.7584821283817291,1.5461535453796387,0.7115384615384616,0.9615384615384616,0.6428571428571429,0.7857142857142857,0.0004
514,0.6688412725925446,1.2704386711120605,0.8653846153846154,0.8846153846153846,0.5714285714285714,0.8571428571428571,0.0004
515,0.8661319017410278,0.6723260879516602,0.7307692307692307,0.8846153846153846,0.7857142857142857,0.9285714285714286,0.0004
516,0.6305300444364548,1.0684940814971924,0.75,0.9230769230769231,0.7142857142857143,0.8571428571428571,0.0004
517,0.6625912487506866,1.503903865814209,0.7692307692307693,0.9615384615384616,0.42857142857142855,0.7857142857142857,0.0004
518,0.754567563533783,1.471134901046753,0.7692307692307693,0.9423076923076923,0.7142857142857143,0.7857142857142857,0.0004
519,0.7894625663757324,0.8353008031845093,0.6923076923076923,0.9423076923076923,0.8571428571428571,0.9285714285714286,0.0004
520,0.5815499722957611,1.1969513893127441,0.7692307692307693,0.9807692307692307,0.6428571428571429,0.7857142857142857,0.0004
521,0.5532513111829758,0.5796412229537964,0.7884615384615384,1.0,0.8571428571428571,1.0,0.0004
522,0.639031171798706,1.2412493228912354,0.8076923076923077,0.9615384615384616,0.7142857142857143,0.8571428571428571,0.0004
523,0.6734545826911926,0.923477053642273,0.7115384615384616,0.9807692307692307,0.8571428571428571,0.8571428571428571,0.0004
524,0.6348966658115387,0.7920580506324768,0.8076923076923077,0.9230769230769231,0.7142857142857143,0.9285714285714286,0.0004
525,0.7146407663822174,0.8813920021057129,0.75,0.9230769230769231,0.7142857142857143,0.7857142857142857,0.0004
526,0.7294132113456726,1.530470848083496,0.7692307692307693,0.9615384615384616,0.5714285714285714,0.7857142857142857,0.0004
527,0.5563111007213593,1.279057502746582,0.75,0.9807692307692307,0.7857142857142857,0.7857142857142857,0.0004
528,0.6680860221385956,1.4356157779693604,0.8269230769230769,0.9615384615384616,0.6428571428571429,0.7857142857142857,0.0004
529,0.6558297872543335,0.812933087348938,0.8076923076923077,0.9807692307692307,1.0,0.8571428571428571,0.0004
530,0.6789614260196686,1.042225956916809,0.75,0.9807692307692307,0.8571428571428571,0.8571428571428571,0.0004
531,0.663145512342453,1.3646385669708252,0.7692307692307693,0.9615384615384616,0.7857142857142857,0.7857142857142857,0.0004
532,0.8171031177043915,0.9872525930404663,0.7692307692307693,0.9615384615384616,0.7857142857142857,0.8571428571428571,0.0004
533,0.5768227875232697,0.874443531036377,0.8076923076923077,0.9807692307692307,0.7857142857142857,0.8571428571428571,0.0004
534,0.9414978623390198,1.5832990407943726,0.6538461538461539,0.9230769230769231,0.7142857142857143,0.7857142857142857,0.0004
535,0.6890140175819397,0.5912888050079346,0.8076923076923077,0.9423076923076923,0.9285714285714286,0.9285714285714286,0.0004
536,0.6886615455150604,1.4918763637542725,0.8076923076923077,0.9230769230769231,0.5,0.8571428571428571,0.0004
537,0.7183388769626617,1.1422061920166016,0.7692307692307693,0.9423076923076923,0.7142857142857143,0.8571428571428571,0.0004
538,0.7910029292106628,0.8993940353393555,0.8076923076923077,0.9423076923076923,0.7857142857142857,0.9285714285714286,0.0004
539,0.5319643318653107,1.0504779815673828,0.8076923076923077,0.9807692307692307,0.7142857142857143,0.9285714285714286,0.0004
540,0.7173227667808533,1.0036206245422363,0.6730769230769231,1.0,0.7142857142857143,0.7857142857142857,0.0004
541,0.6446844339370728,0.7467617392539978,0.7307692307692307,0.9615384615384616,0.7142857142857143,0.9285714285714286,0.0004
542,0.7838219404220581,0.6330969929695129,0.6730769230769231,0.9423076923076923,0.8571428571428571,0.9285714285714286,0.0004
543,0.6421133875846863,1.8004157543182373,0.7115384615384616,0.9807692307692307,0.6428571428571429,0.7857142857142857,0.0004
544,0.9309103488922119,1.0764237642288208,0.75,0.9038461538461539,0.7142857142857143,0.8571428571428571,0.0004
545,0.8039808571338654,1.1383991241455078,0.8076923076923077,0.9230769230769231,0.9285714285714286,0.7857142857142857,0.0004
546,0.6524995267391205,1.2036783695220947,0.7692307692307693,0.9807692307692307,0.6428571428571429,0.8571428571428571,0.0004
547,0.7052852809429169,0.5271004438400269,0.7307692307692307,0.9423076923076923,0.7857142857142857,0.9285714285714286,0.0004
548,0.7619593143463135,0.8736602067947388,0.6923076923076923,0.9615384615384616,0.8571428571428571,0.9285714285714286,0.0004
549,0.7370160222053528,1.541020154953003,0.7115384615384616,0.9423076923076923,0.5,0.7857142857142857,0.0004
550,0.6484729051589966,1.3881309032440186,0.75,1.0,0.7857142857142857,0.8571428571428571,0.0004
551,0.7918641567230225,1.7859430313110352,0.75,0.9615384615384616,0.5714285714285714,0.7857142857142857,0.0004
552,0.6002511382102966,1.2212493419647217,0.7884615384615384,1.0,0.6428571428571429,0.8571428571428571,0.0004
553,0.6903611421585083,1.923140048980713,0.8269230769230769,0.9615384615384616,0.5,0.7857142857142857,0.0004
554,0.8508683741092682,0.8940268754959106,0.7307692307692307,0.9615384615384616,0.7857142857142857,0.8571428571428571,0.0004
555,0.6756892502307892,1.666751742362976,0.7884615384615384,0.9615384615384616,0.6428571428571429,0.7857142857142857,0.0004
556,0.8166481852531433,1.0287675857543945,0.7884615384615384,0.9615384615384616,0.7142857142857143,0.9285714285714286,0.0004
557,0.5694877058267593,0.6614745855331421,0.7884615384615384,0.9615384615384616,1.0,0.9285714285714286,0.0004
558,0.7564794421195984,1.8662140369415283,0.75,0.9423076923076923,0.5714285714285714,0.5714285714285714,0.0004
559,0.8481241464614868,0.48495596647262573,0.7115384615384616,0.9423076923076923,0.9285714285714286,0.9285714285714286,0.0004
560,0.9174380302429199,1.756698489189148,0.75,0.9038461538461539,0.5714285714285714,0.7857142857142857,0.0004
561,0.760374516248703,0.9482430815696716,0.7115384615384616,0.9807692307692307,0.7142857142857143,0.9285714285714286,0.0004
562,0.6150188595056534,1.1414973735809326,0.8269230769230769,0.9423076923076923,0.7857142857142857,0.9285714285714286,0.0004
563,0.6968383491039276,0.6299711465835571,0.7307692307692307,0.9615384615384616,0.7857142857142857,0.9285714285714286,0.0004
564,0.6208109557628632,0.9366665482521057,0.7692307692307693,0.9423076923076923,0.7142857142857143,0.7857142857142857,0.0004
565,0.6031248718500137,0.8649218082427979,0.7884615384615384,0.9807692307692307,0.6428571428571429,0.9285714285714286,0.0004
566,0.7212072908878326,0.5293865203857422,0.7307692307692307,0.9807692307692307,0.8571428571428571,0.9285714285714286,0.0004
567,0.9392101466655731,1.1682969331741333,0.6923076923076923,0.8846153846153846,0.6428571428571429,0.8571428571428571,0.0004
568,0.9840126037597656,1.2863926887512207,0.6730769230769231,0.8653846153846154,0.6428571428571429,0.8571428571428571,0.0004
569,1.0305588841438293,0.6028640866279602,0.7115384615384616,0.9423076923076923,0.7142857142857143,0.9285714285714286,0.0004
570,0.66335529088974,0.8116574883460999,0.7884615384615384,0.9038461538461539,0.6428571428571429,0.9285714285714286,0.0004
571,0.6480022668838501,1.0577917098999023,0.75,0.9807692307692307,0.6428571428571429,0.8571428571428571,0.0004
572,0.8578477501869202,1.9988949298858643,0.6923076923076923,0.9615384615384616,0.35714285714285715,0.7857142857142857,0.0004
573,0.695304661989212,0.9173761010169983,0.7307692307692307,0.9615384615384616,0.8571428571428571,0.7857142857142857,0.0004
574,0.9036331474781036,0.9709371328353882,0.6923076923076923,0.9230769230769231,0.9285714285714286,0.8571428571428571,0.0004
575,0.5918021202087402,1.0504100322723389,0.7884615384615384,0.9615384615384616,0.7142857142857143,0.8571428571428571,0.0004
576,0.9156566262245178,1.5929276943206787,0.6346153846153846,0.9423076923076923,0.5,0.7142857142857143,0.0004
577,0.6194525957107544,0.8187095522880554,0.7884615384615384,0.9615384615384616,0.7857142857142857,0.8571428571428571,0.0004
578,0.6260684132575989,1.1165595054626465,0.8076923076923077,0.9615384615384616,0.7857142857142857,0.8571428571428571,0.0004
579,0.5301274955272675,1.2161388397216797,0.8461538461538461,0.9807692307692307,0.7857142857142857,0.8571428571428571,0.0004
580,0.7353367805480957,1.0462968349456787,0.7884615384615384,0.9423076923076923,0.6428571428571429,0.8571428571428571,0.0004
581,0.7314426898956299,0.6368777751922607,0.7692307692307693,0.9230769230769231,0.8571428571428571,0.9285714285714286,0.0004
582,0.5823695957660675,1.8563268184661865,0.8269230769230769,0.9615384615384616,0.5714285714285714,0.7857142857142857,0.0004
583,0.7934684157371521,1.2588651180267334,0.7307692307692307,0.9807692307692307,0.7142857142857143,0.7857142857142857,0.0004
584,0.6070438027381897,1.061811923980713,0.7692307692307693,1.0,0.7142857142857143,0.7857142857142857,0.0004
585,0.6664774715900421,0.669457197189331,0.7307692307692307,0.9615384615384616,0.8571428571428571,0.9285714285714286,0.0004
586,0.8245776891708374,0.3629137873649597,0.6346153846153846,0.9807692307692307,1.0,0.9285714285714286,0.0004
587,0.6257196068763733,0.8829494714736938,0.7692307692307693,0.9423076923076923,0.7857142857142857,0.8571428571428571,0.0004
588,0.629600465297699,2.0572304725646973,0.7692307692307693,0.9807692307692307,0.6428571428571429,0.7857142857142857,0.0004
589,0.7778305411338806,0.8050615191459656,0.7307692307692307,0.9423076923076923,0.7857142857142857,0.9285714285714286,0.0004
590,0.8076812028884888,1.1855770349502563,0.7884615384615384,0.9423076923076923,0.7142857142857143,0.7857142857142857,0.0004
591,0.7761560082435608,1.1702704429626465,0.7692307692307693,0.9423076923076923,0.7857142857142857,0.8571428571428571,0.0004
592,0.8112423717975616,1.0817354917526245,0.6730769230769231,0.9423076923076923,0.7857142857142857,0.8571428571428571,0.0004
593,0.7841560244560242,1.1755284070968628,0.6730769230769231,0.9615384615384616,0.7142857142857143,0.8571428571428571,0.0004
594,0.7144871056079865,1.1403956413269043,0.7692307692307693,0.9423076923076923,0.7142857142857143,0.7857142857142857,0.0004
595,0.8757106065750122,1.4433783292770386,0.7115384615384616,0.9615384615384616,0.6428571428571429,0.8571428571428571,0.0004
596,0.6313159465789795,0.7310437560081482,0.7692307692307693,1.0,0.9285714285714286,0.9285714285714286,0.0004
597,0.7745978236198425,0.7432091236114502,0.6923076923076923,0.9807692307692307,0.7857142857142857,0.9285714285714286,0.0004
598,0.6519051194190979,1.5868912935256958,0.8076923076923077,0.9807692307692307,0.7142857142857143,0.7857142857142857,0.0004
599,0.4225213974714279,1.5896661281585693,0.8653846153846154,0.9807692307692307,0.7142857142857143,0.7857142857142857,0.0004
600,0.6201247572898865,1.331057071685791,0.7884615384615384,0.9807692307692307,0.7857142857142857,0.7857142857142857,0.0004
601,0.9276961386203766,0.7680747509002686,0.6730769230769231,0.9423076923076923,0.7857142857142857,0.9285714285714286,0.0004
602,0.5249474197626114,1.093949317932129,0.8269230769230769,0.9615384615384616,0.7142857142857143,0.7857142857142857,0.0004
603,0.7195232808589935,1.2292829751968384,0.7884615384615384,0.9423076923076923,0.7142857142857143,0.8571428571428571,0.0004
604,0.5397399365901947,1.178184986114502,0.7307692307692307,1.0,0.6428571428571429,0.8571428571428571,0.0004
605,0.5911170244216919,2.1504383087158203,0.7307692307692307,1.0,0.5,0.7857142857142857,0.0004
606,0.6403919756412506,1.2187926769256592,0.75,1.0,0.6428571428571429,0.9285714285714286,0.0004
607,0.5958305597305298,1.4512076377868652,0.75,0.9807692307692307,0.6428571428571429,0.7857142857142857,0.0004
608,0.827660858631134,1.3225713968276978,0.6153846153846154,0.9615384615384616,0.7142857142857143,0.8571428571428571,0.0004
609,0.9006293416023254,1.0348845720291138,0.6730769230769231,0.9423076923076923,0.7142857142857143,0.7857142857142857,0.0004
610,0.7475537955760956,1.1301069259643555,0.6923076923076923,0.9807692307692307,0.6428571428571429,0.8571428571428571,0.0004
611,0.6216245144605637,1.2429792881011963,0.75,0.9615384615384616,0.5714285714285714,0.8571428571428571,0.0004
612,0.8007997870445251,1.0916997194290161,0.7115384615384616,0.9423076923076923,0.7142857142857143,0.8571428571428571,0.0004
613,0.8628300428390503,0.679336667060852,0.7307692307692307,0.9423076923076923,0.7857142857142857,0.8571428571428571,0.0004
614,0.4807390570640564,1.192784070968628,0.8076923076923077,1.0,0.6428571428571429,0.7857142857142857,0.0004
615,0.953660637140274,1.4339947700500488,0.7307692307692307,0.9230769230769231,0.5714285714285714,0.8571428571428571,0.0004
616,0.4880712330341339,0.6462281942367554,0.7692307692307693,1.0,0.8571428571428571,0.9285714285714286,0.0004
617,0.6460427343845367,0.9516333341598511,0.8076923076923077,0.9230769230769231,0.7857142857142857,0.7857142857142857,0.0004
618,0.7618019282817841,0.791982114315033,0.75,0.9423076923076923,0.8571428571428571,0.9285714285714286,0.0004
619,0.6762141734361649,0.7270480990409851,0.7884615384615384,0.9615384615384616,0.7857142857142857,0.9285714285714286,0.0004
620,0.7087125480175018,0.5296767354011536,0.7692307692307693,0.9615384615384616,0.9285714285714286,0.9285714285714286,0.0004
621,0.5830451101064682,1.1367639303207397,0.7692307692307693,0.9423076923076923,0.6428571428571429,0.9285714285714286,0.0004
622,0.6672087609767914,0.8498496413230896,0.8461538461538461,0.9423076923076923,0.7857142857142857,0.9285714285714286,0.0004
623,0.75779989361763,1.0656691789627075,0.7307692307692307,0.9615384615384616,0.7142857142857143,0.7142857142857143,0.0004
624,0.8321969509124756,1.3315905332565308,0.7307692307692307,0.9423076923076923,0.6428571428571429,0.8571428571428571,0.0004
625,0.7677215039730072,0.6966812610626221,0.7307692307692307,0.9615384615384616,0.8571428571428571,0.9285714285714286,0.0004
626,0.8515095114707947,1.5592432022094727,0.7115384615384616,0.8846153846153846,0.7142857142857143,0.8571428571428571,0.0004
627,0.740822046995163,0.7305330038070679,0.75,0.9230769230769231,0.7142857142857143,0.9285714285714286,0.0004
628,0.667558342218399,1.0758130550384521,0.7692307692307693,0.9423076923076923,0.6428571428571429,0.7857142857142857,0.0004
629,0.6332858800888062,1.3584380149841309,0.8076923076923077,0.9615384615384616,0.7142857142857143,0.8571428571428571,0.0004
630,0.6396455764770508,1.4125707149505615,0.8076923076923077,0.9423076923076923,0.7857142857142857,0.7857142857142857,0.0004
631,0.6127081513404846,0.7272555828094482,0.8269230769230769,0.9423076923076923,0.7857142857142857,0.9285714285714286,0.0004
632,1.0204379558563232,0.8245946764945984,0.6346153846153846,0.9230769230769231,0.6428571428571429,1.0,0.0004
633,1.043871521949768,1.310489535331726,0.7115384615384616,0.8846153846153846,0.5714285714285714,0.9285714285714286,0.0004
634,0.689453199505806,1.2204431295394897,0.8076923076923077,0.9038461538461539,0.5714285714285714,0.9285714285714286,0.0004
635,0.7892582416534424,1.2614078521728516,0.6923076923076923,0.9807692307692307,0.7857142857142857,0.7857142857142857,0.0004
636,0.8276827931404114,0.7433397769927979,0.6923076923076923,0.9038461538461539,0.7857142857142857,0.9285714285714286,0.0004
637,0.7114601731300354,1.7817494869232178,0.8269230769230769,0.9615384615384616,0.6428571428571429,0.7857142857142857,0.0004
638,0.895796537399292,1.506024956703186,0.6923076923076923,0.8846153846153846,0.5,0.7857142857142857,0.0004
639,0.8066085278987885,0.9418608546257019,0.6923076923076923,0.9230769230769231,0.7142857142857143,0.8571428571428571,0.0004
640,0.7532780468463898,1.3858426809310913,0.7307692307692307,0.9423076923076923,0.7857142857142857,0.7857142857142857,0.0004
641,0.8189827501773834,1.03586745262146,0.7115384615384616,0.9615384615384616,0.7857142857142857,0.9285714285714286,0.0004
642,0.9020629823207855,1.0985021591186523,0.6538461538461539,0.9423076923076923,0.7142857142857143,0.7857142857142857,0.0004
643,0.6853081583976746,1.1787890195846558,0.7884615384615384,0.9230769230769231,0.7142857142857143,0.8571428571428571,0.0004
644,0.7652418315410614,1.2684519290924072,0.7115384615384616,0.9230769230769231,0.7142857142857143,0.8571428571428571,0.0004
645,0.7996357679367065,0.8827527165412903,0.6923076923076923,0.9615384615384616,0.8571428571428571,0.8571428571428571,0.0004
646,0.9503306746482849,1.2084482908248901,0.7884615384615384,0.9423076923076923,0.6428571428571429,0.9285714285714286,0.0004
647,0.7152149379253387,0.7095217704772949,0.6923076923076923,0.9807692307692307,0.7142857142857143,0.9285714285714286,0.0004
648,0.6161995828151703,0.8265708684921265,0.8076923076923077,0.9423076923076923,0.7857142857142857,0.8571428571428571,0.0004
649,0.48460550606250763,1.0436590909957886,0.8461538461538461,0.9807692307692307,0.6428571428571429,0.9285714285714286,0.0004
650,0.7222886979579926,1.0778921842575073,0.7307692307692307,0.9423076923076923,0.7142857142857143,0.8571428571428571,0.0004
651,0.8580977022647858,1.3409711122512817,0.75,0.9230769230769231,0.5714285714285714,0.8571428571428571,0.0004
652,0.9189262986183167,0.7263737320899963,0.6923076923076923,0.9038461538461539,0.8571428571428571,0.9285714285714286,0.0004
653,0.7482803761959076,1.3600072860717773,0.7884615384615384,0.9038461538461539,0.5,0.7857142857142857,0.0004
654,0.6530702114105225,0.7777494192123413,0.7692307692307693,0.9807692307692307,0.7857142857142857,0.9285714285714286,0.0004
655,0.8333526849746704,1.1268326044082642,0.7115384615384616,0.9038461538461539,0.7142857142857143,0.9285714285714286,0.0004
656,0.6482126116752625,1.061098337173462,0.75,0.9615384615384616,0.7142857142857143,0.8571428571428571,0.0004
657,0.6941136717796326,1.2831422090530396,0.7307692307692307,0.9615384615384616,0.7857142857142857,0.9285714285714286,0.0004
658,0.722472757101059,1.5009336471557617,0.6730769230769231,0.9807692307692307,0.5714285714285714,0.7857142857142857,0.0004
659,0.6563232839107513,0.6830224990844727,0.8461538461538461,0.9615384615384616,0.7142857142857143,0.9285714285714286,0.0004
660,0.817755788564682,0.8519598245620728,0.6923076923076923,0.9423076923076923,0.8571428571428571,0.9285714285714286,0.0004
661,0.7825480103492737,1.7222038507461548,0.7115384615384616,0.9807692307692307,0.5714285714285714,0.7857142857142857,0.0004
662,0.6382255852222443,1.3428837060928345,0.7692307692307693,0.9423076923076923,0.6428571428571429,0.8571428571428571,0.0004
663,0.77879598736763,1.780034065246582,0.75,0.9230769230769231,0.6428571428571429,0.7857142857142857,0.0004
664,0.7673659324645996,1.9720464944839478,0.75,0.9423076923076923,0.5,0.6428571428571429,0.0004
665,0.7673563957214355,1.1960694789886475,0.75,0.9423076923076923,0.6428571428571429,0.7857142857142857,0.0004
666,0.6382407546043396,0.780828595161438,0.7307692307692307,0.9807692307692307,0.7142857142857143,0.8571428571428571,0.0004
667,0.8941662013530731,1.1809171438217163,0.6346153846153846,0.9423076923076923,0.5714285714285714,0.8571428571428571,0.0004
668,0.6406179666519165,1.1685305833816528,0.8076923076923077,0.9807692307692307,0.5714285714285714,0.9285714285714286,0.0004
669,0.7050396800041199,0.8385956883430481,0.7115384615384616,0.9230769230769231,0.7142857142857143,0.9285714285714286,0.0004
670,0.7262100577354431,0.9109631776809692,0.7115384615384616,0.9615384615384616,0.8571428571428571,0.7857142857142857,0.0004
671,0.7011186182498932,0.9140417575836182,0.7884615384615384,0.9615384615384616,0.8571428571428571,0.9285714285714286,0.0004
672,0.8674176633358002,0.6892127990722656,0.7115384615384616,0.9423076923076923,0.8571428571428571,0.9285714285714286,0.0004
673,0.8343576192855835,1.2445039749145508,0.7692307692307693,0.9615384615384616,0.5714285714285714,0.8571428571428571,0.0004
674,0.7150013446807861,0.8876388072967529,0.75,0.9615384615384616,0.7142857142857143,0.8571428571428571,0.0004
675,0.8159426748752594,1.5256046056747437,0.7884615384615384,0.9423076923076923,0.8571428571428571,0.7142857142857143,0.0004
676,0.7426632344722748,1.4736393690109253,0.7884615384615384,0.9230769230769231,0.7142857142857143,0.7857142857142857,0.0004
677,0.6238890290260315,0.4895782470703125,0.7884615384615384,0.9807692307692307,1.0,0.8571428571428571,0.0004
678,0.9229230284690857,0.9886582493782043,0.7307692307692307,0.9230769230769231,0.8571428571428571,0.8571428571428571,0.0004
679,0.7015587687492371,1.2298214435577393,0.7884615384615384,0.9615384615384616,0.7142857142857143,0.7857142857142857,0.0004
680,0.49796831607818604,1.2470896244049072,0.8461538461538461,0.9615384615384616,0.7857142857142857,0.7857142857142857,0.0004
681,0.5607114434242249,0.4155091643333435,0.8461538461538461,1.0,0.8571428571428571,1.0,0.0004
682,0.5951165556907654,0.7507127523422241,0.8269230769230769,0.9615384615384616,0.8571428571428571,0.9285714285714286,0.0004
683,0.7420155704021454,1.2454562187194824,0.7307692307692307,0.9423076923076923,0.7142857142857143,0.9285714285714286,0.0004
684,0.7447457909584045,1.8599122762680054,0.7884615384615384,0.9230769230769231,0.6428571428571429,0.8571428571428571,0.0004
685,1.0257876515388489,1.4067270755767822,0.6346153846153846,0.9423076923076923,0.6428571428571429,0.8571428571428571,0.0004
686,0.9566105902194977,0.9519348740577698,0.6923076923076923,0.9423076923076923,0.7857142857142857,0.8571428571428571,0.0004
687,0.8868617713451385,1.0455048084259033,0.75,0.8846153846153846,0.6428571428571429,0.8571428571428571,0.0004
688,0.9949962794780731,0.9095622301101685,0.6153846153846154,0.9615384615384616,0.9285714285714286,0.8571428571428571,0.0004
689,0.7362228035926819,1.2270830869674683,0.75,0.9423076923076923,0.5714285714285714,0.9285714285714286,0.0004
690,0.7101685404777527,1.0174124240875244,0.6730769230769231,0.9615384615384616,0.7142857142857143,0.9285714285714286,0.0004
691,0.48216216266155243,1.9467829465866089,0.8653846153846154,0.9807692307692307,0.5,0.7857142857142857,0.0004
692,0.8002335131168365,1.0511820316314697,0.75,0.9615384615384616,0.7857142857142857,0.8571428571428571,0.0004
693,0.8137889802455902,1.7583034038543701,0.6923076923076923,0.9038461538461539,0.5,0.7857142857142857,0.0004
694,1.0407795906066895,1.223344087600708,0.6730769230769231,0.9230769230769231,0.6428571428571429,0.7857142857142857,0.0004
695,0.6354190409183502,1.861644983291626,0.8076923076923077,0.9615384615384616,0.2857142857142857,0.7857142857142857,0.0004
696,0.5994665324687958,1.3229267597198486,0.7307692307692307,0.9615384615384616,0.6428571428571429,0.8571428571428571,0.0004
697,0.6013866364955902,1.0886118412017822,0.7884615384615384,0.9807692307692307,0.7142857142857143,0.8571428571428571,0.0004
698,0.8214799463748932,1.4851698875427246,0.75,0.9230769230769231,0.7142857142857143,0.7857142857142857,0.0004
699,0.6363685131072998,1.5326194763183594,0.7884615384615384,0.9807692307692307,0.7142857142857143,0.7857142857142857,0.0004
700,0.7893853187561035,0.9962466359138489,0.75,0.9615384615384616,0.7142857142857143,0.8571428571428571,0.0004
701,0.6469256579875946,0.4788586497306824,0.7307692307692307,0.9615384615384616,0.7857142857142857,0.9285714285714286,0.0004
702,0.7716578543186188,0.6246904134750366,0.6923076923076923,0.9615384615384616,1.0,0.9285714285714286,0.0004
703,0.5370782613754272,1.005111575126648,0.8269230769230769,0.9807692307692307,0.7857142857142857,0.8571428571428571,0.0004
704,0.7871734499931335,0.7330735325813293,0.7692307692307693,0.9230769230769231,0.7857142857142857,0.9285714285714286,0.0004
705,0.7863776981830597,1.2514479160308838,0.7307692307692307,0.9423076923076923,0.6428571428571429,0.8571428571428571,0.0004
706,0.8176858425140381,0.8670598864555359,0.7307692307692307,0.9807692307692307,0.7142857142857143,0.9285714285714286,0.0004
707,0.6457214504480362,1.4323453903198242,0.7692307692307693,0.9615384615384616,0.5,0.8571428571428571,0.0004
708,0.5970059633255005,0.6054704189300537,0.8076923076923077,0.9615384615384616,0.7857142857142857,0.9285714285714286,0.0004
709,0.6428024917840958,1.1656293869018555,0.75,0.9423076923076923,0.7857142857142857,0.8571428571428571,0.0004
710,0.669288843870163,0.9852460026741028,0.7307692307692307,1.0,0.7142857142857143,0.8571428571428571,0.0004
711,0.8333987593650818,0.8106958866119385,0.6923076923076923,0.9423076923076923,0.7142857142857143,0.8571428571428571,0.0004
712,0.6120247542858124,1.2093863487243652,0.8076923076923077,1.0,0.6428571428571429,0.8571428571428571,0.0004
713,0.5770907402038574,1.3012819290161133,0.7692307692307693,0.9807692307692307,0.7142857142857143,0.7857142857142857,0.0004
714,0.6839719414710999,0.9970481991767883,0.75,0.9615384615384616,0.7857142857142857,0.9285714285714286,0.0004
715,0.6103548407554626,0.9468563795089722,0.7115384615384616,0.9807692307692307,0.7142857142857143,0.9285714285714286,0.0004
716,0.5588387101888657,1.0901159048080444,0.8653846153846154,0.9615384615384616,0.9285714285714286,0.7857142857142857,0.0004
717,0.8243730366230011,1.2755978107452393,0.7307692307692307,0.9230769230769231,0.6428571428571429,0.7857142857142857,0.0004
718,0.7720131874084473,1.4585585594177246,0.6923076923076923,0.9038461538461539,0.7857142857142857,0.7857142857142857,0.0004
719,0.8340721726417542,1.0748368501663208,0.75,0.9423076923076923,0.7857142857142857,0.7857142857142857,0.0004
720,0.8990955650806427,1.3788788318634033,0.6730769230769231,0.9615384615384616,0.5714285714285714,0.8571428571428571,0.0004
721,0.5707007199525833,1.0106450319290161,0.75,0.9807692307692307,0.8571428571428571,0.8571428571428571,0.0004
722,0.8769596219062805,0.8269274234771729,0.6730769230769231,0.9423076923076923,0.8571428571428571,0.8571428571428571,0.0004
723,0.6943646967411041,1.151392936706543,0.75,0.9615384615384616,0.6428571428571429,0.9285714285714286,0.0004
724,0.8560240566730499,1.19997239112854,0.6923076923076923,0.8846153846153846,0.5714285714285714,0.7857142857142857,0.0004
725,0.7268624752759933,1.2675812244415283,0.75,0.9230769230769231,0.5714285714285714,0.7857142857142857,0.0004
726,0.7711039185523987,0.931570291519165,0.7692307692307693,0.8846153846153846,0.7142857142857143,0.8571428571428571,0.0004
727,0.7699927687644958,1.6113730669021606,0.7307692307692307,0.9230769230769231,0.6428571428571429,0.7857142857142857,0.0004
728,0.6162582337856293,0.7899194955825806,0.8269230769230769,0.9230769230769231,1.0,0.8571428571428571,0.0004
729,1.0931378901004791,0.8304433822631836,0.6923076923076923,0.9038461538461539,0.8571428571428571,0.8571428571428571,0.0004
730,0.7379483878612518,0.728861927986145,0.7692307692307693,0.9423076923076923,0.8571428571428571,0.9285714285714286,0.0004
731,0.5372782051563263,0.8584647178649902,0.8076923076923077,0.9423076923076923,0.8571428571428571,0.9285714285714286,0.0004
732,0.4067092686891556,1.153665542602539,0.8846153846153846,0.9807692307692307,0.7142857142857143,0.8571428571428571,0.0004
733,0.9833009541034698,0.7739302515983582,0.6923076923076923,0.9230769230769231,0.7857142857142857,0.9285714285714286,0.0004
734,0.7039551436901093,0.9484889507293701,0.75,0.9615384615384616,0.7857142857142857,0.8571428571428571,0.0004
735,0.4940328896045685,1.3026669025421143,0.8653846153846154,0.9615384615384616,0.6428571428571429,0.8571428571428571,0.0004
736,0.7962597012519836,0.968909740447998,0.6730769230769231,0.9423076923076923,0.7857142857142857,0.8571428571428571,0.0004
737,0.673590749502182,0.5493492484092712,0.7884615384615384,0.9423076923076923,0.9285714285714286,0.8571428571428571,0.0004
738,0.7529037594795227,1.4355103969573975,0.7115384615384616,1.0,0.6428571428571429,0.8571428571428571,0.0004
739,0.7005694210529327,0.9012089967727661,0.75,0.9423076923076923,0.7857142857142857,0.8571428571428571,0.0004
740,0.566736489534378,0.6565324068069458,0.7884615384615384,0.9807692307692307,0.8571428571428571,0.8571428571428571,0.0004
741,0.5462454110383987,0.9780018329620361,0.7884615384615384,1.0,0.7142857142857143,0.8571428571428571,0.0004
742,0.6142464578151703,0.8581482768058777,0.7692307692307693,1.0,0.7142857142857143,0.9285714285714286,0.0004
743,0.6348822712898254,1.6063203811645508,0.7884615384615384,0.9615384615384616,0.6428571428571429,0.9285714285714286,0.0004
744,0.6566205024719238,1.2005584239959717,0.7884615384615384,0.9615384615384616,0.6428571428571429,0.7857142857142857,0.0004
745,0.6006769239902496,0.6512724757194519,0.8269230769230769,0.9615384615384616,0.9285714285714286,0.8571428571428571,0.0004
746,0.5204421430826187,0.9008939862251282,0.8653846153846154,0.9423076923076923,0.7857142857142857,0.9285714285714286,0.0004
747,0.7208846807479858,0.8781198859214783,0.7692307692307693,0.9423076923076923,0.7142857142857143,0.9285714285714286,0.0004
748,0.6217099130153656,0.658838152885437,0.7884615384615384,0.9615384615384616,0.8571428571428571,0.9285714285714286,0.0004
749,0.48132170736789703,1.145251750946045,0.8461538461538461,0.9615384615384616,0.5714285714285714,0.9285714285714286,0.0004
750,0.7213285565376282,1.024614930152893,0.7307692307692307,0.9423076923076923,0.7857142857142857,0.7857142857142857,0.0004
751,0.6788629293441772,0.7068076133728027,0.8461538461538461,0.9230769230769231,0.7857142857142857,0.9285714285714286,0.0004
752,0.5887695550918579,0.8396003246307373,0.8269230769230769,0.9807692307692307,0.6428571428571429,0.9285714285714286,0.0004
753,0.7366289496421814,1.0265371799468994,0.7307692307692307,0.9423076923076923,0.7142857142857143,0.9285714285714286,0.0004
754,0.6517579853534698,1.226827621459961,0.7307692307692307,0.9615384615384616,0.7142857142857143,0.7857142857142857,0.0004
755,0.5625828355550766,1.0814409255981445,0.75,1.0,0.7857142857142857,0.8571428571428571,0.0004
756,0.5212923139333725,1.177067756652832,0.8461538461538461,0.9423076923076923,0.5714285714285714,0.8571428571428571,0.0004
757,0.6176893413066864,0.8278946876525879,0.7692307692307693,0.9615384615384616,0.8571428571428571,0.8571428571428571,0.0004
758,0.8818859755992889,1.1422595977783203,0.8076923076923077,0.8846153846153846,0.6428571428571429,0.9285714285714286,0.0004
759,0.6280803084373474,0.7986674308776855,0.8076923076923077,0.9615384615384616,0.9285714285714286,0.9285714285714286,0.0004
760,0.6626498699188232,1.217634916305542,0.75,0.9615384615384616,0.6428571428571429,0.8571428571428571,0.0004
761,0.6824653148651123,1.697887659072876,0.7115384615384616,0.9615384615384616,0.5,0.9285714285714286,0.0004
762,0.6270494759082794,1.1642699241638184,0.7692307692307693,1.0,0.7857142857142857,0.8571428571428571,0.0004
763,0.525760680437088,1.3133693933486938,0.8269230769230769,1.0,0.7142857142857143,0.8571428571428571,0.0004
764,0.8741828501224518,1.0072875022888184,0.75,0.9423076923076923,0.7857142857142857,0.8571428571428571,0.0004
765,0.6472953259944916,0.6133344173431396,0.7884615384615384,0.9615384615384616,0.9285714285714286,0.9285714285714286,0.0004
766,0.5327842831611633,1.1330351829528809,0.7307692307692307,0.9615384615384616,0.9285714285714286,0.8571428571428571,0.0004
767,0.5016229003667831,0.9180073738098145,0.8269230769230769,1.0,0.8571428571428571,0.9285714285714286,0.0004
768,0.47619105875492096,1.3003078699111938,0.7692307692307693,1.0,0.7857142857142857,0.7857142857142857,0.0004
769,0.7776421308517456,1.3034870624542236,0.8076923076923077,0.9423076923076923,0.7142857142857143,0.8571428571428571,0.0004
770,0.6257132887840271,1.4238474369049072,0.7307692307692307,0.9615384615384616,0.5714285714285714,0.8571428571428571,0.0004
771,0.6814128160476685,0.9169960021972656,0.7307692307692307,0.9423076923076923,0.7857142857142857,0.8571428571428571,0.0004
772,0.5716173648834229,1.2728475332260132,0.8076923076923077,0.9230769230769231,0.7142857142857143,0.8571428571428571,0.0004
773,0.6193976998329163,0.8811848163604736,0.8076923076923077,0.9423076923076923,0.7142857142857143,0.9285714285714286,0.0004
774,0.8164348304271698,0.7917792201042175,0.6730769230769231,0.9230769230769231,0.7857142857142857,0.9285714285714286,0.0004
775,0.7319536209106445,1.1822738647460938,0.7692307692307693,0.9423076923076923,0.8571428571428571,0.7857142857142857,0.0004
776,0.6482815444469452,1.0736932754516602,0.8076923076923077,0.9423076923076923,0.7857142857142857,0.8571428571428571,0.0004
777,0.7474451065063477,1.4789990186691284,0.7692307692307693,0.9807692307692307,0.8571428571428571,0.8571428571428571,0.0004
778,0.6293773353099823,0.9661949872970581,0.7884615384615384,0.9615384615384616,0.7857142857142857,0.9285714285714286,0.0004
779,0.7655940055847168,0.9881391525268555,0.7115384615384616,0.9615384615384616,0.8571428571428571,0.8571428571428571,0.0004
780,0.7111924290657043,1.2776763439178467,0.7115384615384616,0.9615384615384616,0.8571428571428571,0.8571428571428571,0.0004
781,0.7695017158985138,1.3834728002548218,0.7115384615384616,0.9230769230769231,0.7142857142857143,0.7857142857142857,0.0004
782,0.8575786352157593,1.8965065479278564,0.6923076923076923,0.9615384615384616,0.5,0.7857142857142857,0.0004
783,0.6222533285617828,0.8370290994644165,0.8461538461538461,0.9423076923076923,0.8571428571428571,0.8571428571428571,0.0004
784,0.6358806788921356,0.673763632774353,0.7692307692307693,0.9615384615384616,0.7142857142857143,0.9285714285714286,0.0004
785,0.7197394371032715,1.3484559059143066,0.7884615384615384,0.9423076923076923,0.6428571428571429,0.8571428571428571,0.0004
786,0.5563959777355194,0.7928226590156555,0.8076923076923077,0.9230769230769231,0.6428571428571429,0.9285714285714286,0.0004
787,0.6711783707141876,0.44896602630615234,0.8076923076923077,0.9807692307692307,0.7857142857142857,1.0,0.0004
788,0.8402979373931885,1.3250374794006348,0.75,0.9038461538461539,0.6428571428571429,0.7857142857142857,0.0004
789,0.6249530613422394,0.8514850735664368,0.7692307692307693,0.9807692307692307,0.7142857142857143,0.9285714285714286,0.0004
790,0.6920713782310486,0.9409211277961731,0.8076923076923077,0.9423076923076923,0.7142857142857143,0.9285714285714286,0.0004
791,0.6681367754936218,0.8300478458404541,0.75,0.9615384615384616,0.9285714285714286,0.8571428571428571,0.0004
792,0.7762961685657501,1.6574673652648926,0.6923076923076923,0.9615384615384616,0.7857142857142857,0.7142857142857143,0.0004
793,0.6961167603731155,0.9822080135345459,0.7692307692307693,0.9423076923076923,0.8571428571428571,0.7857142857142857,0.0004
794,0.6809017956256866,1.3788247108459473,0.7884615384615384,0.9615384615384616,0.7142857142857143,0.9285714285714286,0.0004
795,0.7176724672317505,0.7449359893798828,0.7307692307692307,0.9230769230769231,0.8571428571428571,0.8571428571428571,0.0004
796,0.7986914217472076,0.5667791366577148,0.75,0.9038461538461539,0.8571428571428571,0.8571428571428571,0.0004
797,0.5705185681581497,1.7527108192443848,0.7692307692307693,0.9807692307692307,0.5,0.7857142857142857,0.0004
798,0.6634105443954468,1.4496816396713257,0.75,1.0,0.5714285714285714,0.7857142857142857,0.0004
799,0.7131422460079193,0.45798999071121216,0.7692307692307693,0.9807692307692307,0.9285714285714286,0.9285714285714286,0.0004
800,0.6966916918754578,0.8754755854606628,0.7307692307692307,0.9230769230769231,0.8571428571428571,0.8571428571428571,0.0004
801,1.2298757433891296,0.8219718933105469,0.6153846153846154,0.8846153846153846,0.7857142857142857,0.9285714285714286,0.0004
802,0.9396035373210907,1.1288540363311768,0.6538461538461539,0.9423076923076923,0.7142857142857143,0.8571428571428571,0.0004
803,0.6682771444320679,1.055720567703247,0.7692307692307693,0.9615384615384616,0.7857142857142857,0.8571428571428571,0.0004
804,0.766217052936554,0.9658329486846924,0.7884615384615384,0.9615384615384616,0.7857142857142857,0.7857142857142857,0.0004
805,1.1813249588012695,1.3908848762512207,0.6538461538461539,0.8846153846153846,0.5714285714285714,0.8571428571428571,0.0004
806,0.6818751990795135,0.9751379489898682,0.7884615384615384,0.9615384615384616,0.7857142857142857,0.8571428571428571,0.0004
807,0.8483987748622894,0.9596476554870605,0.6346153846153846,0.9807692307692307,0.7857142857142857,0.8571428571428571,0.0004
808,0.7840040326118469,1.6178544759750366,0.6346153846153846,0.9615384615384616,0.6428571428571429,0.7857142857142857,0.0004
809,1.0263281762599945,1.0972177982330322,0.6923076923076923,0.9230769230769231,0.7142857142857143,0.8571428571428571,0.0004
810,0.7181797921657562,1.0400391817092896,0.75,0.9615384615384616,0.7142857142857143,0.8571428571428571,0.0004
811,0.6502060443162918,0.743507981300354,0.7307692307692307,1.0,0.9285714285714286,0.9285714285714286,0.0004
812,0.7319774627685547,1.3170154094696045,0.75,0.9423076923076923,0.5,0.8571428571428571,0.0004
813,0.6928260922431946,0.9131045341491699,0.7692307692307693,0.9423076923076923,0.7142857142857143,0.8571428571428571,0.0004
814,0.7732764780521393,1.3472826480865479,0.6923076923076923,0.9615384615384616,0.42857142857142855,0.9285714285714286,0.0004
815,0.7621994316577911,0.954224705696106,0.7115384615384616,0.9615384615384616,0.7857142857142857,0.8571428571428571,0.0004
816,0.7419617176055908,0.9500125050544739,0.8269230769230769,0.9423076923076923,0.7142857142857143,0.9285714285714286,0.0004
817,0.6847167313098907,1.109992504119873,0.6923076923076923,1.0,0.7857142857142857,0.9285714285714286,0.0004
818,0.7277094721794128,1.3015319108963013,0.75,0.9615384615384616,0.5714285714285714,0.7857142857142857,0.0004
819,0.6819129884243011,0.8484780788421631,0.7884615384615384,0.9807692307692307,0.8571428571428571,0.8571428571428571,0.0004
820,0.9068134129047394,0.9814642667770386,0.5961538461538461,0.9423076923076923,0.7142857142857143,0.8571428571428571,0.0004
821,0.7471020221710205,1.2200970649719238,0.7115384615384616,0.9423076923076923,0.6428571428571429,0.8571428571428571,0.0004
822,0.5247582644224167,1.135650873184204,0.8461538461538461,0.9423076923076923,0.7857142857142857,0.8571428571428571,0.0004
823,0.7109289765357971,0.8089104890823364,0.6923076923076923,0.9615384615384616,0.6428571428571429,0.8571428571428571,0.0004
824,0.7523189783096313,0.7816250920295715,0.7884615384615384,0.9230769230769231,0.9285714285714286,0.9285714285714286,0.0004
825,0.6588650345802307,0.6396188735961914,0.8269230769230769,0.9423076923076923,0.8571428571428571,0.8571428571428571,0.0004
826,0.5339956283569336,1.6221221685409546,0.8269230769230769,0.9807692307692307,0.5714285714285714,0.8571428571428571,0.0004
827,0.6624364256858826,0.650199294090271,0.75,0.9807692307692307,0.8571428571428571,0.8571428571428571,0.0004
828,1.0153841376304626,0.7991504669189453,0.6538461538461539,0.9615384615384616,0.9285714285714286,0.8571428571428571,0.0004
829,0.8358840048313141,0.8759189248085022,0.7307692307692307,0.9423076923076923,0.8571428571428571,0.8571428571428571,0.0004
830,0.5558712929487228,0.908967137336731,0.7884615384615384,0.9807692307692307,0.8571428571428571,0.8571428571428571,0.0004
831,0.6705986857414246,1.3803260326385498,0.7692307692307693,0.9807692307692307,0.6428571428571429,0.7857142857142857,0.0004
832,0.7528460621833801,1.2204668521881104,0.6730769230769231,0.9423076923076923,0.7142857142857143,0.9285714285714286,0.0004
833,0.8994361162185669,0.9862799644470215,0.7115384615384616,0.9423076923076923,0.7142857142857143,0.8571428571428571,0.0004
834,0.7104639858007431,0.5877023339271545,0.7884615384615384,0.9615384615384616,0.7857142857142857,0.9285714285714286,0.0004
835,0.6796009540557861,1.0338226556777954,0.7884615384615384,0.9230769230769231,0.5714285714285714,0.8571428571428571,0.0004
836,0.9206823408603668,1.4951145648956299,0.7307692307692307,0.8846153846153846,0.5714285714285714,0.7857142857142857,0.0004
837,0.5157129466533661,1.1077995300292969,0.8269230769230769,0.9615384615384616,0.6428571428571429,0.9285714285714286,0.0004
838,0.6035591065883636,1.3696269989013672,0.8076923076923077,0.9423076923076923,0.5714285714285714,0.9285714285714286,0.0004
839,0.8008406460285187,1.2317593097686768,0.7115384615384616,0.9615384615384616,0.6428571428571429,0.8571428571428571,0.0004
840,0.7085081338882446,0.7234323620796204,0.7884615384615384,0.9230769230769231,0.7857142857142857,0.9285714285714286,0.0004
841,0.6115078926086426,0.625424861907959,0.8269230769230769,0.9807692307692307,0.7857142857142857,0.9285714285714286,0.0004
842,0.6875336468219757,0.8174054622650146,0.7115384615384616,0.9423076923076923,0.7857142857142857,0.9285714285714286,0.0004
843,0.46771982312202454,1.4252585172653198,0.9038461538461539,0.9615384615384616,0.5714285714285714,0.9285714285714286,0.0004
844,0.9854827523231506,0.8996137380599976,0.6923076923076923,0.9230769230769231,0.7857142857142857,0.8571428571428571,0.0004
845,0.5967207551002502,1.0379726886749268,0.8076923076923077,0.9807692307692307,0.7142857142857143,0.8571428571428571,0.0004
846,1.0023040771484375,0.5606125593185425,0.7307692307692307,0.8653846153846154,0.7142857142857143,1.0,0.0004
847,0.607950747013092,1.739488124847412,0.7884615384615384,1.0,0.5714285714285714,0.7857142857142857,0.0004
848,0.7255190014839172,1.2349743843078613,0.7884615384615384,0.9423076923076923,0.7857142857142857,0.7142857142857143,0.0004
849,0.681824803352356,1.440704107284546,0.8076923076923077,0.9423076923076923,0.5714285714285714,0.8571428571428571,0.0004
850,0.5254787802696228,1.1511280536651611,0.7307692307692307,1.0,0.7857142857142857,0.8571428571428571,0.0004
851,0.6558406352996826,0.8267627954483032,0.75,0.9423076923076923,0.9285714285714286,0.9285714285714286,0.0004
852,0.5462921559810638,1.6707582473754883,0.8653846153846154,0.9615384615384616,0.7142857142857143,0.7857142857142857,0.0004
853,0.8034704625606537,0.9456332921981812,0.7307692307692307,0.9423076923076923,0.7857142857142857,0.8571428571428571,0.0004
854,0.8605009019374847,1.0821921825408936,0.7307692307692307,0.9423076923076923,0.5714285714285714,0.8571428571428571,0.0004
855,0.733193039894104,1.032280445098877,0.7884615384615384,0.9615384615384616,0.7142857142857143,0.8571428571428571,0.0004
856,0.5419712364673615,1.1619563102722168,0.8076923076923077,0.9615384615384616,0.7857142857142857,0.8571428571428571,0.0004
857,0.5441547781229019,0.9982514381408691,0.7884615384615384,0.9807692307692307,0.7857142857142857,0.8571428571428571,0.0004
858,0.6797908842563629,0.8300625085830688,0.7307692307692307,0.9423076923076923,0.6428571428571429,0.9285714285714286,0.0004
859,0.8262797594070435,0.770632803440094,0.7884615384615384,0.9423076923076923,0.8571428571428571,0.9285714285714286,0.0004
860,0.5280515849590302,1.2992050647735596,0.7884615384615384,0.9807692307692307,0.7857142857142857,0.7857142857142857,0.0004
861,0.6628877818584442,1.0088411569595337,0.7884615384615384,0.9807692307692307,0.7142857142857143,0.7857142857142857,0.0004
862,0.838402509689331,0.7099225521087646,0.7115384615384616,0.9038461538461539,0.7857142857142857,0.9285714285714286,0.0004
863,0.6346971392631531,0.5420035123825073,0.8269230769230769,0.9615384615384616,1.0,0.9285714285714286,0.0004
864,0.8129023909568787,1.325514793395996,0.7115384615384616,0.9615384615384616,0.7857142857142857,0.7857142857142857,0.0004
865,0.6062907874584198,1.3392106294631958,0.8076923076923077,0.9615384615384616,0.5714285714285714,0.8571428571428571,0.0004
866,0.7143442630767822,0.7861234545707703,0.7115384615384616,0.9615384615384616,0.7857142857142857,0.9285714285714286,0.0004
867,0.6201931238174438,1.4220999479293823,0.7307692307692307,0.9807692307692307,0.7142857142857143,0.8571428571428571,0.0004
868,0.600087970495224,1.1089946031570435,0.7307692307692307,1.0,0.7142857142857143,0.8571428571428571,0.0004
869,0.7126424908638,1.111639380455017,0.7692307692307693,0.9423076923076923,0.7142857142857143,0.7857142857142857,0.0004
870,0.8640766441822052,1.8602553606033325,0.6923076923076923,0.9230769230769231,0.5,0.7857142857142857,0.0004
871,0.6342361569404602,1.1997358798980713,0.8269230769230769,0.9615384615384616,0.7857142857142857,0.7857142857142857,0.0004
872,0.6938787400722504,0.730916440486908,0.7884615384615384,0.9230769230769231,0.7142857142857143,0.8571428571428571,0.0004
873,0.7328092753887177,1.331071138381958,0.7307692307692307,0.9423076923076923,0.5714285714285714,0.8571428571428571,0.0004
874,0.5800646245479584,0.9914482831954956,0.8269230769230769,0.9423076923076923,0.7142857142857143,0.8571428571428571,0.0004
875,0.6848490536212921,1.164523720741272,0.8076923076923077,0.9615384615384616,0.6428571428571429,0.9285714285714286,0.0004
876,0.5612268447875977,0.9485708475112915,0.8653846153846154,0.9807692307692307,0.7142857142857143,0.8571428571428571,0.0004
877,0.6965160965919495,0.8457196950912476,0.7692307692307693,0.9615384615384616,0.8571428571428571,0.9285714285714286,0.0004
878,0.49337105453014374,0.9536888599395752,0.8653846153846154,0.9807692307692307,0.7857142857142857,0.9285714285714286,0.0004
879,0.7930145561695099,1.1443088054656982,0.7307692307692307,0.9423076923076923,0.6428571428571429,0.8571428571428571,0.0004
880,0.5371563136577606,0.9018003940582275,0.7692307692307693,1.0,0.7857142857142857,0.8571428571428571,0.0004
881,0.6040777564048767,0.9925705790519714,0.7692307692307693,0.9807692307692307,0.5714285714285714,0.9285714285714286,0.0004
882,0.6032229661941528,0.39284950494766235,0.7692307692307693,1.0,0.9285714285714286,1.0,0.0004
883,0.7996390461921692,1.0286494493484497,0.6730769230769231,0.9615384615384616,0.8571428571428571,0.8571428571428571,0.0004
884,0.576518177986145,0.9312795400619507,0.8269230769230769,0.9807692307692307,0.7857142857142857,0.8571428571428571,0.0004
885,0.5859334766864777,1.1126458644866943,0.8076923076923077,0.9423076923076923,0.7857142857142857,0.8571428571428571,0.0004
886,0.6153857409954071,1.0424578189849854,0.6923076923076923,0.9807692307692307,0.8571428571428571,0.9285714285714286,0.0004
887,0.41927526891231537,1.41774582862854,0.8846153846153846,0.9807692307692307,0.7142857142857143,0.7857142857142857,0.0004
888,0.5781353414058685,1.230617880821228,0.8076923076923077,0.9423076923076923,0.5714285714285714,0.7857142857142857,0.0004
889,0.5620690584182739,0.9554431438446045,0.8076923076923077,0.9615384615384616,0.7142857142857143,0.9285714285714286,0.0004
890,0.7882693707942963,0.879976212978363,0.75,0.8846153846153846,0.7857142857142857,0.8571428571428571,0.0004
891,0.4927802085876465,0.6898952126502991,0.8269230769230769,0.9807692307692307,0.8571428571428571,0.9285714285714286,0.0004
892,0.43152913451194763,1.9219130277633667,0.8653846153846154,1.0,0.5714285714285714,0.7857142857142857,0.0004
893,0.8394157886505127,1.382469654083252,0.6538461538461539,0.9615384615384616,0.7142857142857143,0.7857142857142857,0.0004
894,0.7270141541957855,1.0516321659088135,0.7692307692307693,0.9807692307692307,0.7857142857142857,0.9285714285714286,0.0004
895,0.7351754009723663,1.003049612045288,0.7307692307692307,0.9807692307692307,0.7857142857142857,0.9285714285714286,0.0004
896,0.6924627423286438,1.0898553133010864,0.7115384615384616,0.9807692307692307,0.8571428571428571,0.7857142857142857,0.0004
897,0.4618827998638153,0.6929100751876831,0.7884615384615384,1.0,0.9285714285714286,0.8571428571428571,0.0004
898,0.6592720150947571,1.1574127674102783,0.8076923076923077,0.9230769230769231,0.5714285714285714,0.8571428571428571,0.0004
899,0.7625450491905212,0.995945930480957,0.6730769230769231,0.9038461538461539,0.6428571428571429,0.8571428571428571,0.0004
900,0.9146410822868347,0.6798256039619446,0.7115384615384616,0.8846153846153846,0.8571428571428571,0.9285714285714286,0.0004
901,1.0029403269290924,0.7808881998062134,0.6923076923076923,0.9230769230769231,0.7857142857142857,0.8571428571428571,0.0004
902,0.4736499786376953,0.8856769800186157,0.8653846153846154,0.9807692307692307,0.8571428571428571,0.9285714285714286,0.0004
903,0.763624906539917,1.223578929901123,0.7115384615384616,0.9615384615384616,0.7142857142857143,0.9285714285714286,0.0004
904,0.6772882342338562,1.2279419898986816,0.7115384615384616,1.0,0.7857142857142857,0.8571428571428571,0.0004
905,0.7324811816215515,1.1188935041427612,0.6923076923076923,0.9615384615384616,0.8571428571428571,0.9285714285714286,0.0004
906,0.579604983329773,0.9920982122421265,0.8076923076923077,0.9807692307692307,0.7857142857142857,0.7857142857142857,0.0004
907,0.8651928305625916,0.8795708417892456,0.7692307692307693,0.9038461538461539,0.7142857142857143,0.9285714285714286,0.0004
908,0.4275677353143692,0.9401372671127319,0.8653846153846154,0.9807692307692307,0.8571428571428571,0.8571428571428571,0.0004
909,0.5272786766290665,0.5153392553329468,0.8461538461538461,0.9615384615384616,0.9285714285714286,0.9285714285714286,0.0004
910,0.7983968555927277,0.5175257921218872,0.6923076923076923,0.9423076923076923,0.9285714285714286,0.9285714285714286,0.0004
911,0.6579828858375549,1.2761600017547607,0.8076923076923077,0.9807692307692307,0.5714285714285714,0.7857142857142857,0.0004
912,0.7188608050346375,0.7126460075378418,0.7884615384615384,0.9615384615384616,0.8571428571428571,0.9285714285714286,0.0004
913,0.6013728082180023,1.1218421459197998,0.7884615384615384,0.9615384615384616,0.5714285714285714,0.7857142857142857,0.0004
914,0.6031952202320099,1.394552230834961,0.75,0.9615384615384616,0.6428571428571429,0.7857142857142857,0.0004
915,0.8666018843650818,0.795009434223175,0.75,0.9423076923076923,0.7857142857142857,0.8571428571428571,0.0004
916,0.4665946960449219,1.0516846179962158,0.8076923076923077,1.0,0.6428571428571429,0.9285714285714286,0.0004
917,0.5618877112865448,1.2571682929992676,0.8461538461538461,0.9615384615384616,0.7857142857142857,0.7857142857142857,0.0004
918,0.5849826633930206,1.4402554035186768,0.7884615384615384,0.9807692307692307,0.5714285714285714,0.7857142857142857,0.0004
919,0.5093044936656952,0.868218183517456,0.8461538461538461,1.0,0.7857142857142857,0.9285714285714286,0.0004
920,0.6121150851249695,1.1064167022705078,0.75,1.0,0.7857142857142857,0.9285714285714286,0.0004
921,0.4745390713214874,0.7908520698547363,0.8653846153846154,0.9615384615384616,0.7857142857142857,0.8571428571428571,0.0004
922,0.42351244390010834,1.2829957008361816,0.8461538461538461,0.9807692307692307,0.6428571428571429,0.7857142857142857,0.0004
923,0.5568571388721466,1.1147706508636475,0.8461538461538461,0.9423076923076923,0.7857142857142857,0.8571428571428571,0.0004
924,0.37899020314216614,0.765440046787262,0.8461538461538461,0.9807692307692307,0.7857142857142857,0.9285714285714286,0.0004
925,0.5855048298835754,1.2613496780395508,0.8076923076923077,0.9807692307692307,0.7142857142857143,0.8571428571428571,0.0004
926,0.4892113208770752,0.6402032971382141,0.8076923076923077,0.9807692307692307,0.9285714285714286,0.9285714285714286,0.0004
927,0.5365639477968216,0.8450180888175964,0.7884615384615384,0.9807692307692307,0.6428571428571429,0.9285714285714286,0.0004
928,0.4618210345506668,1.2028573751449585,0.7884615384615384,1.0,0.8571428571428571,0.7857142857142857,0.0004
929,0.47907398641109467,0.919975757598877,0.7692307692307693,0.9807692307692307,0.9285714285714286,0.8571428571428571,0.0004
930,0.5845958143472672,1.310232162475586,0.8269230769230769,0.9423076923076923,0.7857142857142857,0.7857142857142857,0.0004
931,0.6983650624752045,1.572007417678833,0.7884615384615384,0.9230769230769231,0.7142857142857143,0.7857142857142857,0.0004
932,0.7080282121896744,0.53743976354599,0.7115384615384616,0.9423076923076923,1.0,0.9285714285714286,0.0004
933,0.5329535901546478,1.1331744194030762,0.8076923076923077,0.9423076923076923,0.7142857142857143,0.9285714285714286,0.0004
934,0.5367784798145294,0.8575176000595093,0.8269230769230769,0.9423076923076923,0.8571428571428571,0.9285714285714286,0.0004
935,0.8116289377212524,1.186405897140503,0.75,0.9615384615384616,0.7142857142857143,0.8571428571428571,0.0004
936,0.5343170762062073,1.780808448791504,0.8269230769230769,0.9807692307692307,0.5,0.7857142857142857,0.0004
937,0.7542868852615356,1.184455156326294,0.75,0.9423076923076923,0.6428571428571429,0.8571428571428571,0.0004
938,0.9460792243480682,2.0431265830993652,0.7115384615384616,0.9230769230769231,0.42857142857142855,0.8571428571428571,0.0004
939,0.4792581647634506,0.5881024599075317,0.7692307692307693,1.0,0.8571428571428571,0.9285714285714286,0.0004
940,0.46055522561073303,0.9293860197067261,0.8653846153846154,0.9423076923076923,0.7857142857142857,0.8571428571428571,0.0004
941,0.6003099381923676,1.2733392715454102,0.8461538461538461,0.9423076923076923,0.8571428571428571,0.8571428571428571,0.0004
942,0.6294496059417725,1.8329496383666992,0.7884615384615384,0.9423076923076923,0.7142857142857143,0.8571428571428571,0.0004
943,0.7218694984912872,0.7648900151252747,0.7115384615384616,0.9423076923076923,0.8571428571428571,0.9285714285714286,0.0004
944,0.48694419860839844,1.0075335502624512,0.7884615384615384,0.9807692307692307,0.8571428571428571,0.9285714285714286,0.0004
945,0.4595514088869095,0.9432470798492432,0.9038461538461539,0.9423076923076923,0.8571428571428571,0.8571428571428571,0.0004
946,0.6818581521511078,1.4217190742492676,0.7884615384615384,0.9230769230769231,0.6428571428571429,0.8571428571428571,0.0004
947,0.5684663653373718,0.6008549928665161,0.7884615384615384,0.9615384615384616,0.9285714285714286,0.9285714285714286,0.0004
948,0.6137179732322693,1.301082730293274,0.75,0.9807692307692307,0.8571428571428571,0.8571428571428571,0.0004
949,0.5479709506034851,1.2156651020050049,0.7692307692307693,0.9615384615384616,0.6428571428571429,0.7857142857142857,0.0004
950,0.8447512090206146,1.4339594841003418,0.7884615384615384,0.9038461538461539,0.7142857142857143,0.7857142857142857,0.0004
951,0.6285203099250793,0.9728456735610962,0.7307692307692307,1.0,0.9285714285714286,0.8571428571428571,0.0004
952,0.5793034732341766,0.7494721412658691,0.7884615384615384,0.9230769230769231,0.7142857142857143,0.8571428571428571,0.0004
953,1.0349224209785461,0.9016300439834595,0.6153846153846154,0.9038461538461539,0.7142857142857143,0.8571428571428571,0.0004
954,0.6045335829257965,0.8696147203445435,0.8461538461538461,0.9423076923076923,0.8571428571428571,0.9285714285714286,0.0004
955,0.7785170078277588,1.1228803396224976,0.75,0.9230769230769231,0.6428571428571429,0.8571428571428571,0.0004
956,0.6905331015586853,0.48968517780303955,0.7692307692307693,0.9615384615384616,0.7857142857142857,1.0,0.0004
957,0.9216707348823547,1.113985300064087,0.6923076923076923,0.9423076923076923,0.7142857142857143,0.8571428571428571,0.0004
958,0.4841381013393402,0.7747251987457275,0.8076923076923077,1.0,0.7857142857142857,0.9285714285714286,0.0004
959,0.47176818549633026,0.8318130373954773,0.8461538461538461,0.9807692307692307,0.6428571428571429,0.9285714285714286,0.0004
960,0.6076155304908752,1.1609907150268555,0.7307692307692307,1.0,0.6428571428571429,0.9285714285714286,0.0004
961,0.75382861495018,0.4846440255641937,0.7692307692307693,0.9423076923076923,0.8571428571428571,0.9285714285714286,0.0004
962,0.4630111753940582,0.6165306568145752,0.8461538461538461,0.9807692307692307,0.7142857142857143,0.9285714285714286,0.0004
963,0.6425059586763382,1.734138011932373,0.75,0.9807692307692307,0.5,0.7142857142857143,0.0004
964,0.655329555273056,0.6555355787277222,0.75,0.9423076923076923,0.8571428571428571,0.9285714285714286,0.0004
965,0.7359663546085358,1.0229883193969727,0.7115384615384616,0.9615384615384616,0.6428571428571429,0.9285714285714286,0.0004
966,0.7519659399986267,0.9331679344177246,0.7307692307692307,0.9423076923076923,0.7857142857142857,0.8571428571428571,0.0004
967,0.46562305092811584,1.3601261377334595,0.8461538461538461,1.0,0.7142857142857143,0.8571428571428571,0.0004
968,0.44219981133937836,1.2856523990631104,0.8269230769230769,1.0,0.7857142857142857,0.7142857142857143,0.0004
969,0.5743787884712219,0.6836593151092529,0.7692307692307693,1.0,0.9285714285714286,0.9285714285714286,0.0004
970,0.618762880563736,0.9005690813064575,0.8076923076923077,0.9807692307692307,0.7857142857142857,0.9285714285714286,0.0004
971,0.49261704087257385,1.4165459871292114,0.8269230769230769,0.9807692307692307,0.8571428571428571,0.7857142857142857,0.0004
972,0.6443426311016083,0.7865445613861084,0.7692307692307693,0.9807692307692307,0.7142857142857143,0.9285714285714286,0.0004
973,0.5875417590141296,1.3945672512054443,0.8076923076923077,0.9615384615384616,0.7142857142857143,0.7857142857142857,0.0004
974,0.5030948370695114,1.0662487745285034,0.8653846153846154,0.9615384615384616,0.7142857142857143,0.8571428571428571,0.0004
975,0.5575601756572723,1.3481690883636475,0.7692307692307693,0.9807692307692307,0.6428571428571429,0.8571428571428571,0.0004
976,0.7198336720466614,1.2672526836395264,0.75,0.9615384615384616,0.6428571428571429,0.7857142857142857,0.0004
977,0.7740678191184998,1.660120964050293,0.8076923076923077,0.9230769230769231,0.5,0.7857142857142857,0.0004
978,0.5314451605081558,0.8611221313476562,0.8461538461538461,0.9230769230769231,0.8571428571428571,0.8571428571428571,0.0004
979,0.6475431770086288,1.0519046783447266,0.8076923076923077,0.9615384615384616,0.8571428571428571,0.8571428571428571,0.0004
980,0.6630470752716064,1.0269129276275635,0.7692307692307693,0.9423076923076923,0.8571428571428571,0.8571428571428571,0.0004
981,0.5882850289344788,0.9032089710235596,0.8076923076923077,0.9423076923076923,0.8571428571428571,0.8571428571428571,0.0004
982,0.6633908450603485,0.7095966339111328,0.8269230769230769,0.9423076923076923,0.7857142857142857,0.8571428571428571,0.0004
983,0.5927919149398804,0.9237666726112366,0.7884615384615384,0.9807692307692307,0.7857142857142857,0.9285714285714286,0.0004
984,0.6307341456413269,0.9243343472480774,0.7307692307692307,0.9615384615384616,0.6428571428571429,0.9285714285714286,0.0004
985,0.9002559185028076,1.1214662790298462,0.75,0.9038461538461539,0.7857142857142857,0.8571428571428571,0.0004
986,0.5895167887210846,0.46005451679229736,0.7884615384615384,0.9807692307692307,0.8571428571428571,0.9285714285714286,0.0004
987,0.5043818950653076,0.7347808480262756,0.8461538461538461,0.9615384615384616,1.0,0.8571428571428571,0.0004
988,0.47736865282058716,1.1424522399902344,0.8461538461538461,1.0,0.9285714285714286,0.8571428571428571,0.0004
989,0.5318999290466309,1.524287462234497,0.8269230769230769,1.0,0.5714285714285714,0.7857142857142857,0.0004
990,0.49118366837501526,0.915233314037323,0.8653846153846154,0.9423076923076923,0.7857142857142857,0.7857142857142857,0.0004
991,0.6185844242572784,0.8385432958602905,0.7884615384615384,0.9807692307692307,0.6428571428571429,0.9285714285714286,0.0004
992,0.6673221588134766,0.7211939096450806,0.7884615384615384,0.9807692307692307,0.8571428571428571,0.9285714285714286,0.0004
993,0.5640876740217209,0.801465630531311,0.8076923076923077,0.9807692307692307,0.6428571428571429,0.9285714285714286,0.0004
994,0.5214553773403168,0.6643994450569153,0.7692307692307693,1.0,0.8571428571428571,0.8571428571428571,0.0004
995,0.4114808291196823,0.9086511135101318,0.8461538461538461,1.0,0.9285714285714286,0.8571428571428571,0.0004
996,0.5928973704576492,0.6339881420135498,0.8269230769230769,0.9807692307692307,0.7142857142857143,0.9285714285714286,0.0004
997,0.8092359602451324,0.7269964218139648,0.7692307692307693,0.9038461538461539,0.7142857142857143,0.9285714285714286,0.0004
998,0.6090603023767471,1.5536515712738037,0.75,0.9615384615384616,0.7142857142857143,0.7857142857142857,0.0004
999,0.5518173575401306,1.5328700542449951,0.7884615384615384,0.9807692307692307,0.5714285714285714,0.7857142857142857,0.0004
1000,0.4386024922132492,1.0590122938156128,0.8846153846153846,0.9615384615384616,0.6428571428571429,0.8571428571428571,0.0004
