epoch,train_loss,val_loss,train_acc_action,train_acc_status,val_acc_action,val_acc_status,learning_rate
1,1.792288899421692,1.781432867050171,0.36538461538461536,0.4423076923076923,0.21428571428571427,0.8571428571428571,0.0004
2,1.7722598314285278,1.7633278369903564,0.36538461538461536,0.8269230769230769,0.21428571428571427,0.8571428571428571,0.0004
3,1.7566845417022705,1.7439601421356201,0.36538461538461536,0.8269230769230769,0.21428571428571427,0.8571428571428571,0.0004
4,1.7379357814788818,1.722800374031067,0.36538461538461536,0.8269230769230769,0.21428571428571427,0.8571428571428571,0.0004
5,1.7134426832199097,1.6981710195541382,0.36538461538461536,0.8269230769230769,0.21428571428571427,0.8571428571428571,0.0004
6,1.6746621131896973,1.6676603555679321,0.36538461538461536,0.8269230769230769,0.21428571428571427,0.8571428571428571,0.0004
7,1.6592575311660767,1.62953519821167,0.36538461538461536,0.8269230769230769,0.21428571428571427,0.8571428571428571,0.0004
8,1.6018664240837097,1.5849652290344238,0.36538461538461536,0.8269230769230769,0.21428571428571427,0.8571428571428571,0.0004
9,1.5459520816802979,1.5583899021148682,0.36538461538461536,0.8269230769230769,0.21428571428571427,0.8571428571428571,0.0004
10,1.546018362045288,1.5765876770019531,0.36538461538461536,0.8269230769230769,0.21428571428571427,0.8571428571428571,0.0004
11,1.6532732248306274,1.5902215242385864,0.36538461538461536,0.8269230769230769,0.21428571428571427,0.8571428571428571,0.0004
12,1.6209533214569092,1.5634454488754272,0.36538461538461536,0.8269230769230769,0.21428571428571427,0.8571428571428571,0.0004
13,1.5854092240333557,1.5372769832611084,0.36538461538461536,0.8269230769230769,0.21428571428571427,0.8571428571428571,0.0004
14,1.5542489886283875,1.5437846183776855,0.36538461538461536,0.8269230769230769,0.21428571428571427,0.8571428571428571,0.0004
15,1.5690317153930664,1.538219690322876,0.36538461538461536,0.8269230769230769,0.21428571428571427,0.8571428571428571,0.0004
16,1.5994164943695068,1.531068205833435,0.36538461538461536,0.8269230769230769,0.21428571428571427,0.8571428571428571,0.0004
17,1.540436327457428,1.5298936367034912,0.36538461538461536,0.8269230769230769,0.21428571428571427,0.8571428571428571,0.0004
18,1.5547655820846558,1.5304102897644043,0.36538461538461536,0.8269230769230769,0.21428571428571427,0.8571428571428571,0.0004
19,1.5445199012756348,1.5316579341888428,0.36538461538461536,0.8269230769230769,0.21428571428571427,0.8571428571428571,0.0004
20,1.5442093014717102,1.5319143533706665,0.36538461538461536,0.8269230769230769,0.21428571428571427,0.8571428571428571,0.0004
21,1.5554525256156921,1.5313557386398315,0.36538461538461536,0.8269230769230769,0.21428571428571427,0.8571428571428571,0.0004
22,1.5695550441741943,1.5309076309204102,0.36538461538461536,0.8269230769230769,0.21428571428571427,0.8571428571428571,0.0004
23,1.5666187405586243,1.5300683975219727,0.36538461538461536,0.8269230769230769,0.21428571428571427,0.8571428571428571,0.0004
24,1.578028380870819,1.5296297073364258,0.36538461538461536,0.8269230769230769,0.21428571428571427,0.8571428571428571,0.0004
25,1.5399141311645508,1.5308115482330322,0.36538461538461536,0.8269230769230769,0.21428571428571427,0.8571428571428571,0.0004
26,1.5989179611206055,1.531599760055542,0.36538461538461536,0.8269230769230769,0.21428571428571427,0.8571428571428571,0.0004
27,1.582570493221283,1.5321288108825684,0.36538461538461536,0.8269230769230769,0.21428571428571427,0.8571428571428571,0.0004
28,1.535679817199707,1.5322909355163574,0.36538461538461536,0.8269230769230769,0.21428571428571427,0.8571428571428571,0.0004
29,1.5780800580978394,1.532224178314209,0.36538461538461536,0.8269230769230769,0.21428571428571427,0.8571428571428571,0.0004
30,1.5637348294258118,1.532918930053711,0.36538461538461536,0.8269230769230769,0.21428571428571427,0.8571428571428571,0.0004
31,1.5985848307609558,1.5340853929519653,0.36538461538461536,0.8269230769230769,0.21428571428571427,0.8571428571428571,0.0004
32,1.571660339832306,1.535223126411438,0.36538461538461536,0.8269230769230769,0.21428571428571427,0.8571428571428571,0.0004
33,1.5612045526504517,1.5347189903259277,0.36538461538461536,0.8269230769230769,0.21428571428571427,0.8571428571428571,0.0004
34,1.5533263087272644,1.5355191230773926,0.36538461538461536,0.8269230769230769,0.21428571428571427,0.8571428571428571,0.0004
35,1.531953513622284,1.5354169607162476,0.36538461538461536,0.8269230769230769,0.21428571428571427,0.8571428571428571,0.0004
36,1.5920780897140503,1.5358617305755615,0.36538461538461536,0.8269230769230769,0.21428571428571427,0.8571428571428571,0.0004
37,1.5637980699539185,1.536874771118164,0.36538461538461536,0.8269230769230769,0.21428571428571427,0.8571428571428571,0.0004
38,1.5514768362045288,1.538002610206604,0.36538461538461536,0.8269230769230769,0.21428571428571427,0.8571428571428571,0.0004
39,1.5478166937828064,1.538503646850586,0.36538461538461536,0.8269230769230769,0.21428571428571427,0.8571428571428571,0.0004
40,1.5920053124427795,1.539062738418579,0.36538461538461536,0.8269230769230769,0.21428571428571427,0.8571428571428571,0.0004
41,1.5419796109199524,1.5401703119277954,0.36538461538461536,0.8269230769230769,0.21428571428571427,0.8571428571428571,0.0004
42,1.5353541374206543,1.5398932695388794,0.36538461538461536,0.8269230769230769,0.21428571428571427,0.8571428571428571,0.0004
43,1.587094783782959,1.5390751361846924,0.36538461538461536,0.8269230769230769,0.21428571428571427,0.8571428571428571,0.0004
44,1.524777889251709,1.5398787260055542,0.36538461538461536,0.8269230769230769,0.21428571428571427,0.8571428571428571,0.0004
45,1.5620548129081726,1.5396209955215454,0.36538461538461536,0.8269230769230769,0.21428571428571427,0.8571428571428571,0.0004
46,1.529564380645752,1.5401877164840698,0.36538461538461536,0.8269230769230769,0.21428571428571427,0.8571428571428571,0.0004
47,1.5533980131149292,1.5390862226486206,0.36538461538461536,0.8269230769230769,0.21428571428571427,0.8571428571428571,0.0004
48,1.5825861096382141,1.537451982498169,0.36538461538461536,0.8269230769230769,0.21428571428571427,0.8571428571428571,0.0004
49,1.582582712173462,1.535552740097046,0.36538461538461536,0.8269230769230769,0.21428571428571427,0.8571428571428571,0.0004
50,1.5386656522750854,1.533578634262085,0.36538461538461536,0.8269230769230769,0.21428571428571427,0.8571428571428571,0.0004
51,1.5500568747520447,1.5310182571411133,0.36538461538461536,0.8269230769230769,0.21428571428571427,0.8571428571428571,0.0004
52,1.5507366061210632,1.5289196968078613,0.36538461538461536,0.8269230769230769,0.21428571428571427,0.8571428571428571,0.0004
53,1.5468220710754395,1.5267889499664307,0.36538461538461536,0.8269230769230769,0.21428571428571427,0.8571428571428571,0.0004
54,1.5800378918647766,1.526171088218689,0.36538461538461536,0.8269230769230769,0.21428571428571427,0.8571428571428571,0.0004
55,1.531507432460785,1.5260833501815796,0.36538461538461536,0.8269230769230769,0.21428571428571427,0.8571428571428571,0.0004
56,1.56673663854599,1.5275952816009521,0.36538461538461536,0.8269230769230769,0.21428571428571427,0.8571428571428571,0.0004
57,1.5825747847557068,1.5289556980133057,0.36538461538461536,0.8269230769230769,0.21428571428571427,0.8571428571428571,0.0004
58,1.5372047424316406,1.5301408767700195,0.36538461538461536,0.8269230769230769,0.21428571428571427,0.8571428571428571,0.0004
59,1.5507261753082275,1.530864953994751,0.36538461538461536,0.8269230769230769,0.21428571428571427,0.8571428571428571,0.0004
60,1.5817524194717407,1.5314667224884033,0.36538461538461536,0.8269230769230769,0.21428571428571427,0.8571428571428571,0.0004
61,1.581123411655426,1.531858205795288,0.36538461538461536,0.8269230769230769,0.21428571428571427,0.8571428571428571,0.0004
62,1.5806198716163635,1.5321232080459595,0.36538461538461536,0.8269230769230769,0.21428571428571427,0.8571428571428571,0.0004
63,1.578119933605194,1.5322675704956055,0.36538461538461536,0.8269230769230769,0.21428571428571427,0.8571428571428571,0.0004
64,1.5511799454689026,1.5329419374465942,0.36538461538461536,0.8269230769230769,0.21428571428571427,0.8571428571428571,0.0004
65,1.5675944089889526,1.5334413051605225,0.36538461538461536,0.8269230769230769,0.21428571428571427,0.8571428571428571,0.0004
66,1.5661993026733398,1.533350944519043,0.36538461538461536,0.8269230769230769,0.21428571428571427,0.8571428571428571,0.0004
67,1.5237456560134888,1.5330699682235718,0.36538461538461536,0.8269230769230769,0.21428571428571427,0.8571428571428571,0.0004
68,1.5500293374061584,1.5322976112365723,0.36538461538461536,0.8269230769230769,0.21428571428571427,0.8571428571428571,0.0004
69,1.5630514025688171,1.5316660404205322,0.36538461538461536,0.8269230769230769,0.21428571428571427,0.8571428571428571,0.0004
70,1.5517606735229492,1.5317983627319336,0.36538461538461536,0.8269230769230769,0.21428571428571427,0.8571428571428571,0.0004
71,1.5622342824935913,1.5314843654632568,0.36538461538461536,0.8269230769230769,0.21428571428571427,0.8571428571428571,0.0004
72,1.5793866515159607,1.5320634841918945,0.36538461538461536,0.8269230769230769,0.21428571428571427,0.8571428571428571,0.0004
73,1.564993143081665,1.5329623222351074,0.36538461538461536,0.8269230769230769,0.21428571428571427,0.8571428571428571,0.0004
74,1.5508372783660889,1.5339140892028809,0.36538461538461536,0.8269230769230769,0.21428571428571427,0.8571428571428571,0.0004
75,1.5061997771263123,1.534557819366455,0.36538461538461536,0.8269230769230769,0.21428571428571427,0.8571428571428571,0.0004
76,1.5496376752853394,1.5351252555847168,0.36538461538461536,0.8269230769230769,0.21428571428571427,0.8571428571428571,0.0004
77,1.5455345511436462,1.5354357957839966,0.36538461538461536,0.8269230769230769,0.21428571428571427,0.8571428571428571,0.0004
78,1.520186960697174,1.5367354154586792,0.36538461538461536,0.8269230769230769,0.21428571428571427,0.8571428571428571,0.0004
79,1.5211037397384644,1.537729024887085,0.36538461538461536,0.8269230769230769,0.21428571428571427,0.8571428571428571,0.0004
80,1.5350310802459717,1.5380489826202393,0.36538461538461536,0.8269230769230769,0.21428571428571427,0.8571428571428571,0.0004
81,1.5653730034828186,1.5379608869552612,0.36538461538461536,0.8269230769230769,0.21428571428571427,0.8571428571428571,0.0004
82,1.6016523838043213,1.5379794836044312,0.36538461538461536,0.8269230769230769,0.21428571428571427,0.8571428571428571,0.0004
83,1.5639410018920898,1.5372297763824463,0.36538461538461536,0.8269230769230769,0.21428571428571427,0.8571428571428571,0.0004
84,1.568319022655487,1.5371391773223877,0.36538461538461536,0.8269230769230769,0.21428571428571427,0.8571428571428571,0.0004
85,1.5318188071250916,1.5365378856658936,0.36538461538461536,0.8269230769230769,0.21428571428571427,0.8571428571428571,0.0004
86,1.5640062093734741,1.5365849733352661,0.36538461538461536,0.8269230769230769,0.21428571428571427,0.8571428571428571,0.0004
87,1.532910943031311,1.536874771118164,0.36538461538461536,0.8269230769230769,0.21428571428571427,0.8571428571428571,0.0004
88,1.536564826965332,1.5375866889953613,0.36538461538461536,0.8269230769230769,0.21428571428571427,0.8571428571428571,0.0004
89,1.5808762907981873,1.5377273559570312,0.36538461538461536,0.8269230769230769,0.21428571428571427,0.8571428571428571,0.0004
90,1.5498941540718079,1.5376619100570679,0.36538461538461536,0.8269230769230769,0.21428571428571427,0.8571428571428571,0.0004
91,1.5530292987823486,1.537632942199707,0.36538461538461536,0.8269230769230769,0.21428571428571427,0.8571428571428571,0.0004
92,1.5718193650245667,1.5363717079162598,0.36538461538461536,0.8269230769230769,0.21428571428571427,0.8571428571428571,0.0004
93,1.5335527658462524,1.5370360612869263,0.36538461538461536,0.8269230769230769,0.21428571428571427,0.8571428571428571,0.0004
94,1.5812784433364868,1.5380229949951172,0.36538461538461536,0.8269230769230769,0.21428571428571427,0.8571428571428571,0.0004
95,1.542263150215149,1.5387707948684692,0.36538461538461536,0.8269230769230769,0.21428571428571427,0.8571428571428571,0.0004
96,1.5705710053443909,1.5382192134857178,0.36538461538461536,0.8269230769230769,0.21428571428571427,0.8571428571428571,0.0004
97,1.5458263158798218,1.5364220142364502,0.36538461538461536,0.8269230769230769,0.21428571428571427,0.8571428571428571,0.0004
98,1.5352658033370972,1.535632610321045,0.36538461538461536,0.8269230769230769,0.21428571428571427,0.8571428571428571,0.0004
99,1.5384142398834229,1.5349823236465454,0.36538461538461536,0.8269230769230769,0.21428571428571427,0.8571428571428571,0.0004
100,1.5820342302322388,1.5337108373641968,0.36538461538461536,0.8269230769230769,0.21428571428571427,0.8571428571428571,0.0004
101,1.5638673305511475,1.5321651697158813,0.36538461538461536,0.8269230769230769,0.21428571428571427,0.8571428571428571,0.0004
102,1.5650596618652344,1.5310840606689453,0.36538461538461536,0.8269230769230769,0.21428571428571427,0.8571428571428571,0.0004
103,1.5459172129631042,1.5300215482711792,0.36538461538461536,0.8269230769230769,0.21428571428571427,0.8571428571428571,0.0004
104,1.5459558367729187,1.5300261974334717,0.36538461538461536,0.8269230769230769,0.21428571428571427,0.8571428571428571,0.0004
105,1.598182201385498,1.531221628189087,0.36538461538461536,0.8269230769230769,0.21428571428571427,0.8571428571428571,0.0004
106,1.5669339895248413,1.5320287942886353,0.36538461538461536,0.8269230769230769,0.21428571428571427,0.8571428571428571,0.0004
107,1.5307487845420837,1.5322489738464355,0.36538461538461536,0.8269230769230769,0.21428571428571427,0.8571428571428571,0.0004
108,1.5518048405647278,1.5337738990783691,0.36538461538461536,0.8269230769230769,0.21428571428571427,0.8571428571428571,0.0004
109,1.5365639328956604,1.535071849822998,0.36538461538461536,0.8269230769230769,0.21428571428571427,0.8571428571428571,0.0004
110,1.5505674481391907,1.5357738733291626,0.36538461538461536,0.8269230769230769,0.21428571428571427,0.8571428571428571,0.0004
111,1.5501382946968079,1.536223292350769,0.36538461538461536,0.8269230769230769,0.21428571428571427,0.8571428571428571,0.0004
112,1.5506333112716675,1.5367414951324463,0.36538461538461536,0.8269230769230769,0.21428571428571427,0.8571428571428571,0.0004
113,1.5702821016311646,1.537245512008667,0.36538461538461536,0.8269230769230769,0.21428571428571427,0.8571428571428571,0.0004
114,1.5686342120170593,1.5367085933685303,0.36538461538461536,0.8269230769230769,0.21428571428571427,0.8571428571428571,0.0004
115,1.5651878118515015,1.535654902458191,0.36538461538461536,0.8269230769230769,0.21428571428571427,0.8571428571428571,0.0004
116,1.5471997261047363,1.5345677137374878,0.36538461538461536,0.8269230769230769,0.21428571428571427,0.8571428571428571,0.0004
117,1.580631136894226,1.5342196226119995,0.36538461538461536,0.8269230769230769,0.21428571428571427,0.8571428571428571,0.0004
118,1.5800633430480957,1.534023404121399,0.36538461538461536,0.8269230769230769,0.21428571428571427,0.8571428571428571,0.0004
119,1.5483067631721497,1.5336174964904785,0.36538461538461536,0.8269230769230769,0.21428571428571427,0.8571428571428571,0.0004
120,1.539827823638916,1.5341291427612305,0.36538461538461536,0.8269230769230769,0.21428571428571427,0.8571428571428571,0.0004
121,1.552161157131195,1.5336453914642334,0.36538461538461536,0.8269230769230769,0.21428571428571427,0.8571428571428571,0.0004
122,1.520669162273407,1.532642126083374,0.36538461538461536,0.8269230769230769,0.21428571428571427,0.8571428571428571,0.0004
123,1.5791316032409668,1.5318464040756226,0.36538461538461536,0.8269230769230769,0.21428571428571427,0.8571428571428571,0.0004
124,1.549374282360077,1.531558871269226,0.36538461538461536,0.8269230769230769,0.21428571428571427,0.8571428571428571,0.0004
125,1.5626254081726074,1.5313664674758911,0.36538461538461536,0.8269230769230769,0.21428571428571427,0.8571428571428571,0.0004
126,1.565397024154663,1.5319859981536865,0.36538461538461536,0.8269230769230769,0.21428571428571427,0.8571428571428571,0.0004
127,1.5478761196136475,1.5324535369873047,0.36538461538461536,0.8269230769230769,0.21428571428571427,0.8571428571428571,0.0004
128,1.549142599105835,1.5333185195922852,0.36538461538461536,0.8269230769230769,0.21428571428571427,0.8571428571428571,0.0004
129,1.5359866619110107,1.534358024597168,0.36538461538461536,0.8269230769230769,0.21428571428571427,0.8571428571428571,0.0004
130,1.5626367330551147,1.534766435623169,0.36538461538461536,0.8269230769230769,0.21428571428571427,0.8571428571428571,0.0004
131,1.6023165583610535,1.5358728170394897,0.36538461538461536,0.8269230769230769,0.21428571428571427,0.8571428571428571,0.0004
132,1.579663872718811,1.535799503326416,0.36538461538461536,0.8269230769230769,0.21428571428571427,0.8571428571428571,0.0004
133,1.5332670211791992,1.536165475845337,0.36538461538461536,0.8269230769230769,0.21428571428571427,0.8571428571428571,0.0004
134,1.5385725498199463,1.536919355392456,0.36538461538461536,0.8269230769230769,0.21428571428571427,0.8571428571428571,0.0004
135,1.5497955679893494,1.5365921258926392,0.36538461538461536,0.8269230769230769,0.21428571428571427,0.8571428571428571,0.0004
136,1.563892424106598,1.5360562801361084,0.36538461538461536,0.8269230769230769,0.21428571428571427,0.8571428571428571,0.0004
137,1.5636458992958069,1.5356385707855225,0.36538461538461536,0.8269230769230769,0.21428571428571427,0.8571428571428571,0.0004
138,1.5526736378669739,1.5357813835144043,0.36538461538461536,0.8269230769230769,0.21428571428571427,0.8571428571428571,0.0004
139,1.5198630690574646,1.5351755619049072,0.36538461538461536,0.8269230769230769,0.21428571428571427,0.8571428571428571,0.0004
140,1.5533289313316345,1.534729242324829,0.36538461538461536,0.8269230769230769,0.21428571428571427,0.8571428571428571,0.0004
141,1.5488404035568237,1.5335099697113037,0.36538461538461536,0.8269230769230769,0.21428571428571427,0.8571428571428571,0.0004
142,1.5194398164749146,1.5326670408248901,0.36538461538461536,0.8269230769230769,0.21428571428571427,0.8571428571428571,0.0004
143,1.5805511474609375,1.5320053100585938,0.36538461538461536,0.8269230769230769,0.21428571428571427,0.8571428571428571,0.0004
144,1.5176270604133606,1.5315401554107666,0.36538461538461536,0.8269230769230769,0.21428571428571427,0.8571428571428571,0.0004
145,1.5501431822776794,1.5317598581314087,0.36538461538461536,0.8269230769230769,0.21428571428571427,0.8571428571428571,0.0004
146,1.569187879562378,1.5321502685546875,0.36538461538461536,0.8269230769230769,0.21428571428571427,0.8571428571428571,0.0004
147,1.5493217706680298,1.5316925048828125,0.36538461538461536,0.8269230769230769,0.21428571428571427,0.8571428571428571,0.0004
148,1.5493521690368652,1.5315170288085938,0.36538461538461536,0.8269230769230769,0.21428571428571427,0.8571428571428571,0.0004
149,1.5478373169898987,1.5314983129501343,0.36538461538461536,0.8269230769230769,0.21428571428571427,0.8571428571428571,0.0004
150,1.5506570935249329,1.5322054624557495,0.36538461538461536,0.8269230769230769,0.21428571428571427,0.8571428571428571,0.0004
151,1.568141222000122,1.5329935550689697,0.36538461538461536,0.8269230769230769,0.21428571428571427,0.8571428571428571,0.0004
152,1.5074033737182617,1.5333303213119507,0.36538461538461536,0.8269230769230769,0.21428571428571427,0.8571428571428571,0.0004
153,1.5835360288619995,1.533062219619751,0.36538461538461536,0.8269230769230769,0.21428571428571427,0.8571428571428571,0.0004
154,1.5486630201339722,1.5322049856185913,0.36538461538461536,0.8269230769230769,0.21428571428571427,0.8571428571428571,0.0004
155,1.5982637405395508,1.5319528579711914,0.36538461538461536,0.8269230769230769,0.21428571428571427,0.8571428571428571,0.0004
156,1.5493314266204834,1.5314218997955322,0.36538461538461536,0.8269230769230769,0.21428571428571427,0.8571428571428571,0.0004
157,1.550761878490448,1.5312870740890503,0.36538461538461536,0.8269230769230769,0.21428571428571427,0.8571428571428571,0.0004
158,1.611484706401825,1.5310182571411133,0.36538461538461536,0.8269230769230769,0.21428571428571427,0.8571428571428571,0.0004
159,1.5507023930549622,1.5309432744979858,0.36538461538461536,0.8269230769230769,0.21428571428571427,0.8571428571428571,0.0004
160,1.5522570610046387,1.5310344696044922,0.36538461538461536,0.8269230769230769,0.21428571428571427,0.8571428571428571,0.0004
161,1.5788683891296387,1.5305540561676025,0.36538461538461536,0.8269230769230769,0.21428571428571427,0.8571428571428571,0.0004
162,1.56669020652771,1.530601978302002,0.36538461538461536,0.8269230769230769,0.21428571428571427,0.8571428571428571,0.0004
163,1.5779348611831665,1.5301507711410522,0.36538461538461536,0.8269230769230769,0.21428571428571427,0.8571428571428571,0.0004
164,1.5676190853118896,1.5305371284484863,0.36538461538461536,0.8269230769230769,0.21428571428571427,0.8571428571428571,0.0004
165,1.5670418739318848,1.5303869247436523,0.36538461538461536,0.8269230769230769,0.21428571428571427,0.8571428571428571,0.0004
166,1.5635898113250732,1.529588222503662,0.36538461538461536,0.8269230769230769,0.21428571428571427,0.8571428571428571,0.0004
167,1.578029215335846,1.5294644832611084,0.36538461538461536,0.8269230769230769,0.21428571428571427,0.8571428571428571,0.0004
168,1.5635254383087158,1.529764175415039,0.36538461538461536,0.8269230769230769,0.21428571428571427,0.8571428571428571,0.0004
169,1.5821473598480225,1.5308921337127686,0.36538461538461536,0.8269230769230769,0.21428571428571427,0.8571428571428571,0.0004
170,1.5636433362960815,1.5314339399337769,0.36538461538461536,0.8269230769230769,0.21428571428571427,0.8571428571428571,0.0004
171,1.5423607230186462,1.5326793193817139,0.36538461538461536,0.8269230769230769,0.21428571428571427,0.8571428571428571,0.0004
172,1.5676116943359375,1.5326213836669922,0.36538461538461536,0.8269230769230769,0.21428571428571427,0.8571428571428571,0.0004
173,1.5477255582809448,1.5320711135864258,0.36538461538461536,0.8269230769230769,0.21428571428571427,0.8571428571428571,0.0004
174,1.5530431866645813,1.5322366952896118,0.36538461538461536,0.8269230769230769,0.21428571428571427,0.8571428571428571,0.0004
175,1.5546129941940308,1.532088279724121,0.36538461538461536,0.8269230769230769,0.21428571428571427,0.8571428571428571,0.0004
176,1.5327988862991333,1.5309221744537354,0.36538461538461536,0.8269230769230769,0.21428571428571427,0.8571428571428571,0.0004
177,1.5339137315750122,1.5304734706878662,0.36538461538461536,0.8269230769230769,0.21428571428571427,0.8571428571428571,0.0004
178,1.5442299246788025,1.5302300453186035,0.36538461538461536,0.8269230769230769,0.21428571428571427,0.8571428571428571,0.0004
179,1.595815896987915,1.53183114528656,0.36538461538461536,0.8269230769230769,0.21428571428571427,0.8571428571428571,0.0004
180,1.5605424642562866,1.5335941314697266,0.36538461538461536,0.8269230769230769,0.21428571428571427,0.8571428571428571,0.0004
181,1.566673755645752,1.5367157459259033,0.36538461538461536,0.8269230769230769,0.21428571428571427,0.8571428571428571,0.0004
182,1.5513854026794434,1.539358377456665,0.36538461538461536,0.8269230769230769,0.21428571428571427,0.8571428571428571,0.0004
183,1.5729010701179504,1.5415802001953125,0.36538461538461536,0.8269230769230769,0.21428571428571427,0.8571428571428571,0.0004
184,1.53941148519516,1.5421185493469238,0.36538461538461536,0.8269230769230769,0.21428571428571427,0.8571428571428571,0.0004
185,1.5472562909126282,1.541471242904663,0.36538461538461536,0.8269230769230769,0.21428571428571427,0.8571428571428571,0.0004
186,1.5670487880706787,1.541258454322815,0.36538461538461536,0.8269230769230769,0.21428571428571427,0.8571428571428571,0.0004
187,1.5653177499771118,1.5404661893844604,0.36538461538461536,0.8269230769230769,0.21428571428571427,0.8571428571428571,0.0004
188,1.5762513279914856,1.5392909049987793,0.36538461538461536,0.8269230769230769,0.21428571428571427,0.8571428571428571,0.0004
189,1.5827500820159912,1.53904128074646,0.36538461538461536,0.8269230769230769,0.21428571428571427,0.8571428571428571,0.0004
190,1.5631682872772217,1.538071632385254,0.36538461538461536,0.8269230769230769,0.21428571428571427,0.8571428571428571,0.0004
191,1.5503427386283875,1.537667155265808,0.36538461538461536,0.8269230769230769,0.21428571428571427,0.8571428571428571,0.0004
192,1.5763973593711853,1.5369346141815186,0.36538461538461536,0.8269230769230769,0.21428571428571427,0.8571428571428571,0.0004
193,1.5482088327407837,1.5368095636367798,0.36538461538461536,0.8269230769230769,0.21428571428571427,0.8571428571428571,0.0004
194,1.5656359195709229,1.5371516942977905,0.36538461538461536,0.8269230769230769,0.21428571428571427,0.8571428571428571,0.0004
195,1.5654497742652893,1.5371520519256592,0.36538461538461536,0.8269230769230769,0.21428571428571427,0.8571428571428571,0.0004
196,1.5242210626602173,1.5369594097137451,0.36538461538461536,0.8269230769230769,0.21428571428571427,0.8571428571428571,0.0004
197,1.5632744431495667,1.5360767841339111,0.36538461538461536,0.8269230769230769,0.21428571428571427,0.8571428571428571,0.0004
198,1.5532591342926025,1.5357764959335327,0.36538461538461536,0.8269230769230769,0.21428571428571427,0.8571428571428571,0.0004
199,1.5966815948486328,1.5348620414733887,0.36538461538461536,0.8269230769230769,0.21428571428571427,0.8571428571428571,0.0004
200,1.5165331363677979,1.5337210893630981,0.36538461538461536,0.8269230769230769,0.21428571428571427,0.8571428571428571,0.0004
201,1.5707882046699524,1.5341553688049316,0.36538461538461536,0.8269230769230769,0.21428571428571427,0.8571428571428571,0.0004
202,1.5501416325569153,1.5332990884780884,0.36538461538461536,0.8269230769230769,0.21428571428571427,0.8571428571428571,0.0004
203,1.5696794986724854,1.5326963663101196,0.36538461538461536,0.8269230769230769,0.21428571428571427,0.8571428571428571,0.0004
204,1.5868037939071655,1.5315144062042236,0.36538461538461536,0.8269230769230769,0.21428571428571427,0.8571428571428571,0.0004
205,1.5658555030822754,1.529191493988037,0.36538461538461536,0.8269230769230769,0.21428571428571427,0.8571428571428571,0.0004
206,1.5684141516685486,1.5273680686950684,0.36538461538461536,0.8269230769230769,0.21428571428571427,0.8571428571428571,0.0004
207,1.5811593532562256,1.5251572132110596,0.36538461538461536,0.8269230769230769,0.21428571428571427,0.8571428571428571,0.0004
208,1.5532703399658203,1.5237135887145996,0.36538461538461536,0.8269230769230769,0.21428571428571427,0.8571428571428571,0.0004
209,1.5651100873947144,1.5219097137451172,0.36538461538461536,0.8269230769230769,0.21428571428571427,0.8571428571428571,0.0004
210,1.579982578754425,1.5211260318756104,0.36538461538461536,0.8269230769230769,0.21428571428571427,0.8571428571428571,0.0004
211,1.5519773960113525,1.5207726955413818,0.36538461538461536,0.8269230769230769,0.21428571428571427,0.8571428571428571,0.0004
212,1.5512996912002563,1.5209523439407349,0.36538461538461536,0.8269230769230769,0.21428571428571427,0.8571428571428571,0.0004
213,1.5245752930641174,1.5221748352050781,0.36538461538461536,0.8269230769230769,0.21428571428571427,0.8571428571428571,0.0004
214,1.5237418413162231,1.5231804847717285,0.36538461538461536,0.8269230769230769,0.21428571428571427,0.8571428571428571,0.0004
215,1.579905390739441,1.5241692066192627,0.36538461538461536,0.8269230769230769,0.21428571428571427,0.8571428571428571,0.0004
216,1.538261592388153,1.5260369777679443,0.36538461538461536,0.8269230769230769,0.21428571428571427,0.8571428571428571,0.0004
217,1.5396340489387512,1.5275850296020508,0.36538461538461536,0.8269230769230769,0.21428571428571427,0.8571428571428571,0.0004
218,1.5524588227272034,1.5282855033874512,0.36538461538461536,0.8269230769230769,0.21428571428571427,0.8571428571428571,0.0004
219,1.5318190455436707,1.5284156799316406,0.36538461538461536,0.8269230769230769,0.21428571428571427,0.8571428571428571,0.0004
220,1.6000282764434814,1.5297267436981201,0.36538461538461536,0.8269230769230769,0.21428571428571427,0.8571428571428571,0.0004
221,1.5480587482452393,1.5307445526123047,0.36538461538461536,0.8269230769230769,0.21428571428571427,0.8571428571428571,0.0004
222,1.5508848428726196,1.5323296785354614,0.36538461538461536,0.8269230769230769,0.21428571428571427,0.8571428571428571,0.0004
223,1.5449239611625671,1.5333137512207031,0.36538461538461536,0.8269230769230769,0.21428571428571427,0.8571428571428571,0.0004
224,1.5820128917694092,1.535505771636963,0.36538461538461536,0.8269230769230769,0.21428571428571427,0.8571428571428571,0.0004
225,1.5971860885620117,1.537366271018982,0.36538461538461536,0.8269230769230769,0.21428571428571427,0.8571428571428571,0.0004
226,1.552790343761444,1.5395256280899048,0.36538461538461536,0.8269230769230769,0.21428571428571427,0.8571428571428571,0.0004
227,1.5324200987815857,1.5407557487487793,0.36538461538461536,0.8269230769230769,0.21428571428571427,0.8571428571428571,0.0004
228,1.5681225657463074,1.5422399044036865,0.36538461538461536,0.8269230769230769,0.21428571428571427,0.8571428571428571,0.0004
229,1.5348061919212341,1.5427696704864502,0.36538461538461536,0.8269230769230769,0.21428571428571427,0.8571428571428571,0.0004
230,1.5579380989074707,1.5426605939865112,0.36538461538461536,0.8269230769230769,0.21428571428571427,0.8571428571428571,0.0004
231,1.553238034248352,1.5437164306640625,0.36538461538461536,0.8269230769230769,0.21428571428571427,0.8571428571428571,0.0004
232,1.5436767935752869,1.54347562789917,0.36538461538461536,0.8269230769230769,0.21428571428571427,0.8571428571428571,0.0004
233,1.5934593677520752,1.5439937114715576,0.36538461538461536,0.8269230769230769,0.21428571428571427,0.8571428571428571,0.0004
234,1.5794591307640076,1.5444772243499756,0.36538461538461536,0.8269230769230769,0.21428571428571427,0.8571428571428571,0.0004
235,1.5307188630104065,1.5444495677947998,0.36538461538461536,0.8269230769230769,0.21428571428571427,0.8571428571428571,0.0004
236,1.5466092228889465,1.5446770191192627,0.36538461538461536,0.8269230769230769,0.21428571428571427,0.8571428571428571,0.0004
237,1.5652920007705688,1.5452399253845215,0.36538461538461536,0.8269230769230769,0.21428571428571427,0.8571428571428571,0.0004
238,1.548983097076416,1.5452923774719238,0.36538461538461536,0.8269230769230769,0.21428571428571427,0.8571428571428571,0.0004
239,1.582620918750763,1.5453770160675049,0.36538461538461536,0.8269230769230769,0.21428571428571427,0.8571428571428571,0.0004
240,1.5311927795410156,1.5446271896362305,0.36538461538461536,0.8269230769230769,0.21428571428571427,0.8571428571428571,0.0004
241,1.5669071674346924,1.544359803199768,0.36538461538461536,0.8269230769230769,0.21428571428571427,0.8571428571428571,0.0004
242,1.5381936430931091,1.5436769723892212,0.36538461538461536,0.8269230769230769,0.21428571428571427,0.8571428571428571,0.0004
243,1.545383870601654,1.5422992706298828,0.36538461538461536,0.8269230769230769,0.21428571428571427,0.8571428571428571,0.0004
244,1.5495245456695557,1.5415161848068237,0.36538461538461536,0.8269230769230769,0.21428571428571427,0.8571428571428571,0.0004
245,1.5515836477279663,1.5407499074935913,0.36538461538461536,0.8269230769230769,0.21428571428571427,0.8571428571428571,0.0004
246,1.5654942989349365,1.5395710468292236,0.36538461538461536,0.8269230769230769,0.21428571428571427,0.8571428571428571,0.0004
247,1.5481817722320557,1.5382187366485596,0.36538461538461536,0.8269230769230769,0.21428571428571427,0.8571428571428571,0.0004
248,1.5782039165496826,1.5371499061584473,0.36538461538461536,0.8269230769230769,0.21428571428571427,0.8571428571428571,0.0004
249,1.535729467868805,1.536765217781067,0.36538461538461536,0.8269230769230769,0.21428571428571427,0.8571428571428571,0.0004
250,1.5314598083496094,1.535981297492981,0.36538461538461536,0.8269230769230769,0.21428571428571427,0.8571428571428571,0.0004
251,1.565353512763977,1.5358773469924927,0.36538461538461536,0.8269230769230769,0.21428571428571427,0.8571428571428571,0.0004
252,1.5714701414108276,1.5360082387924194,0.36538461538461536,0.8269230769230769,0.21428571428571427,0.8571428571428571,0.0004
253,1.5670722126960754,1.534895420074463,0.36538461538461536,0.8269230769230769,0.21428571428571427,0.8571428571428571,0.0004
254,1.550710678100586,1.5335625410079956,0.36538461538461536,0.8269230769230769,0.21428571428571427,0.8571428571428571,0.0004
255,1.5628287196159363,1.5319998264312744,0.36538461538461536,0.8269230769230769,0.21428571428571427,0.8571428571428571,0.0004
256,1.5640522837638855,1.53134286403656,0.36538461538461536,0.8269230769230769,0.21428571428571427,0.8571428571428571,0.0004
257,1.5616859793663025,1.530844807624817,0.36538461538461536,0.8269230769230769,0.21428571428571427,0.8571428571428571,0.0004
258,1.553700029850006,1.531596064567566,0.36538461538461536,0.8269230769230769,0.21428571428571427,0.8571428571428571,0.0004
259,1.5381991267204285,1.5315333604812622,0.36538461538461536,0.8269230769230769,0.21428571428571427,0.8571428571428571,0.0004
260,1.5357292294502258,1.5307819843292236,0.36538461538461536,0.8269230769230769,0.21428571428571427,0.8571428571428571,0.0004
261,1.5654274225234985,1.5301313400268555,0.36538461538461536,0.8269230769230769,0.21428571428571427,0.8571428571428571,0.0004
262,1.582733392715454,1.5296889543533325,0.36538461538461536,0.8269230769230769,0.21428571428571427,0.8571428571428571,0.0004
263,1.549570918083191,1.5289905071258545,0.36538461538461536,0.8269230769230769,0.21428571428571427,0.8571428571428571,0.0004
264,1.536221981048584,1.5287227630615234,0.36538461538461536,0.8269230769230769,0.21428571428571427,0.8571428571428571,0.0004
265,1.5530335307121277,1.5284461975097656,0.36538461538461536,0.8269230769230769,0.21428571428571427,0.8571428571428571,0.0004
266,1.5506364703178406,1.5276107788085938,0.36538461538461536,0.8269230769230769,0.21428571428571427,0.8571428571428571,0.0004
267,1.5692910552024841,1.527117133140564,0.36538461538461536,0.8269230769230769,0.21428571428571427,0.8571428571428571,0.0004
268,1.5802714228630066,1.5258485078811646,0.36538461538461536,0.8269230769230769,0.21428571428571427,0.8571428571428571,0.0004
269,1.549289047718048,1.5252761840820312,0.36538461538461536,0.8269230769230769,0.21428571428571427,0.8571428571428571,0.0004
270,1.5685046911239624,1.5255680084228516,0.36538461538461536,0.8269230769230769,0.21428571428571427,0.8571428571428571,0.0004
271,1.5354125499725342,1.5252301692962646,0.36538461538461536,0.8269230769230769,0.21428571428571427,0.8571428571428571,0.0004
272,1.5663818717002869,1.5254409313201904,0.36538461538461536,0.8269230769230769,0.21428571428571427,0.8571428571428571,0.0004
273,1.5676793456077576,1.525846004486084,0.36538461538461536,0.8269230769230769,0.21428571428571427,0.8571428571428571,0.0004
274,1.5344865918159485,1.525651454925537,0.36538461538461536,0.8269230769230769,0.21428571428571427,0.8571428571428571,0.0004
275,1.520510196685791,1.5260138511657715,0.36538461538461536,0.8269230769230769,0.21428571428571427,0.8571428571428571,0.0004
276,1.532486379146576,1.5265990495681763,0.36538461538461536,0.8269230769230769,0.21428571428571427,0.8571428571428571,0.0004
277,1.5771197080612183,1.5283362865447998,0.36538461538461536,0.8269230769230769,0.21428571428571427,0.8571428571428571,0.0004
278,1.550110399723053,1.5312353372573853,0.36538461538461536,0.8269230769230769,0.21428571428571427,0.8571428571428571,0.0004
279,1.5623684525489807,1.5339242219924927,0.36538461538461536,0.8269230769230769,0.21428571428571427,0.8571428571428571,0.0004
280,1.5418769121170044,1.537414789199829,0.36538461538461536,0.8269230769230769,0.21428571428571427,0.8571428571428571,0.0004
281,1.564683437347412,1.5390537977218628,0.36538461538461536,0.8269230769230769,0.21428571428571427,0.8571428571428571,0.0004
282,1.5497785806655884,1.540467381477356,0.36538461538461536,0.8269230769230769,0.21428571428571427,0.8571428571428571,0.0004
283,1.5649183988571167,1.5415043830871582,0.36538461538461536,0.8269230769230769,0.21428571428571427,0.8571428571428571,0.0004
284,1.5192769765853882,1.5422271490097046,0.36538461538461536,0.8269230769230769,0.21428571428571427,0.8571428571428571,0.0004
285,1.5497897863388062,1.5426139831542969,0.36538461538461536,0.8269230769230769,0.21428571428571427,0.8571428571428571,0.0004
286,1.5619638562202454,1.5425206422805786,0.36538461538461536,0.8269230769230769,0.21428571428571427,0.8571428571428571,0.0004
287,1.565800428390503,1.5427619218826294,0.36538461538461536,0.8269230769230769,0.21428571428571427,0.8571428571428571,0.0004
288,1.538940668106079,1.5427601337432861,0.36538461538461536,0.8269230769230769,0.21428571428571427,0.8571428571428571,0.0004
289,1.558735966682434,1.5413509607315063,0.36538461538461536,0.8269230769230769,0.21428571428571427,0.8571428571428571,0.0004
290,1.551730751991272,1.5412013530731201,0.36538461538461536,0.8269230769230769,0.21428571428571427,0.8571428571428571,0.0004
291,1.580417275428772,1.5403826236724854,0.36538461538461536,0.8269230769230769,0.21428571428571427,0.8571428571428571,0.0004
292,1.5618826746940613,1.5394387245178223,0.36538461538461536,0.8269230769230769,0.21428571428571427,0.8571428571428571,0.0004
293,1.5352047085762024,1.5391581058502197,0.36538461538461536,0.8269230769230769,0.21428571428571427,0.8571428571428571,0.0004
294,1.5461276173591614,1.538405418395996,0.36538461538461536,0.8269230769230769,0.21428571428571427,0.8571428571428571,0.0004
295,1.5794326663017273,1.538203477859497,0.36538461538461536,0.8269230769230769,0.21428571428571427,0.8571428571428571,0.0004
296,1.5680017471313477,1.5383719205856323,0.36538461538461536,0.8269230769230769,0.21428571428571427,0.8571428571428571,0.0004
297,1.5815759301185608,1.5379594564437866,0.36538461538461536,0.8269230769230769,0.21428571428571427,0.8571428571428571,0.0004
298,1.5839425325393677,1.5374308824539185,0.36538461538461536,0.8269230769230769,0.21428571428571427,0.8571428571428571,0.0004
299,1.566256046295166,1.5362892150878906,0.36538461538461536,0.8269230769230769,0.21428571428571427,0.8571428571428571,0.0004
300,1.539914071559906,1.5352699756622314,0.36538461538461536,0.8269230769230769,0.21428571428571427,0.8571428571428571,0.0004
301,1.5361485481262207,1.5334504842758179,0.36538461538461536,0.8269230769230769,0.21428571428571427,0.8571428571428571,0.0004
302,1.5772482752799988,1.5314712524414062,0.36538461538461536,0.8269230769230769,0.21428571428571427,0.8571428571428571,0.0004
303,1.5768758058547974,1.5303058624267578,0.36538461538461536,0.8269230769230769,0.21428571428571427,0.8571428571428571,0.0004
304,1.522961974143982,1.5304625034332275,0.36538461538461536,0.8269230769230769,0.21428571428571427,0.8571428571428571,0.0004
305,1.5385637283325195,1.5304052829742432,0.36538461538461536,0.8269230769230769,0.21428571428571427,0.8571428571428571,0.0004
306,1.565858244895935,1.5297285318374634,0.36538461538461536,0.8269230769230769,0.21428571428571427,0.8571428571428571,0.0004
307,1.5655121803283691,1.529090166091919,0.36538461538461536,0.8269230769230769,0.21428571428571427,0.8571428571428571,0.0004
308,1.6098020672798157,1.5285015106201172,0.36538461538461536,0.8269230769230769,0.21428571428571427,0.8571428571428571,0.0004
309,1.5388389825820923,1.5291359424591064,0.36538461538461536,0.8269230769230769,0.21428571428571427,0.8571428571428571,0.0004
310,1.5626513361930847,1.5287842750549316,0.36538461538461536,0.8269230769230769,0.21428571428571427,0.8571428571428571,0.0004
311,1.5775032043457031,1.529178261756897,0.36538461538461536,0.8269230769230769,0.21428571428571427,0.8571428571428571,0.0004
312,1.5378152132034302,1.5307693481445312,0.36538461538461536,0.8269230769230769,0.21428571428571427,0.8571428571428571,0.0004
313,1.534887433052063,1.5315576791763306,0.36538461538461536,0.8269230769230769,0.21428571428571427,0.8571428571428571,0.0004
314,1.5809165835380554,1.5323636531829834,0.36538461538461536,0.8269230769230769,0.21428571428571427,0.8571428571428571,0.0004
315,1.5832108855247498,1.5332773923873901,0.36538461538461536,0.8269230769230769,0.21428571428571427,0.8571428571428571,0.0004
316,1.519541323184967,1.5335807800292969,0.36538461538461536,0.8269230769230769,0.21428571428571427,0.8571428571428571,0.0004
317,1.5507885217666626,1.5339336395263672,0.36538461538461536,0.8269230769230769,0.21428571428571427,0.8571428571428571,0.0004
318,1.565439224243164,1.5340065956115723,0.36538461538461536,0.8269230769230769,0.21428571428571427,0.8571428571428571,0.0004
319,1.521549940109253,1.5340920686721802,0.36538461538461536,0.8269230769230769,0.21428571428571427,0.8571428571428571,0.0004
320,1.5506581664085388,1.533726692199707,0.36538461538461536,0.8269230769230769,0.21428571428571427,0.8571428571428571,0.0004
321,1.5703893899917603,1.5334066152572632,0.36538461538461536,0.8269230769230769,0.21428571428571427,0.8571428571428571,0.0004
322,1.5959737300872803,1.5319995880126953,0.36538461538461536,0.8269230769230769,0.21428571428571427,0.8571428571428571,0.0004
323,1.564199686050415,1.5311118364334106,0.36538461538461536,0.8269230769230769,0.21428571428571427,0.8571428571428571,0.0004
324,1.5968748331069946,1.5306771993637085,0.36538461538461536,0.8269230769230769,0.21428571428571427,0.8571428571428571,0.0004
325,1.5840001106262207,1.5307341814041138,0.36538461538461536,0.8269230769230769,0.21428571428571427,0.8571428571428571,0.0004
326,1.5661290884017944,1.5303469896316528,0.36538461538461536,0.8269230769230769,0.21428571428571427,0.8571428571428571,0.0004
327,1.5794739723205566,1.5299428701400757,0.36538461538461536,0.8269230769230769,0.21428571428571427,0.8571428571428571,0.0004
328,1.563771665096283,1.529822826385498,0.36538461538461536,0.8269230769230769,0.21428571428571427,0.8571428571428571,0.0004
329,1.549506664276123,1.5301189422607422,0.36538461538461536,0.8269230769230769,0.21428571428571427,0.8571428571428571,0.0004
330,1.578507900238037,1.5306968688964844,0.36538461538461536,0.8269230769230769,0.21428571428571427,0.8571428571428571,0.0004
331,1.5685044527053833,1.5316963195800781,0.36538461538461536,0.8269230769230769,0.21428571428571427,0.8571428571428571,0.0004
332,1.5536670684814453,1.5320327281951904,0.36538461538461536,0.8269230769230769,0.21428571428571427,0.8571428571428571,0.0004
333,1.5817824602127075,1.5317476987838745,0.36538461538461536,0.8269230769230769,0.21428571428571427,0.8571428571428571,0.0004
334,1.5380190014839172,1.5312248468399048,0.36538461538461536,0.8269230769230769,0.21428571428571427,0.8571428571428571,0.0004
335,1.5369457602500916,1.5301735401153564,0.36538461538461536,0.8269230769230769,0.21428571428571427,0.8571428571428571,0.0004
336,1.5217537879943848,1.5293629169464111,0.36538461538461536,0.8269230769230769,0.21428571428571427,0.8571428571428571,0.0004
337,1.5661782622337341,1.5288450717926025,0.36538461538461536,0.8269230769230769,0.21428571428571427,0.8571428571428571,0.0004
338,1.548607885837555,1.528576135635376,0.36538461538461536,0.8269230769230769,0.21428571428571427,0.8571428571428571,0.0004
339,1.547385334968567,1.5290329456329346,0.36538461538461536,0.8269230769230769,0.21428571428571427,0.8571428571428571,0.0004
340,1.5477144718170166,1.530340552330017,0.36538461538461536,0.8269230769230769,0.21428571428571427,0.8571428571428571,0.0004
341,1.5358327627182007,1.532324194908142,0.36538461538461536,0.8269230769230769,0.21428571428571427,0.8571428571428571,0.0004
342,1.5662504434585571,1.5339977741241455,0.36538461538461536,0.8269230769230769,0.21428571428571427,0.8571428571428571,0.0004
343,1.5393120050430298,1.5357561111450195,0.36538461538461536,0.8269230769230769,0.21428571428571427,0.8571428571428571,0.0004
344,1.5808648467063904,1.5363314151763916,0.36538461538461536,0.8269230769230769,0.21428571428571427,0.8571428571428571,0.0004
345,1.5446795225143433,1.5368785858154297,0.36538461538461536,0.8269230769230769,0.21428571428571427,0.8571428571428571,0.0004
346,1.5829326510429382,1.5385751724243164,0.36538461538461536,0.8269230769230769,0.21428571428571427,0.8571428571428571,0.0004
347,1.5692521333694458,1.5399460792541504,0.36538461538461536,0.8269230769230769,0.21428571428571427,0.8571428571428571,0.0004
348,1.5516790747642517,1.5405328273773193,0.36538461538461536,0.8269230769230769,0.21428571428571427,0.8571428571428571,0.0004
349,1.5493155121803284,1.540610671043396,0.36538461538461536,0.8269230769230769,0.21428571428571427,0.8571428571428571,0.0004
350,1.5745569467544556,1.540398359298706,0.36538461538461536,0.8269230769230769,0.21428571428571427,0.8571428571428571,0.0004
351,1.5616845488548279,1.541047215461731,0.36538461538461536,0.8269230769230769,0.21428571428571427,0.8571428571428571,0.0004
352,1.5637853145599365,1.5419896841049194,0.36538461538461536,0.8269230769230769,0.21428571428571427,0.8571428571428571,0.0004
353,1.5771947503089905,1.5426552295684814,0.36538461538461536,0.8269230769230769,0.21428571428571427,0.8571428571428571,0.0004
354,1.54617041349411,1.543188214302063,0.36538461538461536,0.8269230769230769,0.21428571428571427,0.8571428571428571,0.0004
355,1.5754424929618835,1.5440094470977783,0.36538461538461536,0.8269230769230769,0.21428571428571427,0.8571428571428571,0.0004
356,1.5549973249435425,1.545188546180725,0.36538461538461536,0.8269230769230769,0.21428571428571427,0.8571428571428571,0.0004
357,1.5782445073127747,1.5451501607894897,0.36538461538461536,0.8269230769230769,0.21428571428571427,0.8571428571428571,0.0004
358,1.5803664922714233,1.5449706315994263,0.36538461538461536,0.8269230769230769,0.21428571428571427,0.8571428571428571,0.0004
359,1.5541552305221558,1.5444549322128296,0.36538461538461536,0.8269230769230769,0.21428571428571427,0.8571428571428571,0.0004
360,1.564527690410614,1.5431687831878662,0.36538461538461536,0.8269230769230769,0.21428571428571427,0.8571428571428571,0.0004
361,1.5380131602287292,1.54194974899292,0.36538461538461536,0.8269230769230769,0.21428571428571427,0.8571428571428571,0.0004
362,1.5652615427970886,1.5403547286987305,0.36538461538461536,0.8269230769230769,0.21428571428571427,0.8571428571428571,0.0004
363,1.5230398774147034,1.5388022661209106,0.36538461538461536,0.8269230769230769,0.21428571428571427,0.8571428571428571,0.0004
364,1.5339457988739014,1.5368373394012451,0.36538461538461536,0.8269230769230769,0.21428571428571427,0.8571428571428571,0.0004
365,1.5700252056121826,1.5357056856155396,0.36538461538461536,0.8269230769230769,0.21428571428571427,0.8571428571428571,0.0004
366,1.5661640763282776,1.5338021516799927,0.36538461538461536,0.8269230769230769,0.21428571428571427,0.8571428571428571,0.0004
367,1.5534282326698303,1.53220796585083,0.36538461538461536,0.8269230769230769,0.21428571428571427,0.8571428571428571,0.0004
368,1.5502081513404846,1.5302034616470337,0.36538461538461536,0.8269230769230769,0.21428571428571427,0.8571428571428571,0.0004
369,1.5658094882965088,1.528491497039795,0.36538461538461536,0.8269230769230769,0.21428571428571427,0.8571428571428571,0.0004
370,1.5829200148582458,1.5272619724273682,0.36538461538461536,0.8269230769230769,0.21428571428571427,0.8571428571428571,0.0004
371,1.5477993488311768,1.5259809494018555,0.36538461538461536,0.8269230769230769,0.21428571428571427,0.8571428571428571,0.0004
372,1.5531112551689148,1.5264332294464111,0.36538461538461536,0.8269230769230769,0.21428571428571427,0.8571428571428571,0.0004
373,1.5490846633911133,1.5262696743011475,0.36538461538461536,0.8269230769230769,0.21428571428571427,0.8571428571428571,0.0004
374,1.5797688961029053,1.526521921157837,0.36538461538461536,0.8269230769230769,0.21428571428571427,0.8571428571428571,0.0004
375,1.5966268181800842,1.5276492834091187,0.36538461538461536,0.8269230769230769,0.21428571428571427,0.8571428571428571,0.0004
376,1.565271019935608,1.5289340019226074,0.36538461538461536,0.8269230769230769,0.21428571428571427,0.8571428571428571,0.0004
377,1.5663887858390808,1.5304088592529297,0.36538461538461536,0.8269230769230769,0.21428571428571427,0.8571428571428571,0.0004
378,1.5389515161514282,1.531747579574585,0.36538461538461536,0.8269230769230769,0.21428571428571427,0.8571428571428571,0.0004
379,1.5514180064201355,1.5321589708328247,0.36538461538461536,0.8269230769230769,0.21428571428571427,0.8571428571428571,0.0004
380,1.5804333686828613,1.5323339700698853,0.36538461538461536,0.8269230769230769,0.21428571428571427,0.8571428571428571,0.0004
381,1.5944397449493408,1.5324586629867554,0.36538461538461536,0.8269230769230769,0.21428571428571427,0.8571428571428571,0.0004
382,1.5368667840957642,1.5327552556991577,0.36538461538461536,0.8269230769230769,0.21428571428571427,0.8571428571428571,0.0004
383,1.5679925680160522,1.5330127477645874,0.36538461538461536,0.8269230769230769,0.21428571428571427,0.8571428571428571,0.0004
384,1.5783633589744568,1.532516598701477,0.36538461538461536,0.8269230769230769,0.21428571428571427,0.8571428571428571,0.0004
385,1.5510478615760803,1.5324565172195435,0.36538461538461536,0.8269230769230769,0.21428571428571427,0.8571428571428571,0.0004
386,1.5343158841133118,1.532131552696228,0.36538461538461536,0.8269230769230769,0.21428571428571427,0.8571428571428571,0.0004
387,1.5365662574768066,1.5323874950408936,0.36538461538461536,0.8269230769230769,0.21428571428571427,0.8571428571428571,0.0004
388,1.5944994688034058,1.532371997833252,0.36538461538461536,0.8269230769230769,0.21428571428571427,0.8571428571428571,0.0004
389,1.5486162304878235,1.532672643661499,0.36538461538461536,0.8269230769230769,0.21428571428571427,0.8571428571428571,0.0004
390,1.5627380013465881,1.533143162727356,0.36538461538461536,0.8269230769230769,0.21428571428571427,0.8571428571428571,0.0004
391,1.564487636089325,1.534227728843689,0.36538461538461536,0.8269230769230769,0.21428571428571427,0.8571428571428571,0.0004
392,1.5245260000228882,1.5356669425964355,0.36538461538461536,0.8269230769230769,0.21428571428571427,0.8571428571428571,0.0004
393,1.5494819283485413,1.5362188816070557,0.36538461538461536,0.8269230769230769,0.21428571428571427,0.8571428571428571,0.0004
394,1.534743309020996,1.536781907081604,0.36538461538461536,0.8269230769230769,0.21428571428571427,0.8571428571428571,0.0004
395,1.577333688735962,1.537254810333252,0.36538461538461536,0.8269230769230769,0.21428571428571427,0.8571428571428571,0.0004
396,1.5820690989494324,1.5383292436599731,0.36538461538461536,0.8269230769230769,0.21428571428571427,0.8571428571428571,0.0004
397,1.5545300841331482,1.5392684936523438,0.36538461538461536,0.8269230769230769,0.21428571428571427,0.8571428571428571,0.0004
398,1.5499553084373474,1.539211630821228,0.36538461538461536,0.8269230769230769,0.21428571428571427,0.8571428571428571,0.0004
399,1.6115399599075317,1.539003849029541,0.36538461538461536,0.8269230769230769,0.21428571428571427,0.8571428571428571,0.0004
400,1.5457046627998352,1.5387625694274902,0.36538461538461536,0.8269230769230769,0.21428571428571427,0.8571428571428571,0.0004
401,1.551143229007721,1.539351463317871,0.36538461538461536,0.8269230769230769,0.21428571428571427,0.8571428571428571,0.0004
402,1.5824502110481262,1.539540410041809,0.36538461538461536,0.8269230769230769,0.21428571428571427,0.8571428571428571,0.0004
403,1.5211126208305359,1.5392506122589111,0.36538461538461536,0.8269230769230769,0.21428571428571427,0.8571428571428571,0.0004
404,1.5229278206825256,1.538791537284851,0.36538461538461536,0.8269230769230769,0.21428571428571427,0.8571428571428571,0.0004
405,1.5620205998420715,1.5375887155532837,0.36538461538461536,0.8269230769230769,0.21428571428571427,0.8571428571428571,0.0004
406,1.5813382267951965,1.5370173454284668,0.36538461538461536,0.8269230769230769,0.21428571428571427,0.8571428571428571,0.0004
407,1.547912359237671,1.5361040830612183,0.36538461538461536,0.8269230769230769,0.21428571428571427,0.8571428571428571,0.0004
408,1.570391058921814,1.5358173847198486,0.36538461538461536,0.8269230769230769,0.21428571428571427,0.8571428571428571,0.0004
409,1.5347183346748352,1.5344597101211548,0.36538461538461536,0.8269230769230769,0.21428571428571427,0.8571428571428571,0.0004
410,1.5339811444282532,1.5332071781158447,0.36538461538461536,0.8269230769230769,0.21428571428571427,0.8571428571428571,0.0004
411,1.5667169690132141,1.5323154926300049,0.36538461538461536,0.8269230769230769,0.21428571428571427,0.8571428571428571,0.0004
412,1.5489554405212402,1.5311944484710693,0.36538461538461536,0.8269230769230769,0.21428571428571427,0.8571428571428571,0.0004
413,1.5645526051521301,1.5304672718048096,0.36538461538461536,0.8269230769230769,0.21428571428571427,0.8571428571428571,0.0004
414,1.5516102313995361,1.5301886796951294,0.36538461538461536,0.8269230769230769,0.21428571428571427,0.8571428571428571,0.0004
415,1.5531110167503357,1.5299406051635742,0.36538461538461536,0.8269230769230769,0.21428571428571427,0.8571428571428571,0.0004
416,1.547453761100769,1.528970718383789,0.36538461538461536,0.8269230769230769,0.21428571428571427,0.8571428571428571,0.0004
417,1.5336398482322693,1.5289204120635986,0.36538461538461536,0.8269230769230769,0.21428571428571427,0.8571428571428571,0.0004
418,1.566657543182373,1.5292975902557373,0.36538461538461536,0.8269230769230769,0.21428571428571427,0.8571428571428571,0.0004
419,1.5232248902320862,1.529878854751587,0.36538461538461536,0.8269230769230769,0.21428571428571427,0.8571428571428571,0.0004
420,1.5492616891860962,1.5295178890228271,0.36538461538461536,0.8269230769230769,0.21428571428571427,0.8571428571428571,0.0004
421,1.5521767735481262,1.5296367406845093,0.36538461538461536,0.8269230769230769,0.21428571428571427,0.8571428571428571,0.0004
422,1.5811408758163452,1.5293047428131104,0.36538461538461536,0.8269230769230769,0.21428571428571427,0.8571428571428571,0.0004
423,1.536680817604065,1.529415249824524,0.36538461538461536,0.8269230769230769,0.21428571428571427,0.8571428571428571,0.0004
424,1.5365744829177856,1.5293166637420654,0.36538461538461536,0.8269230769230769,0.21428571428571427,0.8571428571428571,0.0004
425,1.5401511788368225,1.529192566871643,0.36538461538461536,0.8269230769230769,0.21428571428571427,0.8571428571428571,0.0004
426,1.5324888229370117,1.5277303457260132,0.36538461538461536,0.8269230769230769,0.21428571428571427,0.8571428571428571,0.0004
427,1.5176454186439514,1.5271211862564087,0.36538461538461536,0.8269230769230769,0.21428571428571427,0.8571428571428571,0.0004
428,1.5371482968330383,1.5275541543960571,0.36538461538461536,0.8269230769230769,0.21428571428571427,0.8571428571428571,0.0004
429,1.5172522068023682,1.5273315906524658,0.36538461538461536,0.8269230769230769,0.21428571428571427,0.8571428571428571,0.0004
430,1.529952347278595,1.527575969696045,0.36538461538461536,0.8269230769230769,0.21428571428571427,0.8571428571428571,0.0004
431,1.5325067639350891,1.529200792312622,0.36538461538461536,0.8269230769230769,0.21428571428571427,0.8571428571428571,0.0004
432,1.5493814945220947,1.5314427614212036,0.36538461538461536,0.8269230769230769,0.21428571428571427,0.8571428571428571,0.0004
433,1.5688368082046509,1.533908724784851,0.36538461538461536,0.8269230769230769,0.21428571428571427,0.8571428571428571,0.0004
434,1.5531570315361023,1.5357789993286133,0.36538461538461536,0.8269230769230769,0.21428571428571427,0.8571428571428571,0.0004
435,1.5531607866287231,1.5369868278503418,0.36538461538461536,0.8269230769230769,0.21428571428571427,0.8571428571428571,0.0004
436,1.571151077747345,1.5377769470214844,0.36538461538461536,0.8269230769230769,0.21428571428571427,0.8571428571428571,0.0004
437,1.5548357367515564,1.5376466512680054,0.36538461538461536,0.8269230769230769,0.21428571428571427,0.8571428571428571,0.0004
438,1.5464470386505127,1.536446452140808,0.36538461538461536,0.8269230769230769,0.21428571428571427,0.8571428571428571,0.0004
439,1.5675155520439148,1.5362545251846313,0.36538461538461536,0.8269230769230769,0.21428571428571427,0.8571428571428571,0.0004
440,1.5630928874015808,1.5355827808380127,0.36538461538461536,0.8269230769230769,0.21428571428571427,0.8571428571428571,0.0004
441,1.5486865043640137,1.5354208946228027,0.36538461538461536,0.8269230769230769,0.21428571428571427,0.8571428571428571,0.0004
442,1.5297529101371765,1.5352468490600586,0.36538461538461536,0.8269230769230769,0.21428571428571427,0.8571428571428571,0.0004
443,1.5832837224006653,1.5364243984222412,0.36538461538461536,0.8269230769230769,0.21428571428571427,0.8571428571428571,0.0004
444,1.551409900188446,1.5368341207504272,0.36538461538461536,0.8269230769230769,0.21428571428571427,0.8571428571428571,0.0004
445,1.567592740058899,1.5369608402252197,0.36538461538461536,0.8269230769230769,0.21428571428571427,0.8571428571428571,0.0004
446,1.5684226751327515,1.5367103815078735,0.36538461538461536,0.8269230769230769,0.21428571428571427,0.8571428571428571,0.0004
447,1.5460611581802368,1.5355008840560913,0.36538461538461536,0.8269230769230769,0.21428571428571427,0.8571428571428571,0.0004
448,1.549235463142395,1.5354479551315308,0.36538461538461536,0.8269230769230769,0.21428571428571427,0.8571428571428571,0.0004
449,1.5626037120819092,1.5353572368621826,0.36538461538461536,0.8269230769230769,0.21428571428571427,0.8571428571428571,0.0004
450,1.562504768371582,1.5356402397155762,0.36538461538461536,0.8269230769230769,0.21428571428571427,0.8571428571428571,0.0004
451,1.564063847064972,1.5363435745239258,0.36538461538461536,0.8269230769230769,0.21428571428571427,0.8571428571428571,0.0004
452,1.5631346702575684,1.5370380878448486,0.36538461538461536,0.8269230769230769,0.21428571428571427,0.8571428571428571,0.0004
453,1.5534043908119202,1.5381803512573242,0.36538461538461536,0.8269230769230769,0.21428571428571427,0.8571428571428571,0.0004
454,1.5815059542655945,1.5385512113571167,0.36538461538461536,0.8269230769230769,0.21428571428571427,0.8571428571428571,0.0004
455,1.5347282886505127,1.5385243892669678,0.36538461538461536,0.8269230769230769,0.21428571428571427,0.8571428571428571,0.0004
456,1.548694908618927,1.538409948348999,0.36538461538461536,0.8269230769230769,0.21428571428571427,0.8571428571428571,0.0004
457,1.5662872791290283,1.5383968353271484,0.36538461538461536,0.8269230769230769,0.21428571428571427,0.8571428571428571,0.0004
458,1.5586930513381958,1.5377755165100098,0.36538461538461536,0.8269230769230769,0.21428571428571427,0.8571428571428571,0.0004
459,1.5223966240882874,1.5385034084320068,0.36538461538461536,0.8269230769230769,0.21428571428571427,0.8571428571428571,0.0004
460,1.5381513237953186,1.538596272468567,0.36538461538461536,0.8269230769230769,0.21428571428571427,0.8571428571428571,0.0004
461,1.5691393613815308,1.5379469394683838,0.36538461538461536,0.8269230769230769,0.21428571428571427,0.8571428571428571,0.0004
462,1.5776840448379517,1.5364660024642944,0.36538461538461536,0.8269230769230769,0.21428571428571427,0.8571428571428571,0.0004
463,1.5458412766456604,1.5357134342193604,0.36538461538461536,0.8269230769230769,0.21428571428571427,0.8571428571428571,0.0004
464,1.535921573638916,1.5359833240509033,0.36538461538461536,0.8269230769230769,0.21428571428571427,0.8571428571428571,0.0004
465,1.535529375076294,1.5358738899230957,0.36538461538461536,0.8269230769230769,0.21428571428571427,0.8571428571428571,0.0004
466,1.5315093398094177,1.5353374481201172,0.36538461538461536,0.8269230769230769,0.21428571428571427,0.8571428571428571,0.0004
467,1.5533964037895203,1.5355302095413208,0.36538461538461536,0.8269230769230769,0.21428571428571427,0.8571428571428571,0.0004
468,1.5357173085212708,1.535071611404419,0.36538461538461536,0.8269230769230769,0.21428571428571427,0.8571428571428571,0.0004
469,1.5620535016059875,1.5341315269470215,0.36538461538461536,0.8269230769230769,0.21428571428571427,0.8571428571428571,0.0004
470,1.5317214727401733,1.5339927673339844,0.36538461538461536,0.8269230769230769,0.21428571428571427,0.8571428571428571,0.0004
471,1.5514904856681824,1.5345070362091064,0.36538461538461536,0.8269230769230769,0.21428571428571427,0.8571428571428571,0.0004
472,1.5532131791114807,1.534737467765808,0.36538461538461536,0.8269230769230769,0.21428571428571427,0.8571428571428571,0.0004
473,1.584276556968689,1.534472107887268,0.36538461538461536,0.8269230769230769,0.21428571428571427,0.8571428571428571,0.0004
474,1.5540913343429565,1.5338830947875977,0.36538461538461536,0.8269230769230769,0.21428571428571427,0.8571428571428571,0.0004
475,1.5823034644126892,1.5326604843139648,0.36538461538461536,0.8269230769230769,0.21428571428571427,0.8571428571428571,0.0004
476,1.5502947568893433,1.5315117835998535,0.36538461538461536,0.8269230769230769,0.21428571428571427,0.8571428571428571,0.0004
477,1.5517773628234863,1.5306973457336426,0.36538461538461536,0.8269230769230769,0.21428571428571427,0.8571428571428571,0.0004
478,1.523336112499237,1.5298175811767578,0.36538461538461536,0.8269230769230769,0.21428571428571427,0.8571428571428571,0.0004
479,1.5792601108551025,1.5287694931030273,0.36538461538461536,0.8269230769230769,0.21428571428571427,0.8571428571428571,0.0004
480,1.549082338809967,1.5279985666275024,0.36538461538461536,0.8269230769230769,0.21428571428571427,0.8571428571428571,0.0004
481,1.5661051273345947,1.5279650688171387,0.36538461538461536,0.8269230769230769,0.21428571428571427,0.8571428571428571,0.0004
482,1.5823410749435425,1.5278419256210327,0.36538461538461536,0.8269230769230769,0.21428571428571427,0.8571428571428571,0.0004
483,1.5229228138923645,1.5273345708847046,0.36538461538461536,0.8269230769230769,0.21428571428571427,0.8571428571428571,0.0004
484,1.5817713737487793,1.5269489288330078,0.36538461538461536,0.8269230769230769,0.21428571428571427,0.8571428571428571,0.0004
485,1.5800771713256836,1.5263806581497192,0.36538461538461536,0.8269230769230769,0.21428571428571427,0.8571428571428571,0.0004
486,1.5661335587501526,1.5262858867645264,0.36538461538461536,0.8269230769230769,0.21428571428571427,0.8571428571428571,0.0004
487,1.551366925239563,1.5262014865875244,0.36538461538461536,0.8269230769230769,0.21428571428571427,0.8571428571428571,0.0004
488,1.5962237119674683,1.5261399745941162,0.36538461538461536,0.8269230769230769,0.21428571428571427,0.8571428571428571,0.0004
489,1.5533647537231445,1.5262227058410645,0.36538461538461536,0.8269230769230769,0.21428571428571427,0.8571428571428571,0.0004
490,1.5792707204818726,1.525729775428772,0.36538461538461536,0.8269230769230769,0.21428571428571427,0.8571428571428571,0.0004
491,1.5780571103096008,1.5256435871124268,0.36538461538461536,0.8269230769230769,0.21428571428571427,0.8571428571428571,0.0004
492,1.5506857633590698,1.5265357494354248,0.36538461538461536,0.8269230769230769,0.21428571428571427,0.8571428571428571,0.0004
493,1.5644326210021973,1.5274442434310913,0.36538461538461536,0.8269230769230769,0.21428571428571427,0.8571428571428571,0.0004
494,1.6091707348823547,1.5285321474075317,0.36538461538461536,0.8269230769230769,0.21428571428571427,0.8571428571428571,0.0004
495,1.5767799615859985,1.530048131942749,0.36538461538461536,0.8269230769230769,0.21428571428571427,0.8571428571428571,0.0004
496,1.5534223318099976,1.5325300693511963,0.36538461538461536,0.8269230769230769,0.21428571428571427,0.8571428571428571,0.0004
497,1.5377724766731262,1.5342307090759277,0.36538461538461536,0.8269230769230769,0.21428571428571427,0.8571428571428571,0.0004
498,1.5621005296707153,1.5350955724716187,0.36538461538461536,0.8269230769230769,0.21428571428571427,0.8571428571428571,0.0004
499,1.5809637308120728,1.5365374088287354,0.36538461538461536,0.8269230769230769,0.21428571428571427,0.8571428571428571,0.0004
500,1.5508458018302917,1.5376466512680054,0.36538461538461536,0.8269230769230769,0.21428571428571427,0.8571428571428571,0.0004
501,1.536125898361206,1.5383750200271606,0.36538461538461536,0.8269230769230769,0.21428571428571427,0.8571428571428571,0.0004
502,1.5488113164901733,1.538681149482727,0.36538461538461536,0.8269230769230769,0.21428571428571427,0.8571428571428571,0.0004
503,1.5619259476661682,1.5388892889022827,0.36538461538461536,0.8269230769230769,0.21428571428571427,0.8571428571428571,0.0004
504,1.5638373494148254,1.5394879579544067,0.36538461538461536,0.8269230769230769,0.21428571428571427,0.8571428571428571,0.0004
505,1.5682355761528015,1.5402389764785767,0.36538461538461536,0.8269230769230769,0.21428571428571427,0.8571428571428571,0.0004
506,1.5458874106407166,1.5400229692459106,0.36538461538461536,0.8269230769230769,0.21428571428571427,0.8571428571428571,0.0004
507,1.5771633386611938,1.5402204990386963,0.36538461538461536,0.8269230769230769,0.21428571428571427,0.8571428571428571,0.0004
508,1.581243634223938,1.5408669710159302,0.36538461538461536,0.8269230769230769,0.21428571428571427,0.8571428571428571,0.0004
509,1.5654156804084778,1.5411486625671387,0.36538461538461536,0.8269230769230769,0.21428571428571427,0.8571428571428571,0.0004
510,1.5966142416000366,1.5411635637283325,0.36538461538461536,0.8269230769230769,0.21428571428571427,0.8571428571428571,0.0004
511,1.5475068092346191,1.5407981872558594,0.36538461538461536,0.8269230769230769,0.21428571428571427,0.8571428571428571,0.0004
512,1.530565857887268,1.5407322645187378,0.36538461538461536,0.8269230769230769,0.21428571428571427,0.8571428571428571,0.0004
513,1.5195391774177551,1.5411661863327026,0.36538461538461536,0.8269230769230769,0.21428571428571427,0.8571428571428571,0.0004
514,1.576802134513855,1.541495680809021,0.36538461538461536,0.8269230769230769,0.21428571428571427,0.8571428571428571,0.0004
515,1.5529133081436157,1.5420974493026733,0.36538461538461536,0.8269230769230769,0.21428571428571427,0.8571428571428571,0.0004
516,1.5662332773208618,1.5419203042984009,0.36538461538461536,0.8269230769230769,0.21428571428571427,0.8571428571428571,0.0004
517,1.58073890209198,1.5414141416549683,0.36538461538461536,0.8269230769230769,0.21428571428571427,0.8571428571428571,0.0004
518,1.5620858669281006,1.5404894351959229,0.36538461538461536,0.8269230769230769,0.21428571428571427,0.8571428571428571,0.0004
519,1.5794867277145386,1.539987564086914,0.36538461538461536,0.8269230769230769,0.21428571428571427,0.8571428571428571,0.0004
520,1.5580599308013916,1.5398107767105103,0.36538461538461536,0.8269230769230769,0.21428571428571427,0.8571428571428571,0.0004
521,1.5498125553131104,1.5380921363830566,0.36538461538461536,0.8269230769230769,0.21428571428571427,0.8571428571428571,0.0004
522,1.5648634433746338,1.5364943742752075,0.36538461538461536,0.8269230769230769,0.21428571428571427,0.8571428571428571,0.0004
523,1.5666627883911133,1.5350286960601807,0.36538461538461536,0.8269230769230769,0.21428571428571427,0.8571428571428571,0.0004
524,1.5626293420791626,1.5333781242370605,0.36538461538461536,0.8269230769230769,0.21428571428571427,0.8571428571428571,0.0004
525,1.577816367149353,1.5323491096496582,0.36538461538461536,0.8269230769230769,0.21428571428571427,0.8571428571428571,0.0004
526,1.5662568807601929,1.532038688659668,0.36538461538461536,0.8269230769230769,0.21428571428571427,0.8571428571428571,0.0004
527,1.5805861353874207,1.5315386056900024,0.36538461538461536,0.8269230769230769,0.21428571428571427,0.8571428571428571,0.0004
528,1.5358746647834778,1.5310571193695068,0.36538461538461536,0.8269230769230769,0.21428571428571427,0.8571428571428571,0.0004
529,1.5629058480262756,1.530432105064392,0.36538461538461536,0.8269230769230769,0.21428571428571427,0.8571428571428571,0.0004
530,1.6123458743095398,1.530561923980713,0.36538461538461536,0.8269230769230769,0.21428571428571427,0.8571428571428571,0.0004
531,1.5646021962165833,1.5304566621780396,0.36538461538461536,0.8269230769230769,0.21428571428571427,0.8571428571428571,0.0004
532,1.5360126495361328,1.5305523872375488,0.36538461538461536,0.8269230769230769,0.21428571428571427,0.8571428571428571,0.0004
533,1.5203244090080261,1.5304926633834839,0.36538461538461536,0.8269230769230769,0.21428571428571427,0.8571428571428571,0.0004
534,1.5339080095291138,1.5307132005691528,0.36538461538461536,0.8269230769230769,0.21428571428571427,0.8571428571428571,0.0004
535,1.5523775815963745,1.5315072536468506,0.36538461538461536,0.8269230769230769,0.21428571428571427,0.8571428571428571,0.0004
536,1.5542542338371277,1.532033920288086,0.36538461538461536,0.8269230769230769,0.21428571428571427,0.8571428571428571,0.0004
537,1.5788835883140564,1.531577706336975,0.36538461538461536,0.8269230769230769,0.21428571428571427,0.8571428571428571,0.0004
538,1.5820506811141968,1.531874179840088,0.36538461538461536,0.8269230769230769,0.21428571428571427,0.8571428571428571,0.0004
539,1.5363110899925232,1.5322211980819702,0.36538461538461536,0.8269230769230769,0.21428571428571427,0.8571428571428571,0.0004
540,1.5689827799797058,1.5322580337524414,0.36538461538461536,0.8269230769230769,0.21428571428571427,0.8571428571428571,0.0004
541,1.568704605102539,1.531720757484436,0.36538461538461536,0.8269230769230769,0.21428571428571427,0.8571428571428571,0.0004
542,1.5320333242416382,1.530513048171997,0.36538461538461536,0.8269230769230769,0.21428571428571427,0.8571428571428571,0.0004
543,1.5521039962768555,1.5301975011825562,0.36538461538461536,0.8269230769230769,0.21428571428571427,0.8571428571428571,0.0004
544,1.5547882318496704,1.5296728610992432,0.36538461538461536,0.8269230769230769,0.21428571428571427,0.8571428571428571,0.0004
545,1.5518242716789246,1.528343915939331,0.36538461538461536,0.8269230769230769,0.21428571428571427,0.8571428571428571,0.0004
546,1.532616674900055,1.5266997814178467,0.36538461538461536,0.8269230769230769,0.21428571428571427,0.8571428571428571,0.0004
547,1.5345355868339539,1.5259779691696167,0.36538461538461536,0.8269230769230769,0.21428571428571427,0.8571428571428571,0.0004
548,1.581644356250763,1.52536940574646,0.36538461538461536,0.8269230769230769,0.21428571428571427,0.8571428571428571,0.0004
549,1.5823147296905518,1.525374412536621,0.36538461538461536,0.8269230769230769,0.21428571428571427,0.8571428571428571,0.0004
550,1.520243227481842,1.5255961418151855,0.36538461538461536,0.8269230769230769,0.21428571428571427,0.8571428571428571,0.0004
551,1.5808970928192139,1.5255916118621826,0.36538461538461536,0.8269230769230769,0.21428571428571427,0.8571428571428571,0.0004
552,1.5351167917251587,1.5265209674835205,0.36538461538461536,0.8269230769230769,0.21428571428571427,0.8571428571428571,0.0004
553,1.5509011149406433,1.5275068283081055,0.36538461538461536,0.8269230769230769,0.21428571428571427,0.8571428571428571,0.0004
554,1.5328088998794556,1.5283470153808594,0.36538461538461536,0.8269230769230769,0.21428571428571427,0.8571428571428571,0.0004
555,1.54960298538208,1.5298073291778564,0.36538461538461536,0.8269230769230769,0.21428571428571427,0.8571428571428571,0.0004
556,1.5788029432296753,1.5311977863311768,0.36538461538461536,0.8269230769230769,0.21428571428571427,0.8571428571428571,0.0004
557,1.5682825446128845,1.533267855644226,0.36538461538461536,0.8269230769230769,0.21428571428571427,0.8571428571428571,0.0004
558,1.5534684658050537,1.5347607135772705,0.36538461538461536,0.8269230769230769,0.21428571428571427,0.8571428571428571,0.0004
559,1.5089625120162964,1.5355697870254517,0.36538461538461536,0.8269230769230769,0.21428571428571427,0.8571428571428571,0.0004
560,1.5502155423164368,1.5354787111282349,0.36538461538461536,0.8269230769230769,0.21428571428571427,0.8571428571428571,0.0004
561,1.5669549107551575,1.535308599472046,0.36538461538461536,0.8269230769230769,0.21428571428571427,0.8571428571428571,0.0004
562,1.5371580123901367,1.5349276065826416,0.36538461538461536,0.8269230769230769,0.21428571428571427,0.8571428571428571,0.0004
563,1.576389193534851,1.5337905883789062,0.36538461538461536,0.8269230769230769,0.21428571428571427,0.8571428571428571,0.0004
564,1.5344115495681763,1.5337121486663818,0.36538461538461536,0.8269230769230769,0.21428571428571427,0.8571428571428571,0.0004
565,1.575545608997345,1.5334253311157227,0.36538461538461536,0.8269230769230769,0.21428571428571427,0.8571428571428571,0.0004
566,1.5786080956459045,1.5342673063278198,0.36538461538461536,0.8269230769230769,0.21428571428571427,0.8571428571428571,0.0004
567,1.5641685724258423,1.535486102104187,0.36538461538461536,0.8269230769230769,0.21428571428571427,0.8571428571428571,0.0004
568,1.5458598136901855,1.5365023612976074,0.36538461538461536,0.8269230769230769,0.21428571428571427,0.8571428571428571,0.0004
569,1.5514963865280151,1.5382177829742432,0.36538461538461536,0.8269230769230769,0.21428571428571427,0.8571428571428571,0.0004
570,1.5964807271957397,1.5394624471664429,0.36538461538461536,0.8269230769230769,0.21428571428571427,0.8571428571428571,0.0004
571,1.569422721862793,1.5403575897216797,0.36538461538461536,0.8269230769230769,0.21428571428571427,0.8571428571428571,0.0004
572,1.5560755133628845,1.5406832695007324,0.36538461538461536,0.8269230769230769,0.21428571428571427,0.8571428571428571,0.0004
573,1.5509554147720337,1.539919137954712,0.36538461538461536,0.8269230769230769,0.21428571428571427,0.8571428571428571,0.0004
574,1.5518487691879272,1.5390894412994385,0.36538461538461536,0.8269230769230769,0.21428571428571427,0.8571428571428571,0.0004
575,1.5353235006332397,1.5378715991973877,0.36538461538461536,0.8269230769230769,0.21428571428571427,0.8571428571428571,0.0004
576,1.5515998601913452,1.5369188785552979,0.36538461538461536,0.8269230769230769,0.21428571428571427,0.8571428571428571,0.0004
577,1.552484929561615,1.5358086824417114,0.36538461538461536,0.8269230769230769,0.21428571428571427,0.8571428571428571,0.0004
578,1.5628656148910522,1.5341613292694092,0.36538461538461536,0.8269230769230769,0.21428571428571427,0.8571428571428571,0.0004
579,1.5185481905937195,1.5330697298049927,0.36538461538461536,0.8269230769230769,0.21428571428571427,0.8571428571428571,0.0004
580,1.5639415979385376,1.5323835611343384,0.36538461538461536,0.8269230769230769,0.21428571428571427,0.8571428571428571,0.0004
581,1.5505748391151428,1.532170295715332,0.36538461538461536,0.8269230769230769,0.21428571428571427,0.8571428571428571,0.0004
582,1.5199323296546936,1.5319525003433228,0.36538461538461536,0.8269230769230769,0.21428571428571427,0.8571428571428571,0.0004
583,1.579912543296814,1.5314291715621948,0.36538461538461536,0.8269230769230769,0.21428571428571427,0.8571428571428571,0.0004
584,1.5234975814819336,1.5317851305007935,0.36538461538461536,0.8269230769230769,0.21428571428571427,0.8571428571428571,0.0004
585,1.513356328010559,1.5308482646942139,0.36538461538461536,0.8269230769230769,0.21428571428571427,0.8571428571428571,0.0004
586,1.5683716535568237,1.5313355922698975,0.36538461538461536,0.8269230769230769,0.21428571428571427,0.8571428571428571,0.0004
587,1.6183768510818481,1.53148353099823,0.36538461538461536,0.8269230769230769,0.21428571428571427,0.8571428571428571,0.0004
588,1.5514398217201233,1.5317909717559814,0.36538461538461536,0.8269230769230769,0.21428571428571427,0.8571428571428571,0.0004
589,1.5531749725341797,1.5319504737854004,0.36538461538461536,0.8269230769230769,0.21428571428571427,0.8571428571428571,0.0004
590,1.5211248397827148,1.5318478345870972,0.36538461538461536,0.8269230769230769,0.21428571428571427,0.8571428571428571,0.0004
591,1.5788970589637756,1.5313383340835571,0.36538461538461536,0.8269230769230769,0.21428571428571427,0.8571428571428571,0.0004
592,1.5812599658966064,1.5317659378051758,0.36538461538461536,0.8269230769230769,0.21428571428571427,0.8571428571428571,0.0004
593,1.5506529211997986,1.5323433876037598,0.36538461538461536,0.8269230769230769,0.21428571428571427,0.8571428571428571,0.0004
594,1.5634465217590332,1.5327556133270264,0.36538461538461536,0.8269230769230769,0.21428571428571427,0.8571428571428571,0.0004
595,1.5745805501937866,1.5333360433578491,0.36538461538461536,0.8269230769230769,0.21428571428571427,0.8571428571428571,0.0004
596,1.5243268609046936,1.53536057472229,0.36538461538461536,0.8269230769230769,0.21428571428571427,0.8571428571428571,0.0004
597,1.5819554328918457,1.5364681482315063,0.36538461538461536,0.8269230769230769,0.21428571428571427,0.8571428571428571,0.0004
598,1.534218966960907,1.5369614362716675,0.36538461538461536,0.8269230769230769,0.21428571428571427,0.8571428571428571,0.0004
599,1.5945576429367065,1.5375151634216309,0.36538461538461536,0.8269230769230769,0.21428571428571427,0.8571428571428571,0.0004
600,1.5647940635681152,1.5378648042678833,0.36538461538461536,0.8269230769230769,0.21428571428571427,0.8571428571428571,0.0004
601,1.5789727568626404,1.5380305051803589,0.36538461538461536,0.8269230769230769,0.21428571428571427,0.8571428571428571,0.0004
602,1.5371504426002502,1.538216233253479,0.36538461538461536,0.8269230769230769,0.21428571428571427,0.8571428571428571,0.0004
603,1.539111316204071,1.5383211374282837,0.36538461538461536,0.8269230769230769,0.21428571428571427,0.8571428571428571,0.0004
604,1.5522311925888062,1.538048267364502,0.36538461538461536,0.8269230769230769,0.21428571428571427,0.8571428571428571,0.0004
605,1.5838903784751892,1.5376209020614624,0.36538461538461536,0.8269230769230769,0.21428571428571427,0.8571428571428571,0.0004
606,1.5186094641685486,1.5362529754638672,0.36538461538461536,0.8269230769230769,0.21428571428571427,0.8571428571428571,0.0004
607,1.5488062500953674,1.5353316068649292,0.36538461538461536,0.8269230769230769,0.21428571428571427,0.8571428571428571,0.0004
608,1.5616610646247864,1.5345615148544312,0.36538461538461536,0.8269230769230769,0.21428571428571427,0.8571428571428571,0.0004
609,1.5316115021705627,1.534340739250183,0.36538461538461536,0.8269230769230769,0.21428571428571427,0.8571428571428571,0.0004
610,1.5626519322395325,1.535079002380371,0.36538461538461536,0.8269230769230769,0.21428571428571427,0.8571428571428571,0.0004
611,1.5625484585762024,1.5362695455551147,0.36538461538461536,0.8269230769230769,0.21428571428571427,0.8571428571428571,0.0004
612,1.53418630361557,1.5377438068389893,0.36538461538461536,0.8269230769230769,0.21428571428571427,0.8571428571428571,0.0004
613,1.5635587573051453,1.5391106605529785,0.36538461538461536,0.8269230769230769,0.21428571428571427,0.8571428571428571,0.0004
614,1.5658243298530579,1.5405534505844116,0.36538461538461536,0.8269230769230769,0.21428571428571427,0.8571428571428571,0.0004
615,1.534458875656128,1.541581153869629,0.36538461538461536,0.8269230769230769,0.21428571428571427,0.8571428571428571,0.0004
616,1.547636866569519,1.542280912399292,0.36538461538461536,0.8269230769230769,0.21428571428571427,0.8571428571428571,0.0004
617,1.535987913608551,1.5430889129638672,0.36538461538461536,0.8269230769230769,0.21428571428571427,0.8571428571428571,0.0004
618,1.5325246453285217,1.5432192087173462,0.36538461538461536,0.8269230769230769,0.21428571428571427,0.8571428571428571,0.0004
619,1.5638554096221924,1.5432358980178833,0.36538461538461536,0.8269230769230769,0.21428571428571427,0.8571428571428571,0.0004
620,1.5316322445869446,1.5432019233703613,0.36538461538461536,0.8269230769230769,0.21428571428571427,0.8571428571428571,0.0004
621,1.5880795121192932,1.5434238910675049,0.36538461538461536,0.8269230769230769,0.21428571428571427,0.8571428571428571,0.0004
622,1.570620357990265,1.5426255464553833,0.36538461538461536,0.8269230769230769,0.21428571428571427,0.8571428571428571,0.0004
623,1.5553956031799316,1.541121482849121,0.36538461538461536,0.8269230769230769,0.21428571428571427,0.8571428571428571,0.0004
624,1.5330979824066162,1.5386539697647095,0.36538461538461536,0.8269230769230769,0.21428571428571427,0.8571428571428571,0.0004
625,1.580565094947815,1.5366219282150269,0.36538461538461536,0.8269230769230769,0.21428571428571427,0.8571428571428571,0.0004
626,1.5523427724838257,1.5349476337432861,0.36538461538461536,0.8269230769230769,0.21428571428571427,0.8571428571428571,0.0004
627,1.592102825641632,1.5327703952789307,0.36538461538461536,0.8269230769230769,0.21428571428571427,0.8571428571428571,0.0004
628,1.5494642853736877,1.5318561792373657,0.36538461538461536,0.8269230769230769,0.21428571428571427,0.8571428571428571,0.0004
629,1.5527247190475464,1.5313595533370972,0.36538461538461536,0.8269230769230769,0.21428571428571427,0.8571428571428571,0.0004
630,1.5946015119552612,1.5303665399551392,0.36538461538461536,0.8269230769230769,0.21428571428571427,0.8571428571428571,0.0004
631,1.5962426662445068,1.5298398733139038,0.36538461538461536,0.8269230769230769,0.21428571428571427,0.8571428571428571,0.0004
632,1.580895721912384,1.5293569564819336,0.36538461538461536,0.8269230769230769,0.21428571428571427,0.8571428571428571,0.0004
633,1.564046859741211,1.5287549495697021,0.36538461538461536,0.8269230769230769,0.21428571428571427,0.8571428571428571,0.0004
634,1.5779091715812683,1.5284204483032227,0.36538461538461536,0.8269230769230769,0.21428571428571427,0.8571428571428571,0.0004
635,1.5648396015167236,1.5286705493927002,0.36538461538461536,0.8269230769230769,0.21428571428571427,0.8571428571428571,0.0004
636,1.578776478767395,1.5290945768356323,0.36538461538461536,0.8269230769230769,0.21428571428571427,0.8571428571428571,0.0004
637,1.5508954524993896,1.5299267768859863,0.36538461538461536,0.8269230769230769,0.21428571428571427,0.8571428571428571,0.0004
638,1.5668078660964966,1.5308130979537964,0.36538461538461536,0.8269230769230769,0.21428571428571427,0.8571428571428571,0.0004
639,1.5643205642700195,1.5313024520874023,0.36538461538461536,0.8269230769230769,0.21428571428571427,0.8571428571428571,0.0004
640,1.5783549547195435,1.53196120262146,0.36538461538461536,0.8269230769230769,0.21428571428571427,0.8571428571428571,0.0004
641,1.5380826592445374,1.5328178405761719,0.36538461538461536,0.8269230769230769,0.21428571428571427,0.8571428571428571,0.0004
642,1.5519742369651794,1.5338431596755981,0.36538461538461536,0.8269230769230769,0.21428571428571427,0.8571428571428571,0.0004
643,1.5620335340499878,1.5343220233917236,0.36538461538461536,0.8269230769230769,0.21428571428571427,0.8571428571428571,0.0004
644,1.5616769790649414,1.5352823734283447,0.36538461538461536,0.8269230769230769,0.21428571428571427,0.8571428571428571,0.0004
645,1.5224360227584839,1.5368911027908325,0.36538461538461536,0.8269230769230769,0.21428571428571427,0.8571428571428571,0.0004
646,1.5475932359695435,1.5380076169967651,0.36538461538461536,0.8269230769230769,0.21428571428571427,0.8571428571428571,0.0004
647,1.5366336703300476,1.539574146270752,0.36538461538461536,0.8269230769230769,0.21428571428571427,0.8571428571428571,0.0004
648,1.5481390953063965,1.5404865741729736,0.36538461538461536,0.8269230769230769,0.21428571428571427,0.8571428571428571,0.0004
649,1.551758050918579,1.5415390729904175,0.36538461538461536,0.8269230769230769,0.21428571428571427,0.8571428571428571,0.0004
650,1.5956693291664124,1.5418696403503418,0.36538461538461536,0.8269230769230769,0.21428571428571427,0.8571428571428571,0.0004
651,1.5167397260665894,1.5422306060791016,0.36538461538461536,0.8269230769230769,0.21428571428571427,0.8571428571428571,0.0004
652,1.6332395672798157,1.542750597000122,0.36538461538461536,0.8269230769230769,0.21428571428571427,0.8571428571428571,0.0004
653,1.5498401522636414,1.542488932609558,0.36538461538461536,0.8269230769230769,0.21428571428571427,0.8571428571428571,0.0004
654,1.5626574754714966,1.5419976711273193,0.36538461538461536,0.8269230769230769,0.21428571428571427,0.8571428571428571,0.0004
655,1.5334672331809998,1.5418342351913452,0.36538461538461536,0.8269230769230769,0.21428571428571427,0.8571428571428571,0.0004
656,1.532329261302948,1.541791558265686,0.36538461538461536,0.8269230769230769,0.21428571428571427,0.8571428571428571,0.0004
657,1.531415343284607,1.5419139862060547,0.36538461538461536,0.8269230769230769,0.21428571428571427,0.8571428571428571,0.0004
658,1.586166262626648,1.542547583580017,0.36538461538461536,0.8269230769230769,0.21428571428571427,0.8571428571428571,0.0004
659,1.5647366642951965,1.5420446395874023,0.36538461538461536,0.8269230769230769,0.21428571428571427,0.8571428571428571,0.0004
660,1.5797088146209717,1.5414104461669922,0.36538461538461536,0.8269230769230769,0.21428571428571427,0.8571428571428571,0.0004
661,1.5898867845535278,1.5405261516571045,0.36538461538461536,0.8269230769230769,0.21428571428571427,0.8571428571428571,0.0004
662,1.5643097758293152,1.5404860973358154,0.36538461538461536,0.8269230769230769,0.21428571428571427,0.8571428571428571,0.0004
663,1.5378397703170776,1.5404939651489258,0.36538461538461536,0.8269230769230769,0.21428571428571427,0.8571428571428571,0.0004
664,1.5664527416229248,1.5399200916290283,0.36538461538461536,0.8269230769230769,0.21428571428571427,0.8571428571428571,0.0004
665,1.5392028093338013,1.5391026735305786,0.36538461538461536,0.8269230769230769,0.21428571428571427,0.8571428571428571,0.0004
666,1.5505290627479553,1.5375640392303467,0.36538461538461536,0.8269230769230769,0.21428571428571427,0.8571428571428571,0.0004
667,1.5802171230316162,1.5359681844711304,0.36538461538461536,0.8269230769230769,0.21428571428571427,0.8571428571428571,0.0004
668,1.5356950759887695,1.534438133239746,0.36538461538461536,0.8269230769230769,0.21428571428571427,0.8571428571428571,0.0004
669,1.5497334003448486,1.5329469442367554,0.36538461538461536,0.8269230769230769,0.21428571428571427,0.8571428571428571,0.0004
670,1.5474467873573303,1.5316311120986938,0.36538461538461536,0.8269230769230769,0.21428571428571427,0.8571428571428571,0.0004
671,1.5671802759170532,1.5311505794525146,0.36538461538461536,0.8269230769230769,0.21428571428571427,0.8571428571428571,0.0004
672,1.5363678336143494,1.5304392576217651,0.36538461538461536,0.8269230769230769,0.21428571428571427,0.8571428571428571,0.0004
673,1.5487056374549866,1.5295794010162354,0.36538461538461536,0.8269230769230769,0.21428571428571427,0.8571428571428571,0.0004
674,1.5501940250396729,1.5292329788208008,0.36538461538461536,0.8269230769230769,0.21428571428571427,0.8571428571428571,0.0004
675,1.5163245797157288,1.528810977935791,0.36538461538461536,0.8269230769230769,0.21428571428571427,0.8571428571428571,0.0004
676,1.5468686819076538,1.5294678211212158,0.36538461538461536,0.8269230769230769,0.21428571428571427,0.8571428571428571,0.0004
677,1.5481120347976685,1.5309734344482422,0.36538461538461536,0.8269230769230769,0.21428571428571427,0.8571428571428571,0.0004
678,1.547894537448883,1.532875418663025,0.36538461538461536,0.8269230769230769,0.21428571428571427,0.8571428571428571,0.0004
679,1.5198046565055847,1.5352044105529785,0.36538461538461536,0.8269230769230769,0.21428571428571427,0.8571428571428571,0.0004
680,1.5845444798469543,1.5373013019561768,0.36538461538461536,0.8269230769230769,0.21428571428571427,0.8571428571428571,0.0004
681,1.5970373749732971,1.5386180877685547,0.36538461538461536,0.8269230769230769,0.21428571428571427,0.8571428571428571,0.0004
682,1.597938060760498,1.5398733615875244,0.36538461538461536,0.8269230769230769,0.21428571428571427,0.8571428571428571,0.0004
683,1.571131706237793,1.5410443544387817,0.36538461538461536,0.8269230769230769,0.21428571428571427,0.8571428571428571,0.0004
684,1.5536633729934692,1.5412582159042358,0.36538461538461536,0.8269230769230769,0.21428571428571427,0.8571428571428571,0.0004
685,1.5917258858680725,1.540656566619873,0.36538461538461536,0.8269230769230769,0.21428571428571427,0.8571428571428571,0.0004
686,1.5948310494422913,1.5406770706176758,0.36538461538461536,0.8269230769230769,0.21428571428571427,0.8571428571428571,0.0004
687,1.5694150924682617,1.5408573150634766,0.36538461538461536,0.8269230769230769,0.21428571428571427,0.8571428571428571,0.0004
688,1.5780331492424011,1.5402238368988037,0.36538461538461536,0.8269230769230769,0.21428571428571427,0.8571428571428571,0.0004
689,1.5802534818649292,1.5398080348968506,0.36538461538461536,0.8269230769230769,0.21428571428571427,0.8571428571428571,0.0004
690,1.5636603236198425,1.5390934944152832,0.36538461538461536,0.8269230769230769,0.21428571428571427,0.8571428571428571,0.0004
691,1.5846309661865234,1.5387848615646362,0.36538461538461536,0.8269230769230769,0.21428571428571427,0.8571428571428571,0.0004
692,1.543685793876648,1.5377174615859985,0.36538461538461536,0.8269230769230769,0.21428571428571427,0.8571428571428571,0.0004
693,1.5950783491134644,1.5355373620986938,0.36538461538461536,0.8269230769230769,0.21428571428571427,0.8571428571428571,0.0004
694,1.5662562251091003,1.533220648765564,0.36538461538461536,0.8269230769230769,0.21428571428571427,0.8571428571428571,0.0004
695,1.5790907144546509,1.5309231281280518,0.36538461538461536,0.8269230769230769,0.21428571428571427,0.8571428571428571,0.0004
696,1.5652838349342346,1.5289955139160156,0.36538461538461536,0.8269230769230769,0.21428571428571427,0.8571428571428571,0.0004
697,1.5658140182495117,1.5274736881256104,0.36538461538461536,0.8269230769230769,0.21428571428571427,0.8571428571428571,0.0004
698,1.5924909114837646,1.5262700319290161,0.36538461538461536,0.8269230769230769,0.21428571428571427,0.8571428571428571,0.0004
699,1.5524653196334839,1.5259132385253906,0.36538461538461536,0.8269230769230769,0.21428571428571427,0.8571428571428571,0.0004
700,1.5365286469459534,1.525665521621704,0.36538461538461536,0.8269230769230769,0.21428571428571427,0.8571428571428571,0.0004
701,1.5371313095092773,1.5260652303695679,0.36538461538461536,0.8269230769230769,0.21428571428571427,0.8571428571428571,0.0004
702,1.5778549313545227,1.526299238204956,0.36538461538461536,0.8269230769230769,0.21428571428571427,0.8571428571428571,0.0004
703,1.5636637806892395,1.5275017023086548,0.36538461538461536,0.8269230769230769,0.21428571428571427,0.8571428571428571,0.0004
704,1.5518927574157715,1.5295203924179077,0.36538461538461536,0.8269230769230769,0.21428571428571427,0.8571428571428571,0.0004
705,1.5630746483802795,1.531085729598999,0.36538461538461536,0.8269230769230769,0.21428571428571427,0.8571428571428571,0.0004
706,1.5372931957244873,1.533313274383545,0.36538461538461536,0.8269230769230769,0.21428571428571427,0.8571428571428571,0.0004
707,1.5318065285682678,1.5348637104034424,0.36538461538461536,0.8269230769230769,0.21428571428571427,0.8571428571428571,0.0004
708,1.5802142024040222,1.536964774131775,0.36538461538461536,0.8269230769230769,0.21428571428571427,0.8571428571428571,0.0004
709,1.583335816860199,1.5390939712524414,0.36538461538461536,0.8269230769230769,0.21428571428571427,0.8571428571428571,0.0004
710,1.5966963171958923,1.5405542850494385,0.36538461538461536,0.8269230769230769,0.21428571428571427,0.8571428571428571,0.0004
711,1.5351612567901611,1.5418115854263306,0.36538461538461536,0.8269230769230769,0.21428571428571427,0.8571428571428571,0.0004
712,1.5547354221343994,1.542822003364563,0.36538461538461536,0.8269230769230769,0.21428571428571427,0.8571428571428571,0.0004
713,1.5553675889968872,1.5429588556289673,0.36538461538461536,0.8269230769230769,0.21428571428571427,0.8571428571428571,0.0004
714,1.58462792634964,1.5421786308288574,0.36538461538461536,0.8269230769230769,0.21428571428571427,0.8571428571428571,0.0004
715,1.5668437480926514,1.5407679080963135,0.36538461538461536,0.8269230769230769,0.21428571428571427,0.8571428571428571,0.0004
716,1.5819849967956543,1.5391910076141357,0.36538461538461536,0.8269230769230769,0.21428571428571427,0.8571428571428571,0.0004
717,1.53421151638031,1.5373876094818115,0.36538461538461536,0.8269230769230769,0.21428571428571427,0.8571428571428571,0.0004
718,1.53597092628479,1.5358935594558716,0.36538461538461536,0.8269230769230769,0.21428571428571427,0.8571428571428571,0.0004
719,1.554630696773529,1.5345134735107422,0.36538461538461536,0.8269230769230769,0.21428571428571427,0.8571428571428571,0.0004
720,1.5184892416000366,1.5322802066802979,0.36538461538461536,0.8269230769230769,0.21428571428571427,0.8571428571428571,0.0004
721,1.5819182991981506,1.5308219194412231,0.36538461538461536,0.8269230769230769,0.21428571428571427,0.8571428571428571,0.0004
722,1.5639864206314087,1.5292555093765259,0.36538461538461536,0.8269230769230769,0.21428571428571427,0.8571428571428571,0.0004
723,1.5467626452445984,1.528122901916504,0.36538461538461536,0.8269230769230769,0.21428571428571427,0.8571428571428571,0.0004
724,1.5226595401763916,1.528306245803833,0.36538461538461536,0.8269230769230769,0.21428571428571427,0.8571428571428571,0.0004
725,1.5348385572433472,1.5280205011367798,0.36538461538461536,0.8269230769230769,0.21428571428571427,0.8571428571428571,0.0004
726,1.566569447517395,1.5279970169067383,0.36538461538461536,0.8269230769230769,0.21428571428571427,0.8571428571428571,0.0004
727,1.5524190068244934,1.528067708015442,0.36538461538461536,0.8269230769230769,0.21428571428571427,0.8571428571428571,0.0004
728,1.5672327876091003,1.5278667211532593,0.36538461538461536,0.8269230769230769,0.21428571428571427,0.8571428571428571,0.0004
729,1.5479337573051453,1.5274099111557007,0.36538461538461536,0.8269230769230769,0.21428571428571427,0.8571428571428571,0.0004
730,1.5359158515930176,1.527809500694275,0.36538461538461536,0.8269230769230769,0.21428571428571427,0.8571428571428571,0.0004
731,1.5503801107406616,1.5280275344848633,0.36538461538461536,0.8269230769230769,0.21428571428571427,0.8571428571428571,0.0004
732,1.5632762908935547,1.5281915664672852,0.36538461538461536,0.8269230769230769,0.21428571428571427,0.8571428571428571,0.0004
733,1.5508716702461243,1.5291988849639893,0.36538461538461536,0.8269230769230769,0.21428571428571427,0.8571428571428571,0.0004
734,1.5504577159881592,1.5301412343978882,0.36538461538461536,0.8269230769230769,0.21428571428571427,0.8571428571428571,0.0004
735,1.5507708191871643,1.5310730934143066,0.36538461538461536,0.8269230769230769,0.21428571428571427,0.8571428571428571,0.0004
736,1.5809019207954407,1.5318012237548828,0.36538461538461536,0.8269230769230769,0.21428571428571427,0.8571428571428571,0.0004
737,1.5696253180503845,1.532828450202942,0.36538461538461536,0.8269230769230769,0.21428571428571427,0.8571428571428571,0.0004
738,1.5697733759880066,1.5332106351852417,0.36538461538461536,0.8269230769230769,0.21428571428571427,0.8571428571428571,0.0004
739,1.5320396423339844,1.5327478647232056,0.36538461538461536,0.8269230769230769,0.21428571428571427,0.8571428571428571,0.0004
740,1.5523239374160767,1.533062219619751,0.36538461538461536,0.8269230769230769,0.21428571428571427,0.8571428571428571,0.0004
741,1.5781071782112122,1.5327622890472412,0.36538461538461536,0.8269230769230769,0.21428571428571427,0.8571428571428571,0.0004
742,1.5841748714447021,1.5331826210021973,0.36538461538461536,0.8269230769230769,0.21428571428571427,0.8571428571428571,0.0004
743,1.5807269215583801,1.5329148769378662,0.36538461538461536,0.8269230769230769,0.21428571428571427,0.8571428571428571,0.0004
744,1.5196930766105652,1.532548427581787,0.36538461538461536,0.8269230769230769,0.21428571428571427,0.8571428571428571,0.0004
745,1.5791731476783752,1.532395601272583,0.36538461538461536,0.8269230769230769,0.21428571428571427,0.8571428571428571,0.0004
746,1.5598418712615967,1.5321749448776245,0.36538461538461536,0.8269230769230769,0.21428571428571427,0.8571428571428571,0.0004
747,1.5653659105300903,1.533128023147583,0.36538461538461536,0.8269230769230769,0.21428571428571427,0.8571428571428571,0.0004
748,1.5401532053947449,1.5340895652770996,0.36538461538461536,0.8269230769230769,0.21428571428571427,0.8571428571428571,0.0004
749,1.56182062625885,1.5339254140853882,0.36538461538461536,0.8269230769230769,0.21428571428571427,0.8571428571428571,0.0004
750,1.5497711896896362,1.5343513488769531,0.36538461538461536,0.8269230769230769,0.21428571428571427,0.8571428571428571,0.0004
751,1.55361407995224,1.5348906517028809,0.36538461538461536,0.8269230769230769,0.21428571428571427,0.8571428571428571,0.0004
752,1.5778133869171143,1.5346962213516235,0.36538461538461536,0.8269230769230769,0.21428571428571427,0.8571428571428571,0.0004
753,1.5482256412506104,1.5348711013793945,0.36538461538461536,0.8269230769230769,0.21428571428571427,0.8571428571428571,0.0004
754,1.5638760328292847,1.5352121591567993,0.36538461538461536,0.8269230769230769,0.21428571428571427,0.8571428571428571,0.0004
755,1.5510161519050598,1.535762071609497,0.36538461538461536,0.8269230769230769,0.21428571428571427,0.8571428571428571,0.0004
756,1.5450872778892517,1.5358402729034424,0.36538461538461536,0.8269230769230769,0.21428571428571427,0.8571428571428571,0.0004
757,1.5530151724815369,1.5367752313613892,0.36538461538461536,0.8269230769230769,0.21428571428571427,0.8571428571428571,0.0004
758,1.5805633664131165,1.537065029144287,0.36538461538461536,0.8269230769230769,0.21428571428571427,0.8571428571428571,0.0004
759,1.5225827097892761,1.5373444557189941,0.36538461538461536,0.8269230769230769,0.21428571428571427,0.8571428571428571,0.0004
760,1.5696091055870056,1.5371768474578857,0.36538461538461536,0.8269230769230769,0.21428571428571427,0.8571428571428571,0.0004
761,1.5671995878219604,1.5362718105316162,0.36538461538461536,0.8269230769230769,0.21428571428571427,0.8571428571428571,0.0004
762,1.5690237283706665,1.5352023839950562,0.36538461538461536,0.8269230769230769,0.21428571428571427,0.8571428571428571,0.0004
763,1.5495023131370544,1.5337201356887817,0.36538461538461536,0.8269230769230769,0.21428571428571427,0.8571428571428571,0.0004
764,1.5231100916862488,1.5325889587402344,0.36538461538461536,0.8269230769230769,0.21428571428571427,0.8571428571428571,0.0004
765,1.5658267736434937,1.5309722423553467,0.36538461538461536,0.8269230769230769,0.21428571428571427,0.8571428571428571,0.0004
766,1.5367382168769836,1.5295252799987793,0.36538461538461536,0.8269230769230769,0.21428571428571427,0.8571428571428571,0.0004
767,1.5639939308166504,1.52789306640625,0.36538461538461536,0.8269230769230769,0.21428571428571427,0.8571428571428571,0.0004
768,1.5502347350120544,1.5270631313323975,0.36538461538461536,0.8269230769230769,0.21428571428571427,0.8571428571428571,0.0004
769,1.5475165247917175,1.5262999534606934,0.36538461538461536,0.8269230769230769,0.21428571428571427,0.8571428571428571,0.0004
770,1.5337660312652588,1.5264344215393066,0.36538461538461536,0.8269230769230769,0.21428571428571427,0.8571428571428571,0.0004
771,1.549097716808319,1.5271270275115967,0.36538461538461536,0.8269230769230769,0.21428571428571427,0.8571428571428571,0.0004
772,1.560890555381775,1.5279209613800049,0.36538461538461536,0.8269230769230769,0.21428571428571427,0.8571428571428571,0.0004
773,1.5328367352485657,1.5298404693603516,0.36538461538461536,0.8269230769230769,0.21428571428571427,0.8571428571428571,0.0004
774,1.5514390468597412,1.5322080850601196,0.36538461538461536,0.8269230769230769,0.21428571428571427,0.8571428571428571,0.0004
775,1.5507659912109375,1.5341768264770508,0.36538461538461536,0.8269230769230769,0.21428571428571427,0.8571428571428571,0.0004
776,1.547245442867279,1.535696029663086,0.36538461538461536,0.8269230769230769,0.21428571428571427,0.8571428571428571,0.0004
777,1.5549673438072205,1.5376288890838623,0.36538461538461536,0.8269230769230769,0.21428571428571427,0.8571428571428571,0.0004
778,1.5639797449111938,1.5384173393249512,0.36538461538461536,0.8269230769230769,0.21428571428571427,0.8571428571428571,0.0004
779,1.5505794882774353,1.5392311811447144,0.36538461538461536,0.8269230769230769,0.21428571428571427,0.8571428571428571,0.0004
780,1.5537241697311401,1.5398218631744385,0.36538461538461536,0.8269230769230769,0.21428571428571427,0.8571428571428571,0.0004
781,1.563999593257904,1.5395199060440063,0.36538461538461536,0.8269230769230769,0.21428571428571427,0.8571428571428571,0.0004
782,1.5234332084655762,1.5394313335418701,0.36538461538461536,0.8269230769230769,0.21428571428571427,0.8571428571428571,0.0004
783,1.5844768285751343,1.5386638641357422,0.36538461538461536,0.8269230769230769,0.21428571428571427,0.8571428571428571,0.0004
784,1.5506492853164673,1.5373369455337524,0.36538461538461536,0.8269230769230769,0.21428571428571427,0.8571428571428571,0.0004
785,1.5348055362701416,1.5359468460083008,0.36538461538461536,0.8269230769230769,0.21428571428571427,0.8571428571428571,0.0004
786,1.5201866626739502,1.5345908403396606,0.36538461538461536,0.8269230769230769,0.21428571428571427,0.8571428571428571,0.0004
787,1.5548390746116638,1.5333386659622192,0.36538461538461536,0.8269230769230769,0.21428571428571427,0.8571428571428571,0.0004
788,1.5198359489440918,1.5314421653747559,0.36538461538461536,0.8269230769230769,0.21428571428571427,0.8571428571428571,0.0004
789,1.5519319772720337,1.5297276973724365,0.36538461538461536,0.8269230769230769,0.21428571428571427,0.8571428571428571,0.0004
790,1.5822745561599731,1.5279005765914917,0.36538461538461536,0.8269230769230769,0.21428571428571427,0.8571428571428571,0.0004
791,1.5998493432998657,1.526381254196167,0.36538461538461536,0.8269230769230769,0.21428571428571427,0.8571428571428571,0.0004
792,1.5515692830085754,1.5249667167663574,0.36538461538461536,0.8269230769230769,0.21428571428571427,0.8571428571428571,0.0004
793,1.5656213164329529,1.5236377716064453,0.36538461538461536,0.8269230769230769,0.21428571428571427,0.8571428571428571,0.0004
794,1.5369709730148315,1.5229663848876953,0.36538461538461536,0.8269230769230769,0.21428571428571427,0.8571428571428571,0.0004
795,1.5232718586921692,1.5223551988601685,0.36538461538461536,0.8269230769230769,0.21428571428571427,0.8571428571428571,0.0004
796,1.5340652465820312,1.52115797996521,0.36538461538461536,0.8269230769230769,0.21428571428571427,0.8571428571428571,0.0004
797,1.5824003219604492,1.5211389064788818,0.36538461538461536,0.8269230769230769,0.21428571428571427,0.8571428571428571,0.0004
798,1.5809386372566223,1.5211228132247925,0.36538461538461536,0.8269230769230769,0.21428571428571427,0.8571428571428571,0.0004
799,1.5955321192741394,1.521519422531128,0.36538461538461536,0.8269230769230769,0.21428571428571427,0.8571428571428571,0.0004
800,1.5652989745140076,1.5225448608398438,0.36538461538461536,0.8269230769230769,0.21428571428571427,0.8571428571428571,0.0004
801,1.5360513925552368,1.5240141153335571,0.36538461538461536,0.8269230769230769,0.21428571428571427,0.8571428571428571,0.0004
802,1.5628191232681274,1.5253469944000244,0.36538461538461536,0.8269230769230769,0.21428571428571427,0.8571428571428571,0.0004
803,1.5484318733215332,1.5273840427398682,0.36538461538461536,0.8269230769230769,0.21428571428571427,0.8571428571428571,0.0004
804,1.5208905339241028,1.5298748016357422,0.36538461538461536,0.8269230769230769,0.21428571428571427,0.8571428571428571,0.0004
805,1.5639886260032654,1.5322306156158447,0.36538461538461536,0.8269230769230769,0.21428571428571427,0.8571428571428571,0.0004
806,1.5342893600463867,1.5346167087554932,0.36538461538461536,0.8269230769230769,0.21428571428571427,0.8571428571428571,0.0004
807,1.5682570338249207,1.5370151996612549,0.36538461538461536,0.8269230769230769,0.21428571428571427,0.8571428571428571,0.0004
808,1.5521095395088196,1.5387526750564575,0.36538461538461536,0.8269230769230769,0.21428571428571427,0.8571428571428571,0.0004
809,1.5814073085784912,1.5399119853973389,0.36538461538461536,0.8269230769230769,0.21428571428571427,0.8571428571428571,0.0004
810,1.548579454421997,1.540675401687622,0.36538461538461536,0.8269230769230769,0.21428571428571427,0.8571428571428571,0.0004
811,1.5243942737579346,1.5415189266204834,0.36538461538461536,0.8269230769230769,0.21428571428571427,0.8571428571428571,0.0004
812,1.5707488059997559,1.5415339469909668,0.36538461538461536,0.8269230769230769,0.21428571428571427,0.8571428571428571,0.0004
813,1.5408454537391663,1.5408040285110474,0.36538461538461536,0.8269230769230769,0.21428571428571427,0.8571428571428571,0.0004
814,1.55459862947464,1.5392228364944458,0.36538461538461536,0.8269230769230769,0.21428571428571427,0.8571428571428571,0.0004
815,1.519213855266571,1.5369572639465332,0.36538461538461536,0.8269230769230769,0.21428571428571427,0.8571428571428571,0.0004
816,1.5785741806030273,1.534692406654358,0.36538461538461536,0.8269230769230769,0.21428571428571427,0.8571428571428571,0.0004
817,1.5653346180915833,1.533155083656311,0.36538461538461536,0.8269230769230769,0.21428571428571427,0.8571428571428571,0.0004
818,1.5632811784744263,1.5317167043685913,0.36538461538461536,0.8269230769230769,0.21428571428571427,0.8571428571428571,0.0004
819,1.5679974555969238,1.5310413837432861,0.36538461538461536,0.8269230769230769,0.21428571428571427,0.8571428571428571,0.0004
820,1.5544492602348328,1.5302565097808838,0.36538461538461536,0.8269230769230769,0.21428571428571427,0.8571428571428571,0.0004
821,1.6269118785858154,1.528866171836853,0.36538461538461536,0.8269230769230769,0.21428571428571427,0.8571428571428571,0.0004
822,1.551285743713379,1.5282396078109741,0.36538461538461536,0.8269230769230769,0.21428571428571427,0.8571428571428571,0.0004
823,1.5691035985946655,1.5279666185379028,0.36538461538461536,0.8269230769230769,0.21428571428571427,0.8571428571428571,0.0004
824,1.5614503026008606,1.5269526243209839,0.36538461538461536,0.8269230769230769,0.21428571428571427,0.8571428571428571,0.0004
825,1.580819308757782,1.5275464057922363,0.36538461538461536,0.8269230769230769,0.21428571428571427,0.8571428571428571,0.0004
826,1.5649542808532715,1.5280466079711914,0.36538461538461536,0.8269230769230769,0.21428571428571427,0.8571428571428571,0.0004
827,1.538397192955017,1.5287834405899048,0.36538461538461536,0.8269230769230769,0.21428571428571427,0.8571428571428571,0.0004
828,1.5529835224151611,1.5292201042175293,0.36538461538461536,0.8269230769230769,0.21428571428571427,0.8571428571428571,0.0004
829,1.5512356758117676,1.5293536186218262,0.36538461538461536,0.8269230769230769,0.21428571428571427,0.8571428571428571,0.0004
830,1.552280068397522,1.529569387435913,0.36538461538461536,0.8269230769230769,0.21428571428571427,0.8571428571428571,0.0004
831,1.5792875289916992,1.529531478881836,0.36538461538461536,0.8269230769230769,0.21428571428571427,0.8571428571428571,0.0004
832,1.5503038167953491,1.5297176837921143,0.36538461538461536,0.8269230769230769,0.21428571428571427,0.8571428571428571,0.0004
833,1.5662456154823303,1.5300779342651367,0.36538461538461536,0.8269230769230769,0.21428571428571427,0.8571428571428571,0.0004
834,1.567753255367279,1.5303963422775269,0.36538461538461536,0.8269230769230769,0.21428571428571427,0.8571428571428571,0.0004
835,1.5377631783485413,1.5303608179092407,0.36538461538461536,0.8269230769230769,0.21428571428571427,0.8571428571428571,0.0004
836,1.5373646020889282,1.5301971435546875,0.36538461538461536,0.8269230769230769,0.21428571428571427,0.8571428571428571,0.0004
837,1.5517431497573853,1.529852271080017,0.36538461538461536,0.8269230769230769,0.21428571428571427,0.8571428571428571,0.0004
838,1.5655487775802612,1.52934730052948,0.36538461538461536,0.8269230769230769,0.21428571428571427,0.8571428571428571,0.0004
839,1.520083725452423,1.5290594100952148,0.36538461538461536,0.8269230769230769,0.21428571428571427,0.8571428571428571,0.0004
840,1.5661413073539734,1.528806447982788,0.36538461538461536,0.8269230769230769,0.21428571428571427,0.8571428571428571,0.0004
841,1.5330718159675598,1.5286345481872559,0.36538461538461536,0.8269230769230769,0.21428571428571427,0.8571428571428571,0.0004
842,1.5521538257598877,1.529007077217102,0.36538461538461536,0.8269230769230769,0.21428571428571427,0.8571428571428571,0.0004
843,1.5825536251068115,1.529056191444397,0.36538461538461536,0.8269230769230769,0.21428571428571427,0.8571428571428571,0.0004
844,1.5816402435302734,1.5292749404907227,0.36538461538461536,0.8269230769230769,0.21428571428571427,0.8571428571428571,0.0004
845,1.5485289096832275,1.5297126770019531,0.36538461538461536,0.8269230769230769,0.21428571428571427,0.8571428571428571,0.0004
846,1.5487374067306519,1.5305057764053345,0.36538461538461536,0.8269230769230769,0.21428571428571427,0.8571428571428571,0.0004
847,1.5025874376296997,1.531585693359375,0.36538461538461536,0.8269230769230769,0.21428571428571427,0.8571428571428571,0.0004
848,1.5849666595458984,1.5330469608306885,0.36538461538461536,0.8269230769230769,0.21428571428571427,0.8571428571428571,0.0004
849,1.5358790159225464,1.5339319705963135,0.36538461538461536,0.8269230769230769,0.21428571428571427,0.8571428571428571,0.0004
850,1.549889087677002,1.5344711542129517,0.36538461538461536,0.8269230769230769,0.21428571428571427,0.8571428571428571,0.0004
851,1.5619240403175354,1.5348076820373535,0.36538461538461536,0.8269230769230769,0.21428571428571427,0.8571428571428571,0.0004
852,1.624650776386261,1.5355299711227417,0.36538461538461536,0.8269230769230769,0.21428571428571427,0.8571428571428571,0.0004
853,1.581086277961731,1.536845088005066,0.36538461538461536,0.8269230769230769,0.21428571428571427,0.8571428571428571,0.0004
854,1.5501208901405334,1.5379234552383423,0.36538461538461536,0.8269230769230769,0.21428571428571427,0.8571428571428571,0.0004
855,1.5762094259262085,1.5387052297592163,0.36538461538461536,0.8269230769230769,0.21428571428571427,0.8571428571428571,0.0004
856,1.5656375885009766,1.5399293899536133,0.36538461538461536,0.8269230769230769,0.21428571428571427,0.8571428571428571,0.0004
857,1.5709930658340454,1.5410032272338867,0.36538461538461536,0.8269230769230769,0.21428571428571427,0.8571428571428571,0.0004
858,1.5231521725654602,1.5410523414611816,0.36538461538461536,0.8269230769230769,0.21428571428571427,0.8571428571428571,0.0004
859,1.604263961315155,1.5404703617095947,0.36538461538461536,0.8269230769230769,0.21428571428571427,0.8571428571428571,0.0004
860,1.5352140069007874,1.5404741764068604,0.36538461538461536,0.8269230769230769,0.21428571428571427,0.8571428571428571,0.0004
861,1.5515080690383911,1.5404021739959717,0.36538461538461536,0.8269230769230769,0.21428571428571427,0.8571428571428571,0.0004
862,1.5397677421569824,1.5401923656463623,0.36538461538461536,0.8269230769230769,0.21428571428571427,0.8571428571428571,0.0004
863,1.5988160371780396,1.5393928289413452,0.36538461538461536,0.8269230769230769,0.21428571428571427,0.8571428571428571,0.0004
864,1.580000638961792,1.5379197597503662,0.36538461538461536,0.8269230769230769,0.21428571428571427,0.8571428571428571,0.0004
865,1.5535503029823303,1.536542296409607,0.36538461538461536,0.8269230769230769,0.21428571428571427,0.8571428571428571,0.0004
866,1.5510410070419312,1.5347692966461182,0.36538461538461536,0.8269230769230769,0.21428571428571427,0.8571428571428571,0.0004
867,1.5506073236465454,1.5331380367279053,0.36538461538461536,0.8269230769230769,0.21428571428571427,0.8571428571428571,0.0004
868,1.5499019026756287,1.5315617322921753,0.36538461538461536,0.8269230769230769,0.21428571428571427,0.8571428571428571,0.0004
869,1.5670127272605896,1.530376672744751,0.36538461538461536,0.8269230769230769,0.21428571428571427,0.8571428571428571,0.0004
870,1.5534443259239197,1.529127597808838,0.36538461538461536,0.8269230769230769,0.21428571428571427,0.8571428571428571,0.0004
871,1.5808444619178772,1.5276002883911133,0.36538461538461536,0.8269230769230769,0.21428571428571427,0.8571428571428571,0.0004
872,1.5535202026367188,1.5266361236572266,0.36538461538461536,0.8269230769230769,0.21428571428571427,0.8571428571428571,0.0004
873,1.5808387994766235,1.5252888202667236,0.36538461538461536,0.8269230769230769,0.21428571428571427,0.8571428571428571,0.0004
874,1.5514370799064636,1.5243858098983765,0.36538461538461536,0.8269230769230769,0.21428571428571427,0.8571428571428571,0.0004
875,1.5495935678482056,1.5234684944152832,0.36538461538461536,0.8269230769230769,0.21428571428571427,0.8571428571428571,0.0004
876,1.535110592842102,1.5231027603149414,0.36538461538461536,0.8269230769230769,0.21428571428571427,0.8571428571428571,0.0004
877,1.5660338997840881,1.5231698751449585,0.36538461538461536,0.8269230769230769,0.21428571428571427,0.8571428571428571,0.0004
878,1.5810149312019348,1.5234367847442627,0.36538461538461536,0.8269230769230769,0.21428571428571427,0.8571428571428571,0.0004
879,1.5627350807189941,1.523874044418335,0.36538461538461536,0.8269230769230769,0.21428571428571427,0.8571428571428571,0.0004
880,1.5669809579849243,1.5255920886993408,0.36538461538461536,0.8269230769230769,0.21428571428571427,0.8571428571428571,0.0004
881,1.564923882484436,1.527023434638977,0.36538461538461536,0.8269230769230769,0.21428571428571427,0.8571428571428571,0.0004
882,1.507085144519806,1.5287004709243774,0.36538461538461536,0.8269230769230769,0.21428571428571427,0.8571428571428571,0.0004
883,1.5355732440948486,1.5301182270050049,0.36538461538461536,0.8269230769230769,0.21428571428571427,0.8571428571428571,0.0004
884,1.563479483127594,1.5314334630966187,0.36538461538461536,0.8269230769230769,0.21428571428571427,0.8571428571428571,0.0004
885,1.5629817247390747,1.5329163074493408,0.36538461538461536,0.8269230769230769,0.21428571428571427,0.8571428571428571,0.0004
886,1.5680805444717407,1.5347987413406372,0.36538461538461536,0.8269230769230769,0.21428571428571427,0.8571428571428571,0.0004
887,1.5350863933563232,1.536081075668335,0.36538461538461536,0.8269230769230769,0.21428571428571427,0.8571428571428571,0.0004
888,1.5520586967468262,1.5371760129928589,0.36538461538461536,0.8269230769230769,0.21428571428571427,0.8571428571428571,0.0004
889,1.5504881143569946,1.5377600193023682,0.36538461538461536,0.8269230769230769,0.21428571428571427,0.8571428571428571,0.0004
890,1.5766090154647827,1.5379467010498047,0.36538461538461536,0.8269230769230769,0.21428571428571427,0.8571428571428571,0.0004
891,1.5509600639343262,1.5386923551559448,0.36538461538461536,0.8269230769230769,0.21428571428571427,0.8571428571428571,0.0004
892,1.5837876796722412,1.5391110181808472,0.36538461538461536,0.8269230769230769,0.21428571428571427,0.8571428571428571,0.0004
893,1.5572136044502258,1.5387111902236938,0.36538461538461536,0.8269230769230769,0.21428571428571427,0.8571428571428571,0.0004
894,1.562247097492218,1.5393644571304321,0.36538461538461536,0.8269230769230769,0.21428571428571427,0.8571428571428571,0.0004
895,1.569467842578888,1.5403163433074951,0.36538461538461536,0.8269230769230769,0.21428571428571427,0.8571428571428571,0.0004
896,1.5333662033081055,1.5403707027435303,0.36538461538461536,0.8269230769230769,0.21428571428571427,0.8571428571428571,0.0004
897,1.551588535308838,1.5404670238494873,0.36538461538461536,0.8269230769230769,0.21428571428571427,0.8571428571428571,0.0004
898,1.5924424529075623,1.5399181842803955,0.36538461538461536,0.8269230769230769,0.21428571428571427,0.8571428571428571,0.0004
899,1.5344243049621582,1.5400030612945557,0.36538461538461536,0.8269230769230769,0.21428571428571427,0.8571428571428571,0.0004
900,1.5512272715568542,1.5399702787399292,0.36538461538461536,0.8269230769230769,0.21428571428571427,0.8571428571428571,0.0004
901,1.556760311126709,1.5397815704345703,0.36538461538461536,0.8269230769230769,0.21428571428571427,0.8571428571428571,0.0004
902,1.5462304949760437,1.5383765697479248,0.36538461538461536,0.8269230769230769,0.21428571428571427,0.8571428571428571,0.0004
903,1.5655887126922607,1.5375499725341797,0.36538461538461536,0.8269230769230769,0.21428571428571427,0.8571428571428571,0.0004
904,1.5484488010406494,1.5365746021270752,0.36538461538461536,0.8269230769230769,0.21428571428571427,0.8571428571428571,0.0004
905,1.5840959548950195,1.5359253883361816,0.36538461538461536,0.8269230769230769,0.21428571428571427,0.8571428571428571,0.0004
906,1.5356210470199585,1.5348418951034546,0.36538461538461536,0.8269230769230769,0.21428571428571427,0.8571428571428571,0.0004
907,1.5807384252548218,1.5336673259735107,0.36538461538461536,0.8269230769230769,0.21428571428571427,0.8571428571428571,0.0004
908,1.5665425658226013,1.5326745510101318,0.36538461538461536,0.8269230769230769,0.21428571428571427,0.8571428571428571,0.0004
909,1.5492923855781555,1.5315399169921875,0.36538461538461536,0.8269230769230769,0.21428571428571427,0.8571428571428571,0.0004
910,1.5803399682044983,1.530673861503601,0.36538461538461536,0.8269230769230769,0.21428571428571427,0.8571428571428571,0.0004
911,1.566771686077118,1.5300862789154053,0.36538461538461536,0.8269230769230769,0.21428571428571427,0.8571428571428571,0.0004
912,1.5831540822982788,1.52945077419281,0.36538461538461536,0.8269230769230769,0.21428571428571427,0.8571428571428571,0.0004
913,1.5943057537078857,1.528428554534912,0.36538461538461536,0.8269230769230769,0.21428571428571427,0.8571428571428571,0.0004
914,1.5348554253578186,1.527811884880066,0.36538461538461536,0.8269230769230769,0.21428571428571427,0.8571428571428571,0.0004
915,1.5648812651634216,1.5277119874954224,0.36538461538461536,0.8269230769230769,0.21428571428571427,0.8571428571428571,0.0004
916,1.5507121086120605,1.527827501296997,0.36538461538461536,0.8269230769230769,0.21428571428571427,0.8571428571428571,0.0004
917,1.5645822286605835,1.5279144048690796,0.36538461538461536,0.8269230769230769,0.21428571428571427,0.8571428571428571,0.0004
918,1.5520648956298828,1.528397798538208,0.36538461538461536,0.8269230769230769,0.21428571428571427,0.8571428571428571,0.0004
919,1.5349409580230713,1.5285744667053223,0.36538461538461536,0.8269230769230769,0.21428571428571427,0.8571428571428571,0.0004
920,1.5366575717926025,1.5289678573608398,0.36538461538461536,0.8269230769230769,0.21428571428571427,0.8571428571428571,0.0004
921,1.5637447834014893,1.529151201248169,0.36538461538461536,0.8269230769230769,0.21428571428571427,0.8571428571428571,0.0004
922,1.590069591999054,1.529529333114624,0.36538461538461536,0.8269230769230769,0.21428571428571427,0.8571428571428571,0.0004
923,1.5509865880012512,1.5309836864471436,0.36538461538461536,0.8269230769230769,0.21428571428571427,0.8571428571428571,0.0004
924,1.5482568740844727,1.5323126316070557,0.36538461538461536,0.8269230769230769,0.21428571428571427,0.8571428571428571,0.0004
925,1.5483994483947754,1.53391695022583,0.36538461538461536,0.8269230769230769,0.21428571428571427,0.8571428571428571,0.0004
926,1.540766179561615,1.5357011556625366,0.36538461538461536,0.8269230769230769,0.21428571428571427,0.8571428571428571,0.0004
927,1.5670925974845886,1.5365325212478638,0.36538461538461536,0.8269230769230769,0.21428571428571427,0.8571428571428571,0.0004
928,1.5339293479919434,1.5369244813919067,0.36538461538461536,0.8269230769230769,0.21428571428571427,0.8571428571428571,0.0004
929,1.5683143734931946,1.5375157594680786,0.36538461538461536,0.8269230769230769,0.21428571428571427,0.8571428571428571,0.0004
930,1.5634953379631042,1.537406086921692,0.36538461538461536,0.8269230769230769,0.21428571428571427,0.8571428571428571,0.0004
931,1.5374627113342285,1.5376858711242676,0.36538461538461536,0.8269230769230769,0.21428571428571427,0.8571428571428571,0.0004
932,1.555337131023407,1.5376545190811157,0.36538461538461536,0.8269230769230769,0.21428571428571427,0.8571428571428571,0.0004
933,1.5518724918365479,1.5368391275405884,0.36538461538461536,0.8269230769230769,0.21428571428571427,0.8571428571428571,0.0004
934,1.5515854358673096,1.535841464996338,0.36538461538461536,0.8269230769230769,0.21428571428571427,0.8571428571428571,0.0004
935,1.563644528388977,1.5345723628997803,0.36538461538461536,0.8269230769230769,0.21428571428571427,0.8571428571428571,0.0004
936,1.5330808758735657,1.5336626768112183,0.36538461538461536,0.8269230769230769,0.21428571428571427,0.8571428571428571,0.0004
937,1.5168694257736206,1.5329819917678833,0.36538461538461536,0.8269230769230769,0.21428571428571427,0.8571428571428571,0.0004
938,1.5490541458129883,1.5327634811401367,0.36538461538461536,0.8269230769230769,0.21428571428571427,0.8571428571428571,0.0004
939,1.579250693321228,1.5326288938522339,0.36538461538461536,0.8269230769230769,0.21428571428571427,0.8571428571428571,0.0004
940,1.5626574158668518,1.5327911376953125,0.36538461538461536,0.8269230769230769,0.21428571428571427,0.8571428571428571,0.0004
941,1.5674410462379456,1.533597469329834,0.36538461538461536,0.8269230769230769,0.21428571428571427,0.8571428571428571,0.0004
942,1.5806577801704407,1.5339535474777222,0.36538461538461536,0.8269230769230769,0.21428571428571427,0.8571428571428571,0.0004
943,1.522003710269928,1.5344889163970947,0.36538461538461536,0.8269230769230769,0.21428571428571427,0.8571428571428571,0.0004
944,1.5654200315475464,1.5344332456588745,0.36538461538461536,0.8269230769230769,0.21428571428571427,0.8571428571428571,0.0004
945,1.5921657085418701,1.5341700315475464,0.36538461538461536,0.8269230769230769,0.21428571428571427,0.8571428571428571,0.0004
946,1.5366421341896057,1.5348305702209473,0.36538461538461536,0.8269230769230769,0.21428571428571427,0.8571428571428571,0.0004
947,1.5508941411972046,1.5350760221481323,0.36538461538461536,0.8269230769230769,0.21428571428571427,0.8571428571428571,0.0004
948,1.560836911201477,1.5349048376083374,0.36538461538461536,0.8269230769230769,0.21428571428571427,0.8571428571428571,0.0004
949,1.5529747605323792,1.5355432033538818,0.36538461538461536,0.8269230769230769,0.21428571428571427,0.8571428571428571,0.0004
950,1.5335384607315063,1.535487413406372,0.36538461538461536,0.8269230769230769,0.21428571428571427,0.8571428571428571,0.0004
951,1.5530505776405334,1.5357029438018799,0.36538461538461536,0.8269230769230769,0.21428571428571427,0.8571428571428571,0.0004
952,1.536512017250061,1.5353856086730957,0.36538461538461536,0.8269230769230769,0.21428571428571427,0.8571428571428571,0.0004
953,1.5512025952339172,1.534793734550476,0.36538461538461536,0.8269230769230769,0.21428571428571427,0.8571428571428571,0.0004
954,1.5180962085723877,1.5339453220367432,0.36538461538461536,0.8269230769230769,0.21428571428571427,0.8571428571428571,0.0004
955,1.56525057554245,1.533366084098816,0.36538461538461536,0.8269230769230769,0.21428571428571427,0.8571428571428571,0.0004
956,1.5348095893859863,1.5329185724258423,0.36538461538461536,0.8269230769230769,0.21428571428571427,0.8571428571428571,0.0004
957,1.5193747282028198,1.5324411392211914,0.36538461538461536,0.8269230769230769,0.21428571428571427,0.8571428571428571,0.0004
958,1.565592646598816,1.5319123268127441,0.36538461538461536,0.8269230769230769,0.21428571428571427,0.8571428571428571,0.0004
959,1.5382004380226135,1.5317400693893433,0.36538461538461536,0.8269230769230769,0.21428571428571427,0.8571428571428571,0.0004
960,1.5321146845817566,1.5309228897094727,0.36538461538461536,0.8269230769230769,0.21428571428571427,0.8571428571428571,0.0004
961,1.5535827279090881,1.5307294130325317,0.36538461538461536,0.8269230769230769,0.21428571428571427,0.8571428571428571,0.0004
962,1.5809903740882874,1.5299749374389648,0.36538461538461536,0.8269230769230769,0.21428571428571427,0.8571428571428571,0.0004
963,1.5678827166557312,1.5297677516937256,0.36538461538461536,0.8269230769230769,0.21428571428571427,0.8571428571428571,0.0004
964,1.5692092180252075,1.5297514200210571,0.36538461538461536,0.8269230769230769,0.21428571428571427,0.8571428571428571,0.0004
965,1.5645068287849426,1.5292589664459229,0.36538461538461536,0.8269230769230769,0.21428571428571427,0.8571428571428571,0.0004
966,1.5658149719238281,1.5294485092163086,0.36538461538461536,0.8269230769230769,0.21428571428571427,0.8571428571428571,0.0004
967,1.5350260734558105,1.5298290252685547,0.36538461538461536,0.8269230769230769,0.21428571428571427,0.8571428571428571,0.0004
968,1.5774360299110413,1.5301291942596436,0.36538461538461536,0.8269230769230769,0.21428571428571427,0.8571428571428571,0.0004
969,1.5487970113754272,1.5311615467071533,0.36538461538461536,0.8269230769230769,0.21428571428571427,0.8571428571428571,0.0004
970,1.5648122429847717,1.532390832901001,0.36538461538461536,0.8269230769230769,0.21428571428571427,0.8571428571428571,0.0004
971,1.5924196243286133,1.533484697341919,0.36538461538461536,0.8269230769230769,0.21428571428571427,0.8571428571428571,0.0004
972,1.550569236278534,1.5349334478378296,0.36538461538461536,0.8269230769230769,0.21428571428571427,0.8571428571428571,0.0004
973,1.5368667840957642,1.5362566709518433,0.36538461538461536,0.8269230769230769,0.21428571428571427,0.8571428571428571,0.0004
974,1.5555237531661987,1.5373988151550293,0.36538461538461536,0.8269230769230769,0.21428571428571427,0.8571428571428571,0.0004
975,1.5509387850761414,1.5376429557800293,0.36538461538461536,0.8269230769230769,0.21428571428571427,0.8571428571428571,0.0004
976,1.5676396489143372,1.537712812423706,0.36538461538461536,0.8269230769230769,0.21428571428571427,0.8571428571428571,0.0004
977,1.5624534487724304,1.5371432304382324,0.36538461538461536,0.8269230769230769,0.21428571428571427,0.8571428571428571,0.0004
978,1.5388852953910828,1.5370444059371948,0.36538461538461536,0.8269230769230769,0.21428571428571427,0.8571428571428571,0.0004
979,1.5800514221191406,1.5364642143249512,0.36538461538461536,0.8269230769230769,0.21428571428571427,0.8571428571428571,0.0004
980,1.549862802028656,1.5358302593231201,0.36538461538461536,0.8269230769230769,0.21428571428571427,0.8571428571428571,0.0004
981,1.565712034702301,1.5352047681808472,0.36538461538461536,0.8269230769230769,0.21428571428571427,0.8571428571428571,0.0004
982,1.5521348714828491,1.534523606300354,0.36538461538461536,0.8269230769230769,0.21428571428571427,0.8571428571428571,0.0004
983,1.5656461715698242,1.533566951751709,0.36538461538461536,0.8269230769230769,0.21428571428571427,0.8571428571428571,0.0004
984,1.564184546470642,1.5325140953063965,0.36538461538461536,0.8269230769230769,0.21428571428571427,0.8571428571428571,0.0004
985,1.5790190696716309,1.5317375659942627,0.36538461538461536,0.8269230769230769,0.21428571428571427,0.8571428571428571,0.0004
986,1.5202606320381165,1.5313749313354492,0.36538461538461536,0.8269230769230769,0.21428571428571427,0.8571428571428571,0.0004
987,1.581488847732544,1.5313166379928589,0.36538461538461536,0.8269230769230769,0.21428571428571427,0.8571428571428571,0.0004
988,1.5642998814582825,1.5310883522033691,0.36538461538461536,0.8269230769230769,0.21428571428571427,0.8571428571428571,0.0004
989,1.5510854125022888,1.531126618385315,0.36538461538461536,0.8269230769230769,0.21428571428571427,0.8571428571428571,0.0004
990,1.5836937427520752,1.5310732126235962,0.36538461538461536,0.8269230769230769,0.21428571428571427,0.8571428571428571,0.0004
991,1.537632405757904,1.5307157039642334,0.36538461538461536,0.8269230769230769,0.21428571428571427,0.8571428571428571,0.0004
992,1.5367674827575684,1.5301239490509033,0.36538461538461536,0.8269230769230769,0.21428571428571427,0.8571428571428571,0.0004
993,1.520317792892456,1.5293707847595215,0.36538461538461536,0.8269230769230769,0.21428571428571427,0.8571428571428571,0.0004
994,1.5682048201560974,1.5288211107254028,0.36538461538461536,0.8269230769230769,0.21428571428571427,0.8571428571428571,0.0004
995,1.5667260885238647,1.5279663801193237,0.36538461538461536,0.8269230769230769,0.21428571428571427,0.8571428571428571,0.0004
996,1.5651917457580566,1.5270328521728516,0.36538461538461536,0.8269230769230769,0.21428571428571427,0.8571428571428571,0.0004
997,1.5347306728363037,1.5264744758605957,0.36538461538461536,0.8269230769230769,0.21428571428571427,0.8571428571428571,0.0004
998,1.5193673968315125,1.5261743068695068,0.36538461538461536,0.8269230769230769,0.21428571428571427,0.8571428571428571,0.0004
999,1.5189813375473022,1.5260688066482544,0.36538461538461536,0.8269230769230769,0.21428571428571427,0.8571428571428571,0.0004
1000,1.5345584154129028,1.526145339012146,0.36538461538461536,0.8269230769230769,0.21428571428571427,0.8571428571428571,0.0004
