epoch,train_loss,val_loss,train_acc_action,train_acc_status,val_acc_action,val_acc_status,learning_rate
1,1.7566525340080261,1.7533745765686035,0.40384615384615385,0.8269230769230769,0.35714285714285715,0.8571428571428571,0.0004
2,1.7483843564987183,1.7497634887695312,0.36538461538461536,0.8269230769230769,0.21428571428571427,0.8571428571428571,0.0004
3,1.750638723373413,1.747025728225708,0.25,0.8269230769230769,0.21428571428571427,0.8571428571428571,0.0004
4,1.744068205356598,1.744413137435913,0.34615384615384615,0.8269230769230769,0.21428571428571427,0.8571428571428571,0.0004
5,1.7439752221107483,1.742069125175476,0.3269230769230769,0.8269230769230769,0.21428571428571427,0.8571428571428571,0.0004
6,1.741308331489563,1.7397270202636719,0.34615384615384615,0.8269230769230769,0.21428571428571427,0.8571428571428571,0.0004
7,1.739345669746399,1.7376134395599365,0.3076923076923077,0.8269230769230769,0.21428571428571427,0.8571428571428571,0.0004
8,1.7288854122161865,1.735190510749817,0.3269230769230769,0.8269230769230769,0.21428571428571427,0.8571428571428571,0.0004
9,1.7327160239219666,1.7322834730148315,0.34615384615384615,0.8269230769230769,0.21428571428571427,0.8571428571428571,0.0004
10,1.729666292667389,1.728816270828247,0.40384615384615385,0.8269230769230769,0.21428571428571427,0.8571428571428571,0.0004
11,1.7245049476623535,1.724430799484253,0.3269230769230769,0.8269230769230769,0.21428571428571427,0.8571428571428571,0.0004
12,1.711065948009491,1.719303846359253,0.3076923076923077,0.8269230769230769,0.21428571428571427,0.8571428571428571,0.0004
13,1.7096638679504395,1.711958646774292,0.36538461538461536,0.8269230769230769,0.21428571428571427,0.8571428571428571,0.0004
14,1.7147316336631775,1.701116919517517,0.3269230769230769,0.8269230769230769,0.21428571428571427,0.8571428571428571,0.0004
15,1.7016130089759827,1.6824431419372559,0.34615384615384615,0.8269230769230769,0.21428571428571427,0.8571428571428571,0.0004
16,1.6849702596664429,1.6458191871643066,0.3076923076923077,0.8269230769230769,0.35714285714285715,0.8571428571428571,0.0004
17,1.6145886778831482,1.6194367408752441,0.4230769230769231,0.8269230769230769,0.35714285714285715,0.8571428571428571,0.0004
18,1.6910493969917297,1.607316493988037,0.21153846153846154,0.8269230769230769,0.35714285714285715,0.8571428571428571,0.0004
19,1.6331159472465515,1.597391128540039,0.34615384615384615,0.8269230769230769,0.35714285714285715,0.8571428571428571,0.0004
20,1.636803925037384,1.5880169868469238,0.38461538461538464,0.8269230769230769,0.21428571428571427,0.8571428571428571,0.0004
21,1.6353924870491028,1.581601619720459,0.34615384615384615,0.8269230769230769,0.21428571428571427,0.8571428571428571,0.0004
22,1.635591745376587,1.5761284828186035,0.28846153846153844,0.8269230769230769,0.21428571428571427,0.8571428571428571,0.0004
23,1.5811738967895508,1.5710645914077759,0.4230769230769231,0.8269230769230769,0.21428571428571427,0.8571428571428571,0.0004
24,1.5979294180870056,1.5670413970947266,0.3269230769230769,0.8269230769230769,0.21428571428571427,0.8571428571428571,0.0004
25,1.5098372101783752,1.5626193284988403,0.4423076923076923,0.8269230769230769,0.21428571428571427,0.8571428571428571,0.0004
26,1.5866546630859375,1.5575127601623535,0.3269230769230769,0.8269230769230769,0.21428571428571427,0.8571428571428571,0.0004
27,1.6203430891036987,1.5525588989257812,0.4423076923076923,0.8269230769230769,0.21428571428571427,0.8571428571428571,0.0004
28,1.539798378944397,1.5478832721710205,0.40384615384615385,0.8269230769230769,0.21428571428571427,0.8571428571428571,0.0004
29,1.6569880247116089,1.5436184406280518,0.34615384615384615,0.8269230769230769,0.21428571428571427,0.8571428571428571,0.0004
30,1.6103119254112244,1.5396151542663574,0.38461538461538464,0.8269230769230769,0.21428571428571427,0.8571428571428571,0.0004
31,1.5837168097496033,1.5368173122406006,0.40384615384615385,0.8269230769230769,0.21428571428571427,0.8571428571428571,0.0004
32,1.6042271256446838,1.534233570098877,0.34615384615384615,0.8269230769230769,0.21428571428571427,0.8571428571428571,0.0004
33,1.5767049193382263,1.5317370891571045,0.4807692307692308,0.8269230769230769,0.21428571428571427,0.8571428571428571,0.0004
34,1.5750228762626648,1.5300501585006714,0.3269230769230769,0.8269230769230769,0.21428571428571427,0.8571428571428571,0.0004
35,1.5380479097366333,1.528774380683899,0.3269230769230769,0.8269230769230769,0.5,0.8571428571428571,0.0004
36,1.5250566005706787,1.5270224809646606,0.38461538461538464,0.8269230769230769,0.21428571428571427,0.8571428571428571,0.0004
37,1.6127081513404846,1.5257866382598877,0.36538461538461536,0.8269230769230769,0.21428571428571427,0.8571428571428571,0.0004
38,1.5395900011062622,1.5245180130004883,0.34615384615384615,0.8269230769230769,0.21428571428571427,0.8571428571428571,0.0004
39,1.5663028955459595,1.523558497428894,0.36538461538461536,0.8269230769230769,0.21428571428571427,0.8571428571428571,0.0004
40,1.5650897026062012,1.5233447551727295,0.34615384615384615,0.8269230769230769,0.21428571428571427,0.8571428571428571,0.0004
41,1.570434808731079,1.5237436294555664,0.3269230769230769,0.8269230769230769,0.21428571428571427,0.8571428571428571,0.0004
42,1.6230028867721558,1.5249130725860596,0.3076923076923077,0.8269230769230769,0.21428571428571427,0.8571428571428571,0.0004
43,1.5632816553115845,1.5264511108398438,0.36538461538461536,0.8269230769230769,0.21428571428571427,0.8571428571428571,0.0004
44,1.5571884512901306,1.5276157855987549,0.3076923076923077,0.8269230769230769,0.21428571428571427,0.8571428571428571,0.0004
45,1.6358162760734558,1.5289413928985596,0.2692307692307692,0.8269230769230769,0.21428571428571427,0.8571428571428571,0.0004
46,1.550348937511444,1.5295352935791016,0.3076923076923077,0.8269230769230769,0.21428571428571427,0.8571428571428571,0.0004
47,1.5631868839263916,1.5300179719924927,0.3076923076923077,0.8269230769230769,0.21428571428571427,0.8571428571428571,0.0004
48,1.49697607755661,1.531112551689148,0.34615384615384615,0.8269230769230769,0.21428571428571427,0.8571428571428571,0.0004
49,1.5847633481025696,1.531949520111084,0.4807692307692308,0.8269230769230769,0.21428571428571427,0.8571428571428571,0.0004
50,1.5683541893959045,1.5325398445129395,0.36538461538461536,0.8269230769230769,0.21428571428571427,0.8571428571428571,0.0004
51,1.6172311902046204,1.5332019329071045,0.40384615384615385,0.8269230769230769,0.21428571428571427,0.8571428571428571,0.0004
52,1.6014478206634521,1.534277319908142,0.38461538461538464,0.8269230769230769,0.21428571428571427,0.8571428571428571,0.0004
53,1.624031662940979,1.5355591773986816,0.34615384615384615,0.8269230769230769,0.21428571428571427,0.8571428571428571,0.0004
54,1.593689739704132,1.5368362665176392,0.36538461538461536,0.8269230769230769,0.21428571428571427,0.8571428571428571,0.0004
55,1.6569684743881226,1.5376824140548706,0.3076923076923077,0.8269230769230769,0.21428571428571427,0.8571428571428571,0.0004
56,1.5529606938362122,1.5384835004806519,0.3269230769230769,0.8269230769230769,0.21428571428571427,0.8571428571428571,0.0004
57,1.5767046809196472,1.538896083831787,0.4423076923076923,0.8269230769230769,0.21428571428571427,0.8571428571428571,0.0004
58,1.635633111000061,1.5393805503845215,0.40384615384615385,0.8269230769230769,0.21428571428571427,0.8571428571428571,0.0004
59,1.6133389472961426,1.5405120849609375,0.4230769230769231,0.8269230769230769,0.21428571428571427,0.8571428571428571,0.0004
60,1.5796335935592651,1.5421615839004517,0.3269230769230769,0.8269230769230769,0.21428571428571427,0.8571428571428571,0.0004
61,1.6113667488098145,1.5439164638519287,0.21153846153846154,0.8269230769230769,0.21428571428571427,0.8571428571428571,0.0004
62,1.6237225532531738,1.5459343194961548,0.2692307692307692,0.8269230769230769,0.21428571428571427,0.8571428571428571,0.0004
63,1.5760666728019714,1.5482467412948608,0.28846153846153844,0.8269230769230769,0.21428571428571427,0.8571428571428571,0.0004
64,1.5897478461265564,1.5495362281799316,0.38461538461538464,0.8269230769230769,0.21428571428571427,0.8571428571428571,0.0004
65,1.5355839729309082,1.5499335527420044,0.34615384615384615,0.8269230769230769,0.21428571428571427,0.8571428571428571,0.0004
66,1.5170127153396606,1.5489928722381592,0.5,0.8269230769230769,0.21428571428571427,0.8571428571428571,0.0004
67,1.666262149810791,1.54850435256958,0.28846153846153844,0.8269230769230769,0.21428571428571427,0.8571428571428571,0.0004
68,1.6417078971862793,1.5487840175628662,0.21153846153846154,0.8269230769230769,0.21428571428571427,0.8571428571428571,0.0004
69,1.5852294564247131,1.5484908819198608,0.36538461538461536,0.8269230769230769,0.21428571428571427,0.8571428571428571,0.0004
70,1.5736587047576904,1.5481152534484863,0.36538461538461536,0.8269230769230769,0.21428571428571427,0.8571428571428571,0.0004
71,1.573635756969452,1.5470433235168457,0.36538461538461536,0.8269230769230769,0.21428571428571427,0.8571428571428571,0.0004
72,1.624805212020874,1.5457541942596436,0.3076923076923077,0.8269230769230769,0.21428571428571427,0.8571428571428571,0.0004
73,1.5625826120376587,1.5452135801315308,0.38461538461538464,0.8269230769230769,0.21428571428571427,0.8571428571428571,0.0004
74,1.5605615973472595,1.5442891120910645,0.38461538461538464,0.8269230769230769,0.21428571428571427,0.8571428571428571,0.0004
75,1.6162052154541016,1.5433416366577148,0.3269230769230769,0.8269230769230769,0.21428571428571427,0.8571428571428571,0.0004
76,1.6475985646247864,1.5427526235580444,0.25,0.8269230769230769,0.21428571428571427,0.8571428571428571,0.0004
77,1.544037103652954,1.5419059991836548,0.34615384615384615,0.8269230769230769,0.21428571428571427,0.8571428571428571,0.0004
78,1.634199619293213,1.5408515930175781,0.4230769230769231,0.8269230769230769,0.21428571428571427,0.8571428571428571,0.0004
79,1.5866665840148926,1.5402107238769531,0.38461538461538464,0.8269230769230769,0.21428571428571427,0.8571428571428571,0.0004
80,1.60801762342453,1.5402233600616455,0.3076923076923077,0.8269230769230769,0.21428571428571427,0.8571428571428571,0.0004
81,1.6035413146018982,1.5393352508544922,0.34615384615384615,0.8269230769230769,0.21428571428571427,0.8571428571428571,0.0004
82,1.6156764030456543,1.5391539335250854,0.34615384615384615,0.8269230769230769,0.21428571428571427,0.8571428571428571,0.0004
83,1.5805187225341797,1.5385844707489014,0.2692307692307692,0.8269230769230769,0.21428571428571427,0.8571428571428571,0.0004
84,1.598440408706665,1.5379945039749146,0.3076923076923077,0.8269230769230769,0.21428571428571427,0.8571428571428571,0.0004
85,1.5609771609306335,1.5376553535461426,0.40384615384615385,0.8269230769230769,0.21428571428571427,0.8571428571428571,0.0004
86,1.514159619808197,1.5369153022766113,0.4423076923076923,0.8269230769230769,0.21428571428571427,0.8571428571428571,0.0004
87,1.5769370198249817,1.5354276895523071,0.3076923076923077,0.8269230769230769,0.21428571428571427,0.8571428571428571,0.0004
88,1.6094721555709839,1.5335774421691895,0.2692307692307692,0.8269230769230769,0.21428571428571427,0.8571428571428571,0.0004
89,1.5758123993873596,1.5319522619247437,0.40384615384615385,0.8269230769230769,0.21428571428571427,0.8571428571428571,0.0004
90,1.5933279991149902,1.5307564735412598,0.36538461538461536,0.8269230769230769,0.21428571428571427,0.8571428571428571,0.0004
91,1.623133361339569,1.5295357704162598,0.34615384615384615,0.8269230769230769,0.21428571428571427,0.8571428571428571,0.0004
92,1.5687695145606995,1.5286829471588135,0.25,0.8269230769230769,0.21428571428571427,0.8571428571428571,0.0004
93,1.5459250807762146,1.5278279781341553,0.2692307692307692,0.8269230769230769,0.21428571428571427,0.8571428571428571,0.0004
94,1.6262947916984558,1.5270507335662842,0.4423076923076923,0.8269230769230769,0.21428571428571427,0.8571428571428571,0.0004
95,1.5593113899230957,1.5261948108673096,0.40384615384615385,0.8269230769230769,0.21428571428571427,0.8571428571428571,0.0004
96,1.5855258703231812,1.5255283117294312,0.3269230769230769,0.8269230769230769,0.21428571428571427,0.8571428571428571,0.0004
97,1.6454833149909973,1.5254884958267212,0.25,0.8269230769230769,0.21428571428571427,0.8571428571428571,0.0004
98,1.5405828952789307,1.5260776281356812,0.34615384615384615,0.8269230769230769,0.21428571428571427,0.8571428571428571,0.0004
99,1.587052047252655,1.5264792442321777,0.3076923076923077,0.8269230769230769,0.21428571428571427,0.8571428571428571,0.0004
100,1.5410608053207397,1.5269335508346558,0.5,0.8269230769230769,0.21428571428571427,0.8571428571428571,0.0004
101,1.504673957824707,1.527238130569458,0.5,0.8269230769230769,0.21428571428571427,0.8571428571428571,0.0004
102,1.5686253905296326,1.52753746509552,0.38461538461538464,0.8269230769230769,0.21428571428571427,0.8571428571428571,0.0004
103,1.5696141123771667,1.5285289287567139,0.3269230769230769,0.8269230769230769,0.21428571428571427,0.8571428571428571,0.0004
104,1.6100016832351685,1.5299296379089355,0.3269230769230769,0.8269230769230769,0.21428571428571427,0.8571428571428571,0.0004
105,1.5015202164649963,1.5306928157806396,0.28846153846153844,0.8269230769230769,0.21428571428571427,0.8571428571428571,0.0004
106,1.5908236503601074,1.5315778255462646,0.28846153846153844,0.8269230769230769,0.21428571428571427,0.8571428571428571,0.0004
107,1.5764025449752808,1.5329452753067017,0.4230769230769231,0.8269230769230769,0.21428571428571427,0.8571428571428571,0.0004
108,1.538450539112091,1.5344274044036865,0.38461538461538464,0.8269230769230769,0.21428571428571427,0.8571428571428571,0.0004
109,1.5750442743301392,1.5360082387924194,0.36538461538461536,0.8269230769230769,0.21428571428571427,0.8571428571428571,0.0004
110,1.574403166770935,1.5376629829406738,0.3269230769230769,0.8269230769230769,0.21428571428571427,0.8571428571428571,0.0004
111,1.5858713388442993,1.5391780138015747,0.36538461538461536,0.8269230769230769,0.21428571428571427,0.8571428571428571,0.0004
112,1.5577385425567627,1.5407058000564575,0.3269230769230769,0.8269230769230769,0.21428571428571427,0.8571428571428571,0.0004
113,1.5393292307853699,1.5419577360153198,0.4230769230769231,0.8269230769230769,0.21428571428571427,0.8571428571428571,0.0004
114,1.63750159740448,1.5431609153747559,0.36538461538461536,0.8269230769230769,0.21428571428571427,0.8571428571428571,0.0004
115,1.6093925833702087,1.5446932315826416,0.2692307692307692,0.8269230769230769,0.21428571428571427,0.8571428571428571,0.0004
116,1.583512008190155,1.5457509756088257,0.19230769230769232,0.8269230769230769,0.21428571428571427,0.8571428571428571,0.0004
117,1.57396799325943,1.546885371208191,0.34615384615384615,0.8269230769230769,0.21428571428571427,0.8571428571428571,0.0004
118,1.5674349665641785,1.5476908683776855,0.3269230769230769,0.8269230769230769,0.21428571428571427,0.8571428571428571,0.0004
119,1.6564863920211792,1.5485522747039795,0.3269230769230769,0.8269230769230769,0.21428571428571427,0.8571428571428571,0.0004
120,1.5852240324020386,1.5491232872009277,0.34615384615384615,0.8269230769230769,0.21428571428571427,0.8571428571428571,0.0004
121,1.6328243017196655,1.5500094890594482,0.3076923076923077,0.8269230769230769,0.21428571428571427,0.8571428571428571,0.0004
122,1.5212392210960388,1.55080246925354,0.3076923076923077,0.8269230769230769,0.21428571428571427,0.8571428571428571,0.0004
123,1.5840128660202026,1.5515751838684082,0.40384615384615385,0.8269230769230769,0.21428571428571427,0.8571428571428571,0.0004
124,1.5274592638015747,1.5518276691436768,0.38461538461538464,0.8269230769230769,0.21428571428571427,0.8571428571428571,0.0004
125,1.6333064436912537,1.5520774126052856,0.34615384615384615,0.8269230769230769,0.21428571428571427,0.8571428571428571,0.0004
126,1.568421185016632,1.5521076917648315,0.3076923076923077,0.8269230769230769,0.21428571428571427,0.8571428571428571,0.0004
127,1.590246319770813,1.5519452095031738,0.40384615384615385,0.8269230769230769,0.21428571428571427,0.8571428571428571,0.0004
128,1.5378801226615906,1.551755666732788,0.40384615384615385,0.8269230769230769,0.21428571428571427,0.8571428571428571,0.0004
129,1.6404480338096619,1.5513235330581665,0.25,0.8269230769230769,0.21428571428571427,0.8571428571428571,0.0004
130,1.591486632823944,1.5506465435028076,0.3269230769230769,0.8269230769230769,0.21428571428571427,0.8571428571428571,0.0004
131,1.5867154002189636,1.5498794317245483,0.3269230769230769,0.8269230769230769,0.21428571428571427,0.8571428571428571,0.0004
132,1.555712103843689,1.548948049545288,0.4423076923076923,0.8269230769230769,0.21428571428571427,0.8571428571428571,0.0004
133,1.5866323113441467,1.5476819276809692,0.3269230769230769,0.8269230769230769,0.21428571428571427,0.8571428571428571,0.0004
134,1.5114437341690063,1.546290636062622,0.36538461538461536,0.8269230769230769,0.21428571428571427,0.8571428571428571,0.0004
135,1.6068883538246155,1.5450048446655273,0.25,0.8269230769230769,0.21428571428571427,0.8571428571428571,0.0004
136,1.5586056113243103,1.5439049005508423,0.34615384615384615,0.8269230769230769,0.21428571428571427,0.8571428571428571,0.0004
137,1.5844492316246033,1.542811632156372,0.38461538461538464,0.8269230769230769,0.21428571428571427,0.8571428571428571,0.0004
138,1.5564854741096497,1.5419182777404785,0.40384615384615385,0.8269230769230769,0.21428571428571427,0.8571428571428571,0.0004
139,1.5372260808944702,1.5413881540298462,0.3269230769230769,0.8269230769230769,0.21428571428571427,0.8571428571428571,0.0004
140,1.6043458580970764,1.5409462451934814,0.36538461538461536,0.8269230769230769,0.21428571428571427,0.8571428571428571,0.0004
141,1.598807454109192,1.5406886339187622,0.34615384615384615,0.8269230769230769,0.21428571428571427,0.8571428571428571,0.0004
142,1.6494665145874023,1.5409116744995117,0.36538461538461536,0.8269230769230769,0.21428571428571427,0.8571428571428571,0.0004
143,1.5856038331985474,1.5410418510437012,0.4423076923076923,0.8269230769230769,0.21428571428571427,0.8571428571428571,0.0004
144,1.6038439273834229,1.5410047769546509,0.25,0.8269230769230769,0.21428571428571427,0.8571428571428571,0.0004
145,1.5767916440963745,1.541215419769287,0.3269230769230769,0.8269230769230769,0.21428571428571427,0.8571428571428571,0.0004
146,1.607919692993164,1.5415568351745605,0.38461538461538464,0.8269230769230769,0.21428571428571427,0.8571428571428571,0.0004
147,1.6090347170829773,1.5418485403060913,0.3076923076923077,0.8269230769230769,0.21428571428571427,0.8571428571428571,0.0004
148,1.64426851272583,1.5423457622528076,0.3076923076923077,0.8269230769230769,0.21428571428571427,0.8571428571428571,0.0004
149,1.6408384442329407,1.5432883501052856,0.25,0.8269230769230769,0.21428571428571427,0.8571428571428571,0.0004
150,1.5228280425071716,1.5440926551818848,0.46153846153846156,0.8269230769230769,0.21428571428571427,0.8571428571428571,0.0004
151,1.5447227358818054,1.5443642139434814,0.36538461538461536,0.8269230769230769,0.21428571428571427,0.8571428571428571,0.0004
152,1.6009495854377747,1.5444440841674805,0.3076923076923077,0.8269230769230769,0.21428571428571427,0.8571428571428571,0.0004
153,1.6194514632225037,1.5441579818725586,0.28846153846153844,0.8269230769230769,0.21428571428571427,0.8571428571428571,0.0004
154,1.5894800424575806,1.5439426898956299,0.36538461538461536,0.8269230769230769,0.21428571428571427,0.8571428571428571,0.0004
155,1.6588494181632996,1.5441844463348389,0.21153846153846154,0.8269230769230769,0.21428571428571427,0.8571428571428571,0.0004
156,1.5670839548110962,1.5438073873519897,0.38461538461538464,0.8269230769230769,0.21428571428571427,0.8571428571428571,0.0004
157,1.6006308197975159,1.5435155630111694,0.36538461538461536,0.8269230769230769,0.21428571428571427,0.8571428571428571,0.0004
158,1.5626990795135498,1.5427381992340088,0.3076923076923077,0.8269230769230769,0.21428571428571427,0.8571428571428571,0.0004
159,1.577132523059845,1.5419354438781738,0.3269230769230769,0.8269230769230769,0.21428571428571427,0.8571428571428571,0.0004
160,1.5404731035232544,1.5403107404708862,0.3076923076923077,0.8269230769230769,0.21428571428571427,0.8571428571428571,0.0004
161,1.5723498463630676,1.5388123989105225,0.21153846153846154,0.8269230769230769,0.21428571428571427,0.8571428571428571,0.0004
162,1.6011289954185486,1.5374927520751953,0.2692307692307692,0.8269230769230769,0.21428571428571427,0.8571428571428571,0.0004
163,1.5806195735931396,1.5362910032272339,0.3269230769230769,0.8269230769230769,0.21428571428571427,0.8571428571428571,0.0004
164,1.6190571784973145,1.535917043685913,0.36538461538461536,0.8269230769230769,0.21428571428571427,0.8571428571428571,0.0004
165,1.546967625617981,1.5356413125991821,0.28846153846153844,0.8269230769230769,0.21428571428571427,0.8571428571428571,0.0004
166,1.6205549240112305,1.5354576110839844,0.28846153846153844,0.8269230769230769,0.21428571428571427,0.8571428571428571,0.0004
167,1.556515097618103,1.5350650548934937,0.36538461538461536,0.8269230769230769,0.21428571428571427,0.8571428571428571,0.0004
168,1.5598613023757935,1.5348498821258545,0.34615384615384615,0.8269230769230769,0.21428571428571427,0.8571428571428571,0.0004
169,1.5918232798576355,1.5349111557006836,0.38461538461538464,0.8269230769230769,0.21428571428571427,0.8571428571428571,0.0004
170,1.5789082050323486,1.5353848934173584,0.28846153846153844,0.8269230769230769,0.21428571428571427,0.8571428571428571,0.0004
171,1.5628175139427185,1.5360147953033447,0.3076923076923077,0.8269230769230769,0.21428571428571427,0.8571428571428571,0.0004
172,1.573085606098175,1.5361964702606201,0.36538461538461536,0.8269230769230769,0.21428571428571427,0.8571428571428571,0.0004
173,1.535597324371338,1.5364360809326172,0.28846153846153844,0.8269230769230769,0.21428571428571427,0.8571428571428571,0.0004
174,1.5555782318115234,1.536658763885498,0.36538461538461536,0.8269230769230769,0.21428571428571427,0.8571428571428571,0.0004
175,1.7007312774658203,1.5375001430511475,0.34615384615384615,0.8269230769230769,0.21428571428571427,0.8571428571428571,0.0004
176,1.5947792530059814,1.5382003784179688,0.3269230769230769,0.8269230769230769,0.21428571428571427,0.8571428571428571,0.0004
177,1.6256630420684814,1.5392155647277832,0.3269230769230769,0.8269230769230769,0.21428571428571427,0.8571428571428571,0.0004
178,1.520880401134491,1.5406965017318726,0.4230769230769231,0.8269230769230769,0.21428571428571427,0.8571428571428571,0.0004
179,1.580095648765564,1.5420949459075928,0.2692307692307692,0.8269230769230769,0.21428571428571427,0.8571428571428571,0.0004
180,1.5625464916229248,1.543112874031067,0.3076923076923077,0.8269230769230769,0.21428571428571427,0.8571428571428571,0.0004
181,1.6369916200637817,1.5437097549438477,0.38461538461538464,0.8269230769230769,0.21428571428571427,0.8571428571428571,0.0004
182,1.5894869565963745,1.5444085597991943,0.36538461538461536,0.8269230769230769,0.21428571428571427,0.8571428571428571,0.0004
183,1.593881070613861,1.545069694519043,0.34615384615384615,0.8269230769230769,0.21428571428571427,0.8571428571428571,0.0004
184,1.5720742344856262,1.5453827381134033,0.4807692307692308,0.8269230769230769,0.21428571428571427,0.8571428571428571,0.0004
185,1.5529420971870422,1.5452152490615845,0.38461538461538464,0.8269230769230769,0.21428571428571427,0.8571428571428571,0.0004
186,1.5707169771194458,1.545100212097168,0.34615384615384615,0.8269230769230769,0.21428571428571427,0.8571428571428571,0.0004
187,1.5483346581459045,1.5447291135787964,0.40384615384615385,0.8269230769230769,0.21428571428571427,0.8571428571428571,0.0004
188,1.6024560928344727,1.544433355331421,0.3269230769230769,0.8269230769230769,0.21428571428571427,0.8571428571428571,0.0004
189,1.537752389907837,1.5439519882202148,0.36538461538461536,0.8269230769230769,0.21428571428571427,0.8571428571428571,0.0004
190,1.5691171288490295,1.5431721210479736,0.3076923076923077,0.8269230769230769,0.21428571428571427,0.8571428571428571,0.0004
191,1.600388526916504,1.5417237281799316,0.3269230769230769,0.8269230769230769,0.21428571428571427,0.8571428571428571,0.0004
192,1.5951805710792542,1.5407485961914062,0.3076923076923077,0.8269230769230769,0.21428571428571427,0.8571428571428571,0.0004
193,1.552995204925537,1.5397568941116333,0.36538461538461536,0.8269230769230769,0.21428571428571427,0.8571428571428571,0.0004
194,1.5736142992973328,1.538733959197998,0.3076923076923077,0.8269230769230769,0.21428571428571427,0.8571428571428571,0.0004
195,1.5986500978469849,1.5378245115280151,0.2692307692307692,0.8269230769230769,0.21428571428571427,0.8571428571428571,0.0004
196,1.588556170463562,1.537153959274292,0.2692307692307692,0.8269230769230769,0.21428571428571427,0.8571428571428571,0.0004
197,1.6084616780281067,1.5362910032272339,0.36538461538461536,0.8269230769230769,0.21428571428571427,0.8571428571428571,0.0004
198,1.5708047747612,1.5360110998153687,0.4230769230769231,0.8269230769230769,0.21428571428571427,0.8571428571428571,0.0004
199,1.6220991015434265,1.535634994506836,0.34615384615384615,0.8269230769230769,0.21428571428571427,0.8571428571428571,0.0004
200,1.5260071754455566,1.5354746580123901,0.28846153846153844,0.8269230769230769,0.21428571428571427,0.8571428571428571,0.0004
201,1.6395061016082764,1.535394310951233,0.28846153846153844,0.8269230769230769,0.21428571428571427,0.8571428571428571,0.0004
202,1.5685046315193176,1.5356497764587402,0.4423076923076923,0.8269230769230769,0.21428571428571427,0.8571428571428571,0.0004
203,1.5297712087631226,1.535637617111206,0.4230769230769231,0.8269230769230769,0.21428571428571427,0.8571428571428571,0.0004
204,1.536128044128418,1.5355547666549683,0.36538461538461536,0.8269230769230769,0.21428571428571427,0.8571428571428571,0.0004
205,1.5571109056472778,1.5352624654769897,0.34615384615384615,0.8269230769230769,0.21428571428571427,0.8571428571428571,0.0004
206,1.5998908281326294,1.5349464416503906,0.38461538461538464,0.8269230769230769,0.21428571428571427,0.8571428571428571,0.0004
207,1.60217946767807,1.5350632667541504,0.25,0.8269230769230769,0.21428571428571427,0.8571428571428571,0.0004
208,1.575749695301056,1.535233974456787,0.28846153846153844,0.8269230769230769,0.21428571428571427,0.8571428571428571,0.0004
209,1.5812216401100159,1.5352048873901367,0.38461538461538464,0.8269230769230769,0.21428571428571427,0.8571428571428571,0.0004
210,1.5786508917808533,1.5352623462677002,0.38461538461538464,0.8269230769230769,0.21428571428571427,0.8571428571428571,0.0004
211,1.589183747768402,1.5353713035583496,0.3076923076923077,0.8269230769230769,0.21428571428571427,0.8571428571428571,0.0004
212,1.5802572965621948,1.535882830619812,0.3076923076923077,0.8269230769230769,0.21428571428571427,0.8571428571428571,0.0004
213,1.5510861277580261,1.5365241765975952,0.28846153846153844,0.8269230769230769,0.21428571428571427,0.8571428571428571,0.0004
214,1.59160977602005,1.5367710590362549,0.38461538461538464,0.8269230769230769,0.21428571428571427,0.8571428571428571,0.0004
215,1.679534912109375,1.537350058555603,0.3269230769230769,0.8269230769230769,0.21428571428571427,0.8571428571428571,0.0004
216,1.5201771259307861,1.5380973815917969,0.5,0.8269230769230769,0.21428571428571427,0.8571428571428571,0.0004
217,1.600618839263916,1.5385229587554932,0.3269230769230769,0.8269230769230769,0.21428571428571427,0.8571428571428571,0.0004
218,1.532873511314392,1.5391504764556885,0.34615384615384615,0.8269230769230769,0.21428571428571427,0.8571428571428571,0.0004
219,1.6753523349761963,1.5399410724639893,0.25,0.8269230769230769,0.21428571428571427,0.8571428571428571,0.0004
220,1.5375032424926758,1.5406674146652222,0.38461538461538464,0.8269230769230769,0.21428571428571427,0.8571428571428571,0.0004
221,1.546483039855957,1.5409846305847168,0.3269230769230769,0.8269230769230769,0.21428571428571427,0.8571428571428571,0.0004
222,1.569224774837494,1.5410833358764648,0.3269230769230769,0.8269230769230769,0.21428571428571427,0.8571428571428571,0.0004
223,1.540675401687622,1.5407629013061523,0.3269230769230769,0.8269230769230769,0.21428571428571427,0.8571428571428571,0.0004
224,1.5424597263336182,1.5399078130722046,0.38461538461538464,0.8269230769230769,0.21428571428571427,0.8571428571428571,0.0004
225,1.569180428981781,1.538988709449768,0.25,0.8269230769230769,0.21428571428571427,0.8571428571428571,0.0004
226,1.5962318778038025,1.5380939245224,0.40384615384615385,0.8269230769230769,0.21428571428571427,0.8571428571428571,0.0004
227,1.599327564239502,1.5377230644226074,0.3269230769230769,0.8269230769230769,0.21428571428571427,0.8571428571428571,0.0004
228,1.5530136823654175,1.5373204946517944,0.4807692307692308,0.8269230769230769,0.21428571428571427,0.8571428571428571,0.0004
229,1.649227261543274,1.5372461080551147,0.3269230769230769,0.8269230769230769,0.21428571428571427,0.8571428571428571,0.0004
230,1.6492894887924194,1.537304162979126,0.28846153846153844,0.8269230769230769,0.21428571428571427,0.8571428571428571,0.0004
231,1.6193751692771912,1.5374394655227661,0.38461538461538464,0.8269230769230769,0.21428571428571427,0.8571428571428571,0.0004
232,1.5950186848640442,1.5380219221115112,0.4423076923076923,0.8269230769230769,0.21428571428571427,0.8571428571428571,0.0004
233,1.5765296816825867,1.538582444190979,0.3269230769230769,0.8269230769230769,0.21428571428571427,0.8571428571428571,0.0004
234,1.5773130655288696,1.5390170812606812,0.28846153846153844,0.8269230769230769,0.21428571428571427,0.8571428571428571,0.0004
235,1.5088814496994019,1.5388702154159546,0.40384615384615385,0.8269230769230769,0.21428571428571427,0.8571428571428571,0.0004
236,1.6086310148239136,1.538719892501831,0.28846153846153844,0.8269230769230769,0.21428571428571427,0.8571428571428571,0.0004
237,1.5987820625305176,1.5384912490844727,0.3269230769230769,0.8269230769230769,0.21428571428571427,0.8571428571428571,0.0004
238,1.5363431572914124,1.538072943687439,0.4230769230769231,0.8269230769230769,0.21428571428571427,0.8571428571428571,0.0004
239,1.599086344242096,1.5377485752105713,0.2692307692307692,0.8269230769230769,0.21428571428571427,0.8571428571428571,0.0004
240,1.5772289633750916,1.537581205368042,0.38461538461538464,0.8269230769230769,0.21428571428571427,0.8571428571428571,0.0004
241,1.5973128080368042,1.5374788045883179,0.40384615384615385,0.8269230769230769,0.21428571428571427,0.8571428571428571,0.0004
242,1.594179093837738,1.5375477075576782,0.4423076923076923,0.8269230769230769,0.21428571428571427,0.8571428571428571,0.0004
243,1.5457353591918945,1.5373756885528564,0.40384615384615385,0.8269230769230769,0.21428571428571427,0.8571428571428571,0.0004
244,1.6087301969528198,1.5369906425476074,0.4230769230769231,0.8269230769230769,0.21428571428571427,0.8571428571428571,0.0004
245,1.5474470257759094,1.5369477272033691,0.34615384615384615,0.8269230769230769,0.21428571428571427,0.8571428571428571,0.0004
246,1.6092143654823303,1.5365898609161377,0.38461538461538464,0.8269230769230769,0.21428571428571427,0.8571428571428571,0.0004
247,1.6437198519706726,1.5367186069488525,0.3269230769230769,0.8269230769230769,0.21428571428571427,0.8571428571428571,0.0004
248,1.6325029134750366,1.536864995956421,0.36538461538461536,0.8269230769230769,0.21428571428571427,0.8571428571428571,0.0004
249,1.5625519752502441,1.5374574661254883,0.4230769230769231,0.8269230769230769,0.21428571428571427,0.8571428571428571,0.0004
250,1.5689784288406372,1.5382843017578125,0.2692307692307692,0.8269230769230769,0.21428571428571427,0.8571428571428571,0.0004
251,1.5194739699363708,1.5387334823608398,0.3076923076923077,0.8269230769230769,0.21428571428571427,0.8571428571428571,0.0004
252,1.5852406024932861,1.5388364791870117,0.3269230769230769,0.8269230769230769,0.21428571428571427,0.8571428571428571,0.0004
253,1.550955891609192,1.5390350818634033,0.38461538461538464,0.8269230769230769,0.21428571428571427,0.8571428571428571,0.0004
254,1.5701487064361572,1.539003610610962,0.21153846153846154,0.8269230769230769,0.21428571428571427,0.8571428571428571,0.0004
255,1.5768694877624512,1.5389965772628784,0.38461538461538464,0.8269230769230769,0.21428571428571427,0.8571428571428571,0.0004
256,1.588084876537323,1.5391645431518555,0.4230769230769231,0.8269230769230769,0.21428571428571427,0.8571428571428571,0.0004
257,1.5668761730194092,1.5391550064086914,0.40384615384615385,0.8269230769230769,0.21428571428571427,0.8571428571428571,0.0004
258,1.5649768710136414,1.5389612913131714,0.36538461538461536,0.8269230769230769,0.21428571428571427,0.8571428571428571,0.0004
259,1.580848217010498,1.5387629270553589,0.4230769230769231,0.8269230769230769,0.21428571428571427,0.8571428571428571,0.0004
260,1.55240136384964,1.5384522676467896,0.38461538461538464,0.8269230769230769,0.21428571428571427,0.8571428571428571,0.0004
261,1.54519385099411,1.538276195526123,0.34615384615384615,0.8269230769230769,0.21428571428571427,0.8571428571428571,0.0004
262,1.6025850176811218,1.5378236770629883,0.2692307692307692,0.8269230769230769,0.21428571428571427,0.8571428571428571,0.0004
263,1.5611785054206848,1.5374212265014648,0.36538461538461536,0.8269230769230769,0.21428571428571427,0.8571428571428571,0.0004
264,1.5699949860572815,1.53717041015625,0.4230769230769231,0.8269230769230769,0.21428571428571427,0.8571428571428571,0.0004
265,1.5275563597679138,1.5370659828186035,0.3269230769230769,0.8269230769230769,0.21428571428571427,0.8571428571428571,0.0004
266,1.5607246160507202,1.5371432304382324,0.40384615384615385,0.8269230769230769,0.21428571428571427,0.8571428571428571,0.0004
267,1.5344975590705872,1.5367779731750488,0.36538461538461536,0.8269230769230769,0.21428571428571427,0.8571428571428571,0.0004
268,1.5591840744018555,1.5366204977035522,0.28846153846153844,0.8269230769230769,0.21428571428571427,0.8571428571428571,0.0004
269,1.597473680973053,1.536500334739685,0.36538461538461536,0.8269230769230769,0.21428571428571427,0.8571428571428571,0.0004
270,1.5563066601753235,1.5364313125610352,0.3269230769230769,0.8269230769230769,0.21428571428571427,0.8571428571428571,0.0004
271,1.548550009727478,1.5366134643554688,0.2692307692307692,0.8269230769230769,0.21428571428571427,0.8571428571428571,0.0004
272,1.5314011573791504,1.536614179611206,0.3269230769230769,0.8269230769230769,0.21428571428571427,0.8571428571428571,0.0004
273,1.6018202304840088,1.5365705490112305,0.3269230769230769,0.8269230769230769,0.21428571428571427,0.8571428571428571,0.0004
274,1.5527081489562988,1.5365155935287476,0.36538461538461536,0.8269230769230769,0.21428571428571427,0.8571428571428571,0.0004
275,1.602128028869629,1.5364601612091064,0.3076923076923077,0.8269230769230769,0.21428571428571427,0.8571428571428571,0.0004
276,1.5733445882797241,1.5364444255828857,0.4423076923076923,0.8269230769230769,0.21428571428571427,0.8571428571428571,0.0004
277,1.58920156955719,1.5361785888671875,0.38461538461538464,0.8269230769230769,0.21428571428571427,0.8571428571428571,0.0004
278,1.5725976824760437,1.5361040830612183,0.38461538461538464,0.8269230769230769,0.21428571428571427,0.8571428571428571,0.0004
279,1.5435143113136292,1.5363664627075195,0.34615384615384615,0.8269230769230769,0.21428571428571427,0.8571428571428571,0.0004
280,1.579776644706726,1.536734938621521,0.34615384615384615,0.8269230769230769,0.21428571428571427,0.8571428571428571,0.0004
281,1.5680719017982483,1.536818504333496,0.3269230769230769,0.8269230769230769,0.21428571428571427,0.8571428571428571,0.0004
282,1.5654683113098145,1.537052869796753,0.36538461538461536,0.8269230769230769,0.21428571428571427,0.8571428571428571,0.0004
283,1.5527430772781372,1.537448763847351,0.3076923076923077,0.8269230769230769,0.21428571428571427,0.8571428571428571,0.0004
284,1.599199891090393,1.5379866361618042,0.34615384615384615,0.8269230769230769,0.21428571428571427,0.8571428571428571,0.0004
285,1.6080150604248047,1.5388389825820923,0.28846153846153844,0.8269230769230769,0.21428571428571427,0.8571428571428571,0.0004
286,1.5712945461273193,1.5395985841751099,0.2692307692307692,0.8269230769230769,0.21428571428571427,0.8571428571428571,0.0004
287,1.5883352756500244,1.5403070449829102,0.34615384615384615,0.8269230769230769,0.21428571428571427,0.8571428571428571,0.0004
288,1.5786202549934387,1.5408422946929932,0.4423076923076923,0.8269230769230769,0.21428571428571427,0.8571428571428571,0.0004
289,1.5924839973449707,1.5412677526474,0.40384615384615385,0.8269230769230769,0.21428571428571427,0.8571428571428571,0.0004
290,1.554383635520935,1.5415704250335693,0.4230769230769231,0.8269230769230769,0.21428571428571427,0.8571428571428571,0.0004
291,1.6043261885643005,1.5417356491088867,0.25,0.8269230769230769,0.21428571428571427,0.8571428571428571,0.0004
292,1.599185049533844,1.5419094562530518,0.40384615384615385,0.8269230769230769,0.21428571428571427,0.8571428571428571,0.0004
293,1.5606346130371094,1.5419504642486572,0.28846153846153844,0.8269230769230769,0.21428571428571427,0.8571428571428571,0.0004
294,1.5536914467811584,1.5415188074111938,0.36538461538461536,0.8269230769230769,0.21428571428571427,0.8571428571428571,0.0004
295,1.625255286693573,1.5408114194869995,0.3269230769230769,0.8269230769230769,0.21428571428571427,0.8571428571428571,0.0004
296,1.5569064617156982,1.5401647090911865,0.34615384615384615,0.8269230769230769,0.21428571428571427,0.8571428571428571,0.0004
297,1.550449013710022,1.5393431186676025,0.40384615384615385,0.8269230769230769,0.21428571428571427,0.8571428571428571,0.0004
298,1.6341043710708618,1.5387059450149536,0.2692307692307692,0.8269230769230769,0.21428571428571427,0.8571428571428571,0.0004
299,1.5154019594192505,1.5380444526672363,0.4807692307692308,0.8269230769230769,0.21428571428571427,0.8571428571428571,0.0004
300,1.5735105276107788,1.537137746810913,0.38461538461538464,0.8269230769230769,0.21428571428571427,0.8571428571428571,0.0004
301,1.5484689474105835,1.5361754894256592,0.4423076923076923,0.8269230769230769,0.21428571428571427,0.8571428571428571,0.0004
302,1.5564768314361572,1.5351762771606445,0.4423076923076923,0.8269230769230769,0.21428571428571427,0.8571428571428571,0.0004
303,1.5629317164421082,1.5343804359436035,0.40384615384615385,0.8269230769230769,0.21428571428571427,0.8571428571428571,0.0004
304,1.550982117652893,1.5334365367889404,0.34615384615384615,0.8269230769230769,0.21428571428571427,0.8571428571428571,0.0004
305,1.5884576439857483,1.532651424407959,0.23076923076923078,0.8269230769230769,0.21428571428571427,0.8571428571428571,0.0004
306,1.5736349821090698,1.5319535732269287,0.28846153846153844,0.8269230769230769,0.21428571428571427,0.8571428571428571,0.0004
307,1.5095925331115723,1.5310299396514893,0.38461538461538464,0.8269230769230769,0.21428571428571427,0.8571428571428571,0.0004
308,1.6398651599884033,1.5305278301239014,0.2692307692307692,0.8269230769230769,0.21428571428571427,0.8571428571428571,0.0004
309,1.5343676805496216,1.5302364826202393,0.34615384615384615,0.8269230769230769,0.21428571428571427,0.8571428571428571,0.0004
310,1.4830695986747742,1.5296833515167236,0.5192307692307693,0.8269230769230769,0.21428571428571427,0.8571428571428571,0.0004
311,1.5371758937835693,1.5292925834655762,0.3269230769230769,0.8269230769230769,0.21428571428571427,0.8571428571428571,0.0004
312,1.6243680119514465,1.5292550325393677,0.40384615384615385,0.8269230769230769,0.21428571428571427,0.8571428571428571,0.0004
313,1.6156005263328552,1.5294500589370728,0.38461538461538464,0.8269230769230769,0.21428571428571427,0.8571428571428571,0.0004
314,1.5435584783554077,1.5297337770462036,0.34615384615384615,0.8269230769230769,0.21428571428571427,0.8571428571428571,0.0004
315,1.5462977290153503,1.5299842357635498,0.40384615384615385,0.8269230769230769,0.21428571428571427,0.8571428571428571,0.0004
316,1.6019182205200195,1.5302362442016602,0.21153846153846154,0.8269230769230769,0.21428571428571427,0.8571428571428571,0.0004
317,1.5801008343696594,1.5308178663253784,0.38461538461538464,0.8269230769230769,0.21428571428571427,0.8571428571428571,0.0004
318,1.574008584022522,1.5317786931991577,0.2692307692307692,0.8269230769230769,0.21428571428571427,0.8571428571428571,0.0004
319,1.5518710017204285,1.5323299169540405,0.4230769230769231,0.8269230769230769,0.21428571428571427,0.8571428571428571,0.0004
320,1.5430558919906616,1.5331358909606934,0.34615384615384615,0.8269230769230769,0.21428571428571427,0.8571428571428571,0.0004
321,1.6318200826644897,1.5340077877044678,0.3269230769230769,0.8269230769230769,0.21428571428571427,0.8571428571428571,0.0004
322,1.6007645726203918,1.5351667404174805,0.3269230769230769,0.8269230769230769,0.21428571428571427,0.8571428571428571,0.0004
323,1.5576969981193542,1.536584734916687,0.25,0.8269230769230769,0.21428571428571427,0.8571428571428571,0.0004
324,1.5983018279075623,1.537929892539978,0.38461538461538464,0.8269230769230769,0.21428571428571427,0.8571428571428571,0.0004
325,1.597328543663025,1.5390998125076294,0.34615384615384615,0.8269230769230769,0.21428571428571427,0.8571428571428571,0.0004
326,1.5266244411468506,1.5397684574127197,0.38461538461538464,0.8269230769230769,0.21428571428571427,0.8571428571428571,0.0004
327,1.663939893245697,1.5404045581817627,0.3269230769230769,0.8269230769230769,0.21428571428571427,0.8571428571428571,0.0004
328,1.5600787997245789,1.5415449142456055,0.40384615384615385,0.8269230769230769,0.21428571428571427,0.8571428571428571,0.0004
329,1.5595190525054932,1.5420993566513062,0.46153846153846156,0.8269230769230769,0.21428571428571427,0.8571428571428571,0.0004
330,1.6178473234176636,1.5422041416168213,0.46153846153846156,0.8269230769230769,0.21428571428571427,0.8571428571428571,0.0004
331,1.61715829372406,1.5423754453659058,0.3269230769230769,0.8269230769230769,0.21428571428571427,0.8571428571428571,0.0004
332,1.5666621923446655,1.5428791046142578,0.36538461538461536,0.8269230769230769,0.21428571428571427,0.8571428571428571,0.0004
333,1.5526881217956543,1.5430974960327148,0.40384615384615385,0.8269230769230769,0.21428571428571427,0.8571428571428571,0.0004
334,1.5826289057731628,1.5431227684020996,0.40384615384615385,0.8269230769230769,0.21428571428571427,0.8571428571428571,0.0004
335,1.5590856671333313,1.5429589748382568,0.3076923076923077,0.8269230769230769,0.21428571428571427,0.8571428571428571,0.0004
336,1.585085153579712,1.542608380317688,0.38461538461538464,0.8269230769230769,0.21428571428571427,0.8571428571428571,0.0004
337,1.6390732526779175,1.542901635169983,0.3269230769230769,0.8269230769230769,0.21428571428571427,0.8571428571428571,0.0004
338,1.5422797799110413,1.5431122779846191,0.46153846153846156,0.8269230769230769,0.21428571428571427,0.8571428571428571,0.0004
339,1.5769495964050293,1.5429353713989258,0.3076923076923077,0.8269230769230769,0.21428571428571427,0.8571428571428571,0.0004
340,1.5304222106933594,1.5425441265106201,0.36538461538461536,0.8269230769230769,0.21428571428571427,0.8571428571428571,0.0004
341,1.568465232849121,1.5420241355895996,0.40384615384615385,0.8269230769230769,0.21428571428571427,0.8571428571428571,0.0004
342,1.5819136500358582,1.5414462089538574,0.3076923076923077,0.8269230769230769,0.21428571428571427,0.8571428571428571,0.0004
343,1.545084297657013,1.5408408641815186,0.4230769230769231,0.8269230769230769,0.21428571428571427,0.8571428571428571,0.0004
344,1.6047179102897644,1.540140986442566,0.28846153846153844,0.8269230769230769,0.21428571428571427,0.8571428571428571,0.0004
345,1.548436462879181,1.5398160219192505,0.34615384615384615,0.8269230769230769,0.21428571428571427,0.8571428571428571,0.0004
346,1.5477973222732544,1.5392929315567017,0.36538461538461536,0.8269230769230769,0.21428571428571427,0.8571428571428571,0.0004
347,1.5649930834770203,1.53885817527771,0.28846153846153844,0.8269230769230769,0.21428571428571427,0.8571428571428571,0.0004
348,1.5478478074073792,1.538116693496704,0.28846153846153844,0.8269230769230769,0.21428571428571427,0.8571428571428571,0.0004
349,1.561951220035553,1.5375920534133911,0.36538461538461536,0.8269230769230769,0.21428571428571427,0.8571428571428571,0.0004
350,1.600718915462494,1.5374183654785156,0.34615384615384615,0.8269230769230769,0.21428571428571427,0.8571428571428571,0.0004
351,1.5779574513435364,1.5367199182510376,0.38461538461538464,0.8269230769230769,0.21428571428571427,0.8571428571428571,0.0004
352,1.5705329179763794,1.5364251136779785,0.3076923076923077,0.8269230769230769,0.21428571428571427,0.8571428571428571,0.0004
353,1.512036681175232,1.5363531112670898,0.4807692307692308,0.8269230769230769,0.21428571428571427,0.8571428571428571,0.0004
354,1.6037437319755554,1.536339521408081,0.36538461538461536,0.8269230769230769,0.21428571428571427,0.8571428571428571,0.0004
355,1.5446528792381287,1.5364439487457275,0.38461538461538464,0.8269230769230769,0.21428571428571427,0.8571428571428571,0.0004
356,1.5555862188339233,1.5364903211593628,0.36538461538461536,0.8269230769230769,0.21428571428571427,0.8571428571428571,0.0004
357,1.5727458000183105,1.5366390943527222,0.4230769230769231,0.8269230769230769,0.21428571428571427,0.8571428571428571,0.0004
358,1.5242440700531006,1.5370182991027832,0.40384615384615385,0.8269230769230769,0.21428571428571427,0.8571428571428571,0.0004
359,1.624180793762207,1.5374904870986938,0.46153846153846156,0.8269230769230769,0.21428571428571427,0.8571428571428571,0.0004
360,1.5745329856872559,1.538020372390747,0.3076923076923077,0.8269230769230769,0.21428571428571427,0.8571428571428571,0.0004
361,1.583023488521576,1.5384948253631592,0.4230769230769231,0.8269230769230769,0.21428571428571427,0.8571428571428571,0.0004
362,1.6987515687942505,1.5389584302902222,0.3076923076923077,0.8269230769230769,0.21428571428571427,0.8571428571428571,0.0004
363,1.5771782398223877,1.5398306846618652,0.4230769230769231,0.8269230769230769,0.21428571428571427,0.8571428571428571,0.0004
364,1.5630344152450562,1.5404679775238037,0.3269230769230769,0.8269230769230769,0.21428571428571427,0.8571428571428571,0.0004
365,1.516926884651184,1.541115164756775,0.34615384615384615,0.8269230769230769,0.21428571428571427,0.8571428571428571,0.0004
366,1.5724594593048096,1.5414652824401855,0.4230769230769231,0.8269230769230769,0.21428571428571427,0.8571428571428571,0.0004
367,1.5564368963241577,1.541582465171814,0.34615384615384615,0.8269230769230769,0.21428571428571427,0.8571428571428571,0.0004
368,1.6042110919952393,1.5414907932281494,0.3269230769230769,0.8269230769230769,0.21428571428571427,0.8571428571428571,0.0004
369,1.5659574270248413,1.541239857673645,0.3269230769230769,0.8269230769230769,0.21428571428571427,0.8571428571428571,0.0004
370,1.613327980041504,1.540993094444275,0.25,0.8269230769230769,0.21428571428571427,0.8571428571428571,0.0004
371,1.6374181509017944,1.541015386581421,0.3076923076923077,0.8269230769230769,0.21428571428571427,0.8571428571428571,0.0004
372,1.5972630977630615,1.5411620140075684,0.40384615384615385,0.8269230769230769,0.21428571428571427,0.8571428571428571,0.0004
373,1.5609833598136902,1.5415360927581787,0.36538461538461536,0.8269230769230769,0.21428571428571427,0.8571428571428571,0.0004
374,1.5478234887123108,1.5413951873779297,0.3076923076923077,0.8269230769230769,0.21428571428571427,0.8571428571428571,0.0004
375,1.5786988139152527,1.5405962467193604,0.40384615384615385,0.8269230769230769,0.21428571428571427,0.8571428571428571,0.0004
376,1.5561691522598267,1.5399280786514282,0.36538461538461536,0.8269230769230769,0.21428571428571427,0.8571428571428571,0.0004
377,1.5839321613311768,1.538939118385315,0.40384615384615385,0.8269230769230769,0.21428571428571427,0.8571428571428571,0.0004
378,1.570948302745819,1.5383131504058838,0.3269230769230769,0.8269230769230769,0.21428571428571427,0.8571428571428571,0.0004
379,1.574926495552063,1.5375845432281494,0.28846153846153844,0.8269230769230769,0.21428571428571427,0.8571428571428571,0.0004
380,1.5535155534744263,1.5367307662963867,0.40384615384615385,0.8269230769230769,0.21428571428571427,0.8571428571428571,0.0004
381,1.5963981747627258,1.5362991094589233,0.36538461538461536,0.8269230769230769,0.21428571428571427,0.8571428571428571,0.0004
382,1.5556690692901611,1.5360114574432373,0.3076923076923077,0.8269230769230769,0.21428571428571427,0.8571428571428571,0.0004
383,1.5625311136245728,1.5359015464782715,0.3076923076923077,0.8269230769230769,0.21428571428571427,0.8571428571428571,0.0004
384,1.6360692977905273,1.5356016159057617,0.34615384615384615,0.8269230769230769,0.21428571428571427,0.8571428571428571,0.0004
385,1.5936453938484192,1.5358294248580933,0.34615384615384615,0.8269230769230769,0.21428571428571427,0.8571428571428571,0.0004
386,1.5790606141090393,1.536012053489685,0.5,0.8269230769230769,0.21428571428571427,0.8571428571428571,0.0004
387,1.5913335084915161,1.5360653400421143,0.2692307692307692,0.8269230769230769,0.21428571428571427,0.8571428571428571,0.0004
388,1.5756652355194092,1.5366358757019043,0.25,0.8269230769230769,0.21428571428571427,0.8571428571428571,0.0004
389,1.564931035041809,1.5366230010986328,0.25,0.8269230769230769,0.21428571428571427,0.8571428571428571,0.0004
390,1.5421987175941467,1.536557912826538,0.34615384615384615,0.8269230769230769,0.21428571428571427,0.8571428571428571,0.0004
391,1.5335891842842102,1.5362255573272705,0.4230769230769231,0.8269230769230769,0.21428571428571427,0.8571428571428571,0.0004
392,1.5659655928611755,1.5362300872802734,0.38461538461538464,0.8269230769230769,0.21428571428571427,0.8571428571428571,0.0004
393,1.562811255455017,1.5360729694366455,0.3076923076923077,0.8269230769230769,0.21428571428571427,0.8571428571428571,0.0004
394,1.5794264674186707,1.5360114574432373,0.36538461538461536,0.8269230769230769,0.21428571428571427,0.8571428571428571,0.0004
395,1.5071712136268616,1.5361125469207764,0.40384615384615385,0.8269230769230769,0.21428571428571427,0.8571428571428571,0.0004
396,1.569731593132019,1.535793423652649,0.40384615384615385,0.8269230769230769,0.21428571428571427,0.8571428571428571,0.0004
397,1.5875976085662842,1.5360639095306396,0.36538461538461536,0.8269230769230769,0.21428571428571427,0.8571428571428571,0.0004
398,1.540731966495514,1.5363010168075562,0.36538461538461536,0.8269230769230769,0.21428571428571427,0.8571428571428571,0.0004
399,1.5827012658119202,1.5363560914993286,0.19230769230769232,0.8269230769230769,0.21428571428571427,0.8571428571428571,0.0004
400,1.576678991317749,1.5368375778198242,0.38461538461538464,0.8269230769230769,0.21428571428571427,0.8571428571428571,0.0004
401,1.5717853903770447,1.5370924472808838,0.34615384615384615,0.8269230769230769,0.21428571428571427,0.8571428571428571,0.0004
402,1.497951090335846,1.5369184017181396,0.36538461538461536,0.8269230769230769,0.21428571428571427,0.8571428571428571,0.0004
403,1.5725586414337158,1.5369575023651123,0.3269230769230769,0.8269230769230769,0.21428571428571427,0.8571428571428571,0.0004
404,1.5461443066596985,1.5371010303497314,0.36538461538461536,0.8269230769230769,0.21428571428571427,0.8571428571428571,0.0004
405,1.5505970120429993,1.5369898080825806,0.25,0.8269230769230769,0.21428571428571427,0.8571428571428571,0.0004
406,1.5777422189712524,1.5368635654449463,0.4423076923076923,0.8269230769230769,0.21428571428571427,0.8571428571428571,0.0004
407,1.5278748273849487,1.5369207859039307,0.36538461538461536,0.8269230769230769,0.21428571428571427,0.8571428571428571,0.0004
408,1.541045069694519,1.5367484092712402,0.3076923076923077,0.8269230769230769,0.21428571428571427,0.8571428571428571,0.0004
409,1.556530475616455,1.5364575386047363,0.4230769230769231,0.8269230769230769,0.21428571428571427,0.8571428571428571,0.0004
410,1.6318359375,1.5365147590637207,0.3269230769230769,0.8269230769230769,0.21428571428571427,0.8571428571428571,0.0004
411,1.5472068190574646,1.5363774299621582,0.36538461538461536,0.8269230769230769,0.21428571428571427,0.8571428571428571,0.0004
412,1.635047733783722,1.5361210107803345,0.38461538461538464,0.8269230769230769,0.21428571428571427,0.8571428571428571,0.0004
413,1.5322735905647278,1.5363078117370605,0.4230769230769231,0.8269230769230769,0.21428571428571427,0.8571428571428571,0.0004
414,1.595276951789856,1.5364435911178589,0.34615384615384615,0.8269230769230769,0.21428571428571427,0.8571428571428571,0.0004
415,1.567405641078949,1.5369763374328613,0.3076923076923077,0.8269230769230769,0.21428571428571427,0.8571428571428571,0.0004
416,1.557334840297699,1.5375300645828247,0.34615384615384615,0.8269230769230769,0.21428571428571427,0.8571428571428571,0.0004
417,1.5827662944793701,1.5381193161010742,0.38461538461538464,0.8269230769230769,0.21428571428571427,0.8571428571428571,0.0004
418,1.6034998893737793,1.5387932062149048,0.34615384615384615,0.8269230769230769,0.21428571428571427,0.8571428571428571,0.0004
419,1.5942420959472656,1.5394134521484375,0.38461538461538464,0.8269230769230769,0.21428571428571427,0.8571428571428571,0.0004
420,1.5977983474731445,1.540055513381958,0.36538461538461536,0.8269230769230769,0.21428571428571427,0.8571428571428571,0.0004
421,1.586974561214447,1.5409867763519287,0.28846153846153844,0.8269230769230769,0.21428571428571427,0.8571428571428571,0.0004
422,1.5335368514060974,1.5414650440216064,0.36538461538461536,0.8269230769230769,0.21428571428571427,0.8571428571428571,0.0004
423,1.586466908454895,1.5415736436843872,0.34615384615384615,0.8269230769230769,0.21428571428571427,0.8571428571428571,0.0004
424,1.5982537269592285,1.5415834188461304,0.34615384615384615,0.8269230769230769,0.21428571428571427,0.8571428571428571,0.0004
425,1.5849674940109253,1.541549563407898,0.3076923076923077,0.8269230769230769,0.21428571428571427,0.8571428571428571,0.0004
426,1.5759893655776978,1.5413870811462402,0.36538461538461536,0.8269230769230769,0.21428571428571427,0.8571428571428571,0.0004
427,1.5337509512901306,1.5406856536865234,0.40384615384615385,0.8269230769230769,0.21428571428571427,0.8571428571428571,0.0004
428,1.6355034112930298,1.5401746034622192,0.3076923076923077,0.8269230769230769,0.21428571428571427,0.8571428571428571,0.0004
429,1.535553216934204,1.5398410558700562,0.40384615384615385,0.8269230769230769,0.21428571428571427,0.8571428571428571,0.0004
430,1.5363539457321167,1.5395276546478271,0.3269230769230769,0.8269230769230769,0.21428571428571427,0.8571428571428571,0.0004
431,1.5483682751655579,1.538403868675232,0.3076923076923077,0.8269230769230769,0.21428571428571427,0.8571428571428571,0.0004
432,1.5420277118682861,1.537456750869751,0.40384615384615385,0.8269230769230769,0.21428571428571427,0.8571428571428571,0.0004
433,1.5749462246894836,1.5366638898849487,0.3076923076923077,0.8269230769230769,0.21428571428571427,0.8571428571428571,0.0004
434,1.54085111618042,1.5357019901275635,0.4230769230769231,0.8269230769230769,0.21428571428571427,0.8571428571428571,0.0004
435,1.5561748147010803,1.5350205898284912,0.38461538461538464,0.8269230769230769,0.21428571428571427,0.8571428571428571,0.0004
436,1.5512691140174866,1.5343828201293945,0.38461538461538464,0.8269230769230769,0.21428571428571427,0.8571428571428571,0.0004
437,1.6077054738998413,1.533844232559204,0.38461538461538464,0.8269230769230769,0.21428571428571427,0.8571428571428571,0.0004
438,1.5718738436698914,1.533576488494873,0.40384615384615385,0.8269230769230769,0.21428571428571427,0.8571428571428571,0.0004
439,1.621151626110077,1.5335168838500977,0.34615384615384615,0.8269230769230769,0.21428571428571427,0.8571428571428571,0.0004
440,1.5683963298797607,1.5337498188018799,0.3076923076923077,0.8269230769230769,0.21428571428571427,0.8571428571428571,0.0004
441,1.5292218327522278,1.5338011980056763,0.25,0.8269230769230769,0.21428571428571427,0.8571428571428571,0.0004
442,1.632598638534546,1.5339232683181763,0.3269230769230769,0.8269230769230769,0.21428571428571427,0.8571428571428571,0.0004
443,1.5593233704566956,1.5341359376907349,0.25,0.8269230769230769,0.21428571428571427,0.8571428571428571,0.0004
444,1.578230857849121,1.534166932106018,0.2692307692307692,0.8269230769230769,0.21428571428571427,0.8571428571428571,0.0004
445,1.5989229083061218,1.5341438055038452,0.3269230769230769,0.8269230769230769,0.21428571428571427,0.8571428571428571,0.0004
446,1.5509001016616821,1.5342552661895752,0.34615384615384615,0.8269230769230769,0.21428571428571427,0.8571428571428571,0.0004
447,1.5582140684127808,1.5342090129852295,0.28846153846153844,0.8269230769230769,0.21428571428571427,0.8571428571428571,0.0004
448,1.5249933004379272,1.5341172218322754,0.3076923076923077,0.8269230769230769,0.21428571428571427,0.8571428571428571,0.0004
449,1.5802372097969055,1.5340216159820557,0.36538461538461536,0.8269230769230769,0.21428571428571427,0.8571428571428571,0.0004
450,1.5841617584228516,1.5339374542236328,0.36538461538461536,0.8269230769230769,0.21428571428571427,0.8571428571428571,0.0004
451,1.5860525369644165,1.5339033603668213,0.25,0.8269230769230769,0.21428571428571427,0.8571428571428571,0.0004
452,1.5562471747398376,1.5340461730957031,0.36538461538461536,0.8269230769230769,0.21428571428571427,0.8571428571428571,0.0004
453,1.6127371191978455,1.5342224836349487,0.34615384615384615,0.8269230769230769,0.21428571428571427,0.8571428571428571,0.0004
454,1.5308913588523865,1.534383773803711,0.4807692307692308,0.8269230769230769,0.21428571428571427,0.8571428571428571,0.0004
455,1.5515873432159424,1.5345369577407837,0.4423076923076923,0.8269230769230769,0.21428571428571427,0.8571428571428571,0.0004
456,1.5429492592811584,1.5345255136489868,0.4230769230769231,0.8269230769230769,0.21428571428571427,0.8571428571428571,0.0004
457,1.6097475290298462,1.5345829725265503,0.40384615384615385,0.8269230769230769,0.21428571428571427,0.8571428571428571,0.0004
458,1.6128724813461304,1.5348349809646606,0.28846153846153844,0.8269230769230769,0.21428571428571427,0.8571428571428571,0.0004
459,1.6003305912017822,1.5349682569503784,0.36538461538461536,0.8269230769230769,0.21428571428571427,0.8571428571428571,0.0004
460,1.5920069813728333,1.5354292392730713,0.36538461538461536,0.8269230769230769,0.21428571428571427,0.8571428571428571,0.0004
461,1.6124500036239624,1.535711407661438,0.28846153846153844,0.8269230769230769,0.21428571428571427,0.8571428571428571,0.0004
462,1.57498300075531,1.5359702110290527,0.38461538461538464,0.8269230769230769,0.21428571428571427,0.8571428571428571,0.0004
463,1.5196788311004639,1.536179780960083,0.36538461538461536,0.8269230769230769,0.21428571428571427,0.8571428571428571,0.0004
464,1.5700159072875977,1.5359206199645996,0.3076923076923077,0.8269230769230769,0.21428571428571427,0.8571428571428571,0.0004
465,1.5227940082550049,1.5357518196105957,0.4230769230769231,0.8269230769230769,0.21428571428571427,0.8571428571428571,0.0004
466,1.5956749320030212,1.5355415344238281,0.3269230769230769,0.8269230769230769,0.21428571428571427,0.8571428571428571,0.0004
467,1.5497580766677856,1.5351313352584839,0.4230769230769231,0.8269230769230769,0.21428571428571427,0.8571428571428571,0.0004
468,1.5746492743492126,1.5349082946777344,0.36538461538461536,0.8269230769230769,0.21428571428571427,0.8571428571428571,0.0004
469,1.5690275430679321,1.5344728231430054,0.40384615384615385,0.8269230769230769,0.21428571428571427,0.8571428571428571,0.0004
470,1.543343961238861,1.5341203212738037,0.4230769230769231,0.8269230769230769,0.21428571428571427,0.8571428571428571,0.0004
471,1.5200705528259277,1.5336296558380127,0.38461538461538464,0.8269230769230769,0.21428571428571427,0.8571428571428571,0.0004
472,1.5842551589012146,1.5332787036895752,0.2692307692307692,0.8269230769230769,0.21428571428571427,0.8571428571428571,0.0004
473,1.5283257961273193,1.5331497192382812,0.38461538461538464,0.8269230769230769,0.21428571428571427,0.8571428571428571,0.0004
474,1.583630084991455,1.5329699516296387,0.3076923076923077,0.8269230769230769,0.21428571428571427,0.8571428571428571,0.0004
475,1.6213723421096802,1.5330593585968018,0.34615384615384615,0.8269230769230769,0.21428571428571427,0.8571428571428571,0.0004
476,1.5500428080558777,1.5330950021743774,0.34615384615384615,0.8269230769230769,0.21428571428571427,0.8571428571428571,0.0004
477,1.5370819568634033,1.533189058303833,0.3076923076923077,0.8269230769230769,0.21428571428571427,0.8571428571428571,0.0004
478,1.6014094352722168,1.533400297164917,0.36538461538461536,0.8269230769230769,0.21428571428571427,0.8571428571428571,0.0004
479,1.589907944202423,1.5334304571151733,0.25,0.8269230769230769,0.21428571428571427,0.8571428571428571,0.0004
480,1.5421499013900757,1.5335161685943604,0.36538461538461536,0.8269230769230769,0.21428571428571427,0.8571428571428571,0.0004
481,1.5695164203643799,1.5335252285003662,0.38461538461538464,0.8269230769230769,0.21428571428571427,0.8571428571428571,0.0004
482,1.53939551115036,1.533697485923767,0.36538461538461536,0.8269230769230769,0.21428571428571427,0.8571428571428571,0.0004
483,1.6003023386001587,1.5338819026947021,0.38461538461538464,0.8269230769230769,0.21428571428571427,0.8571428571428571,0.0004
484,1.552588939666748,1.5341670513153076,0.3076923076923077,0.8269230769230769,0.21428571428571427,0.8571428571428571,0.0004
485,1.5686020255088806,1.5343387126922607,0.3076923076923077,0.8269230769230769,0.21428571428571427,0.8571428571428571,0.0004
486,1.5606815218925476,1.534420371055603,0.46153846153846156,0.8269230769230769,0.21428571428571427,0.8571428571428571,0.0004
487,1.5242201685905457,1.534608244895935,0.40384615384615385,0.8269230769230769,0.21428571428571427,0.8571428571428571,0.0004
488,1.5703736543655396,1.5346055030822754,0.36538461538461536,0.8269230769230769,0.21428571428571427,0.8571428571428571,0.0004
489,1.5429846048355103,1.5349082946777344,0.4423076923076923,0.8269230769230769,0.21428571428571427,0.8571428571428571,0.0004
490,1.6016013622283936,1.5352228879928589,0.2692307692307692,0.8269230769230769,0.21428571428571427,0.8571428571428571,0.0004
491,1.5706921219825745,1.5354804992675781,0.38461538461538464,0.8269230769230769,0.21428571428571427,0.8571428571428571,0.0004
492,1.5480175614356995,1.5356779098510742,0.3076923076923077,0.8269230769230769,0.21428571428571427,0.8571428571428571,0.0004
493,1.5748814344406128,1.5360057353973389,0.38461538461538464,0.8269230769230769,0.21428571428571427,0.8571428571428571,0.0004
494,1.5812392234802246,1.5360546112060547,0.34615384615384615,0.8269230769230769,0.21428571428571427,0.8571428571428571,0.0004
495,1.620078682899475,1.5360994338989258,0.34615384615384615,0.8269230769230769,0.21428571428571427,0.8571428571428571,0.0004
496,1.5590901970863342,1.536163091659546,0.3076923076923077,0.8269230769230769,0.21428571428571427,0.8571428571428571,0.0004
497,1.5814247727394104,1.5361746549606323,0.4230769230769231,0.8269230769230769,0.21428571428571427,0.8571428571428571,0.0004
498,1.5871576070785522,1.536512851715088,0.3076923076923077,0.8269230769230769,0.21428571428571427,0.8571428571428571,0.0004
499,1.5897798538208008,1.536827802658081,0.36538461538461536,0.8269230769230769,0.21428571428571427,0.8571428571428571,0.0004
500,1.577929437160492,1.537521481513977,0.38461538461538464,0.8269230769230769,0.21428571428571427,0.8571428571428571,0.0004
501,1.548715054988861,1.5383416414260864,0.3076923076923077,0.8269230769230769,0.21428571428571427,0.8571428571428571,0.0004
502,1.548198938369751,1.5388227701187134,0.38461538461538464,0.8269230769230769,0.21428571428571427,0.8571428571428571,0.0004
503,1.5843620300292969,1.5395357608795166,0.34615384615384615,0.8269230769230769,0.21428571428571427,0.8571428571428571,0.0004
504,1.5446803569793701,1.540075421333313,0.3269230769230769,0.8269230769230769,0.21428571428571427,0.8571428571428571,0.0004
505,1.5833348631858826,1.540618896484375,0.34615384615384615,0.8269230769230769,0.21428571428571427,0.8571428571428571,0.0004
506,1.5667865872383118,1.5413423776626587,0.28846153846153844,0.8269230769230769,0.21428571428571427,0.8571428571428571,0.0004
507,1.5162339210510254,1.5416624546051025,0.36538461538461536,0.8269230769230769,0.21428571428571427,0.8571428571428571,0.0004
508,1.6044559478759766,1.5420303344726562,0.3076923076923077,0.8269230769230769,0.21428571428571427,0.8571428571428571,0.0004
509,1.6310462951660156,1.542513370513916,0.40384615384615385,0.8269230769230769,0.21428571428571427,0.8571428571428571,0.0004
510,1.5893117189407349,1.5433675050735474,0.3269230769230769,0.8269230769230769,0.21428571428571427,0.8571428571428571,0.0004
511,1.5788695812225342,1.5437417030334473,0.40384615384615385,0.8269230769230769,0.21428571428571427,0.8571428571428571,0.0004
512,1.553641676902771,1.5439330339431763,0.38461538461538464,0.8269230769230769,0.21428571428571427,0.8571428571428571,0.0004
513,1.5836885571479797,1.544203758239746,0.36538461538461536,0.8269230769230769,0.21428571428571427,0.8571428571428571,0.0004
514,1.52725088596344,1.5442678928375244,0.4230769230769231,0.8269230769230769,0.21428571428571427,0.8571428571428571,0.0004
515,1.5824020504951477,1.5440287590026855,0.36538461538461536,0.8269230769230769,0.21428571428571427,0.8571428571428571,0.0004
516,1.6145364046096802,1.543897271156311,0.34615384615384615,0.8269230769230769,0.21428571428571427,0.8571428571428571,0.0004
517,1.5825884938240051,1.543766736984253,0.4230769230769231,0.8269230769230769,0.21428571428571427,0.8571428571428571,0.0004
518,1.6295424103736877,1.5435290336608887,0.3269230769230769,0.8269230769230769,0.21428571428571427,0.8571428571428571,0.0004
519,1.5539005994796753,1.5435116291046143,0.3076923076923077,0.8269230769230769,0.21428571428571427,0.8571428571428571,0.0004
520,1.6002919673919678,1.5433858633041382,0.40384615384615385,0.8269230769230769,0.21428571428571427,0.8571428571428571,0.0004
521,1.5363714694976807,1.543065071105957,0.3269230769230769,0.8269230769230769,0.21428571428571427,0.8571428571428571,0.0004
522,1.585341215133667,1.5429840087890625,0.38461538461538464,0.8269230769230769,0.21428571428571427,0.8571428571428571,0.0004
523,1.5805244445800781,1.5427815914154053,0.36538461538461536,0.8269230769230769,0.21428571428571427,0.8571428571428571,0.0004
524,1.5981521010398865,1.5427731275558472,0.34615384615384615,0.8269230769230769,0.21428571428571427,0.8571428571428571,0.0004
525,1.6047502756118774,1.5426082611083984,0.4230769230769231,0.8269230769230769,0.21428571428571427,0.8571428571428571,0.0004
526,1.5889047384262085,1.5425519943237305,0.36538461538461536,0.8269230769230769,0.21428571428571427,0.8571428571428571,0.0004
527,1.5384824872016907,1.542244553565979,0.4230769230769231,0.8269230769230769,0.21428571428571427,0.8571428571428571,0.0004
528,1.5385002493858337,1.541693925857544,0.4423076923076923,0.8269230769230769,0.21428571428571427,0.8571428571428571,0.0004
529,1.5568958520889282,1.5411838293075562,0.38461538461538464,0.8269230769230769,0.21428571428571427,0.8571428571428571,0.0004
530,1.5636932849884033,1.540578842163086,0.4423076923076923,0.8269230769230769,0.21428571428571427,0.8571428571428571,0.0004
531,1.5675308108329773,1.540136694908142,0.34615384615384615,0.8269230769230769,0.21428571428571427,0.8571428571428571,0.0004
532,1.5761947631835938,1.5395567417144775,0.2692307692307692,0.8269230769230769,0.21428571428571427,0.8571428571428571,0.0004
533,1.5593609809875488,1.5393534898757935,0.2692307692307692,0.8269230769230769,0.21428571428571427,0.8571428571428571,0.0004
534,1.5166128277778625,1.5387530326843262,0.3269230769230769,0.8269230769230769,0.21428571428571427,0.8571428571428571,0.0004
535,1.5712600350379944,1.5381299257278442,0.34615384615384615,0.8269230769230769,0.21428571428571427,0.8571428571428571,0.0004
536,1.5297167897224426,1.537726879119873,0.3076923076923077,0.8269230769230769,0.21428571428571427,0.8571428571428571,0.0004
537,1.5771774053573608,1.5371702909469604,0.23076923076923078,0.8269230769230769,0.21428571428571427,0.8571428571428571,0.0004
538,1.5014078617095947,1.5367234945297241,0.3269230769230769,0.8269230769230769,0.21428571428571427,0.8571428571428571,0.0004
539,1.550988793373108,1.5361782312393188,0.4423076923076923,0.8269230769230769,0.21428571428571427,0.8571428571428571,0.0004
540,1.605621337890625,1.5357766151428223,0.36538461538461536,0.8269230769230769,0.21428571428571427,0.8571428571428571,0.0004
541,1.5722637176513672,1.535081148147583,0.40384615384615385,0.8269230769230769,0.21428571428571427,0.8571428571428571,0.0004
542,1.6424596905708313,1.534839391708374,0.38461538461538464,0.8269230769230769,0.21428571428571427,0.8571428571428571,0.0004
543,1.6118054389953613,1.534555435180664,0.36538461538461536,0.8269230769230769,0.21428571428571427,0.8571428571428571,0.0004
544,1.5445706844329834,1.5345401763916016,0.36538461538461536,0.8269230769230769,0.21428571428571427,0.8571428571428571,0.0004
545,1.5615345239639282,1.5343289375305176,0.3076923076923077,0.8269230769230769,0.21428571428571427,0.8571428571428571,0.0004
546,1.5725351572036743,1.534271001815796,0.46153846153846156,0.8269230769230769,0.21428571428571427,0.8571428571428571,0.0004
547,1.5856392979621887,1.534317135810852,0.4230769230769231,0.8269230769230769,0.21428571428571427,0.8571428571428571,0.0004
548,1.5823542475700378,1.5344523191452026,0.3269230769230769,0.8269230769230769,0.21428571428571427,0.8571428571428571,0.0004
549,1.6062094569206238,1.5346661806106567,0.36538461538461536,0.8269230769230769,0.21428571428571427,0.8571428571428571,0.0004
550,1.5966463088989258,1.5351231098175049,0.38461538461538464,0.8269230769230769,0.21428571428571427,0.8571428571428571,0.0004
551,1.5543049573898315,1.5357825756072998,0.4230769230769231,0.8269230769230769,0.21428571428571427,0.8571428571428571,0.0004
552,1.5925305485725403,1.536444902420044,0.34615384615384615,0.8269230769230769,0.21428571428571427,0.8571428571428571,0.0004
553,1.591203212738037,1.5368189811706543,0.38461538461538464,0.8269230769230769,0.21428571428571427,0.8571428571428571,0.0004
554,1.542238712310791,1.5374500751495361,0.4423076923076923,0.8269230769230769,0.21428571428571427,0.8571428571428571,0.0004
555,1.563129186630249,1.5377367734909058,0.38461538461538464,0.8269230769230769,0.21428571428571427,0.8571428571428571,0.0004
556,1.575114667415619,1.5377366542816162,0.34615384615384615,0.8269230769230769,0.21428571428571427,0.8571428571428571,0.0004
557,1.5741240978240967,1.5380100011825562,0.36538461538461536,0.8269230769230769,0.21428571428571427,0.8571428571428571,0.0004
558,1.5821526646614075,1.5377991199493408,0.3076923076923077,0.8269230769230769,0.21428571428571427,0.8571428571428571,0.0004
559,1.5391596555709839,1.5375990867614746,0.38461538461538464,0.8269230769230769,0.21428571428571427,0.8571428571428571,0.0004
560,1.5424972772598267,1.5369627475738525,0.36538461538461536,0.8269230769230769,0.21428571428571427,0.8571428571428571,0.0004
561,1.5433806777000427,1.5360639095306396,0.40384615384615385,0.8269230769230769,0.21428571428571427,0.8571428571428571,0.0004
562,1.58139169216156,1.5355278253555298,0.38461538461538464,0.8269230769230769,0.21428571428571427,0.8571428571428571,0.0004
563,1.5733153820037842,1.534846544265747,0.4423076923076923,0.8269230769230769,0.21428571428571427,0.8571428571428571,0.0004
564,1.5618963837623596,1.5344443321228027,0.38461538461538464,0.8269230769230769,0.21428571428571427,0.8571428571428571,0.0004
565,1.5613079071044922,1.5340216159820557,0.3269230769230769,0.8269230769230769,0.21428571428571427,0.8571428571428571,0.0004
566,1.5741537809371948,1.533649206161499,0.28846153846153844,0.8269230769230769,0.21428571428571427,0.8571428571428571,0.0004
567,1.5841545462608337,1.5336230993270874,0.36538461538461536,0.8269230769230769,0.21428571428571427,0.8571428571428571,0.0004
568,1.554967224597931,1.5336835384368896,0.34615384615384615,0.8269230769230769,0.21428571428571427,0.8571428571428571,0.0004
569,1.5349667072296143,1.5338281393051147,0.40384615384615385,0.8269230769230769,0.21428571428571427,0.8571428571428571,0.0004
570,1.5841294527053833,1.5336582660675049,0.34615384615384615,0.8269230769230769,0.21428571428571427,0.8571428571428571,0.0004
571,1.4872621893882751,1.5335426330566406,0.40384615384615385,0.8269230769230769,0.21428571428571427,0.8571428571428571,0.0004
572,1.5713427662849426,1.5331437587738037,0.28846153846153844,0.8269230769230769,0.21428571428571427,0.8571428571428571,0.0004
573,1.548437237739563,1.5331411361694336,0.40384615384615385,0.8269230769230769,0.21428571428571427,0.8571428571428571,0.0004
574,1.654119610786438,1.5330233573913574,0.23076923076923078,0.8269230769230769,0.21428571428571427,0.8571428571428571,0.0004
575,1.5855146050453186,1.5330307483673096,0.34615384615384615,0.8269230769230769,0.21428571428571427,0.8571428571428571,0.0004
576,1.5895495414733887,1.5334396362304688,0.38461538461538464,0.8269230769230769,0.21428571428571427,0.8571428571428571,0.0004
577,1.555495262145996,1.5333375930786133,0.36538461538461536,0.8269230769230769,0.21428571428571427,0.8571428571428571,0.0004
578,1.623386263847351,1.5334067344665527,0.25,0.8269230769230769,0.21428571428571427,0.8571428571428571,0.0004
579,1.600093126296997,1.5338369607925415,0.34615384615384615,0.8269230769230769,0.21428571428571427,0.8571428571428571,0.0004
580,1.5911253690719604,1.5342403650283813,0.3269230769230769,0.8269230769230769,0.21428571428571427,0.8571428571428571,0.0004
581,1.5777157545089722,1.5344431400299072,0.36538461538461536,0.8269230769230769,0.21428571428571427,0.8571428571428571,0.0004
582,1.6138991713523865,1.5346300601959229,0.36538461538461536,0.8269230769230769,0.21428571428571427,0.8571428571428571,0.0004
583,1.572576880455017,1.5351309776306152,0.3269230769230769,0.8269230769230769,0.21428571428571427,0.8571428571428571,0.0004
584,1.5684210062026978,1.5353699922561646,0.3076923076923077,0.8269230769230769,0.21428571428571427,0.8571428571428571,0.0004
585,1.5641688704490662,1.535860538482666,0.36538461538461536,0.8269230769230769,0.21428571428571427,0.8571428571428571,0.0004
586,1.520087480545044,1.536047101020813,0.40384615384615385,0.8269230769230769,0.21428571428571427,0.8571428571428571,0.0004
587,1.5099420547485352,1.5359028577804565,0.36538461538461536,0.8269230769230769,0.21428571428571427,0.8571428571428571,0.0004
588,1.5571144819259644,1.5355865955352783,0.36538461538461536,0.8269230769230769,0.21428571428571427,0.8571428571428571,0.0004
589,1.5435471534729004,1.535195231437683,0.38461538461538464,0.8269230769230769,0.21428571428571427,0.8571428571428571,0.0004
590,1.641012966632843,1.5344810485839844,0.34615384615384615,0.8269230769230769,0.21428571428571427,0.8571428571428571,0.0004
591,1.571838617324829,1.534499168395996,0.36538461538461536,0.8269230769230769,0.21428571428571427,0.8571428571428571,0.0004
592,1.5709580183029175,1.534350872039795,0.3076923076923077,0.8269230769230769,0.21428571428571427,0.8571428571428571,0.0004
593,1.5914311408996582,1.533847451210022,0.36538461538461536,0.8269230769230769,0.21428571428571427,0.8571428571428571,0.0004
594,1.5612505674362183,1.5337152481079102,0.28846153846153844,0.8269230769230769,0.21428571428571427,0.8571428571428571,0.0004
595,1.5640121102333069,1.5330630540847778,0.38461538461538464,0.8269230769230769,0.21428571428571427,0.8571428571428571,0.0004
596,1.550948441028595,1.5326697826385498,0.34615384615384615,0.8269230769230769,0.21428571428571427,0.8571428571428571,0.0004
597,1.5888155698776245,1.532382845878601,0.38461538461538464,0.8269230769230769,0.21428571428571427,0.8571428571428571,0.0004
598,1.6310628056526184,1.532144546508789,0.3269230769230769,0.8269230769230769,0.21428571428571427,0.8571428571428571,0.0004
599,1.5284894704818726,1.5320762395858765,0.34615384615384615,0.8269230769230769,0.21428571428571427,0.8571428571428571,0.0004
600,1.56857568025589,1.5316274166107178,0.4423076923076923,0.8269230769230769,0.21428571428571427,0.8571428571428571,0.0004
601,1.5401406288146973,1.5315784215927124,0.38461538461538464,0.8269230769230769,0.21428571428571427,0.8571428571428571,0.0004
602,1.5461928844451904,1.5314483642578125,0.34615384615384615,0.8269230769230769,0.21428571428571427,0.8571428571428571,0.0004
603,1.5844454169273376,1.531325340270996,0.4807692307692308,0.8269230769230769,0.21428571428571427,0.8571428571428571,0.0004
604,1.5824154615402222,1.5312650203704834,0.34615384615384615,0.8269230769230769,0.21428571428571427,0.8571428571428571,0.0004
605,1.577294409275055,1.5312776565551758,0.40384615384615385,0.8269230769230769,0.21428571428571427,0.8571428571428571,0.0004
606,1.5367159247398376,1.5313713550567627,0.28846153846153844,0.8269230769230769,0.21428571428571427,0.8571428571428571,0.0004
607,1.5995128154754639,1.5312379598617554,0.3076923076923077,0.8269230769230769,0.21428571428571427,0.8571428571428571,0.0004
608,1.5808647274971008,1.5314507484436035,0.3269230769230769,0.8269230769230769,0.21428571428571427,0.8571428571428571,0.0004
609,1.5724296569824219,1.5314645767211914,0.3076923076923077,0.8269230769230769,0.21428571428571427,0.8571428571428571,0.0004
610,1.5718345642089844,1.5317587852478027,0.25,0.8269230769230769,0.21428571428571427,0.8571428571428571,0.0004
611,1.5137051343917847,1.5318036079406738,0.3269230769230769,0.8269230769230769,0.21428571428571427,0.8571428571428571,0.0004
612,1.5819608569145203,1.5321241617202759,0.38461538461538464,0.8269230769230769,0.21428571428571427,0.8571428571428571,0.0004
613,1.6078824400901794,1.5320464372634888,0.28846153846153844,0.8269230769230769,0.21428571428571427,0.8571428571428571,0.0004
614,1.5684705972671509,1.532317042350769,0.38461538461538464,0.8269230769230769,0.21428571428571427,0.8571428571428571,0.0004
615,1.5845597982406616,1.532539963722229,0.3269230769230769,0.8269230769230769,0.21428571428571427,0.8571428571428571,0.0004
616,1.5156404972076416,1.5325524806976318,0.28846153846153844,0.8269230769230769,0.21428571428571427,0.8571428571428571,0.0004
617,1.5298997163772583,1.532806634902954,0.4230769230769231,0.8269230769230769,0.21428571428571427,0.8571428571428571,0.0004
618,1.567836582660675,1.5328660011291504,0.3269230769230769,0.8269230769230769,0.21428571428571427,0.8571428571428571,0.0004
619,1.5363361239433289,1.5329487323760986,0.3269230769230769,0.8269230769230769,0.21428571428571427,0.8571428571428571,0.0004
620,1.5362480878829956,1.5326917171478271,0.36538461538461536,0.8269230769230769,0.21428571428571427,0.8571428571428571,0.0004
621,1.5495508313179016,1.5324375629425049,0.38461538461538464,0.8269230769230769,0.21428571428571427,0.8571428571428571,0.0004
622,1.6053262948989868,1.532304286956787,0.2692307692307692,0.8269230769230769,0.21428571428571427,0.8571428571428571,0.0004
623,1.569864809513092,1.5322229862213135,0.4230769230769231,0.8269230769230769,0.21428571428571427,0.8571428571428571,0.0004
624,1.5473979711532593,1.5321779251098633,0.36538461538461536,0.8269230769230769,0.21428571428571427,0.8571428571428571,0.0004
625,1.5272462368011475,1.5320072174072266,0.3269230769230769,0.8269230769230769,0.21428571428571427,0.8571428571428571,0.0004
626,1.5334752798080444,1.531765341758728,0.3269230769230769,0.8269230769230769,0.21428571428571427,0.8571428571428571,0.0004
627,1.50054931640625,1.5319359302520752,0.28846153846153844,0.8269230769230769,0.21428571428571427,0.8571428571428571,0.0004
628,1.5583032369613647,1.531436800956726,0.38461538461538464,0.8269230769230769,0.21428571428571427,0.8571428571428571,0.0004
629,1.6287933588027954,1.5313817262649536,0.40384615384615385,0.8269230769230769,0.21428571428571427,0.8571428571428571,0.0004
630,1.5270049571990967,1.5317299365997314,0.34615384615384615,0.8269230769230769,0.21428571428571427,0.8571428571428571,0.0004
631,1.5266746878623962,1.5318065881729126,0.34615384615384615,0.8269230769230769,0.21428571428571427,0.8571428571428571,0.0004
632,1.6063300967216492,1.5319924354553223,0.36538461538461536,0.8269230769230769,0.21428571428571427,0.8571428571428571,0.0004
633,1.6077958345413208,1.5323573350906372,0.2692307692307692,0.8269230769230769,0.21428571428571427,0.8571428571428571,0.0004
634,1.5686265230178833,1.5326426029205322,0.38461538461538464,0.8269230769230769,0.21428571428571427,0.8571428571428571,0.0004
635,1.564438283443451,1.533090353012085,0.34615384615384615,0.8269230769230769,0.21428571428571427,0.8571428571428571,0.0004
636,1.5949970483779907,1.5332674980163574,0.36538461538461536,0.8269230769230769,0.21428571428571427,0.8571428571428571,0.0004
637,1.5660662651062012,1.5335965156555176,0.3269230769230769,0.8269230769230769,0.21428571428571427,0.8571428571428571,0.0004
638,1.6055911183357239,1.5343844890594482,0.28846153846153844,0.8269230769230769,0.21428571428571427,0.8571428571428571,0.0004
639,1.577614188194275,1.5344160795211792,0.38461538461538464,0.8269230769230769,0.21428571428571427,0.8571428571428571,0.0004
640,1.570567786693573,1.535205364227295,0.28846153846153844,0.8269230769230769,0.21428571428571427,0.8571428571428571,0.0004
641,1.5915544033050537,1.5352001190185547,0.28846153846153844,0.8269230769230769,0.21428571428571427,0.8571428571428571,0.0004
642,1.5666894316673279,1.5358600616455078,0.28846153846153844,0.8269230769230769,0.21428571428571427,0.8571428571428571,0.0004
643,1.5766404867172241,1.536313772201538,0.34615384615384615,0.8269230769230769,0.21428571428571427,0.8571428571428571,0.0004
644,1.547079086303711,1.5373852252960205,0.36538461538461536,0.8269230769230769,0.21428571428571427,0.8571428571428571,0.0004
645,1.5831961035728455,1.5382708311080933,0.38461538461538464,0.8269230769230769,0.21428571428571427,0.8571428571428571,0.0004
646,1.5731176733970642,1.5388890504837036,0.36538461538461536,0.8269230769230769,0.21428571428571427,0.8571428571428571,0.0004
647,1.584028720855713,1.5393915176391602,0.34615384615384615,0.8269230769230769,0.21428571428571427,0.8571428571428571,0.0004
648,1.5869223475456238,1.5398303270339966,0.36538461538461536,0.8269230769230769,0.21428571428571427,0.8571428571428571,0.0004
649,1.5511292815208435,1.5404651165008545,0.38461538461538464,0.8269230769230769,0.21428571428571427,0.8571428571428571,0.0004
650,1.5485401153564453,1.5407649278640747,0.36538461538461536,0.8269230769230769,0.21428571428571427,0.8571428571428571,0.0004
651,1.5481300950050354,1.5409085750579834,0.3269230769230769,0.8269230769230769,0.21428571428571427,0.8571428571428571,0.0004
652,1.6103517413139343,1.5410351753234863,0.36538461538461536,0.8269230769230769,0.21428571428571427,0.8571428571428571,0.0004
653,1.5678977370262146,1.5411310195922852,0.38461538461538464,0.8269230769230769,0.21428571428571427,0.8571428571428571,0.0004
654,1.5533698797225952,1.5408210754394531,0.36538461538461536,0.8269230769230769,0.21428571428571427,0.8571428571428571,0.0004
655,1.5088016986846924,1.5405131578445435,0.34615384615384615,0.8269230769230769,0.21428571428571427,0.8571428571428571,0.0004
656,1.5807019472122192,1.540141224861145,0.34615384615384615,0.8269230769230769,0.21428571428571427,0.8571428571428571,0.0004
657,1.5608655214309692,1.5397313833236694,0.34615384615384615,0.8269230769230769,0.21428571428571427,0.8571428571428571,0.0004
658,1.548967957496643,1.5391547679901123,0.36538461538461536,0.8269230769230769,0.21428571428571427,0.8571428571428571,0.0004
659,1.6084734201431274,1.5391161441802979,0.4230769230769231,0.8269230769230769,0.21428571428571427,0.8571428571428571,0.0004
660,1.5794642567634583,1.5387661457061768,0.3269230769230769,0.8269230769230769,0.21428571428571427,0.8571428571428571,0.0004
661,1.5773730278015137,1.5386512279510498,0.38461538461538464,0.8269230769230769,0.21428571428571427,0.8571428571428571,0.0004
662,1.601966917514801,1.5385189056396484,0.3269230769230769,0.8269230769230769,0.21428571428571427,0.8571428571428571,0.0004
663,1.539799451828003,1.5383338928222656,0.38461538461538464,0.8269230769230769,0.21428571428571427,0.8571428571428571,0.0004
664,1.571291983127594,1.5383566617965698,0.36538461538461536,0.8269230769230769,0.21428571428571427,0.8571428571428571,0.0004
665,1.5960009098052979,1.538343906402588,0.34615384615384615,0.8269230769230769,0.21428571428571427,0.8571428571428571,0.0004
666,1.5582649111747742,1.5385785102844238,0.3269230769230769,0.8269230769230769,0.21428571428571427,0.8571428571428571,0.0004
667,1.5960424542427063,1.5386488437652588,0.34615384615384615,0.8269230769230769,0.21428571428571427,0.8571428571428571,0.0004
668,1.548563838005066,1.5388747453689575,0.36538461538461536,0.8269230769230769,0.21428571428571427,0.8571428571428571,0.0004
669,1.5561999678611755,1.5388081073760986,0.38461538461538464,0.8269230769230769,0.21428571428571427,0.8571428571428571,0.0004
670,1.5626146793365479,1.5389091968536377,0.38461538461538464,0.8269230769230769,0.21428571428571427,0.8571428571428571,0.0004
671,1.5536742210388184,1.538813829421997,0.34615384615384615,0.8269230769230769,0.21428571428571427,0.8571428571428571,0.0004
672,1.503645896911621,1.538645625114441,0.34615384615384615,0.8269230769230769,0.21428571428571427,0.8571428571428571,0.0004
673,1.5880104899406433,1.5381646156311035,0.34615384615384615,0.8269230769230769,0.21428571428571427,0.8571428571428571,0.0004
674,1.5788001418113708,1.538485050201416,0.34615384615384615,0.8269230769230769,0.21428571428571427,0.8571428571428571,0.0004
675,1.5451539158821106,1.5383775234222412,0.34615384615384615,0.8269230769230769,0.21428571428571427,0.8571428571428571,0.0004
676,1.5983809232711792,1.538201093673706,0.3076923076923077,0.8269230769230769,0.21428571428571427,0.8571428571428571,0.0004
677,1.5527876615524292,1.538306713104248,0.40384615384615385,0.8269230769230769,0.21428571428571427,0.8571428571428571,0.0004
678,1.5517213344573975,1.537830114364624,0.38461538461538464,0.8269230769230769,0.21428571428571427,0.8571428571428571,0.0004
679,1.58548504114151,1.5375523567199707,0.28846153846153844,0.8269230769230769,0.21428571428571427,0.8571428571428571,0.0004
680,1.525709867477417,1.5375136137008667,0.38461538461538464,0.8269230769230769,0.21428571428571427,0.8571428571428571,0.0004
681,1.5510618686676025,1.537452220916748,0.36538461538461536,0.8269230769230769,0.21428571428571427,0.8571428571428571,0.0004
682,1.5623798966407776,1.537426233291626,0.3076923076923077,0.8269230769230769,0.21428571428571427,0.8571428571428571,0.0004
683,1.5758552551269531,1.5372743606567383,0.38461538461538464,0.8269230769230769,0.21428571428571427,0.8571428571428571,0.0004
684,1.5623268485069275,1.5373165607452393,0.38461538461538464,0.8269230769230769,0.21428571428571427,0.8571428571428571,0.0004
685,1.5558024048805237,1.53749680519104,0.3269230769230769,0.8269230769230769,0.21428571428571427,0.8571428571428571,0.0004
686,1.5724600553512573,1.5376826524734497,0.3269230769230769,0.8269230769230769,0.21428571428571427,0.8571428571428571,0.0004
687,1.6100359559059143,1.5375897884368896,0.3269230769230769,0.8269230769230769,0.21428571428571427,0.8571428571428571,0.0004
688,1.550545573234558,1.5375380516052246,0.40384615384615385,0.8269230769230769,0.21428571428571427,0.8571428571428571,0.0004
689,1.616382122039795,1.5374195575714111,0.3269230769230769,0.8269230769230769,0.21428571428571427,0.8571428571428571,0.0004
690,1.5314382910728455,1.5376217365264893,0.38461538461538464,0.8269230769230769,0.21428571428571427,0.8571428571428571,0.0004
691,1.597834587097168,1.5377049446105957,0.34615384615384615,0.8269230769230769,0.21428571428571427,0.8571428571428571,0.0004
692,1.5791124105453491,1.5377883911132812,0.40384615384615385,0.8269230769230769,0.21428571428571427,0.8571428571428571,0.0004
693,1.5736902952194214,1.5378888845443726,0.36538461538461536,0.8269230769230769,0.21428571428571427,0.8571428571428571,0.0004
694,1.4994716048240662,1.5376322269439697,0.36538461538461536,0.8269230769230769,0.21428571428571427,0.8571428571428571,0.0004
695,1.607231616973877,1.5377535820007324,0.40384615384615385,0.8269230769230769,0.21428571428571427,0.8571428571428571,0.0004
696,1.5515759587287903,1.537819504737854,0.36538461538461536,0.8269230769230769,0.21428571428571427,0.8571428571428571,0.0004
697,1.578228235244751,1.5379149913787842,0.36538461538461536,0.8269230769230769,0.21428571428571427,0.8571428571428571,0.0004
698,1.5447540283203125,1.5377402305603027,0.38461538461538464,0.8269230769230769,0.21428571428571427,0.8571428571428571,0.0004
699,1.5853036642074585,1.5377204418182373,0.36538461538461536,0.8269230769230769,0.21428571428571427,0.8571428571428571,0.0004
700,1.562060534954071,1.5375902652740479,0.34615384615384615,0.8269230769230769,0.21428571428571427,0.8571428571428571,0.0004
701,1.607386291027069,1.5376495122909546,0.36538461538461536,0.8269230769230769,0.21428571428571427,0.8571428571428571,0.0004
702,1.5645235776901245,1.5375068187713623,0.36538461538461536,0.8269230769230769,0.21428571428571427,0.8571428571428571,0.0004
703,1.553099513053894,1.5374748706817627,0.38461538461538464,0.8269230769230769,0.21428571428571427,0.8571428571428571,0.0004
704,1.563609778881073,1.5374248027801514,0.3269230769230769,0.8269230769230769,0.21428571428571427,0.8571428571428571,0.0004
705,1.5400121808052063,1.536878228187561,0.34615384615384615,0.8269230769230769,0.21428571428571427,0.8571428571428571,0.0004
706,1.6092727184295654,1.536644458770752,0.38461538461538464,0.8269230769230769,0.21428571428571427,0.8571428571428571,0.0004
707,1.5805636644363403,1.5370882749557495,0.36538461538461536,0.8269230769230769,0.21428571428571427,0.8571428571428571,0.0004
708,1.5151185393333435,1.5368139743804932,0.36538461538461536,0.8269230769230769,0.21428571428571427,0.8571428571428571,0.0004
709,1.5668977499008179,1.5364470481872559,0.4230769230769231,0.8269230769230769,0.21428571428571427,0.8571428571428571,0.0004
710,1.5820680856704712,1.536524772644043,0.40384615384615385,0.8269230769230769,0.21428571428571427,0.8571428571428571,0.0004
711,1.5177595019340515,1.5363744497299194,0.38461538461538464,0.8269230769230769,0.21428571428571427,0.8571428571428571,0.0004
712,1.5454617142677307,1.5364058017730713,0.34615384615384615,0.8269230769230769,0.21428571428571427,0.8571428571428571,0.0004
713,1.5411388874053955,1.5362019538879395,0.28846153846153844,0.8269230769230769,0.21428571428571427,0.8571428571428571,0.0004
714,1.581627607345581,1.535905361175537,0.34615384615384615,0.8269230769230769,0.21428571428571427,0.8571428571428571,0.0004
715,1.522329568862915,1.5356858968734741,0.34615384615384615,0.8269230769230769,0.21428571428571427,0.8571428571428571,0.0004
716,1.5609930753707886,1.5353723764419556,0.36538461538461536,0.8269230769230769,0.21428571428571427,0.8571428571428571,0.0004
717,1.538479208946228,1.5349290370941162,0.40384615384615385,0.8269230769230769,0.21428571428571427,0.8571428571428571,0.0004
718,1.599515438079834,1.5348281860351562,0.38461538461538464,0.8269230769230769,0.21428571428571427,0.8571428571428571,0.0004
719,1.5149450302124023,1.5346421003341675,0.34615384615384615,0.8269230769230769,0.21428571428571427,0.8571428571428571,0.0004
720,1.5817493200302124,1.534597635269165,0.38461538461538464,0.8269230769230769,0.21428571428571427,0.8571428571428571,0.0004
721,1.5759363770484924,1.5346683263778687,0.3076923076923077,0.8269230769230769,0.21428571428571427,0.8571428571428571,0.0004
722,1.5989370942115784,1.5350680351257324,0.38461538461538464,0.8269230769230769,0.21428571428571427,0.8571428571428571,0.0004
723,1.63674658536911,1.5352437496185303,0.3269230769230769,0.8269230769230769,0.21428571428571427,0.8571428571428571,0.0004
724,1.568116843700409,1.5355195999145508,0.34615384615384615,0.8269230769230769,0.21428571428571427,0.8571428571428571,0.0004
725,1.5884295105934143,1.5359843969345093,0.36538461538461536,0.8269230769230769,0.21428571428571427,0.8571428571428571,0.0004
726,1.573962390422821,1.536414384841919,0.34615384615384615,0.8269230769230769,0.21428571428571427,0.8571428571428571,0.0004
727,1.5535098910331726,1.5365173816680908,0.36538461538461536,0.8269230769230769,0.21428571428571427,0.8571428571428571,0.0004
728,1.6064818501472473,1.536668300628662,0.36538461538461536,0.8269230769230769,0.21428571428571427,0.8571428571428571,0.0004
729,1.5324386358261108,1.5373563766479492,0.34615384615384615,0.8269230769230769,0.21428571428571427,0.8571428571428571,0.0004
730,1.6345496773719788,1.5378332138061523,0.36538461538461536,0.8269230769230769,0.21428571428571427,0.8571428571428571,0.0004
731,1.552204430103302,1.538222312927246,0.36538461538461536,0.8269230769230769,0.21428571428571427,0.8571428571428571,0.0004
732,1.5739349722862244,1.5385738611221313,0.34615384615384615,0.8269230769230769,0.21428571428571427,0.8571428571428571,0.0004
733,1.5812352895736694,1.5389690399169922,0.36538461538461536,0.8269230769230769,0.21428571428571427,0.8571428571428571,0.0004
734,1.5833364725112915,1.5393316745758057,0.40384615384615385,0.8269230769230769,0.21428571428571427,0.8571428571428571,0.0004
735,1.5918405055999756,1.539463758468628,0.38461538461538464,0.8269230769230769,0.21428571428571427,0.8571428571428571,0.0004
736,1.5635716915130615,1.5401463508605957,0.36538461538461536,0.8269230769230769,0.21428571428571427,0.8571428571428571,0.0004
737,1.58247309923172,1.5404000282287598,0.4230769230769231,0.8269230769230769,0.21428571428571427,0.8571428571428571,0.0004
738,1.5924459099769592,1.54109787940979,0.3269230769230769,0.8269230769230769,0.21428571428571427,0.8571428571428571,0.0004
739,1.6001409888267517,1.5410761833190918,0.36538461538461536,0.8269230769230769,0.21428571428571427,0.8571428571428571,0.0004
740,1.5843660831451416,1.541547417640686,0.38461538461538464,0.8269230769230769,0.21428571428571427,0.8571428571428571,0.0004
741,1.5830174684524536,1.5420688390731812,0.36538461538461536,0.8269230769230769,0.21428571428571427,0.8571428571428571,0.0004
742,1.580267310142517,1.541748046875,0.4423076923076923,0.8269230769230769,0.21428571428571427,0.8571428571428571,0.0004
743,1.5530579090118408,1.5423431396484375,0.4230769230769231,0.8269230769230769,0.21428571428571427,0.8571428571428571,0.0004
744,1.5521920919418335,1.542296290397644,0.36538461538461536,0.8269230769230769,0.21428571428571427,0.8571428571428571,0.0004
745,1.614348292350769,1.5424507856369019,0.34615384615384615,0.8269230769230769,0.21428571428571427,0.8571428571428571,0.0004
746,1.5663050413131714,1.5423580408096313,0.36538461538461536,0.8269230769230769,0.21428571428571427,0.8571428571428571,0.0004
747,1.5627162456512451,1.542199730873108,0.40384615384615385,0.8269230769230769,0.21428571428571427,0.8571428571428571,0.0004
748,1.5332836508750916,1.5418702363967896,0.40384615384615385,0.8269230769230769,0.21428571428571427,0.8571428571428571,0.0004
749,1.591849446296692,1.5412038564682007,0.3076923076923077,0.8269230769230769,0.21428571428571427,0.8571428571428571,0.0004
750,1.5706743001937866,1.5406614542007446,0.34615384615384615,0.8269230769230769,0.21428571428571427,0.8571428571428571,0.0004
751,1.5638748407363892,1.540264368057251,0.38461538461538464,0.8269230769230769,0.21428571428571427,0.8571428571428571,0.0004
752,1.5744543671607971,1.5396634340286255,0.3269230769230769,0.8269230769230769,0.21428571428571427,0.8571428571428571,0.0004
753,1.600092351436615,1.539243459701538,0.36538461538461536,0.8269230769230769,0.21428571428571427,0.8571428571428571,0.0004
754,1.5822372436523438,1.5385332107543945,0.3076923076923077,0.8269230769230769,0.21428571428571427,0.8571428571428571,0.0004
755,1.585135042667389,1.538191318511963,0.3076923076923077,0.8269230769230769,0.21428571428571427,0.8571428571428571,0.0004
756,1.5364625453948975,1.5378937721252441,0.36538461538461536,0.8269230769230769,0.21428571428571427,0.8571428571428571,0.0004
757,1.5652685165405273,1.5376447439193726,0.36538461538461536,0.8269230769230769,0.21428571428571427,0.8571428571428571,0.0004
758,1.5675023794174194,1.537065029144287,0.4423076923076923,0.8269230769230769,0.21428571428571427,0.8571428571428571,0.0004
759,1.5946589708328247,1.5369094610214233,0.38461538461538464,0.8269230769230769,0.21428571428571427,0.8571428571428571,0.0004
760,1.557671308517456,1.5363024473190308,0.28846153846153844,0.8269230769230769,0.21428571428571427,0.8571428571428571,0.0004
761,1.5934497714042664,1.5361711978912354,0.40384615384615385,0.8269230769230769,0.21428571428571427,0.8571428571428571,0.0004
762,1.5738697052001953,1.5359970331192017,0.36538461538461536,0.8269230769230769,0.21428571428571427,0.8571428571428571,0.0004
763,1.5337882041931152,1.5355454683303833,0.40384615384615385,0.8269230769230769,0.21428571428571427,0.8571428571428571,0.0004
764,1.54409259557724,1.535346269607544,0.36538461538461536,0.8269230769230769,0.21428571428571427,0.8571428571428571,0.0004
765,1.5343538522720337,1.5355138778686523,0.4807692307692308,0.8269230769230769,0.21428571428571427,0.8571428571428571,0.0004
766,1.5806185007095337,1.5353782176971436,0.28846153846153844,0.8269230769230769,0.21428571428571427,0.8571428571428571,0.0004
767,1.5589434504508972,1.5354869365692139,0.36538461538461536,0.8269230769230769,0.21428571428571427,0.8571428571428571,0.0004
768,1.5783936977386475,1.535505771636963,0.36538461538461536,0.8269230769230769,0.21428571428571427,0.8571428571428571,0.0004
769,1.5462313890457153,1.5351406335830688,0.4230769230769231,0.8269230769230769,0.21428571428571427,0.8571428571428571,0.0004
770,1.5372157096862793,1.5352084636688232,0.34615384615384615,0.8269230769230769,0.21428571428571427,0.8571428571428571,0.0004
771,1.5803251266479492,1.5350738763809204,0.40384615384615385,0.8269230769230769,0.21428571428571427,0.8571428571428571,0.0004
772,1.502090334892273,1.534693717956543,0.3076923076923077,0.8269230769230769,0.21428571428571427,0.8571428571428571,0.0004
773,1.525381326675415,1.5342130661010742,0.36538461538461536,0.8269230769230769,0.21428571428571427,0.8571428571428571,0.0004
774,1.5402743816375732,1.5339648723602295,0.3269230769230769,0.8269230769230769,0.21428571428571427,0.8571428571428571,0.0004
775,1.5844602584838867,1.5336565971374512,0.34615384615384615,0.8269230769230769,0.21428571428571427,0.8571428571428571,0.0004
776,1.582175850868225,1.5335345268249512,0.4230769230769231,0.8269230769230769,0.21428571428571427,0.8571428571428571,0.0004
777,1.6237260103225708,1.53302001953125,0.38461538461538464,0.8269230769230769,0.21428571428571427,0.8571428571428571,0.0004
778,1.6379348635673523,1.5329498052597046,0.3269230769230769,0.8269230769230769,0.21428571428571427,0.8571428571428571,0.0004
779,1.5510419607162476,1.5333373546600342,0.36538461538461536,0.8269230769230769,0.21428571428571427,0.8571428571428571,0.0004
780,1.5791271924972534,1.5328927040100098,0.25,0.8269230769230769,0.21428571428571427,0.8571428571428571,0.0004
781,1.604214072227478,1.5332908630371094,0.34615384615384615,0.8269230769230769,0.21428571428571427,0.8571428571428571,0.0004
782,1.538385808467865,1.533351182937622,0.36538461538461536,0.8269230769230769,0.21428571428571427,0.8571428571428571,0.0004
783,1.5529853701591492,1.5337355136871338,0.34615384615384615,0.8269230769230769,0.21428571428571427,0.8571428571428571,0.0004
784,1.5520119071006775,1.5338870286941528,0.46153846153846156,0.8269230769230769,0.21428571428571427,0.8571428571428571,0.0004
785,1.559155285358429,1.5338897705078125,0.40384615384615385,0.8269230769230769,0.21428571428571427,0.8571428571428571,0.0004
786,1.5657134056091309,1.5341383218765259,0.2692307692307692,0.8269230769230769,0.21428571428571427,0.8571428571428571,0.0004
787,1.5074918270111084,1.5342004299163818,0.4230769230769231,0.8269230769230769,0.21428571428571427,0.8571428571428571,0.0004
788,1.540931761264801,1.5339664220809937,0.38461538461538464,0.8269230769230769,0.21428571428571427,0.8571428571428571,0.0004
789,1.5745187401771545,1.5335662364959717,0.36538461538461536,0.8269230769230769,0.21428571428571427,0.8571428571428571,0.0004
790,1.561923325061798,1.5335577726364136,0.3076923076923077,0.8269230769230769,0.21428571428571427,0.8571428571428571,0.0004
791,1.5571607947349548,1.5340193510055542,0.3076923076923077,0.8269230769230769,0.21428571428571427,0.8571428571428571,0.0004
792,1.5436672568321228,1.5337693691253662,0.40384615384615385,0.8269230769230769,0.21428571428571427,0.8571428571428571,0.0004
793,1.5739470720291138,1.5337352752685547,0.4230769230769231,0.8269230769230769,0.21428571428571427,0.8571428571428571,0.0004
794,1.55780690908432,1.5342142581939697,0.3269230769230769,0.8269230769230769,0.21428571428571427,0.8571428571428571,0.0004
795,1.5531929731369019,1.5340338945388794,0.38461538461538464,0.8269230769230769,0.21428571428571427,0.8571428571428571,0.0004
796,1.5772110223770142,1.533806324005127,0.38461538461538464,0.8269230769230769,0.21428571428571427,0.8571428571428571,0.0004
797,1.5971667170524597,1.5336127281188965,0.3076923076923077,0.8269230769230769,0.21428571428571427,0.8571428571428571,0.0004
798,1.6180036664009094,1.533505916595459,0.3076923076923077,0.8269230769230769,0.21428571428571427,0.8571428571428571,0.0004
799,1.5684186816215515,1.533606767654419,0.3076923076923077,0.8269230769230769,0.21428571428571427,0.8571428571428571,0.0004
800,1.5616300106048584,1.5339211225509644,0.4230769230769231,0.8269230769230769,0.21428571428571427,0.8571428571428571,0.0004
801,1.5279647707939148,1.5339629650115967,0.4230769230769231,0.8269230769230769,0.21428571428571427,0.8571428571428571,0.0004
802,1.5489641427993774,1.5337063074111938,0.36538461538461536,0.8269230769230769,0.21428571428571427,0.8571428571428571,0.0004
803,1.547306776046753,1.5332735776901245,0.4423076923076923,0.8269230769230769,0.21428571428571427,0.8571428571428571,0.0004
804,1.541333556175232,1.5330114364624023,0.28846153846153844,0.8269230769230769,0.21428571428571427,0.8571428571428571,0.0004
805,1.5544690489768982,1.5329310894012451,0.4230769230769231,0.8269230769230769,0.21428571428571427,0.8571428571428571,0.0004
806,1.600308358669281,1.532956838607788,0.3269230769230769,0.8269230769230769,0.21428571428571427,0.8571428571428571,0.0004
807,1.544266700744629,1.5330595970153809,0.38461538461538464,0.8269230769230769,0.21428571428571427,0.8571428571428571,0.0004
808,1.5569212436676025,1.5325994491577148,0.40384615384615385,0.8269230769230769,0.21428571428571427,0.8571428571428571,0.0004
809,1.5230494737625122,1.5327434539794922,0.38461538461538464,0.8269230769230769,0.21428571428571427,0.8571428571428571,0.0004
810,1.5677290558815002,1.5326728820800781,0.38461538461538464,0.8269230769230769,0.21428571428571427,0.8571428571428571,0.0004
811,1.5719927549362183,1.5324887037277222,0.36538461538461536,0.8269230769230769,0.21428571428571427,0.8571428571428571,0.0004
812,1.5657283663749695,1.532430648803711,0.34615384615384615,0.8269230769230769,0.21428571428571427,0.8571428571428571,0.0004
813,1.6528528928756714,1.532585620880127,0.34615384615384615,0.8269230769230769,0.21428571428571427,0.8571428571428571,0.0004
814,1.5431042313575745,1.533289909362793,0.4230769230769231,0.8269230769230769,0.21428571428571427,0.8571428571428571,0.0004
815,1.5306005477905273,1.5330475568771362,0.4230769230769231,0.8269230769230769,0.21428571428571427,0.8571428571428571,0.0004
816,1.5046337842941284,1.5332566499710083,0.28846153846153844,0.8269230769230769,0.21428571428571427,0.8571428571428571,0.0004
817,1.5516893863677979,1.5330874919891357,0.28846153846153844,0.8269230769230769,0.21428571428571427,0.8571428571428571,0.0004
818,1.5397331714630127,1.5325078964233398,0.38461538461538464,0.8269230769230769,0.21428571428571427,0.8571428571428571,0.0004
819,1.5812361240386963,1.5326975584030151,0.34615384615384615,0.8269230769230769,0.21428571428571427,0.8571428571428571,0.0004
820,1.6060593128204346,1.5329132080078125,0.38461538461538464,0.8269230769230769,0.21428571428571427,0.8571428571428571,0.0004
821,1.5474091172218323,1.5326124429702759,0.40384615384615385,0.8269230769230769,0.21428571428571427,0.8571428571428571,0.0004
822,1.574777901172638,1.5328798294067383,0.34615384615384615,0.8269230769230769,0.21428571428571427,0.8571428571428571,0.0004
823,1.502739667892456,1.5328956842422485,0.3076923076923077,0.8269230769230769,0.21428571428571427,0.8571428571428571,0.0004
824,1.5576953291893005,1.5324729681015015,0.36538461538461536,0.8269230769230769,0.21428571428571427,0.8571428571428571,0.0004
825,1.5838254690170288,1.5326416492462158,0.36538461538461536,0.8269230769230769,0.21428571428571427,0.8571428571428571,0.0004
826,1.5342581272125244,1.5323326587677002,0.40384615384615385,0.8269230769230769,0.21428571428571427,0.8571428571428571,0.0004
827,1.5395152568817139,1.5326530933380127,0.3269230769230769,0.8269230769230769,0.21428571428571427,0.8571428571428571,0.0004
828,1.5938186645507812,1.5326842069625854,0.3269230769230769,0.8269230769230769,0.21428571428571427,0.8571428571428571,0.0004
829,1.6072291135787964,1.5331823825836182,0.38461538461538464,0.8269230769230769,0.21428571428571427,0.8571428571428571,0.0004
830,1.5455464124679565,1.5331792831420898,0.4230769230769231,0.8269230769230769,0.21428571428571427,0.8571428571428571,0.0004
831,1.5139710307121277,1.533206582069397,0.40384615384615385,0.8269230769230769,0.21428571428571427,0.8571428571428571,0.0004
832,1.5594285726547241,1.5331027507781982,0.34615384615384615,0.8269230769230769,0.21428571428571427,0.8571428571428571,0.0004
833,1.5918976068496704,1.5333688259124756,0.28846153846153844,0.8269230769230769,0.21428571428571427,0.8571428571428571,0.0004
834,1.5793826580047607,1.5338791608810425,0.40384615384615385,0.8269230769230769,0.21428571428571427,0.8571428571428571,0.0004
835,1.5533141493797302,1.5339839458465576,0.28846153846153844,0.8269230769230769,0.21428571428571427,0.8571428571428571,0.0004
836,1.5912667512893677,1.5346251726150513,0.34615384615384615,0.8269230769230769,0.21428571428571427,0.8571428571428571,0.0004
837,1.572180449962616,1.5349863767623901,0.3269230769230769,0.8269230769230769,0.21428571428571427,0.8571428571428571,0.0004
838,1.5587369799613953,1.5352797508239746,0.3269230769230769,0.8269230769230769,0.21428571428571427,0.8571428571428571,0.0004
839,1.5493512153625488,1.53606379032135,0.3076923076923077,0.8269230769230769,0.21428571428571427,0.8571428571428571,0.0004
840,1.5379434823989868,1.5360163450241089,0.38461538461538464,0.8269230769230769,0.21428571428571427,0.8571428571428571,0.0004
841,1.6030362844467163,1.535794973373413,0.34615384615384615,0.8269230769230769,0.21428571428571427,0.8571428571428571,0.0004
842,1.5694542527198792,1.5361236333847046,0.34615384615384615,0.8269230769230769,0.21428571428571427,0.8571428571428571,0.0004
843,1.5781497955322266,1.536156415939331,0.3269230769230769,0.8269230769230769,0.21428571428571427,0.8571428571428571,0.0004
844,1.5450806617736816,1.5363028049468994,0.38461538461538464,0.8269230769230769,0.21428571428571427,0.8571428571428571,0.0004
845,1.54905104637146,1.536273717880249,0.36538461538461536,0.8269230769230769,0.21428571428571427,0.8571428571428571,0.0004
846,1.5631449818611145,1.5363271236419678,0.40384615384615385,0.8269230769230769,0.21428571428571427,0.8571428571428571,0.0004
847,1.54526025056839,1.536408543586731,0.34615384615384615,0.8269230769230769,0.21428571428571427,0.8571428571428571,0.0004
848,1.5633140802383423,1.5362108945846558,0.4423076923076923,0.8269230769230769,0.21428571428571427,0.8571428571428571,0.0004
849,1.6154630780220032,1.5363034009933472,0.40384615384615385,0.8269230769230769,0.21428571428571427,0.8571428571428571,0.0004
850,1.5469619631767273,1.5360627174377441,0.40384615384615385,0.8269230769230769,0.21428571428571427,0.8571428571428571,0.0004
851,1.588296353816986,1.5362651348114014,0.34615384615384615,0.8269230769230769,0.21428571428571427,0.8571428571428571,0.0004
852,1.6245344877243042,1.5366183519363403,0.36538461538461536,0.8269230769230769,0.21428571428571427,0.8571428571428571,0.0004
853,1.581827461719513,1.5370815992355347,0.40384615384615385,0.8269230769230769,0.21428571428571427,0.8571428571428571,0.0004
854,1.5693087577819824,1.5374705791473389,0.36538461538461536,0.8269230769230769,0.21428571428571427,0.8571428571428571,0.0004
855,1.566777229309082,1.5376039743423462,0.40384615384615385,0.8269230769230769,0.21428571428571427,0.8571428571428571,0.0004
856,1.5560418367385864,1.5378806591033936,0.38461538461538464,0.8269230769230769,0.21428571428571427,0.8571428571428571,0.0004
857,1.6276798248291016,1.538435459136963,0.38461538461538464,0.8269230769230769,0.21428571428571427,0.8571428571428571,0.0004
858,1.6398397088050842,1.538792371749878,0.3269230769230769,0.8269230769230769,0.21428571428571427,0.8571428571428571,0.0004
859,1.570911705493927,1.5395745038986206,0.36538461538461536,0.8269230769230769,0.21428571428571427,0.8571428571428571,0.0004
860,1.550694763660431,1.5400625467300415,0.34615384615384615,0.8269230769230769,0.21428571428571427,0.8571428571428571,0.0004
861,1.5724772810935974,1.5404595136642456,0.3076923076923077,0.8269230769230769,0.21428571428571427,0.8571428571428571,0.0004
862,1.557974398136139,1.541019082069397,0.36538461538461536,0.8269230769230769,0.21428571428571427,0.8571428571428571,0.0004
863,1.5193806886672974,1.5409703254699707,0.3269230769230769,0.8269230769230769,0.21428571428571427,0.8571428571428571,0.0004
864,1.5422385334968567,1.5408886671066284,0.38461538461538464,0.8269230769230769,0.21428571428571427,0.8571428571428571,0.0004
865,1.604972004890442,1.540794849395752,0.38461538461538464,0.8269230769230769,0.21428571428571427,0.8571428571428571,0.0004
866,1.6263890266418457,1.5408244132995605,0.36538461538461536,0.8269230769230769,0.21428571428571427,0.8571428571428571,0.0004
867,1.5489059686660767,1.5407845973968506,0.3269230769230769,0.8269230769230769,0.21428571428571427,0.8571428571428571,0.0004
868,1.5423530340194702,1.5410078763961792,0.38461538461538464,0.8269230769230769,0.21428571428571427,0.8571428571428571,0.0004
869,1.5343103408813477,1.5409295558929443,0.40384615384615385,0.8269230769230769,0.21428571428571427,0.8571428571428571,0.0004
870,1.5451650023460388,1.5407681465148926,0.36538461538461536,0.8269230769230769,0.21428571428571427,0.8571428571428571,0.0004
871,1.566584825515747,1.5401132106781006,0.38461538461538464,0.8269230769230769,0.21428571428571427,0.8571428571428571,0.0004
872,1.5720674395561218,1.5404841899871826,0.3269230769230769,0.8269230769230769,0.21428571428571427,0.8571428571428571,0.0004
873,1.5401745438575745,1.5402522087097168,0.34615384615384615,0.8269230769230769,0.21428571428571427,0.8571428571428571,0.0004
874,1.5858747959136963,1.540116310119629,0.36538461538461536,0.8269230769230769,0.21428571428571427,0.8571428571428571,0.0004
875,1.5752623081207275,1.5401437282562256,0.38461538461538464,0.8269230769230769,0.21428571428571427,0.8571428571428571,0.0004
876,1.577513873577118,1.5402259826660156,0.3269230769230769,0.8269230769230769,0.21428571428571427,0.8571428571428571,0.0004
877,1.5997729897499084,1.5392918586730957,0.40384615384615385,0.8269230769230769,0.21428571428571427,0.8571428571428571,0.0004
878,1.5225238800048828,1.5401438474655151,0.3269230769230769,0.8269230769230769,0.21428571428571427,0.8571428571428571,0.0004
879,1.534252941608429,1.540097713470459,0.36538461538461536,0.8269230769230769,0.21428571428571427,0.8571428571428571,0.0004
880,1.549960970878601,1.5400865077972412,0.34615384615384615,0.8269230769230769,0.21428571428571427,0.8571428571428571,0.0004
881,1.5622101426124573,1.5396301746368408,0.36538461538461536,0.8269230769230769,0.21428571428571427,0.8571428571428571,0.0004
882,1.581113338470459,1.539705514907837,0.38461538461538464,0.8269230769230769,0.21428571428571427,0.8571428571428571,0.0004
883,1.539899468421936,1.5395313501358032,0.38461538461538464,0.8269230769230769,0.21428571428571427,0.8571428571428571,0.0004
884,1.4978604316711426,1.5393269062042236,0.34615384615384615,0.8269230769230769,0.21428571428571427,0.8571428571428571,0.0004
885,1.5491913557052612,1.5385804176330566,0.36538461538461536,0.8269230769230769,0.21428571428571427,0.8571428571428571,0.0004
886,1.5679893493652344,1.5384926795959473,0.34615384615384615,0.8269230769230769,0.21428571428571427,0.8571428571428571,0.0004
887,1.5689713954925537,1.5385046005249023,0.36538461538461536,0.8269230769230769,0.21428571428571427,0.8571428571428571,0.0004
888,1.5529768466949463,1.5384771823883057,0.36538461538461536,0.8269230769230769,0.21428571428571427,0.8571428571428571,0.0004
889,1.5542834401130676,1.5379688739776611,0.34615384615384615,0.8269230769230769,0.21428571428571427,0.8571428571428571,0.0004
890,1.554802119731903,1.53793203830719,0.38461538461538464,0.8269230769230769,0.21428571428571427,0.8571428571428571,0.0004
891,1.6040213704109192,1.5378508567810059,0.34615384615384615,0.8269230769230769,0.21428571428571427,0.8571428571428571,0.0004
892,1.6054140329360962,1.5376873016357422,0.3269230769230769,0.8269230769230769,0.21428571428571427,0.8571428571428571,0.0004
893,1.6055588722229004,1.5383375883102417,0.36538461538461536,0.8269230769230769,0.21428571428571427,0.8571428571428571,0.0004
894,1.5634711980819702,1.538337230682373,0.36538461538461536,0.8269230769230769,0.21428571428571427,0.8571428571428571,0.0004
895,1.5607909560203552,1.5387492179870605,0.34615384615384615,0.8269230769230769,0.21428571428571427,0.8571428571428571,0.0004
896,1.5374648571014404,1.538905143737793,0.36538461538461536,0.8269230769230769,0.21428571428571427,0.8571428571428571,0.0004
897,1.533286690711975,1.5388214588165283,0.36538461538461536,0.8269230769230769,0.21428571428571427,0.8571428571428571,0.0004
898,1.5440166592597961,1.5389924049377441,0.36538461538461536,0.8269230769230769,0.21428571428571427,0.8571428571428571,0.0004
899,1.5275856256484985,1.539005160331726,0.38461538461538464,0.8269230769230769,0.21428571428571427,0.8571428571428571,0.0004
900,1.5587913990020752,1.5386663675308228,0.3076923076923077,0.8269230769230769,0.21428571428571427,0.8571428571428571,0.0004
901,1.5792683362960815,1.5387835502624512,0.36538461538461536,0.8269230769230769,0.21428571428571427,0.8571428571428571,0.0004
902,1.5625935196876526,1.538720726966858,0.34615384615384615,0.8269230769230769,0.21428571428571427,0.8571428571428571,0.0004
903,1.5251485109329224,1.5389431715011597,0.38461538461538464,0.8269230769230769,0.21428571428571427,0.8571428571428571,0.0004
904,1.5892183780670166,1.5390009880065918,0.34615384615384615,0.8269230769230769,0.21428571428571427,0.8571428571428571,0.0004
905,1.607801079750061,1.5388383865356445,0.38461538461538464,0.8269230769230769,0.21428571428571427,0.8571428571428571,0.0004
906,1.5988009572029114,1.5393905639648438,0.3269230769230769,0.8269230769230769,0.21428571428571427,0.8571428571428571,0.0004
907,1.5498942136764526,1.5394624471664429,0.38461538461538464,0.8269230769230769,0.21428571428571427,0.8571428571428571,0.0004
908,1.5752203464508057,1.5400949716567993,0.36538461538461536,0.8269230769230769,0.21428571428571427,0.8571428571428571,0.0004
909,1.5774566531181335,1.5402181148529053,0.38461538461538464,0.8269230769230769,0.21428571428571427,0.8571428571428571,0.0004
910,1.6050758361816406,1.5402562618255615,0.3269230769230769,0.8269230769230769,0.21428571428571427,0.8571428571428571,0.0004
911,1.584377408027649,1.5408267974853516,0.34615384615384615,0.8269230769230769,0.21428571428571427,0.8571428571428571,0.0004
912,1.583816111087799,1.5409626960754395,0.36538461538461536,0.8269230769230769,0.21428571428571427,0.8571428571428571,0.0004
913,1.5858176946640015,1.5413224697113037,0.38461538461538464,0.8269230769230769,0.21428571428571427,0.8571428571428571,0.0004
914,1.5107298493385315,1.5416252613067627,0.4230769230769231,0.8269230769230769,0.21428571428571427,0.8571428571428571,0.0004
915,1.5244168639183044,1.5415349006652832,0.34615384615384615,0.8269230769230769,0.21428571428571427,0.8571428571428571,0.0004
916,1.5488278269767761,1.5406339168548584,0.36538461538461536,0.8269230769230769,0.21428571428571427,0.8571428571428571,0.0004
917,1.6073575615882874,1.5400381088256836,0.34615384615384615,0.8269230769230769,0.21428571428571427,0.8571428571428571,0.0004
918,1.6023279428482056,1.5399080514907837,0.36538461538461536,0.8269230769230769,0.21428571428571427,0.8571428571428571,0.0004
919,1.5556176900863647,1.5396220684051514,0.3076923076923077,0.8269230769230769,0.21428571428571427,0.8571428571428571,0.0004
920,1.5736458897590637,1.5393215417861938,0.38461538461538464,0.8269230769230769,0.21428571428571427,0.8571428571428571,0.0004
921,1.5394369959831238,1.5391241312026978,0.36538461538461536,0.8269230769230769,0.21428571428571427,0.8571428571428571,0.0004
922,1.5153140425682068,1.5389472246170044,0.40384615384615385,0.8269230769230769,0.21428571428571427,0.8571428571428571,0.0004
923,1.5795997381210327,1.5382356643676758,0.38461538461538464,0.8269230769230769,0.21428571428571427,0.8571428571428571,0.0004
924,1.6024359464645386,1.5380346775054932,0.38461538461538464,0.8269230769230769,0.21428571428571427,0.8571428571428571,0.0004
925,1.57854425907135,1.5378190279006958,0.3269230769230769,0.8269230769230769,0.21428571428571427,0.8571428571428571,0.0004
926,1.5119979977607727,1.5372288227081299,0.3269230769230769,0.8269230769230769,0.21428571428571427,0.8571428571428571,0.0004
927,1.5606328845024109,1.5373680591583252,0.36538461538461536,0.8269230769230769,0.21428571428571427,0.8571428571428571,0.0004
928,1.565161645412445,1.5367618799209595,0.34615384615384615,0.8269230769230769,0.21428571428571427,0.8571428571428571,0.0004
929,1.5829036235809326,1.5362972021102905,0.36538461538461536,0.8269230769230769,0.21428571428571427,0.8571428571428571,0.0004
930,1.5897921323776245,1.53639554977417,0.38461538461538464,0.8269230769230769,0.21428571428571427,0.8571428571428571,0.0004
931,1.543566107749939,1.5362563133239746,0.28846153846153844,0.8269230769230769,0.21428571428571427,0.8571428571428571,0.0004
932,1.5367847084999084,1.5359604358673096,0.36538461538461536,0.8269230769230769,0.21428571428571427,0.8571428571428571,0.0004
933,1.5918337106704712,1.5358250141143799,0.36538461538461536,0.8269230769230769,0.21428571428571427,0.8571428571428571,0.0004
934,1.551246166229248,1.5355677604675293,0.34615384615384615,0.8269230769230769,0.21428571428571427,0.8571428571428571,0.0004
935,1.5553035140037537,1.536009669303894,0.3076923076923077,0.8269230769230769,0.21428571428571427,0.8571428571428571,0.0004
936,1.5503789186477661,1.5360549688339233,0.36538461538461536,0.8269230769230769,0.21428571428571427,0.8571428571428571,0.0004
937,1.604672908782959,1.5357141494750977,0.34615384615384615,0.8269230769230769,0.21428571428571427,0.8571428571428571,0.0004
938,1.5644289255142212,1.5358268022537231,0.36538461538461536,0.8269230769230769,0.21428571428571427,0.8571428571428571,0.0004
939,1.5670514106750488,1.5358752012252808,0.3076923076923077,0.8269230769230769,0.21428571428571427,0.8571428571428571,0.0004
940,1.579554557800293,1.5359792709350586,0.38461538461538464,0.8269230769230769,0.21428571428571427,0.8571428571428571,0.0004
941,1.5816978812217712,1.536530613899231,0.38461538461538464,0.8269230769230769,0.21428571428571427,0.8571428571428571,0.0004
942,1.5412580966949463,1.5368796586990356,0.38461538461538464,0.8269230769230769,0.21428571428571427,0.8571428571428571,0.0004
943,1.5592188239097595,1.5371901988983154,0.36538461538461536,0.8269230769230769,0.21428571428571427,0.8571428571428571,0.0004
944,1.5563963055610657,1.5374819040298462,0.38461538461538464,0.8269230769230769,0.21428571428571427,0.8571428571428571,0.0004
945,1.5689381957054138,1.5376579761505127,0.36538461538461536,0.8269230769230769,0.21428571428571427,0.8571428571428571,0.0004
946,1.5531580448150635,1.5378855466842651,0.3269230769230769,0.8269230769230769,0.21428571428571427,0.8571428571428571,0.0004
947,1.5726938247680664,1.5381059646606445,0.3269230769230769,0.8269230769230769,0.21428571428571427,0.8571428571428571,0.0004
948,1.5821087956428528,1.5382136106491089,0.36538461538461536,0.8269230769230769,0.21428571428571427,0.8571428571428571,0.0004
949,1.5776601433753967,1.538631558418274,0.3269230769230769,0.8269230769230769,0.21428571428571427,0.8571428571428571,0.0004
950,1.5850008726119995,1.5387907028198242,0.34615384615384615,0.8269230769230769,0.21428571428571427,0.8571428571428571,0.0004
951,1.564743459224701,1.538793921470642,0.36538461538461536,0.8269230769230769,0.21428571428571427,0.8571428571428571,0.0004
952,1.602321982383728,1.5389314889907837,0.38461538461538464,0.8269230769230769,0.21428571428571427,0.8571428571428571,0.0004
953,1.552400290966034,1.5388809442520142,0.38461538461538464,0.8269230769230769,0.21428571428571427,0.8571428571428571,0.0004
954,1.6042919158935547,1.538285493850708,0.38461538461538464,0.8269230769230769,0.21428571428571427,0.8571428571428571,0.0004
955,1.6055256128311157,1.538500428199768,0.36538461538461536,0.8269230769230769,0.21428571428571427,0.8571428571428571,0.0004
956,1.5463371276855469,1.5384271144866943,0.36538461538461536,0.8269230769230769,0.21428571428571427,0.8571428571428571,0.0004
957,1.587179183959961,1.5384849309921265,0.38461538461538464,0.8269230769230769,0.21428571428571427,0.8571428571428571,0.0004
958,1.5699294805526733,1.5382635593414307,0.34615384615384615,0.8269230769230769,0.21428571428571427,0.8571428571428571,0.0004
959,1.5566343665122986,1.5382211208343506,0.34615384615384615,0.8269230769230769,0.21428571428571427,0.8571428571428571,0.0004
960,1.503186047077179,1.5378626585006714,0.38461538461538464,0.8269230769230769,0.21428571428571427,0.8571428571428571,0.0004
961,1.5472908020019531,1.53732430934906,0.34615384615384615,0.8269230769230769,0.21428571428571427,0.8571428571428571,0.0004
962,1.6100193858146667,1.5371596813201904,0.36538461538461536,0.8269230769230769,0.21428571428571427,0.8571428571428571,0.0004
963,1.5694436430931091,1.5365142822265625,0.38461538461538464,0.8269230769230769,0.21428571428571427,0.8571428571428571,0.0004
964,1.6216025352478027,1.5364818572998047,0.34615384615384615,0.8269230769230769,0.21428571428571427,0.8571428571428571,0.0004
965,1.5474600791931152,1.5363836288452148,0.36538461538461536,0.8269230769230769,0.21428571428571427,0.8571428571428571,0.0004
966,1.5295023322105408,1.53623628616333,0.3269230769230769,0.8269230769230769,0.21428571428571427,0.8571428571428571,0.0004
967,1.5376036167144775,1.535860300064087,0.38461538461538464,0.8269230769230769,0.21428571428571427,0.8571428571428571,0.0004
968,1.5517554879188538,1.5355983972549438,0.38461538461538464,0.8269230769230769,0.21428571428571427,0.8571428571428571,0.0004
969,1.6173290610313416,1.535014271736145,0.36538461538461536,0.8269230769230769,0.21428571428571427,0.8571428571428571,0.0004
970,1.5771331787109375,1.535095453262329,0.34615384615384615,0.8269230769230769,0.21428571428571427,0.8571428571428571,0.0004
971,1.5724385976791382,1.5345628261566162,0.3076923076923077,0.8269230769230769,0.21428571428571427,0.8571428571428571,0.0004
972,1.5740342140197754,1.5347175598144531,0.3076923076923077,0.8269230769230769,0.21428571428571427,0.8571428571428571,0.0004
973,1.5190396904945374,1.5345138311386108,0.3076923076923077,0.8269230769230769,0.21428571428571427,0.8571428571428571,0.0004
974,1.5976006388664246,1.5343316793441772,0.3076923076923077,0.8269230769230769,0.21428571428571427,0.8571428571428571,0.0004
975,1.5632555484771729,1.5340893268585205,0.36538461538461536,0.8269230769230769,0.21428571428571427,0.8571428571428571,0.0004
976,1.5590152740478516,1.5340207815170288,0.36538461538461536,0.8269230769230769,0.21428571428571427,0.8571428571428571,0.0004
977,1.5439722537994385,1.5338281393051147,0.38461538461538464,0.8269230769230769,0.21428571428571427,0.8571428571428571,0.0004
978,1.5161741375923157,1.5337527990341187,0.34615384615384615,0.8269230769230769,0.21428571428571427,0.8571428571428571,0.0004
979,1.5505307912826538,1.5331296920776367,0.36538461538461536,0.8269230769230769,0.21428571428571427,0.8571428571428571,0.0004
980,1.5931047797203064,1.5331342220306396,0.36538461538461536,0.8269230769230769,0.21428571428571427,0.8571428571428571,0.0004
981,1.5859131217002869,1.5331101417541504,0.38461538461538464,0.8269230769230769,0.21428571428571427,0.8571428571428571,0.0004
982,1.6138167977333069,1.5331344604492188,0.38461538461538464,0.8269230769230769,0.21428571428571427,0.8571428571428571,0.0004
983,1.5765355825424194,1.5329697132110596,0.36538461538461536,0.8269230769230769,0.21428571428571427,0.8571428571428571,0.0004
984,1.5550642013549805,1.5331528186798096,0.36538461538461536,0.8269230769230769,0.21428571428571427,0.8571428571428571,0.0004
985,1.582081913948059,1.5331649780273438,0.38461538461538464,0.8269230769230769,0.21428571428571427,0.8571428571428571,0.0004
986,1.576720654964447,1.5334017276763916,0.34615384615384615,0.8269230769230769,0.21428571428571427,0.8571428571428571,0.0004
987,1.5735967755317688,1.533529281616211,0.3269230769230769,0.8269230769230769,0.21428571428571427,0.8571428571428571,0.0004
988,1.5650995969772339,1.533585786819458,0.38461538461538464,0.8269230769230769,0.21428571428571427,0.8571428571428571,0.0004
989,1.5267102122306824,1.5336482524871826,0.36538461538461536,0.8269230769230769,0.21428571428571427,0.8571428571428571,0.0004
990,1.574121117591858,1.5339292287826538,0.34615384615384615,0.8269230769230769,0.21428571428571427,0.8571428571428571,0.0004
991,1.585079550743103,1.533747911453247,0.4230769230769231,0.8269230769230769,0.21428571428571427,0.8571428571428571,0.0004
992,1.5493407845497131,1.5337934494018555,0.34615384615384615,0.8269230769230769,0.21428571428571427,0.8571428571428571,0.0004
993,1.5565029382705688,1.5338459014892578,0.36538461538461536,0.8269230769230769,0.21428571428571427,0.8571428571428571,0.0004
994,1.5831092596054077,1.5341873168945312,0.36538461538461536,0.8269230769230769,0.21428571428571427,0.8571428571428571,0.0004
995,1.6312511563301086,1.5342508554458618,0.34615384615384615,0.8269230769230769,0.21428571428571427,0.8571428571428571,0.0004
996,1.6413984298706055,1.534298062324524,0.34615384615384615,0.8269230769230769,0.21428571428571427,0.8571428571428571,0.0004
997,1.5596097707748413,1.5346978902816772,0.3076923076923077,0.8269230769230769,0.21428571428571427,0.8571428571428571,0.0004
998,1.5749546885490417,1.5351853370666504,0.40384615384615385,0.8269230769230769,0.21428571428571427,0.8571428571428571,0.0004
999,1.557928204536438,1.5352959632873535,0.36538461538461536,0.8269230769230769,0.21428571428571427,0.8571428571428571,0.0004
1000,1.5518007278442383,1.5354915857315063,0.4230769230769231,0.8269230769230769,0.21428571428571427,0.8571428571428571,0.0004
