epoch,train_loss,val_loss,train_acc_action,train_acc_status,val_acc_action,val_acc_status,learning_rate
1,1.825374722480774,1.828390121459961,0.3269230769230769,0.17307692307692307,0.35714285714285715,0.14285714285714285,0.0004
2,1.8153977990150452,1.8205349445343018,0.3269230769230769,0.17307692307692307,0.35714285714285715,0.14285714285714285,0.0004
3,1.8155528903007507,1.811946153640747,0.3269230769230769,0.17307692307692307,0.35714285714285715,0.21428571428571427,0.0004
4,1.7974693179130554,1.8037363290786743,0.3269230769230769,0.23076923076923078,0.35714285714285715,0.6428571428571429,0.0004
5,1.785020112991333,1.793439269065857,0.3269230769230769,0.5769230769230769,0.35714285714285715,0.8571428571428571,0.0004
6,1.7715777158737183,1.7722325325012207,0.3269230769230769,0.8269230769230769,0.35714285714285715,0.8571428571428571,0.0004
7,1.7452245950698853,1.7467925548553467,0.3269230769230769,0.8269230769230769,0.35714285714285715,0.8571428571428571,0.0004
8,1.705320417881012,1.7099156379699707,0.3269230769230769,0.8269230769230769,0.35714285714285715,0.8571428571428571,0.0004
9,1.6619216203689575,1.6534898281097412,0.3269230769230769,0.8269230769230769,0.35714285714285715,0.8571428571428571,0.0004
10,1.6402201652526855,1.6157641410827637,0.28846153846153844,0.8269230769230769,0.21428571428571427,0.8571428571428571,0.0004
11,1.5654228329658508,1.6072419881820679,0.3076923076923077,0.8269230769230769,0.35714285714285715,0.8571428571428571,0.0004
12,1.5661340951919556,1.5801242589950562,0.3076923076923077,0.8269230769230769,0.21428571428571427,0.8571428571428571,0.0004
13,1.5519998669624329,1.5658801794052124,0.3269230769230769,0.8269230769230769,0.21428571428571427,0.8571428571428571,0.0004
14,1.6014176607131958,1.547135829925537,0.36538461538461536,0.8269230769230769,0.21428571428571427,0.8571428571428571,0.0004
15,1.5642448663711548,1.533326506614685,0.36538461538461536,0.8269230769230769,0.21428571428571427,0.8571428571428571,0.0004
16,1.5402137637138367,1.5189638137817383,0.36538461538461536,0.8269230769230769,0.21428571428571427,0.8571428571428571,0.0004
17,1.5912973284721375,1.5123639106750488,0.36538461538461536,0.8269230769230769,0.21428571428571427,0.8571428571428571,0.0004
18,1.5899579524993896,1.5073227882385254,0.3269230769230769,0.8269230769230769,0.42857142857142855,0.8571428571428571,0.0004
19,1.5739541053771973,1.5041946172714233,0.3076923076923077,0.8269230769230769,0.42857142857142855,0.8571428571428571,0.0004
20,1.553126573562622,1.5077435970306396,0.3076923076923077,0.8269230769230769,0.42857142857142855,0.8571428571428571,0.0004
21,1.5830341577529907,1.5099027156829834,0.3076923076923077,0.8269230769230769,0.42857142857142855,0.8571428571428571,0.0004
22,1.5707032084465027,1.5170928239822388,0.3076923076923077,0.8269230769230769,0.42857142857142855,0.8571428571428571,0.0004
23,1.6039373874664307,1.5215102434158325,0.3076923076923077,0.8269230769230769,0.42857142857142855,0.8571428571428571,0.0004
24,1.5692859888076782,1.5256867408752441,0.3076923076923077,0.8269230769230769,0.21428571428571427,0.8571428571428571,0.0004
25,1.5871644020080566,1.5310819149017334,0.36538461538461536,0.8269230769230769,0.21428571428571427,0.8571428571428571,0.0004
26,1.5825348496437073,1.5408532619476318,0.36538461538461536,0.8269230769230769,0.21428571428571427,0.8571428571428571,0.0004
27,1.5683698654174805,1.540276050567627,0.36538461538461536,0.8269230769230769,0.21428571428571427,0.8571428571428571,0.0004
28,1.5948814153671265,1.5398733615875244,0.36538461538461536,0.8269230769230769,0.21428571428571427,0.8571428571428571,0.0004
29,1.5653201341629028,1.538806676864624,0.36538461538461536,0.8269230769230769,0.21428571428571427,0.8571428571428571,0.0004
30,1.5744850039482117,1.5444462299346924,0.36538461538461536,0.8269230769230769,0.21428571428571427,0.8571428571428571,0.0004
31,1.581934928894043,1.5427109003067017,0.36538461538461536,0.8269230769230769,0.21428571428571427,0.8571428571428571,0.0004
32,1.5526889562606812,1.5417780876159668,0.36538461538461536,0.8269230769230769,0.21428571428571427,0.8571428571428571,0.0004
33,1.5473641157150269,1.542114019393921,0.36538461538461536,0.8269230769230769,0.21428571428571427,0.8571428571428571,0.0004
34,1.5444853901863098,1.5477209091186523,0.36538461538461536,0.8269230769230769,0.21428571428571427,0.8571428571428571,0.0004
35,1.5524972081184387,1.5431634187698364,0.36538461538461536,0.8269230769230769,0.21428571428571427,0.8571428571428571,0.0004
36,1.5684581995010376,1.5455899238586426,0.36538461538461536,0.8269230769230769,0.21428571428571427,0.8571428571428571,0.0004
37,1.561064064502716,1.5378262996673584,0.36538461538461536,0.8269230769230769,0.21428571428571427,0.8571428571428571,0.0004
38,1.569803535938263,1.5416301488876343,0.36538461538461536,0.8269230769230769,0.21428571428571427,0.8571428571428571,0.0004
39,1.5546396374702454,1.5427883863449097,0.36538461538461536,0.8269230769230769,0.21428571428571427,0.8571428571428571,0.0004
40,1.563927412033081,1.5378971099853516,0.36538461538461536,0.8269230769230769,0.21428571428571427,0.8571428571428571,0.0004
41,1.5363295674324036,1.5395368337631226,0.36538461538461536,0.8269230769230769,0.21428571428571427,0.8571428571428571,0.0004
42,1.585434079170227,1.5420441627502441,0.36538461538461536,0.8269230769230769,0.21428571428571427,0.8571428571428571,0.0004
43,1.550394594669342,1.536040186882019,0.36538461538461536,0.8269230769230769,0.21428571428571427,0.8571428571428571,0.0004
44,1.5252776741981506,1.5334010124206543,0.36538461538461536,0.8269230769230769,0.21428571428571427,0.8571428571428571,0.0004
45,1.558977723121643,1.528486967086792,0.36538461538461536,0.8269230769230769,0.21428571428571427,0.8571428571428571,0.0004
46,1.5407328009605408,1.531042456626892,0.36538461538461536,0.8269230769230769,0.21428571428571427,0.8571428571428571,0.0004
47,1.5473862886428833,1.5330986976623535,0.36538461538461536,0.8269230769230769,0.21428571428571427,0.8571428571428571,0.0004
48,1.5666407942771912,1.5359444618225098,0.36538461538461536,0.8269230769230769,0.21428571428571427,0.8571428571428571,0.0004
49,1.5738348364830017,1.5385503768920898,0.36538461538461536,0.8269230769230769,0.21428571428571427,0.8571428571428571,0.0004
50,1.5769999623298645,1.5246105194091797,0.36538461538461536,0.8269230769230769,0.21428571428571427,0.8571428571428571,0.0004
51,1.5570075511932373,1.5321259498596191,0.36538461538461536,0.8269230769230769,0.21428571428571427,0.8571428571428571,0.0004
52,1.5422185063362122,1.5247986316680908,0.36538461538461536,0.8269230769230769,0.21428571428571427,0.8571428571428571,0.0004
53,1.5290763974189758,1.5374019145965576,0.36538461538461536,0.8269230769230769,0.21428571428571427,0.8571428571428571,0.0004
54,1.5490396618843079,1.5391318798065186,0.36538461538461536,0.8269230769230769,0.21428571428571427,0.8571428571428571,0.0004
55,1.600453794002533,1.525413155555725,0.36538461538461536,0.8269230769230769,0.21428571428571427,0.8571428571428571,0.0004
56,1.5399627685546875,1.526816725730896,0.36538461538461536,0.8269230769230769,0.21428571428571427,0.8571428571428571,0.0004
57,1.5646145939826965,1.5317115783691406,0.36538461538461536,0.8269230769230769,0.21428571428571427,0.8571428571428571,0.0004
58,1.5744761228561401,1.5303702354431152,0.36538461538461536,0.8269230769230769,0.21428571428571427,0.8571428571428571,0.0004
59,1.553697943687439,1.5464107990264893,0.36538461538461536,0.8269230769230769,0.21428571428571427,0.8571428571428571,0.0004
60,1.5376137495040894,1.5184431076049805,0.36538461538461536,0.8269230769230769,0.21428571428571427,0.8571428571428571,0.0004
61,1.5520192384719849,1.522648572921753,0.36538461538461536,0.8269230769230769,0.21428571428571427,0.8571428571428571,0.0004
62,1.5719186067581177,1.5290732383728027,0.36538461538461536,0.8269230769230769,0.21428571428571427,0.8571428571428571,0.0004
63,1.5436092615127563,1.5460798740386963,0.36538461538461536,0.8269230769230769,0.2857142857142857,0.8571428571428571,0.0004
64,1.5855557918548584,1.5455620288848877,0.5,0.8269230769230769,0.21428571428571427,0.8571428571428571,0.0004
65,1.513651192188263,1.5439422130584717,0.38461538461538464,0.8269230769230769,0.2857142857142857,0.8571428571428571,0.0004
66,1.4958122968673706,1.5440870523452759,0.4807692307692308,0.8269230769230769,0.35714285714285715,0.8571428571428571,0.0004
67,1.5102958679199219,1.5465645790100098,0.4423076923076923,0.8269230769230769,0.21428571428571427,0.8571428571428571,0.0004
68,1.5128350257873535,1.5993337631225586,0.4807692307692308,0.8269230769230769,0.21428571428571427,0.8571428571428571,0.0004
69,1.5753709077835083,1.5777101516723633,0.36538461538461536,0.8269230769230769,0.14285714285714285,0.8571428571428571,0.0004
70,1.5386475324630737,1.5393221378326416,0.4423076923076923,0.8269230769230769,0.2857142857142857,0.8571428571428571,0.0004
71,1.5956510305404663,1.5527739524841309,0.36538461538461536,0.8269230769230769,0.21428571428571427,0.8571428571428571,0.0004
72,1.5397221446037292,1.555945634841919,0.36538461538461536,0.8269230769230769,0.21428571428571427,0.8571428571428571,0.0004
73,1.6065102815628052,1.554423213005066,0.36538461538461536,0.8269230769230769,0.21428571428571427,0.8571428571428571,0.0004
74,1.5408822298049927,1.5481584072113037,0.36538461538461536,0.8269230769230769,0.21428571428571427,0.8571428571428571,0.0004
75,1.5337353944778442,1.5212833881378174,0.36538461538461536,0.8269230769230769,0.21428571428571427,0.8571428571428571,0.0004
76,1.5450526475906372,1.5158989429473877,0.36538461538461536,0.8269230769230769,0.21428571428571427,0.8571428571428571,0.0004
77,1.534117579460144,1.5155584812164307,0.36538461538461536,0.8269230769230769,0.21428571428571427,0.8571428571428571,0.0004
78,1.5322582721710205,1.5151666402816772,0.38461538461538464,0.8269230769230769,0.14285714285714285,0.8571428571428571,0.0004
79,1.5372387766838074,1.514473795890808,0.3269230769230769,0.8269230769230769,0.21428571428571427,0.8571428571428571,0.0004
80,1.5342599153518677,1.5147275924682617,0.38461538461538464,0.8269230769230769,0.35714285714285715,0.8571428571428571,0.0004
81,1.5926451683044434,1.518256425857544,0.36538461538461536,0.8269230769230769,0.21428571428571427,0.8571428571428571,0.0004
82,1.5752055644989014,1.5189534425735474,0.36538461538461536,0.8269230769230769,0.21428571428571427,0.8571428571428571,0.0004
83,1.5608693957328796,1.519699215888977,0.36538461538461536,0.8269230769230769,0.21428571428571427,0.8571428571428571,0.0004
84,1.5302433967590332,1.5358909368515015,0.36538461538461536,0.8269230769230769,0.21428571428571427,0.8571428571428571,0.0004
85,1.5558108687400818,1.522034764289856,0.36538461538461536,0.8269230769230769,0.21428571428571427,0.8571428571428571,0.0004
86,1.529420256614685,1.5349737405776978,0.36538461538461536,0.8269230769230769,0.21428571428571427,0.8571428571428571,0.0004
87,1.5707715153694153,1.5382063388824463,0.36538461538461536,0.8269230769230769,0.21428571428571427,0.8571428571428571,0.0004
88,1.5250489115715027,1.5332378149032593,0.36538461538461536,0.8269230769230769,0.21428571428571427,0.8571428571428571,0.0004
89,1.5530275106430054,1.5386629104614258,0.36538461538461536,0.8269230769230769,0.21428571428571427,0.8571428571428571,0.0004
90,1.5656834244728088,1.5297315120697021,0.36538461538461536,0.8269230769230769,0.21428571428571427,0.8571428571428571,0.0004
91,1.5203927159309387,1.5304820537567139,0.36538461538461536,0.8269230769230769,0.2857142857142857,0.8571428571428571,0.0004
92,1.5160345435142517,1.5284841060638428,0.36538461538461536,0.8269230769230769,0.21428571428571427,0.8571428571428571,0.0004
93,1.5714182257652283,1.5330709218978882,0.36538461538461536,0.8269230769230769,0.21428571428571427,0.8571428571428571,0.0004
94,1.5310315489768982,1.5336151123046875,0.38461538461538464,0.8269230769230769,0.2857142857142857,0.8571428571428571,0.0004
95,1.535088062286377,1.5431078672409058,0.4230769230769231,0.8269230769230769,0.2857142857142857,0.8571428571428571,0.0004
96,1.5305275321006775,1.515910267829895,0.36538461538461536,0.8269230769230769,0.42857142857142855,0.8571428571428571,0.0004
97,1.5410270690917969,1.514814853668213,0.4230769230769231,0.8269230769230769,0.35714285714285715,0.8571428571428571,0.0004
98,1.5442389249801636,1.5048878192901611,0.40384615384615385,0.8269230769230769,0.42857142857142855,0.8571428571428571,0.0004
99,1.5285440683364868,1.5111885070800781,0.46153846153846156,0.8269230769230769,0.35714285714285715,0.8571428571428571,0.0004
100,1.5328971147537231,1.5068175792694092,0.38461538461538464,0.8269230769230769,0.35714285714285715,0.8571428571428571,0.0004
101,1.5241317749023438,1.4890470504760742,0.46153846153846156,0.8269230769230769,0.35714285714285715,0.8571428571428571,0.0004
102,1.552337110042572,1.5307557582855225,0.34615384615384615,0.8269230769230769,0.2857142857142857,0.8571428571428571,0.0004
103,1.5088495016098022,1.5214849710464478,0.4807692307692308,0.8269230769230769,0.2857142857142857,0.8571428571428571,0.0004
104,1.5305322408676147,1.5482491254806519,0.4230769230769231,0.8269230769230769,0.21428571428571427,0.8571428571428571,0.0004
105,1.5237998962402344,1.5366058349609375,0.36538461538461536,0.8269230769230769,0.21428571428571427,0.8571428571428571,0.0004
106,1.5395262837409973,1.5242722034454346,0.38461538461538464,0.8269230769230769,0.21428571428571427,0.8571428571428571,0.0004
107,1.552264928817749,1.5284616947174072,0.40384615384615385,0.8269230769230769,0.21428571428571427,0.8571428571428571,0.0004
108,1.5385991930961609,1.5163289308547974,0.5,0.8269230769230769,0.14285714285714285,0.8571428571428571,0.0004
109,1.5137025713920593,1.5140583515167236,0.4807692307692308,0.8269230769230769,0.2857142857142857,0.8571428571428571,0.0004
110,1.5147175788879395,1.4905309677124023,0.4230769230769231,0.8269230769230769,0.21428571428571427,0.8571428571428571,0.0004
111,1.5202938914299011,1.536911129951477,0.4807692307692308,0.8269230769230769,0.21428571428571427,0.8571428571428571,0.0004
112,1.5525497794151306,1.5791959762573242,0.38461538461538464,0.8269230769230769,0.14285714285714285,0.8571428571428571,0.0004
113,1.537228763103485,1.4769424200057983,0.36538461538461536,0.8269230769230769,0.35714285714285715,0.8571428571428571,0.0004
114,1.5176711678504944,1.59855318069458,0.40384615384615385,0.8269230769230769,0.14285714285714285,0.8571428571428571,0.0004
115,1.4938836097717285,1.4786937236785889,0.38461538461538464,0.8269230769230769,0.2857142857142857,0.8571428571428571,0.0004
116,1.5399396419525146,1.4973223209381104,0.4230769230769231,0.8269230769230769,0.2857142857142857,0.8571428571428571,0.0004
117,1.5196920037269592,1.5693385601043701,0.5384615384615384,0.8269230769230769,0.21428571428571427,0.8571428571428571,0.0004
118,1.4723211526870728,1.5107669830322266,0.5192307692307693,0.8269230769230769,0.2857142857142857,0.8571428571428571,0.0004
119,1.4815125465393066,1.5840342044830322,0.5192307692307693,0.8269230769230769,0.21428571428571427,0.8571428571428571,0.0004
120,1.5153760313987732,1.6263377666473389,0.46153846153846156,0.8269230769230769,0.21428571428571427,0.8571428571428571,0.0004
121,1.4891440868377686,1.557047724723816,0.4423076923076923,0.8269230769230769,0.2857142857142857,0.8571428571428571,0.0004
122,1.5598989725112915,1.4794821739196777,0.36538461538461536,0.8269230769230769,0.35714285714285715,0.8571428571428571,0.0004
123,1.476014256477356,1.5689775943756104,0.4807692307692308,0.8269230769230769,0.21428571428571427,0.8571428571428571,0.0004
124,1.486353576183319,1.4805328845977783,0.5,0.8269230769230769,0.35714285714285715,0.8571428571428571,0.0004
125,1.4968746900558472,1.5386223793029785,0.46153846153846156,0.8269230769230769,0.2857142857142857,0.8571428571428571,0.0004
126,1.4343928694725037,1.48526930809021,0.5192307692307693,0.8269230769230769,0.35714285714285715,0.8571428571428571,0.0004
127,1.4797818660736084,1.3907467126846313,0.4230769230769231,0.8269230769230769,0.42857142857142855,0.8571428571428571,0.0004
128,1.4373281002044678,1.5007532835006714,0.46153846153846156,0.8269230769230769,0.2857142857142857,0.8571428571428571,0.0004
129,1.5423455238342285,1.6708524227142334,0.4423076923076923,0.8269230769230769,0.2857142857142857,0.8571428571428571,0.0004
130,1.5632981061935425,1.5509114265441895,0.36538461538461536,0.8269230769230769,0.35714285714285715,0.8571428571428571,0.0004
131,1.5569760203361511,1.7038946151733398,0.38461538461538464,0.8269230769230769,0.21428571428571427,0.8571428571428571,0.0004
132,1.4822245836257935,1.5068285465240479,0.40384615384615385,0.8269230769230769,0.2857142857142857,0.8571428571428571,0.0004
133,1.5666598677635193,1.4620287418365479,0.38461538461538464,0.8269230769230769,0.35714285714285715,0.8571428571428571,0.0004
134,1.4157992601394653,1.5161973237991333,0.4423076923076923,0.8269230769230769,0.2857142857142857,0.8571428571428571,0.0004
135,1.5250144600868225,1.4852261543273926,0.4230769230769231,0.8269230769230769,0.35714285714285715,0.8571428571428571,0.0004
136,1.4965611696243286,1.602103352546692,0.38461538461538464,0.8269230769230769,0.2857142857142857,0.8571428571428571,0.0004
137,1.4754209518432617,1.5369446277618408,0.4423076923076923,0.8269230769230769,0.35714285714285715,0.8571428571428571,0.0004
138,1.4843950271606445,1.5353572368621826,0.46153846153846156,0.8269230769230769,0.2857142857142857,0.8571428571428571,0.0004
139,1.492367148399353,1.4984558820724487,0.4230769230769231,0.8269230769230769,0.2857142857142857,0.8571428571428571,0.0004
140,1.5337541699409485,1.5491935014724731,0.34615384615384615,0.8269230769230769,0.2857142857142857,0.8571428571428571,0.0004
141,1.4345883131027222,1.4628267288208008,0.4807692307692308,0.8269230769230769,0.35714285714285715,0.8571428571428571,0.0004
142,1.5554986000061035,1.5265276432037354,0.36538461538461536,0.8269230769230769,0.35714285714285715,0.8571428571428571,0.0004
143,1.5257967710494995,1.589233636856079,0.36538461538461536,0.8269230769230769,0.21428571428571427,0.8571428571428571,0.0004
144,1.5025420784950256,1.5617611408233643,0.36538461538461536,0.8269230769230769,0.2857142857142857,0.8571428571428571,0.0004
145,1.4180926084518433,1.7060186862945557,0.46153846153846156,0.8269230769230769,0.21428571428571427,0.8571428571428571,0.0004
146,1.5011358261108398,1.5270792245864868,0.38461538461538464,0.8269230769230769,0.14285714285714285,0.8571428571428571,0.0004
147,1.4905885457992554,1.4175492525100708,0.4230769230769231,0.8269230769230769,0.35714285714285715,0.8571428571428571,0.0004
148,1.5877525806427002,1.3625540733337402,0.3269230769230769,0.8269230769230769,0.42857142857142855,0.8571428571428571,0.0004
149,1.4555282592773438,1.694624900817871,0.4423076923076923,0.8269230769230769,0.14285714285714285,0.8571428571428571,0.0004
150,1.423093855381012,1.6953730583190918,0.5,0.8269230769230769,0.14285714285714285,0.8571428571428571,0.0004
151,1.4911900758743286,1.5342586040496826,0.4423076923076923,0.8269230769230769,0.2857142857142857,0.8571428571428571,0.0004
152,1.4945285320281982,1.4003044366836548,0.40384615384615385,0.8269230769230769,0.35714285714285715,0.8571428571428571,0.0004
153,1.5026061534881592,1.4237926006317139,0.4423076923076923,0.8269230769230769,0.5,0.8571428571428571,0.0004
154,1.5144986510276794,1.4498865604400635,0.36538461538461536,0.8269230769230769,0.2857142857142857,0.8571428571428571,0.0004
155,1.5190380811691284,1.6183149814605713,0.34615384615384615,0.8269230769230769,0.14285714285714285,0.8571428571428571,0.0004
156,1.4859455227851868,1.4865996837615967,0.5,0.8269230769230769,0.35714285714285715,0.8571428571428571,0.0004
157,1.407590925693512,1.608232855796814,0.5192307692307693,0.8269230769230769,0.14285714285714285,0.8571428571428571,0.0004
158,1.442911446094513,1.4602962732315063,0.4807692307692308,0.8269230769230769,0.2857142857142857,0.8571428571428571,0.0004
159,1.5112093687057495,1.59378981590271,0.4807692307692308,0.8269230769230769,0.21428571428571427,0.8571428571428571,0.0004
160,1.4163727760314941,1.490264654159546,0.5,0.8269230769230769,0.2857142857142857,0.8571428571428571,0.0004
161,1.451856017112732,1.723893642425537,0.4807692307692308,0.8269230769230769,0.2857142857142857,0.8571428571428571,0.0004
162,1.3741281032562256,1.5459473133087158,0.5192307692307693,0.8269230769230769,0.42857142857142855,0.8571428571428571,0.0004
163,1.4717503190040588,1.4430139064788818,0.5384615384615384,0.8269230769230769,0.35714285714285715,0.8571428571428571,0.0004
164,1.4868701100349426,1.5947339534759521,0.40384615384615385,0.8269230769230769,0.14285714285714285,0.8571428571428571,0.0004
165,1.401001751422882,1.7115674018859863,0.5384615384615384,0.8269230769230769,0.2857142857142857,0.8571428571428571,0.0004
166,1.309513509273529,1.6767619848251343,0.5384615384615384,0.8269230769230769,0.21428571428571427,0.8571428571428571,0.0004
167,1.3974523544311523,1.3150140047073364,0.5192307692307693,0.8269230769230769,0.35714285714285715,0.8571428571428571,0.0004
168,1.440615177154541,1.4234447479248047,0.4807692307692308,0.8269230769230769,0.2857142857142857,0.8571428571428571,0.0004
169,1.3850196599960327,1.2713711261749268,0.5192307692307693,0.8269230769230769,0.5,0.8571428571428571,0.0004
170,1.5477561950683594,1.478675127029419,0.4230769230769231,0.8269230769230769,0.35714285714285715,0.8571428571428571,0.0004
171,1.4119159579277039,1.4223942756652832,0.46153846153846156,0.8269230769230769,0.5714285714285714,0.8571428571428571,0.0004
172,1.4483277797698975,1.3249038457870483,0.4423076923076923,0.8269230769230769,0.42857142857142855,0.8571428571428571,0.0004
173,1.5089702606201172,1.5063199996948242,0.38461538461538464,0.8269230769230769,0.35714285714285715,0.8571428571428571,0.0004
174,1.4549794793128967,1.2564805746078491,0.46153846153846156,0.8269230769230769,0.2857142857142857,0.8571428571428571,0.0004
175,1.5070968270301819,1.5244531631469727,0.38461538461538464,0.8269230769230769,0.2857142857142857,0.8571428571428571,0.0004
176,1.3850154876708984,1.5631835460662842,0.5192307692307693,0.8269230769230769,0.2857142857142857,0.8571428571428571,0.0004
177,1.4864767789840698,1.5477688312530518,0.40384615384615385,0.8269230769230769,0.21428571428571427,0.8571428571428571,0.0004
178,1.612194001674652,1.3489676713943481,0.36538461538461536,0.8269230769230769,0.2857142857142857,0.8571428571428571,0.0004
179,1.5574824810028076,1.5536444187164307,0.36538461538461536,0.8269230769230769,0.21428571428571427,0.8571428571428571,0.0004
180,1.5741076469421387,1.4842705726623535,0.36538461538461536,0.8269230769230769,0.42857142857142855,0.8571428571428571,0.0004
181,1.467564582824707,1.4848113059997559,0.4423076923076923,0.8269230769230769,0.42857142857142855,0.8571428571428571,0.0004
182,1.5037943124771118,1.4868054389953613,0.46153846153846156,0.8269230769230769,0.42857142857142855,0.8571428571428571,0.0004
183,1.4338520169258118,1.3770461082458496,0.4423076923076923,0.8269230769230769,0.5,0.8571428571428571,0.0004
184,1.4417147040367126,1.5590324401855469,0.4807692307692308,0.8269230769230769,0.2857142857142857,0.8571428571428571,0.0004
185,1.4939010739326477,1.359391212463379,0.4230769230769231,0.8269230769230769,0.35714285714285715,0.8571428571428571,0.0004
186,1.5709863305091858,1.3790714740753174,0.34615384615384615,0.8269230769230769,0.5,0.8571428571428571,0.0004
187,1.513916254043579,1.5683143138885498,0.40384615384615385,0.8269230769230769,0.35714285714285715,0.8571428571428571,0.0004
188,1.4349821209907532,1.5274062156677246,0.4807692307692308,0.8269230769230769,0.35714285714285715,0.8571428571428571,0.0004
189,1.391303837299347,1.4181045293807983,0.5192307692307693,0.8269230769230769,0.35714285714285715,0.8571428571428571,0.0004
190,1.4975274205207825,1.5986335277557373,0.4807692307692308,0.8269230769230769,0.21428571428571427,0.8571428571428571,0.0004
191,1.4333693385124207,1.4803447723388672,0.4423076923076923,0.8269230769230769,0.2857142857142857,0.8571428571428571,0.0004
192,1.4804584980010986,1.4766829013824463,0.40384615384615385,0.8269230769230769,0.2857142857142857,0.8571428571428571,0.0004
193,1.465076744556427,1.4416943788528442,0.46153846153846156,0.8269230769230769,0.35714285714285715,0.8571428571428571,0.0004
194,1.4420693516731262,1.439837098121643,0.46153846153846156,0.8269230769230769,0.42857142857142855,0.8571428571428571,0.0004
195,1.544047772884369,1.4705777168273926,0.40384615384615385,0.8269230769230769,0.2857142857142857,0.8571428571428571,0.0004
196,1.4133567214012146,1.5639612674713135,0.4423076923076923,0.8269230769230769,0.21428571428571427,0.8571428571428571,0.0004
197,1.4475334882736206,1.564789056777954,0.4230769230769231,0.8269230769230769,0.2857142857142857,0.8571428571428571,0.0004
198,1.4582691192626953,1.6386913061141968,0.4230769230769231,0.8269230769230769,0.2857142857142857,0.8571428571428571,0.0004
199,1.364307940006256,1.4755715131759644,0.4423076923076923,0.8269230769230769,0.2857142857142857,0.8571428571428571,0.0004
200,1.3843732476234436,1.2135226726531982,0.5384615384615384,0.8269230769230769,0.5714285714285714,0.8571428571428571,0.0004
201,1.2234601378440857,1.4192943572998047,0.5576923076923077,0.8269230769230769,0.2857142857142857,0.8571428571428571,0.0004
202,1.5525448322296143,1.592004656791687,0.4230769230769231,0.8269230769230769,0.2857142857142857,0.8571428571428571,0.0004
203,1.3757693767547607,1.2212289571762085,0.5384615384615384,0.8269230769230769,0.5714285714285714,0.8571428571428571,0.0004
204,1.383147120475769,1.562941074371338,0.5384615384615384,0.8269230769230769,0.35714285714285715,0.8571428571428571,0.0004
205,1.2923944592475891,1.4746620655059814,0.5769230769230769,0.8269230769230769,0.5,0.8571428571428571,0.0004
206,1.4567164182662964,1.440757155418396,0.5192307692307693,0.8269230769230769,0.2857142857142857,0.8571428571428571,0.0004
207,1.1684234738349915,1.0405429601669312,0.6346153846153846,0.8269230769230769,0.5714285714285714,0.8571428571428571,0.0004
208,1.3335416316986084,1.5087345838546753,0.5576923076923077,0.8269230769230769,0.2857142857142857,0.8571428571428571,0.0004
209,1.4715067148208618,1.3136247396469116,0.4230769230769231,0.8269230769230769,0.42857142857142855,0.8571428571428571,0.0004
210,1.4586797952651978,1.447922945022583,0.5192307692307693,0.8269230769230769,0.5714285714285714,0.8571428571428571,0.0004
211,1.3322229981422424,1.5938633680343628,0.5192307692307693,0.8269230769230769,0.35714285714285715,0.8571428571428571,0.0004
212,1.3361567854881287,1.6496412754058838,0.46153846153846156,0.8269230769230769,0.2857142857142857,0.8571428571428571,0.0004
213,1.5438977479934692,1.4423280954360962,0.40384615384615385,0.8269230769230769,0.2857142857142857,0.8571428571428571,0.0004
214,1.4361693263053894,1.617767333984375,0.4230769230769231,0.8269230769230769,0.21428571428571427,0.8571428571428571,0.0004
215,1.5239620208740234,1.4205029010772705,0.36538461538461536,0.8269230769230769,0.2857142857142857,0.8571428571428571,0.0004
216,1.5368602871894836,1.4343719482421875,0.46153846153846156,0.8269230769230769,0.35714285714285715,0.8571428571428571,0.0004
217,1.5275194644927979,1.627225399017334,0.38461538461538464,0.8269230769230769,0.14285714285714285,0.8571428571428571,0.0004
218,1.4625072479248047,1.6013054847717285,0.4423076923076923,0.8269230769230769,0.2857142857142857,0.8571428571428571,0.0004
219,1.3906081914901733,1.3380047082901,0.5961538461538461,0.8269230769230769,0.42857142857142855,0.8571428571428571,0.0004
220,1.4607126116752625,1.5109513998031616,0.5576923076923077,0.8269230769230769,0.5,0.8571428571428571,0.0004
221,1.435641348361969,1.4486528635025024,0.5576923076923077,0.8269230769230769,0.5714285714285714,0.8571428571428571,0.0004
222,1.3964126110076904,1.4489624500274658,0.5192307692307693,0.8269230769230769,0.42857142857142855,0.8571428571428571,0.0004
223,1.4716147184371948,1.581261157989502,0.46153846153846156,0.8269230769230769,0.35714285714285715,0.8571428571428571,0.0004
224,1.3268840909004211,1.5521533489227295,0.5576923076923077,0.8269230769230769,0.35714285714285715,0.8571428571428571,0.0004
225,1.5187069177627563,1.565151333808899,0.5192307692307693,0.8269230769230769,0.42857142857142855,0.8571428571428571,0.0004
226,1.4159957766532898,1.2338030338287354,0.5,0.8269230769230769,0.5,0.8571428571428571,0.0004
227,1.3880937099456787,1.6374311447143555,0.5192307692307693,0.8269230769230769,0.21428571428571427,0.8571428571428571,0.0004
228,1.4845653772354126,1.3398609161376953,0.46153846153846156,0.8269230769230769,0.5,0.8571428571428571,0.0004
229,1.3434745073318481,1.362273097038269,0.5576923076923077,0.8269230769230769,0.2857142857142857,0.8571428571428571,0.0004
230,1.2958977818489075,1.227500081062317,0.5576923076923077,0.8269230769230769,0.5714285714285714,0.9285714285714286,0.0004
231,1.4154323935508728,1.7332696914672852,0.5192307692307693,0.8269230769230769,0.2857142857142857,0.8571428571428571,0.0004
232,1.3265731930732727,1.5467150211334229,0.5384615384615384,0.8269230769230769,0.35714285714285715,0.8571428571428571,0.0004
233,1.3594780564308167,1.2923307418823242,0.5769230769230769,0.8076923076923077,0.5714285714285714,0.8571428571428571,0.0004
234,1.384694755077362,1.2667001485824585,0.4807692307692308,0.8269230769230769,0.7142857142857143,0.8571428571428571,0.0004
235,1.2609196901321411,1.4539554119110107,0.5576923076923077,0.8076923076923077,0.5714285714285714,0.7142857142857143,0.0004
236,1.1710931062698364,1.2235007286071777,0.6346153846153846,0.7884615384615384,0.6428571428571429,0.8571428571428571,0.0004
237,1.477839469909668,1.3214070796966553,0.4423076923076923,0.8269230769230769,0.35714285714285715,0.9285714285714286,0.0004
238,1.3834372162818909,1.5893526077270508,0.5384615384615384,0.8076923076923077,0.35714285714285715,0.8571428571428571,0.0004
239,1.48142409324646,1.5499459505081177,0.46153846153846156,0.8461538461538461,0.35714285714285715,0.8571428571428571,0.0004
240,1.3692801594734192,1.4527133703231812,0.5192307692307693,0.8461538461538461,0.5,0.8571428571428571,0.0004
241,1.4360228180885315,1.5076375007629395,0.5384615384615384,0.8269230769230769,0.42857142857142855,0.8571428571428571,0.0004
242,1.457060158252716,1.4996751546859741,0.5192307692307693,0.8269230769230769,0.42857142857142855,0.8571428571428571,0.0004
243,1.5329548120498657,1.2603213787078857,0.4423076923076923,0.8269230769230769,0.5,0.8571428571428571,0.0004
244,1.4025999307632446,1.3302074670791626,0.5192307692307693,0.8846153846153846,0.35714285714285715,0.9285714285714286,0.0004
245,1.4510353207588196,1.2839086055755615,0.4807692307692308,0.8076923076923077,0.5,0.8571428571428571,0.0004
246,1.5094683170318604,1.494351863861084,0.5384615384615384,0.7884615384615384,0.35714285714285715,0.8571428571428571,0.0004
247,1.456521987915039,1.3092434406280518,0.6346153846153846,0.8653846153846154,0.5,0.8571428571428571,0.0004
248,1.5855194330215454,1.5091832876205444,0.5,0.7692307692307693,0.42857142857142855,0.7857142857142857,0.0004
249,1.3370538353919983,1.122865915298462,0.5576923076923077,0.8653846153846154,0.6428571428571429,0.9285714285714286,0.0004
250,1.3708009719848633,1.1513071060180664,0.5,0.8461538461538461,0.5714285714285714,1.0,0.0004
251,1.4483224153518677,1.2698924541473389,0.5384615384615384,0.8461538461538461,0.5,0.9285714285714286,0.0004
252,1.3586751818656921,1.5890319347381592,0.5384615384615384,0.8269230769230769,0.5714285714285714,0.7142857142857143,0.0004
253,1.2949138283729553,1.4982131719589233,0.5384615384615384,0.8461538461538461,0.42857142857142855,0.8571428571428571,0.0004
254,1.314870834350586,1.5246777534484863,0.5769230769230769,0.8269230769230769,0.35714285714285715,0.8571428571428571,0.0004
255,1.3861916065216064,1.150428295135498,0.5961538461538461,0.8076923076923077,0.42857142857142855,1.0,0.0004
256,1.4264985918998718,1.2698123455047607,0.46153846153846156,0.8269230769230769,0.5714285714285714,0.8571428571428571,0.0004
257,1.3911234140396118,1.419120192527771,0.4807692307692308,0.8269230769230769,0.35714285714285715,0.9285714285714286,0.0004
258,1.4280754923820496,1.548506736755371,0.46153846153846156,0.8269230769230769,0.2857142857142857,0.8571428571428571,0.0004
259,1.2849791646003723,1.4741408824920654,0.5,0.9038461538461539,0.42857142857142855,0.8571428571428571,0.0004
260,1.4125035405158997,1.3817415237426758,0.5384615384615384,0.8461538461538461,0.5714285714285714,0.7857142857142857,0.0004
261,1.355979561805725,1.1380698680877686,0.46153846153846156,0.8461538461538461,0.7142857142857143,0.9285714285714286,0.0004
262,1.502140760421753,1.171221375465393,0.5,0.8076923076923077,0.5714285714285714,0.9285714285714286,0.0004
263,1.4206596612930298,1.2841757535934448,0.4807692307692308,0.8269230769230769,0.5,0.8571428571428571,0.0004
264,1.3982783555984497,1.4123119115829468,0.46153846153846156,0.8461538461538461,0.35714285714285715,0.7857142857142857,0.0004
265,1.2935832142829895,1.4713959693908691,0.5961538461538461,0.8461538461538461,0.42857142857142855,0.8571428571428571,0.0004
266,1.249095857143402,1.3410179615020752,0.4807692307692308,0.8653846153846154,0.2857142857142857,0.9285714285714286,0.0004
267,1.2424210906028748,1.3573119640350342,0.6346153846153846,0.8269230769230769,0.5,0.9285714285714286,0.0004
268,1.4745905995368958,1.4130043983459473,0.4423076923076923,0.8461538461538461,0.35714285714285715,0.7857142857142857,0.0004
269,1.31387859582901,1.3117281198501587,0.5384615384615384,0.8269230769230769,0.6428571428571429,0.7857142857142857,0.0004
270,1.3415511846542358,1.314798355102539,0.5192307692307693,0.7884615384615384,0.5,0.6428571428571429,0.0004
271,1.454305112361908,1.4665616750717163,0.4807692307692308,0.8461538461538461,0.5,0.7142857142857143,0.0004
272,1.3540652990341187,1.406674861907959,0.5576923076923077,0.8269230769230769,0.6428571428571429,0.6428571428571429,0.0004
273,1.4124870896339417,1.567655324935913,0.5192307692307693,0.8653846153846154,0.2857142857142857,0.8571428571428571,0.0004
274,1.3087892532348633,1.2870498895645142,0.5576923076923077,0.8076923076923077,0.5,0.7857142857142857,0.0004
275,1.487369418144226,1.2068500518798828,0.5,0.8269230769230769,0.5714285714285714,0.8571428571428571,0.0004
276,1.2879472970962524,1.2759599685668945,0.5576923076923077,0.8461538461538461,0.5,0.8571428571428571,0.0004
277,1.1171194911003113,1.6258596181869507,0.6153846153846154,0.9230769230769231,0.5,0.6428571428571429,0.0004
278,1.263560950756073,1.3530758619308472,0.5961538461538461,0.8076923076923077,0.42857142857142855,0.7857142857142857,0.0004
279,1.1888744831085205,1.0992035865783691,0.6153846153846154,0.8461538461538461,0.7142857142857143,0.7142857142857143,0.0004
280,1.2564918398857117,1.702678918838501,0.5384615384615384,0.9038461538461539,0.35714285714285715,0.6428571428571429,0.0004
281,1.578719437122345,1.0373177528381348,0.5192307692307693,0.8076923076923077,0.6428571428571429,0.8571428571428571,0.0004
282,1.0983738899230957,1.3457190990447998,0.6346153846153846,0.8653846153846154,0.5,0.8571428571428571,0.0004
283,1.1570937633514404,1.5398236513137817,0.6538461538461539,0.8846153846153846,0.35714285714285715,0.8571428571428571,0.0004
284,1.3679733872413635,1.4490827322006226,0.5192307692307693,0.8653846153846154,0.35714285714285715,0.7857142857142857,0.0004
285,1.0524240732192993,1.617364525794983,0.6730769230769231,0.8846153846153846,0.35714285714285715,0.7857142857142857,0.0004
286,1.4187511801719666,1.762021780014038,0.5,0.8846153846153846,0.5,0.7142857142857143,0.0004
287,1.215457260608673,1.423147439956665,0.5384615384615384,0.8461538461538461,0.42857142857142855,0.8571428571428571,0.0004
288,1.362407624721527,0.879875898361206,0.5192307692307693,0.8269230769230769,0.7857142857142857,0.8571428571428571,0.0004
289,1.2500523328781128,1.7870838642120361,0.5192307692307693,0.9038461538461539,0.35714285714285715,0.7857142857142857,0.0004
290,1.238114058971405,1.9005323648452759,0.6346153846153846,0.8461538461538461,0.35714285714285715,0.7857142857142857,0.0004
291,1.4991737604141235,1.2993944883346558,0.5192307692307693,0.7884615384615384,0.5714285714285714,0.7857142857142857,0.0004
292,1.2126670479774475,1.3118939399719238,0.6346153846153846,0.8653846153846154,0.6428571428571429,0.8571428571428571,0.0004
293,1.3587990999221802,1.3960204124450684,0.5576923076923077,0.8846153846153846,0.5714285714285714,0.7857142857142857,0.0004
294,1.249775767326355,1.5681744813919067,0.5384615384615384,0.8846153846153846,0.42857142857142855,0.9285714285714286,0.0004
295,1.2014150619506836,1.7218365669250488,0.6153846153846154,0.9038461538461539,0.35714285714285715,0.8571428571428571,0.0004
296,1.3779593110084534,1.5570098161697388,0.5384615384615384,0.8269230769230769,0.35714285714285715,0.8571428571428571,0.0004
297,1.4989785552024841,1.2096855640411377,0.5,0.8269230769230769,0.5,0.8571428571428571,0.0004
298,1.3480100631713867,1.4614109992980957,0.5769230769230769,0.8269230769230769,0.5714285714285714,0.8571428571428571,0.0004
299,1.3941795229911804,1.294589877128601,0.5769230769230769,0.8269230769230769,0.7142857142857143,0.8571428571428571,0.0004
300,1.4256106615066528,1.1445109844207764,0.5576923076923077,0.8269230769230769,0.7142857142857143,0.8571428571428571,0.0004
301,1.291857123374939,1.4989107847213745,0.6346153846153846,0.8269230769230769,0.35714285714285715,0.8571428571428571,0.0004
302,1.2898679971694946,1.3568636178970337,0.6730769230769231,0.8269230769230769,0.42857142857142855,0.8571428571428571,0.0004
303,1.413032591342926,1.6229610443115234,0.5192307692307693,0.8269230769230769,0.2857142857142857,0.8571428571428571,0.0004
304,1.3542577624320984,1.3628116846084595,0.6346153846153846,0.8269230769230769,0.5,0.8571428571428571,0.0004
305,1.2651997208595276,1.401223063468933,0.5192307692307693,0.8269230769230769,0.5,0.8571428571428571,0.0004
306,1.4391497373580933,1.395128846168518,0.5384615384615384,0.8269230769230769,0.5,0.8571428571428571,0.0004
307,1.2801294922828674,1.4509756565093994,0.5384615384615384,0.8269230769230769,0.2857142857142857,0.8571428571428571,0.0004
308,1.3504899144172668,1.6180732250213623,0.5192307692307693,0.8269230769230769,0.42857142857142855,0.8571428571428571,0.0004
309,1.2699490189552307,1.289254069328308,0.5961538461538461,0.8269230769230769,0.5,0.8571428571428571,0.0004
310,1.2687149047851562,1.2734397649765015,0.5192307692307693,0.8269230769230769,0.5714285714285714,0.8571428571428571,0.0004
311,1.446249008178711,1.285627007484436,0.46153846153846156,0.8269230769230769,0.35714285714285715,0.9285714285714286,0.0004
312,1.315452516078949,1.1178818941116333,0.5769230769230769,0.8461538461538461,0.5714285714285714,0.7857142857142857,0.0004
313,1.2428529858589172,1.3401784896850586,0.6538461538461539,0.8269230769230769,0.42857142857142855,0.8571428571428571,0.0004
314,1.2930768132209778,1.2533975839614868,0.5769230769230769,0.8269230769230769,0.5714285714285714,0.8571428571428571,0.0004
315,1.4037842154502869,1.2156362533569336,0.5384615384615384,0.8653846153846154,0.6428571428571429,0.7857142857142857,0.0004
316,1.167193353176117,1.1610888242721558,0.6730769230769231,0.9038461538461539,0.6428571428571429,0.8571428571428571,0.0004
317,1.3208798170089722,1.3322820663452148,0.5961538461538461,0.7884615384615384,0.42857142857142855,0.8571428571428571,0.0004
318,1.30995774269104,1.3681186437606812,0.6346153846153846,0.8269230769230769,0.5714285714285714,0.7857142857142857,0.0004
319,1.262037217617035,1.3382338285446167,0.5769230769230769,0.8461538461538461,0.42857142857142855,0.7857142857142857,0.0004
320,1.3617823123931885,1.2225741147994995,0.5384615384615384,0.8076923076923077,0.6428571428571429,0.7857142857142857,0.0004
321,1.384584367275238,1.3099428415298462,0.5384615384615384,0.8076923076923077,0.5714285714285714,0.7142857142857143,0.0004
322,1.292757511138916,1.5264883041381836,0.5576923076923077,0.8461538461538461,0.35714285714285715,0.7857142857142857,0.0004
323,1.13369619846344,1.224902629852295,0.5769230769230769,0.9230769230769231,0.6428571428571429,0.7857142857142857,0.0004
324,1.3971413969993591,1.109664797782898,0.6153846153846154,0.8269230769230769,0.5714285714285714,0.9285714285714286,0.0004
325,1.386430025100708,1.0254603624343872,0.4807692307692308,0.8269230769230769,0.5714285714285714,0.9285714285714286,0.0004
326,1.2897457480430603,1.4117491245269775,0.6153846153846154,0.8269230769230769,0.5,0.8571428571428571,0.0004
327,1.0966597199440002,1.5010523796081543,0.6923076923076923,0.8653846153846154,0.35714285714285715,0.8571428571428571,0.0004
328,1.207895040512085,1.0394394397735596,0.6346153846153846,0.8461538461538461,0.6428571428571429,0.7857142857142857,0.0004
329,1.3829354047775269,1.759917974472046,0.5,0.8076923076923077,0.2857142857142857,0.8571428571428571,0.0004
330,1.0939972698688507,1.6397435665130615,0.6346153846153846,0.8461538461538461,0.35714285714285715,0.7857142857142857,0.0004
331,1.4232821464538574,1.1488187313079834,0.4807692307692308,0.8461538461538461,0.6428571428571429,0.7857142857142857,0.0004
332,1.199091911315918,1.0819144248962402,0.5961538461538461,0.8461538461538461,0.5714285714285714,0.8571428571428571,0.0004
333,1.3081842064857483,1.0679001808166504,0.5961538461538461,0.8076923076923077,0.5,0.9285714285714286,0.0004
334,1.1566643118858337,1.3002374172210693,0.6153846153846154,0.8653846153846154,0.6428571428571429,0.8571428571428571,0.0004
335,1.1491000652313232,1.1985487937927246,0.6730769230769231,0.8461538461538461,0.7142857142857143,0.7142857142857143,0.0004
336,1.1564053297042847,1.0947866439819336,0.6346153846153846,0.8846153846153846,0.6428571428571429,0.8571428571428571,0.0004
337,1.2518046498298645,1.1683123111724854,0.6153846153846154,0.8846153846153846,0.6428571428571429,0.7857142857142857,0.0004
338,1.125754475593567,1.5481741428375244,0.6346153846153846,0.8846153846153846,0.42857142857142855,0.8571428571428571,0.0004
339,1.1514859795570374,1.2360116243362427,0.5961538461538461,0.8653846153846154,0.6428571428571429,0.7857142857142857,0.0004
340,1.0725342631340027,1.5949997901916504,0.6538461538461539,0.9038461538461539,0.42857142857142855,0.7142857142857143,0.0004
341,1.2517251372337341,1.470719575881958,0.5769230769230769,0.8269230769230769,0.42857142857142855,0.8571428571428571,0.0004
342,1.2343342900276184,0.8798408508300781,0.5,0.9038461538461539,0.8571428571428571,0.8571428571428571,0.0004
343,1.2482454776763916,1.1904661655426025,0.5576923076923077,0.8846153846153846,0.6428571428571429,0.8571428571428571,0.0004
344,1.1627427339553833,0.92160564661026,0.5769230769230769,0.8653846153846154,0.6428571428571429,1.0,0.0004
345,1.1177259683609009,1.3275688886642456,0.75,0.8846153846153846,0.7142857142857143,0.7142857142857143,0.0004
346,1.173267126083374,1.4436801671981812,0.5384615384615384,0.9038461538461539,0.5714285714285714,0.7857142857142857,0.0004
347,1.2709481716156006,1.6538571119308472,0.6730769230769231,0.8076923076923077,0.42857142857142855,0.5714285714285714,0.0004
348,1.0166510939598083,1.0615090131759644,0.6153846153846154,1.0,0.7142857142857143,0.7857142857142857,0.0004
349,1.1696083843708038,1.3346734046936035,0.5961538461538461,0.8269230769230769,0.5714285714285714,0.7857142857142857,0.0004
350,1.169841706752777,0.9762921333312988,0.5384615384615384,0.9423076923076923,0.6428571428571429,0.9285714285714286,0.0004
351,1.080926537513733,1.2527081966400146,0.6346153846153846,0.9038461538461539,0.6428571428571429,0.7857142857142857,0.0004
352,1.0347535014152527,1.5178507566452026,0.7692307692307693,0.8846153846153846,0.6428571428571429,0.6428571428571429,0.0004
353,1.3054291009902954,1.2786383628845215,0.5961538461538461,0.8653846153846154,0.7142857142857143,0.8571428571428571,0.0004
354,1.3878048658370972,1.436110258102417,0.5576923076923077,0.8076923076923077,0.6428571428571429,0.7142857142857143,0.0004
355,1.361294150352478,0.8696087002754211,0.6346153846153846,0.7884615384615384,0.7857142857142857,0.8571428571428571,0.0004
356,1.2986977100372314,1.5564842224121094,0.5961538461538461,0.8461538461538461,0.5714285714285714,0.6428571428571429,0.0004
357,1.262564778327942,1.5438542366027832,0.5961538461538461,0.8653846153846154,0.5714285714285714,0.7857142857142857,0.0004
358,1.158033311367035,1.2053475379943848,0.6730769230769231,0.8653846153846154,0.7142857142857143,0.7857142857142857,0.0004
359,1.169812262058258,1.4262480735778809,0.5961538461538461,0.8846153846153846,0.5714285714285714,0.7857142857142857,0.0004
360,1.1432280838489532,1.635283350944519,0.6346153846153846,0.8846153846153846,0.42857142857142855,0.7142857142857143,0.0004
361,1.138776183128357,1.6613922119140625,0.6538461538461539,0.8461538461538461,0.2857142857142857,0.8571428571428571,0.0004
362,1.261186957359314,1.709028959274292,0.5576923076923077,0.8269230769230769,0.35714285714285715,0.8571428571428571,0.0004
363,1.114029049873352,1.4883880615234375,0.7115384615384616,0.8269230769230769,0.5,0.8571428571428571,0.0004
364,1.0883533954620361,1.3458549976348877,0.6346153846153846,0.8269230769230769,0.5714285714285714,0.8571428571428571,0.0004
365,1.1892643868923187,0.7250473499298096,0.6538461538461539,0.8269230769230769,0.9285714285714286,0.8571428571428571,0.0004
366,1.323599934577942,1.5309574604034424,0.6153846153846154,0.8269230769230769,0.5,0.8571428571428571,0.0004
367,1.3087040781974792,1.3252348899841309,0.5961538461538461,0.8269230769230769,0.5,0.8571428571428571,0.0004
368,1.1350018978118896,1.3349677324295044,0.6538461538461539,0.8269230769230769,0.6428571428571429,0.7857142857142857,0.0004
369,1.209297001361847,1.3321940898895264,0.5961538461538461,0.8461538461538461,0.35714285714285715,0.8571428571428571,0.0004
370,1.3163424134254456,1.3974637985229492,0.5384615384615384,0.8653846153846154,0.5,0.7857142857142857,0.0004
371,1.1048688888549805,1.8745591640472412,0.6730769230769231,0.9230769230769231,0.2857142857142857,0.7142857142857143,0.0004
372,1.2421593070030212,1.4220194816589355,0.5576923076923077,0.8653846153846154,0.35714285714285715,0.8571428571428571,0.0004
373,1.317918300628662,1.0710914134979248,0.5384615384615384,0.8461538461538461,0.7857142857142857,0.7857142857142857,0.0004
374,1.2779917120933533,1.2902770042419434,0.6153846153846154,0.8653846153846154,0.5714285714285714,0.8571428571428571,0.0004
375,1.448005497455597,1.1897820234298706,0.5,0.8076923076923077,0.6428571428571429,0.7142857142857143,0.0004
376,1.2660340070724487,1.2247896194458008,0.5384615384615384,0.9038461538461539,0.7857142857142857,0.7142857142857143,0.0004
377,1.3762211203575134,1.2674720287322998,0.5576923076923077,0.8269230769230769,0.6428571428571429,0.6428571428571429,0.0004
378,1.2777259349822998,1.7508199214935303,0.38461538461538464,0.8653846153846154,0.21428571428571427,0.8571428571428571,0.0004
379,1.1997036337852478,1.2978389263153076,0.5384615384615384,0.8846153846153846,0.35714285714285715,0.8571428571428571,0.0004
380,1.300376534461975,1.3211547136306763,0.5192307692307693,0.8269230769230769,0.6428571428571429,0.7142857142857143,0.0004
381,1.3887903094291687,1.4618501663208008,0.5384615384615384,0.8269230769230769,0.42857142857142855,0.8571428571428571,0.0004
382,1.129378616809845,1.4430246353149414,0.6346153846153846,0.8269230769230769,0.6428571428571429,0.8571428571428571,0.0004
383,1.2909315824508667,1.2536194324493408,0.6346153846153846,0.8269230769230769,0.5,0.8571428571428571,0.0004
384,1.3609904050827026,1.4704927206039429,0.6538461538461539,0.8269230769230769,0.42857142857142855,0.8571428571428571,0.0004
385,1.3830567598342896,1.4842809438705444,0.5576923076923077,0.8269230769230769,0.42857142857142855,0.8571428571428571,0.0004
386,1.2055334448814392,1.4125083684921265,0.5961538461538461,0.8269230769230769,0.5714285714285714,0.8571428571428571,0.0004
387,1.1983007192611694,1.3975110054016113,0.6730769230769231,0.8269230769230769,0.5,0.8571428571428571,0.0004
388,1.3480006456375122,1.60530686378479,0.5769230769230769,0.8269230769230769,0.35714285714285715,0.8571428571428571,0.0004
389,1.0344515442848206,1.0162913799285889,0.7307692307692307,0.8269230769230769,0.6428571428571429,0.8571428571428571,0.0004
390,1.2249767780303955,1.1562941074371338,0.5576923076923077,0.8461538461538461,0.6428571428571429,0.7142857142857143,0.0004
391,1.1266611814498901,0.9506793022155762,0.6730769230769231,0.8461538461538461,0.7142857142857143,0.8571428571428571,0.0004
392,1.182540237903595,1.556958556175232,0.5576923076923077,0.8653846153846154,0.5,0.8571428571428571,0.0004
393,1.1814001202583313,1.1762149333953857,0.6538461538461539,0.8846153846153846,0.5714285714285714,0.8571428571428571,0.0004
394,1.0982020497322083,1.0877447128295898,0.6153846153846154,0.9038461538461539,0.6428571428571429,0.7142857142857143,0.0004
395,1.1408569812774658,1.4249742031097412,0.6538461538461539,0.8653846153846154,0.42857142857142855,0.8571428571428571,0.0004
396,1.2123867869377136,1.2418063879013062,0.5576923076923077,0.8846153846153846,0.6428571428571429,0.7857142857142857,0.0004
397,1.2087685465812683,1.3156251907348633,0.6538461538461539,0.8461538461538461,0.42857142857142855,0.8571428571428571,0.0004
398,1.1427387595176697,1.3352720737457275,0.6730769230769231,0.8846153846153846,0.6428571428571429,0.7857142857142857,0.0004
399,1.1430608034133911,1.0838431119918823,0.6153846153846154,0.8846153846153846,0.7142857142857143,0.8571428571428571,0.0004
400,1.25482839345932,1.0998398065567017,0.5961538461538461,0.8846153846153846,0.5714285714285714,0.7857142857142857,0.0004
401,1.47956782579422,1.2370750904083252,0.4230769230769231,0.8076923076923077,0.5714285714285714,0.7857142857142857,0.0004
402,1.1327462196350098,0.8792328834533691,0.6730769230769231,0.8653846153846154,0.7857142857142857,0.8571428571428571,0.0004
403,1.184158980846405,1.580519437789917,0.5576923076923077,0.9038461538461539,0.42857142857142855,0.7857142857142857,0.0004
404,1.1392749547958374,0.8983772397041321,0.5961538461538461,0.9423076923076923,0.7857142857142857,0.6428571428571429,0.0004
405,1.0937123000621796,1.240458607673645,0.6730769230769231,0.8076923076923077,0.6428571428571429,0.8571428571428571,0.0004
406,1.0737924575805664,1.308035135269165,0.6153846153846154,0.9038461538461539,0.5714285714285714,0.8571428571428571,0.0004
407,1.3833062648773193,1.6954171657562256,0.5769230769230769,0.7307692307692307,0.42857142857142855,0.8571428571428571,0.0004
408,1.2366297841072083,1.6538646221160889,0.5769230769230769,0.9038461538461539,0.5,0.7857142857142857,0.0004
409,1.1177882552146912,1.2211074829101562,0.7307692307692307,0.8461538461538461,0.42857142857142855,0.9285714285714286,0.0004
410,1.3856207728385925,1.3383561372756958,0.4807692307692308,0.8846153846153846,0.2857142857142857,0.8571428571428571,0.0004
411,1.3466758131980896,1.7960543632507324,0.5384615384615384,0.8269230769230769,0.42857142857142855,0.7142857142857143,0.0004
412,1.1558499932289124,1.206693172454834,0.5769230769230769,0.8846153846153846,0.6428571428571429,0.7857142857142857,0.0004
413,1.1858063340187073,1.677682638168335,0.5384615384615384,0.9038461538461539,0.5,0.6428571428571429,0.0004
414,1.213897466659546,1.6598225831985474,0.4807692307692308,0.8846153846153846,0.35714285714285715,0.7857142857142857,0.0004
415,1.286036193370819,1.2806247472763062,0.4807692307692308,0.8461538461538461,0.5714285714285714,0.7857142857142857,0.0004
416,1.4114959836006165,1.371862530708313,0.5384615384615384,0.8269230769230769,0.42857142857142855,0.8571428571428571,0.0004
417,1.2997347712516785,1.1575840711593628,0.5192307692307693,0.8269230769230769,0.6428571428571429,0.8571428571428571,0.0004
418,1.064432442188263,1.2589704990386963,0.6923076923076923,0.8269230769230769,0.42857142857142855,0.7857142857142857,0.0004
419,1.09564870595932,1.195145606994629,0.7307692307692307,0.8461538461538461,0.5,0.8571428571428571,0.0004
420,1.3565807938575745,1.595055341720581,0.5384615384615384,0.8461538461538461,0.42857142857142855,0.6428571428571429,0.0004
421,1.162230670452118,1.2377164363861084,0.6153846153846154,0.8653846153846154,0.7142857142857143,0.7857142857142857,0.0004
422,1.0731456875801086,1.6567842960357666,0.6538461538461539,0.8653846153846154,0.35714285714285715,0.7857142857142857,0.0004
423,1.1849573850631714,1.1337440013885498,0.5961538461538461,0.8461538461538461,0.6428571428571429,0.8571428571428571,0.0004
424,1.1930319666862488,1.4797948598861694,0.5769230769230769,0.8269230769230769,0.42857142857142855,0.7857142857142857,0.0004
425,1.1286577582359314,0.9927200675010681,0.5769230769230769,0.8846153846153846,0.6428571428571429,0.8571428571428571,0.0004
426,1.045196294784546,1.3036081790924072,0.6538461538461539,0.9038461538461539,0.5,0.8571428571428571,0.0004
427,1.0509380102157593,1.35540771484375,0.75,0.9038461538461539,0.5714285714285714,0.7857142857142857,0.0004
428,1.1698508262634277,1.1548502445220947,0.6346153846153846,0.8653846153846154,0.6428571428571429,0.8571428571428571,0.0004
429,1.0329978466033936,1.3052626848220825,0.7307692307692307,0.9038461538461539,0.6428571428571429,0.7142857142857143,0.0004
430,1.2583473920822144,1.5199134349822998,0.5576923076923077,0.8269230769230769,0.5714285714285714,0.7142857142857143,0.0004
431,1.2034920454025269,1.106945514678955,0.5961538461538461,0.8846153846153846,0.5714285714285714,0.9285714285714286,0.0004
432,1.0085474848747253,1.086430549621582,0.6538461538461539,0.9230769230769231,0.6428571428571429,0.7857142857142857,0.0004
433,1.2517691850662231,1.413112759590149,0.5961538461538461,0.8653846153846154,0.6428571428571429,0.7142857142857143,0.0004
434,1.10230553150177,1.5191612243652344,0.6923076923076923,0.9038461538461539,0.42857142857142855,0.7857142857142857,0.0004
435,1.2110822200775146,1.8272883892059326,0.5576923076923077,0.9038461538461539,0.35714285714285715,0.7857142857142857,0.0004
436,1.142426073551178,1.473891258239746,0.6730769230769231,0.8846153846153846,0.5,0.8571428571428571,0.0004
437,1.4019328355789185,1.452223777770996,0.5192307692307693,0.8653846153846154,0.7142857142857143,0.7857142857142857,0.0004
438,1.20864599943161,1.1113110780715942,0.6153846153846154,0.9038461538461539,0.5714285714285714,0.8571428571428571,0.0004
439,1.1796173453330994,1.2826656103134155,0.6538461538461539,0.8461538461538461,0.7142857142857143,0.8571428571428571,0.0004
440,1.0999775528907776,1.3116793632507324,0.6346153846153846,0.9230769230769231,0.7142857142857143,0.7857142857142857,0.0004
441,1.2611523866653442,1.557608962059021,0.5769230769230769,0.8846153846153846,0.42857142857142855,0.7857142857142857,0.0004
442,1.1279489696025848,1.5918662548065186,0.6346153846153846,0.8461538461538461,0.42857142857142855,0.7857142857142857,0.0004
443,1.3279527425765991,0.9400441646575928,0.5961538461538461,0.8846153846153846,0.7857142857142857,0.7857142857142857,0.0004
444,1.3396055698394775,1.4221844673156738,0.6153846153846154,0.8076923076923077,0.6428571428571429,0.6428571428571429,0.0004
445,1.133177101612091,1.317233920097351,0.5961538461538461,0.8846153846153846,0.5714285714285714,0.8571428571428571,0.0004
446,1.0216876864433289,1.1899950504302979,0.7115384615384616,0.8846153846153846,0.5714285714285714,0.8571428571428571,0.0004
447,1.1445574164390564,1.2655655145645142,0.6730769230769231,0.9038461538461539,0.5714285714285714,0.8571428571428571,0.0004
448,1.11331045627594,1.304410696029663,0.6346153846153846,0.8461538461538461,0.7142857142857143,0.7857142857142857,0.0004
449,1.2987543940544128,1.509091854095459,0.6346153846153846,0.8076923076923077,0.5714285714285714,0.7142857142857143,0.0004
450,1.0801805257797241,1.2978909015655518,0.6346153846153846,0.8846153846153846,0.7857142857142857,0.7142857142857143,0.0004
451,1.1628342866897583,1.3642055988311768,0.6538461538461539,0.8653846153846154,0.5714285714285714,0.7142857142857143,0.0004
452,1.081821084022522,1.4806797504425049,0.7115384615384616,0.8653846153846154,0.5,0.8571428571428571,0.0004
453,1.1989639401435852,1.142825961112976,0.6153846153846154,0.8846153846153846,0.7142857142857143,0.7857142857142857,0.0004
454,1.1835588216781616,1.4525384902954102,0.6346153846153846,0.8461538461538461,0.6428571428571429,0.7142857142857143,0.0004
455,1.0988100171089172,1.105376958847046,0.6153846153846154,0.9038461538461539,0.6428571428571429,0.8571428571428571,0.0004
456,1.0436756610870361,1.3390238285064697,0.6923076923076923,0.8653846153846154,0.6428571428571429,0.7142857142857143,0.0004
457,1.1728711128234863,1.261828064918518,0.6346153846153846,0.8461538461538461,0.5714285714285714,0.7857142857142857,0.0004
458,1.0804308652877808,1.0110989809036255,0.6346153846153846,0.9038461538461539,0.7857142857142857,0.7857142857142857,0.0004
459,1.2530791759490967,1.3437318801879883,0.5769230769230769,0.8461538461538461,0.5714285714285714,0.7857142857142857,0.0004
460,0.9521768093109131,1.3564989566802979,0.7307692307692307,0.9230769230769231,0.5714285714285714,0.8571428571428571,0.0004
461,1.0141968727111816,1.2141704559326172,0.7884615384615384,0.8653846153846154,0.6428571428571429,0.7857142857142857,0.0004
462,0.9296043217182159,1.222066879272461,0.6923076923076923,0.9230769230769231,0.5,0.8571428571428571,0.0004
463,1.1593440771102905,1.5207078456878662,0.6923076923076923,0.8653846153846154,0.42857142857142855,0.7857142857142857,0.0004
464,1.0822743773460388,1.1238842010498047,0.6923076923076923,0.8846153846153846,0.7142857142857143,0.8571428571428571,0.0004
465,1.1309458017349243,1.2828338146209717,0.6153846153846154,0.9230769230769231,0.6428571428571429,0.7857142857142857,0.0004
466,1.215899646282196,1.1142873764038086,0.75,0.8269230769230769,0.7142857142857143,0.7857142857142857,0.0004
467,1.1533688306808472,0.8544695973396301,0.6153846153846154,0.8461538461538461,0.7142857142857143,0.9285714285714286,0.0004
468,1.2295914888381958,1.3885586261749268,0.5961538461538461,0.8461538461538461,0.5714285714285714,0.8571428571428571,0.0004
469,1.047474205493927,1.5250041484832764,0.6346153846153846,0.8653846153846154,0.42857142857142855,0.7857142857142857,0.0004
470,1.0552176535129547,1.3048183917999268,0.6730769230769231,0.8653846153846154,0.5714285714285714,0.7142857142857143,0.0004
471,1.1089063882827759,1.4634894132614136,0.6346153846153846,0.8461538461538461,0.5,0.7857142857142857,0.0004
472,1.151282250881195,1.2506210803985596,0.5769230769230769,0.8846153846153846,0.7142857142857143,0.7857142857142857,0.0004
473,1.07792529463768,0.7826529741287231,0.5769230769230769,0.8653846153846154,0.7857142857142857,0.8571428571428571,0.0004
474,1.2831060290336609,1.922062873840332,0.6153846153846154,0.8076923076923077,0.2857142857142857,0.8571428571428571,0.0004
475,1.072043240070343,1.4159839153289795,0.5961538461538461,0.9230769230769231,0.5714285714285714,0.7857142857142857,0.0004
476,0.889746755361557,1.4727187156677246,0.6923076923076923,0.9038461538461539,0.5,0.8571428571428571,0.0004
477,0.9973193109035492,1.36073899269104,0.6923076923076923,0.8846153846153846,0.5,0.7142857142857143,0.0004
478,1.0507405400276184,0.8364159464836121,0.6730769230769231,0.8846153846153846,0.8571428571428571,0.7857142857142857,0.0004
479,0.9667019546031952,0.9644814729690552,0.6923076923076923,0.9230769230769231,0.7857142857142857,0.7142857142857143,0.0004
480,1.1261203289031982,1.1805685758590698,0.6538461538461539,0.8461538461538461,0.5,0.8571428571428571,0.0004
481,1.1556513905525208,0.8770573735237122,0.7307692307692307,0.8461538461538461,0.7857142857142857,0.8571428571428571,0.0004
482,0.9759628474712372,1.4615687131881714,0.6538461538461539,0.8653846153846154,0.5,0.7857142857142857,0.0004
483,0.9584013819694519,1.2354943752288818,0.75,0.9038461538461539,0.42857142857142855,0.8571428571428571,0.0004
484,0.9802428781986237,1.1693553924560547,0.6538461538461539,0.9038461538461539,0.6428571428571429,0.8571428571428571,0.0004
485,1.0374611020088196,1.8192932605743408,0.7115384615384616,0.8846153846153846,0.35714285714285715,0.7857142857142857,0.0004
486,1.1983521580696106,1.7434262037277222,0.5769230769230769,0.8653846153846154,0.42857142857142855,0.7857142857142857,0.0004
487,1.1523712277412415,1.3981229066848755,0.6346153846153846,0.8846153846153846,0.5714285714285714,0.7857142857142857,0.0004
488,1.1060677766799927,1.1684157848358154,0.6153846153846154,0.8653846153846154,0.7857142857142857,0.7142857142857143,0.0004
489,1.189647912979126,0.9071487188339233,0.6346153846153846,0.9230769230769231,0.7857142857142857,0.7857142857142857,0.0004
490,0.9702303409576416,1.3281481266021729,0.75,0.9423076923076923,0.5714285714285714,0.7142857142857143,0.0004
491,1.1043076515197754,1.6282293796539307,0.6153846153846154,0.8653846153846154,0.5,0.7142857142857143,0.0004
492,1.0752177238464355,1.3124696016311646,0.5769230769230769,0.8846153846153846,0.5714285714285714,0.7857142857142857,0.0004
493,1.0029106140136719,1.3163690567016602,0.6923076923076923,0.8846153846153846,0.5714285714285714,0.7857142857142857,0.0004
494,0.9261414706707001,1.2409979104995728,0.75,0.9038461538461539,0.5714285714285714,0.7857142857142857,0.0004
495,1.2083619832992554,1.258387565612793,0.6346153846153846,0.8653846153846154,0.5714285714285714,0.8571428571428571,0.0004
496,1.2128776907920837,0.992138147354126,0.6153846153846154,0.8269230769230769,0.7857142857142857,0.8571428571428571,0.0004
497,0.9465849697589874,0.9366787672042847,0.75,0.8846153846153846,0.5,1.0,0.0004
498,0.9832525849342346,1.3733429908752441,0.7884615384615384,0.8076923076923077,0.6428571428571429,0.6428571428571429,0.0004
499,1.102859377861023,0.7125810384750366,0.6730769230769231,0.9038461538461539,0.6428571428571429,1.0,0.0004
500,1.2131600975990295,1.3701846599578857,0.6923076923076923,0.8269230769230769,0.6428571428571429,0.6428571428571429,0.0004
501,1.023177981376648,1.1482160091400146,0.7307692307692307,0.8269230769230769,0.5714285714285714,0.9285714285714286,0.0004
502,0.8649458587169647,1.5635042190551758,0.7307692307692307,0.9423076923076923,0.5,0.7142857142857143,0.0004
503,0.9645505845546722,1.279736042022705,0.6923076923076923,0.9230769230769231,0.6428571428571429,0.7857142857142857,0.0004
504,1.150269329547882,1.3614444732666016,0.6153846153846154,0.8653846153846154,0.5,0.8571428571428571,0.0004
505,0.9726539850234985,1.154569387435913,0.75,0.9230769230769231,0.7142857142857143,0.7857142857142857,0.0004
506,1.1943223476409912,1.1511973142623901,0.6730769230769231,0.8461538461538461,0.6428571428571429,0.8571428571428571,0.0004
507,1.1838138103485107,1.4583539962768555,0.6923076923076923,0.8846153846153846,0.5,0.7857142857142857,0.0004
508,1.1460414826869965,1.32282292842865,0.5961538461538461,0.8461538461538461,0.6428571428571429,0.7857142857142857,0.0004
509,0.859540194272995,1.616897463798523,0.75,0.9423076923076923,0.42857142857142855,0.7857142857142857,0.0004
510,1.100354552268982,0.9894527196884155,0.7115384615384616,0.8269230769230769,0.6428571428571429,0.9285714285714286,0.0004
511,1.1287935972213745,0.9452635049819946,0.5192307692307693,0.8653846153846154,0.8571428571428571,0.8571428571428571,0.0004
512,1.2140238881111145,0.9506160020828247,0.6153846153846154,0.8269230769230769,0.6428571428571429,0.8571428571428571,0.0004
513,1.1725479066371918,0.991242527961731,0.5384615384615384,0.8461538461538461,0.7142857142857143,0.7857142857142857,0.0004
514,1.3493472933769226,0.9264751672744751,0.6346153846153846,0.7884615384615384,0.8571428571428571,0.7857142857142857,0.0004
515,1.1732178330421448,1.2409930229187012,0.6923076923076923,0.9038461538461539,0.6428571428571429,0.7857142857142857,0.0004
516,1.309755563735962,1.4251595735549927,0.6346153846153846,0.8846153846153846,0.5714285714285714,0.7857142857142857,0.0004
517,0.9457967579364777,1.1625664234161377,0.6923076923076923,0.9038461538461539,0.7142857142857143,0.6428571428571429,0.0004
518,1.140119194984436,0.9643047451972961,0.6346153846153846,0.8653846153846154,0.8571428571428571,0.6428571428571429,0.0004
519,0.953127920627594,0.7420508861541748,0.7307692307692307,0.8653846153846154,0.8571428571428571,0.8571428571428571,0.0004
520,1.200950264930725,0.9846315383911133,0.6346153846153846,0.8846153846153846,0.5714285714285714,0.8571428571428571,0.0004
521,1.0619351863861084,1.4653294086456299,0.6538461538461539,0.8846153846153846,0.42857142857142855,0.7857142857142857,0.0004
522,1.0829019844532013,0.9582399725914001,0.5961538461538461,0.8653846153846154,0.7142857142857143,0.8571428571428571,0.0004
523,1.1682204008102417,1.2689077854156494,0.6538461538461539,0.8269230769230769,0.6428571428571429,0.7142857142857143,0.0004
524,0.8664749264717102,1.208106279373169,0.75,0.9423076923076923,0.7142857142857143,0.7857142857142857,0.0004
525,0.8894768953323364,1.5085201263427734,0.6923076923076923,0.9423076923076923,0.5714285714285714,0.7857142857142857,0.0004
526,0.940238893032074,0.7642945051193237,0.6923076923076923,0.9230769230769231,0.7857142857142857,1.0,0.0004
527,0.9542581737041473,0.9919999837875366,0.7307692307692307,0.8846153846153846,0.5,0.9285714285714286,0.0004
528,1.0734007358551025,1.0998363494873047,0.6923076923076923,0.8653846153846154,0.42857142857142855,0.8571428571428571,0.0004
529,1.2227139472961426,0.9235081076622009,0.6153846153846154,0.8269230769230769,0.7857142857142857,0.7857142857142857,0.0004
530,1.1892861127853394,1.244445562362671,0.6538461538461539,0.8461538461538461,0.7142857142857143,0.7857142857142857,0.0004
531,1.1233099699020386,1.5201444625854492,0.6153846153846154,0.8846153846153846,0.5,0.7142857142857143,0.0004
532,1.1108213663101196,1.4737427234649658,0.75,0.8076923076923077,0.5714285714285714,0.7142857142857143,0.0004
533,1.0245442390441895,1.620681881904602,0.6538461538461539,0.8846153846153846,0.5,0.7857142857142857,0.0004
534,1.0514609515666962,1.0828343629837036,0.6730769230769231,0.8846153846153846,0.5714285714285714,0.9285714285714286,0.0004
535,1.1757407188415527,1.240138292312622,0.6346153846153846,0.8269230769230769,0.7142857142857143,0.7857142857142857,0.0004
536,1.0055867731571198,1.0946909189224243,0.7115384615384616,0.8653846153846154,0.7857142857142857,0.7857142857142857,0.0004
537,0.9934042990207672,1.7216556072235107,0.6538461538461539,0.9038461538461539,0.42857142857142855,0.8571428571428571,0.0004
538,1.0945252478122711,1.237109661102295,0.6346153846153846,0.9038461538461539,0.5714285714285714,0.8571428571428571,0.0004
539,1.0815837979316711,1.1102547645568848,0.7115384615384616,0.8846153846153846,0.7142857142857143,0.9285714285714286,0.0004
540,0.9151549339294434,0.9785223603248596,0.6153846153846154,0.9230769230769231,0.7142857142857143,0.8571428571428571,0.0004
541,0.9992372393608093,1.0354454517364502,0.6538461538461539,0.9423076923076923,0.6428571428571429,0.9285714285714286,0.0004
542,0.9427880644798279,1.11740243434906,0.7115384615384616,0.9230769230769231,0.6428571428571429,0.8571428571428571,0.0004
543,1.0995699763298035,1.2973490953445435,0.6730769230769231,0.8653846153846154,0.5,0.8571428571428571,0.0004
544,0.9107653498649597,0.7895926833152771,0.7307692307692307,0.8846153846153846,0.6428571428571429,1.0,0.0004
545,1.167113482952118,1.14716637134552,0.5769230769230769,0.8076923076923077,0.7142857142857143,0.8571428571428571,0.0004
546,1.1001145839691162,1.3091301918029785,0.6923076923076923,0.8461538461538461,0.5,0.8571428571428571,0.0004
547,1.0120835304260254,1.7398686408996582,0.6538461538461539,0.8653846153846154,0.5,0.7857142857142857,0.0004
548,0.9561705887317657,1.6076653003692627,0.7692307692307693,0.9038461538461539,0.42857142857142855,0.8571428571428571,0.0004
549,1.0456091165542603,0.7306860089302063,0.5769230769230769,0.8846153846153846,0.9285714285714286,0.7142857142857143,0.0004
550,1.1909425854682922,1.3305718898773193,0.5769230769230769,0.8269230769230769,0.5714285714285714,0.7857142857142857,0.0004
551,1.014427125453949,1.4000842571258545,0.6538461538461539,0.9038461538461539,0.6428571428571429,0.8571428571428571,0.0004
552,1.0375769138336182,1.6278493404388428,0.6538461538461539,0.8653846153846154,0.5,0.7142857142857143,0.0004
553,0.9138651192188263,1.0460258722305298,0.7115384615384616,0.9038461538461539,0.7142857142857143,0.8571428571428571,0.0004
554,1.1246488094329834,1.4002442359924316,0.6538461538461539,0.8653846153846154,0.7142857142857143,0.7142857142857143,0.0004
555,1.1357468366622925,1.412392497062683,0.6153846153846154,0.8461538461538461,0.35714285714285715,0.7857142857142857,0.0004
556,1.2791512608528137,1.3958905935287476,0.6346153846153846,0.8269230769230769,0.35714285714285715,0.8571428571428571,0.0004
557,0.9884046316146851,1.2295668125152588,0.6538461538461539,0.9038461538461539,0.7142857142857143,0.8571428571428571,0.0004
558,1.1544007062911987,1.6369898319244385,0.6923076923076923,0.9038461538461539,0.5,0.7857142857142857,0.0004
559,1.1498484909534454,1.4979474544525146,0.5961538461538461,0.8461538461538461,0.42857142857142855,0.8571428571428571,0.0004
560,1.1379780769348145,1.4486784934997559,0.6538461538461539,0.8653846153846154,0.6428571428571429,0.7857142857142857,0.0004
561,0.9481161236763,1.369396448135376,0.6923076923076923,0.9038461538461539,0.6428571428571429,0.7857142857142857,0.0004
562,0.9801284074783325,1.3899948596954346,0.75,0.8461538461538461,0.5714285714285714,0.7857142857142857,0.0004
563,1.1842724680900574,1.789642572402954,0.6346153846153846,0.8846153846153846,0.5,0.6428571428571429,0.0004
564,1.084080159664154,1.1481117010116577,0.6346153846153846,0.8461538461538461,0.5714285714285714,0.8571428571428571,0.0004
565,1.269543707370758,1.2626924514770508,0.5961538461538461,0.9038461538461539,0.6428571428571429,0.7857142857142857,0.0004
566,1.2084603905677795,1.189310908317566,0.6730769230769231,0.8461538461538461,0.5,0.8571428571428571,0.0004
567,1.330287367105484,1.5709657669067383,0.6730769230769231,0.8269230769230769,0.5714285714285714,0.6428571428571429,0.0004
568,1.0309981107711792,0.9702808856964111,0.6346153846153846,0.8846153846153846,0.6428571428571429,0.8571428571428571,0.0004
569,1.0425202548503876,1.2801775932312012,0.6730769230769231,0.9230769230769231,0.42857142857142855,0.8571428571428571,0.0004
570,1.0927371978759766,1.715990424156189,0.6923076923076923,0.8461538461538461,0.42857142857142855,0.7142857142857143,0.0004
571,1.0379133224487305,1.127922773361206,0.6923076923076923,0.8653846153846154,0.6428571428571429,0.7857142857142857,0.0004
572,1.2762160897254944,1.4832977056503296,0.6346153846153846,0.7884615384615384,0.5714285714285714,0.7857142857142857,0.0004
573,1.124975323677063,1.6347014904022217,0.6538461538461539,0.9038461538461539,0.42857142857142855,0.8571428571428571,0.0004
574,1.0041816234588623,1.0598188638687134,0.6538461538461539,0.9038461538461539,0.7142857142857143,0.8571428571428571,0.0004
575,1.265619158744812,1.3607702255249023,0.5384615384615384,0.8846153846153846,0.7142857142857143,0.7142857142857143,0.0004
576,1.354601263999939,1.4388782978057861,0.5576923076923077,0.8653846153846154,0.5714285714285714,0.7857142857142857,0.0004
577,1.1594703793525696,0.9476004838943481,0.5961538461538461,0.8846153846153846,0.7142857142857143,0.8571428571428571,0.0004
578,1.3401174247264862,1.3859673738479614,0.5576923076923077,0.8653846153846154,0.7142857142857143,0.6428571428571429,0.0004
579,1.1347352862358093,1.2866344451904297,0.6730769230769231,0.9230769230769231,0.7857142857142857,0.7142857142857143,0.0004
580,1.1156581044197083,0.7152349948883057,0.7115384615384616,0.9038461538461539,0.9285714285714286,0.9285714285714286,0.0004
581,1.1182419061660767,1.3382251262664795,0.6923076923076923,0.8653846153846154,0.5,0.9285714285714286,0.0004
582,1.1654692888259888,1.2980936765670776,0.6153846153846154,0.8846153846153846,0.7857142857142857,0.7142857142857143,0.0004
583,1.215621531009674,1.5514609813690186,0.5576923076923077,0.8846153846153846,0.5714285714285714,0.7142857142857143,0.0004
584,1.0340611338615417,1.2147870063781738,0.6153846153846154,0.9615384615384616,0.5,1.0,0.0004
585,1.2868638634681702,1.9822280406951904,0.5384615384615384,0.8653846153846154,0.35714285714285715,0.7142857142857143,0.0004
586,1.1033763885498047,1.4159631729125977,0.6538461538461539,0.9038461538461539,0.5714285714285714,0.7857142857142857,0.0004
587,0.9463734924793243,0.987305760383606,0.6923076923076923,0.8846153846153846,0.6428571428571429,0.9285714285714286,0.0004
588,1.16867995262146,1.456403374671936,0.7115384615384616,0.8269230769230769,0.5714285714285714,0.7857142857142857,0.0004
589,1.0576386749744415,1.723947525024414,0.6346153846153846,0.9038461538461539,0.5,0.7142857142857143,0.0004
590,0.9598093628883362,1.4821536540985107,0.75,0.9230769230769231,0.6428571428571429,0.6428571428571429,0.0004
591,1.1256462931632996,0.9175541400909424,0.6923076923076923,0.8653846153846154,0.8571428571428571,0.8571428571428571,0.0004
592,1.104420006275177,1.004349946975708,0.6153846153846154,0.8653846153846154,0.7857142857142857,0.7857142857142857,0.0004
593,1.0837161540985107,1.3248565196990967,0.5961538461538461,0.8846153846153846,0.7857142857142857,0.7142857142857143,0.0004
594,1.236000657081604,1.3907625675201416,0.5961538461538461,0.8269230769230769,0.5714285714285714,0.8571428571428571,0.0004
595,1.0773367881774902,1.5771205425262451,0.6153846153846154,0.8846153846153846,0.5714285714285714,0.7857142857142857,0.0004
596,1.3312368988990784,1.3753669261932373,0.5769230769230769,0.8461538461538461,0.6428571428571429,0.7142857142857143,0.0004
597,1.2629766464233398,1.5868993997573853,0.6153846153846154,0.9038461538461539,0.42857142857142855,0.7857142857142857,0.0004
598,1.12417933344841,1.1157346963882446,0.5769230769230769,0.8269230769230769,0.6428571428571429,0.8571428571428571,0.0004
599,0.8930948674678802,1.1811577081680298,0.6923076923076923,0.9423076923076923,0.5714285714285714,0.9285714285714286,0.0004
600,1.0490782260894775,1.2278852462768555,0.6538461538461539,0.8461538461538461,0.7142857142857143,0.7142857142857143,0.0004
601,1.027286320924759,0.9876890182495117,0.7115384615384616,0.8653846153846154,0.8571428571428571,0.7142857142857143,0.0004
602,1.2544458508491516,1.8980331420898438,0.6346153846153846,0.8846153846153846,0.5,0.7857142857142857,0.0004
603,1.1722814440727234,1.2247650623321533,0.6730769230769231,0.9038461538461539,0.5,0.8571428571428571,0.0004
604,1.216477632522583,1.1412136554718018,0.7307692307692307,0.8076923076923077,0.7857142857142857,0.7857142857142857,0.0004
605,1.0934837460517883,1.0792319774627686,0.6730769230769231,0.8461538461538461,0.7142857142857143,0.7857142857142857,0.0004
606,0.9296920299530029,1.3916144371032715,0.6923076923076923,0.8846153846153846,0.6428571428571429,0.7142857142857143,0.0004
607,0.9722263514995575,0.9360523223876953,0.7115384615384616,0.9038461538461539,0.7142857142857143,0.8571428571428571,0.0004
608,1.2327998280525208,1.3215689659118652,0.5576923076923077,0.8461538461538461,0.7142857142857143,0.7857142857142857,0.0004
609,1.3002660274505615,1.3507091999053955,0.5769230769230769,0.8461538461538461,0.5,0.8571428571428571,0.0004
610,1.1574169397354126,1.2288435697555542,0.7307692307692307,0.8653846153846154,0.5714285714285714,0.9285714285714286,0.0004
611,1.1312941312789917,1.492692232131958,0.6346153846153846,0.9038461538461539,0.5,0.8571428571428571,0.0004
612,1.086957037448883,1.1413886547088623,0.7115384615384616,0.8461538461538461,0.6428571428571429,0.8571428571428571,0.0004
613,1.1082420349121094,0.8734294176101685,0.6730769230769231,0.8653846153846154,0.7142857142857143,0.8571428571428571,0.0004
614,1.1527233719825745,1.5171892642974854,0.6153846153846154,0.8269230769230769,0.5,0.7857142857142857,0.0004
615,1.0065156817436218,1.326050043106079,0.7115384615384616,0.8269230769230769,0.7142857142857143,0.8571428571428571,0.0004
616,1.201032042503357,1.1698724031448364,0.5769230769230769,0.8269230769230769,0.5,0.9285714285714286,0.0004
617,1.173669457435608,1.4632959365844727,0.5576923076923077,0.8653846153846154,0.5714285714285714,0.7857142857142857,0.0004
618,0.9968903660774231,0.9982138276100159,0.5961538461538461,0.9230769230769231,0.6428571428571429,0.9285714285714286,0.0004
619,1.1464486718177795,1.2536406517028809,0.6346153846153846,0.9230769230769231,0.6428571428571429,0.7142857142857143,0.0004
620,1.0545391142368317,1.6536816358566284,0.75,0.8653846153846154,0.42857142857142855,0.6428571428571429,0.0004
621,1.164524793624878,1.2520947456359863,0.6730769230769231,0.8461538461538461,0.7857142857142857,0.7142857142857143,0.0004
622,1.0915765166282654,1.6957175731658936,0.6538461538461539,0.9423076923076923,0.5,0.7142857142857143,0.0004
623,0.9314676821231842,1.7473726272583008,0.7692307692307693,0.8846153846153846,0.42857142857142855,0.7857142857142857,0.0004
624,1.0381159782409668,1.1021729707717896,0.6730769230769231,0.9038461538461539,0.7142857142857143,0.7857142857142857,0.0004
625,1.0838750898838043,1.197731852531433,0.6346153846153846,0.9230769230769231,0.5,0.7857142857142857,0.0004
626,1.0810168981552124,1.204108715057373,0.6538461538461539,0.9230769230769231,0.6428571428571429,0.9285714285714286,0.0004
627,1.0652593970298767,0.9162120819091797,0.6923076923076923,0.8846153846153846,0.8571428571428571,0.7142857142857143,0.0004
628,1.0277682542800903,1.4314136505126953,0.7307692307692307,0.8846153846153846,0.42857142857142855,0.7857142857142857,0.0004
629,1.1264938116073608,0.8802917003631592,0.7115384615384616,0.8461538461538461,0.7857142857142857,0.7857142857142857,0.0004
630,0.9309910535812378,1.170872688293457,0.6346153846153846,0.9038461538461539,0.5714285714285714,0.8571428571428571,0.0004
631,0.8542475700378418,1.273128867149353,0.7307692307692307,0.9423076923076923,0.6428571428571429,0.7857142857142857,0.0004
632,1.0087569057941437,0.988315999507904,0.75,0.9038461538461539,0.5,0.9285714285714286,0.0004
633,1.0112560987472534,1.302459955215454,0.6346153846153846,0.9038461538461539,0.42857142857142855,0.7857142857142857,0.0004
634,1.1257680654525757,1.4321928024291992,0.6538461538461539,0.8653846153846154,0.5714285714285714,0.7142857142857143,0.0004
635,1.2011562585830688,0.6757333278656006,0.5769230769230769,0.8461538461538461,0.9285714285714286,0.7857142857142857,0.0004
636,0.9641894102096558,1.130213737487793,0.75,0.9230769230769231,0.6428571428571429,0.9285714285714286,0.0004
637,1.06594318151474,1.231596827507019,0.6538461538461539,0.8846153846153846,0.6428571428571429,0.7857142857142857,0.0004
638,1.2183103561401367,1.6461042165756226,0.5384615384615384,0.8461538461538461,0.42857142857142855,0.7857142857142857,0.0004
639,1.283507525920868,1.1361031532287598,0.5384615384615384,0.8846153846153846,0.5714285714285714,0.9285714285714286,0.0004
640,1.055924117565155,1.0042413473129272,0.6346153846153846,0.8653846153846154,0.7142857142857143,0.9285714285714286,0.0004
641,1.1623724699020386,1.515139102935791,0.6923076923076923,0.8269230769230769,0.42857142857142855,0.8571428571428571,0.0004
642,0.7848566770553589,1.2125451564788818,0.7692307692307693,0.9230769230769231,0.5714285714285714,0.8571428571428571,0.0004
643,1.2412391304969788,1.1015461683273315,0.6538461538461539,0.8076923076923077,0.5714285714285714,0.9285714285714286,0.0004
644,1.2137539386749268,0.9207862615585327,0.6923076923076923,0.7884615384615384,0.7142857142857143,0.8571428571428571,0.0004
645,1.453309178352356,1.339792251586914,0.7115384615384616,0.75,0.6428571428571429,0.6428571428571429,0.0004
646,1.1453711986541748,1.254612684249878,0.7115384615384616,0.7884615384615384,0.7142857142857143,0.7857142857142857,0.0004
647,1.033212661743164,1.5870813131332397,0.7692307692307693,0.8653846153846154,0.42857142857142855,0.8571428571428571,0.0004
648,1.4326960444450378,1.8205251693725586,0.6538461538461539,0.7307692307692307,0.6428571428571429,0.6428571428571429,0.0004
649,1.2578922510147095,1.1160968542099,0.6730769230769231,0.8269230769230769,0.7142857142857143,0.7857142857142857,0.0004
650,1.0459720492362976,1.0977321863174438,0.6730769230769231,0.8461538461538461,0.8571428571428571,0.7857142857142857,0.0004
651,1.1782971024513245,1.2740249633789062,0.6538461538461539,0.8076923076923077,0.5714285714285714,0.8571428571428571,0.0004
652,0.8142558336257935,1.1637641191482544,0.8076923076923077,0.8846153846153846,0.5714285714285714,0.8571428571428571,0.0004
653,1.1628588438034058,1.0402873754501343,0.6730769230769231,0.8461538461538461,0.7142857142857143,0.9285714285714286,0.0004
654,1.2715697288513184,1.1758697032928467,0.5961538461538461,0.8846153846153846,0.7857142857142857,0.7142857142857143,0.0004
655,1.0075383186340332,1.1638392210006714,0.6730769230769231,0.9038461538461539,0.7142857142857143,0.7142857142857143,0.0004
656,1.2146681547164917,1.5354523658752441,0.6346153846153846,0.8846153846153846,0.6428571428571429,0.7857142857142857,0.0004
657,1.3823217749595642,1.254701852798462,0.6346153846153846,0.8269230769230769,0.7857142857142857,0.7142857142857143,0.0004
658,1.223371684551239,1.480640172958374,0.5576923076923077,0.8846153846153846,0.5714285714285714,0.7142857142857143,0.0004
659,1.0132690370082855,1.1426749229431152,0.6538461538461539,0.8269230769230769,0.6428571428571429,0.7857142857142857,0.0004
660,1.3034470081329346,1.360431432723999,0.5384615384615384,0.8076923076923077,0.5,0.9285714285714286,0.0004
661,1.1678709387779236,1.2000095844268799,0.6153846153846154,0.8461538461538461,0.7857142857142857,0.7142857142857143,0.0004
662,0.9544466435909271,1.0120092630386353,0.6730769230769231,0.9230769230769231,0.6428571428571429,0.7857142857142857,0.0004
663,1.1308693289756775,1.3882644176483154,0.5769230769230769,0.9038461538461539,0.5,0.8571428571428571,0.0004
664,0.9997377693653107,0.8409748673439026,0.6153846153846154,0.8653846153846154,0.7142857142857143,0.9285714285714286,0.0004
665,1.2513284087181091,1.6258865594863892,0.5769230769230769,0.7884615384615384,0.35714285714285715,0.7857142857142857,0.0004
666,0.8447284698486328,1.301279902458191,0.7307692307692307,0.9230769230769231,0.5714285714285714,0.8571428571428571,0.0004
667,0.9309609532356262,0.7987923622131348,0.7307692307692307,0.9423076923076923,0.7857142857142857,0.7857142857142857,0.0004
668,1.1640134453773499,1.40396249294281,0.75,0.8461538461538461,0.5,0.8571428571428571,0.0004
669,1.0355445444583893,1.3716579675674438,0.6538461538461539,0.9038461538461539,0.42857142857142855,0.8571428571428571,0.0004
670,1.1018635630607605,1.24379563331604,0.6730769230769231,0.8461538461538461,0.7142857142857143,0.7142857142857143,0.0004
671,1.218841016292572,0.8985658288002014,0.6153846153846154,0.8461538461538461,0.7857142857142857,0.9285714285714286,0.0004
672,0.9480847716331482,1.3488006591796875,0.7115384615384616,0.8846153846153846,0.42857142857142855,0.8571428571428571,0.0004
673,0.9547568559646606,1.1444684267044067,0.7692307692307693,0.9423076923076923,0.6428571428571429,0.7857142857142857,0.0004
674,1.2703708410263062,1.2478206157684326,0.6538461538461539,0.8269230769230769,0.5714285714285714,0.7857142857142857,0.0004
675,0.9175868034362793,1.1514981985092163,0.7307692307692307,0.9230769230769231,0.6428571428571429,0.8571428571428571,0.0004
676,1.205719232559204,1.3371431827545166,0.6538461538461539,0.8269230769230769,0.6428571428571429,0.7142857142857143,0.0004
677,1.0640894770622253,1.1024489402770996,0.75,0.8846153846153846,0.7142857142857143,0.8571428571428571,0.0004
678,0.9874771237373352,1.0261569023132324,0.6730769230769231,0.8846153846153846,0.7142857142857143,0.8571428571428571,0.0004
679,1.0961650609970093,1.4368150234222412,0.6538461538461539,0.8461538461538461,0.5,0.7142857142857143,0.0004
680,1.026511549949646,1.0356559753417969,0.7692307692307693,0.8846153846153846,0.7142857142857143,0.7857142857142857,0.0004
681,1.1631565690040588,1.2967259883880615,0.6346153846153846,0.8076923076923077,0.6428571428571429,0.7857142857142857,0.0004
682,1.0527377724647522,0.9750053882598877,0.6923076923076923,0.8653846153846154,0.7142857142857143,0.7857142857142857,0.0004
683,1.0525068640708923,1.6725752353668213,0.6730769230769231,0.8076923076923077,0.5714285714285714,0.7142857142857143,0.0004
684,0.9214057624340057,1.2177932262420654,0.7884615384615384,0.8653846153846154,0.5,0.8571428571428571,0.0004
685,1.0313892364501953,1.1209183931350708,0.7307692307692307,0.8653846153846154,0.7142857142857143,0.7857142857142857,0.0004
686,1.029333472251892,1.046977162361145,0.7115384615384616,0.7884615384615384,0.7142857142857143,0.8571428571428571,0.0004
687,1.2585747838020325,1.1505672931671143,0.6538461538461539,0.7884615384615384,0.6428571428571429,0.7142857142857143,0.0004
688,0.9092570245265961,1.1834113597869873,0.7692307692307693,0.9038461538461539,0.6428571428571429,0.7142857142857143,0.0004
689,1.3324471712112427,0.9526066780090332,0.5769230769230769,0.8076923076923077,0.6428571428571429,0.9285714285714286,0.0004
690,1.1987261176109314,0.7886868715286255,0.6730769230769231,0.8076923076923077,0.8571428571428571,0.8571428571428571,0.0004
691,0.8648901581764221,1.1466290950775146,0.7307692307692307,0.9423076923076923,0.6428571428571429,0.9285714285714286,0.0004
692,0.800754576921463,0.7620552778244019,0.8269230769230769,0.9230769230769231,0.7142857142857143,0.9285714285714286,0.0004
693,0.9034883379936218,1.484952688217163,0.6730769230769231,0.9423076923076923,0.5714285714285714,0.7142857142857143,0.0004
694,0.993598610162735,1.2371619939804077,0.7307692307692307,0.9038461538461539,0.5714285714285714,0.9285714285714286,0.0004
695,0.9368977546691895,0.9055454730987549,0.75,0.8846153846153846,0.8571428571428571,0.9285714285714286,0.0004
696,0.9785674512386322,0.9940757751464844,0.6923076923076923,0.8461538461538461,0.5714285714285714,0.9285714285714286,0.0004
697,1.0447255373001099,1.0258100032806396,0.7115384615384616,0.7884615384615384,0.6428571428571429,0.9285714285714286,0.0004
698,1.0302989482879639,1.2312588691711426,0.7692307692307693,0.8846153846153846,0.6428571428571429,0.7857142857142857,0.0004
699,0.931928813457489,0.8147637248039246,0.7692307692307693,0.9038461538461539,0.7142857142857143,0.8571428571428571,0.0004
700,1.0605023503303528,1.5057145357131958,0.6730769230769231,0.8653846153846154,0.5714285714285714,0.8571428571428571,0.0004
701,1.2693556547164917,0.8597743511199951,0.5769230769230769,0.8269230769230769,0.7857142857142857,0.8571428571428571,0.0004
702,1.1575350761413574,0.9763708114624023,0.6923076923076923,0.8461538461538461,0.7142857142857143,0.8571428571428571,0.0004
703,0.9465508759021759,0.8490127325057983,0.6923076923076923,0.9423076923076923,0.7857142857142857,0.8571428571428571,0.0004
704,1.0399625897407532,1.1089146137237549,0.6538461538461539,0.8846153846153846,0.6428571428571429,0.8571428571428571,0.0004
705,0.8658022284507751,1.212051272392273,0.7115384615384616,0.8846153846153846,0.5,1.0,0.0004
706,1.0484078526496887,0.7736873030662537,0.7115384615384616,0.8269230769230769,0.7142857142857143,0.9285714285714286,0.0004
707,1.1206843256950378,0.7518823146820068,0.5576923076923077,0.8269230769230769,0.7857142857142857,0.8571428571428571,0.0004
708,1.0378111004829407,0.7646195888519287,0.6346153846153846,0.8846153846153846,0.7142857142857143,0.9285714285714286,0.0004
709,1.0728909373283386,1.0635788440704346,0.6923076923076923,0.8846153846153846,0.6428571428571429,0.7857142857142857,0.0004
710,1.0820240378379822,1.067284107208252,0.6346153846153846,0.8653846153846154,0.7857142857142857,0.8571428571428571,0.0004
711,1.1054290533065796,1.0475234985351562,0.6730769230769231,0.8076923076923077,0.7142857142857143,0.8571428571428571,0.0004
712,1.0385586619377136,1.3900936841964722,0.6730769230769231,0.8076923076923077,0.5714285714285714,0.7857142857142857,0.0004
713,1.0956135988235474,0.9293680191040039,0.6923076923076923,0.8653846153846154,0.7142857142857143,0.8571428571428571,0.0004
714,0.8487741053104401,1.3395664691925049,0.7692307692307693,0.9038461538461539,0.5714285714285714,0.8571428571428571,0.0004
715,1.0763899683952332,0.6950516700744629,0.6923076923076923,0.8653846153846154,0.7142857142857143,0.9285714285714286,0.0004
716,0.829515814781189,1.5660507678985596,0.7307692307692307,0.9615384615384616,0.5714285714285714,0.7857142857142857,0.0004
717,1.0847429931163788,0.9534696340560913,0.7115384615384616,0.8846153846153846,0.7142857142857143,0.8571428571428571,0.0004
718,0.9549448490142822,1.3745085000991821,0.7115384615384616,0.8653846153846154,0.5714285714285714,0.9285714285714286,0.0004
719,0.8543912470340729,0.9037524461746216,0.8461538461538461,0.8461538461538461,0.6428571428571429,1.0,0.0004
720,1.0548977255821228,0.7140035629272461,0.7692307692307693,0.7884615384615384,0.7857142857142857,0.8571428571428571,0.0004
721,1.0166649520397186,1.3709512948989868,0.6923076923076923,0.8461538461538461,0.5,0.7857142857142857,0.0004
722,1.0434573292732239,1.3376532793045044,0.6923076923076923,0.8269230769230769,0.5,0.7857142857142857,0.0004
723,1.1417028307914734,1.300304889678955,0.6923076923076923,0.7884615384615384,0.6428571428571429,0.7857142857142857,0.0004
724,1.0911668241024017,1.6345295906066895,0.6730769230769231,0.7884615384615384,0.5714285714285714,0.7857142857142857,0.0004
725,0.7732610702514648,1.18328058719635,0.75,0.9038461538461539,0.7142857142857143,0.7142857142857143,0.0004
726,0.9491115510463715,0.9276252388954163,0.75,0.9038461538461539,0.8571428571428571,0.7857142857142857,0.0004
727,1.280128836631775,1.690395712852478,0.5384615384615384,0.8461538461538461,0.42857142857142855,0.8571428571428571,0.0004
728,1.0070367455482483,0.9221041202545166,0.7307692307692307,0.8076923076923077,0.6428571428571429,0.8571428571428571,0.0004
729,1.0671488046646118,1.510500431060791,0.6346153846153846,0.8461538461538461,0.5714285714285714,0.8571428571428571,0.0004
730,1.0343877077102661,1.3540096282958984,0.7115384615384616,0.8269230769230769,0.6428571428571429,0.8571428571428571,0.0004
731,1.0360067486763,1.1318724155426025,0.7115384615384616,0.8269230769230769,0.6428571428571429,0.8571428571428571,0.0004
732,1.0444307625293732,0.9698434472084045,0.7115384615384616,0.8269230769230769,0.5714285714285714,0.7857142857142857,0.0004
733,1.1969507336616516,1.6309094429016113,0.6730769230769231,0.8076923076923077,0.5,0.7857142857142857,0.0004
734,1.0705658197402954,1.3957774639129639,0.6730769230769231,0.8846153846153846,0.5,0.9285714285714286,0.0004
735,1.1977542638778687,1.4052824974060059,0.6923076923076923,0.8461538461538461,0.5714285714285714,0.9285714285714286,0.0004
736,1.0092470049858093,1.0876996517181396,0.6923076923076923,0.8461538461538461,0.7142857142857143,0.8571428571428571,0.0004
737,1.1175450086593628,1.8934462070465088,0.6346153846153846,0.8653846153846154,0.35714285714285715,0.7142857142857143,0.0004
738,0.9594888091087341,1.242516279220581,0.7692307692307693,0.8846153846153846,0.5714285714285714,0.7857142857142857,0.0004
739,1.0429731011390686,0.7894563674926758,0.6538461538461539,0.8653846153846154,0.6428571428571429,0.9285714285714286,0.0004
740,1.0401473641395569,1.3101317882537842,0.7115384615384616,0.9038461538461539,0.6428571428571429,0.7142857142857143,0.0004
741,0.961600124835968,1.4570696353912354,0.6923076923076923,0.8846153846153846,0.5714285714285714,0.6428571428571429,0.0004
742,1.0019968152046204,0.8959328532218933,0.6923076923076923,0.8653846153846154,0.7857142857142857,0.7142857142857143,0.0004
743,1.1270768642425537,0.9599491357803345,0.6538461538461539,0.8653846153846154,0.5714285714285714,0.8571428571428571,0.0004
744,0.8649328351020813,1.3360692262649536,0.75,0.9038461538461539,0.7142857142857143,0.6428571428571429,0.0004
745,0.9364808797836304,1.005061388015747,0.7884615384615384,0.8846153846153846,0.6428571428571429,0.8571428571428571,0.0004
746,1.0393941700458527,1.3116137981414795,0.7692307692307693,0.8269230769230769,0.6428571428571429,0.7142857142857143,0.0004
747,0.933620423078537,0.5883007645606995,0.7115384615384616,0.9423076923076923,0.8571428571428571,0.9285714285714286,0.0004
748,0.8949113488197327,1.2199681997299194,0.75,0.8846153846153846,0.6428571428571429,0.8571428571428571,0.0004
749,0.8812310099601746,1.3594398498535156,0.7115384615384616,0.9423076923076923,0.42857142857142855,0.8571428571428571,0.0004
750,1.201703667640686,1.415116786956787,0.6346153846153846,0.8461538461538461,0.5,0.9285714285714286,0.0004
751,1.1046679615974426,1.3490376472473145,0.7307692307692307,0.8653846153846154,0.6428571428571429,0.8571428571428571,0.0004
752,0.795292854309082,1.0276126861572266,0.8076923076923077,0.9038461538461539,0.8571428571428571,0.6428571428571429,0.0004
753,0.7119511067867279,1.2104151248931885,0.8269230769230769,0.9423076923076923,0.6428571428571429,0.8571428571428571,0.0004
754,0.9239890277385712,1.0652551651000977,0.7692307692307693,0.8846153846153846,0.8571428571428571,0.6428571428571429,0.0004
755,0.9292654693126678,1.4217777252197266,0.7115384615384616,0.9038461538461539,0.6428571428571429,0.7142857142857143,0.0004
756,1.1371291279792786,1.0072673559188843,0.6730769230769231,0.8269230769230769,0.6428571428571429,0.9285714285714286,0.0004
757,0.9177316129207611,0.8635113835334778,0.7307692307692307,0.9230769230769231,0.9285714285714286,0.7142857142857143,0.0004
758,1.1275630593299866,1.191237211227417,0.6346153846153846,0.8653846153846154,0.7142857142857143,0.7142857142857143,0.0004
759,0.8760077655315399,1.2987992763519287,0.75,0.9038461538461539,0.5714285714285714,0.8571428571428571,0.0004
760,1.052814781665802,0.9060805439949036,0.7115384615384616,0.8846153846153846,0.6428571428571429,0.8571428571428571,0.0004
761,1.1273728907108307,0.8031905889511108,0.7115384615384616,0.8846153846153846,0.7142857142857143,0.9285714285714286,0.0004
762,0.7895885109901428,0.9337869882583618,0.7884615384615384,0.9423076923076923,0.7857142857142857,0.7857142857142857,0.0004
763,1.1379621028900146,1.3139104843139648,0.6153846153846154,0.8653846153846154,0.6428571428571429,0.7857142857142857,0.0004
764,1.061624675989151,1.0431147813796997,0.6923076923076923,0.9230769230769231,0.6428571428571429,0.9285714285714286,0.0004
765,0.9671947956085205,1.0322599411010742,0.7692307692307693,0.9230769230769231,0.6428571428571429,0.7857142857142857,0.0004
766,0.9805988371372223,0.7499635219573975,0.75,0.8653846153846154,0.7857142857142857,0.8571428571428571,0.0004
767,1.1087082028388977,1.0844765901565552,0.75,0.8076923076923077,0.6428571428571429,0.8571428571428571,0.0004
768,1.0087909400463104,1.5199575424194336,0.75,0.8653846153846154,0.42857142857142855,0.8571428571428571,0.0004
769,1.3327423930168152,0.7598106265068054,0.6153846153846154,0.7884615384615384,0.7857142857142857,0.9285714285714286,0.0004
770,1.464145541191101,1.066418170928955,0.5769230769230769,0.8461538461538461,0.6428571428571429,0.9285714285714286,0.0004
771,1.0762779116630554,1.063430905342102,0.6346153846153846,0.9230769230769231,0.6428571428571429,0.8571428571428571,0.0004
772,1.2319331765174866,1.1478694677352905,0.5769230769230769,0.8846153846153846,0.7857142857142857,0.7142857142857143,0.0004
773,0.9091126918792725,1.1316730976104736,0.6730769230769231,0.8846153846153846,0.5,0.8571428571428571,0.0004
774,1.0670906007289886,0.8546573519706726,0.5576923076923077,0.9038461538461539,0.7142857142857143,0.8571428571428571,0.0004
775,0.9842250347137451,0.8241300582885742,0.6730769230769231,0.8653846153846154,0.7142857142857143,0.8571428571428571,0.0004
776,1.131933569908142,0.7845077514648438,0.6346153846153846,0.8653846153846154,0.7857142857142857,0.7857142857142857,0.0004
777,0.969931423664093,0.6579312682151794,0.7115384615384616,0.9038461538461539,0.8571428571428571,0.8571428571428571,0.0004
778,1.3040070533752441,1.5455166101455688,0.5576923076923077,0.8269230769230769,0.35714285714285715,0.8571428571428571,0.0004
779,0.8577905297279358,1.1652151346206665,0.6923076923076923,0.9038461538461539,0.5714285714285714,0.8571428571428571,0.0004
780,0.99339959025383,1.1162285804748535,0.7115384615384616,0.8076923076923077,0.5714285714285714,0.8571428571428571,0.0004
781,1.0249784588813782,1.552354335784912,0.5961538461538461,0.9230769230769231,0.35714285714285715,0.8571428571428571,0.0004
782,1.0621274411678314,1.2136114835739136,0.6923076923076923,0.8846153846153846,0.7142857142857143,0.7857142857142857,0.0004
783,1.0194432139396667,1.0803449153900146,0.6538461538461539,0.8653846153846154,0.6428571428571429,0.9285714285714286,0.0004
784,0.8555189669132233,0.9098432660102844,0.7307692307692307,0.8076923076923077,0.7857142857142857,0.8571428571428571,0.0004
785,1.0470601618289948,1.1434290409088135,0.6923076923076923,0.8846153846153846,0.7142857142857143,0.7142857142857143,0.0004
786,0.9329031705856323,1.1610701084136963,0.6730769230769231,0.9038461538461539,0.35714285714285715,0.9285714285714286,0.0004
787,0.8183708190917969,1.222063660621643,0.75,0.8846153846153846,0.7142857142857143,0.7142857142857143,0.0004
788,0.8778809905052185,1.1595027446746826,0.7115384615384616,0.9230769230769231,0.6428571428571429,0.8571428571428571,0.0004
789,1.1334997117519379,1.0489752292633057,0.75,0.8653846153846154,0.6428571428571429,0.7857142857142857,0.0004
790,0.777374655008316,0.8741431832313538,0.8076923076923077,0.9038461538461539,0.7142857142857143,0.9285714285714286,0.0004
791,0.9606645703315735,1.1210122108459473,0.6730769230769231,0.9230769230769231,0.6428571428571429,0.8571428571428571,0.0004
792,1.0561895966529846,0.9735181331634521,0.6730769230769231,0.8846153846153846,0.7857142857142857,0.8571428571428571,0.0004
793,1.0262594521045685,0.7819633483886719,0.6538461538461539,0.8846153846153846,0.7142857142857143,0.9285714285714286,0.0004
794,0.9783705472946167,1.4835355281829834,0.7692307692307693,0.8653846153846154,0.35714285714285715,0.8571428571428571,0.0004
795,1.1961910128593445,1.162093162536621,0.6153846153846154,0.8846153846153846,0.6428571428571429,0.8571428571428571,0.0004
796,1.191777527332306,1.1133801937103271,0.6923076923076923,0.8653846153846154,0.5714285714285714,0.7857142857142857,0.0004
797,0.9131063520908356,0.9131526947021484,0.7115384615384616,0.9038461538461539,0.6428571428571429,0.8571428571428571,0.0004
798,0.9266999065876007,0.7114964723587036,0.7692307692307693,0.8653846153846154,0.8571428571428571,0.9285714285714286,0.0004
799,1.010200023651123,0.8789650797843933,0.75,0.8653846153846154,0.7142857142857143,0.7857142857142857,0.0004
800,1.0016300678253174,1.006831169128418,0.75,0.8846153846153846,0.7142857142857143,0.8571428571428571,0.0004
801,1.2101568579673767,1.324392557144165,0.6730769230769231,0.8653846153846154,0.6428571428571429,0.7857142857142857,0.0004
802,0.7462166398763657,0.790268063545227,0.8269230769230769,0.8653846153846154,0.7857142857142857,0.8571428571428571,0.0004
803,0.8210567831993103,1.0580121278762817,0.8076923076923077,0.9038461538461539,0.5,1.0,0.0004
804,0.9710580408573151,1.0113489627838135,0.6923076923076923,0.9423076923076923,0.6428571428571429,0.9285714285714286,0.0004
805,1.1361607313156128,1.4219813346862793,0.75,0.8269230769230769,0.5714285714285714,0.8571428571428571,0.0004
806,0.8332567811012268,1.0537359714508057,0.8076923076923077,0.9038461538461539,0.7142857142857143,0.9285714285714286,0.0004
807,1.0254519581794739,0.8704620599746704,0.6538461538461539,0.9230769230769231,0.9285714285714286,0.8571428571428571,0.0004
808,0.9849991500377655,0.7502771615982056,0.7692307692307693,0.8653846153846154,0.7857142857142857,0.8571428571428571,0.0004
809,0.9524494409561157,0.7121697068214417,0.7307692307692307,0.8461538461538461,0.7142857142857143,0.9285714285714286,0.0004
810,0.9881603717803955,1.0593987703323364,0.75,0.8653846153846154,0.6428571428571429,0.8571428571428571,0.0004
811,0.9783549308776855,1.332920789718628,0.7115384615384616,0.8846153846153846,0.6428571428571429,0.7142857142857143,0.0004
812,0.9292751550674438,0.9211652278900146,0.8076923076923077,0.9230769230769231,0.6428571428571429,0.9285714285714286,0.0004
813,0.9955520629882812,0.9666343927383423,0.7884615384615384,0.8461538461538461,0.7142857142857143,0.7857142857142857,0.0004
814,0.7861159443855286,1.0618562698364258,0.75,0.8846153846153846,0.7142857142857143,0.6428571428571429,0.0004
815,1.040477991104126,0.7356356382369995,0.7115384615384616,0.8653846153846154,0.8571428571428571,0.7857142857142857,0.0004
816,0.8600863814353943,1.3385777473449707,0.75,0.9230769230769231,0.7142857142857143,0.7142857142857143,0.0004
817,0.7660678625106812,1.2592312097549438,0.8461538461538461,0.9038461538461539,0.42857142857142855,0.8571428571428571,0.0004
818,0.6895428895950317,0.8585220575332642,0.8846153846153846,0.8846153846153846,0.7142857142857143,0.8571428571428571,0.0004
819,0.9131221175193787,1.0727803707122803,0.7307692307692307,0.8653846153846154,0.7142857142857143,0.8571428571428571,0.0004
820,0.8033647835254669,0.6665943264961243,0.7307692307692307,0.9038461538461539,0.9285714285714286,0.7857142857142857,0.0004
821,0.7287454307079315,0.8396244049072266,0.8653846153846154,0.8653846153846154,0.9285714285714286,0.7142857142857143,0.0004
822,0.7187185883522034,0.7669233083724976,0.7884615384615384,0.8653846153846154,0.7142857142857143,0.9285714285714286,0.0004
823,0.9692131876945496,1.1085995435714722,0.7307692307692307,0.9038461538461539,0.5714285714285714,0.8571428571428571,0.0004
824,0.6995701789855957,0.8301296234130859,0.8461538461538461,0.8846153846153846,0.7857142857142857,0.8571428571428571,0.0004
825,1.1005920767784119,0.9587888717651367,0.6730769230769231,0.8461538461538461,0.7857142857142857,0.7857142857142857,0.0004
826,0.9244737029075623,0.9428882598876953,0.7692307692307693,0.9038461538461539,0.7857142857142857,0.8571428571428571,0.0004
827,0.8429771065711975,0.5242973566055298,0.7115384615384616,0.9423076923076923,0.9285714285714286,0.9285714285714286,0.0004
828,0.7121902406215668,0.9595099091529846,0.8076923076923077,0.9423076923076923,0.7857142857142857,0.9285714285714286,0.0004
829,0.6891370415687561,1.2100696563720703,0.8076923076923077,0.9423076923076923,0.7857142857142857,0.7857142857142857,0.0004
830,0.8932367265224457,1.2129430770874023,0.7115384615384616,0.9230769230769231,0.5714285714285714,0.8571428571428571,0.0004
831,0.8152392506599426,0.9942646026611328,0.75,0.9423076923076923,0.7857142857142857,0.8571428571428571,0.0004
832,0.7573509216308594,0.6674657464027405,0.7884615384615384,0.8461538461538461,0.7857142857142857,0.7857142857142857,0.0004
833,0.7703616619110107,1.3836448192596436,0.8076923076923077,0.9230769230769231,0.7142857142857143,0.7142857142857143,0.0004
834,0.915518194437027,0.6400097608566284,0.6923076923076923,0.9038461538461539,0.9285714285714286,0.7857142857142857,0.0004
835,0.9794802665710449,0.6099370718002319,0.6923076923076923,0.8653846153846154,0.9285714285714286,0.7857142857142857,0.0004
836,1.0694226026535034,0.9798027276992798,0.6730769230769231,0.9038461538461539,0.8571428571428571,0.8571428571428571,0.0004
837,0.9639982283115387,0.8199449777603149,0.75,0.8653846153846154,0.8571428571428571,0.7857142857142857,0.0004
838,0.7330986261367798,0.9435058832168579,0.8076923076923077,0.9615384615384616,0.7857142857142857,0.7857142857142857,0.0004
839,1.1326280236244202,0.987095057964325,0.7307692307692307,0.8653846153846154,0.6428571428571429,0.8571428571428571,0.0004
840,1.0118408203125,1.0050554275512695,0.6923076923076923,0.9423076923076923,0.5714285714285714,1.0,0.0004
841,0.9936065077781677,1.0332581996917725,0.7307692307692307,0.8846153846153846,0.6428571428571429,0.9285714285714286,0.0004
842,1.0986267030239105,1.2410399913787842,0.7884615384615384,0.8653846153846154,0.6428571428571429,0.7857142857142857,0.0004
843,1.2740773558616638,0.5008169412612915,0.6346153846153846,0.8461538461538461,0.8571428571428571,1.0,0.0004
844,1.0841450691223145,1.4781129360198975,0.6538461538461539,0.8846153846153846,0.5,0.8571428571428571,0.0004
845,1.208853304386139,1.200118064880371,0.5961538461538461,0.8461538461538461,0.5714285714285714,0.9285714285714286,0.0004
846,0.9305380582809448,0.9454445838928223,0.7115384615384616,0.9038461538461539,0.7142857142857143,0.8571428571428571,0.0004
847,0.9675830602645874,1.182113528251648,0.7115384615384616,0.8846153846153846,0.7857142857142857,0.8571428571428571,0.0004
848,1.0163013935089111,1.2532166242599487,0.6923076923076923,0.8846153846153846,0.7142857142857143,0.7857142857142857,0.0004
849,0.8900902569293976,0.9990222454071045,0.7307692307692307,0.9038461538461539,0.7142857142857143,0.8571428571428571,0.0004
850,1.2047626972198486,0.8605917096138,0.6538461538461539,0.8461538461538461,0.7857142857142857,0.9285714285714286,0.0004
851,1.097432404756546,0.9161907434463501,0.6346153846153846,0.8846153846153846,0.7857142857142857,0.9285714285714286,0.0004
852,1.1227118372917175,0.8479694724082947,0.6730769230769231,0.8653846153846154,0.5714285714285714,1.0,0.0004
853,0.9214221239089966,1.1239672899246216,0.7307692307692307,0.8846153846153846,0.6428571428571429,0.8571428571428571,0.0004
854,1.0299728512763977,1.1113247871398926,0.6923076923076923,0.8846153846153846,0.7857142857142857,0.8571428571428571,0.0004
855,1.1182950139045715,1.0118567943572998,0.7115384615384616,0.8461538461538461,0.5714285714285714,0.9285714285714286,0.0004
856,0.9692740738391876,1.4208229780197144,0.7115384615384616,0.8461538461538461,0.5,0.7857142857142857,0.0004
857,1.0448502898216248,1.1278221607208252,0.75,0.8846153846153846,0.7857142857142857,0.7857142857142857,0.0004
858,0.8462402522563934,1.1675152778625488,0.7115384615384616,0.9615384615384616,0.5714285714285714,0.7857142857142857,0.0004
859,0.8787569999694824,1.170866847038269,0.6730769230769231,0.9230769230769231,0.5714285714285714,0.8571428571428571,0.0004
860,1.097717523574829,1.230072021484375,0.7115384615384616,0.8461538461538461,0.6428571428571429,0.7857142857142857,0.0004
861,0.9122988283634186,0.797900915145874,0.7115384615384616,0.9230769230769231,0.9285714285714286,0.7857142857142857,0.0004
862,0.9609889388084412,0.9642102122306824,0.7115384615384616,0.9038461538461539,0.6428571428571429,0.8571428571428571,0.0004
863,0.735615074634552,1.3529703617095947,0.7307692307692307,0.9807692307692307,0.6428571428571429,0.7857142857142857,0.0004
864,0.8562653362751007,1.0705525875091553,0.6730769230769231,0.9423076923076923,0.5714285714285714,0.8571428571428571,0.0004
865,0.819944441318512,1.034659743309021,0.75,0.9230769230769231,0.7857142857142857,0.8571428571428571,0.0004
866,0.8526183068752289,0.9462541937828064,0.8653846153846154,0.8653846153846154,0.7857142857142857,0.9285714285714286,0.0004
867,0.7906666100025177,0.7117259502410889,0.7115384615384616,0.9423076923076923,0.8571428571428571,0.9285714285714286,0.0004
868,0.993504136800766,0.7824958562850952,0.7692307692307693,0.8653846153846154,0.8571428571428571,0.8571428571428571,0.0004
869,0.7094921171665192,0.8835797309875488,0.8461538461538461,0.9038461538461539,0.7142857142857143,0.8571428571428571,0.0004
870,1.1075703501701355,1.0455892086029053,0.7115384615384616,0.8076923076923077,0.5714285714285714,0.9285714285714286,0.0004
871,1.082336574792862,1.787786602973938,0.6538461538461539,0.8653846153846154,0.35714285714285715,0.7857142857142857,0.0004
872,1.1406291723251343,1.2773946523666382,0.7115384615384616,0.8269230769230769,0.6428571428571429,0.8571428571428571,0.0004
873,1.2351290583610535,0.9988263845443726,0.6730769230769231,0.8076923076923077,0.7142857142857143,0.8571428571428571,0.0004
874,0.8963927924633026,1.1959269046783447,0.7884615384615384,0.9038461538461539,0.6428571428571429,0.8571428571428571,0.0004
875,0.8853696882724762,0.9619705677032471,0.7307692307692307,0.8461538461538461,0.7142857142857143,0.8571428571428571,0.0004
876,0.988774836063385,0.8525212407112122,0.7307692307692307,0.8653846153846154,0.8571428571428571,0.7857142857142857,0.0004
877,0.9369333982467651,1.4659022092819214,0.75,0.8846153846153846,0.6428571428571429,0.7142857142857143,0.0004
878,0.9065088629722595,0.9240714907646179,0.75,0.9038461538461539,0.6428571428571429,0.9285714285714286,0.0004
879,1.0082672834396362,0.9628596305847168,0.6538461538461539,0.8846153846153846,0.6428571428571429,0.9285714285714286,0.0004
880,1.0439136326313019,0.9472540020942688,0.75,0.8461538461538461,0.7142857142857143,0.9285714285714286,0.0004
881,1.0344150960445404,1.1726818084716797,0.6923076923076923,0.8653846153846154,0.7142857142857143,0.7857142857142857,0.0004
882,0.8582316339015961,1.2300273180007935,0.7115384615384616,0.8653846153846154,0.5,0.8571428571428571,0.0004
883,0.982231616973877,0.805106520652771,0.8076923076923077,0.8461538461538461,0.9285714285714286,0.7142857142857143,0.0004
884,1.0517642498016357,0.9938763380050659,0.7115384615384616,0.8076923076923077,0.7142857142857143,0.8571428571428571,0.0004
885,1.0183495879173279,1.144216775894165,0.75,0.8269230769230769,0.7142857142857143,0.7857142857142857,0.0004
886,1.0263594388961792,1.0944855213165283,0.7692307692307693,0.8461538461538461,0.7857142857142857,0.7142857142857143,0.0004
887,1.0144114196300507,1.3091683387756348,0.6923076923076923,0.9230769230769231,0.42857142857142855,0.8571428571428571,0.0004
888,0.8018651306629181,1.2336877584457397,0.7307692307692307,0.9038461538461539,0.5714285714285714,0.8571428571428571,0.0004
889,0.7103994190692902,0.7360472679138184,0.8269230769230769,0.9038461538461539,0.7857142857142857,0.9285714285714286,0.0004
890,0.7916414737701416,0.775770902633667,0.7884615384615384,0.9230769230769231,0.8571428571428571,0.8571428571428571,0.0004
891,0.8108631372451782,0.9541187286376953,0.7884615384615384,0.9423076923076923,0.7142857142857143,0.7142857142857143,0.0004
892,0.8502212762832642,1.1443169116973877,0.7884615384615384,0.8653846153846154,0.7142857142857143,0.8571428571428571,0.0004
893,0.8767220973968506,1.273789644241333,0.7884615384615384,0.8846153846153846,0.6428571428571429,0.7857142857142857,0.0004
894,0.8357147872447968,1.0220965147018433,0.6923076923076923,0.9038461538461539,0.7857142857142857,0.7857142857142857,0.0004
895,0.7036815285682678,1.346973180770874,0.8076923076923077,0.8846153846153846,0.6428571428571429,0.8571428571428571,0.0004
896,1.0008049607276917,1.1741966009140015,0.7115384615384616,0.9038461538461539,0.7142857142857143,0.7142857142857143,0.0004
897,1.0013110637664795,0.6680541634559631,0.7884615384615384,0.8461538461538461,0.7857142857142857,0.9285714285714286,0.0004
898,0.8181323409080505,1.032512903213501,0.8461538461538461,0.9038461538461539,0.7857142857142857,0.8571428571428571,0.0004
899,1.0174039900302887,0.9975367784500122,0.7307692307692307,0.8653846153846154,0.6428571428571429,0.8571428571428571,0.0004
900,0.6922849863767624,1.3306630849838257,0.7884615384615384,0.9230769230769231,0.7857142857142857,0.7142857142857143,0.0004
901,0.6510323882102966,0.9296152591705322,0.8269230769230769,0.9230769230769231,0.7857142857142857,0.9285714285714286,0.0004
902,0.7197571694850922,1.1391417980194092,0.7884615384615384,0.9230769230769231,0.6428571428571429,0.7857142857142857,0.0004
903,1.0734214782714844,0.8957457542419434,0.75,0.8653846153846154,0.7857142857142857,0.8571428571428571,0.0004
904,0.9057945609092712,0.8796804547309875,0.7692307692307693,0.9038461538461539,0.8571428571428571,0.7857142857142857,0.0004
905,0.7297803461551666,1.0772275924682617,0.8269230769230769,0.9230769230769231,0.7857142857142857,0.7142857142857143,0.0004
906,0.8714874088764191,1.2970877885818481,0.75,0.9423076923076923,0.6428571428571429,0.7857142857142857,0.0004
907,0.7351442277431488,1.1013834476470947,0.8076923076923077,0.9230769230769231,0.7857142857142857,0.7142857142857143,0.0004
908,0.9568950831890106,0.8854628801345825,0.7884615384615384,0.8653846153846154,0.7857142857142857,0.7857142857142857,0.0004
909,0.8175105452537537,1.4353415966033936,0.8076923076923077,0.8846153846153846,0.5714285714285714,0.8571428571428571,0.0004
910,1.2098444402217865,1.065946340560913,0.7307692307692307,0.8076923076923077,0.7857142857142857,0.7857142857142857,0.0004
911,1.0140398144721985,1.0395174026489258,0.7307692307692307,0.8653846153846154,0.7857142857142857,0.7857142857142857,0.0004
912,1.0191700458526611,1.0725994110107422,0.7692307692307693,0.8076923076923077,0.7857142857142857,0.7142857142857143,0.0004
913,1.4193834066390991,0.8019320964813232,0.6923076923076923,0.7307692307692307,0.8571428571428571,0.8571428571428571,0.0004
914,0.8204576671123505,1.5481774806976318,0.7884615384615384,0.9038461538461539,0.6428571428571429,0.7857142857142857,0.0004
915,0.8821839094161987,1.0956084728240967,0.75,0.8269230769230769,0.7142857142857143,0.7857142857142857,0.0004
916,0.8138479292392731,1.0023430585861206,0.7884615384615384,0.8653846153846154,0.7142857142857143,1.0,0.0004
917,0.8807675838470459,0.7786231637001038,0.7884615384615384,0.9038461538461539,0.7857142857142857,1.0,0.0004
918,1.09566330909729,0.8478313088417053,0.7884615384615384,0.9038461538461539,0.8571428571428571,0.8571428571428571,0.0004
919,1.1030728816986084,0.713708758354187,0.75,0.9230769230769231,0.7857142857142857,0.7857142857142857,0.0004
920,0.923332542181015,1.1821990013122559,0.7692307692307693,0.9038461538461539,0.6428571428571429,0.8571428571428571,0.0004
921,1.19243586063385,0.7248071432113647,0.7115384615384616,0.8846153846153846,0.8571428571428571,0.8571428571428571,0.0004
922,1.195604681968689,1.4460396766662598,0.7115384615384616,0.8846153846153846,0.6428571428571429,0.7142857142857143,0.0004
923,1.4232253432273865,1.5569088459014893,0.6346153846153846,0.8461538461538461,0.5,0.8571428571428571,0.0004
924,1.1800976991653442,0.8044644594192505,0.6923076923076923,0.8846153846153846,0.7857142857142857,0.9285714285714286,0.0004
925,1.2254697680473328,0.9146002531051636,0.6538461538461539,0.8846153846153846,0.7142857142857143,0.9285714285714286,0.0004
926,1.044403612613678,0.9968147873878479,0.7307692307692307,0.8653846153846154,0.7142857142857143,0.9285714285714286,0.0004
927,0.8713377714157104,1.0445178747177124,0.7307692307692307,0.9423076923076923,0.7142857142857143,0.7857142857142857,0.0004
928,0.8921150267124176,0.8946927785873413,0.7884615384615384,0.8846153846153846,0.7857142857142857,0.7857142857142857,0.0004
929,0.8299045264720917,0.6269528865814209,0.7692307692307693,0.8846153846153846,1.0,0.8571428571428571,0.0004
930,0.9594306945800781,0.9428516030311584,0.7115384615384616,0.9230769230769231,0.6428571428571429,0.9285714285714286,0.0004
931,1.0110533833503723,0.803151547908783,0.6346153846153846,0.8846153846153846,0.7857142857142857,0.9285714285714286,0.0004
932,1.1533406376838684,0.6692276000976562,0.6538461538461539,0.8269230769230769,0.7857142857142857,0.9285714285714286,0.0004
933,1.1353974640369415,1.2417197227478027,0.6153846153846154,0.8269230769230769,0.42857142857142855,0.9285714285714286,0.0004
934,1.1308849155902863,1.1026201248168945,0.6346153846153846,0.8846153846153846,0.5,1.0,0.0004
935,0.8974713087081909,1.1927452087402344,0.7692307692307693,0.8076923076923077,0.5,0.9285714285714286,0.0004
936,0.9656800031661987,1.0037403106689453,0.8076923076923077,0.8653846153846154,0.6428571428571429,0.9285714285714286,0.0004
937,0.9346767067909241,1.0282554626464844,0.8076923076923077,0.8461538461538461,0.7857142857142857,0.8571428571428571,0.0004
938,0.9272443354129791,0.8866590261459351,0.7884615384615384,0.8653846153846154,0.8571428571428571,0.8571428571428571,0.0004
939,1.054997205734253,0.9500689506530762,0.7307692307692307,0.8846153846153846,0.7857142857142857,0.7857142857142857,0.0004
940,0.8470281660556793,0.791142463684082,0.75,0.8846153846153846,0.8571428571428571,0.7857142857142857,0.0004
941,0.9114042818546295,0.9323015213012695,0.7307692307692307,0.9807692307692307,0.7142857142857143,0.9285714285714286,0.0004
942,0.8934408724308014,1.0714058876037598,0.7692307692307693,0.9038461538461539,0.7142857142857143,0.8571428571428571,0.0004
943,0.8513941466808319,1.0013474225997925,0.8269230769230769,0.8461538461538461,0.5714285714285714,0.8571428571428571,0.0004
944,0.8126497566699982,0.8278353214263916,0.8269230769230769,0.9423076923076923,0.6428571428571429,1.0,0.0004
945,0.944709062576294,0.7856549620628357,0.7307692307692307,0.8846153846153846,0.7142857142857143,0.9285714285714286,0.0004
946,0.973325103521347,0.9784350395202637,0.7307692307692307,0.9038461538461539,0.7142857142857143,0.7142857142857143,0.0004
947,0.7797790169715881,0.8503614068031311,0.8076923076923077,0.9038461538461539,0.7142857142857143,0.8571428571428571,0.0004
948,0.86144158244133,1.1912440061569214,0.7692307692307693,0.8846153846153846,0.5,0.7857142857142857,0.0004
949,0.9565492272377014,1.108860731124878,0.6923076923076923,0.8846153846153846,0.6428571428571429,0.7857142857142857,0.0004
950,0.9430920779705048,0.7279348373413086,0.7884615384615384,0.8653846153846154,0.9285714285714286,0.7142857142857143,0.0004
951,0.9139841794967651,0.7037398815155029,0.7692307692307693,0.8846153846153846,0.7857142857142857,0.9285714285714286,0.0004
952,0.9685643315315247,1.445465087890625,0.7307692307692307,0.9038461538461539,0.6428571428571429,0.6428571428571429,0.0004
953,1.2017270624637604,0.8276435136795044,0.6730769230769231,0.8461538461538461,0.7857142857142857,0.7142857142857143,0.0004
954,0.8077953457832336,0.9385762214660645,0.8653846153846154,0.8846153846153846,0.5,0.9285714285714286,0.0004
955,0.7710991203784943,0.6731404662132263,0.8269230769230769,0.8846153846153846,0.6428571428571429,1.0,0.0004
956,0.9107175171375275,0.7417541742324829,0.75,0.8846153846153846,0.7857142857142857,0.8571428571428571,0.0004
957,0.9008205533027649,0.9468171000480652,0.7115384615384616,0.9230769230769231,0.7142857142857143,0.9285714285714286,0.0004
958,0.7844842672348022,0.9827549457550049,0.75,0.9615384615384616,0.7142857142857143,0.7857142857142857,0.0004
959,0.7294645309448242,1.3018807172775269,0.8076923076923077,0.9038461538461539,0.6428571428571429,0.7857142857142857,0.0004
960,1.0275343656539917,1.0123369693756104,0.75,0.8653846153846154,0.6428571428571429,0.9285714285714286,0.0004
961,0.629079669713974,0.7905514240264893,0.8461538461538461,0.9423076923076923,0.7142857142857143,0.9285714285714286,0.0004
962,1.0827749371528625,0.8959868550300598,0.7884615384615384,0.8653846153846154,0.7857142857142857,0.8571428571428571,0.0004
963,0.7842312455177307,0.6421692371368408,0.7692307692307693,0.8653846153846154,0.8571428571428571,0.8571428571428571,0.0004
964,0.649226188659668,1.2165724039077759,0.8461538461538461,0.9423076923076923,0.5,0.8571428571428571,0.0004
965,0.8049431443214417,0.9720004200935364,0.7884615384615384,0.9423076923076923,0.7142857142857143,0.8571428571428571,0.0004
966,0.820114016532898,0.7331523895263672,0.7692307692307693,0.8653846153846154,0.8571428571428571,0.8571428571428571,0.0004
967,0.5962049663066864,0.9816270470619202,0.8461538461538461,0.9423076923076923,0.9285714285714286,0.7857142857142857,0.0004
968,0.7880730330944061,0.7868832945823669,0.7692307692307693,0.9423076923076923,0.7142857142857143,0.9285714285714286,0.0004
969,0.9206401407718658,0.971072793006897,0.8269230769230769,0.8269230769230769,0.7142857142857143,0.8571428571428571,0.0004
970,1.0720148086547852,0.8041186332702637,0.7884615384615384,0.8846153846153846,0.8571428571428571,0.8571428571428571,0.0004
971,0.7361027002334595,0.5672498941421509,0.8461538461538461,0.8461538461538461,0.9285714285714286,0.8571428571428571,0.0004
972,0.8256301283836365,0.7948786020278931,0.7692307692307693,0.9423076923076923,0.7857142857142857,0.7857142857142857,0.0004
973,0.7150079011917114,1.0886099338531494,0.8269230769230769,0.9038461538461539,0.7142857142857143,0.7857142857142857,0.0004
974,0.7726729810237885,0.8725837469100952,0.8653846153846154,0.8653846153846154,0.7142857142857143,0.8571428571428571,0.0004
975,0.7359167039394379,1.3128471374511719,0.8461538461538461,0.8846153846153846,0.6428571428571429,0.6428571428571429,0.0004
976,0.9530093371868134,0.9973658323287964,0.7692307692307693,0.9038461538461539,0.7142857142857143,0.8571428571428571,0.0004
977,0.859736979007721,0.843429684638977,0.8461538461538461,0.8846153846153846,0.8571428571428571,0.7857142857142857,0.0004
978,0.8133318722248077,1.2690669298171997,0.7884615384615384,0.9423076923076923,0.6428571428571429,0.7857142857142857,0.0004
979,0.9614172577857971,0.8210084438323975,0.7692307692307693,0.8461538461538461,0.7142857142857143,0.8571428571428571,0.0004
980,0.6689925193786621,0.9038195610046387,0.75,0.9423076923076923,0.7857142857142857,0.7142857142857143,0.0004
981,0.7889126837253571,1.2814431190490723,0.7692307692307693,0.8846153846153846,0.5714285714285714,0.8571428571428571,0.0004
982,0.5331040024757385,1.3545050621032715,0.9038461538461539,0.9615384615384616,0.5714285714285714,0.7857142857142857,0.0004
983,0.7173322439193726,0.7507429718971252,0.8269230769230769,0.9230769230769231,0.7142857142857143,0.8571428571428571,0.0004
984,0.7886854410171509,0.7940850257873535,0.8076923076923077,0.9038461538461539,0.8571428571428571,0.7857142857142857,0.0004
985,0.8147457540035248,1.004256010055542,0.8076923076923077,0.8269230769230769,0.7142857142857143,0.7142857142857143,0.0004
986,0.6313675940036774,1.093989610671997,0.9038461538461539,0.8653846153846154,0.6428571428571429,0.8571428571428571,0.0004
987,0.7943210005760193,1.2017261981964111,0.8076923076923077,0.8653846153846154,0.7857142857142857,0.6428571428571429,0.0004
988,0.6395635306835175,1.371948003768921,0.8653846153846154,0.9038461538461539,0.6428571428571429,0.7857142857142857,0.0004
989,1.0676399767398834,1.0832016468048096,0.6730769230769231,0.9615384615384616,0.7857142857142857,0.9285714285714286,0.0004
990,0.9484133422374725,1.5591297149658203,0.6923076923076923,0.8846153846153846,0.5714285714285714,0.8571428571428571,0.0004
991,0.9801643192768097,1.2355178594589233,0.75,0.8846153846153846,0.5,0.8571428571428571,0.0004
992,0.8096369504928589,1.201709508895874,0.75,0.9230769230769231,0.7857142857142857,0.7857142857142857,0.0004
993,1.0176228880882263,0.9696871042251587,0.7307692307692307,0.8846153846153846,0.7857142857142857,0.7857142857142857,0.0004
994,1.0996384620666504,1.146246075630188,0.6730769230769231,0.8269230769230769,0.5714285714285714,0.8571428571428571,0.0004
995,0.9312652945518494,0.8863018751144409,0.8461538461538461,0.8846153846153846,0.8571428571428571,0.7857142857142857,0.0004
996,0.978001058101654,0.878494381904602,0.7692307692307693,0.8461538461538461,0.7857142857142857,0.7142857142857143,0.0004
997,0.7678382396697998,1.0914119482040405,0.8269230769230769,0.8653846153846154,0.7857142857142857,0.6428571428571429,0.0004
998,0.9736953973770142,0.9533072710037231,0.7115384615384616,0.8653846153846154,0.6428571428571429,0.7857142857142857,0.0004
999,0.8685728013515472,0.8408544063568115,0.75,0.8846153846153846,0.7142857142857143,0.9285714285714286,0.0004
1000,0.6826116442680359,0.7395406365394592,0.8269230769230769,0.9615384615384616,0.9285714285714286,0.7857142857142857,0.0004
