epoch,train_loss,val_loss,train_acc_action,train_acc_status,val_acc_action,val_acc_status,learning_rate
1,1.7729554772377014,1.7500529289245605,0.3269230769230769,0.8269230769230769,0.35714285714285715,0.8571428571428571,0.0004
2,1.7500107884407043,1.7328722476959229,0.3269230769230769,0.8269230769230769,0.35714285714285715,0.8571428571428571,0.0004
3,1.733977198600769,1.713379144668579,0.3269230769230769,0.8269230769230769,0.21428571428571427,0.8571428571428571,0.0004
4,1.7130218148231506,1.691100835800171,0.4230769230769231,0.8269230769230769,0.21428571428571427,0.8571428571428571,0.0004
5,1.6795353889465332,1.6652247905731201,0.36538461538461536,0.8269230769230769,0.21428571428571427,0.8571428571428571,0.0004
6,1.6699298620224,1.6317293643951416,0.36538461538461536,0.8269230769230769,0.21428571428571427,0.8571428571428571,0.0004
7,1.628753125667572,1.5923548936843872,0.36538461538461536,0.8269230769230769,0.21428571428571427,0.8571428571428571,0.0004
8,1.5947309732437134,1.5529437065124512,0.36538461538461536,0.8269230769230769,0.21428571428571427,0.8571428571428571,0.0004
9,1.589025855064392,1.5586484670639038,0.36538461538461536,0.8269230769230769,0.21428571428571427,0.8571428571428571,0.0004
10,1.5703603029251099,1.5576591491699219,0.36538461538461536,0.8269230769230769,0.21428571428571427,0.8571428571428571,0.0004
11,1.56411474943161,1.5420361757278442,0.36538461538461536,0.8269230769230769,0.21428571428571427,0.8571428571428571,0.0004
12,1.5736610889434814,1.5305049419403076,0.36538461538461536,0.8269230769230769,0.21428571428571427,0.8571428571428571,0.0004
13,1.5385169982910156,1.5312668085098267,0.36538461538461536,0.8269230769230769,0.21428571428571427,0.8571428571428571,0.0004
14,1.5624703764915466,1.525427222251892,0.36538461538461536,0.8269230769230769,0.21428571428571427,0.8571428571428571,0.0004
15,1.5638651251792908,1.535467505455017,0.36538461538461536,0.8269230769230769,0.21428571428571427,0.8571428571428571,0.0004
16,1.5789466500282288,1.534315824508667,0.36538461538461536,0.8269230769230769,0.21428571428571427,0.8571428571428571,0.0004
17,1.5548142194747925,1.5376150608062744,0.36538461538461536,0.8269230769230769,0.21428571428571427,0.8571428571428571,0.0004
18,1.582129418849945,1.538528323173523,0.36538461538461536,0.8269230769230769,0.21428571428571427,0.8571428571428571,0.0004
19,1.5306410193443298,1.536651372909546,0.36538461538461536,0.8269230769230769,0.21428571428571427,0.8571428571428571,0.0004
20,1.5536337494850159,1.5352452993392944,0.36538461538461536,0.8269230769230769,0.21428571428571427,0.8571428571428571,0.0004
21,1.5772517919540405,1.5330020189285278,0.36538461538461536,0.8269230769230769,0.21428571428571427,0.8571428571428571,0.0004
22,1.534381926059723,1.5339303016662598,0.36538461538461536,0.8269230769230769,0.21428571428571427,0.8571428571428571,0.0004
23,1.5527610182762146,1.5370049476623535,0.36538461538461536,0.8269230769230769,0.21428571428571427,0.8571428571428571,0.0004
24,1.549473226070404,1.5327739715576172,0.36538461538461536,0.8269230769230769,0.21428571428571427,0.8571428571428571,0.0004
25,1.6174347400665283,1.536894679069519,0.36538461538461536,0.8269230769230769,0.21428571428571427,0.8571428571428571,0.0004
26,1.567164421081543,1.5320487022399902,0.36538461538461536,0.8269230769230769,0.21428571428571427,0.8571428571428571,0.0004
27,1.5797020196914673,1.5354759693145752,0.36538461538461536,0.8269230769230769,0.21428571428571427,0.8571428571428571,0.0004
28,1.5666319131851196,1.5361738204956055,0.36538461538461536,0.8269230769230769,0.21428571428571427,0.8571428571428571,0.0004
29,1.539112150669098,1.5354843139648438,0.36538461538461536,0.8269230769230769,0.21428571428571427,0.8571428571428571,0.0004
30,1.5463672876358032,1.5361377000808716,0.36538461538461536,0.8269230769230769,0.21428571428571427,0.8571428571428571,0.0004
31,1.5794161558151245,1.5385929346084595,0.36538461538461536,0.8269230769230769,0.21428571428571427,0.8571428571428571,0.0004
32,1.5611661076545715,1.5359537601470947,0.36538461538461536,0.8269230769230769,0.21428571428571427,0.8571428571428571,0.0004
33,1.5319584608078003,1.5394432544708252,0.36538461538461536,0.8269230769230769,0.21428571428571427,0.8571428571428571,0.0004
34,1.5389752984046936,1.5391404628753662,0.36538461538461536,0.8269230769230769,0.21428571428571427,0.8571428571428571,0.0004
35,1.5366154909133911,1.5385833978652954,0.36538461538461536,0.8269230769230769,0.21428571428571427,0.8571428571428571,0.0004
36,1.54794043302536,1.5374009609222412,0.36538461538461536,0.8269230769230769,0.21428571428571427,0.8571428571428571,0.0004
37,1.5521286725997925,1.542304277420044,0.36538461538461536,0.8269230769230769,0.21428571428571427,0.8571428571428571,0.0004
38,1.5586512088775635,1.5358859300613403,0.36538461538461536,0.8269230769230769,0.21428571428571427,0.8571428571428571,0.0004
39,1.5767289400100708,1.5367313623428345,0.36538461538461536,0.8269230769230769,0.21428571428571427,0.8571428571428571,0.0004
40,1.5792407393455505,1.5370272397994995,0.36538461538461536,0.8269230769230769,0.21428571428571427,0.8571428571428571,0.0004
41,1.5788779258728027,1.5353343486785889,0.36538461538461536,0.8269230769230769,0.21428571428571427,0.8571428571428571,0.0004
42,1.6110681295394897,1.537196397781372,0.36538461538461536,0.8269230769230769,0.21428571428571427,0.8571428571428571,0.0004
43,1.549563229084015,1.533937692642212,0.36538461538461536,0.8269230769230769,0.21428571428571427,0.8571428571428571,0.0004
44,1.5262272357940674,1.5403587818145752,0.36538461538461536,0.8269230769230769,0.21428571428571427,0.8571428571428571,0.0004
45,1.5321458578109741,1.5385241508483887,0.36538461538461536,0.8269230769230769,0.21428571428571427,0.8571428571428571,0.0004
46,1.559835970401764,1.5366398096084595,0.36538461538461536,0.8269230769230769,0.21428571428571427,0.8571428571428571,0.0004
47,1.5930392146110535,1.5329148769378662,0.36538461538461536,0.8269230769230769,0.21428571428571427,0.8571428571428571,0.0004
48,1.5916894674301147,1.5406842231750488,0.36538461538461536,0.8269230769230769,0.21428571428571427,0.8571428571428571,0.0004
49,1.5487943291664124,1.5402504205703735,0.36538461538461536,0.8269230769230769,0.21428571428571427,0.8571428571428571,0.0004
50,1.5760957598686218,1.5400497913360596,0.36538461538461536,0.8269230769230769,0.21428571428571427,0.8571428571428571,0.0004
51,1.5490814447402954,1.5359045267105103,0.36538461538461536,0.8269230769230769,0.21428571428571427,0.8571428571428571,0.0004
52,1.5615223050117493,1.5364066362380981,0.36538461538461536,0.8269230769230769,0.21428571428571427,0.8571428571428571,0.0004
53,1.574631929397583,1.5444070100784302,0.36538461538461536,0.8269230769230769,0.21428571428571427,0.8571428571428571,0.0004
54,1.5518580079078674,1.5380377769470215,0.36538461538461536,0.8269230769230769,0.21428571428571427,0.8571428571428571,0.0004
55,1.5632255673408508,1.5358449220657349,0.36538461538461536,0.8269230769230769,0.21428571428571427,0.8571428571428571,0.0004
56,1.558349609375,1.5322909355163574,0.36538461538461536,0.8269230769230769,0.21428571428571427,0.8571428571428571,0.0004
57,1.5617181658744812,1.539338231086731,0.36538461538461536,0.8269230769230769,0.21428571428571427,0.8571428571428571,0.0004
58,1.5389450192451477,1.5381311178207397,0.36538461538461536,0.8269230769230769,0.21428571428571427,0.8571428571428571,0.0004
59,1.5414313077926636,1.5364148616790771,0.36538461538461536,0.8269230769230769,0.21428571428571427,0.8571428571428571,0.0004
60,1.6140973567962646,1.5307056903839111,0.36538461538461536,0.8269230769230769,0.21428571428571427,0.8571428571428571,0.0004
61,1.5624933242797852,1.5235602855682373,0.36538461538461536,0.8269230769230769,0.21428571428571427,0.8571428571428571,0.0004
62,1.5680306553840637,1.5216387510299683,0.36538461538461536,0.8269230769230769,0.21428571428571427,0.8571428571428571,0.0004
63,1.544438660144806,1.5286006927490234,0.36538461538461536,0.8269230769230769,0.21428571428571427,0.8571428571428571,0.0004
64,1.5342962145805359,1.520941972732544,0.38461538461538464,0.8269230769230769,0.21428571428571427,0.8571428571428571,0.0004
65,1.5498396754264832,1.5213642120361328,0.38461538461538464,0.8269230769230769,0.2857142857142857,0.8571428571428571,0.0004
66,1.5260161757469177,1.516221523284912,0.4230769230769231,0.8269230769230769,0.21428571428571427,0.8571428571428571,0.0004
67,1.5862398743629456,1.5314935445785522,0.40384615384615385,0.8269230769230769,0.35714285714285715,0.8571428571428571,0.0004
68,1.5501986742019653,1.5171239376068115,0.4230769230769231,0.8269230769230769,0.35714285714285715,0.8571428571428571,0.0004
69,1.5924687385559082,1.525065302848816,0.46153846153846156,0.8269230769230769,0.35714285714285715,0.8571428571428571,0.0004
70,1.5081322193145752,1.5268542766571045,0.4230769230769231,0.8269230769230769,0.21428571428571427,0.8571428571428571,0.0004
71,1.5456022024154663,1.524040937423706,0.4423076923076923,0.8269230769230769,0.2857142857142857,0.8571428571428571,0.0004
72,1.5542027950286865,1.5372785329818726,0.4807692307692308,0.8269230769230769,0.2857142857142857,0.8571428571428571,0.0004
73,1.5462928414344788,1.5525052547454834,0.46153846153846156,0.8269230769230769,0.42857142857142855,0.8571428571428571,0.0004
74,1.579049825668335,1.5353524684906006,0.5384615384615384,0.8269230769230769,0.35714285714285715,0.8571428571428571,0.0004
75,1.558337390422821,1.5166765451431274,0.4230769230769231,0.8269230769230769,0.35714285714285715,0.8571428571428571,0.0004
76,1.5669728517532349,1.5343356132507324,0.4423076923076923,0.8269230769230769,0.21428571428571427,0.8571428571428571,0.0004
77,1.5557124018669128,1.5465037822723389,0.4230769230769231,0.8269230769230769,0.2857142857142857,0.8571428571428571,0.0004
78,1.54725843667984,1.5294889211654663,0.46153846153846156,0.8269230769230769,0.21428571428571427,0.8571428571428571,0.0004
79,1.5086884498596191,1.5005264282226562,0.4230769230769231,0.8269230769230769,0.14285714285714285,0.8571428571428571,0.0004
80,1.5188618898391724,1.504066824913025,0.36538461538461536,0.8269230769230769,0.21428571428571427,0.8571428571428571,0.0004
81,1.511071503162384,1.4911508560180664,0.40384615384615385,0.8269230769230769,0.42857142857142855,0.8571428571428571,0.0004
82,1.5226836800575256,1.6332478523254395,0.38461538461538464,0.8269230769230769,0.21428571428571427,0.8571428571428571,0.0004
83,1.5158337950706482,1.5348268747329712,0.4423076923076923,0.8269230769230769,0.2857142857142857,0.8571428571428571,0.0004
84,1.5269530415534973,1.4671671390533447,0.40384615384615385,0.8269230769230769,0.42857142857142855,0.8571428571428571,0.0004
85,1.5484030842781067,1.4461652040481567,0.4230769230769231,0.8269230769230769,0.42857142857142855,0.8571428571428571,0.0004
86,1.4586156010627747,1.484274983406067,0.46153846153846156,0.8269230769230769,0.35714285714285715,0.8571428571428571,0.0004
87,1.549017608165741,1.4042562246322632,0.36538461538461536,0.8269230769230769,0.42857142857142855,0.8571428571428571,0.0004
88,1.5456382036209106,1.545671820640564,0.46153846153846156,0.8269230769230769,0.2857142857142857,0.8571428571428571,0.0004
89,1.5261722803115845,1.5853359699249268,0.40384615384615385,0.8269230769230769,0.21428571428571427,0.8571428571428571,0.0004
90,1.5732008218765259,1.6069107055664062,0.36538461538461536,0.8269230769230769,0.21428571428571427,0.8571428571428571,0.0004
91,1.5559415817260742,1.619327425956726,0.36538461538461536,0.8269230769230769,0.21428571428571427,0.8571428571428571,0.0004
92,1.5442652106285095,1.6030610799789429,0.36538461538461536,0.8269230769230769,0.21428571428571427,0.8571428571428571,0.0004
93,1.5646714568138123,1.5826358795166016,0.36538461538461536,0.8269230769230769,0.21428571428571427,0.8571428571428571,0.0004
94,1.59548681974411,1.5815569162368774,0.36538461538461536,0.8269230769230769,0.21428571428571427,0.8571428571428571,0.0004
95,1.5621155500411987,1.5688046216964722,0.36538461538461536,0.8269230769230769,0.21428571428571427,0.8571428571428571,0.0004
96,1.5607120990753174,1.5381145477294922,0.36538461538461536,0.8269230769230769,0.21428571428571427,0.8571428571428571,0.0004
97,1.569239854812622,1.5177686214447021,0.38461538461538464,0.8269230769230769,0.2857142857142857,0.8571428571428571,0.0004
98,1.5452261567115784,1.5090543031692505,0.38461538461538464,0.8269230769230769,0.21428571428571427,0.8571428571428571,0.0004
99,1.5325724482536316,1.5010371208190918,0.3076923076923077,0.8269230769230769,0.5,0.8571428571428571,0.0004
100,1.5649465918540955,1.5094043016433716,0.34615384615384615,0.8269230769230769,0.35714285714285715,0.8571428571428571,0.0004
101,1.5585112571716309,1.5009398460388184,0.34615384615384615,0.8269230769230769,0.5,0.8571428571428571,0.0004
102,1.5966296195983887,1.5084203481674194,0.38461538461538464,0.8269230769230769,0.35714285714285715,0.8571428571428571,0.0004
103,1.5639922618865967,1.5121617317199707,0.3269230769230769,0.8269230769230769,0.35714285714285715,0.8571428571428571,0.0004
104,1.5346919298171997,1.5186904668807983,0.3076923076923077,0.8269230769230769,0.2857142857142857,0.8571428571428571,0.0004
105,1.561274766921997,1.5305683612823486,0.36538461538461536,0.8269230769230769,0.21428571428571427,0.8571428571428571,0.0004
106,1.5540168285369873,1.5286154747009277,0.40384615384615385,0.8269230769230769,0.21428571428571427,0.8571428571428571,0.0004
107,1.5312464833259583,1.5376007556915283,0.38461538461538464,0.8269230769230769,0.21428571428571427,0.8571428571428571,0.0004
108,1.5332509279251099,1.5553103685379028,0.36538461538461536,0.8269230769230769,0.21428571428571427,0.8571428571428571,0.0004
109,1.5421825647354126,1.5567212104797363,0.36538461538461536,0.8269230769230769,0.21428571428571427,0.8571428571428571,0.0004
110,1.5762673616409302,1.5500530004501343,0.36538461538461536,0.8269230769230769,0.21428571428571427,0.8571428571428571,0.0004
111,1.5149997472763062,1.5619914531707764,0.36538461538461536,0.8269230769230769,0.21428571428571427,0.8571428571428571,0.0004
112,1.545990228652954,1.5510811805725098,0.36538461538461536,0.8269230769230769,0.21428571428571427,0.8571428571428571,0.0004
113,1.570206344127655,1.5526975393295288,0.36538461538461536,0.8269230769230769,0.21428571428571427,0.8571428571428571,0.0004
114,1.512433648109436,1.5434293746948242,0.36538461538461536,0.8269230769230769,0.21428571428571427,0.8571428571428571,0.0004
115,1.549745261669159,1.547055721282959,0.36538461538461536,0.8269230769230769,0.21428571428571427,0.8571428571428571,0.0004
116,1.5531590580940247,1.5441906452178955,0.36538461538461536,0.8269230769230769,0.21428571428571427,0.8571428571428571,0.0004
117,1.537382423877716,1.5450613498687744,0.36538461538461536,0.8269230769230769,0.21428571428571427,0.8571428571428571,0.0004
118,1.5432701110839844,1.5248453617095947,0.36538461538461536,0.8269230769230769,0.21428571428571427,0.8571428571428571,0.0004
119,1.5791223049163818,1.521238088607788,0.36538461538461536,0.8269230769230769,0.2857142857142857,0.8571428571428571,0.0004
120,1.5336525440216064,1.5253626108169556,0.40384615384615385,0.8269230769230769,0.2857142857142857,0.8571428571428571,0.0004
121,1.5311878323554993,1.5220975875854492,0.40384615384615385,0.8269230769230769,0.35714285714285715,0.8571428571428571,0.0004
122,1.5284743309020996,1.5199295282363892,0.5,0.8269230769230769,0.35714285714285715,0.8571428571428571,0.0004
123,1.5666693449020386,1.5291450023651123,0.46153846153846156,0.8269230769230769,0.2857142857142857,0.8571428571428571,0.0004
124,1.565129280090332,1.5347027778625488,0.40384615384615385,0.8269230769230769,0.2857142857142857,0.8571428571428571,0.0004
125,1.5746127367019653,1.5257716178894043,0.36538461538461536,0.8269230769230769,0.35714285714285715,0.8571428571428571,0.0004
126,1.5305683612823486,1.539144515991211,0.40384615384615385,0.8269230769230769,0.2857142857142857,0.8571428571428571,0.0004
127,1.5226373672485352,1.5297132730484009,0.4230769230769231,0.8269230769230769,0.21428571428571427,0.8571428571428571,0.0004
128,1.5629178285598755,1.5486745834350586,0.36538461538461536,0.8269230769230769,0.21428571428571427,0.8571428571428571,0.0004
129,1.547307014465332,1.5467981100082397,0.36538461538461536,0.8269230769230769,0.21428571428571427,0.8571428571428571,0.0004
130,1.5679234266281128,1.5355305671691895,0.38461538461538464,0.8269230769230769,0.21428571428571427,0.8571428571428571,0.0004
131,1.5411340594291687,1.5508320331573486,0.36538461538461536,0.8269230769230769,0.21428571428571427,0.8571428571428571,0.0004
132,1.5415910482406616,1.5357975959777832,0.38461538461538464,0.8269230769230769,0.21428571428571427,0.8571428571428571,0.0004
133,1.5257479548454285,1.534156084060669,0.38461538461538464,0.8269230769230769,0.35714285714285715,0.8571428571428571,0.0004
134,1.5458706617355347,1.5173637866973877,0.4807692307692308,0.8269230769230769,0.5,0.8571428571428571,0.0004
135,1.5477519631385803,1.534623622894287,0.46153846153846156,0.8269230769230769,0.21428571428571427,0.8571428571428571,0.0004
136,1.5522631406784058,1.5061482191085815,0.4423076923076923,0.8269230769230769,0.2857142857142857,0.8571428571428571,0.0004
137,1.5451475381851196,1.5003173351287842,0.28846153846153844,0.8269230769230769,0.35714285714285715,0.8571428571428571,0.0004
138,1.5594197511672974,1.4917104244232178,0.2692307692307692,0.8269230769230769,0.35714285714285715,0.8571428571428571,0.0004
139,1.5368478298187256,1.5008392333984375,0.36538461538461536,0.8269230769230769,0.5,0.8571428571428571,0.0004
140,1.5467342734336853,1.5485012531280518,0.46153846153846156,0.8269230769230769,0.2857142857142857,0.8571428571428571,0.0004
141,1.544099509716034,1.5505741834640503,0.4230769230769231,0.8269230769230769,0.21428571428571427,0.8571428571428571,0.0004
142,1.5189843773841858,1.5483952760696411,0.36538461538461536,0.8269230769230769,0.2857142857142857,0.8571428571428571,0.0004
143,1.533837080001831,1.5681066513061523,0.36538461538461536,0.8269230769230769,0.21428571428571427,0.8571428571428571,0.0004
144,1.536266803741455,1.5690326690673828,0.36538461538461536,0.8269230769230769,0.21428571428571427,0.8571428571428571,0.0004
145,1.5635632276535034,1.5579594373703003,0.4423076923076923,0.8269230769230769,0.2857142857142857,0.8571428571428571,0.0004
146,1.5384798049926758,1.5146642923355103,0.5,0.8269230769230769,0.42857142857142855,0.8571428571428571,0.0004
147,1.5414589643478394,1.5025084018707275,0.4230769230769231,0.8269230769230769,0.42857142857142855,0.8571428571428571,0.0004
148,1.5008428692817688,1.5371391773223877,0.4807692307692308,0.8269230769230769,0.35714285714285715,0.8571428571428571,0.0004
149,1.5061237812042236,1.5146448612213135,0.4423076923076923,0.8269230769230769,0.35714285714285715,0.8571428571428571,0.0004
150,1.5616563558578491,1.5022430419921875,0.4423076923076923,0.8269230769230769,0.42857142857142855,0.8571428571428571,0.0004
151,1.5410411357879639,1.533931016921997,0.4230769230769231,0.8269230769230769,0.2857142857142857,0.8571428571428571,0.0004
152,1.4728341698646545,1.5545928478240967,0.5,0.8269230769230769,0.2857142857142857,0.8571428571428571,0.0004
153,1.4927429556846619,1.480644702911377,0.4423076923076923,0.8269230769230769,0.42857142857142855,0.8571428571428571,0.0004
154,1.4857105016708374,1.4351952075958252,0.4423076923076923,0.8269230769230769,0.42857142857142855,0.8571428571428571,0.0004
155,1.575182557106018,1.5182595252990723,0.36538461538461536,0.8269230769230769,0.35714285714285715,0.8571428571428571,0.0004
156,1.5135195851325989,1.6014797687530518,0.46153846153846156,0.8269230769230769,0.2857142857142857,0.8571428571428571,0.0004
157,1.4898737072944641,1.5785143375396729,0.38461538461538464,0.8269230769230769,0.2857142857142857,0.8571428571428571,0.0004
158,1.5648658871650696,1.493902564048767,0.4230769230769231,0.8269230769230769,0.42857142857142855,0.8571428571428571,0.0004
159,1.5347045063972473,1.5418992042541504,0.40384615384615385,0.8269230769230769,0.2857142857142857,0.8571428571428571,0.0004
160,1.6042120456695557,1.5959991216659546,0.36538461538461536,0.8269230769230769,0.2857142857142857,0.8571428571428571,0.0004
161,1.4775999784469604,1.559598445892334,0.5,0.8269230769230769,0.42857142857142855,0.8571428571428571,0.0004
162,1.491435706615448,1.5438867807388306,0.5192307692307693,0.8269230769230769,0.35714285714285715,0.8571428571428571,0.0004
163,1.563639521598816,1.5953983068466187,0.4230769230769231,0.8269230769230769,0.2857142857142857,0.8571428571428571,0.0004
164,1.52045077085495,1.4974472522735596,0.40384615384615385,0.8269230769230769,0.35714285714285715,0.8571428571428571,0.0004
165,1.4950571060180664,1.4861054420471191,0.40384615384615385,0.8269230769230769,0.35714285714285715,0.8571428571428571,0.0004
166,1.5241954326629639,1.4370735883712769,0.4230769230769231,0.8269230769230769,0.42857142857142855,0.8571428571428571,0.0004
167,1.4642994403839111,1.5333287715911865,0.4807692307692308,0.8269230769230769,0.35714285714285715,0.8571428571428571,0.0004
168,1.5409675240516663,1.544082522392273,0.40384615384615385,0.8269230769230769,0.2857142857142857,0.8571428571428571,0.0004
169,1.4943212270736694,1.4965561628341675,0.4230769230769231,0.8269230769230769,0.35714285714285715,0.8571428571428571,0.0004
170,1.5273681282997131,1.4707982540130615,0.4230769230769231,0.8269230769230769,0.35714285714285715,0.8571428571428571,0.0004
171,1.4772422313690186,1.460060954093933,0.46153846153846156,0.8269230769230769,0.35714285714285715,0.8571428571428571,0.0004
172,1.5893279314041138,1.4587421417236328,0.4230769230769231,0.8269230769230769,0.35714285714285715,0.8571428571428571,0.0004
173,1.4448696374893188,1.523193597793579,0.5,0.8269230769230769,0.35714285714285715,0.8571428571428571,0.0004
174,1.4616584777832031,1.540602207183838,0.5,0.8269230769230769,0.2857142857142857,0.8571428571428571,0.0004
175,1.4780020117759705,1.458848237991333,0.4807692307692308,0.8269230769230769,0.35714285714285715,0.8571428571428571,0.0004
176,1.418128788471222,1.5022408962249756,0.5,0.8269230769230769,0.35714285714285715,0.8571428571428571,0.0004
177,1.4577595591545105,1.5705785751342773,0.46153846153846156,0.8269230769230769,0.2857142857142857,0.8571428571428571,0.0004
178,1.4740701913833618,1.4413635730743408,0.4423076923076923,0.8269230769230769,0.42857142857142855,0.8571428571428571,0.0004
179,1.5149920582771301,1.5705500841140747,0.38461538461538464,0.8269230769230769,0.2857142857142857,0.8571428571428571,0.0004
180,1.5104202032089233,1.579174280166626,0.40384615384615385,0.8269230769230769,0.2857142857142857,0.8571428571428571,0.0004
181,1.5006698369979858,1.5711777210235596,0.4423076923076923,0.8269230769230769,0.2857142857142857,0.8571428571428571,0.0004
182,1.4470093250274658,1.4784679412841797,0.46153846153846156,0.8269230769230769,0.35714285714285715,0.8571428571428571,0.0004
183,1.5085501074790955,1.5018364191055298,0.40384615384615385,0.8269230769230769,0.35714285714285715,0.8571428571428571,0.0004
184,1.4781386852264404,1.5583038330078125,0.4423076923076923,0.8269230769230769,0.2857142857142857,0.8571428571428571,0.0004
185,1.5546364784240723,1.6016627550125122,0.36538461538461536,0.8269230769230769,0.21428571428571427,0.8571428571428571,0.0004
186,1.5117744207382202,1.5924605131149292,0.36538461538461536,0.8269230769230769,0.21428571428571427,0.8571428571428571,0.0004
187,1.5212033987045288,1.4813873767852783,0.40384615384615385,0.8269230769230769,0.35714285714285715,0.8571428571428571,0.0004
188,1.5010761618614197,1.4448304176330566,0.4423076923076923,0.8269230769230769,0.5,0.8571428571428571,0.0004
189,1.6371049284934998,1.6362208127975464,0.38461538461538464,0.8269230769230769,0.42857142857142855,0.8571428571428571,0.0004
190,1.7155036330223083,1.4683011770248413,0.40384615384615385,0.8269230769230769,0.42857142857142855,0.8571428571428571,0.0004
191,1.6058080792427063,1.5417026281356812,0.38461538461538464,0.8269230769230769,0.5,0.8571428571428571,0.0004
192,1.506670355796814,1.5995275974273682,0.4807692307692308,0.8269230769230769,0.21428571428571427,0.8571428571428571,0.0004
193,1.5608875751495361,1.6008490324020386,0.36538461538461536,0.8269230769230769,0.21428571428571427,0.8571428571428571,0.0004
194,1.5761077404022217,1.607670783996582,0.36538461538461536,0.8269230769230769,0.21428571428571427,0.8571428571428571,0.0004
195,1.5551625490188599,1.6223405599594116,0.36538461538461536,0.8269230769230769,0.21428571428571427,0.8571428571428571,0.0004
196,1.5751357078552246,1.6134026050567627,0.36538461538461536,0.8269230769230769,0.21428571428571427,0.8571428571428571,0.0004
197,1.5583578944206238,1.624663233757019,0.36538461538461536,0.8269230769230769,0.21428571428571427,0.8571428571428571,0.0004
198,1.5944722294807434,1.628583312034607,0.36538461538461536,0.8269230769230769,0.21428571428571427,0.8571428571428571,0.0004
199,1.563932180404663,1.6278992891311646,0.36538461538461536,0.8269230769230769,0.21428571428571427,0.8571428571428571,0.0004
200,1.5596423149108887,1.6064677238464355,0.36538461538461536,0.8269230769230769,0.21428571428571427,0.8571428571428571,0.0004
201,1.5898377299308777,1.5979915857315063,0.36538461538461536,0.8269230769230769,0.21428571428571427,0.8571428571428571,0.0004
202,1.5389637351036072,1.5969805717468262,0.36538461538461536,0.8269230769230769,0.21428571428571427,0.8571428571428571,0.0004
203,1.5723626613616943,1.5958523750305176,0.36538461538461536,0.8269230769230769,0.21428571428571427,0.8571428571428571,0.0004
204,1.5745213031768799,1.5726407766342163,0.36538461538461536,0.8269230769230769,0.21428571428571427,0.8571428571428571,0.0004
205,1.603965938091278,1.5709009170532227,0.36538461538461536,0.8269230769230769,0.21428571428571427,0.8571428571428571,0.0004
206,1.5655160546302795,1.568966269493103,0.36538461538461536,0.8269230769230769,0.21428571428571427,0.8571428571428571,0.0004
207,1.5639678835868835,1.5465872287750244,0.36538461538461536,0.8269230769230769,0.21428571428571427,0.8571428571428571,0.0004
208,1.5431700944900513,1.5505414009094238,0.36538461538461536,0.8269230769230769,0.21428571428571427,0.8571428571428571,0.0004
209,1.5473151803016663,1.5406885147094727,0.36538461538461536,0.8269230769230769,0.21428571428571427,0.8571428571428571,0.0004
210,1.5110933780670166,1.5385971069335938,0.38461538461538464,0.8269230769230769,0.21428571428571427,0.8571428571428571,0.0004
211,1.5615208148956299,1.5402699708938599,0.40384615384615385,0.8269230769230769,0.21428571428571427,0.8571428571428571,0.0004
212,1.5820904970169067,1.5287799835205078,0.40384615384615385,0.8269230769230769,0.21428571428571427,0.8571428571428571,0.0004
213,1.526283860206604,1.5203874111175537,0.4807692307692308,0.8269230769230769,0.2857142857142857,0.8571428571428571,0.0004
214,1.572176992893219,1.5334203243255615,0.4423076923076923,0.8269230769230769,0.2857142857142857,0.8571428571428571,0.0004
215,1.573419988155365,1.5118870735168457,0.4423076923076923,0.8269230769230769,0.2857142857142857,0.8571428571428571,0.0004
216,1.5497719645500183,1.5414947271347046,0.46153846153846156,0.8269230769230769,0.35714285714285715,0.8571428571428571,0.0004
217,1.5209518671035767,1.5188499689102173,0.4807692307692308,0.8269230769230769,0.21428571428571427,0.8571428571428571,0.0004
218,1.5738895535469055,1.524430274963379,0.34615384615384615,0.8269230769230769,0.42857142857142855,0.8571428571428571,0.0004
219,1.585731029510498,1.5224132537841797,0.4807692307692308,0.8269230769230769,0.35714285714285715,0.8571428571428571,0.0004
220,1.5841464400291443,1.5487219095230103,0.5192307692307693,0.8269230769230769,0.35714285714285715,0.8571428571428571,0.0004
221,1.5495821237564087,1.5532219409942627,0.5961538461538461,0.8269230769230769,0.42857142857142855,0.8571428571428571,0.0004
222,1.5722525119781494,1.5409865379333496,0.46153846153846156,0.8269230769230769,0.35714285714285715,0.8571428571428571,0.0004
223,1.5558395385742188,1.5380775928497314,0.4423076923076923,0.8269230769230769,0.2857142857142857,0.8571428571428571,0.0004
224,1.5216345191001892,1.540934681892395,0.4423076923076923,0.8269230769230769,0.42857142857142855,0.8571428571428571,0.0004
225,1.5417873859405518,1.529002070426941,0.4807692307692308,0.8269230769230769,0.21428571428571427,0.8571428571428571,0.0004
226,1.5484310388565063,1.5478639602661133,0.4807692307692308,0.8269230769230769,0.42857142857142855,0.8571428571428571,0.0004
227,1.5394527316093445,1.5363740921020508,0.40384615384615385,0.8269230769230769,0.2857142857142857,0.8571428571428571,0.0004
228,1.5033071041107178,1.5312283039093018,0.4807692307692308,0.8269230769230769,0.21428571428571427,0.8571428571428571,0.0004
229,1.5366811156272888,1.547739028930664,0.4230769230769231,0.8269230769230769,0.21428571428571427,0.8571428571428571,0.0004
230,1.5587977170944214,1.5264711380004883,0.46153846153846156,0.8269230769230769,0.21428571428571427,0.8571428571428571,0.0004
231,1.5271068215370178,1.5462160110473633,0.38461538461538464,0.8269230769230769,0.21428571428571427,0.8571428571428571,0.0004
232,1.5496051907539368,1.550942301750183,0.38461538461538464,0.8269230769230769,0.21428571428571427,0.8571428571428571,0.0004
233,1.5484449863433838,1.5346832275390625,0.36538461538461536,0.8269230769230769,0.21428571428571427,0.8571428571428571,0.0004
234,1.5192012190818787,1.541581153869629,0.36538461538461536,0.8269230769230769,0.21428571428571427,0.8571428571428571,0.0004
235,1.509179949760437,1.5618683099746704,0.36538461538461536,0.8269230769230769,0.21428571428571427,0.8571428571428571,0.0004
236,1.5372264981269836,1.551314353942871,0.36538461538461536,0.8269230769230769,0.21428571428571427,0.8571428571428571,0.0004
237,1.5386815667152405,1.5677157640457153,0.36538461538461536,0.8269230769230769,0.21428571428571427,0.8571428571428571,0.0004
238,1.5780668258666992,1.5482202768325806,0.36538461538461536,0.8269230769230769,0.21428571428571427,0.8571428571428571,0.0004
239,1.5678436160087585,1.5418652296066284,0.36538461538461536,0.8269230769230769,0.21428571428571427,0.8571428571428571,0.0004
240,1.549278736114502,1.549456000328064,0.36538461538461536,0.8269230769230769,0.21428571428571427,0.8571428571428571,0.0004
241,1.5474743247032166,1.5638258457183838,0.36538461538461536,0.8269230769230769,0.21428571428571427,0.8571428571428571,0.0004
242,1.5553786158561707,1.5365750789642334,0.36538461538461536,0.8269230769230769,0.21428571428571427,0.8571428571428571,0.0004
243,1.5537006258964539,1.5358268022537231,0.38461538461538464,0.8269230769230769,0.21428571428571427,0.8571428571428571,0.0004
244,1.5339152812957764,1.5639150142669678,0.38461538461538464,0.8269230769230769,0.21428571428571427,0.8571428571428571,0.0004
245,1.5420968532562256,1.5377321243286133,0.38461538461538464,0.8269230769230769,0.21428571428571427,0.8571428571428571,0.0004
246,1.5399974584579468,1.5694403648376465,0.36538461538461536,0.8269230769230769,0.21428571428571427,0.8571428571428571,0.0004
247,1.5700576901435852,1.557332158088684,0.38461538461538464,0.8269230769230769,0.21428571428571427,0.8571428571428571,0.0004
248,1.5059220790863037,1.5293492078781128,0.38461538461538464,0.8269230769230769,0.21428571428571427,0.8571428571428571,0.0004
249,1.5559027194976807,1.551669716835022,0.40384615384615385,0.8269230769230769,0.21428571428571427,0.8571428571428571,0.0004
250,1.5352995991706848,1.5483465194702148,0.4230769230769231,0.8269230769230769,0.21428571428571427,0.8571428571428571,0.0004
251,1.5438420176506042,1.5441519021987915,0.4230769230769231,0.8269230769230769,0.2857142857142857,0.8571428571428571,0.0004
252,1.5543019771575928,1.5533310174942017,0.46153846153846156,0.8269230769230769,0.2857142857142857,0.8571428571428571,0.0004
253,1.5814808011054993,1.5562852621078491,0.4423076923076923,0.8269230769230769,0.21428571428571427,0.8571428571428571,0.0004
254,1.5584450364112854,1.5552228689193726,0.5,0.8269230769230769,0.21428571428571427,0.8571428571428571,0.0004
255,1.5556614995002747,1.56145441532135,0.5,0.8269230769230769,0.21428571428571427,0.8571428571428571,0.0004
256,1.5290159583091736,1.5261378288269043,0.4807692307692308,0.8269230769230769,0.2857142857142857,0.8571428571428571,0.0004
257,1.5470380783081055,1.5516250133514404,0.4423076923076923,0.8269230769230769,0.21428571428571427,0.8571428571428571,0.0004
258,1.5361204147338867,1.5522854328155518,0.4230769230769231,0.8269230769230769,0.2857142857142857,0.8571428571428571,0.0004
259,1.5142086744308472,1.5444589853286743,0.40384615384615385,0.8269230769230769,0.2857142857142857,0.8571428571428571,0.0004
260,1.5152482986450195,1.5637853145599365,0.4230769230769231,0.8269230769230769,0.21428571428571427,0.8571428571428571,0.0004
261,1.4859371781349182,1.5364415645599365,0.4423076923076923,0.8269230769230769,0.21428571428571427,0.8571428571428571,0.0004
262,1.5445904731750488,1.5559849739074707,0.46153846153846156,0.8269230769230769,0.21428571428571427,0.8571428571428571,0.0004
263,1.5461353063583374,1.4933651685714722,0.4423076923076923,0.8269230769230769,0.35714285714285715,0.8571428571428571,0.0004
264,1.5372909903526306,1.5727357864379883,0.4423076923076923,0.8269230769230769,0.35714285714285715,0.8571428571428571,0.0004
265,1.5239832401275635,1.5376009941101074,0.4807692307692308,0.8269230769230769,0.35714285714285715,0.8571428571428571,0.0004
266,1.533162236213684,1.5346717834472656,0.5,0.8269230769230769,0.42857142857142855,0.8571428571428571,0.0004
267,1.5546873211860657,1.5253393650054932,0.46153846153846156,0.8269230769230769,0.42857142857142855,0.8571428571428571,0.0004
268,1.5406887531280518,1.617260217666626,0.4423076923076923,0.8269230769230769,0.21428571428571427,0.8571428571428571,0.0004
269,1.5509363412857056,1.6011147499084473,0.4423076923076923,0.8269230769230769,0.42857142857142855,0.8571428571428571,0.0004
270,1.5481040477752686,1.6057145595550537,0.4230769230769231,0.8269230769230769,0.2857142857142857,0.8571428571428571,0.0004
271,1.5762447118759155,1.633960247039795,0.4230769230769231,0.8269230769230769,0.21428571428571427,0.8571428571428571,0.0004
272,1.53532475233078,1.6180903911590576,0.4423076923076923,0.8269230769230769,0.21428571428571427,0.8571428571428571,0.0004
273,1.4818564653396606,1.6139522790908813,0.40384615384615385,0.8269230769230769,0.2857142857142857,0.8571428571428571,0.0004
274,1.5268098711967468,1.56746506690979,0.38461538461538464,0.8269230769230769,0.35714285714285715,0.8571428571428571,0.0004
275,1.5231096148490906,1.6138966083526611,0.46153846153846156,0.8269230769230769,0.35714285714285715,0.8571428571428571,0.0004
276,1.548345685005188,1.5014897584915161,0.46153846153846156,0.8269230769230769,0.42857142857142855,0.8571428571428571,0.0004
277,1.4680087566375732,1.5552916526794434,0.5576923076923077,0.8269230769230769,0.21428571428571427,0.8571428571428571,0.0004
278,1.5046603679656982,1.5530859231948853,0.46153846153846156,0.8269230769230769,0.42857142857142855,0.8571428571428571,0.0004
279,1.5497260689735413,1.5754454135894775,0.40384615384615385,0.8269230769230769,0.35714285714285715,0.8571428571428571,0.0004
280,1.4784828424453735,1.4989283084869385,0.5384615384615384,0.8269230769230769,0.42857142857142855,0.8571428571428571,0.0004
281,1.51439368724823,1.5338647365570068,0.4230769230769231,0.8269230769230769,0.5,0.8571428571428571,0.0004
282,1.5115560293197632,1.6489256620407104,0.46153846153846156,0.8269230769230769,0.21428571428571427,0.8571428571428571,0.0004
283,1.4865323305130005,1.5072112083435059,0.5192307692307693,0.8269230769230769,0.42857142857142855,0.8571428571428571,0.0004
284,1.5431864261627197,1.5515952110290527,0.4807692307692308,0.8269230769230769,0.35714285714285715,0.8571428571428571,0.0004
285,1.5187222361564636,1.6092455387115479,0.46153846153846156,0.8076923076923077,0.21428571428571427,0.7857142857142857,0.0004
286,1.4898660778999329,1.5447429418563843,0.46153846153846156,0.8076923076923077,0.35714285714285715,0.8571428571428571,0.0004
287,1.4966315627098083,1.6406440734863281,0.46153846153846156,0.8269230769230769,0.14285714285714285,0.8571428571428571,0.0004
288,1.496078610420227,1.5403714179992676,0.4807692307692308,0.8076923076923077,0.35714285714285715,0.8571428571428571,0.0004
289,1.5262709259986877,1.6010035276412964,0.4807692307692308,0.8269230769230769,0.2857142857142857,0.8571428571428571,0.0004
290,1.5583383440971375,1.5984230041503906,0.4230769230769231,0.8076923076923077,0.35714285714285715,0.8571428571428571,0.0004
291,1.5249078869819641,1.4558628797531128,0.4230769230769231,0.8269230769230769,0.5,0.7857142857142857,0.0004
292,1.4159969091415405,1.5321543216705322,0.5192307692307693,0.8269230769230769,0.42857142857142855,0.8571428571428571,0.0004
293,1.4163873791694641,1.6412880420684814,0.5192307692307693,0.7884615384615384,0.2857142857142857,0.8571428571428571,0.0004
294,1.4496511816978455,1.3934738636016846,0.5,0.7884615384615384,0.5,0.7857142857142857,0.0004
295,1.389232099056244,1.5730292797088623,0.5384615384615384,0.7692307692307693,0.42857142857142855,0.7142857142857143,0.0004
296,1.28842294216156,1.5016732215881348,0.6153846153846154,0.8269230769230769,0.42857142857142855,0.8571428571428571,0.0004
297,1.4465727806091309,1.5199542045593262,0.4230769230769231,0.8461538461538461,0.42857142857142855,0.8571428571428571,0.0004
298,1.4414780735969543,1.5784804821014404,0.5192307692307693,0.8269230769230769,0.35714285714285715,0.7857142857142857,0.0004
299,1.4242829084396362,1.4837403297424316,0.4807692307692308,0.8076923076923077,0.5,0.7857142857142857,0.0004
300,1.404304027557373,1.6140553951263428,0.5576923076923077,0.8076923076923077,0.42857142857142855,0.7857142857142857,0.0004
301,1.4044512510299683,1.5195785760879517,0.5576923076923077,0.8076923076923077,0.42857142857142855,0.6428571428571429,0.0004
302,1.4406843185424805,1.4949122667312622,0.40384615384615385,0.8076923076923077,0.5714285714285714,0.7857142857142857,0.0004
303,1.3171474933624268,1.6109997034072876,0.7115384615384616,0.7692307692307693,0.5714285714285714,0.6428571428571429,0.0004
304,1.4686071276664734,1.6334278583526611,0.5,0.8269230769230769,0.42857142857142855,0.5714285714285714,0.0004
305,1.4637990593910217,1.5537115335464478,0.5,0.7692307692307693,0.5,0.7142857142857143,0.0004
306,1.5099318027496338,1.4516363143920898,0.5384615384615384,0.75,0.6428571428571429,0.6428571428571429,0.0004
307,1.4421290159225464,1.6516337394714355,0.5576923076923077,0.7692307692307693,0.42857142857142855,0.7857142857142857,0.0004
308,1.5073540806770325,1.5127193927764893,0.46153846153846156,0.8461538461538461,0.42857142857142855,0.8571428571428571,0.0004
309,1.3805086016654968,1.5242764949798584,0.4807692307692308,0.7884615384615384,0.5714285714285714,0.7142857142857143,0.0004
310,1.47074294090271,1.7584608793258667,0.4807692307692308,0.8461538461538461,0.42857142857142855,0.6428571428571429,0.0004
311,1.3753632307052612,1.7139447927474976,0.5,0.8076923076923077,0.2857142857142857,0.7857142857142857,0.0004
312,1.4808234572410583,1.6762079000473022,0.40384615384615385,0.8076923076923077,0.42857142857142855,0.5714285714285714,0.0004
313,1.5084399580955505,1.5982394218444824,0.4423076923076923,0.7884615384615384,0.35714285714285715,0.8571428571428571,0.0004
314,1.471140205860138,1.51827073097229,0.5192307692307693,0.7692307692307693,0.42857142857142855,0.7142857142857143,0.0004
315,1.393686592578888,1.5243213176727295,0.46153846153846156,0.8269230769230769,0.42857142857142855,0.7142857142857143,0.0004
316,1.4577428102493286,1.5510375499725342,0.5192307692307693,0.8269230769230769,0.5714285714285714,0.7142857142857143,0.0004
317,1.3769834637641907,1.4387822151184082,0.6923076923076923,0.7692307692307693,0.5,0.7857142857142857,0.0004
318,1.431882619857788,1.5009613037109375,0.5769230769230769,0.8269230769230769,0.5,0.7142857142857143,0.0004
319,1.467858374118805,1.5600581169128418,0.4807692307692308,0.7692307692307693,0.42857142857142855,0.7142857142857143,0.0004
320,1.4044020175933838,1.471529483795166,0.4230769230769231,0.8269230769230769,0.5,0.7857142857142857,0.0004
321,1.4301649332046509,1.4522299766540527,0.5961538461538461,0.7884615384615384,0.6428571428571429,0.6428571428571429,0.0004
322,1.3999189734458923,1.511768102645874,0.5769230769230769,0.7884615384615384,0.42857142857142855,0.7142857142857143,0.0004
323,1.3471909761428833,1.339097023010254,0.5,0.8076923076923077,0.5,0.7857142857142857,0.0004
324,1.466177225112915,1.667596459388733,0.46153846153846156,0.7692307692307693,0.35714285714285715,0.7142857142857143,0.0004
325,1.5385934114456177,1.661689043045044,0.4423076923076923,0.7884615384615384,0.42857142857142855,0.6428571428571429,0.0004
326,1.6014896631240845,1.7802996635437012,0.3269230769230769,0.8076923076923077,0.21428571428571427,0.6428571428571429,0.0004
327,1.5721989274024963,1.8631465435028076,0.34615384615384615,0.8076923076923077,0.2857142857142857,0.7857142857142857,0.0004
328,1.7344024181365967,1.878264307975769,0.25,0.8076923076923077,0.21428571428571427,0.8571428571428571,0.0004
329,1.668860137462616,1.9021384716033936,0.38461538461538464,0.8269230769230769,0.21428571428571427,0.8571428571428571,0.0004
330,1.6078371405601501,1.8289111852645874,0.4230769230769231,0.8269230769230769,0.21428571428571427,0.8571428571428571,0.0004
331,1.653661072254181,1.770658254623413,0.40384615384615385,0.8269230769230769,0.21428571428571427,0.8571428571428571,0.0004
332,1.590948462486267,1.7261884212493896,0.36538461538461536,0.8269230769230769,0.21428571428571427,0.8571428571428571,0.0004
333,1.5984050631523132,1.7263487577438354,0.36538461538461536,0.8269230769230769,0.21428571428571427,0.8571428571428571,0.0004
334,1.5911204814910889,1.6699635982513428,0.36538461538461536,0.8269230769230769,0.21428571428571427,0.8571428571428571,0.0004
335,1.5908954739570618,1.6336709260940552,0.36538461538461536,0.8269230769230769,0.21428571428571427,0.8571428571428571,0.0004
336,1.5499411821365356,1.601794719696045,0.36538461538461536,0.8269230769230769,0.21428571428571427,0.8571428571428571,0.0004
337,1.605525016784668,1.5652883052825928,0.36538461538461536,0.8269230769230769,0.21428571428571427,0.8571428571428571,0.0004
338,1.577365517616272,1.543418526649475,0.36538461538461536,0.8269230769230769,0.21428571428571427,0.8571428571428571,0.0004
339,1.55712890625,1.5278468132019043,0.38461538461538464,0.8269230769230769,0.35714285714285715,0.8571428571428571,0.0004
340,1.5111083388328552,1.5166643857955933,0.4423076923076923,0.8269230769230769,0.35714285714285715,0.8571428571428571,0.0004
341,1.5838656425476074,1.5072667598724365,0.2692307692307692,0.8269230769230769,0.35714285714285715,0.8571428571428571,0.0004
342,1.5617388486862183,1.493363380432129,0.3269230769230769,0.8269230769230769,0.35714285714285715,0.8571428571428571,0.0004
343,1.5815702676773071,1.5115939378738403,0.3269230769230769,0.8269230769230769,0.35714285714285715,0.8571428571428571,0.0004
344,1.6056925058364868,1.5114697217941284,0.3269230769230769,0.8269230769230769,0.35714285714285715,0.8571428571428571,0.0004
345,1.5960256457328796,1.5073628425598145,0.3269230769230769,0.8269230769230769,0.35714285714285715,0.8571428571428571,0.0004
346,1.5743024349212646,1.5084847211837769,0.3269230769230769,0.8269230769230769,0.35714285714285715,0.8571428571428571,0.0004
347,1.5613155364990234,1.5145785808563232,0.3269230769230769,0.8269230769230769,0.35714285714285715,0.8571428571428571,0.0004
348,1.5510079860687256,1.5157976150512695,0.3269230769230769,0.8269230769230769,0.35714285714285715,0.8571428571428571,0.0004
349,1.5628557205200195,1.5268006324768066,0.3269230769230769,0.8269230769230769,0.35714285714285715,0.8571428571428571,0.0004
350,1.5512292981147766,1.520643949508667,0.3269230769230769,0.8269230769230769,0.35714285714285715,0.8571428571428571,0.0004
351,1.5510967373847961,1.5350052118301392,0.3269230769230769,0.8269230769230769,0.35714285714285715,0.8571428571428571,0.0004
352,1.56711083650589,1.5434809923171997,0.3269230769230769,0.8269230769230769,0.35714285714285715,0.8571428571428571,0.0004
353,1.5673971772193909,1.5355888605117798,0.3269230769230769,0.8269230769230769,0.35714285714285715,0.8571428571428571,0.0004
354,1.5640558004379272,1.5364221334457397,0.28846153846153844,0.8269230769230769,0.2857142857142857,0.8571428571428571,0.0004
355,1.5874291062355042,1.538707971572876,0.23076923076923078,0.8269230769230769,0.35714285714285715,0.8571428571428571,0.0004
356,1.5519719123840332,1.5411115884780884,0.2692307692307692,0.8269230769230769,0.2857142857142857,0.8571428571428571,0.0004
357,1.5638919472694397,1.539592981338501,0.40384615384615385,0.8269230769230769,0.2857142857142857,0.8571428571428571,0.0004
358,1.5797537565231323,1.5524297952651978,0.4807692307692308,0.8269230769230769,0.21428571428571427,0.8571428571428571,0.0004
359,1.5635991096496582,1.549794316291809,0.4807692307692308,0.8269230769230769,0.35714285714285715,0.8571428571428571,0.0004
360,1.5641909837722778,1.5541731119155884,0.46153846153846156,0.8269230769230769,0.35714285714285715,0.8571428571428571,0.0004
361,1.559041976928711,1.5448719263076782,0.5384615384615384,0.8269230769230769,0.21428571428571427,0.8571428571428571,0.0004
362,1.5733944177627563,1.5582213401794434,0.46153846153846156,0.8269230769230769,0.21428571428571427,0.8571428571428571,0.0004
363,1.5443190932273865,1.5333987474441528,0.4230769230769231,0.8269230769230769,0.35714285714285715,0.8571428571428571,0.0004
364,1.5828027129173279,1.544960856437683,0.4230769230769231,0.8269230769230769,0.2857142857142857,0.8571428571428571,0.0004
365,1.5548246502876282,1.543928623199463,0.40384615384615385,0.8269230769230769,0.2857142857142857,0.8571428571428571,0.0004
366,1.5274161100387573,1.5380640029907227,0.4230769230769231,0.8269230769230769,0.2857142857142857,0.8571428571428571,0.0004
367,1.5649909377098083,1.5418956279754639,0.38461538461538464,0.8269230769230769,0.2857142857142857,0.8571428571428571,0.0004
368,1.5572264194488525,1.5460386276245117,0.46153846153846156,0.8269230769230769,0.2857142857142857,0.8571428571428571,0.0004
369,1.5737359523773193,1.5254191160202026,0.40384615384615385,0.8269230769230769,0.2857142857142857,0.8571428571428571,0.0004
370,1.5332276821136475,1.5377459526062012,0.4807692307692308,0.8269230769230769,0.2857142857142857,0.8571428571428571,0.0004
371,1.5720742344856262,1.5225944519042969,0.5,0.8269230769230769,0.35714285714285715,0.8571428571428571,0.0004
372,1.5397809147834778,1.5226378440856934,0.5,0.8269230769230769,0.2857142857142857,0.8571428571428571,0.0004
373,1.5037330389022827,1.5226812362670898,0.46153846153846156,0.8269230769230769,0.2857142857142857,0.8571428571428571,0.0004
374,1.5854321718215942,1.5379102230072021,0.4423076923076923,0.8269230769230769,0.35714285714285715,0.8571428571428571,0.0004
375,1.561855971813202,1.5292649269104004,0.4423076923076923,0.8269230769230769,0.2857142857142857,0.8571428571428571,0.0004
376,1.5699027180671692,1.5281884670257568,0.5192307692307693,0.8269230769230769,0.35714285714285715,0.8571428571428571,0.0004
377,1.5693519711494446,1.5393651723861694,0.4807692307692308,0.8269230769230769,0.35714285714285715,0.8571428571428571,0.0004
378,1.5498458743095398,1.5349854230880737,0.5192307692307693,0.8269230769230769,0.21428571428571427,0.8571428571428571,0.0004
379,1.541764259338379,1.5278970003128052,0.5384615384615384,0.8269230769230769,0.35714285714285715,0.8571428571428571,0.0004
380,1.5458980798721313,1.5400512218475342,0.4807692307692308,0.8269230769230769,0.2857142857142857,0.8571428571428571,0.0004
381,1.5876305103302002,1.538378119468689,0.4807692307692308,0.8269230769230769,0.21428571428571427,0.8571428571428571,0.0004
382,1.5421584248542786,1.5380909442901611,0.4230769230769231,0.8269230769230769,0.35714285714285715,0.8571428571428571,0.0004
383,1.542646884918213,1.5352427959442139,0.4423076923076923,0.8269230769230769,0.2857142857142857,0.8571428571428571,0.0004
384,1.5544912219047546,1.5473177433013916,0.4423076923076923,0.8269230769230769,0.2857142857142857,0.8571428571428571,0.0004
385,1.551326036453247,1.541264295578003,0.4423076923076923,0.8269230769230769,0.21428571428571427,0.8571428571428571,0.0004
386,1.5494860410690308,1.5412726402282715,0.46153846153846156,0.8269230769230769,0.21428571428571427,0.8571428571428571,0.0004
387,1.5274227261543274,1.547548770904541,0.40384615384615385,0.8269230769230769,0.2857142857142857,0.8571428571428571,0.0004
388,1.5452823638916016,1.5389423370361328,0.36538461538461536,0.8269230769230769,0.21428571428571427,0.8571428571428571,0.0004
389,1.543814241886139,1.5504131317138672,0.4423076923076923,0.8269230769230769,0.21428571428571427,0.8571428571428571,0.0004
390,1.531814992427826,1.5448665618896484,0.4423076923076923,0.8269230769230769,0.21428571428571427,0.8571428571428571,0.0004
391,1.5263891220092773,1.538548469543457,0.4230769230769231,0.8269230769230769,0.21428571428571427,0.8571428571428571,0.0004
392,1.499671995639801,1.5487079620361328,0.40384615384615385,0.8269230769230769,0.21428571428571427,0.8571428571428571,0.0004
393,1.5512016415596008,1.52162504196167,0.4423076923076923,0.8269230769230769,0.2857142857142857,0.8571428571428571,0.0004
394,1.5306159853935242,1.5534257888793945,0.4230769230769231,0.8269230769230769,0.21428571428571427,0.8571428571428571,0.0004
395,1.55785071849823,1.537550449371338,0.4230769230769231,0.8269230769230769,0.35714285714285715,0.8571428571428571,0.0004
396,1.5131710171699524,1.5441691875457764,0.4230769230769231,0.8269230769230769,0.21428571428571427,0.8571428571428571,0.0004
397,1.5863139033317566,1.528501272201538,0.4230769230769231,0.8269230769230769,0.21428571428571427,0.8571428571428571,0.0004
398,1.515350580215454,1.5244147777557373,0.4423076923076923,0.8269230769230769,0.2857142857142857,0.8571428571428571,0.0004
399,1.5879838466644287,1.5580273866653442,0.4423076923076923,0.8269230769230769,0.21428571428571427,0.8571428571428571,0.0004
400,1.543751835823059,1.5238580703735352,0.4230769230769231,0.8269230769230769,0.35714285714285715,0.8571428571428571,0.0004
401,1.5223268866539001,1.5327526330947876,0.46153846153846156,0.8269230769230769,0.35714285714285715,0.8571428571428571,0.0004
402,1.557603895664215,1.5309113264083862,0.46153846153846156,0.8269230769230769,0.35714285714285715,0.8571428571428571,0.0004
403,1.5279815793037415,1.5170321464538574,0.5192307692307693,0.8269230769230769,0.2857142857142857,0.8571428571428571,0.0004
404,1.526638150215149,1.5339438915252686,0.46153846153846156,0.8269230769230769,0.2857142857142857,0.8571428571428571,0.0004
405,1.5210872888565063,1.5275486707687378,0.4807692307692308,0.8269230769230769,0.42857142857142855,0.8571428571428571,0.0004
406,1.51091867685318,1.5450360774993896,0.5192307692307693,0.8269230769230769,0.35714285714285715,0.8571428571428571,0.0004
407,1.534326195716858,1.5348021984100342,0.4230769230769231,0.8269230769230769,0.35714285714285715,0.8571428571428571,0.0004
408,1.5388740301132202,1.5234483480453491,0.46153846153846156,0.8269230769230769,0.35714285714285715,0.8571428571428571,0.0004
409,1.532266080379486,1.520275592803955,0.5384615384615384,0.8269230769230769,0.21428571428571427,0.8571428571428571,0.0004
410,1.560259997844696,1.5381267070770264,0.46153846153846156,0.8269230769230769,0.21428571428571427,0.8571428571428571,0.0004
411,1.5156898498535156,1.558579444885254,0.5576923076923077,0.8269230769230769,0.21428571428571427,0.8571428571428571,0.0004
412,1.5349103212356567,1.5191494226455688,0.4230769230769231,0.8269230769230769,0.35714285714285715,0.8571428571428571,0.0004
413,1.5000966787338257,1.5202009677886963,0.46153846153846156,0.8269230769230769,0.35714285714285715,0.8571428571428571,0.0004
414,1.549369215965271,1.5371073484420776,0.46153846153846156,0.8269230769230769,0.35714285714285715,0.8571428571428571,0.0004
415,1.4981266856193542,1.530636191368103,0.5,0.8269230769230769,0.2857142857142857,0.8571428571428571,0.0004
416,1.5056480169296265,1.5361480712890625,0.46153846153846156,0.8269230769230769,0.2857142857142857,0.8571428571428571,0.0004
417,1.5164147019386292,1.5462794303894043,0.5,0.8269230769230769,0.2857142857142857,0.8571428571428571,0.0004
418,1.4808427691459656,1.571521282196045,0.5192307692307693,0.8269230769230769,0.35714285714285715,0.8571428571428571,0.0004
419,1.4538313746452332,1.609786033630371,0.5192307692307693,0.8269230769230769,0.35714285714285715,0.8571428571428571,0.0004
420,1.4601514339447021,1.5248550176620483,0.4423076923076923,0.8269230769230769,0.42857142857142855,0.8571428571428571,0.0004
421,1.490018904209137,1.595975399017334,0.5576923076923077,0.8269230769230769,0.2857142857142857,0.8571428571428571,0.0004
422,1.485371470451355,1.4927444458007812,0.5384615384615384,0.8269230769230769,0.2857142857142857,0.8571428571428571,0.0004
423,1.445837378501892,1.5498151779174805,0.4807692307692308,0.8269230769230769,0.21428571428571427,0.8571428571428571,0.0004
424,1.4978811740875244,1.6087100505828857,0.4230769230769231,0.8269230769230769,0.2857142857142857,0.8571428571428571,0.0004
425,1.4387508034706116,1.5917500257492065,0.5,0.8269230769230769,0.2857142857142857,0.8571428571428571,0.0004
426,1.4528182744979858,1.6205288171768188,0.5,0.8269230769230769,0.21428571428571427,0.8571428571428571,0.0004
427,1.4474345445632935,1.6018649339675903,0.5192307692307693,0.8269230769230769,0.35714285714285715,0.8571428571428571,0.0004
428,1.4817727208137512,1.463749885559082,0.4230769230769231,0.8269230769230769,0.35714285714285715,0.8571428571428571,0.0004
429,1.509559690952301,1.6194446086883545,0.46153846153846156,0.8269230769230769,0.2857142857142857,0.8571428571428571,0.0004
430,1.5957455039024353,1.528936505317688,0.3269230769230769,0.8269230769230769,0.21428571428571427,0.8571428571428571,0.0004
431,1.5181829929351807,1.6118652820587158,0.40384615384615385,0.8269230769230769,0.2857142857142857,0.8571428571428571,0.0004
432,1.5224893689155579,1.6623088121414185,0.4230769230769231,0.8269230769230769,0.21428571428571427,0.8571428571428571,0.0004
433,1.5979147553443909,1.7319101095199585,0.36538461538461536,0.8269230769230769,0.21428571428571427,0.8571428571428571,0.0004
434,1.599352240562439,1.699208378791809,0.36538461538461536,0.8269230769230769,0.21428571428571427,0.8571428571428571,0.0004
435,1.6126408576965332,1.7294249534606934,0.36538461538461536,0.8269230769230769,0.21428571428571427,0.8571428571428571,0.0004
436,1.5976774096488953,1.7002298831939697,0.36538461538461536,0.8269230769230769,0.21428571428571427,0.8571428571428571,0.0004
437,1.5824401378631592,1.6641981601715088,0.36538461538461536,0.8269230769230769,0.21428571428571427,0.8571428571428571,0.0004
438,1.5982269644737244,1.6768616437911987,0.36538461538461536,0.8269230769230769,0.21428571428571427,0.8571428571428571,0.0004
439,1.5874565243721008,1.6846650838851929,0.36538461538461536,0.8269230769230769,0.21428571428571427,0.8571428571428571,0.0004
440,1.577683925628662,1.6550782918930054,0.36538461538461536,0.8269230769230769,0.21428571428571427,0.8571428571428571,0.0004
441,1.5777776837348938,1.640275478363037,0.36538461538461536,0.8269230769230769,0.21428571428571427,0.8571428571428571,0.0004
442,1.566054344177246,1.6138489246368408,0.36538461538461536,0.8269230769230769,0.21428571428571427,0.8571428571428571,0.0004
443,1.5439689755439758,1.6086863279342651,0.36538461538461536,0.8269230769230769,0.21428571428571427,0.8571428571428571,0.0004
444,1.5471746325492859,1.591336965560913,0.36538461538461536,0.8269230769230769,0.21428571428571427,0.8571428571428571,0.0004
445,1.5522716045379639,1.5784648656845093,0.36538461538461536,0.8269230769230769,0.21428571428571427,0.8571428571428571,0.0004
446,1.5606840252876282,1.5633306503295898,0.38461538461538464,0.8269230769230769,0.21428571428571427,0.8571428571428571,0.0004
447,1.5542434453964233,1.5471394062042236,0.38461538461538464,0.8269230769230769,0.21428571428571427,0.8571428571428571,0.0004
448,1.5763297080993652,1.5283199548721313,0.4423076923076923,0.8269230769230769,0.35714285714285715,0.8571428571428571,0.0004
449,1.528808057308197,1.5348701477050781,0.46153846153846156,0.8269230769230769,0.35714285714285715,0.8571428571428571,0.0004
450,1.5276684761047363,1.5253572463989258,0.46153846153846156,0.8269230769230769,0.21428571428571427,0.8571428571428571,0.0004
451,1.5151299834251404,1.5261108875274658,0.4423076923076923,0.8269230769230769,0.21428571428571427,0.8571428571428571,0.0004
452,1.5464569926261902,1.5169272422790527,0.4230769230769231,0.8269230769230769,0.2857142857142857,0.8571428571428571,0.0004
453,1.5621259212493896,1.5281517505645752,0.34615384615384615,0.8269230769230769,0.2857142857142857,0.8571428571428571,0.0004
454,1.5471299886703491,1.5160422325134277,0.28846153846153844,0.8269230769230769,0.21428571428571427,0.8571428571428571,0.0004
455,1.5384873151779175,1.5176751613616943,0.34615384615384615,0.8269230769230769,0.35714285714285715,0.8571428571428571,0.0004
456,1.5653598308563232,1.5103203058242798,0.3076923076923077,0.8269230769230769,0.21428571428571427,0.8571428571428571,0.0004
457,1.4970717430114746,1.4824382066726685,0.34615384615384615,0.8269230769230769,0.2857142857142857,0.8571428571428571,0.0004
458,1.5195863246917725,1.5146160125732422,0.36538461538461536,0.8269230769230769,0.35714285714285715,0.8571428571428571,0.0004
459,1.5087181329727173,1.5178593397140503,0.34615384615384615,0.8269230769230769,0.2857142857142857,0.8571428571428571,0.0004
460,1.5218531489372253,1.5033717155456543,0.40384615384615385,0.8269230769230769,0.21428571428571427,0.8571428571428571,0.0004
461,1.502768635749817,1.5430701971054077,0.5192307692307693,0.8269230769230769,0.5,0.8571428571428571,0.0004
462,1.5025728344917297,1.5063188076019287,0.4230769230769231,0.8269230769230769,0.2857142857142857,0.8571428571428571,0.0004
463,1.493290364742279,1.5366259813308716,0.5,0.8269230769230769,0.5,0.8571428571428571,0.0004
464,1.4973558187484741,1.5065350532531738,0.3269230769230769,0.8269230769230769,0.42857142857142855,0.8571428571428571,0.0004
465,1.5714760422706604,1.5393844842910767,0.5384615384615384,0.8269230769230769,0.2857142857142857,0.8571428571428571,0.0004
466,1.5005186796188354,1.5350669622421265,0.46153846153846156,0.8269230769230769,0.42857142857142855,0.8571428571428571,0.0004
467,1.4914546608924866,1.500390648841858,0.5576923076923077,0.8269230769230769,0.42857142857142855,0.8571428571428571,0.0004
468,1.4865595698356628,1.4990074634552002,0.6153846153846154,0.8269230769230769,0.5714285714285714,0.8571428571428571,0.0004
469,1.518941044807434,1.4941991567611694,0.5,0.8269230769230769,0.2857142857142857,0.8571428571428571,0.0004
470,1.552435278892517,1.4909188747406006,0.5384615384615384,0.8269230769230769,0.5714285714285714,0.8571428571428571,0.0004
471,1.5047672390937805,1.5017668008804321,0.5,0.8269230769230769,0.42857142857142855,0.8571428571428571,0.0004
472,1.5127222537994385,1.5481280088424683,0.4807692307692308,0.8269230769230769,0.35714285714285715,0.8571428571428571,0.0004
473,1.5334771871566772,1.4838083982467651,0.5576923076923077,0.8269230769230769,0.5,0.8571428571428571,0.0004
474,1.5016480088233948,1.5250201225280762,0.46153846153846156,0.8269230769230769,0.5714285714285714,0.8571428571428571,0.0004
475,1.4871850609779358,1.5372257232666016,0.4807692307692308,0.8269230769230769,0.5714285714285714,0.8571428571428571,0.0004
476,1.4858759641647339,1.5042756795883179,0.5576923076923077,0.8269230769230769,0.5,0.8571428571428571,0.0004
477,1.5501564741134644,1.5320216417312622,0.5,0.8269230769230769,0.5714285714285714,0.8571428571428571,0.0004
478,1.4776788353919983,1.5175737142562866,0.5192307692307693,0.8269230769230769,0.35714285714285715,0.8571428571428571,0.0004
479,1.5470871925354004,1.529083490371704,0.5192307692307693,0.8269230769230769,0.42857142857142855,0.8571428571428571,0.0004
480,1.4750502109527588,1.4943548440933228,0.5384615384615384,0.8269230769230769,0.6428571428571429,0.8571428571428571,0.0004
481,1.4543512463569641,1.457463026046753,0.46153846153846156,0.8269230769230769,0.5,0.8571428571428571,0.0004
482,1.47126042842865,1.4967325925827026,0.46153846153846156,0.8269230769230769,0.2857142857142857,0.8571428571428571,0.0004
483,1.4504547715187073,1.4529798030853271,0.5576923076923077,0.8269230769230769,0.5714285714285714,0.8571428571428571,0.0004
484,1.4933863878250122,1.5006043910980225,0.4807692307692308,0.8269230769230769,0.35714285714285715,0.8571428571428571,0.0004
485,1.465412199497223,1.484344720840454,0.5576923076923077,0.8269230769230769,0.35714285714285715,0.8571428571428571,0.0004
486,1.4776943922042847,1.5049865245819092,0.4423076923076923,0.8269230769230769,0.42857142857142855,0.8571428571428571,0.0004
487,1.524910569190979,1.5266106128692627,0.40384615384615385,0.8269230769230769,0.35714285714285715,0.8571428571428571,0.0004
488,1.417933166027069,1.4460819959640503,0.5384615384615384,0.8269230769230769,0.42857142857142855,0.8571428571428571,0.0004
489,1.408001720905304,1.4640350341796875,0.4807692307692308,0.8269230769230769,0.35714285714285715,0.8571428571428571,0.0004
490,1.476613998413086,1.436208724975586,0.5,0.8269230769230769,0.42857142857142855,0.8571428571428571,0.0004
491,1.3656911849975586,1.4438042640686035,0.5192307692307693,0.8269230769230769,0.35714285714285715,0.8571428571428571,0.0004
492,1.4420856833457947,1.509742021560669,0.4807692307692308,0.8269230769230769,0.2857142857142857,0.8571428571428571,0.0004
493,1.4624605774879456,1.4809238910675049,0.46153846153846156,0.8269230769230769,0.35714285714285715,0.8571428571428571,0.0004
494,1.431675136089325,1.5131782293319702,0.4230769230769231,0.8269230769230769,0.35714285714285715,0.8571428571428571,0.0004
495,1.4656644463539124,1.412203073501587,0.46153846153846156,0.8269230769230769,0.42857142857142855,0.8571428571428571,0.0004
496,1.4364104270935059,1.4601294994354248,0.4423076923076923,0.8269230769230769,0.42857142857142855,0.8571428571428571,0.0004
497,1.3684873580932617,1.5067050457000732,0.5,0.8269230769230769,0.35714285714285715,0.8571428571428571,0.0004
498,1.4354116320610046,1.4894661903381348,0.4230769230769231,0.8269230769230769,0.35714285714285715,0.8571428571428571,0.0004
499,1.438812017440796,1.5015980005264282,0.5,0.8269230769230769,0.35714285714285715,0.8571428571428571,0.0004
500,1.4281699061393738,1.5266634225845337,0.5,0.8269230769230769,0.42857142857142855,0.8571428571428571,0.0004
501,1.4382237792015076,1.5096886157989502,0.5576923076923077,0.8269230769230769,0.35714285714285715,0.8571428571428571,0.0004
502,1.3397895693778992,1.4019594192504883,0.5576923076923077,0.8269230769230769,0.5714285714285714,0.8571428571428571,0.0004
503,1.4023504853248596,1.4920904636383057,0.5384615384615384,0.8269230769230769,0.35714285714285715,0.8571428571428571,0.0004
504,1.417410671710968,1.3769681453704834,0.5192307692307693,0.8269230769230769,0.6428571428571429,0.8571428571428571,0.0004
505,1.4172248840332031,1.4601349830627441,0.5384615384615384,0.8269230769230769,0.5,0.8571428571428571,0.0004
506,1.4337270855903625,1.4638972282409668,0.46153846153846156,0.8269230769230769,0.35714285714285715,0.8571428571428571,0.0004
507,1.3589755296707153,1.3934024572372437,0.5769230769230769,0.8269230769230769,0.42857142857142855,0.8571428571428571,0.0004
508,1.419750690460205,1.5524797439575195,0.5,0.8269230769230769,0.35714285714285715,0.8571428571428571,0.0004
509,1.5320520401000977,1.5006434917449951,0.40384615384615385,0.8269230769230769,0.35714285714285715,0.8571428571428571,0.0004
510,1.4138714671134949,1.4614286422729492,0.5384615384615384,0.8269230769230769,0.42857142857142855,0.8571428571428571,0.0004
511,1.482964277267456,1.461424469947815,0.5192307692307693,0.8269230769230769,0.42857142857142855,0.8571428571428571,0.0004
512,1.4287487864494324,1.4862611293792725,0.5192307692307693,0.8269230769230769,0.42857142857142855,0.8571428571428571,0.0004
513,1.3581787943840027,1.424066424369812,0.5384615384615384,0.8269230769230769,0.5714285714285714,0.8571428571428571,0.0004
514,1.4194507598876953,1.4699718952178955,0.5961538461538461,0.8269230769230769,0.5,0.8571428571428571,0.0004
515,1.429697573184967,1.5569145679473877,0.5192307692307693,0.8269230769230769,0.2857142857142857,0.8571428571428571,0.0004
516,1.3979614973068237,1.4602906703948975,0.5576923076923077,0.8269230769230769,0.42857142857142855,0.8571428571428571,0.0004
517,1.3967660665512085,1.5714033842086792,0.5576923076923077,0.8269230769230769,0.5,0.8571428571428571,0.0004
518,1.3360369205474854,1.5103133916854858,0.6346153846153846,0.8269230769230769,0.42857142857142855,0.8571428571428571,0.0004
519,1.4508546590805054,1.4274024963378906,0.5769230769230769,0.8269230769230769,0.5,0.8571428571428571,0.0004
520,1.4086182117462158,1.597257375717163,0.6153846153846154,0.8269230769230769,0.42857142857142855,0.8571428571428571,0.0004
521,1.369969666004181,1.6129149198532104,0.5192307692307693,0.8269230769230769,0.42857142857142855,0.8571428571428571,0.0004
522,1.3130998015403748,1.35911226272583,0.6923076923076923,0.8269230769230769,0.5,0.8571428571428571,0.0004
523,1.4131487011909485,1.5522739887237549,0.4807692307692308,0.8269230769230769,0.35714285714285715,0.8571428571428571,0.0004
524,1.3635293245315552,1.3726277351379395,0.5769230769230769,0.8269230769230769,0.5,0.8571428571428571,0.0004
525,1.4934194087982178,1.4136037826538086,0.5,0.8269230769230769,0.42857142857142855,0.8571428571428571,0.0004
526,1.4030040502548218,1.3205039501190186,0.4807692307692308,0.8269230769230769,0.5,0.8571428571428571,0.0004
527,1.3399198055267334,1.4657554626464844,0.5576923076923077,0.8269230769230769,0.5714285714285714,0.8571428571428571,0.0004
528,1.363931119441986,1.4120784997940063,0.4807692307692308,0.8269230769230769,0.5,0.8571428571428571,0.0004
529,1.3636844158172607,1.3815340995788574,0.4807692307692308,0.8269230769230769,0.7142857142857143,0.8571428571428571,0.0004
530,1.3926161527633667,1.4386039972305298,0.4807692307692308,0.8269230769230769,0.6428571428571429,0.8571428571428571,0.0004
531,1.4637974500656128,1.4221066236495972,0.5384615384615384,0.8269230769230769,0.5,0.8571428571428571,0.0004
532,1.3879748582839966,1.351747751235962,0.5961538461538461,0.8269230769230769,0.6428571428571429,0.8571428571428571,0.0004
533,1.337345004081726,1.371804118156433,0.6346153846153846,0.8269230769230769,0.6428571428571429,0.8571428571428571,0.0004
534,1.4019098281860352,1.508110761642456,0.6153846153846154,0.8269230769230769,0.42857142857142855,0.8571428571428571,0.0004
535,1.3825714588165283,1.4943705797195435,0.4807692307692308,0.8269230769230769,0.42857142857142855,0.8571428571428571,0.0004
536,1.3364891409873962,1.3798712491989136,0.6538461538461539,0.8269230769230769,0.5714285714285714,0.8571428571428571,0.0004
537,1.380449116230011,1.4711816310882568,0.5961538461538461,0.8269230769230769,0.5,0.8571428571428571,0.0004
538,1.3769067525863647,1.5880541801452637,0.4807692307692308,0.8269230769230769,0.35714285714285715,0.8571428571428571,0.0004
539,1.2996609807014465,1.4421443939208984,0.6153846153846154,0.8269230769230769,0.6428571428571429,0.8571428571428571,0.0004
540,1.257730782032013,1.4583885669708252,0.5192307692307693,0.8269230769230769,0.5,0.8571428571428571,0.0004
541,1.4550240635871887,1.4906444549560547,0.4807692307692308,0.8269230769230769,0.5714285714285714,0.8571428571428571,0.0004
542,1.2575017809867859,1.4927735328674316,0.6538461538461539,0.8269230769230769,0.5,0.8571428571428571,0.0004
543,1.3365706205368042,1.327866554260254,0.5576923076923077,0.8269230769230769,0.5714285714285714,0.8571428571428571,0.0004
544,1.3965482711791992,1.2750232219696045,0.5192307692307693,0.8269230769230769,0.6428571428571429,0.8571428571428571,0.0004
545,1.2569701671600342,1.4375863075256348,0.5384615384615384,0.8269230769230769,0.5714285714285714,0.8571428571428571,0.0004
546,1.3027289509773254,1.455119013786316,0.4423076923076923,0.8269230769230769,0.42857142857142855,0.8571428571428571,0.0004
547,1.3548688292503357,1.328888177871704,0.5,0.8269230769230769,0.5,0.8571428571428571,0.0004
548,1.4324548244476318,1.3587706089019775,0.5192307692307693,0.8269230769230769,0.5,0.8571428571428571,0.0004
549,1.5129646062850952,1.592908263206482,0.4423076923076923,0.8269230769230769,0.21428571428571427,0.8571428571428571,0.0004
550,1.4987118244171143,1.8292341232299805,0.4423076923076923,0.8269230769230769,0.2857142857142857,0.8571428571428571,0.0004
551,1.5995780229568481,1.660705327987671,0.36538461538461536,0.8269230769230769,0.35714285714285715,0.8571428571428571,0.0004
552,1.7892945408821106,1.5753638744354248,0.2692307692307692,0.8269230769230769,0.21428571428571427,0.8571428571428571,0.0004
553,1.7569023966789246,1.8708391189575195,0.23076923076923078,0.8269230769230769,0.21428571428571427,0.8571428571428571,0.0004
554,1.6013144850730896,1.6936014890670776,0.40384615384615385,0.8269230769230769,0.2857142857142857,0.8571428571428571,0.0004
555,1.5491077303886414,1.740346074104309,0.4230769230769231,0.8269230769230769,0.21428571428571427,0.8571428571428571,0.0004
556,1.5205806493759155,1.7455741167068481,0.5,0.8269230769230769,0.2857142857142857,0.8571428571428571,0.0004
557,1.4730395674705505,1.6403956413269043,0.5576923076923077,0.8269230769230769,0.35714285714285715,0.8571428571428571,0.0004
558,1.4990423321723938,1.630700945854187,0.5384615384615384,0.8269230769230769,0.21428571428571427,0.8571428571428571,0.0004
559,1.4040399193763733,1.5042400360107422,0.5192307692307693,0.8269230769230769,0.35714285714285715,0.8571428571428571,0.0004
560,1.4208452701568604,1.463498592376709,0.5,0.8269230769230769,0.35714285714285715,0.8571428571428571,0.0004
561,1.4673747420310974,1.5460460186004639,0.46153846153846156,0.8269230769230769,0.2857142857142857,0.8571428571428571,0.0004
562,1.4965835213661194,1.476718783378601,0.4230769230769231,0.8269230769230769,0.2857142857142857,0.8571428571428571,0.0004
563,1.4976471066474915,1.5002797842025757,0.3269230769230769,0.8269230769230769,0.2857142857142857,0.8571428571428571,0.0004
564,1.5658289790153503,1.5024893283843994,0.36538461538461536,0.8269230769230769,0.2857142857142857,0.8571428571428571,0.0004
565,1.5517324209213257,1.4696893692016602,0.3076923076923077,0.8269230769230769,0.2857142857142857,0.8571428571428571,0.0004
566,1.519093930721283,1.5415799617767334,0.3269230769230769,0.8269230769230769,0.2857142857142857,0.8571428571428571,0.0004
567,1.5128186345100403,1.4417507648468018,0.34615384615384615,0.8269230769230769,0.2857142857142857,0.8571428571428571,0.0004
568,1.4920127987861633,1.4536405801773071,0.4423076923076923,0.8269230769230769,0.42857142857142855,0.8571428571428571,0.0004
569,1.5584012866020203,1.4710593223571777,0.5384615384615384,0.8269230769230769,0.2857142857142857,0.8571428571428571,0.0004
570,1.5013729333877563,1.529081106185913,0.5192307692307693,0.8269230769230769,0.2857142857142857,0.8571428571428571,0.0004
571,1.454628586769104,1.5069520473480225,0.5384615384615384,0.8269230769230769,0.2857142857142857,0.8571428571428571,0.0004
572,1.4841259121894836,1.5512067079544067,0.4807692307692308,0.8269230769230769,0.35714285714285715,0.8571428571428571,0.0004
573,1.3962284922599792,1.5077645778656006,0.4807692307692308,0.8269230769230769,0.2857142857142857,0.8571428571428571,0.0004
574,1.4647173881530762,1.486686110496521,0.4423076923076923,0.8269230769230769,0.35714285714285715,0.8571428571428571,0.0004
575,1.4628505110740662,1.5565235614776611,0.46153846153846156,0.8269230769230769,0.35714285714285715,0.8571428571428571,0.0004
576,1.4468233585357666,1.5674068927764893,0.4423076923076923,0.8269230769230769,0.2857142857142857,0.8571428571428571,0.0004
577,1.4951831698417664,1.6142529249191284,0.4423076923076923,0.8269230769230769,0.21428571428571427,0.8571428571428571,0.0004
578,1.474561333656311,1.5269731283187866,0.4423076923076923,0.8269230769230769,0.35714285714285715,0.8571428571428571,0.0004
579,1.459609031677246,1.5510447025299072,0.46153846153846156,0.8269230769230769,0.35714285714285715,0.8571428571428571,0.0004
580,1.4638695120811462,1.5641579627990723,0.5192307692307693,0.8269230769230769,0.2857142857142857,0.8571428571428571,0.0004
581,1.4286609292030334,1.5331377983093262,0.5384615384615384,0.8269230769230769,0.35714285714285715,0.8571428571428571,0.0004
582,1.4749566912651062,1.532634973526001,0.5,0.8269230769230769,0.42857142857142855,0.8571428571428571,0.0004
583,1.4244608879089355,1.4951574802398682,0.5,0.8269230769230769,0.2857142857142857,0.8571428571428571,0.0004
584,1.491401731967926,1.5024385452270508,0.5,0.8269230769230769,0.35714285714285715,0.8571428571428571,0.0004
585,1.464515209197998,1.503283977508545,0.5,0.8269230769230769,0.2857142857142857,0.8571428571428571,0.0004
586,1.5038496255874634,1.492303490638733,0.5,0.8269230769230769,0.5,0.8571428571428571,0.0004
587,1.4127435684204102,1.4507476091384888,0.5576923076923077,0.8269230769230769,0.42857142857142855,0.8571428571428571,0.0004
588,1.4690120816230774,1.521614909172058,0.5576923076923077,0.8269230769230769,0.35714285714285715,0.8571428571428571,0.0004
589,1.422776997089386,1.4258344173431396,0.5,0.8269230769230769,0.35714285714285715,0.8571428571428571,0.0004
590,1.4274380803108215,1.4471104145050049,0.5576923076923077,0.8269230769230769,0.42857142857142855,0.8571428571428571,0.0004
591,1.4427217245101929,1.4578464031219482,0.5,0.8269230769230769,0.35714285714285715,0.8571428571428571,0.0004
592,1.4008922576904297,1.4167046546936035,0.5,0.8269230769230769,0.5,0.8571428571428571,0.0004
593,1.3574991822242737,1.4278146028518677,0.5576923076923077,0.8269230769230769,0.42857142857142855,0.8571428571428571,0.0004
594,1.367227852344513,1.4187179803848267,0.5192307692307693,0.8269230769230769,0.5,0.8571428571428571,0.0004
595,1.4403903484344482,1.430091381072998,0.5,0.8269230769230769,0.35714285714285715,0.8571428571428571,0.0004
596,1.399054765701294,1.4201304912567139,0.5961538461538461,0.8269230769230769,0.35714285714285715,0.8571428571428571,0.0004
597,1.3970654010772705,1.419189691543579,0.5576923076923077,0.8269230769230769,0.35714285714285715,0.8571428571428571,0.0004
598,1.3813539743423462,1.5720006227493286,0.5769230769230769,0.8269230769230769,0.35714285714285715,0.8571428571428571,0.0004
599,1.318328320980072,1.4543522596359253,0.6538461538461539,0.8269230769230769,0.35714285714285715,0.8571428571428571,0.0004
600,1.3550912141799927,1.3681089878082275,0.5961538461538461,0.8269230769230769,0.5714285714285714,0.8571428571428571,0.0004
601,1.334514319896698,1.3863883018493652,0.5,0.8269230769230769,0.6428571428571429,0.8571428571428571,0.0004
602,1.3156275749206543,1.4408543109893799,0.7884615384615384,0.8269230769230769,0.42857142857142855,0.8571428571428571,0.0004
603,1.3524308800697327,1.3843960762023926,0.5,0.8269230769230769,0.42857142857142855,0.8571428571428571,0.0004
604,1.3565306067466736,1.5074249505996704,0.5384615384615384,0.8269230769230769,0.5,0.8571428571428571,0.0004
605,1.458583652973175,1.4202046394348145,0.4807692307692308,0.8269230769230769,0.35714285714285715,0.8571428571428571,0.0004
606,1.3583139181137085,1.4767998456954956,0.5,0.8269230769230769,0.35714285714285715,0.8571428571428571,0.0004
607,1.257791817188263,1.4369953870773315,0.6153846153846154,0.8269230769230769,0.5,0.8571428571428571,0.0004
608,1.2461372017860413,1.4052706956863403,0.5384615384615384,0.8269230769230769,0.2857142857142857,0.8571428571428571,0.0004
609,1.3614581823349,1.555957555770874,0.5384615384615384,0.8269230769230769,0.42857142857142855,0.8571428571428571,0.0004
610,1.3522945642471313,1.4085676670074463,0.5192307692307693,0.8269230769230769,0.5714285714285714,0.8571428571428571,0.0004
611,1.3340963125228882,1.5032615661621094,0.5961538461538461,0.8269230769230769,0.42857142857142855,0.8571428571428571,0.0004
612,1.303572654724121,1.3279931545257568,0.7115384615384616,0.8269230769230769,0.42857142857142855,0.8571428571428571,0.0004
613,1.3209705352783203,1.3759028911590576,0.5769230769230769,0.8269230769230769,0.42857142857142855,0.8571428571428571,0.0004
614,1.3631802797317505,1.3430734872817993,0.5769230769230769,0.8269230769230769,0.42857142857142855,0.8571428571428571,0.0004
615,1.256561815738678,1.4396517276763916,0.5961538461538461,0.8269230769230769,0.42857142857142855,0.8571428571428571,0.0004
616,1.2615842819213867,1.250205636024475,0.6153846153846154,0.8269230769230769,0.6428571428571429,0.8571428571428571,0.0004
617,1.3466064929962158,1.530052661895752,0.5384615384615384,0.8269230769230769,0.5,0.8571428571428571,0.0004
618,1.3077936172485352,1.279988408088684,0.5961538461538461,0.8269230769230769,0.6428571428571429,0.8571428571428571,0.0004
619,1.4346265196800232,1.4315285682678223,0.5384615384615384,0.8269230769230769,0.5,0.8571428571428571,0.0004
620,1.3826072812080383,1.2896761894226074,0.6346153846153846,0.8269230769230769,0.6428571428571429,0.8571428571428571,0.0004
621,1.3191673755645752,1.4288209676742554,0.5769230769230769,0.8269230769230769,0.5,0.8571428571428571,0.0004
622,1.320273756980896,1.3221635818481445,0.6346153846153846,0.8269230769230769,0.42857142857142855,0.8571428571428571,0.0004
623,1.2387501001358032,1.2209835052490234,0.7115384615384616,0.8269230769230769,0.5,0.8571428571428571,0.0004
624,1.26581871509552,1.2292777299880981,0.5384615384615384,0.8269230769230769,0.5714285714285714,0.8571428571428571,0.0004
625,1.325071394443512,1.5518360137939453,0.5769230769230769,0.8269230769230769,0.42857142857142855,0.8571428571428571,0.0004
626,1.2978667616844177,1.4987674951553345,0.5961538461538461,0.8269230769230769,0.5714285714285714,0.8571428571428571,0.0004
627,1.3177932500839233,1.5617109537124634,0.5769230769230769,0.8269230769230769,0.35714285714285715,0.8571428571428571,0.0004
628,1.342677116394043,1.5780153274536133,0.5576923076923077,0.8269230769230769,0.5,0.8571428571428571,0.0004
629,1.2385614514350891,1.432201862335205,0.5961538461538461,0.8269230769230769,0.42857142857142855,0.8571428571428571,0.0004
630,1.3235262036323547,1.6556799411773682,0.5576923076923077,0.8269230769230769,0.35714285714285715,0.8571428571428571,0.0004
631,1.2057445049285889,1.3987445831298828,0.6346153846153846,0.8269230769230769,0.5714285714285714,0.8571428571428571,0.0004
632,1.4756509065628052,1.488080382347107,0.5192307692307693,0.8269230769230769,0.42857142857142855,0.8571428571428571,0.0004
633,1.321640431880951,1.494721531867981,0.5384615384615384,0.8269230769230769,0.42857142857142855,0.8571428571428571,0.0004
634,1.4525930881500244,1.2705732583999634,0.4423076923076923,0.8269230769230769,0.5,0.8571428571428571,0.0004
635,1.2908493280410767,1.3702833652496338,0.6346153846153846,0.8269230769230769,0.5714285714285714,0.8571428571428571,0.0004
636,1.28581041097641,1.5924128293991089,0.6538461538461539,0.8269230769230769,0.42857142857142855,0.8571428571428571,0.0004
637,1.3909928798675537,1.3218748569488525,0.5769230769230769,0.8269230769230769,0.6428571428571429,0.8571428571428571,0.0004
638,1.3436848521232605,1.5275089740753174,0.6153846153846154,0.8269230769230769,0.35714285714285715,0.8571428571428571,0.0004
639,1.173701822757721,1.3219621181488037,0.6730769230769231,0.8269230769230769,0.42857142857142855,0.8571428571428571,0.0004
640,1.2658235430717468,1.4522662162780762,0.6538461538461539,0.8269230769230769,0.35714285714285715,0.8571428571428571,0.0004
641,1.2982121109962463,1.331053376197815,0.5384615384615384,0.8269230769230769,0.5,0.8571428571428571,0.0004
642,1.425723135471344,1.4867558479309082,0.4807692307692308,0.8269230769230769,0.5,0.8571428571428571,0.0004
643,1.405036985874176,1.4135527610778809,0.4807692307692308,0.8269230769230769,0.7142857142857143,0.8571428571428571,0.0004
644,1.2443875670433044,1.6368381977081299,0.6153846153846154,0.8269230769230769,0.35714285714285715,0.8571428571428571,0.0004
645,1.2346034049987793,1.5612342357635498,0.5,0.8269230769230769,0.2857142857142857,0.8571428571428571,0.0004
646,1.3158739805221558,1.72921884059906,0.5576923076923077,0.8269230769230769,0.2857142857142857,0.8571428571428571,0.0004
647,1.2905758619308472,1.2654027938842773,0.5,0.8269230769230769,0.42857142857142855,0.8571428571428571,0.0004
648,1.547752857208252,1.5809953212738037,0.5,0.8269230769230769,0.2857142857142857,0.8571428571428571,0.0004
649,1.2632802724838257,1.3564038276672363,0.5,0.8269230769230769,0.5714285714285714,0.8571428571428571,0.0004
650,1.2968102097511292,1.2993584871292114,0.5961538461538461,0.8269230769230769,0.5,0.8571428571428571,0.0004
651,1.2361639738082886,1.4630858898162842,0.6730769230769231,0.8269230769230769,0.5,0.8571428571428571,0.0004
652,1.229256272315979,1.2670533657073975,0.6153846153846154,0.8269230769230769,0.5714285714285714,0.8571428571428571,0.0004
653,1.416513204574585,1.3349087238311768,0.4807692307692308,0.8269230769230769,0.6428571428571429,0.8571428571428571,0.0004
654,1.3361173868179321,1.4125266075134277,0.5769230769230769,0.8269230769230769,0.42857142857142855,0.8571428571428571,0.0004
655,1.289106845855713,1.4691121578216553,0.6346153846153846,0.8269230769230769,0.5,0.8571428571428571,0.0004
656,1.2532248497009277,1.1820690631866455,0.5576923076923077,0.8269230769230769,0.5714285714285714,0.8571428571428571,0.0004
657,1.3129289150238037,1.3016033172607422,0.6153846153846154,0.8269230769230769,0.5714285714285714,0.8571428571428571,0.0004
658,1.2611008286476135,1.406671166419983,0.5769230769230769,0.8269230769230769,0.42857142857142855,0.8571428571428571,0.0004
659,1.2865031957626343,1.2902328968048096,0.5961538461538461,0.8269230769230769,0.5714285714285714,0.8571428571428571,0.0004
660,1.3425119519233704,1.488871455192566,0.5,0.8269230769230769,0.35714285714285715,0.8571428571428571,0.0004
661,1.1872012615203857,1.3289461135864258,0.5961538461538461,0.8269230769230769,0.5714285714285714,0.8571428571428571,0.0004
662,1.2142485976219177,1.423755407333374,0.6538461538461539,0.8269230769230769,0.5714285714285714,0.8571428571428571,0.0004
663,1.1384626626968384,1.3250336647033691,0.7692307692307693,0.8269230769230769,0.42857142857142855,0.8571428571428571,0.0004
664,1.239585041999817,1.2619692087173462,0.6153846153846154,0.8269230769230769,0.5,0.8571428571428571,0.0004
665,1.2862017154693604,1.6499619483947754,0.5769230769230769,0.8269230769230769,0.35714285714285715,0.8571428571428571,0.0004
666,1.2136278748512268,1.5143626928329468,0.6538461538461539,0.8269230769230769,0.5,0.8571428571428571,0.0004
667,1.295262634754181,1.3928568363189697,0.5576923076923077,0.8269230769230769,0.5,0.8571428571428571,0.0004
668,1.2310336232185364,1.4796937704086304,0.6153846153846154,0.8269230769230769,0.5,0.8571428571428571,0.0004
669,1.3130509853363037,1.2756383419036865,0.6153846153846154,0.8269230769230769,0.6428571428571429,0.8571428571428571,0.0004
670,1.1342799067497253,1.461746335029602,0.6923076923076923,0.8269230769230769,0.42857142857142855,0.8571428571428571,0.0004
671,1.119022786617279,1.459031343460083,0.75,0.8269230769230769,0.35714285714285715,0.8571428571428571,0.0004
672,1.1433439254760742,1.3719464540481567,0.7307692307692307,0.8269230769230769,0.5714285714285714,0.8571428571428571,0.0004
673,1.2934178709983826,1.4622609615325928,0.6153846153846154,0.8269230769230769,0.6428571428571429,0.8571428571428571,0.0004
674,1.2443993091583252,1.2367346286773682,0.6538461538461539,0.8269230769230769,0.5714285714285714,0.8571428571428571,0.0004
675,1.3319671154022217,1.2919139862060547,0.5961538461538461,0.8269230769230769,0.5714285714285714,0.8571428571428571,0.0004
676,1.2050999402999878,1.3054659366607666,0.6538461538461539,0.8269230769230769,0.6428571428571429,0.8571428571428571,0.0004
677,1.0667315125465393,1.2910428047180176,0.6923076923076923,0.8269230769230769,0.7142857142857143,0.8571428571428571,0.0004
678,1.1443955898284912,1.2880704402923584,0.5961538461538461,0.8269230769230769,0.6428571428571429,0.8571428571428571,0.0004
679,1.2445226907730103,1.5239168405532837,0.6730769230769231,0.8269230769230769,0.35714285714285715,0.8571428571428571,0.0004
680,1.3394804000854492,1.1806496381759644,0.5576923076923077,0.8269230769230769,0.6428571428571429,0.8571428571428571,0.0004
681,1.2451173067092896,1.3423404693603516,0.5961538461538461,0.8269230769230769,0.5714285714285714,0.8571428571428571,0.0004
682,1.2404621243476868,1.5483468770980835,0.5,0.8269230769230769,0.35714285714285715,0.7857142857142857,0.0004
683,1.4208677411079407,1.5490493774414062,0.5,0.8269230769230769,0.35714285714285715,0.8571428571428571,0.0004
684,1.3377942442893982,1.5346702337265015,0.5769230769230769,0.8076923076923077,0.5,0.8571428571428571,0.0004
685,1.4207575917243958,1.20224130153656,0.4807692307692308,0.8269230769230769,0.5714285714285714,0.8571428571428571,0.0004
686,1.2988118529319763,1.402247428894043,0.5192307692307693,0.8269230769230769,0.5,0.8571428571428571,0.0004
687,1.1530501246452332,1.578254222869873,0.6153846153846154,0.8269230769230769,0.42857142857142855,0.8571428571428571,0.0004
688,1.2660732865333557,1.0336220264434814,0.5576923076923077,0.8269230769230769,0.7857142857142857,0.8571428571428571,0.0004
689,1.1192678809165955,1.5324965715408325,0.6346153846153846,0.8269230769230769,0.5,0.8571428571428571,0.0004
690,1.3634047508239746,1.799875259399414,0.5961538461538461,0.8269230769230769,0.42857142857142855,0.8571428571428571,0.0004
691,1.649015188217163,1.519658088684082,0.4423076923076923,0.8269230769230769,0.42857142857142855,0.8571428571428571,0.0004
692,1.1575332880020142,1.5800535678863525,0.5576923076923077,0.8269230769230769,0.35714285714285715,0.8571428571428571,0.0004
693,1.3734974265098572,1.4721530675888062,0.5576923076923077,0.8269230769230769,0.5,0.8571428571428571,0.0004
694,1.4683470129966736,1.5453579425811768,0.46153846153846156,0.8269230769230769,0.42857142857142855,0.8571428571428571,0.0004
695,1.6034760475158691,1.7306756973266602,0.4423076923076923,0.8269230769230769,0.42857142857142855,0.7857142857142857,0.0004
696,1.6180717945098877,1.7078156471252441,0.4423076923076923,0.8269230769230769,0.42857142857142855,0.7142857142857143,0.0004
697,1.7552216053009033,1.8675057888031006,0.34615384615384615,0.7692307692307693,0.21428571428571427,0.6428571428571429,0.0004
698,1.6930427551269531,1.7241451740264893,0.4230769230769231,0.7884615384615384,0.35714285714285715,0.7857142857142857,0.0004
699,1.782657504081726,1.7249317169189453,0.36538461538461536,0.7884615384615384,0.35714285714285715,0.7857142857142857,0.0004
700,1.6798867583274841,1.632705807685852,0.38461538461538464,0.7884615384615384,0.2857142857142857,0.7857142857142857,0.0004
701,1.5534793734550476,1.7066118717193604,0.40384615384615385,0.8269230769230769,0.42857142857142855,0.7857142857142857,0.0004
702,1.5578957200050354,1.4051501750946045,0.36538461538461536,0.8269230769230769,0.5,0.8571428571428571,0.0004
703,1.4960382580757141,1.7623926401138306,0.4230769230769231,0.8269230769230769,0.21428571428571427,0.7857142857142857,0.0004
704,1.4137738347053528,1.4009881019592285,0.5,0.8269230769230769,0.5,0.8571428571428571,0.0004
705,1.4011185765266418,1.448449969291687,0.5192307692307693,0.8269230769230769,0.42857142857142855,0.8571428571428571,0.0004
706,1.3914690613746643,1.4654414653778076,0.5192307692307693,0.8269230769230769,0.35714285714285715,0.8571428571428571,0.0004
707,1.3053972125053406,1.3394664525985718,0.5384615384615384,0.8269230769230769,0.5714285714285714,0.8571428571428571,0.0004
708,1.366787075996399,1.3794009685516357,0.5192307692307693,0.8269230769230769,0.2857142857142857,0.8571428571428571,0.0004
709,1.315459132194519,1.3978784084320068,0.5961538461538461,0.8269230769230769,0.35714285714285715,0.8571428571428571,0.0004
710,1.4528813362121582,1.4320425987243652,0.4230769230769231,0.8269230769230769,0.42857142857142855,0.8571428571428571,0.0004
711,1.3486181497573853,1.4086394309997559,0.5,0.8269230769230769,0.5,0.8571428571428571,0.0004
712,1.3502252101898193,1.4582805633544922,0.4423076923076923,0.8269230769230769,0.5,0.8571428571428571,0.0004
713,1.3119699954986572,1.3704822063446045,0.6153846153846154,0.8269230769230769,0.6428571428571429,0.8571428571428571,0.0004
714,1.2535722255706787,1.4143142700195312,0.6730769230769231,0.8269230769230769,0.6428571428571429,0.8571428571428571,0.0004
715,1.3112655878067017,1.5332266092300415,0.6346153846153846,0.8269230769230769,0.42857142857142855,0.8571428571428571,0.0004
716,1.4077122211456299,1.4351770877838135,0.5192307692307693,0.8269230769230769,0.5,0.8571428571428571,0.0004
717,1.3517666459083557,1.4702445268630981,0.5384615384615384,0.8269230769230769,0.5,0.8571428571428571,0.0004
718,1.4551666975021362,1.490584135055542,0.5384615384615384,0.8269230769230769,0.35714285714285715,0.8571428571428571,0.0004
719,1.3716531991958618,1.467285394668579,0.4807692307692308,0.8269230769230769,0.5,0.8571428571428571,0.0004
720,1.2625865936279297,1.3982429504394531,0.6538461538461539,0.8269230769230769,0.5,0.8571428571428571,0.0004
721,1.4927047491073608,1.3430873155593872,0.4807692307692308,0.8269230769230769,0.5714285714285714,0.8571428571428571,0.0004
722,1.3287014961242676,1.2540864944458008,0.5961538461538461,0.8269230769230769,0.5714285714285714,0.8571428571428571,0.0004
723,1.2132534980773926,1.265702486038208,0.5961538461538461,0.8269230769230769,0.6428571428571429,0.8571428571428571,0.0004
724,1.2656318545341492,1.4877398014068604,0.5384615384615384,0.8269230769230769,0.2857142857142857,0.8571428571428571,0.0004
725,1.2753280401229858,1.4403486251831055,0.6346153846153846,0.8269230769230769,0.35714285714285715,0.8571428571428571,0.0004
726,1.3432496786117554,1.372878074645996,0.46153846153846156,0.8269230769230769,0.5714285714285714,0.8571428571428571,0.0004
727,1.2681445479393005,1.3237372636795044,0.5384615384615384,0.8269230769230769,0.6428571428571429,0.8571428571428571,0.0004
728,1.3299216032028198,1.5232036113739014,0.5769230769230769,0.8269230769230769,0.42857142857142855,0.8571428571428571,0.0004
729,1.3243728280067444,1.253547191619873,0.5576923076923077,0.8269230769230769,0.5714285714285714,0.8571428571428571,0.0004
730,1.3377470970153809,1.292837142944336,0.5192307692307693,0.8269230769230769,0.6428571428571429,0.8571428571428571,0.0004
731,1.258259654045105,1.4870758056640625,0.6153846153846154,0.8269230769230769,0.42857142857142855,0.8571428571428571,0.0004
732,1.3177210688591003,1.4194203615188599,0.5769230769230769,0.8269230769230769,0.5714285714285714,0.8571428571428571,0.0004
733,1.230357050895691,1.3038277626037598,0.6923076923076923,0.8269230769230769,0.5714285714285714,0.8571428571428571,0.0004
734,1.3757925629615784,1.573045253753662,0.5192307692307693,0.8269230769230769,0.42857142857142855,0.8571428571428571,0.0004
735,1.373622179031372,1.270485520362854,0.5576923076923077,0.8269230769230769,0.6428571428571429,0.8571428571428571,0.0004
736,1.3158786296844482,1.4195687770843506,0.5961538461538461,0.8269230769230769,0.5714285714285714,0.8571428571428571,0.0004
737,1.2733336687088013,1.4447098970413208,0.6153846153846154,0.8269230769230769,0.5,0.8571428571428571,0.0004
738,1.2253156304359436,1.4674748182296753,0.6346153846153846,0.8269230769230769,0.42857142857142855,0.8571428571428571,0.0004
739,1.1474642157554626,1.279130458831787,0.7115384615384616,0.8269230769230769,0.5714285714285714,0.8571428571428571,0.0004
740,1.236754298210144,1.5131765604019165,0.5576923076923077,0.8269230769230769,0.35714285714285715,0.8571428571428571,0.0004
741,1.3240147233009338,1.6291937828063965,0.6346153846153846,0.8269230769230769,0.2857142857142857,0.8571428571428571,0.0004
742,1.25151926279068,1.4063069820404053,0.6538461538461539,0.8269230769230769,0.5714285714285714,0.8571428571428571,0.0004
743,1.1774640679359436,1.4081711769104004,0.6346153846153846,0.8269230769230769,0.5714285714285714,0.8571428571428571,0.0004
744,1.1951656341552734,1.5067479610443115,0.6730769230769231,0.8269230769230769,0.35714285714285715,0.8571428571428571,0.0004
745,1.2592220306396484,1.2024675607681274,0.6153846153846154,0.8269230769230769,0.5714285714285714,0.8571428571428571,0.0004
746,1.2790218591690063,1.183961033821106,0.6346153846153846,0.8269230769230769,0.7142857142857143,0.8571428571428571,0.0004
747,1.3094805479049683,1.1787381172180176,0.5961538461538461,0.8269230769230769,0.6428571428571429,0.8571428571428571,0.0004
748,1.1833475828170776,1.1745201349258423,0.6730769230769231,0.8269230769230769,0.7142857142857143,0.8571428571428571,0.0004
749,1.2372284531593323,1.243196964263916,0.6730769230769231,0.8269230769230769,0.6428571428571429,0.8571428571428571,0.0004
750,1.363434910774231,1.7557175159454346,0.6153846153846154,0.8269230769230769,0.35714285714285715,0.8571428571428571,0.0004
751,1.2209420800209045,1.5196532011032104,0.6346153846153846,0.8269230769230769,0.5,0.8571428571428571,0.0004
752,1.1649508476257324,1.1737351417541504,0.6538461538461539,0.8269230769230769,0.6428571428571429,0.8571428571428571,0.0004
753,1.3137003779411316,1.5033429861068726,0.5576923076923077,0.8269230769230769,0.35714285714285715,0.8571428571428571,0.0004
754,1.2271568179130554,1.4788950681686401,0.5961538461538461,0.8269230769230769,0.6428571428571429,0.8571428571428571,0.0004
755,1.3073256015777588,1.5103814601898193,0.5576923076923077,0.8269230769230769,0.42857142857142855,0.8571428571428571,0.0004
756,1.2700470089912415,1.457049012184143,0.6153846153846154,0.8269230769230769,0.5,0.8571428571428571,0.0004
757,1.10962575674057,1.3046315908432007,0.6538461538461539,0.8269230769230769,0.5,0.8571428571428571,0.0004
758,1.299465537071228,1.6494336128234863,0.5961538461538461,0.8269230769230769,0.2857142857142857,0.8571428571428571,0.0004
759,1.1883524060249329,1.2631171941757202,0.5961538461538461,0.8269230769230769,0.5,0.8571428571428571,0.0004
760,1.3092450499534607,1.5309809446334839,0.5961538461538461,0.8269230769230769,0.42857142857142855,0.8571428571428571,0.0004
761,1.2566742897033691,1.421944260597229,0.5769230769230769,0.8269230769230769,0.42857142857142855,0.8571428571428571,0.0004
762,1.1268240809440613,1.1209444999694824,0.6923076923076923,0.8269230769230769,0.5714285714285714,0.9285714285714286,0.0004
763,1.4476818442344666,1.475966453552246,0.5769230769230769,0.8269230769230769,0.42857142857142855,0.9285714285714286,0.0004
764,1.322988510131836,1.8243179321289062,0.5961538461538461,0.8461538461538461,0.35714285714285715,0.8571428571428571,0.0004
765,1.2841212749481201,1.3234946727752686,0.5961538461538461,0.8461538461538461,0.5,0.8571428571428571,0.0004
766,1.1675906777381897,1.2908328771591187,0.6730769230769231,0.8269230769230769,0.5714285714285714,0.8571428571428571,0.0004
767,1.2773785591125488,1.286435604095459,0.5576923076923077,0.8269230769230769,0.42857142857142855,0.8571428571428571,0.0004
768,1.2023668885231018,1.3091951608657837,0.5576923076923077,0.8269230769230769,0.6428571428571429,0.8571428571428571,0.0004
769,1.2735495567321777,1.36446213722229,0.5576923076923077,0.8269230769230769,0.42857142857142855,0.8571428571428571,0.0004
770,1.138325810432434,1.1620913743972778,0.6346153846153846,0.8269230769230769,0.5714285714285714,0.8571428571428571,0.0004
771,1.223945677280426,1.5165188312530518,0.6153846153846154,0.8269230769230769,0.5714285714285714,0.8571428571428571,0.0004
772,1.3031797409057617,1.6089190244674683,0.5576923076923077,0.8461538461538461,0.35714285714285715,0.9285714285714286,0.0004
773,1.393772006034851,1.3202266693115234,0.5,0.8269230769230769,0.5,0.8571428571428571,0.0004
774,1.292962908744812,1.5764681100845337,0.5192307692307693,0.8076923076923077,0.42857142857142855,0.8571428571428571,0.0004
775,1.4975488185882568,1.5638340711593628,0.5,0.8269230769230769,0.42857142857142855,0.8571428571428571,0.0004
776,1.4429124593734741,1.381397008895874,0.5,0.8269230769230769,0.5,0.8571428571428571,0.0004
777,1.3183232545852661,1.3814184665679932,0.6153846153846154,0.8269230769230769,0.5714285714285714,0.8571428571428571,0.0004
778,1.3808486461639404,1.2585961818695068,0.6153846153846154,0.8269230769230769,0.5714285714285714,0.8571428571428571,0.0004
779,1.3189589977264404,1.5691699981689453,0.5961538461538461,0.8269230769230769,0.35714285714285715,0.8571428571428571,0.0004
780,1.320114552974701,1.544534683227539,0.5384615384615384,0.8269230769230769,0.42857142857142855,0.8571428571428571,0.0004
781,1.3343735933303833,1.3717241287231445,0.6153846153846154,0.8269230769230769,0.5,0.8571428571428571,0.0004
782,1.3040308952331543,1.473785638809204,0.6730769230769231,0.8269230769230769,0.5,0.8571428571428571,0.0004
783,1.1937220394611359,1.4297702312469482,0.6730769230769231,0.8269230769230769,0.5714285714285714,0.8571428571428571,0.0004
784,1.3302139043807983,1.1969475746154785,0.6153846153846154,0.8269230769230769,0.6428571428571429,0.8571428571428571,0.0004
785,1.2209246158599854,1.2983434200286865,0.6538461538461539,0.8269230769230769,0.6428571428571429,0.8571428571428571,0.0004
786,1.3580418825149536,1.3589646816253662,0.5384615384615384,0.8269230769230769,0.5,0.8571428571428571,0.0004
787,1.2572781443595886,1.4200897216796875,0.6538461538461539,0.8269230769230769,0.5714285714285714,0.8571428571428571,0.0004
788,1.211586594581604,1.5852868556976318,0.6538461538461539,0.8269230769230769,0.5,0.8571428571428571,0.0004
789,1.255412518978119,1.5775911808013916,0.5769230769230769,0.8269230769230769,0.42857142857142855,0.8571428571428571,0.0004
790,1.2596555948257446,1.3644578456878662,0.5961538461538461,0.8269230769230769,0.5,0.8571428571428571,0.0004
791,1.267580509185791,1.549316644668579,0.5576923076923077,0.8269230769230769,0.42857142857142855,0.8571428571428571,0.0004
792,1.2710285186767578,1.6417121887207031,0.5961538461538461,0.8269230769230769,0.35714285714285715,0.8571428571428571,0.0004
793,1.1733616590499878,1.3660303354263306,0.6153846153846154,0.8269230769230769,0.42857142857142855,0.8571428571428571,0.0004
794,1.3426600694656372,1.4312477111816406,0.5576923076923077,0.8269230769230769,0.5,0.8571428571428571,0.0004
795,1.2803572416305542,1.4090423583984375,0.6153846153846154,0.8269230769230769,0.42857142857142855,0.8571428571428571,0.0004
796,1.306721031665802,1.4401053190231323,0.5384615384615384,0.8269230769230769,0.5714285714285714,0.8571428571428571,0.0004
797,1.1661032438278198,1.4714018106460571,0.75,0.8269230769230769,0.5,0.8571428571428571,0.0004
798,1.3159023523330688,1.45162034034729,0.5192307692307693,0.8269230769230769,0.5,0.8571428571428571,0.0004
799,1.3449671268463135,1.6040555238723755,0.6538461538461539,0.8269230769230769,0.5,0.8571428571428571,0.0004
800,1.3191213607788086,1.2013483047485352,0.5769230769230769,0.8269230769230769,0.5714285714285714,0.8571428571428571,0.0004
801,1.253671646118164,1.0165047645568848,0.5769230769230769,0.8269230769230769,0.7857142857142857,0.8571428571428571,0.0004
802,1.0922196507453918,1.4557194709777832,0.6730769230769231,0.8269230769230769,0.42857142857142855,0.8571428571428571,0.0004
803,1.178937315940857,1.452724575996399,0.5769230769230769,0.8269230769230769,0.5,0.8571428571428571,0.0004
804,1.219768762588501,1.5249403715133667,0.6153846153846154,0.8269230769230769,0.5714285714285714,0.8571428571428571,0.0004
805,1.2581244707107544,1.6678797006607056,0.5769230769230769,0.8269230769230769,0.2857142857142857,0.8571428571428571,0.0004
806,1.217756450176239,1.1819484233856201,0.5961538461538461,0.8269230769230769,0.6428571428571429,0.8571428571428571,0.0004
807,1.1088195145130157,1.2643332481384277,0.75,0.8269230769230769,0.5,0.8571428571428571,0.0004
808,1.2610818147659302,1.3193589448928833,0.6538461538461539,0.8269230769230769,0.42857142857142855,0.7857142857142857,0.0004
809,1.2093289494514465,1.3831952810287476,0.6153846153846154,0.8269230769230769,0.42857142857142855,0.9285714285714286,0.0004
810,1.2853410243988037,1.229848027229309,0.5961538461538461,0.8076923076923077,0.5,0.8571428571428571,0.0004
811,1.1473984122276306,1.3087131977081299,0.5961538461538461,0.8653846153846154,0.6428571428571429,0.8571428571428571,0.0004
812,1.2837332487106323,1.3446272611618042,0.5769230769230769,0.8076923076923077,0.6428571428571429,0.9285714285714286,0.0004
813,1.133002758026123,0.9992431998252869,0.6346153846153846,0.8846153846153846,0.5714285714285714,0.9285714285714286,0.0004
814,1.2423535585403442,0.984567403793335,0.5769230769230769,0.9038461538461539,0.7142857142857143,1.0,0.0004
815,1.2780198454856873,1.5034688711166382,0.5576923076923077,0.8269230769230769,0.42857142857142855,0.8571428571428571,0.0004
816,1.160890817642212,1.5374500751495361,0.5961538461538461,0.8653846153846154,0.42857142857142855,0.8571428571428571,0.0004
817,1.2340418100357056,1.579028606414795,0.5961538461538461,0.8076923076923077,0.35714285714285715,0.7857142857142857,0.0004
818,1.2717095613479614,1.112323522567749,0.5192307692307693,0.8846153846153846,0.7142857142857143,0.9285714285714286,0.0004
819,1.198967456817627,1.441474199295044,0.5961538461538461,0.8076923076923077,0.5,0.7857142857142857,0.0004
820,1.2567463517189026,1.034350037574768,0.5961538461538461,0.8461538461538461,0.6428571428571429,1.0,0.0004
821,1.2836115956306458,1.3369213342666626,0.5192307692307693,0.8653846153846154,0.5714285714285714,0.8571428571428571,0.0004
822,1.3933265805244446,1.3748241662979126,0.5576923076923077,0.8269230769230769,0.5,0.9285714285714286,0.0004
823,1.191404640674591,1.4896399974822998,0.5384615384615384,0.8846153846153846,0.5714285714285714,0.8571428571428571,0.0004
824,1.385975420475006,1.1946303844451904,0.5192307692307693,0.8461538461538461,0.5714285714285714,0.9285714285714286,0.0004
825,1.1129211783409119,1.2012499570846558,0.6730769230769231,0.8269230769230769,0.5714285714285714,0.9285714285714286,0.0004
826,1.0675870478153229,1.322087287902832,0.6538461538461539,0.8461538461538461,0.5714285714285714,0.8571428571428571,0.0004
827,1.073048174381256,1.0766067504882812,0.6730769230769231,0.8653846153846154,0.5714285714285714,0.9285714285714286,0.0004
828,1.2651665210723877,1.3140537738800049,0.6538461538461539,0.8269230769230769,0.2857142857142857,0.8571428571428571,0.0004
829,1.237521767616272,1.0228149890899658,0.6346153846153846,0.8461538461538461,0.7142857142857143,0.9285714285714286,0.0004
830,1.2204740643501282,1.4122209548950195,0.6153846153846154,0.8269230769230769,0.42857142857142855,0.8571428571428571,0.0004
831,1.3900913000106812,1.6040163040161133,0.5961538461538461,0.6730769230769231,0.5,0.7142857142857143,0.0004
832,1.441331148147583,1.8021998405456543,0.5384615384615384,0.6923076923076923,0.2857142857142857,0.7142857142857143,0.0004
833,1.3616422414779663,1.5236470699310303,0.5384615384615384,0.7692307692307693,0.2857142857142857,0.8571428571428571,0.0004
834,1.4518895149230957,1.3876328468322754,0.5,0.7115384615384616,0.5714285714285714,0.8571428571428571,0.0004
835,1.3411271572113037,1.2044579982757568,0.5192307692307693,0.8269230769230769,0.5714285714285714,0.8571428571428571,0.0004
836,1.2598561644554138,1.4722120761871338,0.5576923076923077,0.8269230769230769,0.5,0.8571428571428571,0.0004
837,1.170798897743225,1.1976577043533325,0.6153846153846154,0.8269230769230769,0.6428571428571429,0.8571428571428571,0.0004
838,1.225222408771515,1.4597480297088623,0.6538461538461539,0.8269230769230769,0.35714285714285715,0.8571428571428571,0.0004
839,1.316158652305603,1.3903146982192993,0.5769230769230769,0.8269230769230769,0.5714285714285714,0.8571428571428571,0.0004
840,1.2827287316322327,1.379232406616211,0.5576923076923077,0.8269230769230769,0.5714285714285714,0.8571428571428571,0.0004
841,1.3193636536598206,1.319503664970398,0.5384615384615384,0.8269230769230769,0.42857142857142855,0.8571428571428571,0.0004
842,1.2266347408294678,1.5418812036514282,0.6346153846153846,0.8269230769230769,0.42857142857142855,0.8571428571428571,0.0004
843,1.2869227528572083,1.386433482170105,0.4807692307692308,0.8269230769230769,0.42857142857142855,0.8571428571428571,0.0004
844,1.179915726184845,1.1994004249572754,0.5769230769230769,0.8269230769230769,0.5,0.8571428571428571,0.0004
845,1.2907111644744873,1.3466897010803223,0.5576923076923077,0.8269230769230769,0.5,0.8571428571428571,0.0004
846,1.2082546949386597,1.3146934509277344,0.5961538461538461,0.8269230769230769,0.5,0.8571428571428571,0.0004
847,1.190117597579956,1.3953380584716797,0.6153846153846154,0.8269230769230769,0.5,0.8571428571428571,0.0004
848,1.1784743070602417,1.3612855672836304,0.7307692307692307,0.8269230769230769,0.6428571428571429,0.8571428571428571,0.0004
849,1.2059760689735413,1.2005070447921753,0.6730769230769231,0.8269230769230769,0.5714285714285714,0.8571428571428571,0.0004
850,1.230388879776001,1.4684264659881592,0.6346153846153846,0.8269230769230769,0.6428571428571429,0.8571428571428571,0.0004
851,1.2460527420043945,1.1050331592559814,0.6153846153846154,0.8269230769230769,0.5,0.8571428571428571,0.0004
852,1.2016370296478271,1.4424262046813965,0.6923076923076923,0.8269230769230769,0.5,0.8571428571428571,0.0004
853,1.1675658822059631,1.1849898099899292,0.5961538461538461,0.8269230769230769,0.5,0.8571428571428571,0.0004
854,1.280538558959961,1.1971262693405151,0.5769230769230769,0.8269230769230769,0.6428571428571429,0.8571428571428571,0.0004
855,1.321925401687622,1.6301599740982056,0.4807692307692308,0.8269230769230769,0.2857142857142857,0.8571428571428571,0.0004
856,1.1632708311080933,1.2615842819213867,0.5961538461538461,0.8269230769230769,0.6428571428571429,0.8571428571428571,0.0004
857,1.124945878982544,1.0588023662567139,0.5769230769230769,0.8269230769230769,0.5714285714285714,0.8571428571428571,0.0004
858,1.151035726070404,1.424289584159851,0.6346153846153846,0.8269230769230769,0.35714285714285715,0.8571428571428571,0.0004
859,1.338024616241455,1.2009937763214111,0.5,0.8269230769230769,0.7142857142857143,0.8571428571428571,0.0004
860,1.063927948474884,1.312692642211914,0.7115384615384616,0.8269230769230769,0.5714285714285714,0.8571428571428571,0.0004
861,1.0873863697052002,1.2938988208770752,0.6923076923076923,0.8269230769230769,0.5714285714285714,0.8571428571428571,0.0004
862,1.1766822934150696,1.1124122142791748,0.6538461538461539,0.8269230769230769,0.7142857142857143,0.8571428571428571,0.0004
863,1.2124825417995453,1.1536974906921387,0.6538461538461539,0.8269230769230769,0.7142857142857143,0.8571428571428571,0.0004
864,1.2113516330718994,1.1405243873596191,0.5961538461538461,0.8269230769230769,0.7142857142857143,0.8571428571428571,0.0004
865,1.2571057081222534,1.1868290901184082,0.6153846153846154,0.8269230769230769,0.6428571428571429,0.8571428571428571,0.0004
866,1.2139407396316528,1.540508508682251,0.6346153846153846,0.8269230769230769,0.42857142857142855,0.8571428571428571,0.0004
867,1.2145668864250183,1.4520208835601807,0.6730769230769231,0.8269230769230769,0.5,0.8571428571428571,0.0004
868,1.1444650292396545,1.3324058055877686,0.6346153846153846,0.8269230769230769,0.5,0.8571428571428571,0.0004
869,1.2094800472259521,1.304354190826416,0.6153846153846154,0.8269230769230769,0.5714285714285714,0.8571428571428571,0.0004
870,1.265562653541565,1.3216748237609863,0.6538461538461539,0.8269230769230769,0.5714285714285714,0.8571428571428571,0.0004
871,1.246826410293579,1.0523682832717896,0.6346153846153846,0.8269230769230769,0.7857142857142857,0.8571428571428571,0.0004
872,1.0556896924972534,1.5225238800048828,0.7307692307692307,0.8269230769230769,0.5,0.8571428571428571,0.0004
873,1.1702849864959717,1.3924200534820557,0.6730769230769231,0.8269230769230769,0.42857142857142855,0.8571428571428571,0.0004
874,1.2453900575637817,1.1689553260803223,0.6730769230769231,0.8269230769230769,0.6428571428571429,0.8571428571428571,0.0004
875,1.162529170513153,1.3529369831085205,0.7115384615384616,0.8269230769230769,0.6428571428571429,0.8571428571428571,0.0004
876,1.3066092133522034,1.3588306903839111,0.6346153846153846,0.8269230769230769,0.5,0.8571428571428571,0.0004
877,1.1548157334327698,1.468772053718567,0.6346153846153846,0.8269230769230769,0.6428571428571429,0.8571428571428571,0.0004
878,1.098044216632843,1.3251264095306396,0.6730769230769231,0.8269230769230769,0.5714285714285714,0.8571428571428571,0.0004
879,1.0303078293800354,1.1828964948654175,0.7115384615384616,0.8269230769230769,0.5714285714285714,0.8571428571428571,0.0004
880,1.342630684375763,1.4197189807891846,0.5576923076923077,0.8269230769230769,0.42857142857142855,0.8571428571428571,0.0004
881,1.383384883403778,1.3930729627609253,0.4807692307692308,0.8269230769230769,0.5714285714285714,0.8571428571428571,0.0004
882,1.3324825167655945,1.3671141862869263,0.5769230769230769,0.8269230769230769,0.42857142857142855,0.8571428571428571,0.0004
883,1.3549230694770813,1.7472485303878784,0.6153846153846154,0.8269230769230769,0.42857142857142855,0.8571428571428571,0.0004
884,1.1656784415245056,1.2948397397994995,0.5769230769230769,0.8269230769230769,0.5714285714285714,0.8571428571428571,0.0004
885,1.3479763269424438,1.3030309677124023,0.5384615384615384,0.8269230769230769,0.5,0.8571428571428571,0.0004
886,1.3175950050354004,1.4878053665161133,0.5384615384615384,0.8269230769230769,0.35714285714285715,0.8571428571428571,0.0004
887,1.4179802536964417,1.1927099227905273,0.4807692307692308,0.8269230769230769,0.5714285714285714,0.8571428571428571,0.0004
888,1.2480627298355103,1.465575933456421,0.5769230769230769,0.8269230769230769,0.5,0.8571428571428571,0.0004
889,1.2821549773216248,1.50605309009552,0.5769230769230769,0.8269230769230769,0.5714285714285714,0.8571428571428571,0.0004
890,1.2764591574668884,1.42214834690094,0.6346153846153846,0.8269230769230769,0.5,0.8571428571428571,0.0004
891,1.3376468420028687,1.4749935865402222,0.5769230769230769,0.8269230769230769,0.5,0.8571428571428571,0.0004
892,1.3517298102378845,1.3324763774871826,0.5192307692307693,0.8269230769230769,0.5,0.8571428571428571,0.0004
893,1.2174599170684814,1.4958791732788086,0.6538461538461539,0.8269230769230769,0.5,0.8571428571428571,0.0004
894,1.3279728889465332,1.2439064979553223,0.6153846153846154,0.8269230769230769,0.5714285714285714,0.8571428571428571,0.0004
895,1.2796886563301086,1.34956693649292,0.6153846153846154,0.8269230769230769,0.5,0.8571428571428571,0.0004
896,1.290820837020874,1.5792794227600098,0.6153846153846154,0.8269230769230769,0.35714285714285715,0.8571428571428571,0.0004
897,1.1327707171440125,1.269093632698059,0.6730769230769231,0.8461538461538461,0.5,0.8571428571428571,0.0004
898,1.18555748462677,1.121861219406128,0.6153846153846154,0.8269230769230769,0.7142857142857143,0.8571428571428571,0.0004
899,1.1853341460227966,1.1111141443252563,0.6346153846153846,0.8269230769230769,0.7142857142857143,0.8571428571428571,0.0004
900,1.240677833557129,1.1696674823760986,0.6346153846153846,0.8269230769230769,0.5714285714285714,0.8571428571428571,0.0004
901,1.1700370907783508,1.4175368547439575,0.6538461538461539,0.8269230769230769,0.42857142857142855,0.8571428571428571,0.0004
902,1.211009442806244,1.3974859714508057,0.6153846153846154,0.8461538461538461,0.5,0.7857142857142857,0.0004
903,1.125617265701294,1.2793819904327393,0.6538461538461539,0.8461538461538461,0.5714285714285714,0.7857142857142857,0.0004
904,1.1981282234191895,1.2214715480804443,0.6153846153846154,0.8269230769230769,0.5,0.7857142857142857,0.0004
905,1.2016624212265015,1.3076984882354736,0.5769230769230769,0.8461538461538461,0.5,0.8571428571428571,0.0004
906,1.2875158190727234,1.34949791431427,0.6153846153846154,0.8461538461538461,0.5714285714285714,0.7857142857142857,0.0004
907,1.091977059841156,1.4183862209320068,0.6730769230769231,0.8076923076923077,0.42857142857142855,0.8571428571428571,0.0004
908,1.185685157775879,1.2780989408493042,0.6538461538461539,0.8269230769230769,0.6428571428571429,0.7142857142857143,0.0004
909,1.0916844606399536,1.856878638267517,0.7115384615384616,0.8269230769230769,0.5,0.8571428571428571,0.0004
910,1.1486159563064575,1.3672583103179932,0.6346153846153846,0.8461538461538461,0.5714285714285714,0.7857142857142857,0.0004
911,1.1380192041397095,1.2118345499038696,0.6730769230769231,0.8461538461538461,0.5,0.7857142857142857,0.0004
912,1.151825189590454,1.4601709842681885,0.6923076923076923,0.8461538461538461,0.42857142857142855,0.6428571428571429,0.0004
913,1.454378366470337,1.4296005964279175,0.4807692307692308,0.8269230769230769,0.35714285714285715,0.7142857142857143,0.0004
914,1.1595417261123657,1.2943922281265259,0.6538461538461539,0.8269230769230769,0.42857142857142855,0.7857142857142857,0.0004
915,0.9938956499099731,1.3157434463500977,0.7115384615384616,0.8269230769230769,0.6428571428571429,0.6428571428571429,0.0004
916,1.218267798423767,1.3265358209609985,0.6153846153846154,0.7692307692307693,0.5714285714285714,0.6428571428571429,0.0004
917,1.107783555984497,1.0965853929519653,0.6346153846153846,0.9230769230769231,0.6428571428571429,0.7857142857142857,0.0004
918,1.1867120265960693,0.9682862758636475,0.6346153846153846,0.8076923076923077,0.7857142857142857,0.8571428571428571,0.0004
919,1.194388508796692,1.3312034606933594,0.6538461538461539,0.75,0.5714285714285714,0.7142857142857143,0.0004
920,1.2085930109024048,1.4122135639190674,0.6153846153846154,0.8653846153846154,0.5,0.7857142857142857,0.0004
921,1.1310739517211914,1.6046578884124756,0.6346153846153846,0.8461538461538461,0.35714285714285715,0.7857142857142857,0.0004
922,1.0511226654052734,1.5119985342025757,0.6153846153846154,0.8461538461538461,0.5,0.6428571428571429,0.0004
923,1.1540513038635254,1.5108224153518677,0.5769230769230769,0.8076923076923077,0.5714285714285714,0.5,0.0004
924,1.0244258344173431,1.5119589567184448,0.7115384615384616,0.7884615384615384,0.42857142857142855,0.7857142857142857,0.0004
925,1.0461984276771545,1.224261999130249,0.6923076923076923,0.8653846153846154,0.7142857142857143,0.6428571428571429,0.0004
926,1.0581905245780945,1.2679047584533691,0.6538461538461539,0.8461538461538461,0.5714285714285714,0.7142857142857143,0.0004
927,1.246886432170868,1.352657437324524,0.6346153846153846,0.8461538461538461,0.5714285714285714,0.7142857142857143,0.0004
928,1.1360692381858826,1.3237491846084595,0.6153846153846154,0.9038461538461539,0.5714285714285714,0.8571428571428571,0.0004
929,0.9848182201385498,1.0193017721176147,0.7115384615384616,0.8269230769230769,0.6428571428571429,0.9285714285714286,0.0004
930,1.0074041187763214,1.0550494194030762,0.6923076923076923,0.8076923076923077,0.6428571428571429,0.8571428571428571,0.0004
931,1.3009127378463745,1.4760003089904785,0.5769230769230769,0.8269230769230769,0.5,0.7857142857142857,0.0004
932,1.3260427713394165,1.286226511001587,0.5961538461538461,0.7884615384615384,0.5714285714285714,0.8571428571428571,0.0004
933,1.2573692202568054,1.4218266010284424,0.5961538461538461,0.7692307692307693,0.5,0.7142857142857143,0.0004
934,1.029667466878891,1.1936906576156616,0.6346153846153846,0.8076923076923077,0.6428571428571429,0.7857142857142857,0.0004
935,1.072582483291626,1.3252112865447998,0.6538461538461539,0.8269230769230769,0.5714285714285714,0.8571428571428571,0.0004
936,1.2818650603294373,1.5325298309326172,0.5576923076923077,0.8846153846153846,0.5714285714285714,0.6428571428571429,0.0004
937,1.0701016783714294,1.2148290872573853,0.75,0.8269230769230769,0.6428571428571429,0.7142857142857143,0.0004
938,1.115485668182373,1.0883772373199463,0.6346153846153846,0.8461538461538461,0.6428571428571429,0.7857142857142857,0.0004
939,1.247040331363678,1.4363422393798828,0.5576923076923077,0.7884615384615384,0.5714285714285714,0.7142857142857143,0.0004
940,1.1604836583137512,1.3716810941696167,0.6346153846153846,0.8461538461538461,0.42857142857142855,0.7142857142857143,0.0004
941,1.2285515069961548,1.4141249656677246,0.5961538461538461,0.8461538461538461,0.5,0.6428571428571429,0.0004
942,1.0692334175109863,1.3483169078826904,0.6923076923076923,0.8461538461538461,0.42857142857142855,0.5,0.0004
943,1.1258904933929443,1.53145432472229,0.6538461538461539,0.8269230769230769,0.5,0.6428571428571429,0.0004
944,1.094586730003357,1.4388720989227295,0.6730769230769231,0.8653846153846154,0.35714285714285715,0.9285714285714286,0.0004
945,1.257249355316162,1.2013623714447021,0.5961538461538461,0.8461538461538461,0.5714285714285714,0.7857142857142857,0.0004
946,1.0443646013736725,1.5277549028396606,0.6730769230769231,0.8653846153846154,0.42857142857142855,0.8571428571428571,0.0004
947,1.1181071400642395,1.1058145761489868,0.6346153846153846,0.8076923076923077,0.7142857142857143,0.9285714285714286,0.0004
948,1.137560784816742,1.3258650302886963,0.6153846153846154,0.8846153846153846,0.6428571428571429,0.8571428571428571,0.0004
949,1.1066268682479858,1.0750889778137207,0.6346153846153846,0.8269230769230769,0.7142857142857143,0.8571428571428571,0.0004
950,1.1528438925743103,1.2919268608093262,0.5961538461538461,0.8846153846153846,0.5,0.8571428571428571,0.0004
951,1.1524824500083923,1.3661768436431885,0.5961538461538461,0.8269230769230769,0.5,0.7142857142857143,0.0004
952,0.96652752161026,1.2076176404953003,0.7307692307692307,0.8653846153846154,0.5714285714285714,0.9285714285714286,0.0004
953,1.0761240720748901,1.2577232122421265,0.6730769230769231,0.7692307692307693,0.6428571428571429,0.7142857142857143,0.0004
954,1.059565544128418,1.3570117950439453,0.7115384615384616,0.7884615384615384,0.42857142857142855,0.8571428571428571,0.0004
955,1.297491729259491,0.9852542281150818,0.5961538461538461,0.8076923076923077,0.6428571428571429,0.8571428571428571,0.0004
956,1.1515938639640808,1.6067042350769043,0.6923076923076923,0.8269230769230769,0.42857142857142855,0.7142857142857143,0.0004
957,1.2027656435966492,1.7295441627502441,0.5576923076923077,0.8653846153846154,0.5,0.5714285714285714,0.0004
958,1.110251933336258,1.6136976480484009,0.5961538461538461,0.8461538461538461,0.5,0.7857142857142857,0.0004
959,1.230397343635559,1.6763166189193726,0.5576923076923077,0.8846153846153846,0.42857142857142855,0.7857142857142857,0.0004
960,1.209207534790039,1.1854339838027954,0.5769230769230769,0.7692307692307693,0.5,0.9285714285714286,0.0004
961,1.49030601978302,1.6883001327514648,0.4807692307692308,0.8461538461538461,0.35714285714285715,0.8571428571428571,0.0004
962,1.1282772421836853,1.2052414417266846,0.6538461538461539,0.8461538461538461,0.5,1.0,0.0004
963,1.122096598148346,1.231018304824829,0.5769230769230769,0.8653846153846154,0.5,0.9285714285714286,0.0004
964,1.2006544470787048,1.5588266849517822,0.6153846153846154,0.8461538461538461,0.35714285714285715,0.7857142857142857,0.0004
965,1.1834133863449097,1.3100340366363525,0.6153846153846154,0.8269230769230769,0.5,0.8571428571428571,0.0004
966,0.9672971069812775,1.6247014999389648,0.7115384615384616,0.8461538461538461,0.5,0.8571428571428571,0.0004
967,1.0640636086463928,1.259239673614502,0.6730769230769231,0.8269230769230769,0.5714285714285714,0.8571428571428571,0.0004
968,1.061065435409546,1.5202356576919556,0.6730769230769231,0.8269230769230769,0.5,0.8571428571428571,0.0004
969,1.300990641117096,1.1022237539291382,0.5576923076923077,0.8269230769230769,0.7857142857142857,0.8571428571428571,0.0004
970,1.2529345154762268,1.1435514688491821,0.5384615384615384,0.8269230769230769,0.6428571428571429,0.8571428571428571,0.0004
971,1.2452044486999512,1.5932981967926025,0.6153846153846154,0.8269230769230769,0.5,0.8571428571428571,0.0004
972,1.2823549509048462,1.3764952421188354,0.6153846153846154,0.8269230769230769,0.42857142857142855,0.8571428571428571,0.0004
973,1.2387844920158386,1.4937658309936523,0.5769230769230769,0.8269230769230769,0.5,0.8571428571428571,0.0004
974,1.1772682070732117,0.8817042112350464,0.6538461538461539,0.8269230769230769,0.8571428571428571,0.8571428571428571,0.0004
975,1.2640474438667297,1.2408180236816406,0.6153846153846154,0.8269230769230769,0.5,0.8571428571428571,0.0004
976,1.1076438426971436,1.3621728420257568,0.6153846153846154,0.8269230769230769,0.42857142857142855,0.8571428571428571,0.0004
977,1.006622314453125,1.271235704421997,0.7307692307692307,0.8269230769230769,0.5,0.8571428571428571,0.0004
978,1.1339557766914368,1.3725306987762451,0.6153846153846154,0.8269230769230769,0.6428571428571429,0.8571428571428571,0.0004
979,1.073855698108673,1.539846658706665,0.6346153846153846,0.8269230769230769,0.5,0.8571428571428571,0.0004
980,1.2533252239227295,1.0386956930160522,0.5769230769230769,0.8461538461538461,0.6428571428571429,0.8571428571428571,0.0004
981,1.0834664106369019,1.2524902820587158,0.6538461538461539,0.8076923076923077,0.6428571428571429,0.7857142857142857,0.0004
982,1.3012049794197083,1.5727604627609253,0.5384615384615384,0.8269230769230769,0.35714285714285715,0.8571428571428571,0.0004
983,1.2512235045433044,1.237227201461792,0.6153846153846154,0.8269230769230769,0.5,0.8571428571428571,0.0004
984,1.0908631682395935,1.4689890146255493,0.6923076923076923,0.8269230769230769,0.42857142857142855,0.8571428571428571,0.0004
985,1.042708396911621,0.9922057390213013,0.7115384615384616,0.8076923076923077,0.7142857142857143,0.8571428571428571,0.0004
986,1.128684639930725,1.266110897064209,0.6730769230769231,0.8269230769230769,0.5,0.8571428571428571,0.0004
987,0.9280853569507599,1.3043663501739502,0.75,0.8461538461538461,0.5,0.8571428571428571,0.0004
988,0.9968200922012329,1.3248506784439087,0.6538461538461539,0.8269230769230769,0.5714285714285714,0.8571428571428571,0.0004
989,1.2183040976524353,1.230347990989685,0.6923076923076923,0.8269230769230769,0.5,0.8571428571428571,0.0004
990,1.2922281622886658,1.1678342819213867,0.6923076923076923,0.8269230769230769,0.5714285714285714,0.8571428571428571,0.0004
991,1.1108547449111938,0.9927754998207092,0.6730769230769231,0.8269230769230769,0.7142857142857143,0.8571428571428571,0.0004
992,1.1315051913261414,1.2533987760543823,0.5769230769230769,0.8076923076923077,0.5714285714285714,0.9285714285714286,0.0004
993,1.0818092226982117,1.0585334300994873,0.6730769230769231,0.8269230769230769,0.7142857142857143,0.8571428571428571,0.0004
994,1.1673780679702759,1.0835829973220825,0.6538461538461539,0.8269230769230769,0.6428571428571429,0.9285714285714286,0.0004
995,0.9615147113800049,1.3209812641143799,0.75,0.8269230769230769,0.5714285714285714,0.8571428571428571,0.0004
996,1.0952706336975098,1.1148505210876465,0.5769230769230769,0.8461538461538461,0.6428571428571429,0.9285714285714286,0.0004
997,1.145285964012146,1.4272692203521729,0.5961538461538461,0.8653846153846154,0.5,0.7857142857142857,0.0004
998,1.2750215530395508,1.2733747959136963,0.5576923076923077,0.8461538461538461,0.5714285714285714,0.9285714285714286,0.0004
999,1.0884522199630737,1.4916319847106934,0.6730769230769231,0.8461538461538461,0.5,0.7857142857142857,0.0004
1000,1.0290184617042542,1.2048635482788086,0.6538461538461539,0.8461538461538461,0.5714285714285714,0.8571428571428571,0.0004
