epoch,train_loss,val_loss,train_acc_action,train_acc_status,val_acc_action,val_acc_status,learning_rate
1,1.8168646097183228,1.815763235092163,0.36538461538461536,0.17307692307692307,0.21428571428571427,0.14285714285714285,0.0004
2,1.8018621802330017,1.7982704639434814,0.36538461538461536,0.17307692307692307,0.21428571428571427,0.8571428571428571,0.0004
3,1.784680187702179,1.7798380851745605,0.36538461538461536,0.8269230769230769,0.21428571428571427,0.8571428571428571,0.0004
4,1.7680938243865967,1.7593283653259277,0.36538461538461536,0.8269230769230769,0.21428571428571427,0.8571428571428571,0.0004
5,1.7511969804763794,1.736501693725586,0.36538461538461536,0.8269230769230769,0.21428571428571427,0.8571428571428571,0.0004
6,1.7277343273162842,1.7089030742645264,0.36538461538461536,0.8269230769230769,0.21428571428571427,0.8571428571428571,0.0004
7,1.6898703575134277,1.6739122867584229,0.36538461538461536,0.8269230769230769,0.21428571428571427,0.8571428571428571,0.0004
8,1.6592705249786377,1.6285985708236694,0.36538461538461536,0.8269230769230769,0.21428571428571427,0.8571428571428571,0.0004
9,1.618004322052002,1.5741682052612305,0.36538461538461536,0.8269230769230769,0.21428571428571427,0.8571428571428571,0.0004
10,1.5641397833824158,1.5529834032058716,0.36538461538461536,0.8269230769230769,0.21428571428571427,0.8571428571428571,0.0004
11,1.5026131868362427,1.5649844408035278,0.36538461538461536,0.8269230769230769,0.21428571428571427,0.8571428571428571,0.0004
12,1.6061934232711792,1.5617579221725464,0.36538461538461536,0.8269230769230769,0.21428571428571427,0.8571428571428571,0.0004
13,1.5824377536773682,1.5390818119049072,0.36538461538461536,0.8269230769230769,0.21428571428571427,0.8571428571428571,0.0004
14,1.6077969074249268,1.521895170211792,0.36538461538461536,0.8269230769230769,0.21428571428571427,0.8571428571428571,0.0004
15,1.5574125051498413,1.5165047645568848,0.36538461538461536,0.8269230769230769,0.21428571428571427,0.8571428571428571,0.0004
16,1.5809530019760132,1.520258903503418,0.36538461538461536,0.8269230769230769,0.21428571428571427,0.8571428571428571,0.0004
17,1.5442283153533936,1.5282200574874878,0.36538461538461536,0.8269230769230769,0.21428571428571427,0.8571428571428571,0.0004
18,1.5475868582725525,1.5345523357391357,0.36538461538461536,0.8269230769230769,0.21428571428571427,0.8571428571428571,0.0004
19,1.561672568321228,1.5385431051254272,0.36538461538461536,0.8269230769230769,0.21428571428571427,0.8571428571428571,0.0004
20,1.5637624263763428,1.5407631397247314,0.36538461538461536,0.8269230769230769,0.21428571428571427,0.8571428571428571,0.0004
21,1.571869671344757,1.5405597686767578,0.36538461538461536,0.8269230769230769,0.21428571428571427,0.8571428571428571,0.0004
22,1.571816325187683,1.5405471324920654,0.36538461538461536,0.8269230769230769,0.21428571428571427,0.8571428571428571,0.0004
23,1.5600741505622864,1.540687918663025,0.36538461538461536,0.8269230769230769,0.21428571428571427,0.8571428571428571,0.0004
24,1.544708251953125,1.5400855541229248,0.36538461538461536,0.8269230769230769,0.21428571428571427,0.8571428571428571,0.0004
25,1.5398023128509521,1.538922667503357,0.36538461538461536,0.8269230769230769,0.21428571428571427,0.8571428571428571,0.0004
26,1.5508699417114258,1.5387353897094727,0.36538461538461536,0.8269230769230769,0.21428571428571427,0.8571428571428571,0.0004
27,1.5489739775657654,1.5391730070114136,0.36538461538461536,0.8269230769230769,0.21428571428571427,0.8571428571428571,0.0004
28,1.5517906546592712,1.5405182838439941,0.36538461538461536,0.8269230769230769,0.21428571428571427,0.8571428571428571,0.0004
29,1.5523854494094849,1.541172981262207,0.36538461538461536,0.8269230769230769,0.21428571428571427,0.8571428571428571,0.0004
30,1.5852620601654053,1.5409303903579712,0.36538461538461536,0.8269230769230769,0.21428571428571427,0.8571428571428571,0.0004
31,1.5753803849220276,1.5404703617095947,0.36538461538461536,0.8269230769230769,0.21428571428571427,0.8571428571428571,0.0004
32,1.5485255122184753,1.5374565124511719,0.36538461538461536,0.8269230769230769,0.21428571428571427,0.8571428571428571,0.0004
33,1.5517282485961914,1.5359903573989868,0.36538461538461536,0.8269230769230769,0.21428571428571427,0.8571428571428571,0.0004
34,1.5746971368789673,1.5353606939315796,0.36538461538461536,0.8269230769230769,0.21428571428571427,0.8571428571428571,0.0004
35,1.5515061616897583,1.533127784729004,0.36538461538461536,0.8269230769230769,0.21428571428571427,0.8571428571428571,0.0004
36,1.5476887226104736,1.5311297178268433,0.36538461538461536,0.8269230769230769,0.21428571428571427,0.8571428571428571,0.0004
37,1.50389564037323,1.530779480934143,0.36538461538461536,0.8269230769230769,0.21428571428571427,0.8571428571428571,0.0004
38,1.5807428359985352,1.5313665866851807,0.36538461538461536,0.8269230769230769,0.21428571428571427,0.8571428571428571,0.0004
39,1.5356788039207458,1.532010793685913,0.36538461538461536,0.8269230769230769,0.21428571428571427,0.8571428571428571,0.0004
40,1.5509704947471619,1.5326650142669678,0.36538461538461536,0.8269230769230769,0.21428571428571427,0.8571428571428571,0.0004
41,1.595040202140808,1.5330318212509155,0.36538461538461536,0.8269230769230769,0.21428571428571427,0.8571428571428571,0.0004
42,1.5635657906532288,1.5332286357879639,0.36538461538461536,0.8269230769230769,0.21428571428571427,0.8571428571428571,0.0004
43,1.5943021774291992,1.5337934494018555,0.36538461538461536,0.8269230769230769,0.21428571428571427,0.8571428571428571,0.0004
44,1.5481170415878296,1.5341439247131348,0.36538461538461536,0.8269230769230769,0.21428571428571427,0.8571428571428571,0.0004
45,1.5332497358322144,1.5349047183990479,0.36538461538461536,0.8269230769230769,0.21428571428571427,0.8571428571428571,0.0004
46,1.5549464225769043,1.536820411682129,0.36538461538461536,0.8269230769230769,0.21428571428571427,0.8571428571428571,0.0004
47,1.5637523531913757,1.5373156070709229,0.36538461538461536,0.8269230769230769,0.21428571428571427,0.8571428571428571,0.0004
48,1.5485107898712158,1.5378412008285522,0.36538461538461536,0.8269230769230769,0.21428571428571427,0.8571428571428571,0.0004
49,1.5526093244552612,1.5387444496154785,0.36538461538461536,0.8269230769230769,0.21428571428571427,0.8571428571428571,0.0004
50,1.5801244378089905,1.5388562679290771,0.36538461538461536,0.8269230769230769,0.21428571428571427,0.8571428571428571,0.0004
51,1.5506905913352966,1.5388702154159546,0.36538461538461536,0.8269230769230769,0.21428571428571427,0.8571428571428571,0.0004
52,1.551910638809204,1.5385723114013672,0.36538461538461536,0.8269230769230769,0.21428571428571427,0.8571428571428571,0.0004
53,1.549138069152832,1.5376856327056885,0.36538461538461536,0.8269230769230769,0.21428571428571427,0.8571428571428571,0.0004
54,1.5790444612503052,1.5368058681488037,0.36538461538461536,0.8269230769230769,0.21428571428571427,0.8571428571428571,0.0004
55,1.5484052300453186,1.5363026857376099,0.36538461538461536,0.8269230769230769,0.21428571428571427,0.8571428571428571,0.0004
56,1.5510139465332031,1.5361311435699463,0.36538461538461536,0.8269230769230769,0.21428571428571427,0.8571428571428571,0.0004
57,1.5501514673233032,1.5356085300445557,0.36538461538461536,0.8269230769230769,0.21428571428571427,0.8571428571428571,0.0004
58,1.5333691835403442,1.5350396633148193,0.36538461538461536,0.8269230769230769,0.21428571428571427,0.8571428571428571,0.0004
59,1.5477566719055176,1.5347967147827148,0.36538461538461536,0.8269230769230769,0.21428571428571427,0.8571428571428571,0.0004
60,1.5308176279067993,1.5347371101379395,0.36538461538461536,0.8269230769230769,0.21428571428571427,0.8571428571428571,0.0004
61,1.5782567262649536,1.5357071161270142,0.36538461538461536,0.8269230769230769,0.21428571428571427,0.8571428571428571,0.0004
62,1.5521451234817505,1.5375652313232422,0.36538461538461536,0.8269230769230769,0.21428571428571427,0.8571428571428571,0.0004
63,1.5549073219299316,1.5389176607131958,0.36538461538461536,0.8269230769230769,0.21428571428571427,0.8571428571428571,0.0004
64,1.5801936388015747,1.5387170314788818,0.36538461538461536,0.8269230769230769,0.21428571428571427,0.8571428571428571,0.0004
65,1.5506030321121216,1.5386852025985718,0.36538461538461536,0.8269230769230769,0.21428571428571427,0.8571428571428571,0.0004
66,1.531527042388916,1.538090705871582,0.36538461538461536,0.8269230769230769,0.21428571428571427,0.8571428571428571,0.0004
67,1.550067126750946,1.538240909576416,0.36538461538461536,0.8269230769230769,0.21428571428571427,0.8571428571428571,0.0004
68,1.5671187043190002,1.5382133722305298,0.36538461538461536,0.8269230769230769,0.21428571428571427,0.8571428571428571,0.0004
69,1.5628483295440674,1.537384271621704,0.36538461538461536,0.8269230769230769,0.21428571428571427,0.8571428571428571,0.0004
70,1.5374375581741333,1.5371358394622803,0.36538461538461536,0.8269230769230769,0.21428571428571427,0.8571428571428571,0.0004
71,1.5649216771125793,1.536407232284546,0.36538461538461536,0.8269230769230769,0.21428571428571427,0.8571428571428571,0.0004
72,1.5374215841293335,1.5357592105865479,0.36538461538461536,0.8269230769230769,0.21428571428571427,0.8571428571428571,0.0004
73,1.5644549131393433,1.5344734191894531,0.36538461538461536,0.8269230769230769,0.21428571428571427,0.8571428571428571,0.0004
74,1.5362590551376343,1.5334525108337402,0.36538461538461536,0.8269230769230769,0.21428571428571427,0.8571428571428571,0.0004
75,1.5514352917671204,1.5324033498764038,0.36538461538461536,0.8269230769230769,0.21428571428571427,0.8571428571428571,0.0004
76,1.57814359664917,1.5308341979980469,0.36538461538461536,0.8269230769230769,0.21428571428571427,0.8571428571428571,0.0004
77,1.5506768226623535,1.5304713249206543,0.36538461538461536,0.8269230769230769,0.21428571428571427,0.8571428571428571,0.0004
78,1.5230358839035034,1.5302616357803345,0.36538461538461536,0.8269230769230769,0.21428571428571427,0.8571428571428571,0.0004
79,1.5639744997024536,1.529088020324707,0.36538461538461536,0.8269230769230769,0.21428571428571427,0.8571428571428571,0.0004
80,1.549113929271698,1.5286282300949097,0.36538461538461536,0.8269230769230769,0.21428571428571427,0.8571428571428571,0.0004
81,1.5338988304138184,1.5286842584609985,0.36538461538461536,0.8269230769230769,0.21428571428571427,0.8571428571428571,0.0004
82,1.5654951930046082,1.5292603969573975,0.36538461538461536,0.8269230769230769,0.21428571428571427,0.8571428571428571,0.0004
83,1.5686278343200684,1.5302071571350098,0.36538461538461536,0.8269230769230769,0.21428571428571427,0.8571428571428571,0.0004
84,1.5492600798606873,1.530241847038269,0.36538461538461536,0.8269230769230769,0.21428571428571427,0.8571428571428571,0.0004
85,1.5479205250740051,1.5304827690124512,0.36538461538461536,0.8269230769230769,0.21428571428571427,0.8571428571428571,0.0004
86,1.5336363911628723,1.531459927558899,0.36538461538461536,0.8269230769230769,0.21428571428571427,0.8571428571428571,0.0004
87,1.5473544001579285,1.532555103302002,0.36538461538461536,0.8269230769230769,0.21428571428571427,0.8571428571428571,0.0004
88,1.5488165616989136,1.5343294143676758,0.36538461538461536,0.8269230769230769,0.21428571428571427,0.8571428571428571,0.0004
89,1.5640848278999329,1.536263108253479,0.36538461538461536,0.8269230769230769,0.21428571428571427,0.8571428571428571,0.0004
90,1.5527247786521912,1.5383821725845337,0.36538461538461536,0.8269230769230769,0.21428571428571427,0.8571428571428571,0.0004
91,1.5475981831550598,1.5392366647720337,0.36538461538461536,0.8269230769230769,0.21428571428571427,0.8571428571428571,0.0004
92,1.5533111691474915,1.5404698848724365,0.36538461538461536,0.8269230769230769,0.21428571428571427,0.8571428571428571,0.0004
93,1.5481263399124146,1.5403175354003906,0.36538461538461536,0.8269230769230769,0.21428571428571427,0.8571428571428571,0.0004
94,1.5466864109039307,1.540095567703247,0.36538461538461536,0.8269230769230769,0.21428571428571427,0.8571428571428571,0.0004
95,1.5348024368286133,1.5404094457626343,0.36538461538461536,0.8269230769230769,0.21428571428571427,0.8571428571428571,0.0004
96,1.5517666935920715,1.5403807163238525,0.36538461538461536,0.8269230769230769,0.21428571428571427,0.8571428571428571,0.0004
97,1.569914162158966,1.5397194623947144,0.36538461538461536,0.8269230769230769,0.21428571428571427,0.8571428571428571,0.0004
98,1.5529183149337769,1.5379306077957153,0.36538461538461536,0.8269230769230769,0.21428571428571427,0.8571428571428571,0.0004
99,1.5660086870193481,1.5354021787643433,0.36538461538461536,0.8269230769230769,0.21428571428571427,0.8571428571428571,0.0004
100,1.55269455909729,1.5331337451934814,0.36538461538461536,0.8269230769230769,0.21428571428571427,0.8571428571428571,0.0004
101,1.5483564734458923,1.5304412841796875,0.36538461538461536,0.8269230769230769,0.21428571428571427,0.8571428571428571,0.0004
102,1.5681597590446472,1.5289177894592285,0.36538461538461536,0.8269230769230769,0.21428571428571427,0.8571428571428571,0.0004
103,1.5543171167373657,1.5273593664169312,0.36538461538461536,0.8269230769230769,0.21428571428571427,0.8571428571428571,0.0004
104,1.578811764717102,1.5245652198791504,0.36538461538461536,0.8269230769230769,0.21428571428571427,0.8571428571428571,0.0004
105,1.5658756494522095,1.5237789154052734,0.36538461538461536,0.8269230769230769,0.21428571428571427,0.8571428571428571,0.0004
106,1.5197088718414307,1.5232248306274414,0.36538461538461536,0.8269230769230769,0.21428571428571427,0.8571428571428571,0.0004
107,1.5793543457984924,1.5241202116012573,0.36538461538461536,0.8269230769230769,0.21428571428571427,0.8571428571428571,0.0004
108,1.5219349265098572,1.5256948471069336,0.36538461538461536,0.8269230769230769,0.21428571428571427,0.8571428571428571,0.0004
109,1.5665794014930725,1.5281507968902588,0.36538461538461536,0.8269230769230769,0.21428571428571427,0.8571428571428571,0.0004
110,1.5238528847694397,1.5303771495819092,0.36538461538461536,0.8269230769230769,0.21428571428571427,0.8571428571428571,0.0004
111,1.5606390237808228,1.5320414304733276,0.36538461538461536,0.8269230769230769,0.21428571428571427,0.8571428571428571,0.0004
112,1.5555568933486938,1.5353407859802246,0.36538461538461536,0.8269230769230769,0.21428571428571427,0.8571428571428571,0.0004
113,1.5579957365989685,1.5375562906265259,0.36538461538461536,0.8269230769230769,0.21428571428571427,0.8571428571428571,0.0004
114,1.5545400381088257,1.5380535125732422,0.36538461538461536,0.8269230769230769,0.21428571428571427,0.8571428571428571,0.0004
115,1.5484503507614136,1.5372507572174072,0.36538461538461536,0.8269230769230769,0.21428571428571427,0.8571428571428571,0.0004
116,1.5522412657737732,1.5368561744689941,0.36538461538461536,0.8269230769230769,0.21428571428571427,0.8571428571428571,0.0004
117,1.5313478112220764,1.5355908870697021,0.36538461538461536,0.8269230769230769,0.21428571428571427,0.8571428571428571,0.0004
118,1.5959943532943726,1.5351204872131348,0.36538461538461536,0.8269230769230769,0.21428571428571427,0.8571428571428571,0.0004
119,1.5684320330619812,1.5353002548217773,0.36538461538461536,0.8269230769230769,0.21428571428571427,0.8571428571428571,0.0004
120,1.5502991676330566,1.5347316265106201,0.36538461538461536,0.8269230769230769,0.21428571428571427,0.8571428571428571,0.0004
121,1.5667933225631714,1.5342117547988892,0.36538461538461536,0.8269230769230769,0.21428571428571427,0.8571428571428571,0.0004
122,1.5655430555343628,1.533431053161621,0.36538461538461536,0.8269230769230769,0.21428571428571427,0.8571428571428571,0.0004
123,1.56696218252182,1.5327978134155273,0.36538461538461536,0.8269230769230769,0.21428571428571427,0.8571428571428571,0.0004
124,1.5833497643470764,1.5319682359695435,0.36538461538461536,0.8269230769230769,0.21428571428571427,0.8571428571428571,0.0004
125,1.5645174980163574,1.530618667602539,0.36538461538461536,0.8269230769230769,0.21428571428571427,0.8571428571428571,0.0004
126,1.5934950113296509,1.5296227931976318,0.36538461538461536,0.8269230769230769,0.21428571428571427,0.8571428571428571,0.0004
127,1.5833745002746582,1.529672622680664,0.36538461538461536,0.8269230769230769,0.21428571428571427,0.8571428571428571,0.0004
128,1.5938357710838318,1.528921127319336,0.36538461538461536,0.8269230769230769,0.21428571428571427,0.8571428571428571,0.0004
129,1.5520318746566772,1.5286346673965454,0.36538461538461536,0.8269230769230769,0.21428571428571427,0.8571428571428571,0.0004
130,1.5957578420639038,1.5285780429840088,0.36538461538461536,0.8269230769230769,0.21428571428571427,0.8571428571428571,0.0004
131,1.5649422407150269,1.527917742729187,0.36538461538461536,0.8269230769230769,0.21428571428571427,0.8571428571428571,0.0004
132,1.5932317972183228,1.5275020599365234,0.36538461538461536,0.8269230769230769,0.21428571428571427,0.8571428571428571,0.0004
133,1.5532190799713135,1.5275702476501465,0.36538461538461536,0.8269230769230769,0.21428571428571427,0.8571428571428571,0.0004
134,1.5413782000541687,1.5273551940917969,0.36538461538461536,0.8269230769230769,0.21428571428571427,0.8571428571428571,0.0004
135,1.540740191936493,1.5273842811584473,0.36538461538461536,0.8269230769230769,0.21428571428571427,0.8571428571428571,0.0004
136,1.5272485613822937,1.5271333456039429,0.36538461538461536,0.8269230769230769,0.21428571428571427,0.8571428571428571,0.0004
137,1.5532193183898926,1.5263290405273438,0.36538461538461536,0.8269230769230769,0.21428571428571427,0.8571428571428571,0.0004
138,1.536379098892212,1.5256885290145874,0.36538461538461536,0.8269230769230769,0.21428571428571427,0.8571428571428571,0.0004
139,1.567099153995514,1.5259106159210205,0.36538461538461536,0.8269230769230769,0.21428571428571427,0.8571428571428571,0.0004
140,1.5948138236999512,1.5260947942733765,0.36538461538461536,0.8269230769230769,0.21428571428571427,0.8571428571428571,0.0004
141,1.5676576495170593,1.5283846855163574,0.36538461538461536,0.8269230769230769,0.21428571428571427,0.8571428571428571,0.0004
142,1.5521675944328308,1.5303858518600464,0.36538461538461536,0.8269230769230769,0.21428571428571427,0.8571428571428571,0.0004
143,1.58218252658844,1.5319732427597046,0.36538461538461536,0.8269230769230769,0.21428571428571427,0.8571428571428571,0.0004
144,1.5664186477661133,1.533713698387146,0.36538461538461536,0.8269230769230769,0.21428571428571427,0.8571428571428571,0.0004
145,1.5201483964920044,1.535325288772583,0.36538461538461536,0.8269230769230769,0.21428571428571427,0.8571428571428571,0.0004
146,1.5967488884925842,1.536370038986206,0.36538461538461536,0.8269230769230769,0.21428571428571427,0.8571428571428571,0.0004
147,1.5527002215385437,1.537689208984375,0.36538461538461536,0.8269230769230769,0.21428571428571427,0.8571428571428571,0.0004
148,1.5785553455352783,1.5380034446716309,0.36538461538461536,0.8269230769230769,0.21428571428571427,0.8571428571428571,0.0004
149,1.5651444792747498,1.5387539863586426,0.36538461538461536,0.8269230769230769,0.21428571428571427,0.8571428571428571,0.0004
150,1.5352299809455872,1.539304494857788,0.36538461538461536,0.8269230769230769,0.21428571428571427,0.8571428571428571,0.0004
151,1.5362860560417175,1.5396044254302979,0.36538461538461536,0.8269230769230769,0.21428571428571427,0.8571428571428571,0.0004
152,1.5681445598602295,1.5396013259887695,0.36538461538461536,0.8269230769230769,0.21428571428571427,0.8571428571428571,0.0004
153,1.5500688552856445,1.5386507511138916,0.36538461538461536,0.8269230769230769,0.21428571428571427,0.8571428571428571,0.0004
154,1.578410565853119,1.537426233291626,0.36538461538461536,0.8269230769230769,0.21428571428571427,0.8571428571428571,0.0004
155,1.6066360473632812,1.5363218784332275,0.36538461538461536,0.8269230769230769,0.21428571428571427,0.8571428571428571,0.0004
156,1.5528324842453003,1.536189317703247,0.36538461538461536,0.8269230769230769,0.21428571428571427,0.8571428571428571,0.0004
157,1.583204746246338,1.5357924699783325,0.36538461538461536,0.8269230769230769,0.21428571428571427,0.8571428571428571,0.0004
158,1.5640830993652344,1.534268856048584,0.36538461538461536,0.8269230769230769,0.21428571428571427,0.8571428571428571,0.0004
159,1.5639684796333313,1.5334004163742065,0.36538461538461536,0.8269230769230769,0.21428571428571427,0.8571428571428571,0.0004
160,1.5777257680892944,1.5326157808303833,0.36538461538461536,0.8269230769230769,0.21428571428571427,0.8571428571428571,0.0004
161,1.5648049712181091,1.5324797630310059,0.36538461538461536,0.8269230769230769,0.21428571428571427,0.8571428571428571,0.0004
162,1.6099522113800049,1.5327314138412476,0.36538461538461536,0.8269230769230769,0.21428571428571427,0.8571428571428571,0.0004
163,1.5631664991378784,1.5325746536254883,0.36538461538461536,0.8269230769230769,0.21428571428571427,0.8571428571428571,0.0004
164,1.5815142393112183,1.5327072143554688,0.36538461538461536,0.8269230769230769,0.21428571428571427,0.8571428571428571,0.0004
165,1.5785121321678162,1.5327959060668945,0.36538461538461536,0.8269230769230769,0.21428571428571427,0.8571428571428571,0.0004
166,1.5679175853729248,1.5330883264541626,0.36538461538461536,0.8269230769230769,0.21428571428571427,0.8571428571428571,0.0004
167,1.5640933513641357,1.532834529876709,0.36538461538461536,0.8269230769230769,0.21428571428571427,0.8571428571428571,0.0004
168,1.5640841722488403,1.5324761867523193,0.36538461538461536,0.8269230769230769,0.21428571428571427,0.8571428571428571,0.0004
169,1.536742925643921,1.532529354095459,0.36538461538461536,0.8269230769230769,0.21428571428571427,0.8571428571428571,0.0004
170,1.551944375038147,1.532595157623291,0.36538461538461536,0.8269230769230769,0.21428571428571427,0.8571428571428571,0.0004
171,1.5522042512893677,1.5323140621185303,0.36538461538461536,0.8269230769230769,0.21428571428571427,0.8571428571428571,0.0004
172,1.5353636145591736,1.5317070484161377,0.36538461538461536,0.8269230769230769,0.21428571428571427,0.8571428571428571,0.0004
173,1.5466060042381287,1.5317769050598145,0.36538461538461536,0.8269230769230769,0.21428571428571427,0.8571428571428571,0.0004
174,1.5502639412879944,1.5333647727966309,0.36538461538461536,0.8269230769230769,0.21428571428571427,0.8571428571428571,0.0004
175,1.5571426153182983,1.5352648496627808,0.36538461538461536,0.8269230769230769,0.21428571428571427,0.8571428571428571,0.0004
176,1.5516263842582703,1.5356087684631348,0.36538461538461536,0.8269230769230769,0.21428571428571427,0.8571428571428571,0.0004
177,1.547273337841034,1.5354349613189697,0.36538461538461536,0.8269230769230769,0.21428571428571427,0.8571428571428571,0.0004
178,1.5637736916542053,1.5358266830444336,0.36538461538461536,0.8269230769230769,0.21428571428571427,0.8571428571428571,0.0004
179,1.5356601476669312,1.5367693901062012,0.36538461538461536,0.8269230769230769,0.21428571428571427,0.8571428571428571,0.0004
180,1.534039318561554,1.5371053218841553,0.36538461538461536,0.8269230769230769,0.21428571428571427,0.8571428571428571,0.0004
181,1.6014926433563232,1.5374609231948853,0.36538461538461536,0.8269230769230769,0.21428571428571427,0.8571428571428571,0.0004
182,1.5328611731529236,1.537320852279663,0.36538461538461536,0.8269230769230769,0.21428571428571427,0.8571428571428571,0.0004
183,1.566952884197235,1.5375539064407349,0.36538461538461536,0.8269230769230769,0.21428571428571427,0.8571428571428571,0.0004
184,1.5838074684143066,1.5376118421554565,0.36538461538461536,0.8269230769230769,0.21428571428571427,0.8571428571428571,0.0004
185,1.5549458861351013,1.537435531616211,0.36538461538461536,0.8269230769230769,0.21428571428571427,0.8571428571428571,0.0004
186,1.5335665345191956,1.536102056503296,0.36538461538461536,0.8269230769230769,0.21428571428571427,0.8571428571428571,0.0004
187,1.5440822839736938,1.5348223447799683,0.36538461538461536,0.8269230769230769,0.21428571428571427,0.8571428571428571,0.0004
188,1.5186939239501953,1.5352321863174438,0.36538461538461536,0.8269230769230769,0.21428571428571427,0.8571428571428571,0.0004
189,1.5497732758522034,1.5358613729476929,0.36538461538461536,0.8269230769230769,0.21428571428571427,0.8571428571428571,0.0004
190,1.5628417134284973,1.5361988544464111,0.36538461538461536,0.8269230769230769,0.21428571428571427,0.8571428571428571,0.0004
191,1.5815409421920776,1.5370607376098633,0.36538461538461536,0.8269230769230769,0.21428571428571427,0.8571428571428571,0.0004
192,1.5338581204414368,1.5374348163604736,0.36538461538461536,0.8269230769230769,0.21428571428571427,0.8571428571428571,0.0004
193,1.5519944429397583,1.537955641746521,0.36538461538461536,0.8269230769230769,0.21428571428571427,0.8571428571428571,0.0004
194,1.5657539367675781,1.5378749370574951,0.36538461538461536,0.8269230769230769,0.21428571428571427,0.8571428571428571,0.0004
195,1.5747321844100952,1.5379738807678223,0.36538461538461536,0.8269230769230769,0.21428571428571427,0.8571428571428571,0.0004
196,1.550059199333191,1.5359574556350708,0.36538461538461536,0.8269230769230769,0.21428571428571427,0.8571428571428571,0.0004
197,1.522765576839447,1.5342295169830322,0.36538461538461536,0.8269230769230769,0.21428571428571427,0.8571428571428571,0.0004
198,1.5665371417999268,1.532188892364502,0.36538461538461536,0.8269230769230769,0.21428571428571427,0.8571428571428571,0.0004
199,1.548691749572754,1.5299999713897705,0.36538461538461536,0.8269230769230769,0.21428571428571427,0.8571428571428571,0.0004
200,1.522118091583252,1.528754711151123,0.36538461538461536,0.8269230769230769,0.21428571428571427,0.8571428571428571,0.0004
201,1.562639057636261,1.5268408060073853,0.36538461538461536,0.8269230769230769,0.21428571428571427,0.8571428571428571,0.0004
202,1.562755286693573,1.5262362957000732,0.36538461538461536,0.8269230769230769,0.21428571428571427,0.8571428571428571,0.0004
203,1.565809726715088,1.527076005935669,0.36538461538461536,0.8269230769230769,0.21428571428571427,0.8571428571428571,0.0004
204,1.5647985339164734,1.5279624462127686,0.36538461538461536,0.8269230769230769,0.21428571428571427,0.8571428571428571,0.0004
205,1.5645018815994263,1.529433250427246,0.36538461538461536,0.8269230769230769,0.21428571428571427,0.8571428571428571,0.0004
206,1.532175064086914,1.5312201976776123,0.36538461538461536,0.8269230769230769,0.21428571428571427,0.8571428571428571,0.0004
207,1.5378318428993225,1.533730149269104,0.36538461538461536,0.8269230769230769,0.21428571428571427,0.8571428571428571,0.0004
208,1.563906490802765,1.5350680351257324,0.36538461538461536,0.8269230769230769,0.21428571428571427,0.8571428571428571,0.0004
209,1.569231629371643,1.5368025302886963,0.36538461538461536,0.8269230769230769,0.21428571428571427,0.8571428571428571,0.0004
210,1.565703809261322,1.5374228954315186,0.36538461538461536,0.8269230769230769,0.21428571428571427,0.8571428571428571,0.0004
211,1.5489838123321533,1.5376578569412231,0.36538461538461536,0.8269230769230769,0.21428571428571427,0.8571428571428571,0.0004
212,1.5834696292877197,1.5380451679229736,0.36538461538461536,0.8269230769230769,0.21428571428571427,0.8571428571428571,0.0004
213,1.6158127188682556,1.5378344058990479,0.36538461538461536,0.8269230769230769,0.21428571428571427,0.8571428571428571,0.0004
214,1.5501142740249634,1.5369069576263428,0.36538461538461536,0.8269230769230769,0.21428571428571427,0.8571428571428571,0.0004
215,1.549675703048706,1.535965085029602,0.36538461538461536,0.8269230769230769,0.21428571428571427,0.8571428571428571,0.0004
216,1.5248422622680664,1.535372018814087,0.36538461538461536,0.8269230769230769,0.21428571428571427,0.8571428571428571,0.0004
217,1.57759428024292,1.5338373184204102,0.36538461538461536,0.8269230769230769,0.21428571428571427,0.8571428571428571,0.0004
218,1.5372735261917114,1.5331156253814697,0.36538461538461536,0.8269230769230769,0.21428571428571427,0.8571428571428571,0.0004
219,1.5642019510269165,1.532114028930664,0.36538461538461536,0.8269230769230769,0.21428571428571427,0.8571428571428571,0.0004
220,1.5532777309417725,1.531947135925293,0.36538461538461536,0.8269230769230769,0.21428571428571427,0.8571428571428571,0.0004
221,1.5527201890945435,1.531388759613037,0.36538461538461536,0.8269230769230769,0.21428571428571427,0.8571428571428571,0.0004
222,1.5499542951583862,1.530178427696228,0.36538461538461536,0.8269230769230769,0.21428571428571427,0.8571428571428571,0.0004
223,1.5936357378959656,1.529192328453064,0.36538461538461536,0.8269230769230769,0.21428571428571427,0.8571428571428571,0.0004
224,1.5639702081680298,1.5291900634765625,0.36538461538461536,0.8269230769230769,0.21428571428571427,0.8571428571428571,0.0004
225,1.5673428773880005,1.5301090478897095,0.36538461538461536,0.8269230769230769,0.21428571428571427,0.8571428571428571,0.0004
226,1.5382360219955444,1.5306034088134766,0.36538461538461536,0.8269230769230769,0.21428571428571427,0.8571428571428571,0.0004
227,1.5362939238548279,1.5308175086975098,0.36538461538461536,0.8269230769230769,0.21428571428571427,0.8571428571428571,0.0004
228,1.5503624081611633,1.530755639076233,0.36538461538461536,0.8269230769230769,0.21428571428571427,0.8571428571428571,0.0004
229,1.5640153288841248,1.5306340456008911,0.36538461538461536,0.8269230769230769,0.21428571428571427,0.8571428571428571,0.0004
230,1.5492061972618103,1.5309386253356934,0.36538461538461536,0.8269230769230769,0.21428571428571427,0.8571428571428571,0.0004
231,1.5616008639335632,1.5313196182250977,0.36538461538461536,0.8269230769230769,0.21428571428571427,0.8571428571428571,0.0004
232,1.5523239970207214,1.533005952835083,0.36538461538461536,0.8269230769230769,0.21428571428571427,0.8571428571428571,0.0004
233,1.53299880027771,1.5338388681411743,0.36538461538461536,0.8269230769230769,0.21428571428571427,0.8571428571428571,0.0004
234,1.6015154123306274,1.535047173500061,0.36538461538461536,0.8269230769230769,0.21428571428571427,0.8571428571428571,0.0004
235,1.564435362815857,1.5352264642715454,0.36538461538461536,0.8269230769230769,0.21428571428571427,0.8571428571428571,0.0004
236,1.5331623554229736,1.5353524684906006,0.36538461538461536,0.8269230769230769,0.21428571428571427,0.8571428571428571,0.0004
237,1.5236862897872925,1.5359721183776855,0.36538461538461536,0.8269230769230769,0.21428571428571427,0.8571428571428571,0.0004
238,1.5657027959823608,1.5354382991790771,0.36538461538461536,0.8269230769230769,0.21428571428571427,0.8571428571428571,0.0004
239,1.5173028111457825,1.5346674919128418,0.36538461538461536,0.8269230769230769,0.21428571428571427,0.8571428571428571,0.0004
240,1.5673372745513916,1.5343937873840332,0.36538461538461536,0.8269230769230769,0.21428571428571427,0.8571428571428571,0.0004
241,1.5359410643577576,1.5339802503585815,0.36538461538461536,0.8269230769230769,0.21428571428571427,0.8571428571428571,0.0004
242,1.5344748497009277,1.533219814300537,0.36538461538461536,0.8269230769230769,0.21428571428571427,0.8571428571428571,0.0004
243,1.5476502180099487,1.5323542356491089,0.36538461538461536,0.8269230769230769,0.21428571428571427,0.8571428571428571,0.0004
244,1.5670572519302368,1.5322990417480469,0.36538461538461536,0.8269230769230769,0.21428571428571427,0.8571428571428571,0.0004
245,1.5492386221885681,1.5320029258728027,0.36538461538461536,0.8269230769230769,0.21428571428571427,0.8571428571428571,0.0004
246,1.567385196685791,1.5321054458618164,0.36538461538461536,0.8269230769230769,0.21428571428571427,0.8571428571428571,0.0004
247,1.5177526473999023,1.5318102836608887,0.36538461538461536,0.8269230769230769,0.21428571428571427,0.8571428571428571,0.0004
248,1.5332701802253723,1.5318973064422607,0.36538461538461536,0.8269230769230769,0.21428571428571427,0.8571428571428571,0.0004
249,1.568062961101532,1.532523512840271,0.36538461538461536,0.8269230769230769,0.21428571428571427,0.8571428571428571,0.0004
250,1.53421151638031,1.5326311588287354,0.36538461538461536,0.8269230769230769,0.21428571428571427,0.8571428571428571,0.0004
251,1.56886625289917,1.53297758102417,0.36538461538461536,0.8269230769230769,0.21428571428571427,0.8571428571428571,0.0004
252,1.5990799069404602,1.5327892303466797,0.36538461538461536,0.8269230769230769,0.21428571428571427,0.8571428571428571,0.0004
253,1.5778859853744507,1.5321296453475952,0.36538461538461536,0.8269230769230769,0.21428571428571427,0.8571428571428571,0.0004
254,1.5649893283843994,1.5325809717178345,0.36538461538461536,0.8269230769230769,0.21428571428571427,0.8571428571428571,0.0004
255,1.5652697682380676,1.5331891775131226,0.36538461538461536,0.8269230769230769,0.21428571428571427,0.8571428571428571,0.0004
256,1.5469242930412292,1.5335345268249512,0.36538461538461536,0.8269230769230769,0.21428571428571427,0.8571428571428571,0.0004
257,1.5476773381233215,1.5346482992172241,0.36538461538461536,0.8269230769230769,0.21428571428571427,0.8571428571428571,0.0004
258,1.5384999513626099,1.5363706350326538,0.36538461538461536,0.8269230769230769,0.21428571428571427,0.8571428571428571,0.0004
259,1.5610132813453674,1.5368374586105347,0.36538461538461536,0.8269230769230769,0.21428571428571427,0.8571428571428571,0.0004
260,1.5595375895500183,1.5377848148345947,0.36538461538461536,0.8269230769230769,0.21428571428571427,0.8571428571428571,0.0004
261,1.5242865085601807,1.5398712158203125,0.36538461538461536,0.8269230769230769,0.21428571428571427,0.8571428571428571,0.0004
262,1.5499268174171448,1.5407698154449463,0.36538461538461536,0.8269230769230769,0.21428571428571427,0.8571428571428571,0.0004
263,1.574135959148407,1.5416404008865356,0.36538461538461536,0.8269230769230769,0.21428571428571427,0.8571428571428571,0.0004
264,1.5869320631027222,1.5408076047897339,0.36538461538461536,0.8269230769230769,0.21428571428571427,0.8571428571428571,0.0004
265,1.5844871401786804,1.539093017578125,0.36538461538461536,0.8269230769230769,0.21428571428571427,0.8571428571428571,0.0004
266,1.5676028728485107,1.5368897914886475,0.36538461538461536,0.8269230769230769,0.21428571428571427,0.8571428571428571,0.0004
267,1.5656450986862183,1.5343363285064697,0.36538461538461536,0.8269230769230769,0.21428571428571427,0.8571428571428571,0.0004
268,1.5192297101020813,1.531954288482666,0.36538461538461536,0.8269230769230769,0.21428571428571427,0.8571428571428571,0.0004
269,1.5662660002708435,1.5300471782684326,0.36538461538461536,0.8269230769230769,0.21428571428571427,0.8571428571428571,0.0004
270,1.5796085000038147,1.5281388759613037,0.36538461538461536,0.8269230769230769,0.21428571428571427,0.8571428571428571,0.0004
271,1.5951340198516846,1.527132511138916,0.36538461538461536,0.8269230769230769,0.21428571428571427,0.8571428571428571,0.0004
272,1.5506394505500793,1.5270590782165527,0.36538461538461536,0.8269230769230769,0.21428571428571427,0.8571428571428571,0.0004
273,1.5221800208091736,1.5274609327316284,0.36538461538461536,0.8269230769230769,0.21428571428571427,0.8571428571428571,0.0004
274,1.5355207920074463,1.5277092456817627,0.36538461538461536,0.8269230769230769,0.21428571428571427,0.8571428571428571,0.0004
275,1.570941686630249,1.5286247730255127,0.36538461538461536,0.8269230769230769,0.21428571428571427,0.8571428571428571,0.0004
276,1.54900461435318,1.5283607244491577,0.36538461538461536,0.8269230769230769,0.21428571428571427,0.8571428571428571,0.0004
277,1.5235786437988281,1.528943419456482,0.36538461538461536,0.8269230769230769,0.21428571428571427,0.8571428571428571,0.0004
278,1.520552933216095,1.5291762351989746,0.36538461538461536,0.8269230769230769,0.21428571428571427,0.8571428571428571,0.0004
279,1.5378558039665222,1.5298548936843872,0.36538461538461536,0.8269230769230769,0.21428571428571427,0.8571428571428571,0.0004
280,1.5474636554718018,1.5296322107315063,0.36538461538461536,0.8269230769230769,0.21428571428571427,0.8571428571428571,0.0004
281,1.5809650421142578,1.5304722785949707,0.36538461538461536,0.8269230769230769,0.21428571428571427,0.8571428571428571,0.0004
282,1.5513506531715393,1.531695008277893,0.36538461538461536,0.8269230769230769,0.21428571428571427,0.8571428571428571,0.0004
283,1.5779919028282166,1.532318353652954,0.36538461538461536,0.8269230769230769,0.21428571428571427,0.8571428571428571,0.0004
284,1.5818316340446472,1.533936619758606,0.36538461538461536,0.8269230769230769,0.21428571428571427,0.8571428571428571,0.0004
285,1.5368027091026306,1.5355255603790283,0.36538461538461536,0.8269230769230769,0.21428571428571427,0.8571428571428571,0.0004
286,1.565305233001709,1.5363649129867554,0.36538461538461536,0.8269230769230769,0.21428571428571427,0.8571428571428571,0.0004
287,1.5834083557128906,1.5371793508529663,0.36538461538461536,0.8269230769230769,0.21428571428571427,0.8571428571428571,0.0004
288,1.545125663280487,1.537060260772705,0.36538461538461536,0.8269230769230769,0.21428571428571427,0.8571428571428571,0.0004
289,1.5766572952270508,1.5377259254455566,0.36538461538461536,0.8269230769230769,0.21428571428571427,0.8571428571428571,0.0004
290,1.5668176412582397,1.5391285419464111,0.36538461538461536,0.8269230769230769,0.21428571428571427,0.8571428571428571,0.0004
291,1.5628911256790161,1.539738416671753,0.36538461538461536,0.8269230769230769,0.21428571428571427,0.8571428571428571,0.0004
292,1.540173053741455,1.5407743453979492,0.36538461538461536,0.8269230769230769,0.21428571428571427,0.8571428571428571,0.0004
293,1.5647419095039368,1.5407309532165527,0.36538461538461536,0.8269230769230769,0.21428571428571427,0.8571428571428571,0.0004
294,1.5491095781326294,1.5403058528900146,0.36538461538461536,0.8269230769230769,0.21428571428571427,0.8571428571428571,0.0004
295,1.5334994792938232,1.5398448705673218,0.36538461538461536,0.8269230769230769,0.21428571428571427,0.8571428571428571,0.0004
296,1.5387628674507141,1.5397875308990479,0.36538461538461536,0.8269230769230769,0.21428571428571427,0.8571428571428571,0.0004
297,1.5650790333747864,1.5389180183410645,0.36538461538461536,0.8269230769230769,0.21428571428571427,0.8571428571428571,0.0004
298,1.552937388420105,1.5380913019180298,0.36538461538461536,0.8269230769230769,0.21428571428571427,0.8571428571428571,0.0004
299,1.5403138995170593,1.5369869470596313,0.36538461538461536,0.8269230769230769,0.21428571428571427,0.8571428571428571,0.0004
300,1.5756703615188599,1.5344760417938232,0.36538461538461536,0.8269230769230769,0.21428571428571427,0.8571428571428571,0.0004
301,1.5661227107048035,1.5335993766784668,0.36538461538461536,0.8269230769230769,0.21428571428571427,0.8571428571428571,0.0004
302,1.5370152592658997,1.5327978134155273,0.36538461538461536,0.8269230769230769,0.21428571428571427,0.8571428571428571,0.0004
303,1.5655275583267212,1.5314457416534424,0.36538461538461536,0.8269230769230769,0.21428571428571427,0.8571428571428571,0.0004
304,1.537031650543213,1.5306057929992676,0.36538461538461536,0.8269230769230769,0.21428571428571427,0.8571428571428571,0.0004
305,1.5368537902832031,1.52940034866333,0.36538461538461536,0.8269230769230769,0.21428571428571427,0.8571428571428571,0.0004
306,1.5353716015815735,1.5278326272964478,0.36538461538461536,0.8269230769230769,0.21428571428571427,0.8571428571428571,0.0004
307,1.5517975091934204,1.5264354944229126,0.36538461538461536,0.8269230769230769,0.21428571428571427,0.8571428571428571,0.0004
308,1.5497801303863525,1.5249667167663574,0.36538461538461536,0.8269230769230769,0.21428571428571427,0.8571428571428571,0.0004
309,1.5963618159294128,1.5238734483718872,0.36538461538461536,0.8269230769230769,0.21428571428571427,0.8571428571428571,0.0004
310,1.5491238236427307,1.524251103401184,0.36538461538461536,0.8269230769230769,0.21428571428571427,0.8571428571428571,0.0004
311,1.5660955905914307,1.5254414081573486,0.36538461538461536,0.8269230769230769,0.21428571428571427,0.8571428571428571,0.0004
312,1.5476974248886108,1.5267267227172852,0.36538461538461536,0.8269230769230769,0.21428571428571427,0.8571428571428571,0.0004
313,1.5495055317878723,1.5289584398269653,0.36538461538461536,0.8269230769230769,0.21428571428571427,0.8571428571428571,0.0004
314,1.5493628978729248,1.5312989950180054,0.36538461538461536,0.8269230769230769,0.21428571428571427,0.8571428571428571,0.0004
315,1.595819115638733,1.5335967540740967,0.36538461538461536,0.8269230769230769,0.21428571428571427,0.8571428571428571,0.0004
316,1.5497910380363464,1.5358635187149048,0.36538461538461536,0.8269230769230769,0.21428571428571427,0.8571428571428571,0.0004
317,1.5840833187103271,1.5380102396011353,0.36538461538461536,0.8269230769230769,0.21428571428571427,0.8571428571428571,0.0004
318,1.5804266333580017,1.5390841960906982,0.36538461538461536,0.8269230769230769,0.21428571428571427,0.8571428571428571,0.0004
319,1.5783205032348633,1.5397062301635742,0.36538461538461536,0.8269230769230769,0.21428571428571427,0.8571428571428571,0.0004
320,1.5631040930747986,1.5402710437774658,0.36538461538461536,0.8269230769230769,0.21428571428571427,0.8571428571428571,0.0004
321,1.5779091119766235,1.5407633781433105,0.36538461538461536,0.8269230769230769,0.21428571428571427,0.8571428571428571,0.0004
322,1.5347105860710144,1.5411629676818848,0.36538461538461536,0.8269230769230769,0.21428571428571427,0.8571428571428571,0.0004
323,1.561475932598114,1.5415027141571045,0.36538461538461536,0.8269230769230769,0.21428571428571427,0.8571428571428571,0.0004
324,1.5458545684814453,1.5420238971710205,0.36538461538461536,0.8269230769230769,0.21428571428571427,0.8571428571428571,0.0004
325,1.5379399061203003,1.5431525707244873,0.36538461538461536,0.8269230769230769,0.21428571428571427,0.8571428571428571,0.0004
326,1.5508567094802856,1.543541431427002,0.36538461538461536,0.8269230769230769,0.21428571428571427,0.8571428571428571,0.0004
327,1.5547962188720703,1.543818712234497,0.36538461538461536,0.8269230769230769,0.21428571428571427,0.8571428571428571,0.0004
328,1.5650721192359924,1.5433365106582642,0.36538461538461536,0.8269230769230769,0.21428571428571427,0.8571428571428571,0.0004
329,1.5344228744506836,1.5427730083465576,0.36538461538461536,0.8269230769230769,0.21428571428571427,0.8571428571428571,0.0004
330,1.5463549494743347,1.5423640012741089,0.36538461538461536,0.8269230769230769,0.21428571428571427,0.8571428571428571,0.0004
331,1.5634515285491943,1.5424127578735352,0.36538461538461536,0.8269230769230769,0.21428571428571427,0.8571428571428571,0.0004
332,1.5936928987503052,1.542365312576294,0.36538461538461536,0.8269230769230769,0.21428571428571427,0.8571428571428571,0.0004
333,1.530341386795044,1.5423823595046997,0.36538461538461536,0.8269230769230769,0.21428571428571427,0.8571428571428571,0.0004
334,1.5233380198478699,1.54322350025177,0.36538461538461536,0.8269230769230769,0.21428571428571427,0.8571428571428571,0.0004
335,1.598743975162506,1.543230414390564,0.36538461538461536,0.8269230769230769,0.21428571428571427,0.8571428571428571,0.0004
336,1.5823297500610352,1.5427894592285156,0.36538461538461536,0.8269230769230769,0.21428571428571427,0.8571428571428571,0.0004
337,1.5523959398269653,1.5420650243759155,0.36538461538461536,0.8269230769230769,0.21428571428571427,0.8571428571428571,0.0004
338,1.5667688250541687,1.540846586227417,0.36538461538461536,0.8269230769230769,0.21428571428571427,0.8571428571428571,0.0004
339,1.5941781997680664,1.5392464399337769,0.36538461538461536,0.8269230769230769,0.21428571428571427,0.8571428571428571,0.0004
340,1.5677246451377869,1.5383787155151367,0.36538461538461536,0.8269230769230769,0.21428571428571427,0.8571428571428571,0.0004
341,1.537153959274292,1.537188172340393,0.36538461538461536,0.8269230769230769,0.21428571428571427,0.8571428571428571,0.0004
342,1.5258466005325317,1.535892367362976,0.36538461538461536,0.8269230769230769,0.21428571428571427,0.8571428571428571,0.0004
343,1.548486590385437,1.5335203409194946,0.36538461538461536,0.8269230769230769,0.21428571428571427,0.8571428571428571,0.0004
344,1.577865719795227,1.5316762924194336,0.36538461538461536,0.8269230769230769,0.21428571428571427,0.8571428571428571,0.0004
345,1.5656142234802246,1.530660629272461,0.36538461538461536,0.8269230769230769,0.21428571428571427,0.8571428571428571,0.0004
346,1.5513279438018799,1.5297011137008667,0.36538461538461536,0.8269230769230769,0.21428571428571427,0.8571428571428571,0.0004
347,1.5787346363067627,1.5284966230392456,0.36538461538461536,0.8269230769230769,0.21428571428571427,0.8571428571428571,0.0004
348,1.5505809783935547,1.5279409885406494,0.36538461538461536,0.8269230769230769,0.21428571428571427,0.8571428571428571,0.0004
349,1.5491238236427307,1.5273969173431396,0.36538461538461536,0.8269230769230769,0.21428571428571427,0.8571428571428571,0.0004
350,1.5521542429924011,1.5275838375091553,0.36538461538461536,0.8269230769230769,0.21428571428571427,0.8571428571428571,0.0004
351,1.5501200556755066,1.527853012084961,0.36538461538461536,0.8269230769230769,0.21428571428571427,0.8571428571428571,0.0004
352,1.552207887172699,1.5285167694091797,0.36538461538461536,0.8269230769230769,0.21428571428571427,0.8571428571428571,0.0004
353,1.5045690536499023,1.5289454460144043,0.36538461538461536,0.8269230769230769,0.21428571428571427,0.8571428571428571,0.0004
354,1.5649610757827759,1.5298213958740234,0.36538461538461536,0.8269230769230769,0.21428571428571427,0.8571428571428571,0.0004
355,1.5808501839637756,1.5308704376220703,0.36538461538461536,0.8269230769230769,0.21428571428571427,0.8571428571428571,0.0004
356,1.5320115089416504,1.5318922996520996,0.36538461538461536,0.8269230769230769,0.21428571428571427,0.8571428571428571,0.0004
357,1.5818971395492554,1.5334832668304443,0.36538461538461536,0.8269230769230769,0.21428571428571427,0.8571428571428571,0.0004
358,1.580119013786316,1.5347859859466553,0.36538461538461536,0.8269230769230769,0.21428571428571427,0.8571428571428571,0.0004
359,1.599353849887848,1.5362906455993652,0.36538461538461536,0.8269230769230769,0.21428571428571427,0.8571428571428571,0.0004
360,1.5172441005706787,1.5370302200317383,0.36538461538461536,0.8269230769230769,0.21428571428571427,0.8571428571428571,0.0004
361,1.533650279045105,1.5381109714508057,0.36538461538461536,0.8269230769230769,0.21428571428571427,0.8571428571428571,0.0004
362,1.5672126412391663,1.5392969846725464,0.36538461538461536,0.8269230769230769,0.21428571428571427,0.8571428571428571,0.0004
363,1.548449695110321,1.539738655090332,0.36538461538461536,0.8269230769230769,0.21428571428571427,0.8571428571428571,0.0004
364,1.5526118278503418,1.5402936935424805,0.36538461538461536,0.8269230769230769,0.21428571428571427,0.8571428571428571,0.0004
365,1.5236554741859436,1.5401872396469116,0.36538461538461536,0.8269230769230769,0.21428571428571427,0.8571428571428571,0.0004
366,1.5824425220489502,1.539289116859436,0.36538461538461536,0.8269230769230769,0.21428571428571427,0.8571428571428571,0.0004
367,1.5026441812515259,1.537776231765747,0.36538461538461536,0.8269230769230769,0.21428571428571427,0.8571428571428571,0.0004
368,1.5503042340278625,1.5368717908859253,0.36538461538461536,0.8269230769230769,0.21428571428571427,0.8571428571428571,0.0004
369,1.5491163730621338,1.5357974767684937,0.36538461538461536,0.8269230769230769,0.21428571428571427,0.8571428571428571,0.0004
370,1.5519826412200928,1.5350195169448853,0.36538461538461536,0.8269230769230769,0.21428571428571427,0.8571428571428571,0.0004
371,1.5490851998329163,1.5337618589401245,0.36538461538461536,0.8269230769230769,0.21428571428571427,0.8571428571428571,0.0004
372,1.5787363648414612,1.5326662063598633,0.36538461538461536,0.8269230769230769,0.21428571428571427,0.8571428571428571,0.0004
373,1.5177314281463623,1.5322970151901245,0.36538461538461536,0.8269230769230769,0.21428571428571427,0.8571428571428571,0.0004
374,1.5356589555740356,1.5323922634124756,0.36538461538461536,0.8269230769230769,0.21428571428571427,0.8571428571428571,0.0004
375,1.5491535663604736,1.5321645736694336,0.36538461538461536,0.8269230769230769,0.21428571428571427,0.8571428571428571,0.0004
376,1.519461750984192,1.532239556312561,0.36538461538461536,0.8269230769230769,0.21428571428571427,0.8571428571428571,0.0004
377,1.5466418862342834,1.5320202112197876,0.36538461538461536,0.8269230769230769,0.21428571428571427,0.8571428571428571,0.0004
378,1.5796527862548828,1.5326217412948608,0.36538461538461536,0.8269230769230769,0.21428571428571427,0.8571428571428571,0.0004
379,1.5362984538078308,1.5339345932006836,0.36538461538461536,0.8269230769230769,0.21428571428571427,0.8571428571428571,0.0004
380,1.567384421825409,1.534751534461975,0.36538461538461536,0.8269230769230769,0.21428571428571427,0.8571428571428571,0.0004
381,1.5641254782676697,1.5350635051727295,0.36538461538461536,0.8269230769230769,0.21428571428571427,0.8571428571428571,0.0004
382,1.5810096263885498,1.5356680154800415,0.36538461538461536,0.8269230769230769,0.21428571428571427,0.8571428571428571,0.0004
383,1.568808913230896,1.536440372467041,0.36538461538461536,0.8269230769230769,0.21428571428571427,0.8571428571428571,0.0004
384,1.5471231937408447,1.5362799167633057,0.36538461538461536,0.8269230769230769,0.21428571428571427,0.8571428571428571,0.0004
385,1.5492388606071472,1.5366830825805664,0.36538461538461536,0.8269230769230769,0.21428571428571427,0.8571428571428571,0.0004
386,1.5755491256713867,1.5368643999099731,0.36538461538461536,0.8269230769230769,0.21428571428571427,0.8571428571428571,0.0004
387,1.5259920954704285,1.5381609201431274,0.36538461538461536,0.8269230769230769,0.21428571428571427,0.8571428571428571,0.0004
388,1.5319330096244812,1.5379512310028076,0.36538461538461536,0.8269230769230769,0.21428571428571427,0.8571428571428571,0.0004
389,1.552253007888794,1.5384535789489746,0.36538461538461536,0.8269230769230769,0.21428571428571427,0.8571428571428571,0.0004
390,1.5502818822860718,1.5383661985397339,0.36538461538461536,0.8269230769230769,0.21428571428571427,0.8571428571428571,0.0004
391,1.5323570370674133,1.5379893779754639,0.36538461538461536,0.8269230769230769,0.21428571428571427,0.8571428571428571,0.0004
392,1.538709044456482,1.5382295846939087,0.36538461538461536,0.8269230769230769,0.21428571428571427,0.8571428571428571,0.0004
393,1.5322319865226746,1.5374423265457153,0.36538461538461536,0.8269230769230769,0.21428571428571427,0.8571428571428571,0.0004
394,1.577257752418518,1.5370020866394043,0.36538461538461536,0.8269230769230769,0.21428571428571427,0.8571428571428571,0.0004
395,1.5806846618652344,1.5373090505599976,0.36538461538461536,0.8269230769230769,0.21428571428571427,0.8571428571428571,0.0004
396,1.5675599575042725,1.537675142288208,0.36538461538461536,0.8269230769230769,0.21428571428571427,0.8571428571428571,0.0004
397,1.5638575553894043,1.5373706817626953,0.36538461538461536,0.8269230769230769,0.21428571428571427,0.8571428571428571,0.0004
398,1.5504181385040283,1.5373282432556152,0.36538461538461536,0.8269230769230769,0.21428571428571427,0.8571428571428571,0.0004
399,1.5312040448188782,1.5369453430175781,0.36538461538461536,0.8269230769230769,0.21428571428571427,0.8571428571428571,0.0004
400,1.550552248954773,1.5371814966201782,0.36538461538461536,0.8269230769230769,0.21428571428571427,0.8571428571428571,0.0004
401,1.5528801083564758,1.5372560024261475,0.36538461538461536,0.8269230769230769,0.21428571428571427,0.8571428571428571,0.0004
402,1.5371935367584229,1.5366929769515991,0.36538461538461536,0.8269230769230769,0.21428571428571427,0.8571428571428571,0.0004
403,1.5953660011291504,1.5354228019714355,0.36538461538461536,0.8269230769230769,0.21428571428571427,0.8571428571428571,0.0004
404,1.5772411823272705,1.5344722270965576,0.36538461538461536,0.8269230769230769,0.21428571428571427,0.8571428571428571,0.0004
405,1.5497007369995117,1.5344948768615723,0.36538461538461536,0.8269230769230769,0.21428571428571427,0.8571428571428571,0.0004
406,1.5672574043273926,1.5346511602401733,0.36538461538461536,0.8269230769230769,0.21428571428571427,0.8571428571428571,0.0004
407,1.5500315427780151,1.5343455076217651,0.36538461538461536,0.8269230769230769,0.21428571428571427,0.8571428571428571,0.0004
408,1.551590085029602,1.5341005325317383,0.36538461538461536,0.8269230769230769,0.21428571428571427,0.8571428571428571,0.0004
409,1.5367252826690674,1.5335519313812256,0.36538461538461536,0.8269230769230769,0.21428571428571427,0.8571428571428571,0.0004
410,1.5686443448066711,1.5328178405761719,0.36538461538461536,0.8269230769230769,0.21428571428571427,0.8571428571428571,0.0004
411,1.5199226140975952,1.5313345193862915,0.36538461538461536,0.8269230769230769,0.21428571428571427,0.8571428571428571,0.0004
412,1.5478289723396301,1.5303740501403809,0.36538461538461536,0.8269230769230769,0.21428571428571427,0.8571428571428571,0.0004
413,1.5776951313018799,1.530014157295227,0.36538461538461536,0.8269230769230769,0.21428571428571427,0.8571428571428571,0.0004
414,1.5670557618141174,1.5306522846221924,0.36538461538461536,0.8269230769230769,0.21428571428571427,0.8571428571428571,0.0004
415,1.5784047842025757,1.5308146476745605,0.36538461538461536,0.8269230769230769,0.21428571428571427,0.8571428571428571,0.0004
416,1.550854504108429,1.53165864944458,0.36538461538461536,0.8269230769230769,0.21428571428571427,0.8571428571428571,0.0004
417,1.5518485307693481,1.5323759317398071,0.36538461538461536,0.8269230769230769,0.21428571428571427,0.8571428571428571,0.0004
418,1.5665051341056824,1.5326604843139648,0.36538461538461536,0.8269230769230769,0.21428571428571427,0.8571428571428571,0.0004
419,1.5357966423034668,1.5326857566833496,0.36538461538461536,0.8269230769230769,0.21428571428571427,0.8571428571428571,0.0004
420,1.5552582144737244,1.5327229499816895,0.36538461538461536,0.8269230769230769,0.21428571428571427,0.8571428571428571,0.0004
421,1.5187399983406067,1.5315269231796265,0.36538461538461536,0.8269230769230769,0.21428571428571427,0.8571428571428571,0.0004
422,1.5660141706466675,1.5309123992919922,0.36538461538461536,0.8269230769230769,0.21428571428571427,0.8571428571428571,0.0004
423,1.5640124678611755,1.5301826000213623,0.36538461538461536,0.8269230769230769,0.21428571428571427,0.8571428571428571,0.0004
424,1.518983781337738,1.5299652814865112,0.36538461538461536,0.8269230769230769,0.21428571428571427,0.8571428571428571,0.0004
425,1.53427392244339,1.5300172567367554,0.36538461538461536,0.8269230769230769,0.21428571428571427,0.8571428571428571,0.0004
426,1.5963149666786194,1.5303703546524048,0.36538461538461536,0.8269230769230769,0.21428571428571427,0.8571428571428571,0.0004
427,1.5525781512260437,1.5312106609344482,0.36538461538461536,0.8269230769230769,0.21428571428571427,0.8571428571428571,0.0004
428,1.5351738333702087,1.5315479040145874,0.36538461538461536,0.8269230769230769,0.21428571428571427,0.8571428571428571,0.0004
429,1.566129744052887,1.5317399501800537,0.36538461538461536,0.8269230769230769,0.21428571428571427,0.8571428571428571,0.0004
430,1.5376325845718384,1.5320773124694824,0.36538461538461536,0.8269230769230769,0.21428571428571427,0.8571428571428571,0.0004
431,1.550861120223999,1.5317920446395874,0.36538461538461536,0.8269230769230769,0.21428571428571427,0.8571428571428571,0.0004
432,1.5711175203323364,1.5316855907440186,0.36538461538461536,0.8269230769230769,0.21428571428571427,0.8571428571428571,0.0004
433,1.5513337850570679,1.5305719375610352,0.36538461538461536,0.8269230769230769,0.21428571428571427,0.8571428571428571,0.0004
434,1.5676507949829102,1.5295580625534058,0.36538461538461536,0.8269230769230769,0.21428571428571427,0.8571428571428571,0.0004
435,1.5335404872894287,1.52815842628479,0.36538461538461536,0.8269230769230769,0.21428571428571427,0.8571428571428571,0.0004
436,1.5828324556350708,1.5276970863342285,0.36538461538461536,0.8269230769230769,0.21428571428571427,0.8571428571428571,0.0004
437,1.5801095366477966,1.5268906354904175,0.36538461538461536,0.8269230769230769,0.21428571428571427,0.8571428571428571,0.0004
438,1.5364248156547546,1.5268126726150513,0.36538461538461536,0.8269230769230769,0.21428571428571427,0.8571428571428571,0.0004
439,1.565494179725647,1.5264606475830078,0.36538461538461536,0.8269230769230769,0.21428571428571427,0.8571428571428571,0.0004
440,1.5512484312057495,1.5269250869750977,0.36538461538461536,0.8269230769230769,0.21428571428571427,0.8571428571428571,0.0004
441,1.552370011806488,1.5275704860687256,0.36538461538461536,0.8269230769230769,0.21428571428571427,0.8571428571428571,0.0004
442,1.565264880657196,1.5276997089385986,0.36538461538461536,0.8269230769230769,0.21428571428571427,0.8571428571428571,0.0004
443,1.523023545742035,1.528159737586975,0.36538461538461536,0.8269230769230769,0.21428571428571427,0.8571428571428571,0.0004
444,1.5654211640357971,1.5280683040618896,0.36538461538461536,0.8269230769230769,0.21428571428571427,0.8571428571428571,0.0004
445,1.550018310546875,1.5281226634979248,0.36538461538461536,0.8269230769230769,0.21428571428571427,0.8571428571428571,0.0004
446,1.5651149153709412,1.528381109237671,0.36538461538461536,0.8269230769230769,0.21428571428571427,0.8571428571428571,0.0004
447,1.5507442355155945,1.528896689414978,0.36538461538461536,0.8269230769230769,0.21428571428571427,0.8571428571428571,0.0004
448,1.550303876399994,1.5293513536453247,0.36538461538461536,0.8269230769230769,0.21428571428571427,0.8571428571428571,0.0004
449,1.5633662343025208,1.529685616493225,0.36538461538461536,0.8269230769230769,0.21428571428571427,0.8571428571428571,0.0004
450,1.5611284971237183,1.5304639339447021,0.36538461538461536,0.8269230769230769,0.21428571428571427,0.8571428571428571,0.0004
451,1.5466817617416382,1.5322349071502686,0.36538461538461536,0.8269230769230769,0.21428571428571427,0.8571428571428571,0.0004
452,1.5502554178237915,1.5347317457199097,0.36538461538461536,0.8269230769230769,0.21428571428571427,0.8571428571428571,0.0004
453,1.5955688953399658,1.536800742149353,0.36538461538461536,0.8269230769230769,0.21428571428571427,0.8571428571428571,0.0004
454,1.5659785270690918,1.5388972759246826,0.36538461538461536,0.8269230769230769,0.21428571428571427,0.8571428571428571,0.0004
455,1.5800302624702454,1.5404880046844482,0.36538461538461536,0.8269230769230769,0.21428571428571427,0.8571428571428571,0.0004
456,1.5505868792533875,1.541860818862915,0.36538461538461536,0.8269230769230769,0.21428571428571427,0.8571428571428571,0.0004
457,1.535588264465332,1.5427360534667969,0.36538461538461536,0.8269230769230769,0.21428571428571427,0.8571428571428571,0.0004
458,1.5867473483085632,1.5432389974594116,0.36538461538461536,0.8269230769230769,0.21428571428571427,0.8571428571428571,0.0004
459,1.5955897569656372,1.5424292087554932,0.36538461538461536,0.8269230769230769,0.21428571428571427,0.8571428571428571,0.0004
460,1.5772323608398438,1.5412483215332031,0.36538461538461536,0.8269230769230769,0.21428571428571427,0.8571428571428571,0.0004
461,1.5538155436515808,1.540551781654358,0.36538461538461536,0.8269230769230769,0.21428571428571427,0.8571428571428571,0.0004
462,1.5932435989379883,1.538930892944336,0.36538461538461536,0.8269230769230769,0.21428571428571427,0.8571428571428571,0.0004
463,1.536543846130371,1.537699818611145,0.36538461538461536,0.8269230769230769,0.21428571428571427,0.8571428571428571,0.0004
464,1.5539327263832092,1.5366706848144531,0.36538461538461536,0.8269230769230769,0.21428571428571427,0.8571428571428571,0.0004
465,1.577349841594696,1.535090684890747,0.36538461538461536,0.8269230769230769,0.21428571428571427,0.8571428571428571,0.0004
466,1.536251962184906,1.5343587398529053,0.36538461538461536,0.8269230769230769,0.21428571428571427,0.8571428571428571,0.0004
467,1.5551725625991821,1.5337512493133545,0.36538461538461536,0.8269230769230769,0.21428571428571427,0.8571428571428571,0.0004
468,1.5661718845367432,1.5325229167938232,0.36538461538461536,0.8269230769230769,0.21428571428571427,0.8571428571428571,0.0004
469,1.5650814771652222,1.531385898590088,0.36538461538461536,0.8269230769230769,0.21428571428571427,0.8571428571428571,0.0004
470,1.5543612241744995,1.530674695968628,0.36538461538461536,0.8269230769230769,0.21428571428571427,0.8571428571428571,0.0004
471,1.5476273894309998,1.5291086435317993,0.36538461538461536,0.8269230769230769,0.21428571428571427,0.8571428571428571,0.0004
472,1.5357550382614136,1.5286765098571777,0.36538461538461536,0.8269230769230769,0.21428571428571427,0.8571428571428571,0.0004
473,1.5328940749168396,1.5282437801361084,0.36538461538461536,0.8269230769230769,0.21428571428571427,0.8571428571428571,0.0004
474,1.550558090209961,1.528738260269165,0.36538461538461536,0.8269230769230769,0.21428571428571427,0.8571428571428571,0.0004
475,1.551918625831604,1.5293939113616943,0.36538461538461536,0.8269230769230769,0.21428571428571427,0.8571428571428571,0.0004
476,1.5873178839683533,1.5299104452133179,0.36538461538461536,0.8269230769230769,0.21428571428571427,0.8571428571428571,0.0004
477,1.5661429166793823,1.5294740200042725,0.36538461538461536,0.8269230769230769,0.21428571428571427,0.8571428571428571,0.0004
478,1.58456552028656,1.5294432640075684,0.36538461538461536,0.8269230769230769,0.21428571428571427,0.8571428571428571,0.0004
479,1.5843340754508972,1.52907395362854,0.36538461538461536,0.8269230769230769,0.21428571428571427,0.8571428571428571,0.0004
480,1.564876914024353,1.5283966064453125,0.36538461538461536,0.8269230769230769,0.21428571428571427,0.8571428571428571,0.0004
481,1.5231038928031921,1.5287706851959229,0.36538461538461536,0.8269230769230769,0.21428571428571427,0.8571428571428571,0.0004
482,1.565917432308197,1.5284442901611328,0.36538461538461536,0.8269230769230769,0.21428571428571427,0.8571428571428571,0.0004
483,1.568341076374054,1.5284113883972168,0.36538461538461536,0.8269230769230769,0.21428571428571427,0.8571428571428571,0.0004
484,1.5352007746696472,1.527876615524292,0.36538461538461536,0.8269230769230769,0.21428571428571427,0.8571428571428571,0.0004
485,1.548112392425537,1.527409553527832,0.36538461538461536,0.8269230769230769,0.21428571428571427,0.8571428571428571,0.0004
486,1.5523782968521118,1.5279808044433594,0.36538461538461536,0.8269230769230769,0.21428571428571427,0.8571428571428571,0.0004
487,1.5644458532333374,1.5282723903656006,0.36538461538461536,0.8269230769230769,0.21428571428571427,0.8571428571428571,0.0004
488,1.5636709928512573,1.5287480354309082,0.36538461538461536,0.8269230769230769,0.21428571428571427,0.8571428571428571,0.0004
489,1.5375269651412964,1.5298138856887817,0.36538461538461536,0.8269230769230769,0.21428571428571427,0.8571428571428571,0.0004
490,1.5775855779647827,1.5302801132202148,0.36538461538461536,0.8269230769230769,0.21428571428571427,0.8571428571428571,0.0004
491,1.5934652090072632,1.5313031673431396,0.36538461538461536,0.8269230769230769,0.21428571428571427,0.8571428571428571,0.0004
492,1.5362656116485596,1.5329235792160034,0.36538461538461536,0.8269230769230769,0.21428571428571427,0.8571428571428571,0.0004
493,1.5597742795944214,1.5341624021530151,0.36538461538461536,0.8269230769230769,0.21428571428571427,0.8571428571428571,0.0004
494,1.5673896670341492,1.5364723205566406,0.36538461538461536,0.8269230769230769,0.21428571428571427,0.8571428571428571,0.0004
495,1.5630459189414978,1.5379819869995117,0.36538461538461536,0.8269230769230769,0.21428571428571427,0.8571428571428571,0.0004
496,1.562492847442627,1.5394272804260254,0.36538461538461536,0.8269230769230769,0.21428571428571427,0.8571428571428571,0.0004
497,1.5656853318214417,1.5410609245300293,0.36538461538461536,0.8269230769230769,0.21428571428571427,0.8571428571428571,0.0004
498,1.5346880555152893,1.5421631336212158,0.36538461538461536,0.8269230769230769,0.21428571428571427,0.8571428571428571,0.0004
499,1.5713908076286316,1.543182611465454,0.36538461538461536,0.8269230769230769,0.21428571428571427,0.8571428571428571,0.0004
500,1.5203074216842651,1.542790412902832,0.36538461538461536,0.8269230769230769,0.21428571428571427,0.8571428571428571,0.0004
501,1.5493377447128296,1.5420664548873901,0.36538461538461536,0.8269230769230769,0.21428571428571427,0.8571428571428571,0.0004
502,1.5347124338150024,1.5412309169769287,0.36538461538461536,0.8269230769230769,0.21428571428571427,0.8571428571428571,0.0004
503,1.5380542278289795,1.5403435230255127,0.36538461538461536,0.8269230769230769,0.21428571428571427,0.8571428571428571,0.0004
504,1.582370102405548,1.5387135744094849,0.36538461538461536,0.8269230769230769,0.21428571428571427,0.8571428571428571,0.0004
505,1.5657879114151,1.5369904041290283,0.36538461538461536,0.8269230769230769,0.21428571428571427,0.8571428571428571,0.0004
506,1.5538001656532288,1.535485863685608,0.36538461538461536,0.8269230769230769,0.21428571428571427,0.8571428571428571,0.0004
507,1.6017513871192932,1.5334872007369995,0.36538461538461536,0.8269230769230769,0.21428571428571427,0.8571428571428571,0.0004
508,1.5203450918197632,1.531036615371704,0.36538461538461536,0.8269230769230769,0.21428571428571427,0.8571428571428571,0.0004
509,1.5788308382034302,1.5285751819610596,0.36538461538461536,0.8269230769230769,0.21428571428571427,0.8571428571428571,0.0004
510,1.5627278685569763,1.5271689891815186,0.36538461538461536,0.8269230769230769,0.21428571428571427,0.8571428571428571,0.0004
511,1.564131259918213,1.526998519897461,0.36538461538461536,0.8269230769230769,0.21428571428571427,0.8571428571428571,0.0004
512,1.564461588859558,1.5274354219436646,0.36538461538461536,0.8269230769230769,0.21428571428571427,0.8571428571428571,0.0004
513,1.5503100752830505,1.5283722877502441,0.36538461538461536,0.8269230769230769,0.21428571428571427,0.8571428571428571,0.0004
514,1.5239096283912659,1.5296322107315063,0.36538461538461536,0.8269230769230769,0.21428571428571427,0.8571428571428571,0.0004
515,1.5478665828704834,1.53007972240448,0.36538461538461536,0.8269230769230769,0.21428571428571427,0.8571428571428571,0.0004
516,1.5646923780441284,1.5310704708099365,0.36538461538461536,0.8269230769230769,0.21428571428571427,0.8571428571428571,0.0004
517,1.563110113143921,1.532117486000061,0.36538461538461536,0.8269230769230769,0.21428571428571427,0.8571428571428571,0.0004
518,1.582105278968811,1.533708930015564,0.36538461538461536,0.8269230769230769,0.21428571428571427,0.8571428571428571,0.0004
519,1.5644115209579468,1.5347342491149902,0.36538461538461536,0.8269230769230769,0.21428571428571427,0.8571428571428571,0.0004
520,1.5359123945236206,1.5357277393341064,0.36538461538461536,0.8269230769230769,0.21428571428571427,0.8571428571428571,0.0004
521,1.5626223683357239,1.5362579822540283,0.36538461538461536,0.8269230769230769,0.21428571428571427,0.8571428571428571,0.0004
522,1.535271167755127,1.5371484756469727,0.36538461538461536,0.8269230769230769,0.21428571428571427,0.8571428571428571,0.0004
523,1.5215049386024475,1.5378165245056152,0.36538461538461536,0.8269230769230769,0.21428571428571427,0.8571428571428571,0.0004
524,1.5524886846542358,1.5380922555923462,0.36538461538461536,0.8269230769230769,0.21428571428571427,0.8571428571428571,0.0004
525,1.579484760761261,1.5376718044281006,0.36538461538461536,0.8269230769230769,0.21428571428571427,0.8571428571428571,0.0004
526,1.5367371439933777,1.537574291229248,0.36538461538461536,0.8269230769230769,0.21428571428571427,0.8571428571428571,0.0004
527,1.5040915608406067,1.5369360446929932,0.36538461538461536,0.8269230769230769,0.21428571428571427,0.8571428571428571,0.0004
528,1.553965151309967,1.5363973379135132,0.36538461538461536,0.8269230769230769,0.21428571428571427,0.8571428571428571,0.0004
529,1.5337216258049011,1.5351026058197021,0.36538461538461536,0.8269230769230769,0.21428571428571427,0.8571428571428571,0.0004
530,1.5833449363708496,1.5340197086334229,0.36538461538461536,0.8269230769230769,0.21428571428571427,0.8571428571428571,0.0004
531,1.5661720633506775,1.5328307151794434,0.36538461538461536,0.8269230769230769,0.21428571428571427,0.8571428571428571,0.0004
532,1.5967009663581848,1.5317316055297852,0.36538461538461536,0.8269230769230769,0.21428571428571427,0.8571428571428571,0.0004
533,1.5654109120368958,1.531333088874817,0.36538461538461536,0.8269230769230769,0.21428571428571427,0.8571428571428571,0.0004
534,1.5670973658561707,1.5313334465026855,0.36538461538461536,0.8269230769230769,0.21428571428571427,0.8571428571428571,0.0004
535,1.5059651732444763,1.5313974618911743,0.36538461538461536,0.8269230769230769,0.21428571428571427,0.8571428571428571,0.0004
536,1.5789612531661987,1.5310828685760498,0.36538461538461536,0.8269230769230769,0.21428571428571427,0.8571428571428571,0.0004
537,1.5786287188529968,1.5312857627868652,0.36538461538461536,0.8269230769230769,0.21428571428571427,0.8571428571428571,0.0004
538,1.551616907119751,1.5321779251098633,0.36538461538461536,0.8269230769230769,0.21428571428571427,0.8571428571428571,0.0004
539,1.5446617603302002,1.5323665142059326,0.36538461538461536,0.8269230769230769,0.21428571428571427,0.8571428571428571,0.0004
540,1.5622751712799072,1.5337780714035034,0.36538461538461536,0.8269230769230769,0.21428571428571427,0.8571428571428571,0.0004
541,1.548993170261383,1.5355786085128784,0.36538461538461536,0.8269230769230769,0.21428571428571427,0.8571428571428571,0.0004
542,1.5821311473846436,1.5373910665512085,0.36538461538461536,0.8269230769230769,0.21428571428571427,0.8571428571428571,0.0004
543,1.5546144843101501,1.538675308227539,0.36538461538461536,0.8269230769230769,0.21428571428571427,0.8571428571428571,0.0004
544,1.55251944065094,1.538924217224121,0.36538461538461536,0.8269230769230769,0.21428571428571427,0.8571428571428571,0.0004
545,1.5925856828689575,1.5385472774505615,0.36538461538461536,0.8269230769230769,0.21428571428571427,0.8571428571428571,0.0004
546,1.5792248845100403,1.5383758544921875,0.36538461538461536,0.8269230769230769,0.21428571428571427,0.8571428571428571,0.0004
547,1.5387574434280396,1.53823721408844,0.36538461538461536,0.8269230769230769,0.21428571428571427,0.8571428571428571,0.0004
548,1.5338048338890076,1.5372320413589478,0.36538461538461536,0.8269230769230769,0.21428571428571427,0.8571428571428571,0.0004
549,1.5389659404754639,1.5367934703826904,0.36538461538461536,0.8269230769230769,0.21428571428571427,0.8571428571428571,0.0004
550,1.5643912553787231,1.5357811450958252,0.36538461538461536,0.8269230769230769,0.21428571428571427,0.8571428571428571,0.0004
551,1.5819814205169678,1.53519606590271,0.36538461538461536,0.8269230769230769,0.21428571428571427,0.8571428571428571,0.0004
552,1.554018497467041,1.5342360734939575,0.36538461538461536,0.8269230769230769,0.21428571428571427,0.8571428571428571,0.0004
553,1.5661141872406006,1.532963514328003,0.36538461538461536,0.8269230769230769,0.21428571428571427,0.8571428571428571,0.0004
554,1.5512576699256897,1.531850814819336,0.36538461538461536,0.8269230769230769,0.21428571428571427,0.8571428571428571,0.0004
555,1.5799278020858765,1.530723214149475,0.36538461538461536,0.8269230769230769,0.21428571428571427,0.8571428571428571,0.0004
556,1.5401995182037354,1.5301611423492432,0.36538461538461536,0.8269230769230769,0.21428571428571427,0.8571428571428571,0.0004
557,1.5764575600624084,1.5283268690109253,0.36538461538461536,0.8269230769230769,0.21428571428571427,0.8571428571428571,0.0004
558,1.5205274820327759,1.5280327796936035,0.36538461538461536,0.8269230769230769,0.21428571428571427,0.8571428571428571,0.0004
559,1.533685326576233,1.5278905630111694,0.36538461538461536,0.8269230769230769,0.21428571428571427,0.8571428571428571,0.0004
560,1.5651650428771973,1.5282785892486572,0.36538461538461536,0.8269230769230769,0.21428571428571427,0.8571428571428571,0.0004
561,1.5354511141777039,1.5289075374603271,0.36538461538461536,0.8269230769230769,0.21428571428571427,0.8571428571428571,0.0004
562,1.5072296261787415,1.5296705961227417,0.36538461538461536,0.8269230769230769,0.21428571428571427,0.8571428571428571,0.0004
563,1.5654579997062683,1.5298042297363281,0.36538461538461536,0.8269230769230769,0.21428571428571427,0.8571428571428571,0.0004
564,1.5810856819152832,1.5300889015197754,0.36538461538461536,0.8269230769230769,0.21428571428571427,0.8571428571428571,0.0004
565,1.5434997081756592,1.531044602394104,0.36538461538461536,0.8269230769230769,0.21428571428571427,0.8571428571428571,0.0004
566,1.5192024111747742,1.530146837234497,0.36538461538461536,0.8269230769230769,0.21428571428571427,0.8571428571428571,0.0004
567,1.613167643547058,1.5292925834655762,0.36538461538461536,0.8269230769230769,0.21428571428571427,0.8571428571428571,0.0004
568,1.6117201447486877,1.528899908065796,0.36538461538461536,0.8269230769230769,0.21428571428571427,0.8571428571428571,0.0004
569,1.5660694241523743,1.5294398069381714,0.36538461538461536,0.8269230769230769,0.21428571428571427,0.8571428571428571,0.0004
570,1.5337039828300476,1.5302040576934814,0.36538461538461536,0.8269230769230769,0.21428571428571427,0.8571428571428571,0.0004
571,1.551555097103119,1.531389832496643,0.36538461538461536,0.8269230769230769,0.21428571428571427,0.8571428571428571,0.0004
572,1.566262662410736,1.5322632789611816,0.36538461538461536,0.8269230769230769,0.21428571428571427,0.8571428571428571,0.0004
573,1.5509049892425537,1.5329079627990723,0.36538461538461536,0.8269230769230769,0.21428571428571427,0.8571428571428571,0.0004
574,1.5491178035736084,1.5332696437835693,0.36538461538461536,0.8269230769230769,0.21428571428571427,0.8571428571428571,0.0004
575,1.5648366212844849,1.5337538719177246,0.36538461538461536,0.8269230769230769,0.21428571428571427,0.8571428571428571,0.0004
576,1.5687589049339294,1.5343377590179443,0.36538461538461536,0.8269230769230769,0.21428571428571427,0.8571428571428571,0.0004
577,1.5385844707489014,1.534267544746399,0.36538461538461536,0.8269230769230769,0.21428571428571427,0.8571428571428571,0.0004
578,1.5642831325531006,1.5336158275604248,0.36538461538461536,0.8269230769230769,0.21428571428571427,0.8571428571428571,0.0004
579,1.580137848854065,1.5331110954284668,0.36538461538461536,0.8269230769230769,0.21428571428571427,0.8571428571428571,0.0004
580,1.524502158164978,1.5327616930007935,0.36538461538461536,0.8269230769230769,0.21428571428571427,0.8571428571428571,0.0004
581,1.581703543663025,1.5318560600280762,0.36538461538461536,0.8269230769230769,0.21428571428571427,0.8571428571428571,0.0004
582,1.5532823204994202,1.5309010744094849,0.36538461538461536,0.8269230769230769,0.21428571428571427,0.8571428571428571,0.0004
583,1.563627004623413,1.5293104648590088,0.36538461538461536,0.8269230769230769,0.21428571428571427,0.8571428571428571,0.0004
584,1.577913761138916,1.5282316207885742,0.36538461538461536,0.8269230769230769,0.21428571428571427,0.8571428571428571,0.0004
585,1.549184799194336,1.5279569625854492,0.36538461538461536,0.8269230769230769,0.21428571428571427,0.8571428571428571,0.0004
586,1.5352928042411804,1.5280894041061401,0.36538461538461536,0.8269230769230769,0.21428571428571427,0.8571428571428571,0.0004
587,1.562558650970459,1.5282208919525146,0.36538461538461536,0.8269230769230769,0.21428571428571427,0.8571428571428571,0.0004
588,1.5829112529754639,1.529331922531128,0.36538461538461536,0.8269230769230769,0.21428571428571427,0.8571428571428571,0.0004
589,1.5664178729057312,1.5299485921859741,0.36538461538461536,0.8269230769230769,0.21428571428571427,0.8571428571428571,0.0004
590,1.5688124895095825,1.5305430889129639,0.36538461538461536,0.8269230769230769,0.21428571428571427,0.8571428571428571,0.0004
591,1.5671047568321228,1.5304725170135498,0.36538461538461536,0.8269230769230769,0.21428571428571427,0.8571428571428571,0.0004
592,1.6231892108917236,1.5298774242401123,0.36538461538461536,0.8269230769230769,0.21428571428571427,0.8571428571428571,0.0004
593,1.5777474641799927,1.5300474166870117,0.36538461538461536,0.8269230769230769,0.21428571428571427,0.8571428571428571,0.0004
594,1.550081193447113,1.5307116508483887,0.36538461538461536,0.8269230769230769,0.21428571428571427,0.8571428571428571,0.0004
595,1.5486693978309631,1.5314024686813354,0.36538461538461536,0.8269230769230769,0.21428571428571427,0.8571428571428571,0.0004
596,1.5388239026069641,1.5327565670013428,0.36538461538461536,0.8269230769230769,0.21428571428571427,0.8571428571428571,0.0004
597,1.5533012747764587,1.533880352973938,0.36538461538461536,0.8269230769230769,0.21428571428571427,0.8571428571428571,0.0004
598,1.5629469156265259,1.5341070890426636,0.36538461538461536,0.8269230769230769,0.21428571428571427,0.8571428571428571,0.0004
599,1.576975166797638,1.5346605777740479,0.36538461538461536,0.8269230769230769,0.21428571428571427,0.8571428571428571,0.0004
600,1.5774398446083069,1.5357202291488647,0.36538461538461536,0.8269230769230769,0.21428571428571427,0.8571428571428571,0.0004
601,1.570727825164795,1.5372697114944458,0.36538461538461536,0.8269230769230769,0.21428571428571427,0.8571428571428571,0.0004
602,1.534369707107544,1.5376994609832764,0.36538461538461536,0.8269230769230769,0.21428571428571427,0.8571428571428571,0.0004
603,1.5217836499214172,1.5383585691452026,0.36538461538461536,0.8269230769230769,0.21428571428571427,0.8571428571428571,0.0004
604,1.5491281151771545,1.538710594177246,0.36538461538461536,0.8269230769230769,0.21428571428571427,0.8571428571428571,0.0004
605,1.5637223720550537,1.5391367673873901,0.36538461538461536,0.8269230769230769,0.21428571428571427,0.8571428571428571,0.0004
606,1.5672216415405273,1.5397396087646484,0.36538461538461536,0.8269230769230769,0.21428571428571427,0.8571428571428571,0.0004
607,1.5671738386154175,1.5398458242416382,0.36538461538461536,0.8269230769230769,0.21428571428571427,0.8571428571428571,0.0004
608,1.5493600368499756,1.5394526720046997,0.36538461538461536,0.8269230769230769,0.21428571428571427,0.8571428571428571,0.0004
609,1.5362496376037598,1.5390163660049438,0.36538461538461536,0.8269230769230769,0.21428571428571427,0.8571428571428571,0.0004
610,1.5510934591293335,1.5381661653518677,0.36538461538461536,0.8269230769230769,0.21428571428571427,0.8571428571428571,0.0004
611,1.552770733833313,1.5370469093322754,0.36538461538461536,0.8269230769230769,0.21428571428571427,0.8571428571428571,0.0004
612,1.5463954210281372,1.5352909564971924,0.36538461538461536,0.8269230769230769,0.21428571428571427,0.8571428571428571,0.0004
613,1.5341668725013733,1.5345262289047241,0.36538461538461536,0.8269230769230769,0.21428571428571427,0.8571428571428571,0.0004
614,1.5478207468986511,1.5336703062057495,0.36538461538461536,0.8269230769230769,0.21428571428571427,0.8571428571428571,0.0004
615,1.5819761157035828,1.533286690711975,0.36538461538461536,0.8269230769230769,0.21428571428571427,0.8571428571428571,0.0004
616,1.5547560453414917,1.533286690711975,0.36538461538461536,0.8269230769230769,0.21428571428571427,0.8571428571428571,0.0004
617,1.581711232662201,1.5323107242584229,0.36538461538461536,0.8269230769230769,0.21428571428571427,0.8571428571428571,0.0004
618,1.5468571186065674,1.5313935279846191,0.36538461538461536,0.8269230769230769,0.21428571428571427,0.8571428571428571,0.0004
619,1.570253312587738,1.5316429138183594,0.36538461538461536,0.8269230769230769,0.21428571428571427,0.8571428571428571,0.0004
620,1.5660359859466553,1.5310697555541992,0.36538461538461536,0.8269230769230769,0.21428571428571427,0.8571428571428571,0.0004
621,1.554044485092163,1.5307631492614746,0.36538461538461536,0.8269230769230769,0.21428571428571427,0.8571428571428571,0.0004
622,1.580915927886963,1.5297629833221436,0.36538461538461536,0.8269230769230769,0.21428571428571427,0.8571428571428571,0.0004
623,1.5763996839523315,1.5287153720855713,0.36538461538461536,0.8269230769230769,0.21428571428571427,0.8571428571428571,0.0004
624,1.5649415254592896,1.5290470123291016,0.36538461538461536,0.8269230769230769,0.21428571428571427,0.8571428571428571,0.0004
625,1.5350302457809448,1.5294764041900635,0.36538461538461536,0.8269230769230769,0.21428571428571427,0.8571428571428571,0.0004
626,1.537531316280365,1.5302462577819824,0.36538461538461536,0.8269230769230769,0.21428571428571427,0.8571428571428571,0.0004
627,1.5369064807891846,1.5306581258773804,0.36538461538461536,0.8269230769230769,0.21428571428571427,0.8571428571428571,0.0004
628,1.5514549612998962,1.530855655670166,0.36538461538461536,0.8269230769230769,0.21428571428571427,0.8571428571428571,0.0004
629,1.5367034673690796,1.530951738357544,0.36538461538461536,0.8269230769230769,0.21428571428571427,0.8571428571428571,0.0004
630,1.5384829640388489,1.530950665473938,0.36538461538461536,0.8269230769230769,0.21428571428571427,0.8571428571428571,0.0004
631,1.5496175289154053,1.5305535793304443,0.36538461538461536,0.8269230769230769,0.21428571428571427,0.8571428571428571,0.0004
632,1.5622159242630005,1.530335545539856,0.36538461538461536,0.8269230769230769,0.21428571428571427,0.8571428571428571,0.0004
633,1.5683487057685852,1.5311038494110107,0.36538461538461536,0.8269230769230769,0.21428571428571427,0.8571428571428571,0.0004
634,1.519919991493225,1.5312798023223877,0.36538461538461536,0.8269230769230769,0.21428571428571427,0.8571428571428571,0.0004
635,1.5374354124069214,1.5319106578826904,0.36538461538461536,0.8269230769230769,0.21428571428571427,0.8571428571428571,0.0004
636,1.5294906497001648,1.5317432880401611,0.36538461538461536,0.8269230769230769,0.21428571428571427,0.8571428571428571,0.0004
637,1.5663873553276062,1.5328177213668823,0.36538461538461536,0.8269230769230769,0.21428571428571427,0.8571428571428571,0.0004
638,1.56228369474411,1.5336079597473145,0.36538461538461536,0.8269230769230769,0.21428571428571427,0.8571428571428571,0.0004
639,1.565752923488617,1.535109043121338,0.36538461538461536,0.8269230769230769,0.21428571428571427,0.8571428571428571,0.0004
640,1.5339052081108093,1.5364642143249512,0.36538461538461536,0.8269230769230769,0.21428571428571427,0.8571428571428571,0.0004
641,1.5288458466529846,1.53742253780365,0.36538461538461536,0.8269230769230769,0.21428571428571427,0.8571428571428571,0.0004
642,1.551303207874298,1.5392645597457886,0.36538461538461536,0.8269230769230769,0.21428571428571427,0.8571428571428571,0.0004
643,1.5367560386657715,1.5406018495559692,0.36538461538461536,0.8269230769230769,0.21428571428571427,0.8571428571428571,0.0004
644,1.534582495689392,1.5411797761917114,0.36538461538461536,0.8269230769230769,0.21428571428571427,0.8571428571428571,0.0004
645,1.535771131515503,1.5414462089538574,0.36538461538461536,0.8269230769230769,0.21428571428571427,0.8571428571428571,0.0004
646,1.5535785555839539,1.5413405895233154,0.36538461538461536,0.8269230769230769,0.21428571428571427,0.8571428571428571,0.0004
647,1.566356897354126,1.540409803390503,0.36538461538461536,0.8269230769230769,0.21428571428571427,0.8571428571428571,0.0004
648,1.5511060953140259,1.5393146276474,0.36538461538461536,0.8269230769230769,0.21428571428571427,0.8571428571428571,0.0004
649,1.58323472738266,1.5380102396011353,0.36538461538461536,0.8269230769230769,0.21428571428571427,0.8571428571428571,0.0004
650,1.5628467798233032,1.536511778831482,0.36538461538461536,0.8269230769230769,0.21428571428571427,0.8571428571428571,0.0004
651,1.5544850826263428,1.5358173847198486,0.36538461538461536,0.8269230769230769,0.21428571428571427,0.8571428571428571,0.0004
652,1.5800901651382446,1.5342521667480469,0.36538461538461536,0.8269230769230769,0.21428571428571427,0.8571428571428571,0.0004
653,1.5653799772262573,1.5331382751464844,0.36538461538461536,0.8269230769230769,0.21428571428571427,0.8571428571428571,0.0004
654,1.5369248390197754,1.5322431325912476,0.36538461538461536,0.8269230769230769,0.21428571428571427,0.8571428571428571,0.0004
655,1.5471063256263733,1.530930995941162,0.36538461538461536,0.8269230769230769,0.21428571428571427,0.8571428571428571,0.0004
656,1.5339452028274536,1.5304845571517944,0.36538461538461536,0.8269230769230769,0.21428571428571427,0.8571428571428571,0.0004
657,1.578492522239685,1.5304539203643799,0.36538461538461536,0.8269230769230769,0.21428571428571427,0.8571428571428571,0.0004
658,1.577647089958191,1.530765175819397,0.36538461538461536,0.8269230769230769,0.21428571428571427,0.8571428571428571,0.0004
659,1.5338987708091736,1.5316672325134277,0.36538461538461536,0.8269230769230769,0.21428571428571427,0.8571428571428571,0.0004
660,1.5669777393341064,1.5328915119171143,0.36538461538461536,0.8269230769230769,0.21428571428571427,0.8571428571428571,0.0004
661,1.5369412302970886,1.5337406396865845,0.36538461538461536,0.8269230769230769,0.21428571428571427,0.8571428571428571,0.0004
662,1.577351987361908,1.5340111255645752,0.36538461538461536,0.8269230769230769,0.21428571428571427,0.8571428571428571,0.0004
663,1.5533046126365662,1.53493070602417,0.36538461538461536,0.8269230769230769,0.21428571428571427,0.8571428571428571,0.0004
664,1.5366670489311218,1.535125970840454,0.36538461538461536,0.8269230769230769,0.21428571428571427,0.8571428571428571,0.0004
665,1.58070307970047,1.5349478721618652,0.36538461538461536,0.8269230769230769,0.21428571428571427,0.8571428571428571,0.0004
666,1.5666565895080566,1.534743070602417,0.36538461538461536,0.8269230769230769,0.21428571428571427,0.8571428571428571,0.0004
667,1.5797660946846008,1.5342028141021729,0.36538461538461536,0.8269230769230769,0.21428571428571427,0.8571428571428571,0.0004
668,1.5511483550071716,1.5338656902313232,0.36538461538461536,0.8269230769230769,0.21428571428571427,0.8571428571428571,0.0004
669,1.5493632555007935,1.5334851741790771,0.36538461538461536,0.8269230769230769,0.21428571428571427,0.8571428571428571,0.0004
670,1.5356978178024292,1.5333385467529297,0.36538461538461536,0.8269230769230769,0.21428571428571427,0.8571428571428571,0.0004
671,1.5234431028366089,1.5331228971481323,0.36538461538461536,0.8269230769230769,0.21428571428571427,0.8571428571428571,0.0004
672,1.5559399127960205,1.5326015949249268,0.36538461538461536,0.8269230769230769,0.21428571428571427,0.8571428571428571,0.0004
673,1.517408311367035,1.5309275388717651,0.36538461538461536,0.8269230769230769,0.21428571428571427,0.8571428571428571,0.0004
674,1.5642426013946533,1.5300780534744263,0.36538461538461536,0.8269230769230769,0.21428571428571427,0.8571428571428571,0.0004
675,1.5489125847816467,1.5296775102615356,0.36538461538461536,0.8269230769230769,0.21428571428571427,0.8571428571428571,0.0004
676,1.5669975876808167,1.529765248298645,0.36538461538461536,0.8269230769230769,0.21428571428571427,0.8571428571428571,0.0004
677,1.5825045704841614,1.5297203063964844,0.36538461538461536,0.8269230769230769,0.21428571428571427,0.8571428571428571,0.0004
678,1.550657331943512,1.529645562171936,0.36538461538461536,0.8269230769230769,0.21428571428571427,0.8571428571428571,0.0004
679,1.5507670044898987,1.5295920372009277,0.36538461538461536,0.8269230769230769,0.21428571428571427,0.8571428571428571,0.0004
680,1.554855763912201,1.5296657085418701,0.36538461538461536,0.8269230769230769,0.21428571428571427,0.8571428571428571,0.0004
681,1.517565369606018,1.5287519693374634,0.36538461538461536,0.8269230769230769,0.21428571428571427,0.8571428571428571,0.0004
682,1.5412548780441284,1.5288519859313965,0.36538461538461536,0.8269230769230769,0.21428571428571427,0.8571428571428571,0.0004
683,1.5822280645370483,1.5276305675506592,0.36538461538461536,0.8269230769230769,0.21428571428571427,0.8571428571428571,0.0004
684,1.5360464453697205,1.5267131328582764,0.36538461538461536,0.8269230769230769,0.21428571428571427,0.8571428571428571,0.0004
685,1.5507277250289917,1.5256575345993042,0.36538461538461536,0.8269230769230769,0.21428571428571427,0.8571428571428571,0.0004
686,1.5330109596252441,1.5247349739074707,0.36538461538461536,0.8269230769230769,0.21428571428571427,0.8571428571428571,0.0004
687,1.5800658464431763,1.5245774984359741,0.36538461538461536,0.8269230769230769,0.21428571428571427,0.8571428571428571,0.0004
688,1.5823144912719727,1.5251185894012451,0.36538461538461536,0.8269230769230769,0.21428571428571427,0.8571428571428571,0.0004
689,1.5950424671173096,1.5256907939910889,0.36538461538461536,0.8269230769230769,0.21428571428571427,0.8571428571428571,0.0004
690,1.5654816627502441,1.5271177291870117,0.36538461538461536,0.8269230769230769,0.21428571428571427,0.8571428571428571,0.0004
691,1.5364799499511719,1.5287328958511353,0.36538461538461536,0.8269230769230769,0.21428571428571427,0.8571428571428571,0.0004
692,1.5320736169815063,1.5298383235931396,0.36538461538461536,0.8269230769230769,0.21428571428571427,0.8571428571428571,0.0004
693,1.5529870986938477,1.53183913230896,0.36538461538461536,0.8269230769230769,0.21428571428571427,0.8571428571428571,0.0004
694,1.5505404472351074,1.5331721305847168,0.36538461538461536,0.8269230769230769,0.21428571428571427,0.8571428571428571,0.0004
695,1.5203863382339478,1.5342137813568115,0.36538461538461536,0.8269230769230769,0.21428571428571427,0.8571428571428571,0.0004
696,1.5649335384368896,1.5352747440338135,0.36538461538461536,0.8269230769230769,0.21428571428571427,0.8571428571428571,0.0004
697,1.5458936095237732,1.5360339879989624,0.36538461538461536,0.8269230769230769,0.21428571428571427,0.8571428571428571,0.0004
698,1.5689382553100586,1.5375354290008545,0.36538461538461536,0.8269230769230769,0.21428571428571427,0.8571428571428571,0.0004
699,1.5339759588241577,1.5381208658218384,0.36538461538461536,0.8269230769230769,0.21428571428571427,0.8571428571428571,0.0004
700,1.5661404728889465,1.53872811794281,0.36538461538461536,0.8269230769230769,0.21428571428571427,0.8571428571428571,0.0004
701,1.5405184626579285,1.5391671657562256,0.36538461538461536,0.8269230769230769,0.21428571428571427,0.8571428571428571,0.0004
702,1.5484713315963745,1.538383960723877,0.36538461538461536,0.8269230769230769,0.21428571428571427,0.8571428571428571,0.0004
703,1.5471895933151245,1.5376397371292114,0.36538461538461536,0.8269230769230769,0.21428571428571427,0.8571428571428571,0.0004
704,1.5509849190711975,1.5373578071594238,0.36538461538461536,0.8269230769230769,0.21428571428571427,0.8571428571428571,0.0004
705,1.5517243146896362,1.5368592739105225,0.36538461538461536,0.8269230769230769,0.21428571428571427,0.8571428571428571,0.0004
706,1.5503517985343933,1.536055088043213,0.36538461538461536,0.8269230769230769,0.21428571428571427,0.8571428571428571,0.0004
707,1.550919532775879,1.5351961851119995,0.36538461538461536,0.8269230769230769,0.21428571428571427,0.8571428571428571,0.0004
708,1.5544344782829285,1.5343780517578125,0.36538461538461536,0.8269230769230769,0.21428571428571427,0.8571428571428571,0.0004
709,1.5315796732902527,1.5326528549194336,0.36538461538461536,0.8269230769230769,0.21428571428571427,0.8571428571428571,0.0004
710,1.5639881491661072,1.5316880941390991,0.36538461538461536,0.8269230769230769,0.21428571428571427,0.8571428571428571,0.0004
711,1.5852850675582886,1.5314046144485474,0.36538461538461536,0.8269230769230769,0.21428571428571427,0.8571428571428571,0.0004
712,1.5816523432731628,1.5304906368255615,0.36538461538461536,0.8269230769230769,0.21428571428571427,0.8571428571428571,0.0004
713,1.5494187474250793,1.5296809673309326,0.36538461538461536,0.8269230769230769,0.21428571428571427,0.8571428571428571,0.0004
714,1.6102503538131714,1.5292067527770996,0.36538461538461536,0.8269230769230769,0.21428571428571427,0.8571428571428571,0.0004
715,1.5648151636123657,1.5292810201644897,0.36538461538461536,0.8269230769230769,0.21428571428571427,0.8571428571428571,0.0004
716,1.5932153463363647,1.5296581983566284,0.36538461538461536,0.8269230769230769,0.21428571428571427,0.8571428571428571,0.0004
717,1.5499681234359741,1.5305825471878052,0.36538461538461536,0.8269230769230769,0.21428571428571427,0.8571428571428571,0.0004
718,1.550941526889801,1.5316659212112427,0.36538461538461536,0.8269230769230769,0.21428571428571427,0.8571428571428571,0.0004
719,1.565107822418213,1.5325696468353271,0.36538461538461536,0.8269230769230769,0.21428571428571427,0.8571428571428571,0.0004
720,1.5794849395751953,1.5332417488098145,0.36538461538461536,0.8269230769230769,0.21428571428571427,0.8571428571428571,0.0004
721,1.5391578674316406,1.533851146697998,0.36538461538461536,0.8269230769230769,0.21428571428571427,0.8571428571428571,0.0004
722,1.565263032913208,1.5340440273284912,0.36538461538461536,0.8269230769230769,0.21428571428571427,0.8571428571428571,0.0004
723,1.5660957098007202,1.5341579914093018,0.36538461538461536,0.8269230769230769,0.21428571428571427,0.8571428571428571,0.0004
724,1.552228569984436,1.5342152118682861,0.36538461538461536,0.8269230769230769,0.21428571428571427,0.8571428571428571,0.0004
725,1.5341546535491943,1.533768653869629,0.36538461538461536,0.8269230769230769,0.21428571428571427,0.8571428571428571,0.0004
726,1.578417420387268,1.533590316772461,0.36538461538461536,0.8269230769230769,0.21428571428571427,0.8571428571428571,0.0004
727,1.5816482305526733,1.5338008403778076,0.36538461538461536,0.8269230769230769,0.21428571428571427,0.8571428571428571,0.0004
728,1.548438310623169,1.5336114168167114,0.36538461538461536,0.8269230769230769,0.21428571428571427,0.8571428571428571,0.0004
729,1.596692681312561,1.5339142084121704,0.36538461538461536,0.8269230769230769,0.21428571428571427,0.8571428571428571,0.0004
730,1.5916768312454224,1.5338430404663086,0.36538461538461536,0.8269230769230769,0.21428571428571427,0.8571428571428571,0.0004
731,1.5401263236999512,1.534644365310669,0.36538461538461536,0.8269230769230769,0.21428571428571427,0.8571428571428571,0.0004
732,1.5303435921669006,1.534456491470337,0.36538461538461536,0.8269230769230769,0.21428571428571427,0.8571428571428571,0.0004
733,1.5544976592063904,1.535182237625122,0.36538461538461536,0.8269230769230769,0.21428571428571427,0.8571428571428571,0.0004
734,1.5209604501724243,1.5352261066436768,0.36538461538461536,0.8269230769230769,0.21428571428571427,0.8571428571428571,0.0004
735,1.565077543258667,1.5352652072906494,0.36538461538461536,0.8269230769230769,0.21428571428571427,0.8571428571428571,0.0004
736,1.5550618767738342,1.5354713201522827,0.36538461538461536,0.8269230769230769,0.21428571428571427,0.8571428571428571,0.0004
737,1.548221230506897,1.5348844528198242,0.36538461538461536,0.8269230769230769,0.21428571428571427,0.8571428571428571,0.0004
738,1.5545311570167542,1.5349204540252686,0.36538461538461536,0.8269230769230769,0.21428571428571427,0.8571428571428571,0.0004
739,1.5756189227104187,1.5338914394378662,0.36538461538461536,0.8269230769230769,0.21428571428571427,0.8571428571428571,0.0004
740,1.53285813331604,1.5340685844421387,0.36538461538461536,0.8269230769230769,0.21428571428571427,0.8571428571428571,0.0004
741,1.5674930810928345,1.5345919132232666,0.36538461538461536,0.8269230769230769,0.21428571428571427,0.8571428571428571,0.0004
742,1.5327521562576294,1.5345795154571533,0.36538461538461536,0.8269230769230769,0.21428571428571427,0.8571428571428571,0.0004
743,1.5283817052841187,1.5345337390899658,0.36538461538461536,0.8269230769230769,0.21428571428571427,0.8571428571428571,0.0004
744,1.5679550170898438,1.5357178449630737,0.36538461538461536,0.8269230769230769,0.21428571428571427,0.8571428571428571,0.0004
745,1.5361384749412537,1.5366020202636719,0.36538461538461536,0.8269230769230769,0.21428571428571427,0.8571428571428571,0.0004
746,1.5492063164710999,1.536895751953125,0.36538461538461536,0.8269230769230769,0.21428571428571427,0.8571428571428571,0.0004
747,1.5831199884414673,1.5371859073638916,0.36538461538461536,0.8269230769230769,0.21428571428571427,0.8571428571428571,0.0004
748,1.5513235926628113,1.537227988243103,0.36538461538461536,0.8269230769230769,0.21428571428571427,0.8571428571428571,0.0004
749,1.537965178489685,1.5370208024978638,0.36538461538461536,0.8269230769230769,0.21428571428571427,0.8571428571428571,0.0004
750,1.5363271832466125,1.5361747741699219,0.36538461538461536,0.8269230769230769,0.21428571428571427,0.8571428571428571,0.0004
751,1.565613865852356,1.534965991973877,0.36538461538461536,0.8269230769230769,0.21428571428571427,0.8571428571428571,0.0004
752,1.533020257949829,1.533756971359253,0.36538461538461536,0.8269230769230769,0.21428571428571427,0.8571428571428571,0.0004
753,1.5806289911270142,1.532914161682129,0.36538461538461536,0.8269230769230769,0.21428571428571427,0.8571428571428571,0.0004
754,1.580868124961853,1.5322822332382202,0.36538461538461536,0.8269230769230769,0.21428571428571427,0.8571428571428571,0.0004
755,1.547833502292633,1.531726360321045,0.36538461538461536,0.8269230769230769,0.21428571428571427,0.8571428571428571,0.0004
756,1.5346025824546814,1.5317360162734985,0.36538461538461536,0.8269230769230769,0.21428571428571427,0.8571428571428571,0.0004
757,1.5625836849212646,1.5316827297210693,0.36538461538461536,0.8269230769230769,0.21428571428571427,0.8571428571428571,0.0004
758,1.5474556684494019,1.532136082649231,0.36538461538461536,0.8269230769230769,0.21428571428571427,0.8571428571428571,0.0004
759,1.5830025672912598,1.5331711769104004,0.36538461538461536,0.8269230769230769,0.21428571428571427,0.8571428571428571,0.0004
760,1.56331467628479,1.5335925817489624,0.36538461538461536,0.8269230769230769,0.21428571428571427,0.8571428571428571,0.0004
761,1.5509603023529053,1.5343306064605713,0.36538461538461536,0.8269230769230769,0.21428571428571427,0.8571428571428571,0.0004
762,1.5622096061706543,1.5346564054489136,0.36538461538461536,0.8269230769230769,0.21428571428571427,0.8571428571428571,0.0004
763,1.5798207521438599,1.5354511737823486,0.36538461538461536,0.8269230769230769,0.21428571428571427,0.8571428571428571,0.0004
764,1.5512002110481262,1.5361442565917969,0.36538461538461536,0.8269230769230769,0.21428571428571427,0.8571428571428571,0.0004
765,1.564108669757843,1.5364673137664795,0.36538461538461536,0.8269230769230769,0.21428571428571427,0.8571428571428571,0.0004
766,1.595689594745636,1.5367774963378906,0.36538461538461536,0.8269230769230769,0.21428571428571427,0.8571428571428571,0.0004
767,1.5908909440040588,1.536658525466919,0.36538461538461536,0.8269230769230769,0.21428571428571427,0.8571428571428571,0.0004
768,1.5762980580329895,1.5370219945907593,0.36538461538461536,0.8269230769230769,0.21428571428571427,0.8571428571428571,0.0004
769,1.5649307370185852,1.5378494262695312,0.36538461538461536,0.8269230769230769,0.21428571428571427,0.8571428571428571,0.0004
770,1.5890769958496094,1.5380371809005737,0.36538461538461536,0.8269230769230769,0.21428571428571427,0.8571428571428571,0.0004
771,1.592837631702423,1.538792371749878,0.36538461538461536,0.8269230769230769,0.21428571428571427,0.8571428571428571,0.0004
772,1.5496292114257812,1.53964102268219,0.36538461538461536,0.8269230769230769,0.21428571428571427,0.8571428571428571,0.0004
773,1.5373923778533936,1.5403528213500977,0.36538461538461536,0.8269230769230769,0.21428571428571427,0.8571428571428571,0.0004
774,1.567098617553711,1.5408953428268433,0.36538461538461536,0.8269230769230769,0.21428571428571427,0.8571428571428571,0.0004
775,1.541453242301941,1.5411986112594604,0.36538461538461536,0.8269230769230769,0.21428571428571427,0.8571428571428571,0.0004
776,1.5604910254478455,1.5406285524368286,0.36538461538461536,0.8269230769230769,0.21428571428571427,0.8571428571428571,0.0004
777,1.5445279479026794,1.5407905578613281,0.36538461538461536,0.8269230769230769,0.21428571428571427,0.8571428571428571,0.0004
778,1.5791391730308533,1.539855718612671,0.36538461538461536,0.8269230769230769,0.21428571428571427,0.8571428571428571,0.0004
779,1.5673215985298157,1.5393060445785522,0.36538461538461536,0.8269230769230769,0.21428571428571427,0.8571428571428571,0.0004
780,1.5548340678215027,1.538564682006836,0.36538461538461536,0.8269230769230769,0.21428571428571427,0.8571428571428571,0.0004
781,1.5515164136886597,1.5371569395065308,0.36538461538461536,0.8269230769230769,0.21428571428571427,0.8571428571428571,0.0004
782,1.5641493797302246,1.5354729890823364,0.36538461538461536,0.8269230769230769,0.21428571428571427,0.8571428571428571,0.0004
783,1.5356577634811401,1.5340546369552612,0.36538461538461536,0.8269230769230769,0.21428571428571427,0.8571428571428571,0.0004
784,1.563818633556366,1.5326839685440063,0.36538461538461536,0.8269230769230769,0.21428571428571427,0.8571428571428571,0.0004
785,1.5328190922737122,1.5315840244293213,0.36538461538461536,0.8269230769230769,0.21428571428571427,0.8571428571428571,0.0004
786,1.5367369055747986,1.5312846899032593,0.36538461538461536,0.8269230769230769,0.21428571428571427,0.8571428571428571,0.0004
787,1.5646139979362488,1.5305801630020142,0.36538461538461536,0.8269230769230769,0.21428571428571427,0.8571428571428571,0.0004
788,1.5799956321716309,1.5301611423492432,0.36538461538461536,0.8269230769230769,0.21428571428571427,0.8571428571428571,0.0004
789,1.5329601764678955,1.5301425457000732,0.36538461538461536,0.8269230769230769,0.21428571428571427,0.8571428571428571,0.0004
790,1.5684006214141846,1.5308139324188232,0.36538461538461536,0.8269230769230769,0.21428571428571427,0.8571428571428571,0.0004
791,1.551938533782959,1.5311546325683594,0.36538461538461536,0.8269230769230769,0.21428571428571427,0.8571428571428571,0.0004
792,1.5675981044769287,1.531224012374878,0.36538461538461536,0.8269230769230769,0.21428571428571427,0.8571428571428571,0.0004
793,1.529342532157898,1.530713438987732,0.36538461538461536,0.8269230769230769,0.21428571428571427,0.8571428571428571,0.0004
794,1.5517334938049316,1.5316555500030518,0.36538461538461536,0.8269230769230769,0.21428571428571427,0.8571428571428571,0.0004
795,1.5645212531089783,1.5321776866912842,0.36538461538461536,0.8269230769230769,0.21428571428571427,0.8571428571428571,0.0004
796,1.5187520384788513,1.5328528881072998,0.36538461538461536,0.8269230769230769,0.21428571428571427,0.8571428571428571,0.0004
797,1.5623388290405273,1.5334268808364868,0.36538461538461536,0.8269230769230769,0.21428571428571427,0.8571428571428571,0.0004
798,1.5756908059120178,1.5343055725097656,0.36538461538461536,0.8269230769230769,0.21428571428571427,0.8571428571428571,0.0004
799,1.5656513571739197,1.5361790657043457,0.36538461538461536,0.8269230769230769,0.21428571428571427,0.8571428571428571,0.0004
800,1.5719536542892456,1.53734290599823,0.36538461538461536,0.8269230769230769,0.21428571428571427,0.8571428571428571,0.0004
801,1.5461891889572144,1.53972589969635,0.36538461538461536,0.8269230769230769,0.21428571428571427,0.8571428571428571,0.0004
802,1.5175567269325256,1.5422096252441406,0.36538461538461536,0.8269230769230769,0.21428571428571427,0.8571428571428571,0.0004
803,1.570683479309082,1.5447051525115967,0.36538461538461536,0.8269230769230769,0.21428571428571427,0.8571428571428571,0.0004
804,1.5490241050720215,1.5458509922027588,0.36538461538461536,0.8269230769230769,0.21428571428571427,0.8571428571428571,0.0004
805,1.554887294769287,1.5467829704284668,0.36538461538461536,0.8269230769230769,0.21428571428571427,0.8571428571428571,0.0004
806,1.5697305798530579,1.5467207431793213,0.36538461538461536,0.8269230769230769,0.21428571428571427,0.8571428571428571,0.0004
807,1.58455228805542,1.5457926988601685,0.36538461538461536,0.8269230769230769,0.21428571428571427,0.8571428571428571,0.0004
808,1.5316397547721863,1.5439718961715698,0.36538461538461536,0.8269230769230769,0.21428571428571427,0.8571428571428571,0.0004
809,1.5199843049049377,1.5425504446029663,0.36538461538461536,0.8269230769230769,0.21428571428571427,0.8571428571428571,0.0004
810,1.5224515199661255,1.5411368608474731,0.36538461538461536,0.8269230769230769,0.21428571428571427,0.8571428571428571,0.0004
811,1.5822410583496094,1.5392683744430542,0.36538461538461536,0.8269230769230769,0.21428571428571427,0.8571428571428571,0.0004
812,1.5408291816711426,1.5374696254730225,0.36538461538461536,0.8269230769230769,0.21428571428571427,0.8571428571428571,0.0004
813,1.5664008259773254,1.5347439050674438,0.36538461538461536,0.8269230769230769,0.21428571428571427,0.8571428571428571,0.0004
814,1.5507450699806213,1.532113790512085,0.36538461538461536,0.8269230769230769,0.21428571428571427,0.8571428571428571,0.0004
815,1.5455325245857239,1.5294455289840698,0.36538461538461536,0.8269230769230769,0.21428571428571427,0.8571428571428571,0.0004
816,1.5515180230140686,1.528313159942627,0.36538461538461536,0.8269230769230769,0.21428571428571427,0.8571428571428571,0.0004
817,1.5331782102584839,1.5271700620651245,0.36538461538461536,0.8269230769230769,0.21428571428571427,0.8571428571428571,0.0004
818,1.5812615156173706,1.5267014503479004,0.36538461538461536,0.8269230769230769,0.21428571428571427,0.8571428571428571,0.0004
819,1.5333534479141235,1.5264241695404053,0.36538461538461536,0.8269230769230769,0.21428571428571427,0.8571428571428571,0.0004
820,1.5993727445602417,1.5268614292144775,0.36538461538461536,0.8269230769230769,0.21428571428571427,0.8571428571428571,0.0004
821,1.5777753591537476,1.526772141456604,0.36538461538461536,0.8269230769230769,0.21428571428571427,0.8571428571428571,0.0004
822,1.5478540062904358,1.5277713537216187,0.36538461538461536,0.8269230769230769,0.21428571428571427,0.8571428571428571,0.0004
823,1.5822529196739197,1.5294668674468994,0.36538461538461536,0.8269230769230769,0.21428571428571427,0.8571428571428571,0.0004
824,1.5641034841537476,1.5307486057281494,0.36538461538461536,0.8269230769230769,0.21428571428571427,0.8571428571428571,0.0004
825,1.5984059572219849,1.532416820526123,0.36538461538461536,0.8269230769230769,0.21428571428571427,0.8571428571428571,0.0004
826,1.533496916294098,1.5332727432250977,0.36538461538461536,0.8269230769230769,0.21428571428571427,0.8571428571428571,0.0004
827,1.549186110496521,1.5344656705856323,0.36538461538461536,0.8269230769230769,0.21428571428571427,0.8571428571428571,0.0004
828,1.5080859661102295,1.5356848239898682,0.36538461538461536,0.8269230769230769,0.21428571428571427,0.8571428571428571,0.0004
829,1.5773702263832092,1.536425232887268,0.36538461538461536,0.8269230769230769,0.21428571428571427,0.8571428571428571,0.0004
830,1.537006437778473,1.537487506866455,0.36538461538461536,0.8269230769230769,0.21428571428571427,0.8571428571428571,0.0004
831,1.5641599297523499,1.538036584854126,0.36538461538461536,0.8269230769230769,0.21428571428571427,0.8571428571428571,0.0004
832,1.534657061100006,1.5384540557861328,0.36538461538461536,0.8269230769230769,0.21428571428571427,0.8571428571428571,0.0004
833,1.5486055612564087,1.5388245582580566,0.36538461538461536,0.8269230769230769,0.21428571428571427,0.8571428571428571,0.0004
834,1.5339516997337341,1.5393190383911133,0.36538461538461536,0.8269230769230769,0.21428571428571427,0.8571428571428571,0.0004
835,1.5993186831474304,1.539964199066162,0.36538461538461536,0.8269230769230769,0.21428571428571427,0.8571428571428571,0.0004
836,1.5682879090309143,1.5400996208190918,0.36538461538461536,0.8269230769230769,0.21428571428571427,0.8571428571428571,0.0004
837,1.5370617508888245,1.5397595167160034,0.36538461538461536,0.8269230769230769,0.21428571428571427,0.8571428571428571,0.0004
838,1.5355821251869202,1.5388917922973633,0.36538461538461536,0.8269230769230769,0.21428571428571427,0.8571428571428571,0.0004
839,1.5402098894119263,1.5379639863967896,0.36538461538461536,0.8269230769230769,0.21428571428571427,0.8571428571428571,0.0004
840,1.578307330608368,1.5360283851623535,0.36538461538461536,0.8269230769230769,0.21428571428571427,0.8571428571428571,0.0004
841,1.566101610660553,1.5347224473953247,0.36538461538461536,0.8269230769230769,0.21428571428571427,0.8571428571428571,0.0004
842,1.5375064611434937,1.533571481704712,0.36538461538461536,0.8269230769230769,0.21428571428571427,0.8571428571428571,0.0004
843,1.5363090634346008,1.5320825576782227,0.36538461538461536,0.8269230769230769,0.21428571428571427,0.8571428571428571,0.0004
844,1.5512452125549316,1.5304521322250366,0.36538461538461536,0.8269230769230769,0.21428571428571427,0.8571428571428571,0.0004
845,1.5374457240104675,1.5290076732635498,0.36538461538461536,0.8269230769230769,0.21428571428571427,0.8571428571428571,0.0004
846,1.596256971359253,1.5271984338760376,0.36538461538461536,0.8269230769230769,0.21428571428571427,0.8571428571428571,0.0004
847,1.5643755197525024,1.5259947776794434,0.36538461538461536,0.8269230769230769,0.21428571428571427,0.8571428571428571,0.0004
848,1.5637356638908386,1.5254225730895996,0.36538461538461536,0.8269230769230769,0.21428571428571427,0.8571428571428571,0.0004
849,1.519654095172882,1.5256900787353516,0.36538461538461536,0.8269230769230769,0.21428571428571427,0.8571428571428571,0.0004
850,1.5348389744758606,1.5262311697006226,0.36538461538461536,0.8269230769230769,0.21428571428571427,0.8571428571428571,0.0004
851,1.5365499258041382,1.527022361755371,0.36538461538461536,0.8269230769230769,0.21428571428571427,0.8571428571428571,0.0004
852,1.567023515701294,1.527619481086731,0.36538461538461536,0.8269230769230769,0.21428571428571427,0.8571428571428571,0.0004
853,1.5485824346542358,1.5278979539871216,0.36538461538461536,0.8269230769230769,0.21428571428571427,0.8571428571428571,0.0004
854,1.594210684299469,1.5284850597381592,0.36538461538461536,0.8269230769230769,0.21428571428571427,0.8571428571428571,0.0004
855,1.561842143535614,1.5295164585113525,0.36538461538461536,0.8269230769230769,0.21428571428571427,0.8571428571428571,0.0004
856,1.5844929218292236,1.5314891338348389,0.36538461538461536,0.8269230769230769,0.21428571428571427,0.8571428571428571,0.0004
857,1.5785215497016907,1.532580852508545,0.36538461538461536,0.8269230769230769,0.21428571428571427,0.8571428571428571,0.0004
858,1.5653340816497803,1.533929705619812,0.36538461538461536,0.8269230769230769,0.21428571428571427,0.8571428571428571,0.0004
859,1.595552682876587,1.5350894927978516,0.36538461538461536,0.8269230769230769,0.21428571428571427,0.8571428571428571,0.0004
860,1.5810675024986267,1.5361047983169556,0.36538461538461536,0.8269230769230769,0.21428571428571427,0.8571428571428571,0.0004
861,1.5351810455322266,1.5368964672088623,0.36538461538461536,0.8269230769230769,0.21428571428571427,0.8571428571428571,0.0004
862,1.5377859473228455,1.5376359224319458,0.36538461538461536,0.8269230769230769,0.21428571428571427,0.8571428571428571,0.0004
863,1.567343533039093,1.5378872156143188,0.36538461538461536,0.8269230769230769,0.21428571428571427,0.8571428571428571,0.0004
864,1.5639702677726746,1.5375876426696777,0.36538461538461536,0.8269230769230769,0.21428571428571427,0.8571428571428571,0.0004
865,1.5814222693443298,1.537419080734253,0.36538461538461536,0.8269230769230769,0.21428571428571427,0.8571428571428571,0.0004
866,1.5229257345199585,1.5370135307312012,0.36538461538461536,0.8269230769230769,0.21428571428571427,0.8571428571428571,0.0004
867,1.5539435744285583,1.5363709926605225,0.36538461538461536,0.8269230769230769,0.21428571428571427,0.8571428571428571,0.0004
868,1.563957691192627,1.5351370573043823,0.36538461538461536,0.8269230769230769,0.21428571428571427,0.8571428571428571,0.0004
869,1.551521897315979,1.5342755317687988,0.36538461538461536,0.8269230769230769,0.21428571428571427,0.8571428571428571,0.0004
870,1.580986738204956,1.5331658124923706,0.36538461538461536,0.8269230769230769,0.21428571428571427,0.8571428571428571,0.0004
871,1.5775955319404602,1.5320959091186523,0.36538461538461536,0.8269230769230769,0.21428571428571427,0.8571428571428571,0.0004
872,1.5075241923332214,1.5317167043685913,0.36538461538461536,0.8269230769230769,0.21428571428571427,0.8571428571428571,0.0004
873,1.5478970408439636,1.5311205387115479,0.36538461538461536,0.8269230769230769,0.21428571428571427,0.8571428571428571,0.0004
874,1.567190706729889,1.5311503410339355,0.36538461538461536,0.8269230769230769,0.21428571428571427,0.8571428571428571,0.0004
875,1.5183404684066772,1.5308754444122314,0.36538461538461536,0.8269230769230769,0.21428571428571427,0.8571428571428571,0.0004
876,1.5056814551353455,1.5311095714569092,0.36538461538461536,0.8269230769230769,0.21428571428571427,0.8571428571428571,0.0004
877,1.5640375018119812,1.5309942960739136,0.36538461538461536,0.8269230769230769,0.21428571428571427,0.8571428571428571,0.0004
878,1.5649039149284363,1.5312751531600952,0.36538461538461536,0.8269230769230769,0.21428571428571427,0.8571428571428571,0.0004
879,1.5710365176200867,1.5319944620132446,0.36538461538461536,0.8269230769230769,0.21428571428571427,0.8571428571428571,0.0004
880,1.5510787963867188,1.5318191051483154,0.36538461538461536,0.8269230769230769,0.21428571428571427,0.8571428571428571,0.0004
881,1.5649665594100952,1.5314452648162842,0.36538461538461536,0.8269230769230769,0.21428571428571427,0.8571428571428571,0.0004
882,1.5508352518081665,1.5313749313354492,0.36538461538461536,0.8269230769230769,0.21428571428571427,0.8571428571428571,0.0004
883,1.5818918943405151,1.5311715602874756,0.36538461538461536,0.8269230769230769,0.21428571428571427,0.8571428571428571,0.0004
884,1.5690516829490662,1.5313929319381714,0.36538461538461536,0.8269230769230769,0.21428571428571427,0.8571428571428571,0.0004
885,1.5508831143379211,1.531043291091919,0.36538461538461536,0.8269230769230769,0.21428571428571427,0.8571428571428571,0.0004
886,1.5361204743385315,1.5307910442352295,0.36538461538461536,0.8269230769230769,0.21428571428571427,0.8571428571428571,0.0004
887,1.5202770233154297,1.5303224325180054,0.36538461538461536,0.8269230769230769,0.21428571428571427,0.8571428571428571,0.0004
888,1.5215675234794617,1.529909372329712,0.36538461538461536,0.8269230769230769,0.21428571428571427,0.8571428571428571,0.0004
889,1.5659624338150024,1.5291416645050049,0.36538461538461536,0.8269230769230769,0.21428571428571427,0.8571428571428571,0.0004
890,1.6120893359184265,1.5285985469818115,0.36538461538461536,0.8269230769230769,0.21428571428571427,0.8571428571428571,0.0004
891,1.5475294589996338,1.5282649993896484,0.36538461538461536,0.8269230769230769,0.21428571428571427,0.8571428571428571,0.0004
892,1.5961259603500366,1.528810739517212,0.36538461538461536,0.8269230769230769,0.21428571428571427,0.8571428571428571,0.0004
893,1.515779435634613,1.5292326211929321,0.36538461538461536,0.8269230769230769,0.21428571428571427,0.8571428571428571,0.0004
894,1.5782572627067566,1.5307481288909912,0.36538461538461536,0.8269230769230769,0.21428571428571427,0.8571428571428571,0.0004
895,1.5372070670127869,1.532703161239624,0.36538461538461536,0.8269230769230769,0.21428571428571427,0.8571428571428571,0.0004
896,1.5477948784828186,1.5340852737426758,0.36538461538461536,0.8269230769230769,0.21428571428571427,0.8571428571428571,0.0004
897,1.5385931730270386,1.5357601642608643,0.36538461538461536,0.8269230769230769,0.21428571428571427,0.8571428571428571,0.0004
898,1.5805376172065735,1.5366920232772827,0.36538461538461536,0.8269230769230769,0.21428571428571427,0.8571428571428571,0.0004
899,1.561167597770691,1.537253499031067,0.36538461538461536,0.8269230769230769,0.21428571428571427,0.8571428571428571,0.0004
900,1.563901960849762,1.5382438898086548,0.36538461538461536,0.8269230769230769,0.21428571428571427,0.8571428571428571,0.0004
901,1.5755153894424438,1.5389909744262695,0.36538461538461536,0.8269230769230769,0.21428571428571427,0.8571428571428571,0.0004
902,1.5483776926994324,1.5400711297988892,0.36538461538461536,0.8269230769230769,0.21428571428571427,0.8571428571428571,0.0004
903,1.531150996685028,1.5409562587738037,0.36538461538461536,0.8269230769230769,0.21428571428571427,0.8571428571428571,0.0004
904,1.5521146059036255,1.5422241687774658,0.36538461538461536,0.8269230769230769,0.21428571428571427,0.8571428571428571,0.0004
905,1.5317943692207336,1.5428874492645264,0.36538461538461536,0.8269230769230769,0.21428571428571427,0.8571428571428571,0.0004
906,1.5638397932052612,1.5435872077941895,0.36538461538461536,0.8269230769230769,0.21428571428571427,0.8571428571428571,0.0004
907,1.575678825378418,1.544234275817871,0.36538461538461536,0.8269230769230769,0.21428571428571427,0.8571428571428571,0.0004
908,1.5682295560836792,1.5453126430511475,0.36538461538461536,0.8269230769230769,0.21428571428571427,0.8571428571428571,0.0004
909,1.5753825902938843,1.545526385307312,0.36538461538461536,0.8269230769230769,0.21428571428571427,0.8571428571428571,0.0004
910,1.534122884273529,1.545945644378662,0.36538461538461536,0.8269230769230769,0.21428571428571427,0.8571428571428571,0.0004
911,1.577731728553772,1.5460621118545532,0.36538461538461536,0.8269230769230769,0.21428571428571427,0.8571428571428571,0.0004
912,1.5510565638542175,1.5461106300354004,0.36538461538461536,0.8269230769230769,0.21428571428571427,0.8571428571428571,0.0004
913,1.5513100624084473,1.5457178354263306,0.36538461538461536,0.8269230769230769,0.21428571428571427,0.8571428571428571,0.0004
914,1.5344930291175842,1.545005440711975,0.36538461538461536,0.8269230769230769,0.21428571428571427,0.8571428571428571,0.0004
915,1.5355756282806396,1.5442655086517334,0.36538461538461536,0.8269230769230769,0.21428571428571427,0.8571428571428571,0.0004
916,1.5219449996948242,1.5435080528259277,0.36538461538461536,0.8269230769230769,0.21428571428571427,0.8571428571428571,0.0004
917,1.551647424697876,1.5424550771713257,0.36538461538461536,0.8269230769230769,0.21428571428571427,0.8571428571428571,0.0004
918,1.5563950538635254,1.5413166284561157,0.36538461538461536,0.8269230769230769,0.21428571428571427,0.8571428571428571,0.0004
919,1.533180296421051,1.5391175746917725,0.36538461538461536,0.8269230769230769,0.21428571428571427,0.8571428571428571,0.0004
920,1.5213158130645752,1.5373315811157227,0.36538461538461536,0.8269230769230769,0.21428571428571427,0.8571428571428571,0.0004
921,1.536106288433075,1.5354633331298828,0.36538461538461536,0.8269230769230769,0.21428571428571427,0.8571428571428571,0.0004
922,1.5336014032363892,1.533440113067627,0.36538461538461536,0.8269230769230769,0.21428571428571427,0.8571428571428571,0.0004
923,1.5478215217590332,1.5316951274871826,0.36538461538461536,0.8269230769230769,0.21428571428571427,0.8571428571428571,0.0004
924,1.549357831478119,1.5305455923080444,0.36538461538461536,0.8269230769230769,0.21428571428571427,0.8571428571428571,0.0004
925,1.5813846588134766,1.5297162532806396,0.36538461538461536,0.8269230769230769,0.21428571428571427,0.8571428571428571,0.0004
926,1.5483840107917786,1.5293822288513184,0.36538461538461536,0.8269230769230769,0.21428571428571427,0.8571428571428571,0.0004
927,1.5331969857215881,1.5294805765151978,0.36538461538461536,0.8269230769230769,0.21428571428571427,0.8571428571428571,0.0004
928,1.548332154750824,1.5299932956695557,0.36538461538461536,0.8269230769230769,0.21428571428571427,0.8571428571428571,0.0004
929,1.561174988746643,1.530697226524353,0.36538461538461536,0.8269230769230769,0.21428571428571427,0.8571428571428571,0.0004
930,1.5665879249572754,1.5324368476867676,0.36538461538461536,0.8269230769230769,0.21428571428571427,0.8571428571428571,0.0004
931,1.5495774745941162,1.5339372158050537,0.36538461538461536,0.8269230769230769,0.21428571428571427,0.8571428571428571,0.0004
932,1.5815517902374268,1.5353161096572876,0.36538461538461536,0.8269230769230769,0.21428571428571427,0.8571428571428571,0.0004
933,1.5828808546066284,1.5365135669708252,0.36538461538461536,0.8269230769230769,0.21428571428571427,0.8571428571428571,0.0004
934,1.5447311997413635,1.5370622873306274,0.36538461538461536,0.8269230769230769,0.21428571428571427,0.8571428571428571,0.0004
935,1.5589963793754578,1.538194179534912,0.36538461538461536,0.8269230769230769,0.21428571428571427,0.8571428571428571,0.0004
936,1.5695701837539673,1.5402305126190186,0.36538461538461536,0.8269230769230769,0.21428571428571427,0.8571428571428571,0.0004
937,1.546142041683197,1.5410840511322021,0.36538461538461536,0.8269230769230769,0.21428571428571427,0.8571428571428571,0.0004
938,1.5979509353637695,1.5423005819320679,0.36538461538461536,0.8269230769230769,0.21428571428571427,0.8571428571428571,0.0004
939,1.5577701330184937,1.5430612564086914,0.36538461538461536,0.8269230769230769,0.21428571428571427,0.8571428571428571,0.0004
940,1.5793280601501465,1.542467474937439,0.36538461538461536,0.8269230769230769,0.21428571428571427,0.8571428571428571,0.0004
941,1.548776090145111,1.541757583618164,0.36538461538461536,0.8269230769230769,0.21428571428571427,0.8571428571428571,0.0004
942,1.5788651704788208,1.5411030054092407,0.36538461538461536,0.8269230769230769,0.21428571428571427,0.8571428571428571,0.0004
943,1.5670930743217468,1.54050874710083,0.36538461538461536,0.8269230769230769,0.21428571428571427,0.8571428571428571,0.0004
944,1.5624719858169556,1.5394142866134644,0.36538461538461536,0.8269230769230769,0.21428571428571427,0.8571428571428571,0.0004
945,1.5672655701637268,1.5386998653411865,0.36538461538461536,0.8269230769230769,0.21428571428571427,0.8571428571428571,0.0004
946,1.5772836804389954,1.537440299987793,0.36538461538461536,0.8269230769230769,0.21428571428571427,0.8571428571428571,0.0004
947,1.5787565112113953,1.5366222858428955,0.36538461538461536,0.8269230769230769,0.21428571428571427,0.8571428571428571,0.0004
948,1.549947440624237,1.5357933044433594,0.36538461538461536,0.8269230769230769,0.21428571428571427,0.8571428571428571,0.0004
949,1.565870225429535,1.5352575778961182,0.36538461538461536,0.8269230769230769,0.21428571428571427,0.8571428571428571,0.0004
950,1.5386691689491272,1.5349880456924438,0.36538461538461536,0.8269230769230769,0.21428571428571427,0.8571428571428571,0.0004
951,1.5394536256790161,1.534338116645813,0.36538461538461536,0.8269230769230769,0.21428571428571427,0.8571428571428571,0.0004
952,1.5914567112922668,1.5332592725753784,0.36538461538461536,0.8269230769230769,0.21428571428571427,0.8571428571428571,0.0004
953,1.5648557543754578,1.532889485359192,0.36538461538461536,0.8269230769230769,0.21428571428571427,0.8571428571428571,0.0004
954,1.5490792393684387,1.5327720642089844,0.36538461538461536,0.8269230769230769,0.21428571428571427,0.8571428571428571,0.0004
955,1.5382155776023865,1.5329384803771973,0.36538461538461536,0.8269230769230769,0.21428571428571427,0.8571428571428571,0.0004
956,1.5569937825202942,1.533205270767212,0.36538461538461536,0.8269230769230769,0.21428571428571427,0.8571428571428571,0.0004
957,1.5335818529129028,1.5324773788452148,0.36538461538461536,0.8269230769230769,0.21428571428571427,0.8571428571428571,0.0004
958,1.5330286622047424,1.5320547819137573,0.36538461538461536,0.8269230769230769,0.21428571428571427,0.8571428571428571,0.0004
959,1.595717430114746,1.5323927402496338,0.36538461538461536,0.8269230769230769,0.21428571428571427,0.8571428571428571,0.0004
960,1.5498282313346863,1.532853603363037,0.36538461538461536,0.8269230769230769,0.21428571428571427,0.8571428571428571,0.0004
961,1.5507242679595947,1.5334290266036987,0.36538461538461536,0.8269230769230769,0.21428571428571427,0.8571428571428571,0.0004
962,1.572059988975525,1.5340815782546997,0.36538461538461536,0.8269230769230769,0.21428571428571427,0.8571428571428571,0.0004
963,1.5682929754257202,1.5337090492248535,0.36538461538461536,0.8269230769230769,0.21428571428571427,0.8571428571428571,0.0004
964,1.5639402866363525,1.5328561067581177,0.36538461538461536,0.8269230769230769,0.21428571428571427,0.8571428571428571,0.0004
965,1.534575343132019,1.5323801040649414,0.36538461538461536,0.8269230769230769,0.21428571428571427,0.8571428571428571,0.0004
966,1.5213623046875,1.5320405960083008,0.36538461538461536,0.8269230769230769,0.21428571428571427,0.8571428571428571,0.0004
967,1.5466648936271667,1.531204342842102,0.36538461538461536,0.8269230769230769,0.21428571428571427,0.8571428571428571,0.0004
968,1.5226038694381714,1.5313057899475098,0.36538461538461536,0.8269230769230769,0.21428571428571427,0.8571428571428571,0.0004
969,1.5961453914642334,1.5307235717773438,0.36538461538461536,0.8269230769230769,0.21428571428571427,0.8571428571428571,0.0004
970,1.5296029448509216,1.5302590131759644,0.36538461538461536,0.8269230769230769,0.21428571428571427,0.8571428571428571,0.0004
971,1.547961413860321,1.5308696031570435,0.36538461538461536,0.8269230769230769,0.21428571428571427,0.8571428571428571,0.0004
972,1.5479138493537903,1.5318479537963867,0.36538461538461536,0.8269230769230769,0.21428571428571427,0.8571428571428571,0.0004
973,1.5526821613311768,1.533239483833313,0.36538461538461536,0.8269230769230769,0.21428571428571427,0.8571428571428571,0.0004
974,1.5779056549072266,1.5338830947875977,0.36538461538461536,0.8269230769230769,0.21428571428571427,0.8571428571428571,0.0004
975,1.548944354057312,1.5349818468093872,0.36538461538461536,0.8269230769230769,0.21428571428571427,0.8571428571428571,0.0004
976,1.5375595688819885,1.5362054109573364,0.36538461538461536,0.8269230769230769,0.21428571428571427,0.8571428571428571,0.0004
977,1.5345869064331055,1.5367484092712402,0.36538461538461536,0.8269230769230769,0.21428571428571427,0.8571428571428571,0.0004
978,1.5345863699913025,1.537123203277588,0.36538461538461536,0.8269230769230769,0.21428571428571427,0.8571428571428571,0.0004
979,1.5345603823661804,1.5373269319534302,0.36538461538461536,0.8269230769230769,0.21428571428571427,0.8571428571428571,0.0004
980,1.5700017213821411,1.5375287532806396,0.36538461538461536,0.8269230769230769,0.21428571428571427,0.8571428571428571,0.0004
981,1.5501812100410461,1.5369341373443604,0.36538461538461536,0.8269230769230769,0.21428571428571427,0.8571428571428571,0.0004
982,1.5495686531066895,1.5362350940704346,0.36538461538461536,0.8269230769230769,0.21428571428571427,0.8571428571428571,0.0004
983,1.5532253980636597,1.5357038974761963,0.36538461538461536,0.8269230769230769,0.21428571428571427,0.8571428571428571,0.0004
984,1.5484548807144165,1.5345991849899292,0.36538461538461536,0.8269230769230769,0.21428571428571427,0.8571428571428571,0.0004
985,1.5955796241760254,1.5337709188461304,0.36538461538461536,0.8269230769230769,0.21428571428571427,0.8571428571428571,0.0004
986,1.537140130996704,1.5333521366119385,0.36538461538461536,0.8269230769230769,0.21428571428571427,0.8571428571428571,0.0004
987,1.5523535013198853,1.532632827758789,0.36538461538461536,0.8269230769230769,0.21428571428571427,0.8571428571428571,0.0004
988,1.553335428237915,1.5317497253417969,0.36538461538461536,0.8269230769230769,0.21428571428571427,0.8571428571428571,0.0004
989,1.5700963139533997,1.5305836200714111,0.36538461538461536,0.8269230769230769,0.21428571428571427,0.8571428571428571,0.0004
990,1.5506685376167297,1.5288422107696533,0.36538461538461536,0.8269230769230769,0.21428571428571427,0.8571428571428571,0.0004
991,1.5502921342849731,1.5273172855377197,0.36538461538461536,0.8269230769230769,0.21428571428571427,0.8571428571428571,0.0004
992,1.5701855421066284,1.5262503623962402,0.36538461538461536,0.8269230769230769,0.21428571428571427,0.8571428571428571,0.0004
993,1.5639715790748596,1.5245361328125,0.36538461538461536,0.8269230769230769,0.21428571428571427,0.8571428571428571,0.0004
994,1.5348474979400635,1.523629903793335,0.36538461538461536,0.8269230769230769,0.21428571428571427,0.8571428571428571,0.0004
995,1.565764307975769,1.5233042240142822,0.36538461538461536,0.8269230769230769,0.21428571428571427,0.8571428571428571,0.0004
996,1.5646430850028992,1.5231351852416992,0.36538461538461536,0.8269230769230769,0.21428571428571427,0.8571428571428571,0.0004
997,1.535235345363617,1.5235167741775513,0.36538461538461536,0.8269230769230769,0.21428571428571427,0.8571428571428571,0.0004
998,1.5521202087402344,1.5243415832519531,0.36538461538461536,0.8269230769230769,0.21428571428571427,0.8571428571428571,0.0004
999,1.5645724534988403,1.5248217582702637,0.36538461538461536,0.8269230769230769,0.21428571428571427,0.8571428571428571,0.0004
1000,1.5205628275871277,1.5257327556610107,0.36538461538461536,0.8269230769230769,0.21428571428571427,0.8571428571428571,0.0004
