epoch,train_loss,val_loss,train_acc_action,train_acc_status,val_acc_action,val_acc_status,learning_rate
1,1.8055139183998108,1.8020391464233398,0.36538461538461536,0.17307692307692307,0.21428571428571427,0.14285714285714285,0.0004
2,1.796385645866394,1.7930974960327148,0.36538461538461536,0.17307692307692307,0.21428571428571427,0.8571428571428571,0.0004
3,1.788018822669983,1.7853612899780273,0.36538461538461536,0.8269230769230769,0.21428571428571427,0.8571428571428571,0.0004
4,1.7819594144821167,1.7776257991790771,0.40384615384615385,0.8269230769230769,0.35714285714285715,0.8571428571428571,0.0004
5,1.776711344718933,1.768518328666687,0.3269230769230769,0.8269230769230769,0.35714285714285715,0.8571428571428571,0.0004
6,1.7651877403259277,1.7557767629623413,0.3269230769230769,0.8269230769230769,0.35714285714285715,0.8571428571428571,0.0004
7,1.7535441517829895,1.7337255477905273,0.3269230769230769,0.8269230769230769,0.35714285714285715,0.8571428571428571,0.0004
8,1.7338320016860962,1.6961605548858643,0.3269230769230769,0.8269230769230769,0.35714285714285715,0.8571428571428571,0.0004
9,1.700269103050232,1.638537049293518,0.3269230769230769,0.8269230769230769,0.35714285714285715,0.8571428571428571,0.0004
10,1.6294106245040894,1.5778987407684326,0.34615384615384615,0.8269230769230769,0.42857142857142855,0.8571428571428571,0.0004
11,1.60518079996109,1.5439225435256958,0.3076923076923077,0.8269230769230769,0.21428571428571427,0.8571428571428571,0.0004
12,1.538715422153473,1.5301787853240967,0.36538461538461536,0.8269230769230769,0.21428571428571427,0.8571428571428571,0.0004
13,1.5127589106559753,1.5317087173461914,0.36538461538461536,0.8269230769230769,0.21428571428571427,0.8571428571428571,0.0004
14,1.5821461081504822,1.5362417697906494,0.36538461538461536,0.8269230769230769,0.21428571428571427,0.8571428571428571,0.0004
15,1.5468497276306152,1.5416706800460815,0.36538461538461536,0.8269230769230769,0.21428571428571427,0.8571428571428571,0.0004
16,1.5327902436256409,1.5485777854919434,0.36538461538461536,0.8269230769230769,0.21428571428571427,0.8571428571428571,0.0004
17,1.604943037033081,1.5523018836975098,0.36538461538461536,0.8269230769230769,0.21428571428571427,0.8571428571428571,0.0004
18,1.6169707775115967,1.5536725521087646,0.36538461538461536,0.8269230769230769,0.21428571428571427,0.8571428571428571,0.0004
19,1.558302879333496,1.548123836517334,0.36538461538461536,0.8269230769230769,0.21428571428571427,0.8571428571428571,0.0004
20,1.5571550726890564,1.5402958393096924,0.36538461538461536,0.8269230769230769,0.21428571428571427,0.8571428571428571,0.0004
21,1.5404621362686157,1.5323231220245361,0.36538461538461536,0.8269230769230769,0.21428571428571427,0.8571428571428571,0.0004
22,1.589002549648285,1.5235424041748047,0.36538461538461536,0.8269230769230769,0.21428571428571427,0.8571428571428571,0.0004
23,1.6051802039146423,1.5183522701263428,0.36538461538461536,0.8269230769230769,0.21428571428571427,0.8571428571428571,0.0004
24,1.5879594683647156,1.516234278678894,0.36538461538461536,0.8269230769230769,0.21428571428571427,0.8571428571428571,0.0004
25,1.5532811880111694,1.5144917964935303,0.36538461538461536,0.8269230769230769,0.21428571428571427,0.8571428571428571,0.0004
26,1.5688809156417847,1.5131142139434814,0.2692307692307692,0.8269230769230769,0.35714285714285715,0.8571428571428571,0.0004
27,1.5532625913619995,1.5166021585464478,0.3269230769230769,0.8269230769230769,0.35714285714285715,0.8571428571428571,0.0004
28,1.5271924138069153,1.5216553211212158,0.3269230769230769,0.8269230769230769,0.21428571428571427,0.8571428571428571,0.0004
29,1.5792479515075684,1.5240299701690674,0.36538461538461536,0.8269230769230769,0.21428571428571427,0.8571428571428571,0.0004
30,1.5797436237335205,1.528206706047058,0.36538461538461536,0.8269230769230769,0.21428571428571427,0.8571428571428571,0.0004
31,1.5383657217025757,1.5326968431472778,0.36538461538461536,0.8269230769230769,0.21428571428571427,0.8571428571428571,0.0004
32,1.5233625173568726,1.5368082523345947,0.36538461538461536,0.8269230769230769,0.21428571428571427,0.8571428571428571,0.0004
33,1.5663222670555115,1.5406240224838257,0.36538461538461536,0.8269230769230769,0.21428571428571427,0.8571428571428571,0.0004
34,1.5673333406448364,1.5434143543243408,0.36538461538461536,0.8269230769230769,0.21428571428571427,0.8571428571428571,0.0004
35,1.5544930696487427,1.544769048690796,0.36538461538461536,0.8269230769230769,0.21428571428571427,0.8571428571428571,0.0004
36,1.5501222610473633,1.5439412593841553,0.36538461538461536,0.8269230769230769,0.21428571428571427,0.8571428571428571,0.0004
37,1.5695933103561401,1.5435211658477783,0.36538461538461536,0.8269230769230769,0.21428571428571427,0.8571428571428571,0.0004
38,1.5778334140777588,1.5409564971923828,0.36538461538461536,0.8269230769230769,0.21428571428571427,0.8571428571428571,0.0004
39,1.5374102592468262,1.5390946865081787,0.36538461538461536,0.8269230769230769,0.21428571428571427,0.8571428571428571,0.0004
40,1.5670505166053772,1.5371811389923096,0.36538461538461536,0.8269230769230769,0.21428571428571427,0.8571428571428571,0.0004
41,1.5502384901046753,1.5343879461288452,0.36538461538461536,0.8269230769230769,0.21428571428571427,0.8571428571428571,0.0004
42,1.5823580622673035,1.5329021215438843,0.36538461538461536,0.8269230769230769,0.21428571428571427,0.8571428571428571,0.0004
43,1.5653417706489563,1.530362844467163,0.36538461538461536,0.8269230769230769,0.21428571428571427,0.8571428571428571,0.0004
44,1.564233422279358,1.5280119180679321,0.36538461538461536,0.8269230769230769,0.21428571428571427,0.8571428571428571,0.0004
45,1.566011667251587,1.5271483659744263,0.36538461538461536,0.8269230769230769,0.21428571428571427,0.8571428571428571,0.0004
46,1.5828258395195007,1.527091145515442,0.36538461538461536,0.8269230769230769,0.21428571428571427,0.8571428571428571,0.0004
47,1.5364912152290344,1.5257596969604492,0.36538461538461536,0.8269230769230769,0.21428571428571427,0.8571428571428571,0.0004
48,1.5780273079872131,1.524953007698059,0.36538461538461536,0.8269230769230769,0.21428571428571427,0.8571428571428571,0.0004
49,1.5518075227737427,1.5263129472732544,0.36538461538461536,0.8269230769230769,0.21428571428571427,0.8571428571428571,0.0004
50,1.5388294458389282,1.5276963710784912,0.36538461538461536,0.8269230769230769,0.21428571428571427,0.8571428571428571,0.0004
51,1.541422963142395,1.5283440351486206,0.36538461538461536,0.8269230769230769,0.21428571428571427,0.8571428571428571,0.0004
52,1.5492761731147766,1.5270812511444092,0.36538461538461536,0.8269230769230769,0.21428571428571427,0.8571428571428571,0.0004
53,1.5815433859825134,1.527165174484253,0.36538461538461536,0.8269230769230769,0.21428571428571427,0.8571428571428571,0.0004
54,1.5676285028457642,1.5272105932235718,0.36538461538461536,0.8269230769230769,0.21428571428571427,0.8571428571428571,0.0004
55,1.5672393441200256,1.5269241333007812,0.36538461538461536,0.8269230769230769,0.21428571428571427,0.8571428571428571,0.0004
56,1.5647673606872559,1.525901436805725,0.36538461538461536,0.8269230769230769,0.21428571428571427,0.8571428571428571,0.0004
57,1.5389018654823303,1.526082992553711,0.36538461538461536,0.8269230769230769,0.21428571428571427,0.8571428571428571,0.0004
58,1.580704391002655,1.5250418186187744,0.36538461538461536,0.8269230769230769,0.21428571428571427,0.8571428571428571,0.0004
59,1.5649669170379639,1.524414300918579,0.36538461538461536,0.8269230769230769,0.21428571428571427,0.8571428571428571,0.0004
60,1.5192557573318481,1.5243221521377563,0.36538461538461536,0.8269230769230769,0.21428571428571427,0.8571428571428571,0.0004
61,1.5655971765518188,1.526238203048706,0.36538461538461536,0.8269230769230769,0.21428571428571427,0.8571428571428571,0.0004
62,1.5517699718475342,1.5286478996276855,0.36538461538461536,0.8269230769230769,0.21428571428571427,0.8571428571428571,0.0004
63,1.5199450850486755,1.5303306579589844,0.36538461538461536,0.8269230769230769,0.21428571428571427,0.8571428571428571,0.0004
64,1.5943704843521118,1.532300591468811,0.36538461538461536,0.8269230769230769,0.21428571428571427,0.8571428571428571,0.0004
65,1.56595116853714,1.5345393419265747,0.36538461538461536,0.8269230769230769,0.21428571428571427,0.8571428571428571,0.0004
66,1.5365978479385376,1.536301851272583,0.36538461538461536,0.8269230769230769,0.21428571428571427,0.8571428571428571,0.0004
67,1.5601698160171509,1.5364623069763184,0.36538461538461536,0.8269230769230769,0.21428571428571427,0.8571428571428571,0.0004
68,1.5612767934799194,1.538428783416748,0.36538461538461536,0.8269230769230769,0.21428571428571427,0.8571428571428571,0.0004
69,1.5160621404647827,1.5410122871398926,0.36538461538461536,0.8269230769230769,0.21428571428571427,0.8571428571428571,0.0004
70,1.5043048858642578,1.54473876953125,0.36538461538461536,0.8269230769230769,0.21428571428571427,0.8571428571428571,0.0004
71,1.5156610608100891,1.5474461317062378,0.36538461538461536,0.8269230769230769,0.21428571428571427,0.8571428571428571,0.0004
72,1.5338004231452942,1.5505897998809814,0.36538461538461536,0.8269230769230769,0.21428571428571427,0.8571428571428571,0.0004
73,1.5782091617584229,1.552526831626892,0.36538461538461536,0.8269230769230769,0.21428571428571427,0.8571428571428571,0.0004
74,1.5499384999275208,1.5540130138397217,0.36538461538461536,0.8269230769230769,0.21428571428571427,0.8571428571428571,0.0004
75,1.5411165952682495,1.5543739795684814,0.36538461538461536,0.8269230769230769,0.21428571428571427,0.8571428571428571,0.0004
76,1.5530721545219421,1.5517436265945435,0.36538461538461536,0.8269230769230769,0.21428571428571427,0.8571428571428571,0.0004
77,1.5500338673591614,1.5473897457122803,0.36538461538461536,0.8269230769230769,0.21428571428571427,0.8571428571428571,0.0004
78,1.5345773100852966,1.54270339012146,0.36538461538461536,0.8269230769230769,0.21428571428571427,0.8571428571428571,0.0004
79,1.5464444160461426,1.5378209352493286,0.36538461538461536,0.8269230769230769,0.21428571428571427,0.8571428571428571,0.0004
80,1.5662515759468079,1.5348236560821533,0.36538461538461536,0.8269230769230769,0.21428571428571427,0.8571428571428571,0.0004
81,1.5810850858688354,1.5313904285430908,0.36538461538461536,0.8269230769230769,0.21428571428571427,0.8571428571428571,0.0004
82,1.5520672798156738,1.5298689603805542,0.36538461538461536,0.8269230769230769,0.21428571428571427,0.8571428571428571,0.0004
83,1.5516225099563599,1.5280488729476929,0.36538461538461536,0.8269230769230769,0.21428571428571427,0.8571428571428571,0.0004
84,1.5667558908462524,1.526392936706543,0.36538461538461536,0.8269230769230769,0.21428571428571427,0.8571428571428571,0.0004
85,1.5486741065979004,1.5243921279907227,0.36538461538461536,0.8269230769230769,0.21428571428571427,0.8571428571428571,0.0004
86,1.5794800519943237,1.5245198011398315,0.36538461538461536,0.8269230769230769,0.21428571428571427,0.8571428571428571,0.0004
87,1.5377679467201233,1.525931715965271,0.36538461538461536,0.8269230769230769,0.21428571428571427,0.8571428571428571,0.0004
88,1.5342092514038086,1.5264912843704224,0.36538461538461536,0.8269230769230769,0.21428571428571427,0.8571428571428571,0.0004
89,1.5331196188926697,1.5281224250793457,0.36538461538461536,0.8269230769230769,0.21428571428571427,0.8571428571428571,0.0004
90,1.5498924851417542,1.5311384201049805,0.36538461538461536,0.8269230769230769,0.21428571428571427,0.8571428571428571,0.0004
91,1.5957821011543274,1.5344951152801514,0.36538461538461536,0.8269230769230769,0.21428571428571427,0.8571428571428571,0.0004
92,1.5945414304733276,1.5371692180633545,0.36538461538461536,0.8269230769230769,0.21428571428571427,0.8571428571428571,0.0004
93,1.5688356161117554,1.5394834280014038,0.36538461538461536,0.8269230769230769,0.21428571428571427,0.8571428571428571,0.0004
94,1.53216952085495,1.5398147106170654,0.36538461538461536,0.8269230769230769,0.21428571428571427,0.8571428571428571,0.0004
95,1.5494602918624878,1.540972113609314,0.36538461538461536,0.8269230769230769,0.21428571428571427,0.8571428571428571,0.0004
96,1.5507109761238098,1.5417513847351074,0.36538461538461536,0.8269230769230769,0.21428571428571427,0.8571428571428571,0.0004
97,1.597978115081787,1.5420782566070557,0.36538461538461536,0.8269230769230769,0.21428571428571427,0.8571428571428571,0.0004
98,1.5816400647163391,1.5407217741012573,0.36538461538461536,0.8269230769230769,0.21428571428571427,0.8571428571428571,0.0004
99,1.5793651342391968,1.538203239440918,0.36538461538461536,0.8269230769230769,0.21428571428571427,0.8571428571428571,0.0004
100,1.5344372987747192,1.5355685949325562,0.36538461538461536,0.8269230769230769,0.21428571428571427,0.8571428571428571,0.0004
101,1.5513285398483276,1.5340957641601562,0.36538461538461536,0.8269230769230769,0.21428571428571427,0.8571428571428571,0.0004
102,1.5798548460006714,1.532965898513794,0.36538461538461536,0.8269230769230769,0.21428571428571427,0.8571428571428571,0.0004
103,1.5820649862289429,1.5318843126296997,0.36538461538461536,0.8269230769230769,0.21428571428571427,0.8571428571428571,0.0004
104,1.5967468619346619,1.53009033203125,0.36538461538461536,0.8269230769230769,0.21428571428571427,0.8571428571428571,0.0004
105,1.5647414326667786,1.5271954536437988,0.36538461538461536,0.8269230769230769,0.21428571428571427,0.8571428571428571,0.0004
106,1.5639131665229797,1.525325059890747,0.36538461538461536,0.8269230769230769,0.21428571428571427,0.8571428571428571,0.0004
107,1.5800976753234863,1.5252376794815063,0.36538461538461536,0.8269230769230769,0.21428571428571427,0.8571428571428571,0.0004
108,1.5506869554519653,1.525007724761963,0.36538461538461536,0.8269230769230769,0.21428571428571427,0.8571428571428571,0.0004
109,1.5681895017623901,1.5262773036956787,0.36538461538461536,0.8269230769230769,0.21428571428571427,0.8571428571428571,0.0004
110,1.540772259235382,1.5267536640167236,0.36538461538461536,0.8269230769230769,0.21428571428571427,0.8571428571428571,0.0004
111,1.524314522743225,1.5260131359100342,0.36538461538461536,0.8269230769230769,0.21428571428571427,0.8571428571428571,0.0004
112,1.5395736694335938,1.5261595249176025,0.36538461538461536,0.8269230769230769,0.21428571428571427,0.8571428571428571,0.0004
113,1.578709900379181,1.5266039371490479,0.36538461538461536,0.8269230769230769,0.21428571428571427,0.8571428571428571,0.0004
114,1.5356231927871704,1.5282212495803833,0.36538461538461536,0.8269230769230769,0.21428571428571427,0.8571428571428571,0.0004
115,1.5638872385025024,1.5304946899414062,0.36538461538461536,0.8269230769230769,0.21428571428571427,0.8571428571428571,0.0004
116,1.5456648468971252,1.5330910682678223,0.36538461538461536,0.8269230769230769,0.21428571428571427,0.8571428571428571,0.0004
117,1.5637601017951965,1.5383176803588867,0.36538461538461536,0.8269230769230769,0.21428571428571427,0.8571428571428571,0.0004
118,1.5650566816329956,1.5433381795883179,0.36538461538461536,0.8269230769230769,0.21428571428571427,0.8571428571428571,0.0004
119,1.596874475479126,1.5475118160247803,0.36538461538461536,0.8269230769230769,0.21428571428571427,0.8571428571428571,0.0004
120,1.5514264702796936,1.5503908395767212,0.36538461538461536,0.8269230769230769,0.21428571428571427,0.8571428571428571,0.0004
121,1.5610171556472778,1.5513277053833008,0.36538461538461536,0.8269230769230769,0.21428571428571427,0.8571428571428571,0.0004
122,1.5648384094238281,1.5522569417953491,0.36538461538461536,0.8269230769230769,0.21428571428571427,0.8571428571428571,0.0004
123,1.5773910284042358,1.551941990852356,0.36538461538461536,0.8269230769230769,0.21428571428571427,0.8571428571428571,0.0004
124,1.5331330299377441,1.551093578338623,0.36538461538461536,0.8269230769230769,0.21428571428571427,0.8571428571428571,0.0004
125,1.5949843525886536,1.5503296852111816,0.36538461538461536,0.8269230769230769,0.21428571428571427,0.8571428571428571,0.0004
126,1.5702455043792725,1.548902988433838,0.36538461538461536,0.8269230769230769,0.21428571428571427,0.8571428571428571,0.0004
127,1.558146357536316,1.5457854270935059,0.36538461538461536,0.8269230769230769,0.21428571428571427,0.8571428571428571,0.0004
128,1.5208412408828735,1.540334701538086,0.36538461538461536,0.8269230769230769,0.21428571428571427,0.8571428571428571,0.0004
129,1.56585693359375,1.535880446434021,0.36538461538461536,0.8269230769230769,0.21428571428571427,0.8571428571428571,0.0004
130,1.5615838170051575,1.531134843826294,0.36538461538461536,0.8269230769230769,0.21428571428571427,0.8571428571428571,0.0004
131,1.5688252449035645,1.5289230346679688,0.36538461538461536,0.8269230769230769,0.21428571428571427,0.8571428571428571,0.0004
132,1.5512893795967102,1.5261523723602295,0.36538461538461536,0.8269230769230769,0.21428571428571427,0.8571428571428571,0.0004
133,1.5513765811920166,1.5243054628372192,0.36538461538461536,0.8269230769230769,0.21428571428571427,0.8571428571428571,0.0004
134,1.5667856335639954,1.5231711864471436,0.36538461538461536,0.8269230769230769,0.21428571428571427,0.8571428571428571,0.0004
135,1.550743281841278,1.5220316648483276,0.36538461538461536,0.8269230769230769,0.21428571428571427,0.8571428571428571,0.0004
136,1.5649166703224182,1.521806240081787,0.36538461538461536,0.8269230769230769,0.21428571428571427,0.8571428571428571,0.0004
137,1.5496456623077393,1.522611379623413,0.36538461538461536,0.8269230769230769,0.21428571428571427,0.8571428571428571,0.0004
138,1.5501553416252136,1.5247535705566406,0.36538461538461536,0.8269230769230769,0.21428571428571427,0.8571428571428571,0.0004
139,1.564526617527008,1.5275874137878418,0.36538461538461536,0.8269230769230769,0.21428571428571427,0.8571428571428571,0.0004
140,1.5679850578308105,1.5311049222946167,0.36538461538461536,0.8269230769230769,0.21428571428571427,0.8571428571428571,0.0004
141,1.5693002939224243,1.534407138824463,0.36538461538461536,0.8269230769230769,0.21428571428571427,0.8571428571428571,0.0004
142,1.5350578427314758,1.5361849069595337,0.36538461538461536,0.8269230769230769,0.21428571428571427,0.8571428571428571,0.0004
143,1.5695037245750427,1.5378221273422241,0.36538461538461536,0.8269230769230769,0.21428571428571427,0.8571428571428571,0.0004
144,1.5532149076461792,1.5378371477127075,0.36538461538461536,0.8269230769230769,0.21428571428571427,0.8571428571428571,0.0004
145,1.5673807859420776,1.5365746021270752,0.36538461538461536,0.8269230769230769,0.21428571428571427,0.8571428571428571,0.0004
146,1.5218665599822998,1.534413456916809,0.36538461538461536,0.8269230769230769,0.21428571428571427,0.8571428571428571,0.0004
147,1.553688108921051,1.5322768688201904,0.36538461538461536,0.8269230769230769,0.21428571428571427,0.8571428571428571,0.0004
148,1.5827269554138184,1.5293114185333252,0.36538461538461536,0.8269230769230769,0.21428571428571427,0.8571428571428571,0.0004
149,1.5664657354354858,1.526102900505066,0.36538461538461536,0.8269230769230769,0.21428571428571427,0.8571428571428571,0.0004
150,1.567109227180481,1.5231069326400757,0.36538461538461536,0.8269230769230769,0.21428571428571427,0.8571428571428571,0.0004
151,1.5951398611068726,1.5203863382339478,0.36538461538461536,0.8269230769230769,0.21428571428571427,0.8571428571428571,0.0004
152,1.564926028251648,1.5189170837402344,0.36538461538461536,0.8269230769230769,0.21428571428571427,0.8571428571428571,0.0004
153,1.5950815677642822,1.5194772481918335,0.36538461538461536,0.8269230769230769,0.21428571428571427,0.8571428571428571,0.0004
154,1.580332636833191,1.5208796262741089,0.36538461538461536,0.8269230769230769,0.21428571428571427,0.8571428571428571,0.0004
155,1.5380550622940063,1.5220187902450562,0.19230769230769232,0.8269230769230769,0.35714285714285715,0.8571428571428571,0.0004
156,1.5383006930351257,1.5257911682128906,0.3269230769230769,0.8269230769230769,0.35714285714285715,0.8571428571428571,0.0004
157,1.5370408296585083,1.5290539264678955,0.3269230769230769,0.8269230769230769,0.35714285714285715,0.8571428571428571,0.0004
158,1.5786243677139282,1.5325162410736084,0.3076923076923077,0.8269230769230769,0.21428571428571427,0.8571428571428571,0.0004
159,1.579990029335022,1.5361969470977783,0.36538461538461536,0.8269230769230769,0.21428571428571427,0.8571428571428571,0.0004
160,1.5365492105484009,1.5395207405090332,0.36538461538461536,0.8269230769230769,0.21428571428571427,0.8571428571428571,0.0004
161,1.5799952149391174,1.542527675628662,0.36538461538461536,0.8269230769230769,0.21428571428571427,0.8571428571428571,0.0004
162,1.5799534916877747,1.5448518991470337,0.36538461538461536,0.8269230769230769,0.21428571428571427,0.8571428571428571,0.0004
163,1.5457517504692078,1.5460104942321777,0.36538461538461536,0.8269230769230769,0.21428571428571427,0.8571428571428571,0.0004
164,1.573222041130066,1.5484040975570679,0.36538461538461536,0.8269230769230769,0.21428571428571427,0.8571428571428571,0.0004
165,1.5412447452545166,1.5484830141067505,0.36538461538461536,0.8269230769230769,0.21428571428571427,0.8571428571428571,0.0004
166,1.5753310322761536,1.5471582412719727,0.36538461538461536,0.8269230769230769,0.21428571428571427,0.8571428571428571,0.0004
167,1.5654377937316895,1.5426968336105347,0.36538461538461536,0.8269230769230769,0.21428571428571427,0.8571428571428571,0.0004
168,1.563494086265564,1.5381207466125488,0.36538461538461536,0.8269230769230769,0.21428571428571427,0.8571428571428571,0.0004
169,1.547103762626648,1.5341911315917969,0.36538461538461536,0.8269230769230769,0.21428571428571427,0.8571428571428571,0.0004
170,1.5381609797477722,1.532332181930542,0.36538461538461536,0.8269230769230769,0.21428571428571427,0.8571428571428571,0.0004
171,1.533238410949707,1.5293936729431152,0.36538461538461536,0.8269230769230769,0.21428571428571427,0.8571428571428571,0.0004
172,1.5664473176002502,1.5284688472747803,0.36538461538461536,0.8269230769230769,0.21428571428571427,0.8571428571428571,0.0004
173,1.5358203053474426,1.5273115634918213,0.36538461538461536,0.8269230769230769,0.21428571428571427,0.8571428571428571,0.0004
174,1.5956278443336487,1.52601158618927,0.36538461538461536,0.8269230769230769,0.21428571428571427,0.8571428571428571,0.0004
175,1.5709469318389893,1.525839924812317,0.36538461538461536,0.8269230769230769,0.21428571428571427,0.8571428571428571,0.0004
176,1.565011739730835,1.5236120223999023,0.36538461538461536,0.8269230769230769,0.21428571428571427,0.8571428571428571,0.0004
177,1.5840702056884766,1.523911952972412,0.36538461538461536,0.8269230769230769,0.21428571428571427,0.8571428571428571,0.0004
178,1.5344493985176086,1.5238319635391235,0.36538461538461536,0.8269230769230769,0.21428571428571427,0.8571428571428571,0.0004
179,1.5664482712745667,1.5246317386627197,0.36538461538461536,0.8269230769230769,0.21428571428571427,0.8571428571428571,0.0004
180,1.5354021787643433,1.5259101390838623,0.36538461538461536,0.8269230769230769,0.21428571428571427,0.8571428571428571,0.0004
181,1.5051575303077698,1.5277037620544434,0.36538461538461536,0.8269230769230769,0.21428571428571427,0.8571428571428571,0.0004
182,1.532471239566803,1.5297718048095703,0.36538461538461536,0.8269230769230769,0.21428571428571427,0.8571428571428571,0.0004
183,1.548798680305481,1.5330734252929688,0.36538461538461536,0.8269230769230769,0.21428571428571427,0.8571428571428571,0.0004
184,1.5552361011505127,1.5370159149169922,0.36538461538461536,0.8269230769230769,0.21428571428571427,0.8571428571428571,0.0004
185,1.5548032522201538,1.5391380786895752,0.36538461538461536,0.8269230769230769,0.21428571428571427,0.8571428571428571,0.0004
186,1.5662918090820312,1.5393345355987549,0.36538461538461536,0.8269230769230769,0.21428571428571427,0.8571428571428571,0.0004
187,1.5572426319122314,1.5392861366271973,0.36538461538461536,0.8269230769230769,0.21428571428571427,0.8571428571428571,0.0004
188,1.5530866384506226,1.5370006561279297,0.36538461538461536,0.8269230769230769,0.21428571428571427,0.8571428571428571,0.0004
189,1.5665355920791626,1.5338852405548096,0.36538461538461536,0.8269230769230769,0.21428571428571427,0.8571428571428571,0.0004
190,1.577461838722229,1.530320405960083,0.36538461538461536,0.8269230769230769,0.21428571428571427,0.8571428571428571,0.0004
191,1.5351955890655518,1.5286786556243896,0.36538461538461536,0.8269230769230769,0.21428571428571427,0.8571428571428571,0.0004
192,1.548471748828888,1.5273381471633911,0.36538461538461536,0.8269230769230769,0.21428571428571427,0.8571428571428571,0.0004
193,1.565960705280304,1.5273847579956055,0.36538461538461536,0.8269230769230769,0.21428571428571427,0.8571428571428571,0.0004
194,1.5956998467445374,1.5275466442108154,0.36538461538461536,0.8269230769230769,0.21428571428571427,0.8571428571428571,0.0004
195,1.5659300088882446,1.5279996395111084,0.36538461538461536,0.8269230769230769,0.21428571428571427,0.8571428571428571,0.0004
196,1.5371017456054688,1.528412103652954,0.36538461538461536,0.8269230769230769,0.21428571428571427,0.8571428571428571,0.0004
197,1.5366894602775574,1.5285828113555908,0.36538461538461536,0.8269230769230769,0.21428571428571427,0.8571428571428571,0.0004
198,1.5495776534080505,1.5288132429122925,0.36538461538461536,0.8269230769230769,0.21428571428571427,0.8571428571428571,0.0004
199,1.5509033203125,1.529660701751709,0.36538461538461536,0.8269230769230769,0.21428571428571427,0.8571428571428571,0.0004
200,1.5687244534492493,1.5307011604309082,0.36538461538461536,0.8269230769230769,0.21428571428571427,0.8571428571428571,0.0004
201,1.5506578087806702,1.5304884910583496,0.36538461538461536,0.8269230769230769,0.21428571428571427,0.8571428571428571,0.0004
202,1.5661624670028687,1.530314564704895,0.36538461538461536,0.8269230769230769,0.21428571428571427,0.8571428571428571,0.0004
203,1.5662159323692322,1.53000009059906,0.36538461538461536,0.8269230769230769,0.21428571428571427,0.8571428571428571,0.0004
204,1.5476003289222717,1.5291894674301147,0.36538461538461536,0.8269230769230769,0.21428571428571427,0.8571428571428571,0.0004
205,1.5472908020019531,1.529660701751709,0.36538461538461536,0.8269230769230769,0.21428571428571427,0.8571428571428571,0.0004
206,1.5811894536018372,1.531736135482788,0.36538461538461536,0.8269230769230769,0.21428571428571427,0.8571428571428571,0.0004
207,1.592709481716156,1.5336494445800781,0.36538461538461536,0.8269230769230769,0.21428571428571427,0.8571428571428571,0.0004
208,1.5487468242645264,1.5361682176589966,0.36538461538461536,0.8269230769230769,0.21428571428571427,0.8571428571428571,0.0004
209,1.5500432848930359,1.5388307571411133,0.36538461538461536,0.8269230769230769,0.21428571428571427,0.8571428571428571,0.0004
210,1.548511266708374,1.540993571281433,0.36538461538461536,0.8269230769230769,0.21428571428571427,0.8571428571428571,0.0004
211,1.5386967658996582,1.5432548522949219,0.36538461538461536,0.8269230769230769,0.21428571428571427,0.8571428571428571,0.0004
212,1.5946491956710815,1.5439329147338867,0.36538461538461536,0.8269230769230769,0.21428571428571427,0.8571428571428571,0.0004
213,1.5376809239387512,1.5438988208770752,0.36538461538461536,0.8269230769230769,0.21428571428571427,0.8571428571428571,0.0004
214,1.5820572972297668,1.5430185794830322,0.36538461538461536,0.8269230769230769,0.21428571428571427,0.8571428571428571,0.0004
215,1.5664233565330505,1.5411471128463745,0.36538461538461536,0.8269230769230769,0.21428571428571427,0.8571428571428571,0.0004
216,1.5548681020736694,1.5391268730163574,0.36538461538461536,0.8269230769230769,0.21428571428571427,0.8571428571428571,0.0004
217,1.5490077137947083,1.535607099533081,0.36538461538461536,0.8269230769230769,0.21428571428571427,0.8571428571428571,0.0004
218,1.561802625656128,1.5326006412506104,0.36538461538461536,0.8269230769230769,0.21428571428571427,0.8571428571428571,0.0004
219,1.5634849071502686,1.5314373970031738,0.36538461538461536,0.8269230769230769,0.21428571428571427,0.8571428571428571,0.0004
220,1.5495763421058655,1.5309678316116333,0.36538461538461536,0.8269230769230769,0.21428571428571427,0.8571428571428571,0.0004
221,1.5523266792297363,1.5315102338790894,0.36538461538461536,0.8269230769230769,0.21428571428571427,0.8571428571428571,0.0004
222,1.5664408802986145,1.5318186283111572,0.36538461538461536,0.8269230769230769,0.21428571428571427,0.8571428571428571,0.0004
223,1.5482200384140015,1.5314372777938843,0.36538461538461536,0.8269230769230769,0.21428571428571427,0.8571428571428571,0.0004
224,1.5648570656776428,1.5321592092514038,0.36538461538461536,0.8269230769230769,0.21428571428571427,0.8571428571428571,0.0004
225,1.5343255400657654,1.5327997207641602,0.36538461538461536,0.8269230769230769,0.21428571428571427,0.8571428571428571,0.0004
226,1.561829924583435,1.5335628986358643,0.36538461538461536,0.8269230769230769,0.21428571428571427,0.8571428571428571,0.0004
227,1.5533875823020935,1.535839557647705,0.36538461538461536,0.8269230769230769,0.21428571428571427,0.8571428571428571,0.0004
228,1.5381229519844055,1.5368940830230713,0.36538461538461536,0.8269230769230769,0.21428571428571427,0.8571428571428571,0.0004
229,1.5570710897445679,1.5371206998825073,0.36538461538461536,0.8269230769230769,0.21428571428571427,0.8571428571428571,0.0004
230,1.5463374853134155,1.534592866897583,0.36538461538461536,0.8269230769230769,0.21428571428571427,0.8571428571428571,0.0004
231,1.549351453781128,1.5337294340133667,0.36538461538461536,0.8269230769230769,0.21428571428571427,0.8571428571428571,0.0004
232,1.5536086559295654,1.5332953929901123,0.36538461538461536,0.8269230769230769,0.21428571428571427,0.8571428571428571,0.0004
233,1.5686100721359253,1.5319814682006836,0.36538461538461536,0.8269230769230769,0.21428571428571427,0.8571428571428571,0.0004
234,1.5805193185806274,1.529571533203125,0.36538461538461536,0.8269230769230769,0.21428571428571427,0.8571428571428571,0.0004
235,1.5653960704803467,1.5277398824691772,0.36538461538461536,0.8269230769230769,0.21428571428571427,0.8571428571428571,0.0004
236,1.57941472530365,1.5263428688049316,0.36538461538461536,0.8269230769230769,0.21428571428571427,0.8571428571428571,0.0004
237,1.5504047274589539,1.526252269744873,0.36538461538461536,0.8269230769230769,0.21428571428571427,0.8571428571428571,0.0004
238,1.5507910251617432,1.526509165763855,0.36538461538461536,0.8269230769230769,0.21428571428571427,0.8571428571428571,0.0004
239,1.5959491729736328,1.5271801948547363,0.36538461538461536,0.8269230769230769,0.21428571428571427,0.8571428571428571,0.0004
240,1.547603726387024,1.5275079011917114,0.36538461538461536,0.8269230769230769,0.21428571428571427,0.8571428571428571,0.0004
241,1.5357347130775452,1.5296592712402344,0.36538461538461536,0.8269230769230769,0.21428571428571427,0.8571428571428571,0.0004
242,1.5647372603416443,1.5317778587341309,0.36538461538461536,0.8269230769230769,0.21428571428571427,0.8571428571428571,0.0004
243,1.583237886428833,1.5339001417160034,0.36538461538461536,0.8269230769230769,0.21428571428571427,0.8571428571428571,0.0004
244,1.598550021648407,1.5350792407989502,0.36538461538461536,0.8269230769230769,0.21428571428571427,0.8571428571428571,0.0004
245,1.5648751854896545,1.5344774723052979,0.36538461538461536,0.8269230769230769,0.21428571428571427,0.8571428571428571,0.0004
246,1.551587462425232,1.5341358184814453,0.36538461538461536,0.8269230769230769,0.21428571428571427,0.8571428571428571,0.0004
247,1.5237624049186707,1.533015489578247,0.36538461538461536,0.8269230769230769,0.21428571428571427,0.8571428571428571,0.0004
248,1.5381488800048828,1.532219409942627,0.36538461538461536,0.8269230769230769,0.21428571428571427,0.8571428571428571,0.0004
249,1.5222232341766357,1.5321623086929321,0.36538461538461536,0.8269230769230769,0.21428571428571427,0.8571428571428571,0.0004
250,1.5627049207687378,1.5329340696334839,0.36538461538461536,0.8269230769230769,0.21428571428571427,0.8571428571428571,0.0004
251,1.5958929657936096,1.5347249507904053,0.36538461538461536,0.8269230769230769,0.21428571428571427,0.8571428571428571,0.0004
252,1.576133131980896,1.5354626178741455,0.36538461538461536,0.8269230769230769,0.21428571428571427,0.8571428571428571,0.0004
253,1.534242033958435,1.5371760129928589,0.36538461538461536,0.8269230769230769,0.21428571428571427,0.8571428571428571,0.0004
254,1.5567713975906372,1.5396109819412231,0.36538461538461536,0.8269230769230769,0.21428571428571427,0.8571428571428571,0.0004
255,1.575525164604187,1.539462924003601,0.36538461538461536,0.8269230769230769,0.21428571428571427,0.8571428571428571,0.0004
256,1.5666858553886414,1.5405625104904175,0.36538461538461536,0.8269230769230769,0.21428571428571427,0.8571428571428571,0.0004
257,1.5358308553695679,1.5406529903411865,0.36538461538461536,0.8269230769230769,0.21428571428571427,0.8571428571428571,0.0004
258,1.5430924892425537,1.539696455001831,0.36538461538461536,0.8269230769230769,0.21428571428571427,0.8571428571428571,0.0004
259,1.5366427898406982,1.5411295890808105,0.36538461538461536,0.8269230769230769,0.21428571428571427,0.8571428571428571,0.0004
260,1.5675853490829468,1.5417428016662598,0.36538461538461536,0.8269230769230769,0.21428571428571427,0.8571428571428571,0.0004
261,1.5795563459396362,1.5409953594207764,0.36538461538461536,0.8269230769230769,0.21428571428571427,0.8571428571428571,0.0004
262,1.5541093349456787,1.5404281616210938,0.36538461538461536,0.8269230769230769,0.21428571428571427,0.8571428571428571,0.0004
263,1.563503921031952,1.5382602214813232,0.36538461538461536,0.8269230769230769,0.21428571428571427,0.8571428571428571,0.0004
264,1.53099524974823,1.5362086296081543,0.36538461538461536,0.8269230769230769,0.21428571428571427,0.8571428571428571,0.0004
265,1.5351172089576721,1.5357987880706787,0.36538461538461536,0.8269230769230769,0.21428571428571427,0.8571428571428571,0.0004
266,1.5583622455596924,1.5347322225570679,0.36538461538461536,0.8269230769230769,0.21428571428571427,0.8571428571428571,0.0004
267,1.565833866596222,1.5364770889282227,0.36538461538461536,0.8269230769230769,0.21428571428571427,0.8571428571428571,0.0004
268,1.5355210900306702,1.537664532661438,0.36538461538461536,0.8269230769230769,0.21428571428571427,0.8571428571428571,0.0004
269,1.5383825898170471,1.5385199785232544,0.36538461538461536,0.8269230769230769,0.21428571428571427,0.8571428571428571,0.0004
270,1.522187888622284,1.5380830764770508,0.36538461538461536,0.8269230769230769,0.21428571428571427,0.8571428571428571,0.0004
271,1.5652934908866882,1.5370362997055054,0.36538461538461536,0.8269230769230769,0.21428571428571427,0.8571428571428571,0.0004
272,1.535469889640808,1.5358147621154785,0.36538461538461536,0.8269230769230769,0.21428571428571427,0.8571428571428571,0.0004
273,1.585830569267273,1.5348055362701416,0.36538461538461536,0.8269230769230769,0.21428571428571427,0.8571428571428571,0.0004
274,1.5522854328155518,1.5323644876480103,0.36538461538461536,0.8269230769230769,0.21428571428571427,0.8571428571428571,0.0004
275,1.5644117593765259,1.5293006896972656,0.36538461538461536,0.8269230769230769,0.21428571428571427,0.8571428571428571,0.0004
276,1.5505998730659485,1.5271766185760498,0.36538461538461536,0.8269230769230769,0.21428571428571427,0.8571428571428571,0.0004
277,1.5345641374588013,1.5253322124481201,0.36538461538461536,0.8269230769230769,0.21428571428571427,0.8571428571428571,0.0004
278,1.581950604915619,1.5242817401885986,0.36538461538461536,0.8269230769230769,0.21428571428571427,0.8571428571428571,0.0004
279,1.5218397974967957,1.5236115455627441,0.36538461538461536,0.8269230769230769,0.21428571428571427,0.8571428571428571,0.0004
280,1.5507474541664124,1.5227080583572388,0.36538461538461536,0.8269230769230769,0.21428571428571427,0.8571428571428571,0.0004
281,1.5182977318763733,1.5217887163162231,0.36538461538461536,0.8269230769230769,0.21428571428571427,0.8571428571428571,0.0004
282,1.5357165336608887,1.5229878425598145,0.36538461538461536,0.8269230769230769,0.21428571428571427,0.8571428571428571,0.0004
283,1.5196825861930847,1.5242401361465454,0.36538461538461536,0.8269230769230769,0.21428571428571427,0.8571428571428571,0.0004
284,1.5378667712211609,1.525738000869751,0.36538461538461536,0.8269230769230769,0.21428571428571427,0.8571428571428571,0.0004
285,1.5639978647232056,1.526877522468567,0.36538461538461536,0.8269230769230769,0.21428571428571427,0.8571428571428571,0.0004
286,1.548824667930603,1.5288915634155273,0.36538461538461536,0.8269230769230769,0.21428571428571427,0.8571428571428571,0.0004
287,1.5374698638916016,1.5321487188339233,0.36538461538461536,0.8269230769230769,0.21428571428571427,0.8571428571428571,0.0004
288,1.531128704547882,1.5339710712432861,0.36538461538461536,0.8269230769230769,0.21428571428571427,0.8571428571428571,0.0004
289,1.5645737051963806,1.5366215705871582,0.36538461538461536,0.8269230769230769,0.21428571428571427,0.8571428571428571,0.0004
290,1.5818592309951782,1.5390982627868652,0.36538461538461536,0.8269230769230769,0.21428571428571427,0.8571428571428571,0.0004
291,1.5328076481819153,1.5408754348754883,0.36538461538461536,0.8269230769230769,0.21428571428571427,0.8571428571428571,0.0004
292,1.5553402304649353,1.5427954196929932,0.36538461538461536,0.8269230769230769,0.21428571428571427,0.8571428571428571,0.0004
293,1.5321024060249329,1.5423345565795898,0.36538461538461536,0.8269230769230769,0.21428571428571427,0.8571428571428571,0.0004
294,1.570282220840454,1.542410969734192,0.36538461538461536,0.8269230769230769,0.21428571428571427,0.8571428571428571,0.0004
295,1.567544400691986,1.540892243385315,0.36538461538461536,0.8269230769230769,0.21428571428571427,0.8571428571428571,0.0004
296,1.5810551643371582,1.5386788845062256,0.36538461538461536,0.8269230769230769,0.21428571428571427,0.8571428571428571,0.0004
297,1.57310289144516,1.536877989768982,0.36538461538461536,0.8269230769230769,0.21428571428571427,0.8571428571428571,0.0004
298,1.5501827001571655,1.5329031944274902,0.36538461538461536,0.8269230769230769,0.21428571428571427,0.8571428571428571,0.0004
299,1.534749686717987,1.5293811559677124,0.36538461538461536,0.8269230769230769,0.21428571428571427,0.8571428571428571,0.0004
300,1.534209430217743,1.5266304016113281,0.36538461538461536,0.8269230769230769,0.21428571428571427,0.8571428571428571,0.0004
301,1.5500001907348633,1.5252327919006348,0.36538461538461536,0.8269230769230769,0.21428571428571427,0.8571428571428571,0.0004
302,1.5799498558044434,1.5250433683395386,0.36538461538461536,0.8269230769230769,0.21428571428571427,0.8571428571428571,0.0004
303,1.5815738439559937,1.5255812406539917,0.36538461538461536,0.8269230769230769,0.21428571428571427,0.8571428571428571,0.0004
304,1.5366243124008179,1.525622844696045,0.36538461538461536,0.8269230769230769,0.21428571428571427,0.8571428571428571,0.0004
305,1.5220388770103455,1.5264036655426025,0.36538461538461536,0.8269230769230769,0.21428571428571427,0.8571428571428571,0.0004
306,1.5227341651916504,1.5278925895690918,0.36538461538461536,0.8269230769230769,0.21428571428571427,0.8571428571428571,0.0004
307,1.5229266285896301,1.5295732021331787,0.36538461538461536,0.8269230769230769,0.21428571428571427,0.8571428571428571,0.0004
308,1.5489673614501953,1.530526876449585,0.36538461538461536,0.8269230769230769,0.21428571428571427,0.8571428571428571,0.0004
309,1.5486147999763489,1.5319418907165527,0.36538461538461536,0.8269230769230769,0.21428571428571427,0.8571428571428571,0.0004
310,1.5978503823280334,1.5341098308563232,0.36538461538461536,0.8269230769230769,0.21428571428571427,0.8571428571428571,0.0004
311,1.5347309112548828,1.5354567766189575,0.36538461538461536,0.8269230769230769,0.21428571428571427,0.8571428571428571,0.0004
312,1.521771788597107,1.5367279052734375,0.36538461538461536,0.8269230769230769,0.21428571428571427,0.8571428571428571,0.0004
313,1.5817634463310242,1.5371326208114624,0.36538461538461536,0.8269230769230769,0.21428571428571427,0.8571428571428571,0.0004
314,1.5658490061759949,1.53702974319458,0.36538461538461536,0.8269230769230769,0.21428571428571427,0.8571428571428571,0.0004
315,1.548295021057129,1.53629732131958,0.36538461538461536,0.8269230769230769,0.21428571428571427,0.8571428571428571,0.0004
316,1.5354549288749695,1.5360203981399536,0.36538461538461536,0.8269230769230769,0.21428571428571427,0.8571428571428571,0.0004
317,1.5843564867973328,1.5356342792510986,0.36538461538461536,0.8269230769230769,0.21428571428571427,0.8571428571428571,0.0004
318,1.5341488122940063,1.533881664276123,0.36538461538461536,0.8269230769230769,0.21428571428571427,0.8571428571428571,0.0004
319,1.5489091277122498,1.5323783159255981,0.36538461538461536,0.8269230769230769,0.21428571428571427,0.8571428571428571,0.0004
320,1.565330147743225,1.5315195322036743,0.36538461538461536,0.8269230769230769,0.21428571428571427,0.8571428571428571,0.0004
321,1.5056768655776978,1.5308278799057007,0.36538461538461536,0.8269230769230769,0.21428571428571427,0.8571428571428571,0.0004
322,1.5767274498939514,1.5297303199768066,0.36538461538461536,0.8269230769230769,0.21428571428571427,0.8571428571428571,0.0004
323,1.5455755591392517,1.5301766395568848,0.36538461538461536,0.8269230769230769,0.21428571428571427,0.8571428571428571,0.0004
324,1.5326091647148132,1.5325500965118408,0.36538461538461536,0.8269230769230769,0.21428571428571427,0.8571428571428571,0.0004
325,1.5830246210098267,1.5357768535614014,0.36538461538461536,0.8269230769230769,0.21428571428571427,0.8571428571428571,0.0004
326,1.5285951495170593,1.5372521877288818,0.36538461538461536,0.8269230769230769,0.21428571428571427,0.8571428571428571,0.0004
327,1.5613815784454346,1.540393590927124,0.36538461538461536,0.8269230769230769,0.21428571428571427,0.8571428571428571,0.0004
328,1.5523507595062256,1.544121503829956,0.36538461538461536,0.8269230769230769,0.21428571428571427,0.8571428571428571,0.0004
329,1.5312608480453491,1.5460721254348755,0.36538461538461536,0.8269230769230769,0.21428571428571427,0.8571428571428571,0.0004
330,1.5501000881195068,1.5481981039047241,0.36538461538461536,0.8269230769230769,0.21428571428571427,0.8571428571428571,0.0004
331,1.5586551427841187,1.549670934677124,0.36538461538461536,0.8269230769230769,0.21428571428571427,0.8571428571428571,0.0004
332,1.56124609708786,1.5479258298873901,0.36538461538461536,0.8269230769230769,0.21428571428571427,0.8571428571428571,0.0004
333,1.5329585075378418,1.546552300453186,0.36538461538461536,0.8269230769230769,0.21428571428571427,0.8571428571428571,0.0004
334,1.5915040373802185,1.5448527336120605,0.36538461538461536,0.8269230769230769,0.21428571428571427,0.8571428571428571,0.0004
335,1.5614227056503296,1.5437536239624023,0.36538461538461536,0.8269230769230769,0.21428571428571427,0.8571428571428571,0.0004
336,1.5406102538108826,1.5437126159667969,0.36538461538461536,0.8269230769230769,0.21428571428571427,0.8571428571428571,0.0004
337,1.579532265663147,1.5417536497116089,0.36538461538461536,0.8269230769230769,0.21428571428571427,0.8571428571428571,0.0004
338,1.5499264001846313,1.5397233963012695,0.36538461538461536,0.8269230769230769,0.21428571428571427,0.8571428571428571,0.0004
339,1.5384597182273865,1.5378665924072266,0.36538461538461536,0.8269230769230769,0.21428571428571427,0.8571428571428571,0.0004
340,1.5182477831840515,1.534855604171753,0.36538461538461536,0.8269230769230769,0.21428571428571427,0.8571428571428571,0.0004
341,1.5949599742889404,1.53305983543396,0.36538461538461536,0.8269230769230769,0.21428571428571427,0.8571428571428571,0.0004
342,1.5918139219284058,1.5311005115509033,0.36538461538461536,0.8269230769230769,0.21428571428571427,0.8571428571428571,0.0004
343,1.5373749136924744,1.530968189239502,0.36538461538461536,0.8269230769230769,0.21428571428571427,0.8571428571428571,0.0004
344,1.5634763836860657,1.5301876068115234,0.36538461538461536,0.8269230769230769,0.21428571428571427,0.8571428571428571,0.0004
345,1.5309765934944153,1.529801607131958,0.36538461538461536,0.8269230769230769,0.21428571428571427,0.8571428571428571,0.0004
346,1.5498590469360352,1.5319912433624268,0.36538461538461536,0.8269230769230769,0.21428571428571427,0.8571428571428571,0.0004
347,1.5358660817146301,1.5342323780059814,0.36538461538461536,0.8269230769230769,0.21428571428571427,0.8571428571428571,0.0004
348,1.5509417653083801,1.5362071990966797,0.36538461538461536,0.8269230769230769,0.21428571428571427,0.8571428571428571,0.0004
349,1.554208517074585,1.5378401279449463,0.36538461538461536,0.8269230769230769,0.21428571428571427,0.8571428571428571,0.0004
350,1.5473579168319702,1.537691593170166,0.36538461538461536,0.8269230769230769,0.21428571428571427,0.8571428571428571,0.0004
351,1.546049177646637,1.5379176139831543,0.36538461538461536,0.8269230769230769,0.21428571428571427,0.8571428571428571,0.0004
352,1.531388759613037,1.538869857788086,0.36538461538461536,0.8269230769230769,0.21428571428571427,0.8571428571428571,0.0004
353,1.5473399758338928,1.5403386354446411,0.36538461538461536,0.8269230769230769,0.21428571428571427,0.8571428571428571,0.0004
354,1.5661287307739258,1.5420308113098145,0.36538461538461536,0.8269230769230769,0.21428571428571427,0.8571428571428571,0.0004
355,1.5641075372695923,1.5426371097564697,0.36538461538461536,0.8269230769230769,0.21428571428571427,0.8571428571428571,0.0004
356,1.5645105838775635,1.5431795120239258,0.36538461538461536,0.8269230769230769,0.21428571428571427,0.8571428571428571,0.0004
357,1.5622690916061401,1.5429774522781372,0.36538461538461536,0.8269230769230769,0.21428571428571427,0.8571428571428571,0.0004
358,1.5199376344680786,1.5432374477386475,0.36538461538461536,0.8269230769230769,0.21428571428571427,0.8571428571428571,0.0004
359,1.515932321548462,1.5425840616226196,0.36538461538461536,0.8269230769230769,0.21428571428571427,0.8571428571428571,0.0004
360,1.5387699604034424,1.5428482294082642,0.36538461538461536,0.8269230769230769,0.21428571428571427,0.8571428571428571,0.0004
361,1.5683326721191406,1.541638970375061,0.36538461538461536,0.8269230769230769,0.21428571428571427,0.8571428571428571,0.0004
362,1.5538756847381592,1.5395562648773193,0.36538461538461536,0.8269230769230769,0.21428571428571427,0.8571428571428571,0.0004
363,1.531398594379425,1.5359829664230347,0.36538461538461536,0.8269230769230769,0.21428571428571427,0.8571428571428571,0.0004
364,1.5424321293830872,1.5343822240829468,0.36538461538461536,0.8269230769230769,0.21428571428571427,0.8571428571428571,0.0004
365,1.5329777002334595,1.530417799949646,0.36538461538461536,0.8269230769230769,0.21428571428571427,0.8571428571428571,0.0004
366,1.5483481287956238,1.5274896621704102,0.36538461538461536,0.8269230769230769,0.21428571428571427,0.8571428571428571,0.0004
367,1.5669978857040405,1.5260916948318481,0.36538461538461536,0.8269230769230769,0.21428571428571427,0.8571428571428571,0.0004
368,1.5498937368392944,1.5245108604431152,0.36538461538461536,0.8269230769230769,0.21428571428571427,0.8571428571428571,0.0004
369,1.5651915073394775,1.5238263607025146,0.36538461538461536,0.8269230769230769,0.21428571428571427,0.8571428571428571,0.0004
370,1.581443965435028,1.5241355895996094,0.36538461538461536,0.8269230769230769,0.21428571428571427,0.8571428571428571,0.0004
371,1.5031569600105286,1.5246498584747314,0.36538461538461536,0.8269230769230769,0.21428571428571427,0.8571428571428571,0.0004
372,1.5961718559265137,1.5263721942901611,0.36538461538461536,0.8269230769230769,0.21428571428571427,0.8571428571428571,0.0004
373,1.5518684387207031,1.5287697315216064,0.36538461538461536,0.8269230769230769,0.21428571428571427,0.8571428571428571,0.0004
374,1.5466048121452332,1.5302517414093018,0.36538461538461536,0.8269230769230769,0.21428571428571427,0.8571428571428571,0.0004
375,1.6013947129249573,1.5335099697113037,0.36538461538461536,0.8269230769230769,0.21428571428571427,0.8571428571428571,0.0004
376,1.5361864566802979,1.534885048866272,0.36538461538461536,0.8269230769230769,0.21428571428571427,0.8571428571428571,0.0004
377,1.5459309220314026,1.5354081392288208,0.36538461538461536,0.8269230769230769,0.21428571428571427,0.8571428571428571,0.0004
378,1.5474274158477783,1.5370023250579834,0.36538461538461536,0.8269230769230769,0.21428571428571427,0.8571428571428571,0.0004
379,1.569503128528595,1.5393840074539185,0.36538461538461536,0.8269230769230769,0.21428571428571427,0.8571428571428571,0.0004
380,1.593541443347931,1.5399792194366455,0.36538461538461536,0.8269230769230769,0.21428571428571427,0.8571428571428571,0.0004
381,1.5475167036056519,1.540256142616272,0.36538461538461536,0.8269230769230769,0.21428571428571427,0.8571428571428571,0.0004
382,1.5465046167373657,1.5407860279083252,0.36538461538461536,0.8269230769230769,0.21428571428571427,0.8571428571428571,0.0004
383,1.553263545036316,1.5420671701431274,0.36538461538461536,0.8269230769230769,0.21428571428571427,0.8571428571428571,0.0004
384,1.5652089715003967,1.5422961711883545,0.36538461538461536,0.8269230769230769,0.21428571428571427,0.8571428571428571,0.0004
385,1.5497573018074036,1.541948676109314,0.36538461538461536,0.8269230769230769,0.21428571428571427,0.8571428571428571,0.0004
386,1.5375494360923767,1.541625738143921,0.36538461538461536,0.8269230769230769,0.21428571428571427,0.8571428571428571,0.0004
387,1.5030127167701721,1.5399832725524902,0.36538461538461536,0.8269230769230769,0.21428571428571427,0.8571428571428571,0.0004
388,1.5655719637870789,1.540006399154663,0.36538461538461536,0.8269230769230769,0.21428571428571427,0.8571428571428571,0.0004
389,1.5603039264678955,1.539130449295044,0.36538461538461536,0.8269230769230769,0.21428571428571427,0.8571428571428571,0.0004
390,1.5658966302871704,1.5396058559417725,0.36538461538461536,0.8269230769230769,0.21428571428571427,0.8571428571428571,0.0004
391,1.5542032122612,1.539717197418213,0.36538461538461536,0.8269230769230769,0.21428571428571427,0.8571428571428571,0.0004
392,1.5196353793144226,1.5383800268173218,0.36538461538461536,0.8269230769230769,0.21428571428571427,0.8571428571428571,0.0004
393,1.5504053235054016,1.537329912185669,0.36538461538461536,0.8269230769230769,0.21428571428571427,0.8571428571428571,0.0004
394,1.5336166024208069,1.5359697341918945,0.36538461538461536,0.8269230769230769,0.21428571428571427,0.8571428571428571,0.0004
395,1.5967780947685242,1.5350956916809082,0.36538461538461536,0.8269230769230769,0.21428571428571427,0.8571428571428571,0.0004
396,1.5332183837890625,1.5339232683181763,0.36538461538461536,0.8269230769230769,0.21428571428571427,0.8571428571428571,0.0004
397,1.5505741834640503,1.5333491563796997,0.36538461538461536,0.8269230769230769,0.21428571428571427,0.8571428571428571,0.0004
398,1.585580825805664,1.5328540802001953,0.36538461538461536,0.8269230769230769,0.21428571428571427,0.8571428571428571,0.0004
399,1.5347678661346436,1.5309380292892456,0.36538461538461536,0.8269230769230769,0.21428571428571427,0.8571428571428571,0.0004
400,1.5669217109680176,1.5292781591415405,0.36538461538461536,0.8269230769230769,0.21428571428571427,0.8571428571428571,0.0004
401,1.548441767692566,1.5271307229995728,0.36538461538461536,0.8269230769230769,0.21428571428571427,0.8571428571428571,0.0004
402,1.5797891020774841,1.5260815620422363,0.36538461538461536,0.8269230769230769,0.21428571428571427,0.8571428571428571,0.0004
403,1.5795949697494507,1.5256226062774658,0.36538461538461536,0.8269230769230769,0.21428571428571427,0.8571428571428571,0.0004
404,1.5686463117599487,1.5267865657806396,0.36538461538461536,0.8269230769230769,0.21428571428571427,0.8571428571428571,0.0004
405,1.5508755445480347,1.5272644758224487,0.36538461538461536,0.8269230769230769,0.21428571428571427,0.8571428571428571,0.0004
406,1.5789048671722412,1.5274933576583862,0.36538461538461536,0.8269230769230769,0.21428571428571427,0.8571428571428571,0.0004
407,1.549671709537506,1.529099464416504,0.36538461538461536,0.8269230769230769,0.21428571428571427,0.8571428571428571,0.0004
408,1.5785480737686157,1.5308977365493774,0.36538461538461536,0.8269230769230769,0.21428571428571427,0.8571428571428571,0.0004
409,1.5477823615074158,1.5333787202835083,0.36538461538461536,0.8269230769230769,0.21428571428571427,0.8571428571428571,0.0004
410,1.566163420677185,1.5366296768188477,0.36538461538461536,0.8269230769230769,0.21428571428571427,0.8571428571428571,0.0004
411,1.5492868423461914,1.539013147354126,0.36538461538461536,0.8269230769230769,0.21428571428571427,0.8571428571428571,0.0004
412,1.558970868587494,1.5408015251159668,0.36538461538461536,0.8269230769230769,0.21428571428571427,0.8571428571428571,0.0004
413,1.5496787428855896,1.543879747390747,0.36538461538461536,0.8269230769230769,0.21428571428571427,0.8571428571428571,0.0004
414,1.5449339151382446,1.546320915222168,0.36538461538461536,0.8269230769230769,0.21428571428571427,0.8571428571428571,0.0004
415,1.5357933640480042,1.549278736114502,0.36538461538461536,0.8269230769230769,0.21428571428571427,0.8571428571428571,0.0004
416,1.570184588432312,1.551761269569397,0.36538461538461536,0.8269230769230769,0.21428571428571427,0.8571428571428571,0.0004
417,1.5618324875831604,1.5519402027130127,0.36538461538461536,0.8269230769230769,0.21428571428571427,0.8571428571428571,0.0004
418,1.5752441883087158,1.5517923831939697,0.36538461538461536,0.8269230769230769,0.21428571428571427,0.8571428571428571,0.0004
419,1.5507259964942932,1.5518691539764404,0.36538461538461536,0.8269230769230769,0.21428571428571427,0.8571428571428571,0.0004
420,1.57453453540802,1.5506559610366821,0.36538461538461536,0.8269230769230769,0.21428571428571427,0.8571428571428571,0.0004
421,1.5653334259986877,1.549978256225586,0.36538461538461536,0.8269230769230769,0.21428571428571427,0.8571428571428571,0.0004
422,1.5711201429367065,1.5489161014556885,0.36538461538461536,0.8269230769230769,0.21428571428571427,0.8571428571428571,0.0004
423,1.5544515252113342,1.546090841293335,0.36538461538461536,0.8269230769230769,0.21428571428571427,0.8571428571428571,0.0004
424,1.5790589451789856,1.5419552326202393,0.36538461538461536,0.8269230769230769,0.21428571428571427,0.8571428571428571,0.0004
425,1.5362858772277832,1.5381098985671997,0.36538461538461536,0.8269230769230769,0.21428571428571427,0.8571428571428571,0.0004
426,1.5556403994560242,1.5349149703979492,0.36538461538461536,0.8269230769230769,0.21428571428571427,0.8571428571428571,0.0004
427,1.523138403892517,1.5307615995407104,0.36538461538461536,0.8269230769230769,0.21428571428571427,0.8571428571428571,0.0004
428,1.536348283290863,1.5266674757003784,0.36538461538461536,0.8269230769230769,0.21428571428571427,0.8571428571428571,0.0004
429,1.5387210845947266,1.5233678817749023,0.36538461538461536,0.8269230769230769,0.21428571428571427,0.8571428571428571,0.0004
430,1.535681664943695,1.5200309753417969,0.36538461538461536,0.8269230769230769,0.21428571428571427,0.8571428571428571,0.0004
431,1.550403118133545,1.5181388854980469,0.36538461538461536,0.8269230769230769,0.21428571428571427,0.8571428571428571,0.0004
432,1.5512524247169495,1.5179684162139893,0.36538461538461536,0.8269230769230769,0.21428571428571427,0.8571428571428571,0.0004
433,1.5672165751457214,1.5185973644256592,0.36538461538461536,0.8269230769230769,0.21428571428571427,0.8571428571428571,0.0004
434,1.5825490355491638,1.5196316242218018,0.36538461538461536,0.8269230769230769,0.21428571428571427,0.8571428571428571,0.0004
435,1.536796748638153,1.5211009979248047,0.36538461538461536,0.8269230769230769,0.21428571428571427,0.8571428571428571,0.0004
436,1.5509753823280334,1.5222086906433105,0.36538461538461536,0.8269230769230769,0.21428571428571427,0.8571428571428571,0.0004
437,1.566223919391632,1.5235426425933838,0.36538461538461536,0.8269230769230769,0.21428571428571427,0.8571428571428571,0.0004
438,1.567384123802185,1.5252772569656372,0.36538461538461536,0.8269230769230769,0.21428571428571427,0.8571428571428571,0.0004
439,1.5687367916107178,1.5270181894302368,0.36538461538461536,0.8269230769230769,0.21428571428571427,0.8571428571428571,0.0004
440,1.5345589518547058,1.5278888940811157,0.36538461538461536,0.8269230769230769,0.21428571428571427,0.8571428571428571,0.0004
441,1.5370908379554749,1.5292128324508667,0.36538461538461536,0.8269230769230769,0.21428571428571427,0.8571428571428571,0.0004
442,1.5496267080307007,1.5297534465789795,0.36538461538461536,0.8269230769230769,0.21428571428571427,0.8571428571428571,0.0004
443,1.5686856508255005,1.5307731628417969,0.36538461538461536,0.8269230769230769,0.21428571428571427,0.8571428571428571,0.0004
444,1.5187787413597107,1.5305697917938232,0.36538461538461536,0.8269230769230769,0.21428571428571427,0.8571428571428571,0.0004
445,1.5795549750328064,1.5308197736740112,0.36538461538461536,0.8269230769230769,0.21428571428571427,0.8571428571428571,0.0004
446,1.533666729927063,1.5314198732376099,0.36538461538461536,0.8269230769230769,0.21428571428571427,0.8571428571428571,0.0004
447,1.5223820805549622,1.5326721668243408,0.36538461538461536,0.8269230769230769,0.21428571428571427,0.8571428571428571,0.0004
448,1.5314466953277588,1.5327439308166504,0.36538461538461536,0.8269230769230769,0.21428571428571427,0.8571428571428571,0.0004
449,1.5461722612380981,1.5336716175079346,0.36538461538461536,0.8269230769230769,0.21428571428571427,0.8571428571428571,0.0004
450,1.5472738146781921,1.5356667041778564,0.36538461538461536,0.8269230769230769,0.21428571428571427,0.8571428571428571,0.0004
451,1.5232552886009216,1.538391351699829,0.36538461538461536,0.8269230769230769,0.21428571428571427,0.8571428571428571,0.0004
452,1.503727674484253,1.539459466934204,0.36538461538461536,0.8269230769230769,0.21428571428571427,0.8571428571428571,0.0004
453,1.5552955865859985,1.5402864217758179,0.36538461538461536,0.8269230769230769,0.21428571428571427,0.8571428571428571,0.0004
454,1.564902901649475,1.539284586906433,0.36538461538461536,0.8269230769230769,0.21428571428571427,0.8571428571428571,0.0004
455,1.5477255582809448,1.5383859872817993,0.36538461538461536,0.8269230769230769,0.21428571428571427,0.8571428571428571,0.0004
456,1.5791322588920593,1.5376185178756714,0.36538461538461536,0.8269230769230769,0.21428571428571427,0.8571428571428571,0.0004
457,1.6015571355819702,1.53802490234375,0.36538461538461536,0.8269230769230769,0.21428571428571427,0.8571428571428571,0.0004
458,1.5497056245803833,1.536736011505127,0.36538461538461536,0.8269230769230769,0.21428571428571427,0.8571428571428571,0.0004
459,1.5463373064994812,1.5355700254440308,0.36538461538461536,0.8269230769230769,0.21428571428571427,0.8571428571428571,0.0004
460,1.5460603833198547,1.5354524850845337,0.36538461538461536,0.8269230769230769,0.21428571428571427,0.8571428571428571,0.0004
461,1.5659791231155396,1.5366332530975342,0.36538461538461536,0.8269230769230769,0.21428571428571427,0.8571428571428571,0.0004
462,1.5629794001579285,1.5371482372283936,0.36538461538461536,0.8269230769230769,0.21428571428571427,0.8571428571428571,0.0004
463,1.5769826173782349,1.5378493070602417,0.36538461538461536,0.8269230769230769,0.21428571428571427,0.8571428571428571,0.0004
464,1.5811607837677002,1.539252519607544,0.36538461538461536,0.8269230769230769,0.21428571428571427,0.8571428571428571,0.0004
465,1.534787654876709,1.5398246049880981,0.36538461538461536,0.8269230769230769,0.21428571428571427,0.8571428571428571,0.0004
466,1.5331382155418396,1.540122389793396,0.36538461538461536,0.8269230769230769,0.21428571428571427,0.8571428571428571,0.0004
467,1.5663297772407532,1.5409371852874756,0.36538461538461536,0.8269230769230769,0.21428571428571427,0.8571428571428571,0.0004
468,1.5673640370368958,1.5412333011627197,0.36538461538461536,0.8269230769230769,0.21428571428571427,0.8571428571428571,0.0004
469,1.565163016319275,1.5405676364898682,0.36538461538461536,0.8269230769230769,0.21428571428571427,0.8571428571428571,0.0004
470,1.5560094118118286,1.539963722229004,0.36538461538461536,0.8269230769230769,0.21428571428571427,0.8571428571428571,0.0004
471,1.5521458983421326,1.5377185344696045,0.36538461538461536,0.8269230769230769,0.21428571428571427,0.8571428571428571,0.0004
472,1.5487703680992126,1.5351308584213257,0.36538461538461536,0.8269230769230769,0.21428571428571427,0.8571428571428571,0.0004
473,1.578993558883667,1.5336030721664429,0.36538461538461536,0.8269230769230769,0.21428571428571427,0.8571428571428571,0.0004
474,1.548640489578247,1.5319743156433105,0.36538461538461536,0.8269230769230769,0.21428571428571427,0.8571428571428571,0.0004
475,1.5267859101295471,1.531944990158081,0.36538461538461536,0.8269230769230769,0.21428571428571427,0.8571428571428571,0.0004
476,1.5358489155769348,1.531135082244873,0.36538461538461536,0.8269230769230769,0.21428571428571427,0.8571428571428571,0.0004
477,1.5528518557548523,1.5309789180755615,0.36538461538461536,0.8269230769230769,0.21428571428571427,0.8571428571428571,0.0004
478,1.5971251726150513,1.530517339706421,0.36538461538461536,0.8269230769230769,0.21428571428571427,0.8571428571428571,0.0004
479,1.5402587056159973,1.5297290086746216,0.36538461538461536,0.8269230769230769,0.21428571428571427,0.8571428571428571,0.0004
480,1.5473310947418213,1.527253270149231,0.36538461538461536,0.8269230769230769,0.21428571428571427,0.8571428571428571,0.0004
481,1.5643296241760254,1.5268828868865967,0.36538461538461536,0.8269230769230769,0.21428571428571427,0.8571428571428571,0.0004
482,1.5677968263626099,1.5274429321289062,0.36538461538461536,0.8269230769230769,0.21428571428571427,0.8571428571428571,0.0004
483,1.5632922649383545,1.5270512104034424,0.36538461538461536,0.8269230769230769,0.21428571428571427,0.8571428571428571,0.0004
484,1.5632962584495544,1.5276705026626587,0.36538461538461536,0.8269230769230769,0.21428571428571427,0.8571428571428571,0.0004
485,1.5952205657958984,1.5292879343032837,0.36538461538461536,0.8269230769230769,0.21428571428571427,0.8571428571428571,0.0004
486,1.5616866946220398,1.530729055404663,0.36538461538461536,0.8269230769230769,0.21428571428571427,0.8571428571428571,0.0004
487,1.5637648105621338,1.5334125757217407,0.36538461538461536,0.8269230769230769,0.21428571428571427,0.8571428571428571,0.0004
488,1.5653055906295776,1.536328673362732,0.36538461538461536,0.8269230769230769,0.21428571428571427,0.8571428571428571,0.0004
489,1.562271237373352,1.5387295484542847,0.36538461538461536,0.8269230769230769,0.21428571428571427,0.8571428571428571,0.0004
490,1.5347052216529846,1.5413341522216797,0.36538461538461536,0.8269230769230769,0.21428571428571427,0.8571428571428571,0.0004
491,1.5649667978286743,1.5434640645980835,0.36538461538461536,0.8269230769230769,0.21428571428571427,0.8571428571428571,0.0004
492,1.5486984848976135,1.5448663234710693,0.36538461538461536,0.8269230769230769,0.21428571428571427,0.8571428571428571,0.0004
493,1.5518446564674377,1.5460020303726196,0.36538461538461536,0.8269230769230769,0.21428571428571427,0.8571428571428571,0.0004
494,1.5189783573150635,1.5458855628967285,0.36538461538461536,0.8269230769230769,0.21428571428571427,0.8571428571428571,0.0004
495,1.557515025138855,1.5454645156860352,0.36538461538461536,0.8269230769230769,0.21428571428571427,0.8571428571428571,0.0004
496,1.5812243819236755,1.546533465385437,0.36538461538461536,0.8269230769230769,0.21428571428571427,0.8571428571428571,0.0004
497,1.537078857421875,1.54664146900177,0.36538461538461536,0.8269230769230769,0.21428571428571427,0.8571428571428571,0.0004
498,1.5788607001304626,1.5458086729049683,0.36538461538461536,0.8269230769230769,0.21428571428571427,0.8571428571428571,0.0004
499,1.5357626676559448,1.5447056293487549,0.36538461538461536,0.8269230769230769,0.21428571428571427,0.8571428571428571,0.0004
500,1.5473042726516724,1.5429668426513672,0.36538461538461536,0.8269230769230769,0.21428571428571427,0.8571428571428571,0.0004
501,1.5646641850471497,1.5417016744613647,0.36538461538461536,0.8269230769230769,0.21428571428571427,0.8571428571428571,0.0004
502,1.563986599445343,1.5401660203933716,0.36538461538461536,0.8269230769230769,0.21428571428571427,0.8571428571428571,0.0004
503,1.5485760569572449,1.5386401414871216,0.36538461538461536,0.8269230769230769,0.21428571428571427,0.8571428571428571,0.0004
504,1.5372275114059448,1.5375359058380127,0.36538461538461536,0.8269230769230769,0.21428571428571427,0.8571428571428571,0.0004
505,1.5688352584838867,1.5361065864562988,0.36538461538461536,0.8269230769230769,0.21428571428571427,0.8571428571428571,0.0004
506,1.5485036969184875,1.533411979675293,0.36538461538461536,0.8269230769230769,0.21428571428571427,0.8571428571428571,0.0004
507,1.5646343231201172,1.5316355228424072,0.36538461538461536,0.8269230769230769,0.21428571428571427,0.8571428571428571,0.0004
508,1.5371521711349487,1.5303820371627808,0.36538461538461536,0.8269230769230769,0.21428571428571427,0.8571428571428571,0.0004
509,1.5663799047470093,1.5289369821548462,0.36538461538461536,0.8269230769230769,0.21428571428571427,0.8571428571428571,0.0004
510,1.5518820881843567,1.5274860858917236,0.36538461538461536,0.8269230769230769,0.21428571428571427,0.8571428571428571,0.0004
511,1.5659698247909546,1.5258288383483887,0.36538461538461536,0.8269230769230769,0.21428571428571427,0.8571428571428571,0.0004
512,1.5504032969474792,1.5244852304458618,0.36538461538461536,0.8269230769230769,0.21428571428571427,0.8571428571428571,0.0004
513,1.563402235507965,1.5233478546142578,0.36538461538461536,0.8269230769230769,0.21428571428571427,0.8571428571428571,0.0004
514,1.5519444346427917,1.5242438316345215,0.36538461538461536,0.8269230769230769,0.21428571428571427,0.8571428571428571,0.0004
515,1.5246903896331787,1.525174617767334,0.36538461538461536,0.8269230769230769,0.21428571428571427,0.8571428571428571,0.0004
516,1.53383868932724,1.524512767791748,0.36538461538461536,0.8269230769230769,0.21428571428571427,0.8571428571428571,0.0004
517,1.5653162002563477,1.5254480838775635,0.36538461538461536,0.8269230769230769,0.21428571428571427,0.8571428571428571,0.0004
518,1.5496742725372314,1.526729941368103,0.36538461538461536,0.8269230769230769,0.21428571428571427,0.8571428571428571,0.0004
519,1.5665048360824585,1.5285637378692627,0.36538461538461536,0.8269230769230769,0.21428571428571427,0.8571428571428571,0.0004
520,1.5347955226898193,1.5301655530929565,0.36538461538461536,0.8269230769230769,0.21428571428571427,0.8571428571428571,0.0004
521,1.580318808555603,1.5318634510040283,0.36538461538461536,0.8269230769230769,0.21428571428571427,0.8571428571428571,0.0004
522,1.568403720855713,1.5336635112762451,0.36538461538461536,0.8269230769230769,0.21428571428571427,0.8571428571428571,0.0004
523,1.5471832156181335,1.5340725183486938,0.36538461538461536,0.8269230769230769,0.21428571428571427,0.8571428571428571,0.0004
524,1.534282624721527,1.535282850265503,0.36538461538461536,0.8269230769230769,0.21428571428571427,0.8571428571428571,0.0004
525,1.5529548525810242,1.5366722345352173,0.36538461538461536,0.8269230769230769,0.21428571428571427,0.8571428571428571,0.0004
526,1.5491389036178589,1.536865234375,0.36538461538461536,0.8269230769230769,0.21428571428571427,0.8571428571428571,0.0004
527,1.5498337745666504,1.5370792150497437,0.36538461538461536,0.8269230769230769,0.21428571428571427,0.8571428571428571,0.0004
528,1.537374198436737,1.5373293161392212,0.36538461538461536,0.8269230769230769,0.21428571428571427,0.8571428571428571,0.0004
529,1.568767249584198,1.5368101596832275,0.36538461538461536,0.8269230769230769,0.21428571428571427,0.8571428571428571,0.0004
530,1.5489622354507446,1.5351094007492065,0.36538461538461536,0.8269230769230769,0.21428571428571427,0.8571428571428571,0.0004
531,1.5656368732452393,1.53402578830719,0.36538461538461536,0.8269230769230769,0.21428571428571427,0.8571428571428571,0.0004
532,1.5667467713356018,1.532927393913269,0.36538461538461536,0.8269230769230769,0.21428571428571427,0.8571428571428571,0.0004
533,1.5334182381629944,1.5312443971633911,0.36538461538461536,0.8269230769230769,0.21428571428571427,0.8571428571428571,0.0004
534,1.5371785759925842,1.5306074619293213,0.36538461538461536,0.8269230769230769,0.21428571428571427,0.8571428571428571,0.0004
535,1.5325583219528198,1.5291497707366943,0.36538461538461536,0.8269230769230769,0.21428571428571427,0.8571428571428571,0.0004
536,1.5388076901435852,1.5293221473693848,0.36538461538461536,0.8269230769230769,0.21428571428571427,0.8571428571428571,0.0004
537,1.5655192136764526,1.5282580852508545,0.36538461538461536,0.8269230769230769,0.21428571428571427,0.8571428571428571,0.0004
538,1.5369635224342346,1.5276222229003906,0.36538461538461536,0.8269230769230769,0.21428571428571427,0.8571428571428571,0.0004
539,1.5656580924987793,1.5266969203948975,0.36538461538461536,0.8269230769230769,0.21428571428571427,0.8571428571428571,0.0004
540,1.5646600723266602,1.525930404663086,0.36538461538461536,0.8269230769230769,0.21428571428571427,0.8571428571428571,0.0004
541,1.5672553777694702,1.525876522064209,0.36538461538461536,0.8269230769230769,0.21428571428571427,0.8571428571428571,0.0004
542,1.5777713060379028,1.525307536125183,0.36538461538461536,0.8269230769230769,0.21428571428571427,0.8571428571428571,0.0004
543,1.5507606267929077,1.527061939239502,0.36538461538461536,0.8269230769230769,0.21428571428571427,0.8571428571428571,0.0004
544,1.532585620880127,1.52850341796875,0.36538461538461536,0.8269230769230769,0.21428571428571427,0.8571428571428571,0.0004
545,1.5702884793281555,1.5313482284545898,0.36538461538461536,0.8269230769230769,0.21428571428571427,0.8571428571428571,0.0004
546,1.5505285859107971,1.5325615406036377,0.36538461538461536,0.8269230769230769,0.21428571428571427,0.8571428571428571,0.0004
547,1.562643587589264,1.5333789587020874,0.36538461538461536,0.8269230769230769,0.21428571428571427,0.8571428571428571,0.0004
548,1.534429669380188,1.534912347793579,0.36538461538461536,0.8269230769230769,0.21428571428571427,0.8571428571428571,0.0004
549,1.5780124068260193,1.5362738370895386,0.36538461538461536,0.8269230769230769,0.21428571428571427,0.8571428571428571,0.0004
550,1.5637784004211426,1.537966251373291,0.36538461538461536,0.8269230769230769,0.21428571428571427,0.8571428571428571,0.0004
551,1.5912973284721375,1.5393495559692383,0.36538461538461536,0.8269230769230769,0.21428571428571427,0.8571428571428571,0.0004
552,1.5334234237670898,1.5411880016326904,0.36538461538461536,0.8269230769230769,0.21428571428571427,0.8571428571428571,0.0004
553,1.5325025916099548,1.543113112449646,0.36538461538461536,0.8269230769230769,0.21428571428571427,0.8571428571428571,0.0004
554,1.5493180751800537,1.5453227758407593,0.36538461538461536,0.8269230769230769,0.21428571428571427,0.8571428571428571,0.0004
555,1.5521162748336792,1.547062635421753,0.36538461538461536,0.8269230769230769,0.21428571428571427,0.8571428571428571,0.0004
556,1.5689921975135803,1.5477886199951172,0.36538461538461536,0.8269230769230769,0.21428571428571427,0.8571428571428571,0.0004
557,1.5173670053482056,1.5465389490127563,0.36538461538461536,0.8269230769230769,0.21428571428571427,0.8571428571428571,0.0004
558,1.5534657835960388,1.5460286140441895,0.36538461538461536,0.8269230769230769,0.21428571428571427,0.8571428571428571,0.0004
559,1.5218289494514465,1.5442615747451782,0.36538461538461536,0.8269230769230769,0.21428571428571427,0.8571428571428571,0.0004
560,1.5797711610794067,1.5419120788574219,0.36538461538461536,0.8269230769230769,0.21428571428571427,0.8571428571428571,0.0004
561,1.5390425324440002,1.539566993713379,0.36538461538461536,0.8269230769230769,0.21428571428571427,0.8571428571428571,0.0004
562,1.5634397268295288,1.5360205173492432,0.36538461538461536,0.8269230769230769,0.21428571428571427,0.8571428571428571,0.0004
563,1.5823963284492493,1.5334542989730835,0.36538461538461536,0.8269230769230769,0.21428571428571427,0.8571428571428571,0.0004
564,1.5623341798782349,1.5301328897476196,0.36538461538461536,0.8269230769230769,0.21428571428571427,0.8571428571428571,0.0004
565,1.5637343525886536,1.5282659530639648,0.36538461538461536,0.8269230769230769,0.21428571428571427,0.8571428571428571,0.0004
566,1.565517783164978,1.527427315711975,0.36538461538461536,0.8269230769230769,0.21428571428571427,0.8571428571428571,0.0004
567,1.5467336177825928,1.5263700485229492,0.36538461538461536,0.8269230769230769,0.21428571428571427,0.8571428571428571,0.0004
568,1.548814833164215,1.5269787311553955,0.36538461538461536,0.8269230769230769,0.21428571428571427,0.8571428571428571,0.0004
569,1.564249336719513,1.5281201601028442,0.36538461538461536,0.8269230769230769,0.21428571428571427,0.8571428571428571,0.0004
570,1.536712884902954,1.5295430421829224,0.36538461538461536,0.8269230769230769,0.21428571428571427,0.8571428571428571,0.0004
571,1.5498114824295044,1.5314669609069824,0.36538461538461536,0.8269230769230769,0.21428571428571427,0.8571428571428571,0.0004
572,1.5837693214416504,1.5333592891693115,0.36538461538461536,0.8269230769230769,0.21428571428571427,0.8571428571428571,0.0004
573,1.551263689994812,1.5340770483016968,0.36538461538461536,0.8269230769230769,0.21428571428571427,0.8571428571428571,0.0004
574,1.5963952541351318,1.5349488258361816,0.36538461538461536,0.8269230769230769,0.21428571428571427,0.8571428571428571,0.0004
575,1.565675973892212,1.5350263118743896,0.36538461538461536,0.8269230769230769,0.21428571428571427,0.8571428571428571,0.0004
576,1.5552615523338318,1.535528540611267,0.36538461538461536,0.8269230769230769,0.21428571428571427,0.8571428571428571,0.0004
577,1.564202904701233,1.5343635082244873,0.36538461538461536,0.8269230769230769,0.21428571428571427,0.8571428571428571,0.0004
578,1.582070767879486,1.5338338613510132,0.36538461538461536,0.8269230769230769,0.21428571428571427,0.8571428571428571,0.0004
579,1.532151699066162,1.5322155952453613,0.36538461538461536,0.8269230769230769,0.21428571428571427,0.8571428571428571,0.0004
580,1.5663641691207886,1.5325531959533691,0.36538461538461536,0.8269230769230769,0.21428571428571427,0.8571428571428571,0.0004
581,1.580260455608368,1.532469630241394,0.36538461538461536,0.8269230769230769,0.21428571428571427,0.8571428571428571,0.0004
582,1.5347979068756104,1.532104253768921,0.36538461538461536,0.8269230769230769,0.21428571428571427,0.8571428571428571,0.0004
583,1.566804826259613,1.5323693752288818,0.36538461538461536,0.8269230769230769,0.21428571428571427,0.8571428571428571,0.0004
584,1.5344813466072083,1.5319020748138428,0.36538461538461536,0.8269230769230769,0.21428571428571427,0.8571428571428571,0.0004
585,1.593756079673767,1.5320863723754883,0.36538461538461536,0.8269230769230769,0.21428571428571427,0.8571428571428571,0.0004
586,1.575650691986084,1.5321460962295532,0.36538461538461536,0.8269230769230769,0.21428571428571427,0.8571428571428571,0.0004
587,1.5299266576766968,1.5343215465545654,0.36538461538461536,0.8269230769230769,0.21428571428571427,0.8571428571428571,0.0004
588,1.5791723728179932,1.5338587760925293,0.36538461538461536,0.8269230769230769,0.21428571428571427,0.8571428571428571,0.0004
589,1.5676294565200806,1.5337531566619873,0.36538461538461536,0.8269230769230769,0.21428571428571427,0.8571428571428571,0.0004
590,1.5330342054367065,1.5326638221740723,0.36538461538461536,0.8269230769230769,0.21428571428571427,0.8571428571428571,0.0004
591,1.5788825154304504,1.5327234268188477,0.36538461538461536,0.8269230769230769,0.21428571428571427,0.8571428571428571,0.0004
592,1.5481541156768799,1.5329692363739014,0.36538461538461536,0.8269230769230769,0.21428571428571427,0.8571428571428571,0.0004
593,1.5478594899177551,1.5338549613952637,0.36538461538461536,0.8269230769230769,0.21428571428571427,0.8571428571428571,0.0004
594,1.5196424722671509,1.535325288772583,0.36538461538461536,0.8269230769230769,0.21428571428571427,0.8571428571428571,0.0004
595,1.5782397389411926,1.5370564460754395,0.36538461538461536,0.8269230769230769,0.21428571428571427,0.8571428571428571,0.0004
596,1.5670063495635986,1.5389491319656372,0.36538461538461536,0.8269230769230769,0.21428571428571427,0.8571428571428571,0.0004
597,1.543933391571045,1.5393563508987427,0.36538461538461536,0.8269230769230769,0.21428571428571427,0.8571428571428571,0.0004
598,1.5482227802276611,1.541446566581726,0.36538461538461536,0.8269230769230769,0.21428571428571427,0.8571428571428571,0.0004
599,1.5666794776916504,1.5435043573379517,0.36538461538461536,0.8269230769230769,0.21428571428571427,0.8571428571428571,0.0004
600,1.5529544353485107,1.5445122718811035,0.36538461538461536,0.8269230769230769,0.21428571428571427,0.8571428571428571,0.0004
601,1.5599161386489868,1.5439777374267578,0.36538461538461536,0.8269230769230769,0.21428571428571427,0.8571428571428571,0.0004
602,1.5397014021873474,1.544806718826294,0.36538461538461536,0.8269230769230769,0.21428571428571427,0.8571428571428571,0.0004
603,1.5392001271247864,1.5441806316375732,0.36538461538461536,0.8269230769230769,0.21428571428571427,0.8571428571428571,0.0004
604,1.536758840084076,1.542439341545105,0.36538461538461536,0.8269230769230769,0.21428571428571427,0.8571428571428571,0.0004
605,1.5219027996063232,1.5401548147201538,0.36538461538461536,0.8269230769230769,0.21428571428571427,0.8571428571428571,0.0004
606,1.5221713781356812,1.5376334190368652,0.36538461538461536,0.8269230769230769,0.21428571428571427,0.8571428571428571,0.0004
607,1.5503090620040894,1.5345423221588135,0.36538461538461536,0.8269230769230769,0.21428571428571427,0.8571428571428571,0.0004
608,1.5342074036598206,1.5317752361297607,0.36538461538461536,0.8269230769230769,0.21428571428571427,0.8571428571428571,0.0004
609,1.531616449356079,1.5291603803634644,0.36538461538461536,0.8269230769230769,0.21428571428571427,0.8571428571428571,0.0004
610,1.550354242324829,1.5279693603515625,0.36538461538461536,0.8269230769230769,0.21428571428571427,0.8571428571428571,0.0004
611,1.5336229801177979,1.5266375541687012,0.36538461538461536,0.8269230769230769,0.21428571428571427,0.8571428571428571,0.0004
612,1.5165328979492188,1.5262311697006226,0.36538461538461536,0.8269230769230769,0.21428571428571427,0.8571428571428571,0.0004
613,1.5891468524932861,1.5273857116699219,0.36538461538461536,0.8269230769230769,0.21428571428571427,0.8571428571428571,0.0004
614,1.5662058591842651,1.5273088216781616,0.36538461538461536,0.8269230769230769,0.21428571428571427,0.8571428571428571,0.0004
615,1.5678691267967224,1.5277163982391357,0.36538461538461536,0.8269230769230769,0.21428571428571427,0.8571428571428571,0.0004
616,1.5694559812545776,1.5282710790634155,0.36538461538461536,0.8269230769230769,0.21428571428571427,0.8571428571428571,0.0004
617,1.539436936378479,1.5286519527435303,0.36538461538461536,0.8269230769230769,0.21428571428571427,0.8571428571428571,0.0004
618,1.5183573365211487,1.527965784072876,0.36538461538461536,0.8269230769230769,0.21428571428571427,0.8571428571428571,0.0004
619,1.6036291122436523,1.5286445617675781,0.36538461538461536,0.8269230769230769,0.21428571428571427,0.8571428571428571,0.0004
620,1.5647817850112915,1.527847409248352,0.36538461538461536,0.8269230769230769,0.21428571428571427,0.8571428571428571,0.0004
621,1.5212975144386292,1.5281459093093872,0.36538461538461536,0.8269230769230769,0.21428571428571427,0.8571428571428571,0.0004
622,1.5642237067222595,1.5282223224639893,0.36538461538461536,0.8269230769230769,0.21428571428571427,0.8571428571428571,0.0004
623,1.5497141480445862,1.5288301706314087,0.36538461538461536,0.8269230769230769,0.21428571428571427,0.8571428571428571,0.0004
624,1.562690258026123,1.5297940969467163,0.36538461538461536,0.8269230769230769,0.21428571428571427,0.8571428571428571,0.0004
625,1.5367428660392761,1.5316230058670044,0.36538461538461536,0.8269230769230769,0.21428571428571427,0.8571428571428571,0.0004
626,1.5926751494407654,1.5330241918563843,0.36538461538461536,0.8269230769230769,0.21428571428571427,0.8571428571428571,0.0004
627,1.5358464121818542,1.5348213911056519,0.36538461538461536,0.8269230769230769,0.21428571428571427,0.8571428571428571,0.0004
628,1.535797357559204,1.536289930343628,0.36538461538461536,0.8269230769230769,0.21428571428571427,0.8571428571428571,0.0004
629,1.5380805730819702,1.5377986431121826,0.36538461538461536,0.8269230769230769,0.21428571428571427,0.8571428571428571,0.0004
630,1.5640158653259277,1.5386443138122559,0.36538461538461536,0.8269230769230769,0.21428571428571427,0.8571428571428571,0.0004
631,1.5335566997528076,1.5388970375061035,0.36538461538461536,0.8269230769230769,0.21428571428571427,0.8571428571428571,0.0004
632,1.583604097366333,1.5411756038665771,0.36538461538461536,0.8269230769230769,0.21428571428571427,0.8571428571428571,0.0004
633,1.5688782334327698,1.5422861576080322,0.36538461538461536,0.8269230769230769,0.21428571428571427,0.8571428571428571,0.0004
634,1.5355340838432312,1.5419249534606934,0.36538461538461536,0.8269230769230769,0.21428571428571427,0.8571428571428571,0.0004
635,1.551937222480774,1.54151451587677,0.36538461538461536,0.8269230769230769,0.21428571428571427,0.8571428571428571,0.0004
636,1.583269715309143,1.540717363357544,0.36538461538461536,0.8269230769230769,0.21428571428571427,0.8571428571428571,0.0004
637,1.53506201505661,1.5387637615203857,0.36538461538461536,0.8269230769230769,0.21428571428571427,0.8571428571428571,0.0004
638,1.5504040718078613,1.5370399951934814,0.36538461538461536,0.8269230769230769,0.21428571428571427,0.8571428571428571,0.0004
639,1.5638070106506348,1.5351837873458862,0.36538461538461536,0.8269230769230769,0.21428571428571427,0.8571428571428571,0.0004
640,1.53179532289505,1.533492088317871,0.36538461538461536,0.8269230769230769,0.21428571428571427,0.8571428571428571,0.0004
641,1.566089689731598,1.533395528793335,0.36538461538461536,0.8269230769230769,0.21428571428571427,0.8571428571428571,0.0004
642,1.552280068397522,1.5332108736038208,0.36538461538461536,0.8269230769230769,0.21428571428571427,0.8571428571428571,0.0004
643,1.5636848211288452,1.5322078466415405,0.36538461538461536,0.8269230769230769,0.21428571428571427,0.8571428571428571,0.0004
644,1.5349065661430359,1.53179931640625,0.36538461538461536,0.8269230769230769,0.21428571428571427,0.8571428571428571,0.0004
645,1.5489875078201294,1.5314788818359375,0.36538461538461536,0.8269230769230769,0.21428571428571427,0.8571428571428571,0.0004
646,1.5322840809822083,1.5314338207244873,0.36538461538461536,0.8269230769230769,0.21428571428571427,0.8571428571428571,0.0004
647,1.5541820526123047,1.532820224761963,0.36538461538461536,0.8269230769230769,0.21428571428571427,0.8571428571428571,0.0004
648,1.534676969051361,1.5328247547149658,0.36538461538461536,0.8269230769230769,0.21428571428571427,0.8571428571428571,0.0004
649,1.5815216302871704,1.5328983068466187,0.36538461538461536,0.8269230769230769,0.21428571428571427,0.8571428571428571,0.0004
650,1.550714373588562,1.5330677032470703,0.36538461538461536,0.8269230769230769,0.21428571428571427,0.8571428571428571,0.0004
651,1.5650275945663452,1.5329209566116333,0.36538461538461536,0.8269230769230769,0.21428571428571427,0.8571428571428571,0.0004
652,1.566906988620758,1.532995581626892,0.36538461538461536,0.8269230769230769,0.21428571428571427,0.8571428571428571,0.0004
653,1.535560429096222,1.5325151681900024,0.36538461538461536,0.8269230769230769,0.21428571428571427,0.8571428571428571,0.0004
654,1.5507857203483582,1.532080888748169,0.36538461538461536,0.8269230769230769,0.21428571428571427,0.8571428571428571,0.0004
655,1.5039652585983276,1.5312832593917847,0.36538461538461536,0.8269230769230769,0.21428571428571427,0.8571428571428571,0.0004
656,1.626685380935669,1.5315279960632324,0.36538461538461536,0.8269230769230769,0.21428571428571427,0.8571428571428571,0.0004
657,1.5325222611427307,1.5316835641860962,0.36538461538461536,0.8269230769230769,0.21428571428571427,0.8571428571428571,0.0004
658,1.5645371675491333,1.5327643156051636,0.36538461538461536,0.8269230769230769,0.21428571428571427,0.8571428571428571,0.0004
659,1.5335456728935242,1.533836007118225,0.36538461538461536,0.8269230769230769,0.21428571428571427,0.8571428571428571,0.0004
660,1.5478554368019104,1.5350579023361206,0.36538461538461536,0.8269230769230769,0.21428571428571427,0.8571428571428571,0.0004
661,1.5623719692230225,1.5365517139434814,0.36538461538461536,0.8269230769230769,0.21428571428571427,0.8571428571428571,0.0004
662,1.5674870014190674,1.5385768413543701,0.36538461538461536,0.8269230769230769,0.21428571428571427,0.8571428571428571,0.0004
663,1.5956020951271057,1.539482593536377,0.36538461538461536,0.8269230769230769,0.21428571428571427,0.8571428571428571,0.0004
664,1.5532072186470032,1.5401358604431152,0.36538461538461536,0.8269230769230769,0.21428571428571427,0.8571428571428571,0.0004
665,1.5348049402236938,1.5395047664642334,0.36538461538461536,0.8269230769230769,0.21428571428571427,0.8571428571428571,0.0004
666,1.5607207417488098,1.5383883714675903,0.36538461538461536,0.8269230769230769,0.21428571428571427,0.8571428571428571,0.0004
667,1.5347846150398254,1.5382893085479736,0.36538461538461536,0.8269230769230769,0.21428571428571427,0.8571428571428571,0.0004
668,1.5803455710411072,1.5380977392196655,0.36538461538461536,0.8269230769230769,0.21428571428571427,0.8571428571428571,0.0004
669,1.5350373983383179,1.5377449989318848,0.36538461538461536,0.8269230769230769,0.21428571428571427,0.8571428571428571,0.0004
670,1.5493254661560059,1.5371675491333008,0.36538461538461536,0.8269230769230769,0.21428571428571427,0.8571428571428571,0.0004
671,1.5547763109207153,1.537111759185791,0.36538461538461536,0.8269230769230769,0.21428571428571427,0.8571428571428571,0.0004
672,1.520402193069458,1.5355477333068848,0.36538461538461536,0.8269230769230769,0.21428571428571427,0.8571428571428571,0.0004
673,1.5636690855026245,1.534080982208252,0.36538461538461536,0.8269230769230769,0.21428571428571427,0.8571428571428571,0.0004
674,1.5492274165153503,1.5331209897994995,0.36538461538461536,0.8269230769230769,0.21428571428571427,0.8571428571428571,0.0004
675,1.5517823100090027,1.5326462984085083,0.36538461538461536,0.8269230769230769,0.21428571428571427,0.8571428571428571,0.0004
676,1.5506983399391174,1.5317857265472412,0.36538461538461536,0.8269230769230769,0.21428571428571427,0.8571428571428571,0.0004
677,1.5665063858032227,1.5309687852859497,0.36538461538461536,0.8269230769230769,0.21428571428571427,0.8571428571428571,0.0004
678,1.533612310886383,1.5296827554702759,0.36538461538461536,0.8269230769230769,0.21428571428571427,0.8571428571428571,0.0004
679,1.5775789618492126,1.529007077217102,0.36538461538461536,0.8269230769230769,0.21428571428571427,0.8571428571428571,0.0004
680,1.579995036125183,1.5297443866729736,0.36538461538461536,0.8269230769230769,0.21428571428571427,0.8571428571428571,0.0004
681,1.5176310539245605,1.5303524732589722,0.36538461538461536,0.8269230769230769,0.21428571428571427,0.8571428571428571,0.0004
682,1.563590168952942,1.5319792032241821,0.36538461538461536,0.8269230769230769,0.21428571428571427,0.8571428571428571,0.0004
683,1.580084204673767,1.533994436264038,0.36538461538461536,0.8269230769230769,0.21428571428571427,0.8571428571428571,0.0004
684,1.5496660470962524,1.5357708930969238,0.36538461538461536,0.8269230769230769,0.21428571428571427,0.8571428571428571,0.0004
685,1.5499423742294312,1.5373015403747559,0.36538461538461536,0.8269230769230769,0.21428571428571427,0.8571428571428571,0.0004
686,1.535556137561798,1.538621187210083,0.36538461538461536,0.8269230769230769,0.21428571428571427,0.8571428571428571,0.0004
687,1.5364463925361633,1.5394542217254639,0.36538461538461536,0.8269230769230769,0.21428571428571427,0.8571428571428571,0.0004
688,1.5629060864448547,1.539414405822754,0.36538461538461536,0.8269230769230769,0.21428571428571427,0.8571428571428571,0.0004
689,1.5661334991455078,1.5397924184799194,0.36538461538461536,0.8269230769230769,0.21428571428571427,0.8571428571428571,0.0004
690,1.5683624744415283,1.539733648300171,0.36538461538461536,0.8269230769230769,0.21428571428571427,0.8571428571428571,0.0004
691,1.5137750506401062,1.5380289554595947,0.36538461538461536,0.8269230769230769,0.21428571428571427,0.8571428571428571,0.0004
692,1.54719477891922,1.5384494066238403,0.36538461538461536,0.8269230769230769,0.21428571428571427,0.8571428571428571,0.0004
693,1.5945530533790588,1.539320468902588,0.36538461538461536,0.8269230769230769,0.21428571428571427,0.8571428571428571,0.0004
694,1.5385481715202332,1.5401707887649536,0.36538461538461536,0.8269230769230769,0.21428571428571427,0.8571428571428571,0.0004
695,1.5798435807228088,1.5396589040756226,0.36538461538461536,0.8269230769230769,0.21428571428571427,0.8571428571428571,0.0004
696,1.5822062492370605,1.5391018390655518,0.36538461538461536,0.8269230769230769,0.21428571428571427,0.8571428571428571,0.0004
697,1.548764407634735,1.5376452207565308,0.36538461538461536,0.8269230769230769,0.21428571428571427,0.8571428571428571,0.0004
698,1.5824845433235168,1.5366636514663696,0.36538461538461536,0.8269230769230769,0.21428571428571427,0.8571428571428571,0.0004
699,1.5973145961761475,1.5351980924606323,0.36538461538461536,0.8269230769230769,0.21428571428571427,0.8571428571428571,0.0004
700,1.547795057296753,1.5328288078308105,0.36538461538461536,0.8269230769230769,0.21428571428571427,0.8571428571428571,0.0004
701,1.5489168763160706,1.5316698551177979,0.36538461538461536,0.8269230769230769,0.21428571428571427,0.8571428571428571,0.0004
702,1.566068708896637,1.5312288999557495,0.36538461538461536,0.8269230769230769,0.21428571428571427,0.8571428571428571,0.0004
703,1.5343098044395447,1.5304656028747559,0.36538461538461536,0.8269230769230769,0.21428571428571427,0.8571428571428571,0.0004
704,1.5383034944534302,1.5309925079345703,0.36538461538461536,0.8269230769230769,0.21428571428571427,0.8571428571428571,0.0004
705,1.5389961004257202,1.5310393571853638,0.36538461538461536,0.8269230769230769,0.21428571428571427,0.8571428571428571,0.0004
706,1.5501381158828735,1.5303086042404175,0.36538461538461536,0.8269230769230769,0.21428571428571427,0.8571428571428571,0.0004
707,1.5504655838012695,1.5299108028411865,0.36538461538461536,0.8269230769230769,0.21428571428571427,0.8571428571428571,0.0004
708,1.5623068809509277,1.5293998718261719,0.36538461538461536,0.8269230769230769,0.21428571428571427,0.8571428571428571,0.0004
709,1.577989101409912,1.5301573276519775,0.36538461538461536,0.8269230769230769,0.21428571428571427,0.8571428571428571,0.0004
710,1.547752559185028,1.5314769744873047,0.36538461538461536,0.8269230769230769,0.21428571428571427,0.8571428571428571,0.0004
711,1.548854410648346,1.5336275100708008,0.36538461538461536,0.8269230769230769,0.21428571428571427,0.8571428571428571,0.0004
712,1.5637809038162231,1.5359477996826172,0.36538461538461536,0.8269230769230769,0.21428571428571427,0.8571428571428571,0.0004
713,1.5485062003135681,1.538169264793396,0.36538461538461536,0.8269230769230769,0.21428571428571427,0.8571428571428571,0.0004
714,1.5652064681053162,1.5404770374298096,0.36538461538461536,0.8269230769230769,0.21428571428571427,0.8571428571428571,0.0004
715,1.535995364189148,1.542177677154541,0.36538461538461536,0.8269230769230769,0.21428571428571427,0.8571428571428571,0.0004
716,1.5471031069755554,1.5429545640945435,0.36538461538461536,0.8269230769230769,0.21428571428571427,0.8571428571428571,0.0004
717,1.5804298520088196,1.5439753532409668,0.36538461538461536,0.8269230769230769,0.21428571428571427,0.8571428571428571,0.0004
718,1.5640388131141663,1.5442073345184326,0.36538461538461536,0.8269230769230769,0.21428571428571427,0.8571428571428571,0.0004
719,1.5507385730743408,1.5441384315490723,0.36538461538461536,0.8269230769230769,0.21428571428571427,0.8571428571428571,0.0004
720,1.5389845371246338,1.5436091423034668,0.36538461538461536,0.8269230769230769,0.21428571428571427,0.8571428571428571,0.0004
721,1.5621406435966492,1.541550636291504,0.36538461538461536,0.8269230769230769,0.21428571428571427,0.8571428571428571,0.0004
722,1.5508256554603577,1.5401694774627686,0.36538461538461536,0.8269230769230769,0.21428571428571427,0.8571428571428571,0.0004
723,1.5639446377754211,1.5383590459823608,0.36538461538461536,0.8269230769230769,0.21428571428571427,0.8571428571428571,0.0004
724,1.582169234752655,1.5368865728378296,0.36538461538461536,0.8269230769230769,0.21428571428571427,0.8571428571428571,0.0004
725,1.5508316159248352,1.5348536968231201,0.36538461538461536,0.8269230769230769,0.21428571428571427,0.8571428571428571,0.0004
726,1.533378779888153,1.5325613021850586,0.36538461538461536,0.8269230769230769,0.21428571428571427,0.8571428571428571,0.0004
727,1.5629851818084717,1.53103768825531,0.36538461538461536,0.8269230769230769,0.21428571428571427,0.8571428571428571,0.0004
728,1.5658338069915771,1.5307997465133667,0.36538461538461536,0.8269230769230769,0.21428571428571427,0.8571428571428571,0.0004
729,1.5777966976165771,1.5300995111465454,0.36538461538461536,0.8269230769230769,0.21428571428571427,0.8571428571428571,0.0004
730,1.5640156269073486,1.5302536487579346,0.36538461538461536,0.8269230769230769,0.21428571428571427,0.8571428571428571,0.0004
731,1.5653074383735657,1.531022310256958,0.36538461538461536,0.8269230769230769,0.21428571428571427,0.8571428571428571,0.0004
732,1.537386953830719,1.5317299365997314,0.36538461538461536,0.8269230769230769,0.21428571428571427,0.8571428571428571,0.0004
733,1.5693329572677612,1.5323066711425781,0.36538461538461536,0.8269230769230769,0.21428571428571427,0.8571428571428571,0.0004
734,1.5943020582199097,1.531740427017212,0.36538461538461536,0.8269230769230769,0.21428571428571427,0.8571428571428571,0.0004
735,1.6272146701812744,1.5316503047943115,0.36538461538461536,0.8269230769230769,0.21428571428571427,0.8571428571428571,0.0004
736,1.5946091413497925,1.5307973623275757,0.36538461538461536,0.8269230769230769,0.21428571428571427,0.8571428571428571,0.0004
737,1.5666199922561646,1.5302242040634155,0.36538461538461536,0.8269230769230769,0.21428571428571427,0.8571428571428571,0.0004
738,1.5502198338508606,1.5291199684143066,0.36538461538461536,0.8269230769230769,0.21428571428571427,0.8571428571428571,0.0004
739,1.5789334177970886,1.5286833047866821,0.36538461538461536,0.8269230769230769,0.21428571428571427,0.8571428571428571,0.0004
740,1.5673619508743286,1.528832197189331,0.36538461538461536,0.8269230769230769,0.21428571428571427,0.8571428571428571,0.0004
741,1.577149212360382,1.5285040140151978,0.36538461538461536,0.8269230769230769,0.21428571428571427,0.8571428571428571,0.0004
742,1.5513851046562195,1.5291216373443604,0.36538461538461536,0.8269230769230769,0.21428571428571427,0.8571428571428571,0.0004
743,1.5530564188957214,1.5306289196014404,0.36538461538461536,0.8269230769230769,0.21428571428571427,0.8571428571428571,0.0004
744,1.5374568700790405,1.5315234661102295,0.36538461538461536,0.8269230769230769,0.21428571428571427,0.8571428571428571,0.0004
745,1.5624879002571106,1.5330036878585815,0.36538461538461536,0.8269230769230769,0.21428571428571427,0.8571428571428571,0.0004
746,1.5790090560913086,1.5358113050460815,0.36538461538461536,0.8269230769230769,0.21428571428571427,0.8571428571428571,0.0004
747,1.563550055027008,1.538174033164978,0.36538461538461536,0.8269230769230769,0.21428571428571427,0.8571428571428571,0.0004
748,1.5492648482322693,1.5407707691192627,0.36538461538461536,0.8269230769230769,0.21428571428571427,0.8571428571428571,0.0004
749,1.52655428647995,1.5436923503875732,0.36538461538461536,0.8269230769230769,0.21428571428571427,0.8571428571428571,0.0004
750,1.565399944782257,1.5452290773391724,0.36538461538461536,0.8269230769230769,0.21428571428571427,0.8571428571428571,0.0004
751,1.576823115348816,1.545921802520752,0.36538461538461536,0.8269230769230769,0.21428571428571427,0.8571428571428571,0.0004
752,1.5514243841171265,1.5467329025268555,0.36538461538461536,0.8269230769230769,0.21428571428571427,0.8571428571428571,0.0004
753,1.5059393048286438,1.5465834140777588,0.36538461538461536,0.8269230769230769,0.21428571428571427,0.8571428571428571,0.0004
754,1.5501249432563782,1.5461125373840332,0.36538461538461536,0.8269230769230769,0.21428571428571427,0.8571428571428571,0.0004
755,1.53264582157135,1.5449695587158203,0.36538461538461536,0.8269230769230769,0.21428571428571427,0.8571428571428571,0.0004
756,1.6051093935966492,1.5445342063903809,0.36538461538461536,0.8269230769230769,0.21428571428571427,0.8571428571428571,0.0004
757,1.5517837405204773,1.541594386100769,0.36538461538461536,0.8269230769230769,0.21428571428571427,0.8571428571428571,0.0004
758,1.5825448036193848,1.538133978843689,0.36538461538461536,0.8269230769230769,0.21428571428571427,0.8571428571428571,0.0004
759,1.5359004735946655,1.534714937210083,0.36538461538461536,0.8269230769230769,0.21428571428571427,0.8571428571428571,0.0004
760,1.5835756063461304,1.5315015316009521,0.36538461538461536,0.8269230769230769,0.21428571428571427,0.8571428571428571,0.0004
761,1.5484010577201843,1.5276768207550049,0.36538461538461536,0.8269230769230769,0.21428571428571427,0.8571428571428571,0.0004
762,1.5970591306686401,1.52553129196167,0.36538461538461536,0.8269230769230769,0.21428571428571427,0.8571428571428571,0.0004
763,1.565998136997223,1.5236554145812988,0.36538461538461536,0.8269230769230769,0.21428571428571427,0.8571428571428571,0.0004
764,1.5508581399917603,1.5221874713897705,0.36538461538461536,0.8269230769230769,0.21428571428571427,0.8571428571428571,0.0004
765,1.5649556517601013,1.5211243629455566,0.36538461538461536,0.8269230769230769,0.21428571428571427,0.8571428571428571,0.0004
766,1.5500946640968323,1.521092176437378,0.36538461538461536,0.8269230769230769,0.21428571428571427,0.8571428571428571,0.0004
767,1.594730019569397,1.521895170211792,0.36538461538461536,0.8269230769230769,0.21428571428571427,0.8571428571428571,0.0004
768,1.580770492553711,1.5237627029418945,0.36538461538461536,0.8269230769230769,0.21428571428571427,0.8571428571428571,0.0004
769,1.549678385257721,1.525566577911377,0.36538461538461536,0.8269230769230769,0.21428571428571427,0.8571428571428571,0.0004
770,1.549224615097046,1.5281450748443604,0.36538461538461536,0.8269230769230769,0.21428571428571427,0.8571428571428571,0.0004
771,1.584520697593689,1.5313981771469116,0.36538461538461536,0.8269230769230769,0.21428571428571427,0.8571428571428571,0.0004
772,1.5365382432937622,1.5329265594482422,0.36538461538461536,0.8269230769230769,0.21428571428571427,0.8571428571428571,0.0004
773,1.56386798620224,1.5342748165130615,0.36538461538461536,0.8269230769230769,0.21428571428571427,0.8571428571428571,0.0004
774,1.5906808376312256,1.5360095500946045,0.36538461538461536,0.8269230769230769,0.21428571428571427,0.8571428571428571,0.0004
775,1.5780348777770996,1.538094401359558,0.36538461538461536,0.8269230769230769,0.21428571428571427,0.8571428571428571,0.0004
776,1.5495952367782593,1.5400303602218628,0.36538461538461536,0.8269230769230769,0.21428571428571427,0.8571428571428571,0.0004
777,1.5455883741378784,1.5413756370544434,0.36538461538461536,0.8269230769230769,0.21428571428571427,0.8571428571428571,0.0004
778,1.5860599279403687,1.5429918766021729,0.36538461538461536,0.8269230769230769,0.21428571428571427,0.8571428571428571,0.0004
779,1.5644599199295044,1.5458827018737793,0.36538461538461536,0.8269230769230769,0.21428571428571427,0.8571428571428571,0.0004
780,1.5365082621574402,1.5482734441757202,0.36538461538461536,0.8269230769230769,0.21428571428571427,0.8571428571428571,0.0004
781,1.596478521823883,1.550116777420044,0.36538461538461536,0.8269230769230769,0.21428571428571427,0.8571428571428571,0.0004
782,1.5856176614761353,1.550657033920288,0.36538461538461536,0.8269230769230769,0.21428571428571427,0.8571428571428571,0.0004
783,1.5761091709136963,1.5491220951080322,0.36538461538461536,0.8269230769230769,0.21428571428571427,0.8571428571428571,0.0004
784,1.5394964814186096,1.5479182004928589,0.36538461538461536,0.8269230769230769,0.21428571428571427,0.8571428571428571,0.0004
785,1.5612850189208984,1.5456310510635376,0.36538461538461536,0.8269230769230769,0.21428571428571427,0.8571428571428571,0.0004
786,1.5714578032493591,1.5443885326385498,0.36538461538461536,0.8269230769230769,0.21428571428571427,0.8571428571428571,0.0004
787,1.5399140119552612,1.5417251586914062,0.36538461538461536,0.8269230769230769,0.21428571428571427,0.8571428571428571,0.0004
788,1.549225628376007,1.5384747982025146,0.36538461538461536,0.8269230769230769,0.21428571428571427,0.8571428571428571,0.0004
789,1.5466854572296143,1.5355186462402344,0.36538461538461536,0.8269230769230769,0.21428571428571427,0.8571428571428571,0.0004
790,1.5344526767730713,1.534289836883545,0.36538461538461536,0.8269230769230769,0.21428571428571427,0.8571428571428571,0.0004
791,1.5491080284118652,1.533627986907959,0.36538461538461536,0.8269230769230769,0.21428571428571427,0.8571428571428571,0.0004
792,1.5788962841033936,1.5334365367889404,0.36538461538461536,0.8269230769230769,0.21428571428571427,0.8571428571428571,0.0004
793,1.5644749402999878,1.533460259437561,0.36538461538461536,0.8269230769230769,0.21428571428571427,0.8571428571428571,0.0004
794,1.5478025078773499,1.5335158109664917,0.36538461538461536,0.8269230769230769,0.21428571428571427,0.8571428571428571,0.0004
795,1.565090000629425,1.5343363285064697,0.36538461538461536,0.8269230769230769,0.21428571428571427,0.8571428571428571,0.0004
796,1.5490905046463013,1.5349515676498413,0.36538461538461536,0.8269230769230769,0.21428571428571427,0.8571428571428571,0.0004
797,1.519656002521515,1.53567636013031,0.36538461538461536,0.8269230769230769,0.21428571428571427,0.8571428571428571,0.0004
798,1.5661128163337708,1.5364398956298828,0.36538461538461536,0.8269230769230769,0.21428571428571427,0.8571428571428571,0.0004
799,1.5833381414413452,1.5367625951766968,0.36538461538461536,0.8269230769230769,0.21428571428571427,0.8571428571428571,0.0004
800,1.5651952624320984,1.5362157821655273,0.36538461538461536,0.8269230769230769,0.21428571428571427,0.8571428571428571,0.0004
801,1.6086933612823486,1.535422444343567,0.36538461538461536,0.8269230769230769,0.21428571428571427,0.8571428571428571,0.0004
802,1.552162528038025,1.5354599952697754,0.36538461538461536,0.8269230769230769,0.21428571428571427,0.8571428571428571,0.0004
803,1.5462362170219421,1.5344715118408203,0.36538461538461536,0.8269230769230769,0.21428571428571427,0.8571428571428571,0.0004
804,1.5533030033111572,1.5350056886672974,0.36538461538461536,0.8269230769230769,0.21428571428571427,0.8571428571428571,0.0004
805,1.5778199434280396,1.5342905521392822,0.36538461538461536,0.8269230769230769,0.21428571428571427,0.8571428571428571,0.0004
806,1.535458743572235,1.5342686176300049,0.36538461538461536,0.8269230769230769,0.21428571428571427,0.8571428571428571,0.0004
807,1.546968400478363,1.5340150594711304,0.36538461538461536,0.8269230769230769,0.21428571428571427,0.8571428571428571,0.0004
808,1.563349962234497,1.5347459316253662,0.36538461538461536,0.8269230769230769,0.21428571428571427,0.8571428571428571,0.0004
809,1.5669243335723877,1.5361058712005615,0.36538461538461536,0.8269230769230769,0.21428571428571427,0.8571428571428571,0.0004
810,1.5522292256355286,1.5368181467056274,0.36538461538461536,0.8269230769230769,0.21428571428571427,0.8571428571428571,0.0004
811,1.5747759342193604,1.5363938808441162,0.36538461538461536,0.8269230769230769,0.21428571428571427,0.8571428571428571,0.0004
812,1.5491950511932373,1.5371776819229126,0.36538461538461536,0.8269230769230769,0.21428571428571427,0.8571428571428571,0.0004
813,1.5613765120506287,1.5378007888793945,0.36538461538461536,0.8269230769230769,0.21428571428571427,0.8571428571428571,0.0004
814,1.550395905971527,1.5389940738677979,0.36538461538461536,0.8269230769230769,0.21428571428571427,0.8571428571428571,0.0004
815,1.531342089176178,1.5394341945648193,0.36538461538461536,0.8269230769230769,0.21428571428571427,0.8571428571428571,0.0004
816,1.5383299589157104,1.5409308671951294,0.36538461538461536,0.8269230769230769,0.21428571428571427,0.8571428571428571,0.0004
817,1.552854835987091,1.5415974855422974,0.36538461538461536,0.8269230769230769,0.21428571428571427,0.8571428571428571,0.0004
818,1.5969520807266235,1.5413329601287842,0.36538461538461536,0.8269230769230769,0.21428571428571427,0.8571428571428571,0.0004
819,1.5371020436286926,1.5401256084442139,0.36538461538461536,0.8269230769230769,0.21428571428571427,0.8571428571428571,0.0004
820,1.5514218211174011,1.5384851694107056,0.36538461538461536,0.8269230769230769,0.21428571428571427,0.8571428571428571,0.0004
821,1.5357288718223572,1.5365636348724365,0.36538461538461536,0.8269230769230769,0.21428571428571427,0.8571428571428571,0.0004
822,1.583358347415924,1.534799575805664,0.36538461538461536,0.8269230769230769,0.21428571428571427,0.8571428571428571,0.0004
823,1.5945793986320496,1.5322242975234985,0.36538461538461536,0.8269230769230769,0.21428571428571427,0.8571428571428571,0.0004
824,1.5648399591445923,1.529929280281067,0.36538461538461536,0.8269230769230769,0.21428571428571427,0.8571428571428571,0.0004
825,1.5805111527442932,1.5281519889831543,0.36538461538461536,0.8269230769230769,0.21428571428571427,0.8571428571428571,0.0004
826,1.5510457158088684,1.5264461040496826,0.36538461538461536,0.8269230769230769,0.21428571428571427,0.8571428571428571,0.0004
827,1.5953614711761475,1.5251455307006836,0.36538461538461536,0.8269230769230769,0.21428571428571427,0.8571428571428571,0.0004
828,1.595580279827118,1.524202823638916,0.36538461538461536,0.8269230769230769,0.21428571428571427,0.8571428571428571,0.0004
829,1.5657137632369995,1.5232245922088623,0.36538461538461536,0.8269230769230769,0.21428571428571427,0.8571428571428571,0.0004
830,1.5788639187812805,1.5226496458053589,0.36538461538461536,0.8269230769230769,0.21428571428571427,0.8571428571428571,0.0004
831,1.564477562904358,1.5228551626205444,0.36538461538461536,0.8269230769230769,0.21428571428571427,0.8571428571428571,0.0004
832,1.579958438873291,1.5243483781814575,0.36538461538461536,0.8269230769230769,0.21428571428571427,0.8571428571428571,0.0004
833,1.5516830682754517,1.5259588956832886,0.36538461538461536,0.8269230769230769,0.21428571428571427,0.8571428571428571,0.0004
834,1.5684033036231995,1.5281404256820679,0.36538461538461536,0.8269230769230769,0.21428571428571427,0.8571428571428571,0.0004
835,1.5620369911193848,1.5291008949279785,0.36538461538461536,0.8269230769230769,0.21428571428571427,0.8571428571428571,0.0004
836,1.5496904850006104,1.5315288305282593,0.36538461538461536,0.8269230769230769,0.21428571428571427,0.8571428571428571,0.0004
837,1.5508759021759033,1.5342952013015747,0.36538461538461536,0.8269230769230769,0.21428571428571427,0.8571428571428571,0.0004
838,1.5238887667655945,1.5369899272918701,0.36538461538461536,0.8269230769230769,0.21428571428571427,0.8571428571428571,0.0004
839,1.5656651258468628,1.539438247680664,0.36538461538461536,0.8269230769230769,0.21428571428571427,0.8571428571428571,0.0004
840,1.5793843865394592,1.5413037538528442,0.36538461538461536,0.8269230769230769,0.21428571428571427,0.8571428571428571,0.0004
841,1.575919270515442,1.5425300598144531,0.36538461538461536,0.8269230769230769,0.21428571428571427,0.8571428571428571,0.0004
842,1.579314649105072,1.5441092252731323,0.36538461538461536,0.8269230769230769,0.21428571428571427,0.8571428571428571,0.0004
843,1.6001396179199219,1.5454254150390625,0.36538461538461536,0.8269230769230769,0.21428571428571427,0.8571428571428571,0.0004
844,1.5324555039405823,1.5446937084197998,0.36538461538461536,0.8269230769230769,0.21428571428571427,0.8571428571428571,0.0004
845,1.5297868847846985,1.5440438985824585,0.36538461538461536,0.8269230769230769,0.21428571428571427,0.8571428571428571,0.0004
846,1.5638467669487,1.5446414947509766,0.36538461538461536,0.8269230769230769,0.21428571428571427,0.8571428571428571,0.0004
847,1.57705557346344,1.544757604598999,0.36538461538461536,0.8269230769230769,0.21428571428571427,0.8571428571428571,0.0004
848,1.5488730072975159,1.5450119972229004,0.36538461538461536,0.8269230769230769,0.21428571428571427,0.8571428571428571,0.0004
849,1.593982458114624,1.5450412034988403,0.36538461538461536,0.8269230769230769,0.21428571428571427,0.8571428571428571,0.0004
850,1.5558608174324036,1.54494309425354,0.36538461538461536,0.8269230769230769,0.21428571428571427,0.8571428571428571,0.0004
851,1.568198323249817,1.5433127880096436,0.36538461538461536,0.8269230769230769,0.21428571428571427,0.8571428571428571,0.0004
852,1.5649298429489136,1.5405972003936768,0.36538461538461536,0.8269230769230769,0.21428571428571427,0.8571428571428571,0.0004
853,1.5533779859542847,1.5382130146026611,0.36538461538461536,0.8269230769230769,0.21428571428571427,0.8571428571428571,0.0004
854,1.5887460112571716,1.5347917079925537,0.36538461538461536,0.8269230769230769,0.21428571428571427,0.8571428571428571,0.0004
855,1.5352922081947327,1.53341805934906,0.36538461538461536,0.8269230769230769,0.21428571428571427,0.8571428571428571,0.0004
856,1.5487425923347473,1.532328486442566,0.36538461538461536,0.8269230769230769,0.21428571428571427,0.8571428571428571,0.0004
857,1.5775551795959473,1.5317988395690918,0.36538461538461536,0.8269230769230769,0.21428571428571427,0.8571428571428571,0.0004
858,1.5659099817276,1.53167724609375,0.36538461538461536,0.8269230769230769,0.21428571428571427,0.8571428571428571,0.0004
859,1.5508681535720825,1.5316126346588135,0.36538461538461536,0.8269230769230769,0.21428571428571427,0.8571428571428571,0.0004
860,1.552049160003662,1.5314178466796875,0.36538461538461536,0.8269230769230769,0.21428571428571427,0.8571428571428571,0.0004
861,1.5356783270835876,1.5307917594909668,0.36538461538461536,0.8269230769230769,0.21428571428571427,0.8571428571428571,0.0004
862,1.537109911441803,1.5306458473205566,0.36538461538461536,0.8269230769230769,0.21428571428571427,0.8571428571428571,0.0004
863,1.5628902912139893,1.5302436351776123,0.36538461538461536,0.8269230769230769,0.21428571428571427,0.8571428571428571,0.0004
864,1.5476312637329102,1.5305110216140747,0.36538461538461536,0.8269230769230769,0.21428571428571427,0.8571428571428571,0.0004
865,1.5954651832580566,1.531863808631897,0.36538461538461536,0.8269230769230769,0.21428571428571427,0.8571428571428571,0.0004
866,1.5797970294952393,1.5329633951187134,0.36538461538461536,0.8269230769230769,0.21428571428571427,0.8571428571428571,0.0004
867,1.5360230803489685,1.53401780128479,0.36538461538461536,0.8269230769230769,0.21428571428571427,0.8571428571428571,0.0004
868,1.552198886871338,1.535144567489624,0.36538461538461536,0.8269230769230769,0.21428571428571427,0.8571428571428571,0.0004
869,1.5485371351242065,1.5353904962539673,0.36538461538461536,0.8269230769230769,0.21428571428571427,0.8571428571428571,0.0004
870,1.547523319721222,1.5359739065170288,0.36538461538461536,0.8269230769230769,0.21428571428571427,0.8571428571428571,0.0004
871,1.5662996172904968,1.5372438430786133,0.36538461538461536,0.8269230769230769,0.21428571428571427,0.8571428571428571,0.0004
872,1.5941771268844604,1.537768006324768,0.36538461538461536,0.8269230769230769,0.21428571428571427,0.8571428571428571,0.0004
873,1.5640152096748352,1.538200855255127,0.36538461538461536,0.8269230769230769,0.21428571428571427,0.8571428571428571,0.0004
874,1.5364814400672913,1.5386425256729126,0.36538461538461536,0.8269230769230769,0.21428571428571427,0.8571428571428571,0.0004
875,1.532837450504303,1.5383168458938599,0.36538461538461536,0.8269230769230769,0.21428571428571427,0.8571428571428571,0.0004
876,1.5077915787696838,1.5385065078735352,0.36538461538461536,0.8269230769230769,0.21428571428571427,0.8571428571428571,0.0004
877,1.5776667594909668,1.538172721862793,0.36538461538461536,0.8269230769230769,0.21428571428571427,0.8571428571428571,0.0004
878,1.5175392031669617,1.538082480430603,0.36538461538461536,0.8269230769230769,0.21428571428571427,0.8571428571428571,0.0004
879,1.551516592502594,1.5386745929718018,0.36538461538461536,0.8269230769230769,0.21428571428571427,0.8571428571428571,0.0004
880,1.5380696654319763,1.5387012958526611,0.36538461538461536,0.8269230769230769,0.21428571428571427,0.8571428571428571,0.0004
881,1.565611481666565,1.5376310348510742,0.36538461538461536,0.8269230769230769,0.21428571428571427,0.8571428571428571,0.0004
882,1.5523634552955627,1.5364916324615479,0.36538461538461536,0.8269230769230769,0.21428571428571427,0.8571428571428571,0.0004
883,1.5686695575714111,1.534869909286499,0.36538461538461536,0.8269230769230769,0.21428571428571427,0.8571428571428571,0.0004
884,1.5639688372612,1.5322742462158203,0.36538461538461536,0.8269230769230769,0.21428571428571427,0.8571428571428571,0.0004
885,1.565175712108612,1.5304306745529175,0.36538461538461536,0.8269230769230769,0.21428571428571427,0.8571428571428571,0.0004
886,1.535965085029602,1.5289572477340698,0.36538461538461536,0.8269230769230769,0.21428571428571427,0.8571428571428571,0.0004
887,1.547415018081665,1.5271638631820679,0.36538461538461536,0.8269230769230769,0.21428571428571427,0.8571428571428571,0.0004
888,1.5641853213310242,1.526916265487671,0.36538461538461536,0.8269230769230769,0.21428571428571427,0.8571428571428571,0.0004
889,1.564975619316101,1.5274152755737305,0.36538461538461536,0.8269230769230769,0.21428571428571427,0.8571428571428571,0.0004
890,1.5195062756538391,1.5281211137771606,0.36538461538461536,0.8269230769230769,0.21428571428571427,0.8571428571428571,0.0004
891,1.5611612796783447,1.5290392637252808,0.36538461538461536,0.8269230769230769,0.21428571428571427,0.8571428571428571,0.0004
892,1.6129138469696045,1.5317957401275635,0.36538461538461536,0.8269230769230769,0.21428571428571427,0.8571428571428571,0.0004
893,1.5663177967071533,1.5338759422302246,0.36538461538461536,0.8269230769230769,0.21428571428571427,0.8571428571428571,0.0004
894,1.5508996844291687,1.535404920578003,0.36538461538461536,0.8269230769230769,0.21428571428571427,0.8571428571428571,0.0004
895,1.548442006111145,1.5363044738769531,0.36538461538461536,0.8269230769230769,0.21428571428571427,0.8571428571428571,0.0004
896,1.5816707611083984,1.5375198125839233,0.36538461538461536,0.8269230769230769,0.21428571428571427,0.8571428571428571,0.0004
897,1.549258053302765,1.537859559059143,0.36538461538461536,0.8269230769230769,0.21428571428571427,0.8571428571428571,0.0004
898,1.564076006412506,1.538184642791748,0.36538461538461536,0.8269230769230769,0.21428571428571427,0.8571428571428571,0.0004
899,1.5358591675758362,1.5384174585342407,0.36538461538461536,0.8269230769230769,0.21428571428571427,0.8571428571428571,0.0004
900,1.598418116569519,1.5384982824325562,0.36538461538461536,0.8269230769230769,0.21428571428571427,0.8571428571428571,0.0004
901,1.551510751247406,1.5373355150222778,0.36538461538461536,0.8269230769230769,0.21428571428571427,0.8571428571428571,0.0004
902,1.5896764993667603,1.5354316234588623,0.36538461538461536,0.8269230769230769,0.21428571428571427,0.8571428571428571,0.0004
903,1.5630604028701782,1.5348575115203857,0.36538461538461536,0.8269230769230769,0.21428571428571427,0.8571428571428571,0.0004
904,1.5673004388809204,1.5349524021148682,0.36538461538461536,0.8269230769230769,0.21428571428571427,0.8571428571428571,0.0004
905,1.5908538103103638,1.5340651273727417,0.36538461538461536,0.8269230769230769,0.21428571428571427,0.8571428571428571,0.0004
906,1.577434480190277,1.5339422225952148,0.36538461538461536,0.8269230769230769,0.21428571428571427,0.8571428571428571,0.0004
907,1.5811577439308167,1.5345888137817383,0.36538461538461536,0.8269230769230769,0.21428571428571427,0.8571428571428571,0.0004
908,1.550693690776825,1.5344045162200928,0.36538461538461536,0.8269230769230769,0.21428571428571427,0.8571428571428571,0.0004
909,1.5779364109039307,1.534489631652832,0.36538461538461536,0.8269230769230769,0.21428571428571427,0.8571428571428571,0.0004
910,1.5534244775772095,1.5350375175476074,0.36538461538461536,0.8269230769230769,0.21428571428571427,0.8571428571428571,0.0004
911,1.579495370388031,1.534719705581665,0.36538461538461536,0.8269230769230769,0.21428571428571427,0.8571428571428571,0.0004
912,1.5518127083778381,1.5343372821807861,0.36538461538461536,0.8269230769230769,0.21428571428571427,0.8571428571428571,0.0004
913,1.5386812090873718,1.5337411165237427,0.36538461538461536,0.8269230769230769,0.21428571428571427,0.8571428571428571,0.0004
914,1.5561968684196472,1.5332876443862915,0.36538461538461536,0.8269230769230769,0.21428571428571427,0.8571428571428571,0.0004
915,1.5646717548370361,1.5315885543823242,0.36538461538461536,0.8269230769230769,0.21428571428571427,0.8571428571428571,0.0004
916,1.565944790840149,1.5300918817520142,0.36538461538461536,0.8269230769230769,0.21428571428571427,0.8571428571428571,0.0004
917,1.5367265939712524,1.528830647468567,0.36538461538461536,0.8269230769230769,0.21428571428571427,0.8571428571428571,0.0004
918,1.5515873432159424,1.5281000137329102,0.36538461538461536,0.8269230769230769,0.21428571428571427,0.8571428571428571,0.0004
919,1.5521618127822876,1.5279728174209595,0.36538461538461536,0.8269230769230769,0.21428571428571427,0.8571428571428571,0.0004
920,1.5352752208709717,1.5275986194610596,0.36538461538461536,0.8269230769230769,0.21428571428571427,0.8571428571428571,0.0004
921,1.522254228591919,1.5279723405838013,0.36538461538461536,0.8269230769230769,0.21428571428571427,0.8571428571428571,0.0004
922,1.5655291676521301,1.5285167694091797,0.36538461538461536,0.8269230769230769,0.21428571428571427,0.8571428571428571,0.0004
923,1.579889953136444,1.529162883758545,0.36538461538461536,0.8269230769230769,0.21428571428571427,0.8571428571428571,0.0004
924,1.5641443729400635,1.5299444198608398,0.36538461538461536,0.8269230769230769,0.21428571428571427,0.8571428571428571,0.0004
925,1.5331873297691345,1.5310159921646118,0.36538461538461536,0.8269230769230769,0.21428571428571427,0.8571428571428571,0.0004
926,1.5790340900421143,1.532596230506897,0.36538461538461536,0.8269230769230769,0.21428571428571427,0.8571428571428571,0.0004
927,1.5177245736122131,1.5344054698944092,0.36538461538461536,0.8269230769230769,0.21428571428571427,0.8571428571428571,0.0004
928,1.584964394569397,1.536781907081604,0.36538461538461536,0.8269230769230769,0.21428571428571427,0.8571428571428571,0.0004
929,1.53777277469635,1.5378139019012451,0.36538461538461536,0.8269230769230769,0.21428571428571427,0.8571428571428571,0.0004
930,1.551476776599884,1.537739634513855,0.36538461538461536,0.8269230769230769,0.21428571428571427,0.8571428571428571,0.0004
931,1.5528061389923096,1.5369880199432373,0.36538461538461536,0.8269230769230769,0.21428571428571427,0.8571428571428571,0.0004
932,1.570298671722412,1.535576343536377,0.36538461538461536,0.8269230769230769,0.21428571428571427,0.8571428571428571,0.0004
933,1.5330278873443604,1.5332324504852295,0.36538461538461536,0.8269230769230769,0.21428571428571427,0.8571428571428571,0.0004
934,1.5660495162010193,1.5317555665969849,0.36538461538461536,0.8269230769230769,0.21428571428571427,0.8571428571428571,0.0004
935,1.570521891117096,1.5305683612823486,0.36538461538461536,0.8269230769230769,0.21428571428571427,0.8571428571428571,0.0004
936,1.5683875679969788,1.5283358097076416,0.36538461538461536,0.8269230769230769,0.21428571428571427,0.8571428571428571,0.0004
937,1.61353600025177,1.5256723165512085,0.36538461538461536,0.8269230769230769,0.21428571428571427,0.8571428571428571,0.0004
938,1.5349106788635254,1.5231680870056152,0.36538461538461536,0.8269230769230769,0.21428571428571427,0.8571428571428571,0.0004
939,1.551357924938202,1.5219130516052246,0.36538461538461536,0.8269230769230769,0.21428571428571427,0.8571428571428571,0.0004
940,1.534021019935608,1.5204081535339355,0.36538461538461536,0.8269230769230769,0.21428571428571427,0.8571428571428571,0.0004
941,1.564455807209015,1.5214588642120361,0.36538461538461536,0.8269230769230769,0.21428571428571427,0.8571428571428571,0.0004
942,1.567842185497284,1.5239195823669434,0.36538461538461536,0.8269230769230769,0.21428571428571427,0.8571428571428571,0.0004
943,1.5641455054283142,1.5256290435791016,0.36538461538461536,0.8269230769230769,0.21428571428571427,0.8571428571428571,0.0004
944,1.5359824895858765,1.528069019317627,0.36538461538461536,0.8269230769230769,0.21428571428571427,0.8571428571428571,0.0004
945,1.5635629892349243,1.5303575992584229,0.36538461538461536,0.8269230769230769,0.21428571428571427,0.8571428571428571,0.0004
946,1.567432701587677,1.533272385597229,0.36538461538461536,0.8269230769230769,0.21428571428571427,0.8571428571428571,0.0004
947,1.5522315502166748,1.5353083610534668,0.36538461538461536,0.8269230769230769,0.21428571428571427,0.8571428571428571,0.0004
948,1.547796368598938,1.5363613367080688,0.36538461538461536,0.8269230769230769,0.21428571428571427,0.8571428571428571,0.0004
949,1.5490953922271729,1.5378308296203613,0.36538461538461536,0.8269230769230769,0.21428571428571427,0.8571428571428571,0.0004
950,1.5817018151283264,1.5396831035614014,0.36538461538461536,0.8269230769230769,0.21428571428571427,0.8571428571428571,0.0004
951,1.5975273251533508,1.5408008098602295,0.36538461538461536,0.8269230769230769,0.21428571428571427,0.8571428571428571,0.0004
952,1.5756561756134033,1.5405125617980957,0.36538461538461536,0.8269230769230769,0.21428571428571427,0.8571428571428571,0.0004
953,1.5611926317214966,1.5405609607696533,0.36538461538461536,0.8269230769230769,0.21428571428571427,0.8571428571428571,0.0004
954,1.5638566613197327,1.5413970947265625,0.36538461538461536,0.8269230769230769,0.21428571428571427,0.8571428571428571,0.0004
955,1.5398720502853394,1.542311668395996,0.36538461538461536,0.8269230769230769,0.21428571428571427,0.8571428571428571,0.0004
956,1.5815978646278381,1.542022466659546,0.36538461538461536,0.8269230769230769,0.21428571428571427,0.8571428571428571,0.0004
957,1.5574766397476196,1.5412731170654297,0.36538461538461536,0.8269230769230769,0.21428571428571427,0.8571428571428571,0.0004
958,1.5507585406303406,1.538720726966858,0.36538461538461536,0.8269230769230769,0.21428571428571427,0.8571428571428571,0.0004
959,1.5800129771232605,1.5362317562103271,0.36538461538461536,0.8269230769230769,0.21428571428571427,0.8571428571428571,0.0004
960,1.5760546922683716,1.5333976745605469,0.36538461538461536,0.8269230769230769,0.21428571428571427,0.8571428571428571,0.0004
961,1.5498914122581482,1.532041311264038,0.36538461538461536,0.8269230769230769,0.21428571428571427,0.8571428571428571,0.0004
962,1.5784616470336914,1.531105875968933,0.36538461538461536,0.8269230769230769,0.21428571428571427,0.8571428571428571,0.0004
963,1.5495029091835022,1.5306299924850464,0.36538461538461536,0.8269230769230769,0.21428571428571427,0.8571428571428571,0.0004
964,1.5362043380737305,1.5307395458221436,0.36538461538461536,0.8269230769230769,0.21428571428571427,0.8571428571428571,0.0004
965,1.5811327695846558,1.531169056892395,0.36538461538461536,0.8269230769230769,0.21428571428571427,0.8571428571428571,0.0004
966,1.5352609157562256,1.5310642719268799,0.36538461538461536,0.8269230769230769,0.21428571428571427,0.8571428571428571,0.0004
967,1.5630788207054138,1.531337022781372,0.36538461538461536,0.8269230769230769,0.21428571428571427,0.8571428571428571,0.0004
968,1.5780946612358093,1.5322437286376953,0.36538461538461536,0.8269230769230769,0.21428571428571427,0.8571428571428571,0.0004
969,1.5665905475616455,1.5337638854980469,0.36538461538461536,0.8269230769230769,0.21428571428571427,0.8571428571428571,0.0004
970,1.5635141730308533,1.5345501899719238,0.36538461538461536,0.8269230769230769,0.21428571428571427,0.8571428571428571,0.0004
971,1.5652140378952026,1.5356991291046143,0.36538461538461536,0.8269230769230769,0.21428571428571427,0.8571428571428571,0.0004
972,1.5618071556091309,1.5362548828125,0.36538461538461536,0.8269230769230769,0.21428571428571427,0.8571428571428571,0.0004
973,1.579510748386383,1.537571907043457,0.36538461538461536,0.8269230769230769,0.21428571428571427,0.8571428571428571,0.0004
974,1.5482895374298096,1.5384587049484253,0.36538461538461536,0.8269230769230769,0.21428571428571427,0.8571428571428571,0.0004
975,1.5485162734985352,1.5393831729888916,0.36538461538461536,0.8269230769230769,0.21428571428571427,0.8571428571428571,0.0004
976,1.540346384048462,1.5407097339630127,0.36538461538461536,0.8269230769230769,0.21428571428571427,0.8571428571428571,0.0004
977,1.5487351417541504,1.5403474569320679,0.36538461538461536,0.8269230769230769,0.21428571428571427,0.8571428571428571,0.0004
978,1.5652874112129211,1.5400885343551636,0.36538461538461536,0.8269230769230769,0.21428571428571427,0.8571428571428571,0.0004
979,1.580950140953064,1.5394997596740723,0.36538461538461536,0.8269230769230769,0.21428571428571427,0.8571428571428571,0.0004
980,1.5339884757995605,1.5383710861206055,0.36538461538461536,0.8269230769230769,0.21428571428571427,0.8571428571428571,0.0004
981,1.5936352610588074,1.5374311208724976,0.36538461538461536,0.8269230769230769,0.21428571428571427,0.8571428571428571,0.0004
982,1.562273919582367,1.5365749597549438,0.36538461538461536,0.8269230769230769,0.21428571428571427,0.8571428571428571,0.0004
983,1.5496894121170044,1.536434292793274,0.36538461538461536,0.8269230769230769,0.21428571428571427,0.8571428571428571,0.0004
984,1.5328954458236694,1.5360760688781738,0.36538461538461536,0.8269230769230769,0.21428571428571427,0.8571428571428571,0.0004
985,1.5502561330795288,1.5363519191741943,0.36538461538461536,0.8269230769230769,0.21428571428571427,0.8571428571428571,0.0004
986,1.5632633566856384,1.5363343954086304,0.36538461538461536,0.8269230769230769,0.21428571428571427,0.8571428571428571,0.0004
987,1.537638247013092,1.5365991592407227,0.36538461538461536,0.8269230769230769,0.21428571428571427,0.8571428571428571,0.0004
988,1.5790467262268066,1.5359987020492554,0.36538461538461536,0.8269230769230769,0.21428571428571427,0.8571428571428571,0.0004
989,1.5332143902778625,1.535538673400879,0.36538461538461536,0.8269230769230769,0.21428571428571427,0.8571428571428571,0.0004
990,1.5461708307266235,1.535469651222229,0.36538461538461536,0.8269230769230769,0.21428571428571427,0.8571428571428571,0.0004
991,1.5739245414733887,1.537015676498413,0.36538461538461536,0.8269230769230769,0.21428571428571427,0.8571428571428571,0.0004
992,1.5461616516113281,1.5359176397323608,0.36538461538461536,0.8269230769230769,0.21428571428571427,0.8571428571428571,0.0004
993,1.5939223766326904,1.5360268354415894,0.36538461538461536,0.8269230769230769,0.21428571428571427,0.8571428571428571,0.0004
994,1.582766354084015,1.5363520383834839,0.36538461538461536,0.8269230769230769,0.21428571428571427,0.8571428571428571,0.0004
995,1.5337895154953003,1.535804033279419,0.36538461538461536,0.8269230769230769,0.21428571428571427,0.8571428571428571,0.0004
996,1.533994734287262,1.5354368686676025,0.36538461538461536,0.8269230769230769,0.21428571428571427,0.8571428571428571,0.0004
997,1.5331162214279175,1.5354183912277222,0.36538461538461536,0.8269230769230769,0.21428571428571427,0.8571428571428571,0.0004
998,1.577742576599121,1.5358986854553223,0.36538461538461536,0.8269230769230769,0.21428571428571427,0.8571428571428571,0.0004
999,1.5537463426589966,1.5369375944137573,0.36538461538461536,0.8269230769230769,0.21428571428571427,0.8571428571428571,0.0004
1000,1.5536909103393555,1.5370157957077026,0.36538461538461536,0.8269230769230769,0.21428571428571427,0.8571428571428571,0.0004
