epoch,train_loss,val_loss,train_acc_action,train_acc_status,val_acc_action,val_acc_status,learning_rate
1,1.7825656533241272,1.7963411808013916,0.36538461538461536,0.75,0.21428571428571427,0.8571428571428571,0.0004
2,1.7840882539749146,1.7911536693572998,0.36538461538461536,0.8269230769230769,0.21428571428571427,0.8571428571428571,0.0004
3,1.767758071422577,1.7875345945358276,0.36538461538461536,0.8076923076923077,0.21428571428571427,0.8571428571428571,0.0004
4,1.7729649543762207,1.7832932472229004,0.36538461538461536,0.8269230769230769,0.21428571428571427,0.8571428571428571,0.0004
5,1.765020728111267,1.7774244546890259,0.36538461538461536,0.8269230769230769,0.21428571428571427,0.8571428571428571,0.0004
6,1.765982985496521,1.7761017084121704,0.36538461538461536,0.8269230769230769,0.21428571428571427,0.8571428571428571,0.0004
7,1.7586162090301514,1.7743613719940186,0.36538461538461536,0.8269230769230769,0.21428571428571427,0.8571428571428571,0.0004
8,1.746635377407074,1.7716701030731201,0.36538461538461536,0.8269230769230769,0.21428571428571427,0.8571428571428571,0.0004
9,1.7507429718971252,1.768833041191101,0.36538461538461536,0.8269230769230769,0.21428571428571427,0.8571428571428571,0.0004
10,1.746508240699768,1.7674731016159058,0.36538461538461536,0.8269230769230769,0.21428571428571427,0.8571428571428571,0.0004
11,1.7389141917228699,1.761121153831482,0.36538461538461536,0.8269230769230769,0.21428571428571427,0.8571428571428571,0.0004
12,1.7516131401062012,1.7601611614227295,0.36538461538461536,0.8269230769230769,0.21428571428571427,0.8571428571428571,0.0004
13,1.7319440841674805,1.7553472518920898,0.36538461538461536,0.8269230769230769,0.21428571428571427,0.8571428571428571,0.0004
14,1.742141842842102,1.7551841735839844,0.36538461538461536,0.8269230769230769,0.21428571428571427,0.8571428571428571,0.0004
15,1.7366610169410706,1.7517560720443726,0.36538461538461536,0.8269230769230769,0.21428571428571427,0.8571428571428571,0.0004
16,1.7288381457328796,1.7485051155090332,0.36538461538461536,0.8269230769230769,0.21428571428571427,0.8571428571428571,0.0004
17,1.7316707968711853,1.740724802017212,0.36538461538461536,0.8269230769230769,0.21428571428571427,0.8571428571428571,0.0004
18,1.7102373242378235,1.7339990139007568,0.36538461538461536,0.8269230769230769,0.21428571428571427,0.8571428571428571,0.0004
19,1.7089621424674988,1.7265620231628418,0.36538461538461536,0.8269230769230769,0.21428571428571427,0.8571428571428571,0.0004
20,1.700516164302826,1.7029757499694824,0.38461538461538464,0.8269230769230769,0.21428571428571427,0.8571428571428571,0.0004
21,1.6426355838775635,1.6846755743026733,0.38461538461538464,0.8269230769230769,0.21428571428571427,0.8571428571428571,0.0004
22,1.6403570175170898,1.6673355102539062,0.36538461538461536,0.8269230769230769,0.21428571428571427,0.8571428571428571,0.0004
23,1.6966251730918884,1.6417903900146484,0.34615384615384615,0.8269230769230769,0.21428571428571427,0.8571428571428571,0.0004
24,1.5471101999282837,1.6404838562011719,0.40384615384615385,0.8269230769230769,0.21428571428571427,0.8571428571428571,0.0004
25,1.6166269183158875,1.6292140483856201,0.40384615384615385,0.8269230769230769,0.21428571428571427,0.8571428571428571,0.0004
26,1.6351056694984436,1.6211462020874023,0.3076923076923077,0.8269230769230769,0.21428571428571427,0.8571428571428571,0.0004
27,1.647402048110962,1.6143628358840942,0.40384615384615385,0.8269230769230769,0.21428571428571427,0.8571428571428571,0.0004
28,1.5158300995826721,1.59547758102417,0.34615384615384615,0.8269230769230769,0.21428571428571427,0.8571428571428571,0.0004
29,1.5935001373291016,1.5849823951721191,0.4423076923076923,0.8269230769230769,0.21428571428571427,0.8571428571428571,0.0004
30,1.6575810313224792,1.566633939743042,0.38461538461538464,0.8269230769230769,0.21428571428571427,0.8571428571428571,0.0004
31,1.6384912133216858,1.564047932624817,0.28846153846153844,0.8269230769230769,0.21428571428571427,0.8571428571428571,0.0004
32,1.5520140528678894,1.5589042901992798,0.36538461538461536,0.8269230769230769,0.21428571428571427,0.8571428571428571,0.0004
33,1.598897397518158,1.552384853363037,0.3269230769230769,0.8269230769230769,0.21428571428571427,0.8571428571428571,0.0004
34,1.6321322917938232,1.5583761930465698,0.3076923076923077,0.8269230769230769,0.21428571428571427,0.8571428571428571,0.0004
35,1.6450881361961365,1.5506072044372559,0.3269230769230769,0.8269230769230769,0.21428571428571427,0.8571428571428571,0.0004
36,1.6022307872772217,1.550574541091919,0.3269230769230769,0.8269230769230769,0.35714285714285715,0.8571428571428571,0.0004
37,1.579892098903656,1.541730523109436,0.38461538461538464,0.8269230769230769,0.2857142857142857,0.8571428571428571,0.0004
38,1.5855066180229187,1.5436339378356934,0.38461538461538464,0.8269230769230769,0.35714285714285715,0.8571428571428571,0.0004
39,1.5923972725868225,1.5392072200775146,0.28846153846153844,0.8269230769230769,0.5,0.8571428571428571,0.0004
40,1.6312565207481384,1.5438019037246704,0.3076923076923077,0.8269230769230769,0.35714285714285715,0.8571428571428571,0.0004
41,1.5075329542160034,1.5457561016082764,0.4230769230769231,0.8269230769230769,0.42857142857142855,0.8571428571428571,0.0004
42,1.5888588428497314,1.537840485572815,0.28846153846153844,0.8269230769230769,0.5,0.8571428571428571,0.0004
43,1.6325344443321228,1.533665657043457,0.21153846153846154,0.8269230769230769,0.42857142857142855,0.8571428571428571,0.0004
44,1.5883105993270874,1.5366754531860352,0.3076923076923077,0.8269230769230769,0.2857142857142857,0.8571428571428571,0.0004
45,1.5311744809150696,1.5411462783813477,0.5384615384615384,0.8269230769230769,0.21428571428571427,0.8571428571428571,0.0004
46,1.5686947107315063,1.543747067451477,0.40384615384615385,0.8269230769230769,0.2857142857142857,0.8571428571428571,0.0004
47,1.6107048988342285,1.5359151363372803,0.3076923076923077,0.8269230769230769,0.2857142857142857,0.8571428571428571,0.0004
48,1.5621654987335205,1.5372724533081055,0.34615384615384615,0.8269230769230769,0.35714285714285715,0.8571428571428571,0.0004
49,1.563960611820221,1.5437376499176025,0.3269230769230769,0.8269230769230769,0.21428571428571427,0.8571428571428571,0.0004
50,1.5861619710922241,1.5418621301651,0.3076923076923077,0.8269230769230769,0.21428571428571427,0.8571428571428571,0.0004
51,1.4781604409217834,1.5536434650421143,0.36538461538461536,0.8269230769230769,0.21428571428571427,0.8571428571428571,0.0004
52,1.5215930938720703,1.5374250411987305,0.4230769230769231,0.8269230769230769,0.21428571428571427,0.8571428571428571,0.0004
53,1.6452334523200989,1.5546602010726929,0.3076923076923077,0.8269230769230769,0.21428571428571427,0.8571428571428571,0.0004
54,1.5617445707321167,1.5711097717285156,0.38461538461538464,0.8269230769230769,0.21428571428571427,0.8571428571428571,0.0004
55,1.5274593234062195,1.5581741333007812,0.4807692307692308,0.8269230769230769,0.21428571428571427,0.8571428571428571,0.0004
56,1.5527148246765137,1.5380594730377197,0.38461538461538464,0.8269230769230769,0.2857142857142857,0.8571428571428571,0.0004
57,1.6310324668884277,1.5794421434402466,0.3269230769230769,0.8269230769230769,0.21428571428571427,0.8571428571428571,0.0004
58,1.60719233751297,1.5662485361099243,0.4230769230769231,0.8269230769230769,0.21428571428571427,0.8571428571428571,0.0004
59,1.5599203705787659,1.574545979499817,0.34615384615384615,0.8269230769230769,0.2857142857142857,0.8571428571428571,0.0004
60,1.5578413605690002,1.5387232303619385,0.28846153846153844,0.8269230769230769,0.21428571428571427,0.8571428571428571,0.0004
61,1.60471910238266,1.5897170305252075,0.40384615384615385,0.8269230769230769,0.2857142857142857,0.8571428571428571,0.0004
62,1.5556727051734924,1.5523626804351807,0.5,0.8269230769230769,0.35714285714285715,0.8571428571428571,0.0004
63,1.523434042930603,1.5678284168243408,0.36538461538461536,0.8269230769230769,0.21428571428571427,0.8571428571428571,0.0004
64,1.5519570708274841,1.5508280992507935,0.5769230769230769,0.8269230769230769,0.42857142857142855,0.8571428571428571,0.0004
65,1.5836111307144165,1.5816125869750977,0.36538461538461536,0.8269230769230769,0.35714285714285715,0.8571428571428571,0.0004
66,1.5869624614715576,1.544640302658081,0.40384615384615385,0.8269230769230769,0.2857142857142857,0.8571428571428571,0.0004
67,1.577513575553894,1.558930516242981,0.5,0.8269230769230769,0.21428571428571427,0.8571428571428571,0.0004
68,1.5953298807144165,1.5823372602462769,0.23076923076923078,0.8269230769230769,0.21428571428571427,0.8571428571428571,0.0004
69,1.5945797562599182,1.5672773122787476,0.38461538461538464,0.8269230769230769,0.21428571428571427,0.8571428571428571,0.0004
70,1.6220332980155945,1.5457868576049805,0.25,0.8269230769230769,0.21428571428571427,0.8571428571428571,0.0004
71,1.6138514876365662,1.574223518371582,0.23076923076923078,0.8269230769230769,0.21428571428571427,0.8571428571428571,0.0004
72,1.5796445608139038,1.5450398921966553,0.38461538461538464,0.8269230769230769,0.35714285714285715,0.8571428571428571,0.0004
73,1.6024921536445618,1.617218017578125,0.40384615384615385,0.8269230769230769,0.14285714285714285,0.8571428571428571,0.0004
74,1.5344643592834473,1.5451531410217285,0.5,0.8269230769230769,0.42857142857142855,0.8571428571428571,0.0004
75,1.6150920391082764,1.6322970390319824,0.46153846153846156,0.8269230769230769,0.2857142857142857,0.8571428571428571,0.0004
76,1.5313473343849182,1.603926420211792,0.4807692307692308,0.8269230769230769,0.21428571428571427,0.8571428571428571,0.0004
77,1.5390644073486328,1.6090137958526611,0.36538461538461536,0.8269230769230769,0.2857142857142857,0.8571428571428571,0.0004
78,1.5390058755874634,1.5891532897949219,0.4423076923076923,0.8269230769230769,0.2857142857142857,0.8571428571428571,0.0004
79,1.5551748871803284,1.5843760967254639,0.40384615384615385,0.8269230769230769,0.2857142857142857,0.8571428571428571,0.0004
80,1.5767106413841248,1.620973825454712,0.38461538461538464,0.8269230769230769,0.2857142857142857,0.8571428571428571,0.0004
81,1.573975920677185,1.6129599809646606,0.4423076923076923,0.8269230769230769,0.21428571428571427,0.8571428571428571,0.0004
82,1.5522607564926147,1.5787757635116577,0.46153846153846156,0.8269230769230769,0.35714285714285715,0.8571428571428571,0.0004
83,1.6004958152770996,1.6050561666488647,0.4230769230769231,0.8269230769230769,0.2857142857142857,0.8571428571428571,0.0004
84,1.5521555542945862,1.6064505577087402,0.40384615384615385,0.8269230769230769,0.21428571428571427,0.8571428571428571,0.0004
85,1.5442221760749817,1.574070930480957,0.4230769230769231,0.8269230769230769,0.35714285714285715,0.8571428571428571,0.0004
86,1.6183321475982666,1.5508317947387695,0.40384615384615385,0.8269230769230769,0.35714285714285715,0.8571428571428571,0.0004
87,1.5343449115753174,1.5539791584014893,0.4807692307692308,0.8269230769230769,0.35714285714285715,0.8571428571428571,0.0004
88,1.5419732332229614,1.5167993307113647,0.46153846153846156,0.8269230769230769,0.5,0.8571428571428571,0.0004
89,1.522909939289093,1.564571499824524,0.5192307692307693,0.8269230769230769,0.2857142857142857,0.8571428571428571,0.0004
90,1.5261664390563965,1.493648886680603,0.38461538461538464,0.8269230769230769,0.5,0.8571428571428571,0.0004
91,1.564000427722931,1.5637085437774658,0.38461538461538464,0.8269230769230769,0.2857142857142857,0.8571428571428571,0.0004
92,1.5033576488494873,1.5249252319335938,0.46153846153846156,0.8269230769230769,0.42857142857142855,0.8571428571428571,0.0004
93,1.5268396735191345,1.5366098880767822,0.4807692307692308,0.8269230769230769,0.2857142857142857,0.8571428571428571,0.0004
94,1.4876985549926758,1.4895998239517212,0.5769230769230769,0.8269230769230769,0.42857142857142855,0.8571428571428571,0.0004
95,1.529738426208496,1.5192838907241821,0.4230769230769231,0.8269230769230769,0.35714285714285715,0.8571428571428571,0.0004
96,1.5516518354415894,1.6440640687942505,0.38461538461538464,0.8269230769230769,0.14285714285714285,0.8571428571428571,0.0004
97,1.5761685371398926,1.5425783395767212,0.4230769230769231,0.8269230769230769,0.35714285714285715,0.8571428571428571,0.0004
98,1.5447091460227966,1.4326856136322021,0.4807692307692308,0.8269230769230769,0.5,0.8571428571428571,0.0004
99,1.5421292185783386,1.487138271331787,0.3269230769230769,0.8269230769230769,0.35714285714285715,0.8571428571428571,0.0004
100,1.5560047626495361,1.4390490055084229,0.40384615384615385,0.8269230769230769,0.42857142857142855,0.8571428571428571,0.0004
101,1.5872161388397217,1.4822666645050049,0.3269230769230769,0.8269230769230769,0.35714285714285715,0.8571428571428571,0.0004
102,1.6100768446922302,1.5436203479766846,0.5192307692307693,0.8269230769230769,0.35714285714285715,0.8571428571428571,0.0004
103,1.587294578552246,1.4845829010009766,0.46153846153846156,0.8269230769230769,0.35714285714285715,0.8571428571428571,0.0004
104,1.518556535243988,1.473451018333435,0.36538461538461536,0.8269230769230769,0.35714285714285715,0.8571428571428571,0.0004
105,1.552003026008606,1.5328876972198486,0.38461538461538464,0.8269230769230769,0.35714285714285715,0.8571428571428571,0.0004
106,1.5255476236343384,1.4129360914230347,0.40384615384615385,0.8269230769230769,0.5,0.8571428571428571,0.0004
107,1.5136345028877258,1.5286533832550049,0.46153846153846156,0.8269230769230769,0.2857142857142857,0.8571428571428571,0.0004
108,1.4763835668563843,1.4862573146820068,0.4807692307692308,0.8269230769230769,0.35714285714285715,0.8571428571428571,0.0004
109,1.5243147611618042,1.4963488578796387,0.40384615384615385,0.8269230769230769,0.2857142857142857,0.8571428571428571,0.0004
110,1.5230298042297363,1.5157570838928223,0.40384615384615385,0.8269230769230769,0.5,0.8571428571428571,0.0004
111,1.5357258319854736,1.4907727241516113,0.46153846153846156,0.8269230769230769,0.42857142857142855,0.8571428571428571,0.0004
112,1.5133761167526245,1.552593469619751,0.5192307692307693,0.8269230769230769,0.35714285714285715,0.8571428571428571,0.0004
113,1.549079716205597,1.546567440032959,0.36538461538461536,0.8269230769230769,0.35714285714285715,0.8571428571428571,0.0004
114,1.5058342814445496,1.429088830947876,0.40384615384615385,0.8269230769230769,0.42857142857142855,0.8571428571428571,0.0004
115,1.580706238746643,1.5697612762451172,0.34615384615384615,0.8269230769230769,0.35714285714285715,0.8571428571428571,0.0004
116,1.4699081182479858,1.5399725437164307,0.5,0.8269230769230769,0.5,0.8571428571428571,0.0004
117,1.4560662508010864,1.539459466934204,0.4230769230769231,0.8269230769230769,0.35714285714285715,0.8571428571428571,0.0004
118,1.4342008829116821,1.5708836317062378,0.40384615384615385,0.8269230769230769,0.42857142857142855,0.8571428571428571,0.0004
119,1.4899140000343323,1.6534820795059204,0.4807692307692308,0.8269230769230769,0.42857142857142855,0.8571428571428571,0.0004
120,1.5662589073181152,1.5472612380981445,0.5,0.8269230769230769,0.35714285714285715,0.8571428571428571,0.0004
121,1.4174460768699646,1.5510516166687012,0.5,0.8269230769230769,0.42857142857142855,0.8571428571428571,0.0004
122,1.411514937877655,1.5966216325759888,0.5192307692307693,0.8269230769230769,0.2857142857142857,0.8571428571428571,0.0004
123,1.4676885604858398,1.5949066877365112,0.4230769230769231,0.8269230769230769,0.42857142857142855,0.8571428571428571,0.0004
124,1.5123730897903442,1.6228336095809937,0.40384615384615385,0.8076923076923077,0.42857142857142855,0.8571428571428571,0.0004
125,1.455515444278717,1.5558420419692993,0.5576923076923077,0.8269230769230769,0.42857142857142855,0.8571428571428571,0.0004
126,1.49400794506073,1.413334608078003,0.36538461538461536,0.8269230769230769,0.5714285714285714,0.8571428571428571,0.0004
127,1.51785546541214,1.634120225906372,0.5192307692307693,0.8269230769230769,0.35714285714285715,0.8571428571428571,0.0004
128,1.4879608154296875,1.5626229047775269,0.4423076923076923,0.8269230769230769,0.2857142857142857,0.8571428571428571,0.0004
129,1.6321993470191956,1.5693397521972656,0.4423076923076923,0.8269230769230769,0.35714285714285715,0.8571428571428571,0.0004
130,1.531062126159668,1.5179858207702637,0.40384615384615385,0.8269230769230769,0.5,0.8571428571428571,0.0004
131,1.3873461484909058,1.5132880210876465,0.5961538461538461,0.8269230769230769,0.5,0.8571428571428571,0.0004
132,1.5361307859420776,1.5630464553833008,0.4423076923076923,0.8269230769230769,0.35714285714285715,0.8571428571428571,0.0004
133,1.5553781390190125,1.5533076524734497,0.46153846153846156,0.8269230769230769,0.42857142857142855,0.8571428571428571,0.0004
134,1.5282795429229736,1.6091759204864502,0.4423076923076923,0.8269230769230769,0.42857142857142855,0.8571428571428571,0.0004
135,1.4507929682731628,1.5307669639587402,0.4807692307692308,0.8269230769230769,0.5714285714285714,0.8571428571428571,0.0004
136,1.4471133947372437,1.562880039215088,0.4230769230769231,0.8269230769230769,0.5,0.8571428571428571,0.0004
137,1.4466208815574646,1.4819819927215576,0.4807692307692308,0.8269230769230769,0.5,0.8571428571428571,0.0004
138,1.4282691478729248,1.6263068914413452,0.40384615384615385,0.8269230769230769,0.42857142857142855,0.8571428571428571,0.0004
139,1.4962546229362488,1.6289037466049194,0.5192307692307693,0.8269230769230769,0.2857142857142857,0.8571428571428571,0.0004
140,1.500922679901123,1.7739286422729492,0.5192307692307693,0.8269230769230769,0.42857142857142855,0.8571428571428571,0.0004
141,1.4769536852836609,1.6667523384094238,0.4807692307692308,0.8269230769230769,0.2857142857142857,0.8571428571428571,0.0004
142,1.3803364038467407,1.578650951385498,0.5,0.8269230769230769,0.35714285714285715,0.8571428571428571,0.0004
143,1.4727601408958435,1.5098905563354492,0.46153846153846156,0.8269230769230769,0.42857142857142855,0.8571428571428571,0.0004
144,1.4415297508239746,1.8167057037353516,0.5,0.8269230769230769,0.35714285714285715,0.8571428571428571,0.0004
145,1.5532017946243286,1.41070556640625,0.36538461538461536,0.8269230769230769,0.42857142857142855,0.8571428571428571,0.0004
146,1.4707733392715454,1.6695576906204224,0.4807692307692308,0.8269230769230769,0.21428571428571427,0.8571428571428571,0.0004
147,1.477726697921753,1.5968496799468994,0.4807692307692308,0.8269230769230769,0.2857142857142857,0.8571428571428571,0.0004
148,1.503787636756897,1.4839634895324707,0.5192307692307693,0.8269230769230769,0.5,0.8571428571428571,0.0004
149,1.4882302284240723,1.6287646293640137,0.5,0.8269230769230769,0.35714285714285715,0.8571428571428571,0.0004
150,1.4852224588394165,1.4746029376983643,0.4807692307692308,0.8269230769230769,0.42857142857142855,0.8571428571428571,0.0004
151,1.5370412468910217,1.5852917432785034,0.36538461538461536,0.8269230769230769,0.42857142857142855,0.8571428571428571,0.0004
152,1.4667361378669739,1.562530755996704,0.4807692307692308,0.8269230769230769,0.35714285714285715,0.8571428571428571,0.0004
153,1.5038914680480957,1.5747098922729492,0.4423076923076923,0.8269230769230769,0.42857142857142855,0.8571428571428571,0.0004
154,1.4782037734985352,1.6350849866867065,0.4423076923076923,0.8269230769230769,0.21428571428571427,0.8571428571428571,0.0004
155,1.5056294202804565,1.5372600555419922,0.46153846153846156,0.8269230769230769,0.5,0.8571428571428571,0.0004
156,1.4552621841430664,1.457526445388794,0.5384615384615384,0.8269230769230769,0.35714285714285715,0.8571428571428571,0.0004
157,1.478613257408142,1.509736180305481,0.5192307692307693,0.8269230769230769,0.42857142857142855,0.8571428571428571,0.0004
158,1.4561600089073181,1.493019938468933,0.4423076923076923,0.8269230769230769,0.42857142857142855,0.8571428571428571,0.0004
159,1.5213521718978882,1.548469066619873,0.4230769230769231,0.8269230769230769,0.5,0.8571428571428571,0.0004
160,1.3987217545509338,1.4130325317382812,0.5576923076923077,0.8269230769230769,0.5714285714285714,0.8571428571428571,0.0004
161,1.466641902923584,1.5047712326049805,0.4807692307692308,0.8269230769230769,0.6428571428571429,0.8571428571428571,0.0004
162,1.571250319480896,1.4629522562026978,0.4230769230769231,0.8269230769230769,0.35714285714285715,0.8571428571428571,0.0004
163,1.514539897441864,1.5119926929473877,0.5,0.8269230769230769,0.35714285714285715,0.8571428571428571,0.0004
164,1.385711133480072,1.539759874343872,0.6153846153846154,0.8269230769230769,0.5,0.8571428571428571,0.0004
165,1.4161028265953064,1.5326201915740967,0.46153846153846156,0.8269230769230769,0.42857142857142855,0.8571428571428571,0.0004
166,1.423019826412201,1.3972599506378174,0.5192307692307693,0.8269230769230769,0.42857142857142855,0.8571428571428571,0.0004
167,1.5558215379714966,1.5043392181396484,0.4423076923076923,0.8269230769230769,0.35714285714285715,0.8571428571428571,0.0004
168,1.4026516675949097,1.7005177736282349,0.5,0.8269230769230769,0.35714285714285715,0.8571428571428571,0.0004
169,1.4315897822380066,1.629416823387146,0.5384615384615384,0.8269230769230769,0.2857142857142857,0.8571428571428571,0.0004
170,1.4585094451904297,1.546419620513916,0.5384615384615384,0.8269230769230769,0.42857142857142855,0.8571428571428571,0.0004
171,1.506561517715454,1.461249589920044,0.4230769230769231,0.8269230769230769,0.5714285714285714,0.8571428571428571,0.0004
172,1.5348536968231201,1.5584657192230225,0.40384615384615385,0.8269230769230769,0.35714285714285715,0.8571428571428571,0.0004
173,1.4388744235038757,1.7333950996398926,0.40384615384615385,0.8269230769230769,0.35714285714285715,0.8571428571428571,0.0004
174,1.571056306362152,1.5343811511993408,0.38461538461538464,0.8269230769230769,0.5,0.8571428571428571,0.0004
175,1.3988678455352783,1.5311834812164307,0.5384615384615384,0.8269230769230769,0.5,0.8571428571428571,0.0004
176,1.3729612231254578,1.4830524921417236,0.5,0.8269230769230769,0.42857142857142855,0.8571428571428571,0.0004
177,1.5098593831062317,1.650130033493042,0.5,0.8269230769230769,0.2857142857142857,0.8571428571428571,0.0004
178,1.443890929222107,1.57716703414917,0.4423076923076923,0.8269230769230769,0.5,0.8571428571428571,0.0004
179,1.4324636459350586,1.513427972793579,0.4807692307692308,0.8269230769230769,0.5,0.8571428571428571,0.0004
180,1.3874693512916565,1.6836020946502686,0.46153846153846156,0.8269230769230769,0.14285714285714285,0.8571428571428571,0.0004
181,1.3423158526420593,1.2946722507476807,0.5576923076923077,0.8269230769230769,0.7142857142857143,0.8571428571428571,0.0004
182,1.350163996219635,1.3843756914138794,0.46153846153846156,0.8269230769230769,0.5714285714285714,0.8571428571428571,0.0004
183,1.2738860249519348,1.484976887702942,0.5576923076923077,0.8269230769230769,0.5714285714285714,0.8571428571428571,0.0004
184,1.4912164807319641,1.427818775177002,0.4807692307692308,0.8269230769230769,0.6428571428571429,0.8571428571428571,0.0004
185,1.486064076423645,1.475760579109192,0.36538461538461536,0.8269230769230769,0.35714285714285715,0.8571428571428571,0.0004
186,1.5493658781051636,1.5121421813964844,0.5,0.8269230769230769,0.35714285714285715,0.8571428571428571,0.0004
187,1.5833100080490112,1.5664805173873901,0.40384615384615385,0.8269230769230769,0.42857142857142855,0.8571428571428571,0.0004
188,1.4517973065376282,1.5198001861572266,0.4423076923076923,0.8269230769230769,0.35714285714285715,0.8571428571428571,0.0004
189,1.4271056056022644,1.4369590282440186,0.5192307692307693,0.8269230769230769,0.6428571428571429,0.8571428571428571,0.0004
190,1.428004503250122,1.5367655754089355,0.4230769230769231,0.8269230769230769,0.42857142857142855,0.8571428571428571,0.0004
191,1.4869847297668457,1.6041699647903442,0.5192307692307693,0.8269230769230769,0.42857142857142855,0.8571428571428571,0.0004
192,1.4981783628463745,1.4165420532226562,0.4807692307692308,0.8269230769230769,0.5714285714285714,0.8571428571428571,0.0004
193,1.4609084725379944,1.4991247653961182,0.5192307692307693,0.8269230769230769,0.6428571428571429,0.8571428571428571,0.0004
194,1.4378918409347534,1.620436429977417,0.5192307692307693,0.8269230769230769,0.5,0.8571428571428571,0.0004
195,1.472884714603424,1.5819320678710938,0.5,0.8269230769230769,0.35714285714285715,0.8571428571428571,0.0004
196,1.421975016593933,1.3968770503997803,0.4423076923076923,0.8269230769230769,0.7142857142857143,0.8571428571428571,0.0004
197,1.4153549075126648,1.5830559730529785,0.4807692307692308,0.8269230769230769,0.35714285714285715,0.8571428571428571,0.0004
198,1.3860543966293335,1.6099026203155518,0.5576923076923077,0.8269230769230769,0.35714285714285715,0.8571428571428571,0.0004
199,1.4054135084152222,1.4680522680282593,0.5192307692307693,0.8269230769230769,0.5714285714285714,0.8571428571428571,0.0004
200,1.440450370311737,1.5994668006896973,0.46153846153846156,0.8269230769230769,0.42857142857142855,0.8571428571428571,0.0004
201,1.421495795249939,1.615919828414917,0.5576923076923077,0.8269230769230769,0.21428571428571427,0.8571428571428571,0.0004
202,1.5302557349205017,1.9541183710098267,0.4807692307692308,0.8269230769230769,0.35714285714285715,0.8571428571428571,0.0004
203,1.5014892220497131,1.8543264865875244,0.5961538461538461,0.8269230769230769,0.35714285714285715,0.8571428571428571,0.0004
204,1.3314502239227295,1.7190186977386475,0.5576923076923077,0.8269230769230769,0.5714285714285714,0.8571428571428571,0.0004
205,1.4641699194908142,1.4119127988815308,0.46153846153846156,0.8269230769230769,0.6428571428571429,0.8571428571428571,0.0004
206,1.4161001443862915,1.6317143440246582,0.46153846153846156,0.8269230769230769,0.2857142857142857,0.8571428571428571,0.0004
207,1.561785638332367,1.47263503074646,0.40384615384615385,0.8269230769230769,0.5,0.8571428571428571,0.0004
208,1.454978883266449,1.6478142738342285,0.5384615384615384,0.8269230769230769,0.2857142857142857,0.8571428571428571,0.0004
209,1.4959794282913208,1.4358878135681152,0.4807692307692308,0.8269230769230769,0.5714285714285714,0.8571428571428571,0.0004
210,1.438711702823639,1.5459718704223633,0.4423076923076923,0.8269230769230769,0.5714285714285714,0.8571428571428571,0.0004
211,1.5388174057006836,1.5081932544708252,0.3269230769230769,0.8269230769230769,0.5714285714285714,0.8571428571428571,0.0004
212,1.3889174461364746,1.5896213054656982,0.5769230769230769,0.8269230769230769,0.35714285714285715,0.8571428571428571,0.0004
213,1.5258277654647827,1.5156323909759521,0.5384615384615384,0.8269230769230769,0.5,0.8571428571428571,0.0004
214,1.5517751574516296,1.5105717182159424,0.3269230769230769,0.8269230769230769,0.42857142857142855,0.8571428571428571,0.0004
215,1.3903456926345825,1.5366219282150269,0.5384615384615384,0.8269230769230769,0.6428571428571429,0.8571428571428571,0.0004
216,1.4071719646453857,1.4631755352020264,0.5961538461538461,0.8269230769230769,0.35714285714285715,0.8571428571428571,0.0004
217,1.3814907670021057,1.4799473285675049,0.4807692307692308,0.8269230769230769,0.5,0.8571428571428571,0.0004
218,1.3639429807662964,1.510157585144043,0.46153846153846156,0.8269230769230769,0.42857142857142855,0.8571428571428571,0.0004
219,1.470353901386261,1.3754432201385498,0.4807692307692308,0.8269230769230769,0.5714285714285714,0.8571428571428571,0.0004
220,1.433639109134674,1.6695228815078735,0.46153846153846156,0.8269230769230769,0.35714285714285715,0.8571428571428571,0.0004
221,1.530119001865387,1.4674772024154663,0.46153846153846156,0.8269230769230769,0.5714285714285714,0.8571428571428571,0.0004
222,1.3261218667030334,1.7672220468521118,0.5769230769230769,0.8269230769230769,0.2857142857142857,0.8571428571428571,0.0004
223,1.531514286994934,1.62531578540802,0.4807692307692308,0.8269230769230769,0.35714285714285715,0.8571428571428571,0.0004
224,1.5553188920021057,1.63063383102417,0.34615384615384615,0.8269230769230769,0.35714285714285715,0.8571428571428571,0.0004
225,1.4905775785446167,1.6410424709320068,0.40384615384615385,0.8269230769230769,0.2857142857142857,0.8571428571428571,0.0004
226,1.517248809337616,1.3955217599868774,0.5,0.8269230769230769,0.5,0.8571428571428571,0.0004
227,1.4489325284957886,1.484468698501587,0.4230769230769231,0.8269230769230769,0.35714285714285715,0.8571428571428571,0.0004
228,1.5535905361175537,1.5036044120788574,0.4230769230769231,0.8269230769230769,0.5,0.8571428571428571,0.0004
229,1.4722002744674683,1.4945323467254639,0.38461538461538464,0.8269230769230769,0.5,0.8571428571428571,0.0004
230,1.4936276078224182,1.4202783107757568,0.5576923076923077,0.8269230769230769,0.42857142857142855,0.8571428571428571,0.0004
231,1.475905179977417,1.4233782291412354,0.40384615384615385,0.8269230769230769,0.5,0.8571428571428571,0.0004
232,1.4428789615631104,1.581986904144287,0.4423076923076923,0.8269230769230769,0.35714285714285715,0.8571428571428571,0.0004
233,1.480357825756073,1.5422191619873047,0.5769230769230769,0.8269230769230769,0.2857142857142857,0.8571428571428571,0.0004
234,1.4939990639686584,1.4441848993301392,0.40384615384615385,0.8269230769230769,0.42857142857142855,0.8571428571428571,0.0004
235,1.3632730841636658,1.4743595123291016,0.5384615384615384,0.8269230769230769,0.42857142857142855,0.8571428571428571,0.0004
236,1.4659148454666138,1.4584259986877441,0.4230769230769231,0.8269230769230769,0.35714285714285715,0.8571428571428571,0.0004
237,1.3773225545883179,1.4769024848937988,0.5,0.8269230769230769,0.5,0.8571428571428571,0.0004
238,1.4390525221824646,1.5222162008285522,0.4807692307692308,0.8269230769230769,0.42857142857142855,0.8571428571428571,0.0004
239,1.4878349900245667,1.498551607131958,0.5384615384615384,0.8269230769230769,0.42857142857142855,0.8571428571428571,0.0004
240,1.4523355960845947,1.4903764724731445,0.4423076923076923,0.8269230769230769,0.42857142857142855,0.8571428571428571,0.0004
241,1.475495159626007,1.4219348430633545,0.5,0.8269230769230769,0.5714285714285714,0.8571428571428571,0.0004
242,1.5214452743530273,1.5200271606445312,0.4230769230769231,0.8269230769230769,0.2857142857142857,0.8571428571428571,0.0004
243,1.4533024430274963,1.6552205085754395,0.5,0.8269230769230769,0.21428571428571427,0.8571428571428571,0.0004
244,1.3618419170379639,1.647779941558838,0.5384615384615384,0.8269230769230769,0.35714285714285715,0.8571428571428571,0.0004
245,1.5290615558624268,1.469922661781311,0.40384615384615385,0.8269230769230769,0.42857142857142855,0.8571428571428571,0.0004
246,1.4241111874580383,1.505787968635559,0.4807692307692308,0.8269230769230769,0.5,0.8571428571428571,0.0004
247,1.4860199689865112,1.3658562898635864,0.4423076923076923,0.8269230769230769,0.5,0.8571428571428571,0.0004
248,1.4552971124649048,1.3444063663482666,0.40384615384615385,0.8269230769230769,0.5714285714285714,0.8571428571428571,0.0004
249,1.4976869225502014,1.305145025253296,0.4230769230769231,0.8269230769230769,0.5714285714285714,0.8571428571428571,0.0004
250,1.6113242506980896,1.613374948501587,0.4807692307692308,0.8269230769230769,0.35714285714285715,0.8571428571428571,0.0004
251,1.45729660987854,1.4537086486816406,0.5384615384615384,0.8269230769230769,0.2857142857142857,0.8571428571428571,0.0004
252,1.4325635433197021,1.6600207090377808,0.46153846153846156,0.8269230769230769,0.35714285714285715,0.8571428571428571,0.0004
253,1.445484459400177,1.6063841581344604,0.40384615384615385,0.8269230769230769,0.35714285714285715,0.8571428571428571,0.0004
254,1.513884723186493,1.512884497642517,0.5192307692307693,0.8269230769230769,0.35714285714285715,0.8571428571428571,0.0004
255,1.4062239527702332,1.4706990718841553,0.5,0.8269230769230769,0.42857142857142855,0.8571428571428571,0.0004
256,1.3125715851783752,1.5157363414764404,0.5192307692307693,0.8269230769230769,0.42857142857142855,0.8571428571428571,0.0004
257,1.3360756635665894,1.473707675933838,0.5384615384615384,0.8269230769230769,0.5,0.8571428571428571,0.0004
258,1.345038652420044,1.4867942333221436,0.5192307692307693,0.8269230769230769,0.5714285714285714,0.8571428571428571,0.0004
259,1.356304407119751,1.5418908596038818,0.5576923076923077,0.8269230769230769,0.42857142857142855,0.8571428571428571,0.0004
260,1.4014383554458618,1.409243106842041,0.4807692307692308,0.8269230769230769,0.5714285714285714,0.8571428571428571,0.0004
261,1.5086058974266052,1.590446949005127,0.40384615384615385,0.8269230769230769,0.35714285714285715,0.8571428571428571,0.0004
262,1.4067665934562683,1.5211025476455688,0.4807692307692308,0.8269230769230769,0.5,0.8571428571428571,0.0004
263,1.4835392236709595,1.5747724771499634,0.5,0.8269230769230769,0.35714285714285715,0.8571428571428571,0.0004
264,1.5469835996627808,1.5580596923828125,0.5,0.8269230769230769,0.42857142857142855,0.8571428571428571,0.0004
265,1.516503095626831,1.4446660280227661,0.40384615384615385,0.8269230769230769,0.42857142857142855,0.8571428571428571,0.0004
266,1.4606581926345825,1.5417288541793823,0.5,0.8269230769230769,0.35714285714285715,0.8571428571428571,0.0004
267,1.4470107555389404,1.4849178791046143,0.46153846153846156,0.8269230769230769,0.5,0.8571428571428571,0.0004
268,1.4394755959510803,1.5468261241912842,0.4807692307692308,0.8269230769230769,0.42857142857142855,0.8571428571428571,0.0004
269,1.4308186769485474,1.512617588043213,0.4807692307692308,0.8269230769230769,0.42857142857142855,0.8571428571428571,0.0004
270,1.4340384006500244,1.3443554639816284,0.5384615384615384,0.8269230769230769,0.7142857142857143,0.8571428571428571,0.0004
271,1.4273629784584045,1.405133605003357,0.5192307692307693,0.8269230769230769,0.5,0.8571428571428571,0.0004
272,1.4800685048103333,1.4658658504486084,0.4230769230769231,0.8269230769230769,0.5,0.8571428571428571,0.0004
273,1.523947834968567,1.3797612190246582,0.40384615384615385,0.8269230769230769,0.5,0.8571428571428571,0.0004
274,1.3480641841888428,1.4257996082305908,0.6153846153846154,0.8269230769230769,0.5,0.8571428571428571,0.0004
275,1.445273756980896,1.5008728504180908,0.5192307692307693,0.8269230769230769,0.35714285714285715,0.8571428571428571,0.0004
276,1.4240814447402954,1.3896821737289429,0.5576923076923077,0.8269230769230769,0.5,0.8571428571428571,0.0004
277,1.4066805839538574,1.4306097030639648,0.4423076923076923,0.8269230769230769,0.35714285714285715,0.8571428571428571,0.0004
278,1.5027652382850647,1.368132472038269,0.4807692307692308,0.8269230769230769,0.5714285714285714,0.8571428571428571,0.0004
279,1.4042340517044067,1.5254637002944946,0.5192307692307693,0.8269230769230769,0.2857142857142857,0.8571428571428571,0.0004
280,1.3538000583648682,1.381364107131958,0.5384615384615384,0.8269230769230769,0.35714285714285715,0.8571428571428571,0.0004
281,1.554719090461731,1.566927194595337,0.4230769230769231,0.8269230769230769,0.5714285714285714,0.8571428571428571,0.0004
282,1.3502607345581055,1.4537253379821777,0.5576923076923077,0.8269230769230769,0.42857142857142855,0.8571428571428571,0.0004
283,1.4193283319473267,1.5137641429901123,0.5384615384615384,0.8269230769230769,0.35714285714285715,0.8571428571428571,0.0004
284,1.5002712607383728,1.3970754146575928,0.36538461538461536,0.8269230769230769,0.6428571428571429,0.8571428571428571,0.0004
285,1.3600055575370789,1.5272300243377686,0.5192307692307693,0.8269230769230769,0.42857142857142855,0.8571428571428571,0.0004
286,1.3799439668655396,1.5809006690979004,0.5192307692307693,0.8269230769230769,0.42857142857142855,0.8571428571428571,0.0004
287,1.4944540858268738,1.4680490493774414,0.4807692307692308,0.8269230769230769,0.42857142857142855,0.8571428571428571,0.0004
288,1.4999251961708069,1.3946809768676758,0.5,0.8269230769230769,0.5714285714285714,0.8571428571428571,0.0004
289,1.5451921820640564,1.4901704788208008,0.46153846153846156,0.8269230769230769,0.2857142857142857,0.8571428571428571,0.0004
290,1.4060038924217224,1.2749156951904297,0.5,0.8269230769230769,0.7142857142857143,0.8571428571428571,0.0004
291,1.388841450214386,1.5645891427993774,0.5,0.8269230769230769,0.42857142857142855,0.8571428571428571,0.0004
292,1.5986873507499695,1.2748945951461792,0.34615384615384615,0.8269230769230769,0.6428571428571429,0.8571428571428571,0.0004
293,1.5219358205795288,1.2644169330596924,0.40384615384615385,0.8269230769230769,0.6428571428571429,0.8571428571428571,0.0004
294,1.4346706867218018,1.388149619102478,0.4423076923076923,0.8269230769230769,0.42857142857142855,0.8571428571428571,0.0004
295,1.3428112864494324,1.4946342706680298,0.5769230769230769,0.8269230769230769,0.2857142857142857,0.8571428571428571,0.0004
296,1.4366782903671265,1.3650130033493042,0.4807692307692308,0.8269230769230769,0.5714285714285714,0.8571428571428571,0.0004
297,1.4144421219825745,1.2819206714630127,0.40384615384615385,0.8269230769230769,0.6428571428571429,0.8571428571428571,0.0004
298,1.416293740272522,1.4002512693405151,0.4230769230769231,0.8269230769230769,0.5714285714285714,0.8571428571428571,0.0004
299,1.4386872053146362,1.3937480449676514,0.46153846153846156,0.8269230769230769,0.5714285714285714,0.8571428571428571,0.0004
300,1.4679337739944458,1.3438127040863037,0.46153846153846156,0.8269230769230769,0.5,0.8571428571428571,0.0004
301,1.3809894919395447,1.3591179847717285,0.6153846153846154,0.8269230769230769,0.6428571428571429,0.8571428571428571,0.0004
302,1.3714527487754822,1.5880680084228516,0.5192307692307693,0.8269230769230769,0.14285714285714285,0.8571428571428571,0.0004
303,1.4231430292129517,1.5052268505096436,0.5,0.8269230769230769,0.5714285714285714,0.8571428571428571,0.0004
304,1.4878191947937012,1.5912315845489502,0.5,0.8269230769230769,0.35714285714285715,0.8571428571428571,0.0004
305,1.4154776334762573,1.6269270181655884,0.4807692307692308,0.8269230769230769,0.21428571428571427,0.8571428571428571,0.0004
306,1.4438201785087585,1.4003076553344727,0.4807692307692308,0.8269230769230769,0.6428571428571429,0.8571428571428571,0.0004
307,1.3543629050254822,1.575019121170044,0.5769230769230769,0.8269230769230769,0.42857142857142855,0.8571428571428571,0.0004
308,1.3775665760040283,1.4962273836135864,0.5384615384615384,0.8269230769230769,0.5714285714285714,0.8571428571428571,0.0004
309,1.4209856390953064,1.4326879978179932,0.5769230769230769,0.8269230769230769,0.42857142857142855,0.8571428571428571,0.0004
310,1.5006652474403381,1.4018900394439697,0.5576923076923077,0.8269230769230769,0.5714285714285714,0.8571428571428571,0.0004
311,1.43779456615448,1.500041127204895,0.4807692307692308,0.8269230769230769,0.5,0.8571428571428571,0.0004
312,1.4543254971504211,1.528607964515686,0.46153846153846156,0.8269230769230769,0.42857142857142855,0.8571428571428571,0.0004
313,1.2623496055603027,1.3721425533294678,0.5384615384615384,0.8269230769230769,0.6428571428571429,0.8571428571428571,0.0004
314,1.322658360004425,1.6353931427001953,0.46153846153846156,0.8269230769230769,0.35714285714285715,0.8571428571428571,0.0004
315,1.507344365119934,1.405158519744873,0.4807692307692308,0.8269230769230769,0.5714285714285714,0.8571428571428571,0.0004
316,1.4889904856681824,1.2887604236602783,0.4230769230769231,0.8269230769230769,0.5714285714285714,0.8571428571428571,0.0004
317,1.2682605385780334,1.3131765127182007,0.6346153846153846,0.8269230769230769,0.5714285714285714,0.8571428571428571,0.0004
318,1.4076000452041626,1.5685464143753052,0.46153846153846156,0.8269230769230769,0.2857142857142857,0.8571428571428571,0.0004
319,1.3907591104507446,1.278950572013855,0.5192307692307693,0.8269230769230769,0.5714285714285714,0.8571428571428571,0.0004
320,1.364731788635254,1.5800271034240723,0.46153846153846156,0.8269230769230769,0.35714285714285715,0.8571428571428571,0.0004
321,1.3937102556228638,1.393480896949768,0.5769230769230769,0.8269230769230769,0.5,0.8571428571428571,0.0004
322,1.4015659093856812,1.3918211460113525,0.5769230769230769,0.8269230769230769,0.5,0.8571428571428571,0.0004
323,1.4249335527420044,1.5976409912109375,0.5192307692307693,0.8269230769230769,0.2857142857142857,0.8571428571428571,0.0004
324,1.4204442501068115,1.350819706916809,0.5384615384615384,0.8269230769230769,0.5,0.8571428571428571,0.0004
325,1.4375149607658386,1.4973092079162598,0.4807692307692308,0.8269230769230769,0.42857142857142855,0.8571428571428571,0.0004
326,1.33721125125885,1.3002147674560547,0.5961538461538461,0.8269230769230769,0.5714285714285714,0.8571428571428571,0.0004
327,1.3708030581474304,1.547996163368225,0.5769230769230769,0.8269230769230769,0.42857142857142855,0.8571428571428571,0.0004
328,1.2296169996261597,1.6118881702423096,0.6153846153846154,0.8269230769230769,0.35714285714285715,0.8571428571428571,0.0004
329,1.3706449270248413,1.3375556468963623,0.46153846153846156,0.8269230769230769,0.5,0.8571428571428571,0.0004
330,1.387883484363556,1.4085440635681152,0.5961538461538461,0.8269230769230769,0.35714285714285715,0.8571428571428571,0.0004
331,1.3703097701072693,1.5499720573425293,0.4807692307692308,0.8269230769230769,0.5,0.8571428571428571,0.0004
332,1.4918849468231201,1.4883942604064941,0.5,0.8269230769230769,0.42857142857142855,0.8571428571428571,0.0004
333,1.595717430114746,1.6249024868011475,0.4230769230769231,0.8269230769230769,0.35714285714285715,0.8571428571428571,0.0004
334,1.3266835808753967,1.4280637502670288,0.4807692307692308,0.8269230769230769,0.42857142857142855,0.8571428571428571,0.0004
335,1.3357311487197876,1.371108055114746,0.5576923076923077,0.8269230769230769,0.5,0.8571428571428571,0.0004
336,1.2903013825416565,1.3561471700668335,0.5769230769230769,0.8269230769230769,0.5,0.8571428571428571,0.0004
337,1.3914809226989746,1.3239617347717285,0.4230769230769231,0.8269230769230769,0.6428571428571429,0.8571428571428571,0.0004
338,1.356285035610199,1.3437575101852417,0.46153846153846156,0.8269230769230769,0.5,0.8571428571428571,0.0004
339,1.4491806626319885,1.3136940002441406,0.38461538461538464,0.8269230769230769,0.6428571428571429,0.8571428571428571,0.0004
340,1.4073224067687988,1.6520588397979736,0.5192307692307693,0.8269230769230769,0.2857142857142857,0.8571428571428571,0.0004
341,1.4121580123901367,1.424201488494873,0.5192307692307693,0.8269230769230769,0.5,0.8571428571428571,0.0004
342,1.53545480966568,1.4069983959197998,0.4423076923076923,0.8269230769230769,0.42857142857142855,0.8571428571428571,0.0004
343,1.4391576051712036,1.3205286264419556,0.5,0.8269230769230769,0.5,0.8571428571428571,0.0004
344,1.5090538263320923,1.4031178951263428,0.4423076923076923,0.8269230769230769,0.5,0.8571428571428571,0.0004
345,1.4656460881233215,1.3695602416992188,0.5,0.8269230769230769,0.42857142857142855,0.8571428571428571,0.0004
346,1.338378369808197,1.3673834800720215,0.5576923076923077,0.8269230769230769,0.5,0.8571428571428571,0.0004
347,1.3820160627365112,1.5679024457931519,0.5,0.8269230769230769,0.35714285714285715,0.8571428571428571,0.0004
348,1.4012839794158936,1.6855610609054565,0.5,0.8269230769230769,0.2857142857142857,0.8571428571428571,0.0004
349,1.335791528224945,1.5218868255615234,0.5,0.8269230769230769,0.42857142857142855,0.8571428571428571,0.0004
350,1.3697298765182495,1.4240760803222656,0.5576923076923077,0.8269230769230769,0.5,0.8571428571428571,0.0004
351,1.4470585584640503,1.2619125843048096,0.5384615384615384,0.8269230769230769,0.6428571428571429,0.8571428571428571,0.0004
352,1.3022234439849854,1.3719441890716553,0.5769230769230769,0.8269230769230769,0.5714285714285714,0.8571428571428571,0.0004
353,1.3633081316947937,1.2422165870666504,0.5769230769230769,0.8269230769230769,0.5714285714285714,0.8571428571428571,0.0004
354,1.3337336778640747,1.398008942604065,0.5192307692307693,0.8269230769230769,0.5,0.8571428571428571,0.0004
355,1.3593307733535767,1.3581594228744507,0.5384615384615384,0.8269230769230769,0.5,0.8571428571428571,0.0004
356,1.4958049654960632,1.3783131837844849,0.4807692307692308,0.8269230769230769,0.5,0.8571428571428571,0.0004
357,1.4388290047645569,1.2828154563903809,0.5192307692307693,0.8269230769230769,0.5,0.8571428571428571,0.0004
358,1.380345344543457,1.1511341333389282,0.4807692307692308,0.8269230769230769,0.7857142857142857,0.8571428571428571,0.0004
359,1.330900490283966,1.3568686246871948,0.5769230769230769,0.8269230769230769,0.5,0.8571428571428571,0.0004
360,1.467859923839569,1.4397026300430298,0.5,0.8269230769230769,0.6428571428571429,0.8571428571428571,0.0004
361,1.4216585159301758,1.652958631515503,0.4807692307692308,0.8269230769230769,0.5,0.8571428571428571,0.0004
362,1.404439389705658,1.425533652305603,0.46153846153846156,0.8269230769230769,0.5,0.8571428571428571,0.0004
363,1.431718647480011,1.3639483451843262,0.46153846153846156,0.8269230769230769,0.5714285714285714,0.8571428571428571,0.0004
364,1.4388019442558289,1.4709160327911377,0.4230769230769231,0.8269230769230769,0.35714285714285715,0.8571428571428571,0.0004
365,1.4317964911460876,1.6955246925354004,0.4807692307692308,0.8269230769230769,0.42857142857142855,0.8571428571428571,0.0004
366,1.3666717410087585,1.6172194480895996,0.4230769230769231,0.8269230769230769,0.2857142857142857,0.8571428571428571,0.0004
367,1.3791752457618713,1.5317232608795166,0.5,0.8269230769230769,0.5,0.8571428571428571,0.0004
368,1.5068153142929077,1.5141433477401733,0.4423076923076923,0.8269230769230769,0.35714285714285715,0.8571428571428571,0.0004
369,1.377512276172638,1.5778886079788208,0.5,0.8269230769230769,0.42857142857142855,0.8571428571428571,0.0004
370,1.2947834730148315,1.4819202423095703,0.5961538461538461,0.8269230769230769,0.21428571428571427,0.8571428571428571,0.0004
371,1.3725500702857971,1.5094408988952637,0.5384615384615384,0.8269230769230769,0.5,0.8571428571428571,0.0004
372,1.5309556126594543,1.3242075443267822,0.4807692307692308,0.8269230769230769,0.5714285714285714,0.8571428571428571,0.0004
373,1.3300971388816833,1.4110684394836426,0.46153846153846156,0.8269230769230769,0.5,0.8571428571428571,0.0004
374,1.4314420223236084,1.4677443504333496,0.4807692307692308,0.8269230769230769,0.42857142857142855,0.8571428571428571,0.0004
375,1.3277334570884705,1.4235866069793701,0.5192307692307693,0.8269230769230769,0.5,0.8571428571428571,0.0004
376,1.3868883848190308,1.326155424118042,0.5576923076923077,0.8269230769230769,0.5,0.8571428571428571,0.0004
377,1.3107630610466003,1.3459703922271729,0.5576923076923077,0.8269230769230769,0.42857142857142855,0.8571428571428571,0.0004
378,1.4592721462249756,1.4094288349151611,0.40384615384615385,0.8269230769230769,0.42857142857142855,0.8571428571428571,0.0004
379,1.2422138452529907,1.5680843591690063,0.5769230769230769,0.8269230769230769,0.35714285714285715,0.8571428571428571,0.0004
380,1.3728444576263428,1.7053868770599365,0.5,0.8269230769230769,0.35714285714285715,0.8571428571428571,0.0004
381,1.3496493101119995,1.5006874799728394,0.4807692307692308,0.8269230769230769,0.35714285714285715,0.8571428571428571,0.0004
382,1.5454978942871094,1.5634804964065552,0.4230769230769231,0.8269230769230769,0.35714285714285715,0.8571428571428571,0.0004
383,1.2688556909561157,1.7973475456237793,0.5192307692307693,0.8269230769230769,0.14285714285714285,0.8571428571428571,0.0004
384,1.3411052823066711,1.2667235136032104,0.4230769230769231,0.8269230769230769,0.5714285714285714,0.8571428571428571,0.0004
385,1.3631021976470947,1.5235528945922852,0.5769230769230769,0.8269230769230769,0.35714285714285715,0.8571428571428571,0.0004
386,1.3867483735084534,1.357944130897522,0.46153846153846156,0.8269230769230769,0.35714285714285715,0.8571428571428571,0.0004
387,1.343502163887024,1.604172945022583,0.5576923076923077,0.8269230769230769,0.2857142857142857,0.8571428571428571,0.0004
388,1.361630618572235,1.567960500717163,0.5576923076923077,0.8269230769230769,0.42857142857142855,0.8571428571428571,0.0004
389,1.6008203625679016,1.3986417055130005,0.36538461538461536,0.8269230769230769,0.35714285714285715,0.8571428571428571,0.0004
390,1.4129236936569214,1.3566169738769531,0.5,0.8269230769230769,0.5714285714285714,0.8571428571428571,0.0004
391,1.3831040263175964,1.4400930404663086,0.4807692307692308,0.8269230769230769,0.5,0.8571428571428571,0.0004
392,1.4223101735115051,1.3488397598266602,0.46153846153846156,0.8269230769230769,0.5714285714285714,0.8571428571428571,0.0004
393,1.4331095218658447,1.5723304748535156,0.46153846153846156,0.8269230769230769,0.42857142857142855,0.8571428571428571,0.0004
394,1.512531578540802,1.4250941276550293,0.4423076923076923,0.8269230769230769,0.35714285714285715,0.8571428571428571,0.0004
395,1.475797414779663,1.3681535720825195,0.5192307692307693,0.8269230769230769,0.42857142857142855,0.8571428571428571,0.0004
396,1.3472756147384644,1.4134470224380493,0.5192307692307693,0.8269230769230769,0.5714285714285714,0.8571428571428571,0.0004
397,1.4917336106300354,1.7174150943756104,0.4230769230769231,0.8269230769230769,0.42857142857142855,0.8571428571428571,0.0004
398,1.4855195879936218,1.523366093635559,0.5,0.8269230769230769,0.42857142857142855,0.8571428571428571,0.0004
399,1.4593847393989563,1.2997056245803833,0.4807692307692308,0.8269230769230769,0.5,0.8571428571428571,0.0004
400,1.3296034932136536,1.2685199975967407,0.5769230769230769,0.8269230769230769,0.5,0.8571428571428571,0.0004
401,1.4275246262550354,1.4254364967346191,0.5192307692307693,0.8269230769230769,0.5714285714285714,0.8571428571428571,0.0004
402,1.3887640237808228,1.4046809673309326,0.4230769230769231,0.8269230769230769,0.5,0.8571428571428571,0.0004
403,1.414572536945343,1.5105834007263184,0.4807692307692308,0.8269230769230769,0.5,0.8571428571428571,0.0004
404,1.3938044905662537,1.486100435256958,0.5192307692307693,0.8269230769230769,0.5,0.8571428571428571,0.0004
405,1.3678460717201233,1.4928280115127563,0.5576923076923077,0.8269230769230769,0.42857142857142855,0.8571428571428571,0.0004
406,1.3840463757514954,1.4160563945770264,0.5,0.8269230769230769,0.5,0.8571428571428571,0.0004
407,1.3635054230690002,1.6334617137908936,0.5192307692307693,0.8269230769230769,0.42857142857142855,0.8571428571428571,0.0004
408,1.489626944065094,1.4883458614349365,0.36538461538461536,0.8269230769230769,0.5,0.8571428571428571,0.0004
409,1.5107778310775757,1.4777441024780273,0.5,0.8269230769230769,0.42857142857142855,0.8571428571428571,0.0004
410,1.4362270832061768,1.6099332571029663,0.4230769230769231,0.8269230769230769,0.35714285714285715,0.8571428571428571,0.0004
411,1.5007706880569458,1.4291467666625977,0.4807692307692308,0.8269230769230769,0.5,0.8571428571428571,0.0004
412,1.37227064371109,1.7505407333374023,0.46153846153846156,0.8269230769230769,0.42857142857142855,0.8571428571428571,0.0004
413,1.5161874294281006,1.515099287033081,0.40384615384615385,0.8269230769230769,0.42857142857142855,0.8571428571428571,0.0004
414,1.4341082572937012,1.5200271606445312,0.46153846153846156,0.8269230769230769,0.5,0.8571428571428571,0.0004
415,1.475044846534729,1.503089427947998,0.5,0.8269230769230769,0.35714285714285715,0.8571428571428571,0.0004
416,1.4807469248771667,1.5792968273162842,0.4807692307692308,0.8269230769230769,0.35714285714285715,0.8571428571428571,0.0004
417,1.4422991275787354,1.5459718704223633,0.40384615384615385,0.8269230769230769,0.42857142857142855,0.8571428571428571,0.0004
418,1.4635383486747742,1.4787838459014893,0.5,0.8269230769230769,0.5714285714285714,0.8571428571428571,0.0004
419,1.511694073677063,1.4621851444244385,0.5,0.8269230769230769,0.42857142857142855,0.8571428571428571,0.0004
420,1.3708269000053406,1.5423305034637451,0.5769230769230769,0.8269230769230769,0.2857142857142857,0.8571428571428571,0.0004
421,1.423075556755066,1.4612853527069092,0.4807692307692308,0.8269230769230769,0.5,0.8571428571428571,0.0004
422,1.3826161623001099,1.6552529335021973,0.5,0.8269230769230769,0.35714285714285715,0.8571428571428571,0.0004
423,1.313890814781189,1.625978708267212,0.5384615384615384,0.8269230769230769,0.35714285714285715,0.8571428571428571,0.0004
424,1.306202471256256,1.4993153810501099,0.5576923076923077,0.8269230769230769,0.35714285714285715,0.8571428571428571,0.0004
425,1.302400529384613,1.5006307363510132,0.5576923076923077,0.8269230769230769,0.42857142857142855,0.8571428571428571,0.0004
426,1.3538828492164612,1.4564673900604248,0.4807692307692308,0.8269230769230769,0.5,0.8571428571428571,0.0004
427,1.2753624320030212,1.4488260746002197,0.6346153846153846,0.8269230769230769,0.5714285714285714,0.8571428571428571,0.0004
428,1.3231977820396423,1.4670097827911377,0.5576923076923077,0.8269230769230769,0.5,0.8571428571428571,0.0004
429,1.3933887481689453,1.6698410511016846,0.5,0.8269230769230769,0.35714285714285715,0.8571428571428571,0.0004
430,1.4748788475990295,1.4289149045944214,0.5,0.8269230769230769,0.42857142857142855,0.8571428571428571,0.0004
431,1.4181955456733704,1.4135185480117798,0.5192307692307693,0.8269230769230769,0.5,0.8571428571428571,0.0004
432,1.236028254032135,1.5659449100494385,0.5,0.8269230769230769,0.42857142857142855,0.8571428571428571,0.0004
433,1.3634881377220154,1.3017657995224,0.4807692307692308,0.8269230769230769,0.5714285714285714,0.8571428571428571,0.0004
434,1.2883380651474,1.3400506973266602,0.5384615384615384,0.8269230769230769,0.6428571428571429,0.8571428571428571,0.0004
435,1.390810489654541,1.569460391998291,0.46153846153846156,0.8269230769230769,0.42857142857142855,0.8571428571428571,0.0004
436,1.4417696595191956,1.4500646591186523,0.5384615384615384,0.8269230769230769,0.5,0.8571428571428571,0.0004
437,1.3335371613502502,1.453610897064209,0.5576923076923077,0.8269230769230769,0.42857142857142855,0.8571428571428571,0.0004
438,1.433444082736969,1.429157018661499,0.40384615384615385,0.8269230769230769,0.7857142857142857,0.8571428571428571,0.0004
439,1.2636396288871765,1.3290996551513672,0.5769230769230769,0.8269230769230769,0.5,0.8571428571428571,0.0004
440,1.275797963142395,1.5870519876480103,0.6346153846153846,0.8269230769230769,0.35714285714285715,0.8571428571428571,0.0004
441,1.3756770491600037,1.2593789100646973,0.5192307692307693,0.8269230769230769,0.6428571428571429,0.8571428571428571,0.0004
442,1.3569589853286743,1.5784368515014648,0.5192307692307693,0.8269230769230769,0.21428571428571427,0.8571428571428571,0.0004
443,1.338407039642334,1.4397170543670654,0.4807692307692308,0.8269230769230769,0.42857142857142855,0.8571428571428571,0.0004
444,1.5619533061981201,1.625974416732788,0.40384615384615385,0.8269230769230769,0.2857142857142857,0.8571428571428571,0.0004
445,1.47830069065094,1.5554330348968506,0.4807692307692308,0.8269230769230769,0.2857142857142857,0.8571428571428571,0.0004
446,1.5551444292068481,1.6527516841888428,0.38461538461538464,0.8269230769230769,0.14285714285714285,0.8571428571428571,0.0004
447,1.461227536201477,1.546018362045288,0.4230769230769231,0.8269230769230769,0.21428571428571427,0.8571428571428571,0.0004
448,1.4748669862747192,1.556834101676941,0.46153846153846156,0.8269230769230769,0.35714285714285715,0.8571428571428571,0.0004
449,1.5402857065200806,1.6452968120574951,0.4807692307692308,0.8269230769230769,0.2857142857142857,0.8571428571428571,0.0004
450,1.5590919256210327,1.584686279296875,0.38461538461538464,0.8269230769230769,0.42857142857142855,0.8571428571428571,0.0004
451,1.458564579486847,1.6635301113128662,0.40384615384615385,0.8269230769230769,0.21428571428571427,0.8571428571428571,0.0004
452,1.4716362357139587,1.5509974956512451,0.46153846153846156,0.8269230769230769,0.42857142857142855,0.8571428571428571,0.0004
453,1.4468470811843872,1.6539759635925293,0.46153846153846156,0.8269230769230769,0.2857142857142857,0.8571428571428571,0.0004
454,1.4719197750091553,1.556592583656311,0.4230769230769231,0.8269230769230769,0.35714285714285715,0.8571428571428571,0.0004
455,1.3961675763130188,1.65028715133667,0.5,0.8269230769230769,0.42857142857142855,0.8571428571428571,0.0004
456,1.4155493378639221,1.5484657287597656,0.46153846153846156,0.8269230769230769,0.35714285714285715,0.8571428571428571,0.0004
457,1.467386543750763,1.6000988483428955,0.46153846153846156,0.8269230769230769,0.2857142857142857,0.8571428571428571,0.0004
458,1.4365924000740051,1.6523189544677734,0.46153846153846156,0.8269230769230769,0.2857142857142857,0.8571428571428571,0.0004
459,1.428913414478302,1.4790730476379395,0.4807692307692308,0.8269230769230769,0.42857142857142855,0.8571428571428571,0.0004
460,1.4699479937553406,1.612443208694458,0.4230769230769231,0.8269230769230769,0.35714285714285715,0.8571428571428571,0.0004
461,1.3493156433105469,1.6086342334747314,0.5192307692307693,0.8269230769230769,0.2857142857142857,0.8571428571428571,0.0004
462,1.377583622932434,1.7633250951766968,0.46153846153846156,0.8269230769230769,0.07142857142857142,0.8571428571428571,0.0004
463,1.575605034828186,1.6821951866149902,0.4807692307692308,0.8269230769230769,0.35714285714285715,0.8571428571428571,0.0004
464,1.429322600364685,1.6002763509750366,0.4423076923076923,0.8269230769230769,0.2857142857142857,0.8571428571428571,0.0004
465,1.5024908185005188,1.7771105766296387,0.38461538461538464,0.8269230769230769,0.14285714285714285,0.8571428571428571,0.0004
466,1.5921229124069214,1.5996711254119873,0.34615384615384615,0.8269230769230769,0.2857142857142857,0.8571428571428571,0.0004
467,1.4208288192749023,1.5638147592544556,0.5384615384615384,0.8269230769230769,0.35714285714285715,0.8571428571428571,0.0004
468,1.433382511138916,1.4335458278656006,0.4230769230769231,0.8269230769230769,0.6428571428571429,0.8571428571428571,0.0004
469,1.4043750762939453,1.5577377080917358,0.5,0.8269230769230769,0.2857142857142857,0.8571428571428571,0.0004
470,1.4630267024040222,1.5145432949066162,0.4230769230769231,0.8269230769230769,0.42857142857142855,0.8571428571428571,0.0004
471,1.5029717087745667,1.5537652969360352,0.4807692307692308,0.8269230769230769,0.35714285714285715,0.8571428571428571,0.0004
472,1.4158560633659363,1.4227240085601807,0.5,0.8269230769230769,0.42857142857142855,0.8571428571428571,0.0004
473,1.417000949382782,1.5185067653656006,0.4423076923076923,0.8269230769230769,0.35714285714285715,0.8571428571428571,0.0004
474,1.41803640127182,1.475252628326416,0.5576923076923077,0.8269230769230769,0.5,0.8571428571428571,0.0004
475,1.4476392269134521,1.5946234464645386,0.4807692307692308,0.8269230769230769,0.2857142857142857,0.8571428571428571,0.0004
476,1.4394832849502563,1.668797492980957,0.4423076923076923,0.8269230769230769,0.35714285714285715,0.8571428571428571,0.0004
477,1.475341260433197,1.539504051208496,0.5192307692307693,0.8269230769230769,0.2857142857142857,0.8571428571428571,0.0004
478,1.4096263647079468,1.4796348810195923,0.38461538461538464,0.8269230769230769,0.42857142857142855,0.8571428571428571,0.0004
479,1.4818857908248901,1.6349133253097534,0.36538461538461536,0.8269230769230769,0.2857142857142857,0.8571428571428571,0.0004
480,1.3963645100593567,1.587040662765503,0.5384615384615384,0.8269230769230769,0.35714285714285715,0.8571428571428571,0.0004
481,1.406690001487732,1.4581618309020996,0.4807692307692308,0.8269230769230769,0.42857142857142855,0.8571428571428571,0.0004
482,1.4492005705833435,1.4935038089752197,0.4807692307692308,0.8269230769230769,0.35714285714285715,0.8571428571428571,0.0004
483,1.3973934650421143,1.5270910263061523,0.4807692307692308,0.8269230769230769,0.42857142857142855,0.8571428571428571,0.0004
484,1.3509992957115173,1.494051456451416,0.4807692307692308,0.8269230769230769,0.42857142857142855,0.8571428571428571,0.0004
485,1.5118858814239502,1.4598191976547241,0.36538461538461536,0.8269230769230769,0.5,0.8571428571428571,0.0004
486,1.4508118033409119,1.6068241596221924,0.46153846153846156,0.8269230769230769,0.35714285714285715,0.8571428571428571,0.0004
487,1.3884947896003723,1.4904894828796387,0.5192307692307693,0.8269230769230769,0.2857142857142857,0.8571428571428571,0.0004
488,1.474893569946289,1.5266615152359009,0.4807692307692308,0.8269230769230769,0.35714285714285715,0.8571428571428571,0.0004
489,1.502038598060608,1.6222195625305176,0.36538461538461536,0.8269230769230769,0.42857142857142855,0.8571428571428571,0.0004
490,1.4602785110473633,1.5328155755996704,0.4423076923076923,0.8269230769230769,0.35714285714285715,0.8571428571428571,0.0004
491,1.4047165513038635,1.6188359260559082,0.36538461538461536,0.8269230769230769,0.35714285714285715,0.8571428571428571,0.0004
492,1.365479052066803,1.4144489765167236,0.5,0.8269230769230769,0.42857142857142855,0.8571428571428571,0.0004
493,1.5325663685798645,1.7368581295013428,0.4807692307692308,0.8269230769230769,0.21428571428571427,0.8571428571428571,0.0004
494,1.4142776727676392,1.4159489870071411,0.5,0.8269230769230769,0.35714285714285715,0.8571428571428571,0.0004
495,1.4644354581832886,1.5132360458374023,0.46153846153846156,0.8269230769230769,0.42857142857142855,0.8571428571428571,0.0004
496,1.3858120441436768,1.3099524974822998,0.46153846153846156,0.8269230769230769,0.7142857142857143,0.8571428571428571,0.0004
497,1.435587465763092,1.4783961772918701,0.5576923076923077,0.8269230769230769,0.35714285714285715,0.8571428571428571,0.0004
498,1.265136957168579,1.5660300254821777,0.5961538461538461,0.8269230769230769,0.35714285714285715,0.8571428571428571,0.0004
499,1.3210975527763367,1.347697138786316,0.5769230769230769,0.8269230769230769,0.5714285714285714,0.8571428571428571,0.0004
500,1.3050702214241028,1.3947532176971436,0.5192307692307693,0.8269230769230769,0.5,0.8571428571428571,0.0004
501,1.232776403427124,1.4012305736541748,0.6153846153846154,0.8269230769230769,0.42857142857142855,0.8571428571428571,0.0004
502,1.472533643245697,1.4264072179794312,0.5192307692307693,0.8269230769230769,0.5,0.8571428571428571,0.0004
503,1.3486052751541138,1.387175440788269,0.4807692307692308,0.8269230769230769,0.5714285714285714,0.8571428571428571,0.0004
504,1.4299193620681763,1.4701842069625854,0.4423076923076923,0.8269230769230769,0.42857142857142855,0.8571428571428571,0.0004
505,1.4885655641555786,1.5973429679870605,0.4423076923076923,0.8269230769230769,0.5,0.8571428571428571,0.0004
506,1.3731176853179932,1.598415493965149,0.5192307692307693,0.8269230769230769,0.42857142857142855,0.8571428571428571,0.0004
507,1.342210054397583,1.333425521850586,0.46153846153846156,0.8269230769230769,0.5714285714285714,0.8571428571428571,0.0004
508,1.313754677772522,1.6826062202453613,0.5384615384615384,0.8269230769230769,0.35714285714285715,0.8571428571428571,0.0004
509,1.327217161655426,1.4393956661224365,0.5576923076923077,0.8269230769230769,0.5,0.8571428571428571,0.0004
510,1.6280134916305542,1.5934162139892578,0.5192307692307693,0.8269230769230769,0.35714285714285715,0.8571428571428571,0.0004
511,1.3484631776809692,1.7354320287704468,0.5576923076923077,0.8269230769230769,0.35714285714285715,0.8571428571428571,0.0004
512,1.3476190567016602,1.4582164287567139,0.5,0.8269230769230769,0.5,0.8571428571428571,0.0004
513,1.3279765844345093,1.3062797784805298,0.4807692307692308,0.8269230769230769,0.5,0.8571428571428571,0.0004
514,1.4031929969787598,1.7653803825378418,0.46153846153846156,0.8269230769230769,0.42857142857142855,0.8571428571428571,0.0004
515,1.3482742309570312,1.412968635559082,0.5,0.8269230769230769,0.35714285714285715,0.8571428571428571,0.0004
516,1.3577043414115906,1.4901853799819946,0.4807692307692308,0.8269230769230769,0.5,0.8571428571428571,0.0004
517,1.3868192434310913,1.646526575088501,0.4807692307692308,0.8269230769230769,0.21428571428571427,0.8571428571428571,0.0004
518,1.2815141081809998,1.4618014097213745,0.5192307692307693,0.8269230769230769,0.5,0.8571428571428571,0.0004
519,1.457973599433899,1.599902868270874,0.46153846153846156,0.8269230769230769,0.5,0.8571428571428571,0.0004
520,1.5767956376075745,1.4649584293365479,0.40384615384615385,0.8269230769230769,0.5714285714285714,0.8571428571428571,0.0004
521,1.5091063976287842,1.5574417114257812,0.5576923076923077,0.8269230769230769,0.5,0.8571428571428571,0.0004
522,1.3958846926689148,1.7576828002929688,0.4807692307692308,0.8269230769230769,0.2857142857142857,0.8571428571428571,0.0004
523,1.3609329462051392,1.4487766027450562,0.5,0.8269230769230769,0.35714285714285715,0.8571428571428571,0.0004
524,1.237129032611847,1.6130415201187134,0.6153846153846154,0.8269230769230769,0.5,0.8571428571428571,0.0004
525,1.425017237663269,1.3361469507217407,0.4423076923076923,0.8269230769230769,0.5714285714285714,0.8571428571428571,0.0004
526,1.469530999660492,1.5711941719055176,0.38461538461538464,0.8269230769230769,0.35714285714285715,0.8571428571428571,0.0004
527,1.4091699123382568,1.4402227401733398,0.5192307692307693,0.8269230769230769,0.42857142857142855,0.8571428571428571,0.0004
528,1.43365877866745,1.4220234155654907,0.4807692307692308,0.8269230769230769,0.42857142857142855,0.8571428571428571,0.0004
529,1.5019781589508057,1.3021759986877441,0.5192307692307693,0.8269230769230769,0.5714285714285714,0.8571428571428571,0.0004
530,1.467185914516449,1.5586836338043213,0.4230769230769231,0.8269230769230769,0.21428571428571427,0.8571428571428571,0.0004
531,1.3141591548919678,1.401268482208252,0.5,0.8269230769230769,0.5714285714285714,0.8571428571428571,0.0004
532,1.4612023830413818,1.4111433029174805,0.4807692307692308,0.8269230769230769,0.5714285714285714,0.8571428571428571,0.0004
533,1.3273683190345764,1.4804015159606934,0.5576923076923077,0.8269230769230769,0.5,0.8571428571428571,0.0004
534,1.3921343684196472,1.4682432413101196,0.4423076923076923,0.8269230769230769,0.35714285714285715,0.8571428571428571,0.0004
535,1.4277954697608948,1.2979154586791992,0.5384615384615384,0.8269230769230769,0.5714285714285714,0.8571428571428571,0.0004
536,1.360871434211731,1.5930697917938232,0.5384615384615384,0.8269230769230769,0.35714285714285715,0.8571428571428571,0.0004
537,1.3192360997200012,1.4586758613586426,0.5384615384615384,0.8269230769230769,0.5,0.8571428571428571,0.0004
538,1.438887357711792,1.5258510112762451,0.4230769230769231,0.8269230769230769,0.5,0.8571428571428571,0.0004
539,1.4056796431541443,1.5867546796798706,0.46153846153846156,0.8269230769230769,0.42857142857142855,0.8571428571428571,0.0004
540,1.3239277601242065,1.448117971420288,0.5576923076923077,0.8269230769230769,0.7857142857142857,0.8571428571428571,0.0004
541,1.3231129050254822,1.6193978786468506,0.5576923076923077,0.8269230769230769,0.5714285714285714,0.8571428571428571,0.0004
542,1.4503251910209656,1.4988939762115479,0.46153846153846156,0.8269230769230769,0.42857142857142855,0.8571428571428571,0.0004
543,1.3649667501449585,1.4464001655578613,0.5384615384615384,0.8269230769230769,0.5714285714285714,0.8571428571428571,0.0004
544,1.342414140701294,1.4913054704666138,0.5,0.8269230769230769,0.42857142857142855,0.8571428571428571,0.0004
545,1.353815734386444,1.8368895053863525,0.5576923076923077,0.8269230769230769,0.21428571428571427,0.8571428571428571,0.0004
546,1.5349038243293762,1.7484898567199707,0.46153846153846156,0.8269230769230769,0.35714285714285715,0.8571428571428571,0.0004
547,1.4365928769111633,2.0079879760742188,0.4230769230769231,0.8269230769230769,0.2857142857142857,0.8571428571428571,0.0004
548,1.491342842578888,1.6130897998809814,0.4423076923076923,0.8269230769230769,0.5,0.8571428571428571,0.0004
549,1.4034472107887268,1.473743200302124,0.4807692307692308,0.8269230769230769,0.5,0.8571428571428571,0.0004
550,1.530304193496704,1.6545681953430176,0.5,0.8269230769230769,0.35714285714285715,0.8571428571428571,0.0004
551,1.3745884895324707,1.709969401359558,0.5576923076923077,0.8269230769230769,0.2857142857142857,0.8571428571428571,0.0004
552,1.3381667137145996,1.3832522630691528,0.5,0.8269230769230769,0.5714285714285714,0.8571428571428571,0.0004
553,1.4106531739234924,1.3739049434661865,0.4807692307692308,0.8269230769230769,0.42857142857142855,0.8571428571428571,0.0004
554,1.344917118549347,1.525557041168213,0.4807692307692308,0.8269230769230769,0.42857142857142855,0.8571428571428571,0.0004
555,1.342777132987976,1.3811310529708862,0.5769230769230769,0.8269230769230769,0.5,0.8571428571428571,0.0004
556,1.29874187707901,1.4461669921875,0.5576923076923077,0.8269230769230769,0.5,0.8571428571428571,0.0004
557,1.3999028205871582,1.4474793672561646,0.5192307692307693,0.8269230769230769,0.42857142857142855,0.8571428571428571,0.0004
558,1.3595009446144104,1.5499358177185059,0.4807692307692308,0.8269230769230769,0.42857142857142855,0.8571428571428571,0.0004
559,1.37665194272995,1.4474998712539673,0.5,0.8269230769230769,0.42857142857142855,0.8571428571428571,0.0004
560,1.3583418130874634,1.5951354503631592,0.5192307692307693,0.8269230769230769,0.35714285714285715,0.8571428571428571,0.0004
561,1.435543417930603,1.4869548082351685,0.4807692307692308,0.8269230769230769,0.35714285714285715,0.8571428571428571,0.0004
562,1.4008152484893799,1.521462082862854,0.5192307692307693,0.8269230769230769,0.35714285714285715,0.8571428571428571,0.0004
563,1.3923822045326233,1.7781400680541992,0.46153846153846156,0.8269230769230769,0.42857142857142855,0.8571428571428571,0.0004
564,1.4500033259391785,1.6286475658416748,0.4230769230769231,0.8269230769230769,0.2857142857142857,0.8571428571428571,0.0004
565,1.3961071372032166,1.3700922727584839,0.5576923076923077,0.8269230769230769,0.5,0.8571428571428571,0.0004
566,1.503837525844574,1.35306715965271,0.5576923076923077,0.8269230769230769,0.5,0.8571428571428571,0.0004
567,1.3790287375450134,1.613471269607544,0.5192307692307693,0.8269230769230769,0.5,0.8571428571428571,0.0004
568,1.3908002376556396,1.3612552881240845,0.5961538461538461,0.8269230769230769,0.5,0.8571428571428571,0.0004
569,1.4172214269638062,1.5854823589324951,0.5,0.8269230769230769,0.5714285714285714,0.8571428571428571,0.0004
570,1.319702684879303,1.2624014616012573,0.6153846153846154,0.8269230769230769,0.5,0.8571428571428571,0.0004
571,1.2772476077079773,1.6974232196807861,0.5384615384615384,0.8269230769230769,0.2857142857142857,0.8571428571428571,0.0004
572,1.4301006197929382,1.4054975509643555,0.5192307692307693,0.8269230769230769,0.6428571428571429,0.8571428571428571,0.0004
573,1.3966571688652039,1.493844747543335,0.46153846153846156,0.8269230769230769,0.5714285714285714,0.8571428571428571,0.0004
574,1.324409544467926,1.660316824913025,0.5384615384615384,0.8269230769230769,0.21428571428571427,0.8571428571428571,0.0004
575,1.3712868690490723,1.6931407451629639,0.5192307692307693,0.8269230769230769,0.2857142857142857,0.8571428571428571,0.0004
576,1.5382760167121887,1.5053907632827759,0.5,0.8269230769230769,0.6428571428571429,0.8571428571428571,0.0004
577,1.3788213729858398,1.5949835777282715,0.5384615384615384,0.8269230769230769,0.21428571428571427,0.8571428571428571,0.0004
578,1.3593597412109375,1.6332577466964722,0.4807692307692308,0.8269230769230769,0.2857142857142857,0.8571428571428571,0.0004
579,1.2815149426460266,1.5112080574035645,0.6153846153846154,0.8269230769230769,0.5,0.8571428571428571,0.0004
580,1.4882445931434631,1.3044331073760986,0.5192307692307693,0.8269230769230769,0.6428571428571429,0.8571428571428571,0.0004
581,1.333968460559845,1.6178367137908936,0.5384615384615384,0.8269230769230769,0.42857142857142855,0.8571428571428571,0.0004
582,1.5601206421852112,1.4522149562835693,0.4230769230769231,0.8269230769230769,0.5714285714285714,0.8571428571428571,0.0004
583,1.382569670677185,1.6253631114959717,0.5,0.8269230769230769,0.42857142857142855,0.8571428571428571,0.0004
584,1.2522038221359253,1.442210078239441,0.5961538461538461,0.8269230769230769,0.35714285714285715,0.8571428571428571,0.0004
585,1.3853197693824768,1.2946548461914062,0.4230769230769231,0.8269230769230769,0.5714285714285714,0.8571428571428571,0.0004
586,1.3408606052398682,1.4460643529891968,0.5576923076923077,0.8269230769230769,0.5714285714285714,0.8571428571428571,0.0004
587,1.3378650546073914,1.3071725368499756,0.4230769230769231,0.8269230769230769,0.42857142857142855,0.8571428571428571,0.0004
588,1.3673635125160217,1.4446427822113037,0.5192307692307693,0.8269230769230769,0.5,0.8571428571428571,0.0004
589,1.3423861861228943,1.6131155490875244,0.4807692307692308,0.8269230769230769,0.35714285714285715,0.8571428571428571,0.0004
590,1.311195731163025,1.3115556240081787,0.4807692307692308,0.8269230769230769,0.7857142857142857,0.8571428571428571,0.0004
591,1.3331518173217773,1.4660602807998657,0.5769230769230769,0.8269230769230769,0.5714285714285714,0.8571428571428571,0.0004
592,1.4082078337669373,1.5494824647903442,0.5,0.8269230769230769,0.5,0.8571428571428571,0.0004
593,1.2708104848861694,1.399792194366455,0.6153846153846154,0.8269230769230769,0.42857142857142855,0.8571428571428571,0.0004
594,1.3190280199050903,1.3564306497573853,0.5,0.8269230769230769,0.5714285714285714,0.8571428571428571,0.0004
595,1.385291576385498,1.386662483215332,0.5192307692307693,0.8269230769230769,0.5714285714285714,0.8571428571428571,0.0004
596,1.3911123275756836,1.2902357578277588,0.6153846153846154,0.8269230769230769,0.6428571428571429,0.8571428571428571,0.0004
597,1.4274384379386902,1.662156105041504,0.5,0.8269230769230769,0.35714285714285715,0.8571428571428571,0.0004
598,1.1979953050613403,1.168736457824707,0.6730769230769231,0.8269230769230769,0.7142857142857143,0.8571428571428571,0.0004
599,1.472234070301056,1.5478315353393555,0.5,0.8269230769230769,0.35714285714285715,0.8571428571428571,0.0004
600,1.285715103149414,1.4251353740692139,0.5576923076923077,0.8269230769230769,0.5,0.8571428571428571,0.0004
601,1.3584368228912354,1.652860164642334,0.5,0.8269230769230769,0.35714285714285715,0.8571428571428571,0.0004
602,1.337938904762268,1.4922924041748047,0.5384615384615384,0.8269230769230769,0.5,0.8571428571428571,0.0004
603,1.136577695608139,1.2479616403579712,0.6730769230769231,0.8269230769230769,0.5,0.8571428571428571,0.0004
604,1.4052144885063171,1.5393134355545044,0.5961538461538461,0.8269230769230769,0.5,0.8571428571428571,0.0004
605,1.3152970671653748,1.6186487674713135,0.5769230769230769,0.8269230769230769,0.35714285714285715,0.8571428571428571,0.0004
606,1.4266727566719055,1.1288447380065918,0.5,0.8269230769230769,0.7857142857142857,0.8571428571428571,0.0004
607,1.3806728720664978,1.5295054912567139,0.5,0.8269230769230769,0.5,0.8571428571428571,0.0004
608,1.2119724750518799,1.4005250930786133,0.5961538461538461,0.8269230769230769,0.5,0.8571428571428571,0.0004
609,1.4272341132164001,1.536431908607483,0.5192307692307693,0.8269230769230769,0.35714285714285715,0.8571428571428571,0.0004
610,1.4372988939285278,1.56770658493042,0.4423076923076923,0.8269230769230769,0.5714285714285714,0.8571428571428571,0.0004
611,1.3750320672988892,1.4662357568740845,0.5961538461538461,0.8269230769230769,0.42857142857142855,0.8571428571428571,0.0004
612,1.4395638704299927,1.5717201232910156,0.46153846153846156,0.8269230769230769,0.2857142857142857,0.8571428571428571,0.0004
613,1.4322399497032166,1.494528889656067,0.5192307692307693,0.8269230769230769,0.42857142857142855,0.8571428571428571,0.0004
614,1.3435331583023071,1.623846411705017,0.5576923076923077,0.8269230769230769,0.35714285714285715,0.8571428571428571,0.0004
615,1.4958703517913818,1.5161828994750977,0.46153846153846156,0.8269230769230769,0.35714285714285715,0.8571428571428571,0.0004
616,1.4862436056137085,1.3480958938598633,0.5192307692307693,0.8269230769230769,0.5714285714285714,0.8571428571428571,0.0004
617,1.304458737373352,1.477662444114685,0.5384615384615384,0.8269230769230769,0.5,0.8571428571428571,0.0004
618,1.4693344831466675,1.4186654090881348,0.4423076923076923,0.8269230769230769,0.5714285714285714,0.8571428571428571,0.0004
619,1.3650047779083252,1.6932059526443481,0.5769230769230769,0.8269230769230769,0.35714285714285715,0.8571428571428571,0.0004
620,1.4761697053909302,1.39823317527771,0.40384615384615385,0.8269230769230769,0.35714285714285715,0.8571428571428571,0.0004
621,1.254071593284607,1.174286961555481,0.6153846153846154,0.8269230769230769,0.7857142857142857,0.8571428571428571,0.0004
622,1.2808323502540588,1.4112482070922852,0.5961538461538461,0.8269230769230769,0.42857142857142855,0.8571428571428571,0.0004
623,1.528321921825409,1.5983715057373047,0.4423076923076923,0.8269230769230769,0.5714285714285714,0.8571428571428571,0.0004
624,1.39639014005661,1.7017967700958252,0.5,0.8269230769230769,0.35714285714285715,0.8571428571428571,0.0004
625,1.3342315554618835,1.5632147789001465,0.5192307692307693,0.8269230769230769,0.5714285714285714,0.8571428571428571,0.0004
626,1.3220759630203247,1.4841673374176025,0.5,0.8269230769230769,0.5714285714285714,0.8571428571428571,0.0004
627,1.2314468622207642,1.4151943922042847,0.6153846153846154,0.8269230769230769,0.6428571428571429,0.8571428571428571,0.0004
628,1.3380936980247498,1.3715295791625977,0.5769230769230769,0.8269230769230769,0.5,0.8571428571428571,0.0004
629,1.3541244268417358,1.5077260732650757,0.5769230769230769,0.8269230769230769,0.42857142857142855,0.8571428571428571,0.0004
630,1.299171507358551,1.360813856124878,0.5576923076923077,0.8269230769230769,0.6428571428571429,0.8571428571428571,0.0004
631,1.4128776788711548,1.4718388319015503,0.5576923076923077,0.8269230769230769,0.42857142857142855,0.8571428571428571,0.0004
632,1.3821660876274109,1.5221670866012573,0.5576923076923077,0.8269230769230769,0.35714285714285715,0.8571428571428571,0.0004
633,1.4139207601547241,1.4886891841888428,0.5192307692307693,0.8269230769230769,0.35714285714285715,0.8571428571428571,0.0004
634,1.4355653524398804,1.316470742225647,0.5192307692307693,0.8269230769230769,0.6428571428571429,0.8571428571428571,0.0004
635,1.3599458932876587,1.282216191291809,0.5384615384615384,0.8269230769230769,0.6428571428571429,0.8571428571428571,0.0004
636,1.2912481427192688,1.5152733325958252,0.5961538461538461,0.8269230769230769,0.5714285714285714,0.8571428571428571,0.0004
637,1.4425909519195557,1.5478264093399048,0.5,0.8269230769230769,0.5,0.8571428571428571,0.0004
638,1.3565683960914612,1.595885992050171,0.38461538461538464,0.8269230769230769,0.5,0.8571428571428571,0.0004
639,1.4417377710342407,1.3358265161514282,0.5384615384615384,0.8269230769230769,0.5,0.8571428571428571,0.0004
640,1.5835108160972595,1.4121888875961304,0.40384615384615385,0.8269230769230769,0.42857142857142855,0.8571428571428571,0.0004
641,1.4002533555030823,1.3330833911895752,0.5,0.8269230769230769,0.5714285714285714,0.8571428571428571,0.0004
642,1.4213200211524963,1.4062715768814087,0.46153846153846156,0.8269230769230769,0.42857142857142855,0.8571428571428571,0.0004
643,1.2848105430603027,1.5153017044067383,0.5769230769230769,0.8269230769230769,0.5,0.8571428571428571,0.0004
644,1.3233416080474854,1.2775695323944092,0.4807692307692308,0.8269230769230769,0.6428571428571429,0.8571428571428571,0.0004
645,1.2732078433036804,1.5310404300689697,0.6153846153846154,0.8269230769230769,0.5714285714285714,0.8571428571428571,0.0004
646,1.3901185989379883,1.2336864471435547,0.46153846153846156,0.8269230769230769,0.7142857142857143,0.8571428571428571,0.0004
647,1.4791478514671326,1.2655750513076782,0.5,0.8269230769230769,0.7142857142857143,0.8571428571428571,0.0004
648,1.2657302618026733,1.2274141311645508,0.5961538461538461,0.8269230769230769,0.7142857142857143,0.8571428571428571,0.0004
649,1.3368781208992004,1.4203808307647705,0.5769230769230769,0.8269230769230769,0.5714285714285714,0.8571428571428571,0.0004
650,1.2950776815414429,1.5451328754425049,0.5961538461538461,0.8269230769230769,0.2857142857142857,0.8571428571428571,0.0004
651,1.2591678500175476,1.3067904710769653,0.5961538461538461,0.8269230769230769,0.5,0.8571428571428571,0.0004
652,1.4957644939422607,1.4763758182525635,0.5,0.8269230769230769,0.42857142857142855,0.8571428571428571,0.0004
653,1.364713191986084,1.3824894428253174,0.46153846153846156,0.8269230769230769,0.5,0.8571428571428571,0.0004
654,1.4054670333862305,1.2959109544754028,0.5192307692307693,0.8269230769230769,0.7142857142857143,0.8571428571428571,0.0004
655,1.5156813859939575,1.4976075887680054,0.4423076923076923,0.8269230769230769,0.42857142857142855,0.8571428571428571,0.0004
656,1.2601597905158997,1.3064336776733398,0.5576923076923077,0.8269230769230769,0.5,0.8571428571428571,0.0004
657,1.2187777757644653,1.4472473859786987,0.5769230769230769,0.8269230769230769,0.42857142857142855,0.8571428571428571,0.0004
658,1.2773520350456238,1.3542299270629883,0.5769230769230769,0.8269230769230769,0.42857142857142855,0.8571428571428571,0.0004
659,1.3798704743385315,1.3134105205535889,0.5192307692307693,0.8269230769230769,0.5714285714285714,0.8571428571428571,0.0004
660,1.2878952622413635,1.6520565748214722,0.6153846153846154,0.8269230769230769,0.42857142857142855,0.8571428571428571,0.0004
661,1.2489954829216003,1.3347179889678955,0.5192307692307693,0.8269230769230769,0.6428571428571429,0.8571428571428571,0.0004
662,1.3621892929077148,1.1428380012512207,0.5384615384615384,0.8269230769230769,0.7142857142857143,0.8571428571428571,0.0004
663,1.390831470489502,1.5537877082824707,0.5576923076923077,0.8269230769230769,0.6428571428571429,0.8571428571428571,0.0004
664,1.2609785199165344,1.3295881748199463,0.6153846153846154,0.8269230769230769,0.5,0.8571428571428571,0.0004
665,1.2723377346992493,1.1911883354187012,0.5576923076923077,0.8269230769230769,0.7142857142857143,0.8571428571428571,0.0004
666,1.2824868559837341,1.6102203130722046,0.5384615384615384,0.8269230769230769,0.35714285714285715,0.8571428571428571,0.0004
667,1.333107829093933,1.5281609296798706,0.5192307692307693,0.8269230769230769,0.5714285714285714,0.8571428571428571,0.0004
668,1.2411026358604431,1.300965428352356,0.5,0.8269230769230769,0.7857142857142857,0.8571428571428571,0.0004
669,1.3701308369636536,1.4130127429962158,0.5576923076923077,0.8269230769230769,0.6428571428571429,0.8571428571428571,0.0004
670,1.385483741760254,1.2233350276947021,0.5769230769230769,0.8269230769230769,0.8571428571428571,0.8571428571428571,0.0004
671,1.3470522165298462,1.363553762435913,0.5576923076923077,0.8269230769230769,0.5,0.8571428571428571,0.0004
672,1.1708099842071533,1.3030205965042114,0.6346153846153846,0.8269230769230769,0.5,0.8571428571428571,0.0004
673,1.3086517453193665,1.6140153408050537,0.5576923076923077,0.8269230769230769,0.5,0.8571428571428571,0.0004
674,1.1843751072883606,1.415492057800293,0.7307692307692307,0.8269230769230769,0.42857142857142855,0.8571428571428571,0.0004
675,1.2994147539138794,1.2059805393218994,0.5576923076923077,0.8269230769230769,0.6428571428571429,0.8571428571428571,0.0004
676,1.2359100580215454,1.2959407567977905,0.6153846153846154,0.8269230769230769,0.5714285714285714,0.8571428571428571,0.0004
677,1.3514597415924072,1.5091584920883179,0.5,0.8269230769230769,0.2857142857142857,0.8571428571428571,0.0004
678,1.225556194782257,1.5631603002548218,0.5961538461538461,0.8269230769230769,0.42857142857142855,0.8571428571428571,0.0004
679,1.260481357574463,1.1660382747650146,0.5384615384615384,0.8269230769230769,0.7142857142857143,0.8571428571428571,0.0004
680,1.3062479496002197,1.4146114587783813,0.5576923076923077,0.8269230769230769,0.5714285714285714,0.8571428571428571,0.0004
681,1.1817958354949951,1.3089840412139893,0.6346153846153846,0.8269230769230769,0.5714285714285714,0.8571428571428571,0.0004
682,1.3335890769958496,1.2583144903182983,0.4423076923076923,0.8269230769230769,0.6428571428571429,0.8571428571428571,0.0004
683,1.1637609601020813,1.257528305053711,0.6153846153846154,0.8269230769230769,0.5714285714285714,0.8571428571428571,0.0004
684,1.2450259923934937,1.5271034240722656,0.6346153846153846,0.8269230769230769,0.5,0.8571428571428571,0.0004
685,1.319917380809784,1.664428949356079,0.6153846153846154,0.8269230769230769,0.42857142857142855,0.8571428571428571,0.0004
686,1.2554553151130676,1.7447954416275024,0.5192307692307693,0.8269230769230769,0.2857142857142857,0.8571428571428571,0.0004
687,1.3178676962852478,1.232276439666748,0.5769230769230769,0.8269230769230769,0.5714285714285714,0.8571428571428571,0.0004
688,1.1963581442832947,1.145298957824707,0.5769230769230769,0.8269230769230769,0.7857142857142857,0.8571428571428571,0.0004
689,1.1770515441894531,1.3462779521942139,0.5576923076923077,0.8269230769230769,0.42857142857142855,0.8571428571428571,0.0004
690,1.16249680519104,1.1063270568847656,0.5961538461538461,0.8269230769230769,0.7142857142857143,0.8571428571428571,0.0004
691,1.5494039058685303,1.3980883359909058,0.4423076923076923,0.8269230769230769,0.5714285714285714,0.8571428571428571,0.0004
692,1.1881229281425476,1.2701756954193115,0.6346153846153846,0.8269230769230769,0.42857142857142855,0.8571428571428571,0.0004
693,1.3455895781517029,1.6639885902404785,0.5192307692307693,0.8269230769230769,0.42857142857142855,0.8571428571428571,0.0004
694,1.2462562918663025,1.5306038856506348,0.5192307692307693,0.8269230769230769,0.21428571428571427,0.8571428571428571,0.0004
695,1.080622673034668,1.4729996919631958,0.6923076923076923,0.8269230769230769,0.42857142857142855,0.8571428571428571,0.0004
696,1.3020586371421814,1.5629817247390747,0.5192307692307693,0.8269230769230769,0.35714285714285715,0.8571428571428571,0.0004
697,1.3342316150665283,1.4373893737792969,0.5961538461538461,0.8269230769230769,0.42857142857142855,0.8571428571428571,0.0004
698,1.2782536745071411,1.377609133720398,0.5384615384615384,0.8269230769230769,0.5,0.8571428571428571,0.0004
699,1.2854093313217163,1.1641353368759155,0.5576923076923077,0.8269230769230769,0.6428571428571429,0.8571428571428571,0.0004
700,1.1263709664344788,1.170940637588501,0.5961538461538461,0.8269230769230769,0.6428571428571429,0.8571428571428571,0.0004
701,1.2236713767051697,1.314678430557251,0.5192307692307693,0.8269230769230769,0.5714285714285714,0.8571428571428571,0.0004
702,1.326329529285431,1.0928480625152588,0.6153846153846154,0.8269230769230769,0.7857142857142857,0.8571428571428571,0.0004
703,1.3058620691299438,1.5934950113296509,0.5192307692307693,0.8269230769230769,0.42857142857142855,0.8571428571428571,0.0004
704,1.1952469944953918,1.2711138725280762,0.5961538461538461,0.8269230769230769,0.5,0.8571428571428571,0.0004
705,1.2482385039329529,1.4757390022277832,0.5769230769230769,0.8269230769230769,0.5714285714285714,0.8571428571428571,0.0004
706,1.2095798254013062,1.2150399684906006,0.6538461538461539,0.8269230769230769,0.6428571428571429,0.8571428571428571,0.0004
707,1.5284545421600342,1.3289660215377808,0.5576923076923077,0.8269230769230769,0.5714285714285714,0.8571428571428571,0.0004
708,1.1512966752052307,1.5286858081817627,0.5961538461538461,0.8269230769230769,0.5714285714285714,0.8571428571428571,0.0004
709,1.347983956336975,1.244820237159729,0.4423076923076923,0.8269230769230769,0.5714285714285714,0.8571428571428571,0.0004
710,1.2828331589698792,1.0292913913726807,0.5384615384615384,0.8269230769230769,0.7857142857142857,0.8571428571428571,0.0004
711,1.1663103103637695,0.9981406331062317,0.5769230769230769,0.8269230769230769,0.8571428571428571,0.8571428571428571,0.0004
712,1.1489731073379517,1.341444492340088,0.6346153846153846,0.8269230769230769,0.6428571428571429,0.8571428571428571,0.0004
713,1.3611500263214111,1.361829400062561,0.5961538461538461,0.8269230769230769,0.7142857142857143,0.8571428571428571,0.0004
714,1.360970139503479,1.3643252849578857,0.5961538461538461,0.8269230769230769,0.5714285714285714,0.8571428571428571,0.0004
715,1.3436293005943298,1.5261359214782715,0.5192307692307693,0.8269230769230769,0.42857142857142855,0.8571428571428571,0.0004
716,1.1679537892341614,1.3914697170257568,0.5961538461538461,0.8269230769230769,0.35714285714285715,0.8571428571428571,0.0004
717,1.4086437225341797,1.5738686323165894,0.5576923076923077,0.8269230769230769,0.42857142857142855,0.8571428571428571,0.0004
718,1.5012969970703125,1.100386381149292,0.5192307692307693,0.8269230769230769,0.5714285714285714,0.8571428571428571,0.0004
719,1.3285759091377258,1.5728673934936523,0.5192307692307693,0.8269230769230769,0.5,0.8571428571428571,0.0004
720,1.8618141412734985,1.1553062200546265,0.46153846153846156,0.8269230769230769,0.5714285714285714,0.8571428571428571,0.0004
721,1.3880072236061096,1.7255730628967285,0.5,0.8269230769230769,0.42857142857142855,0.8571428571428571,0.0004
722,1.1636671423912048,1.2500654458999634,0.6346153846153846,0.8269230769230769,0.5,0.8571428571428571,0.0004
723,1.278481125831604,1.2013030052185059,0.6538461538461539,0.8269230769230769,0.5714285714285714,0.8571428571428571,0.0004
724,1.3461917042732239,1.312066674232483,0.5576923076923077,0.8269230769230769,0.5,0.8571428571428571,0.0004
725,1.2988377213478088,1.5249814987182617,0.5384615384615384,0.8269230769230769,0.35714285714285715,0.8571428571428571,0.0004
726,1.3233564496040344,1.464322566986084,0.4807692307692308,0.8269230769230769,0.2857142857142857,0.8571428571428571,0.0004
727,1.2490662932395935,1.4068735837936401,0.5,0.8269230769230769,0.42857142857142855,0.8571428571428571,0.0004
728,1.4211002588272095,1.441650390625,0.4230769230769231,0.8269230769230769,0.35714285714285715,0.8571428571428571,0.0004
729,1.3665030002593994,1.359886646270752,0.4423076923076923,0.8269230769230769,0.35714285714285715,0.8571428571428571,0.0004
730,1.4000462889671326,1.2033519744873047,0.5,0.8269230769230769,0.6428571428571429,0.8571428571428571,0.0004
731,1.311542570590973,1.2077950239181519,0.5576923076923077,0.8269230769230769,0.7142857142857143,0.8571428571428571,0.0004
732,1.3686555624008179,1.345353126525879,0.5,0.8269230769230769,0.35714285714285715,0.8571428571428571,0.0004
733,1.3970828652381897,1.75150465965271,0.4230769230769231,0.8269230769230769,0.35714285714285715,0.8571428571428571,0.0004
734,1.4024982452392578,1.3227436542510986,0.5384615384615384,0.8269230769230769,0.5,0.8571428571428571,0.0004
735,1.407577633857727,1.4022469520568848,0.4423076923076923,0.8269230769230769,0.35714285714285715,0.8571428571428571,0.0004
736,1.302403211593628,1.5547840595245361,0.46153846153846156,0.8269230769230769,0.35714285714285715,0.8571428571428571,0.0004
737,1.3291688561439514,1.4377154111862183,0.5576923076923077,0.8269230769230769,0.42857142857142855,0.8571428571428571,0.0004
738,1.2410045862197876,1.3185862302780151,0.5961538461538461,0.8269230769230769,0.6428571428571429,0.8571428571428571,0.0004
739,1.3102447986602783,1.2605183124542236,0.5961538461538461,0.8269230769230769,0.6428571428571429,0.8571428571428571,0.0004
740,1.266233205795288,1.4460675716400146,0.5769230769230769,0.8269230769230769,0.42857142857142855,0.8571428571428571,0.0004
741,1.3730661869049072,1.3015165328979492,0.46153846153846156,0.8269230769230769,0.5714285714285714,0.8571428571428571,0.0004
742,1.262668490409851,1.3965649604797363,0.5192307692307693,0.8269230769230769,0.42857142857142855,0.8571428571428571,0.0004
743,1.2023802995681763,1.5404852628707886,0.6153846153846154,0.8269230769230769,0.42857142857142855,0.8571428571428571,0.0004
744,1.3584401607513428,1.3340080976486206,0.5192307692307693,0.8269230769230769,0.42857142857142855,0.8571428571428571,0.0004
745,1.2108352184295654,1.621573567390442,0.6153846153846154,0.8269230769230769,0.21428571428571427,0.8571428571428571,0.0004
746,1.252738356590271,1.1523008346557617,0.5384615384615384,0.8269230769230769,0.5714285714285714,0.8571428571428571,0.0004
747,1.2156324982643127,1.3469387292861938,0.5961538461538461,0.8269230769230769,0.42857142857142855,0.8571428571428571,0.0004
748,1.4144367575645447,1.556074619293213,0.4807692307692308,0.8269230769230769,0.5,0.8571428571428571,0.0004
749,1.1822516322135925,1.1626615524291992,0.6730769230769231,0.8269230769230769,0.6428571428571429,0.8571428571428571,0.0004
750,1.2863001823425293,1.7375688552856445,0.6346153846153846,0.8269230769230769,0.42857142857142855,0.8571428571428571,0.0004
751,1.3277562260627747,1.8867175579071045,0.5192307692307693,0.8269230769230769,0.5714285714285714,0.8571428571428571,0.0004
752,1.406017780303955,1.463898777961731,0.6346153846153846,0.8269230769230769,0.6428571428571429,0.8571428571428571,0.0004
753,1.7498894929885864,1.8794207572937012,0.6538461538461539,0.8269230769230769,0.5714285714285714,0.8571428571428571,0.0004
754,1.9094073176383972,1.1649692058563232,0.5576923076923077,0.8269230769230769,0.7857142857142857,0.8571428571428571,0.0004
755,1.8965541124343872,2.527148485183716,0.5384615384615384,0.8269230769230769,0.2857142857142857,0.8571428571428571,0.0004
756,1.6195310950279236,2.045316696166992,0.5769230769230769,0.8269230769230769,0.42857142857142855,0.8571428571428571,0.0004
757,1.313528299331665,1.938547134399414,0.5961538461538461,0.8269230769230769,0.42857142857142855,0.8571428571428571,0.0004
758,1.6230287551879883,1.709387183189392,0.5961538461538461,0.8269230769230769,0.5714285714285714,0.8571428571428571,0.0004
759,1.7079286575317383,1.8160016536712646,0.6153846153846154,0.8269230769230769,0.42857142857142855,0.8571428571428571,0.0004
760,1.283970057964325,1.4294044971466064,0.6346153846153846,0.8269230769230769,0.5714285714285714,0.8571428571428571,0.0004
761,1.2861016392707825,1.7569775581359863,0.5961538461538461,0.8269230769230769,0.42857142857142855,0.8571428571428571,0.0004
762,1.515070617198944,1.368323564529419,0.5192307692307693,0.8269230769230769,0.42857142857142855,0.8571428571428571,0.0004
763,1.3134422898292542,1.4865076541900635,0.4807692307692308,0.8269230769230769,0.5,0.8571428571428571,0.0004
764,1.4160121083259583,1.652590274810791,0.5,0.8269230769230769,0.35714285714285715,0.8571428571428571,0.0004
765,1.2535226345062256,1.3914190530776978,0.5961538461538461,0.8269230769230769,0.5714285714285714,0.8571428571428571,0.0004
766,1.4038440585136414,1.2973525524139404,0.5,0.8269230769230769,0.6428571428571429,0.8571428571428571,0.0004
767,1.432853639125824,1.225307583808899,0.4230769230769231,0.8269230769230769,0.7142857142857143,0.8571428571428571,0.0004
768,1.3308919072151184,1.4267016649246216,0.5192307692307693,0.8269230769230769,0.5714285714285714,0.8571428571428571,0.0004
769,1.399513602256775,1.3346906900405884,0.36538461538461536,0.8269230769230769,0.5714285714285714,0.8571428571428571,0.0004
770,1.2751662135124207,1.259651780128479,0.5769230769230769,0.8269230769230769,0.5714285714285714,0.8571428571428571,0.0004
771,1.3649525046348572,1.3927843570709229,0.5192307692307693,0.8269230769230769,0.35714285714285715,0.8571428571428571,0.0004
772,1.3880969882011414,1.1925783157348633,0.4807692307692308,0.8269230769230769,0.5,0.8571428571428571,0.0004
773,1.3919864892959595,1.2700977325439453,0.4230769230769231,0.8269230769230769,0.5714285714285714,0.8571428571428571,0.0004
774,1.377549946308136,1.3505818843841553,0.5,0.8269230769230769,0.5714285714285714,0.8571428571428571,0.0004
775,1.3306270241737366,1.3376808166503906,0.5576923076923077,0.8269230769230769,0.5714285714285714,0.8571428571428571,0.0004
776,1.3599039316177368,1.2609889507293701,0.4230769230769231,0.8269230769230769,0.6428571428571429,0.8571428571428571,0.0004
777,1.4008552432060242,1.4321006536483765,0.4807692307692308,0.8269230769230769,0.5,0.8571428571428571,0.0004
778,1.3635042905807495,1.1866008043289185,0.46153846153846156,0.8269230769230769,0.6428571428571429,0.8571428571428571,0.0004
779,1.4252211451530457,1.2119048833847046,0.4423076923076923,0.8269230769230769,0.6428571428571429,0.8571428571428571,0.0004
780,1.3977967500686646,1.375450849533081,0.5769230769230769,0.8269230769230769,0.42857142857142855,0.8571428571428571,0.0004
781,1.4161984324455261,1.363706350326538,0.4230769230769231,0.8269230769230769,0.35714285714285715,0.8571428571428571,0.0004
782,1.3276054859161377,1.2971677780151367,0.5384615384615384,0.8269230769230769,0.42857142857142855,0.8571428571428571,0.0004
783,1.1985561847686768,1.1932790279388428,0.6538461538461539,0.8269230769230769,0.5,0.8571428571428571,0.0004
784,1.232307493686676,1.4409319162368774,0.5769230769230769,0.8269230769230769,0.35714285714285715,0.8571428571428571,0.0004
785,1.3857614994049072,1.2042217254638672,0.5576923076923077,0.8269230769230769,0.7142857142857143,0.8571428571428571,0.0004
786,1.2870147228240967,1.33503258228302,0.6153846153846154,0.8269230769230769,0.6428571428571429,0.8571428571428571,0.0004
787,1.3429549932479858,1.2189998626708984,0.5576923076923077,0.8269230769230769,0.5714285714285714,0.8571428571428571,0.0004
788,1.4511934518814087,1.3416235446929932,0.5192307692307693,0.8269230769230769,0.5,0.8571428571428571,0.0004
789,1.4571881294250488,1.2112213373184204,0.4423076923076923,0.8269230769230769,0.7142857142857143,0.8571428571428571,0.0004
790,1.3605750799179077,1.365588665008545,0.5,0.8269230769230769,0.35714285714285715,0.8571428571428571,0.0004
791,1.3998618125915527,1.1589441299438477,0.5192307692307693,0.8269230769230769,0.5,0.8571428571428571,0.0004
792,1.2875478267669678,1.3941113948822021,0.5769230769230769,0.8269230769230769,0.5,0.8571428571428571,0.0004
793,1.3411808609962463,1.382713794708252,0.5769230769230769,0.8269230769230769,0.42857142857142855,0.8571428571428571,0.0004
794,1.3328325152397156,1.4839606285095215,0.5961538461538461,0.8269230769230769,0.35714285714285715,0.8571428571428571,0.0004
795,1.3643816709518433,0.9926045536994934,0.5384615384615384,0.8269230769230769,0.8571428571428571,0.8571428571428571,0.0004
796,1.2104762196540833,1.4235987663269043,0.6538461538461539,0.8269230769230769,0.35714285714285715,0.8571428571428571,0.0004
797,1.39595627784729,1.389278531074524,0.46153846153846156,0.8269230769230769,0.6428571428571429,0.8571428571428571,0.0004
798,1.358177125453949,1.2910261154174805,0.5576923076923077,0.8269230769230769,0.5714285714285714,0.8571428571428571,0.0004
799,1.1780160069465637,1.265149712562561,0.6153846153846154,0.8269230769230769,0.6428571428571429,0.8571428571428571,0.0004
800,1.336596965789795,1.3312485218048096,0.5192307692307693,0.8269230769230769,0.5,0.8571428571428571,0.0004
801,1.344683289527893,1.308598279953003,0.5961538461538461,0.8269230769230769,0.6428571428571429,0.8571428571428571,0.0004
802,1.465807855129242,1.3694666624069214,0.5192307692307693,0.8269230769230769,0.5,0.8571428571428571,0.0004
803,1.4129144549369812,1.4816416501998901,0.4423076923076923,0.8269230769230769,0.5,0.8571428571428571,0.0004
804,1.4896029829978943,1.4282944202423096,0.4807692307692308,0.8269230769230769,0.5714285714285714,0.8571428571428571,0.0004
805,1.381115436553955,1.5202046632766724,0.5961538461538461,0.8269230769230769,0.35714285714285715,0.8571428571428571,0.0004
806,1.4676282405853271,1.2089430093765259,0.4807692307692308,0.8269230769230769,0.6428571428571429,0.8571428571428571,0.0004
807,1.3605136275291443,1.407212495803833,0.5,0.8269230769230769,0.5,0.8571428571428571,0.0004
808,1.4060797095298767,1.3522193431854248,0.5192307692307693,0.8269230769230769,0.5714285714285714,0.8571428571428571,0.0004
809,1.261933982372284,1.5440449714660645,0.5769230769230769,0.8269230769230769,0.35714285714285715,0.8571428571428571,0.0004
810,1.3779953718185425,1.4486455917358398,0.5576923076923077,0.8269230769230769,0.42857142857142855,0.8571428571428571,0.0004
811,1.4633700251579285,1.5466117858886719,0.40384615384615385,0.8269230769230769,0.42857142857142855,0.8571428571428571,0.0004
812,1.402480661869049,1.4214107990264893,0.5576923076923077,0.8269230769230769,0.5,0.8571428571428571,0.0004
813,1.469911277294159,1.1207332611083984,0.5576923076923077,0.8269230769230769,0.7142857142857143,0.8571428571428571,0.0004
814,1.2836453318595886,1.502489447593689,0.6153846153846154,0.8269230769230769,0.42857142857142855,0.8571428571428571,0.0004
815,1.3028550744056702,1.3601760864257812,0.5576923076923077,0.8269230769230769,0.5,0.8571428571428571,0.0004
816,1.2758138179779053,1.4687342643737793,0.6153846153846154,0.8269230769230769,0.5714285714285714,0.8571428571428571,0.0004
817,1.4388259649276733,1.4389888048171997,0.4423076923076923,0.8269230769230769,0.6428571428571429,0.8571428571428571,0.0004
818,1.2848026156425476,1.059232234954834,0.5576923076923077,0.8269230769230769,0.7142857142857143,0.8571428571428571,0.0004
819,1.3359644412994385,1.377012014389038,0.5769230769230769,0.8269230769230769,0.6428571428571429,0.8571428571428571,0.0004
820,1.336609125137329,1.4572257995605469,0.5384615384615384,0.8269230769230769,0.42857142857142855,0.8571428571428571,0.0004
821,1.3288654088974,1.2465670108795166,0.6153846153846154,0.8269230769230769,0.6428571428571429,0.8571428571428571,0.0004
822,1.2858505249023438,1.4708280563354492,0.5576923076923077,0.8269230769230769,0.5714285714285714,0.8571428571428571,0.0004
823,1.2825565338134766,1.3303682804107666,0.6923076923076923,0.8269230769230769,0.6428571428571429,0.8571428571428571,0.0004
824,1.1689897775650024,1.2781859636306763,0.6346153846153846,0.8269230769230769,0.6428571428571429,0.8571428571428571,0.0004
825,1.3260003328323364,1.4635331630706787,0.5384615384615384,0.8269230769230769,0.35714285714285715,0.8571428571428571,0.0004
826,1.3487573266029358,1.4196252822875977,0.5576923076923077,0.8269230769230769,0.42857142857142855,0.8571428571428571,0.0004
827,1.3637272119522095,1.239305853843689,0.5384615384615384,0.8269230769230769,0.5714285714285714,0.8571428571428571,0.0004
828,1.2144493460655212,1.2454557418823242,0.5576923076923077,0.8269230769230769,0.6428571428571429,0.8571428571428571,0.0004
829,1.336085855960846,1.319270372390747,0.5769230769230769,0.8269230769230769,0.5,0.8571428571428571,0.0004
830,1.158064067363739,1.5598796606063843,0.6153846153846154,0.8269230769230769,0.35714285714285715,0.8571428571428571,0.0004
831,1.2065050601959229,1.0785152912139893,0.5769230769230769,0.8269230769230769,0.7857142857142857,0.8571428571428571,0.0004
832,1.1877706050872803,1.363025188446045,0.5384615384615384,0.8269230769230769,0.5,0.8571428571428571,0.0004
833,1.2770671248435974,1.597362756729126,0.5576923076923077,0.8269230769230769,0.2857142857142857,0.8571428571428571,0.0004
834,1.2667744159698486,1.4039127826690674,0.6346153846153846,0.8461538461538461,0.35714285714285715,0.8571428571428571,0.0004
835,1.15251225233078,1.17542564868927,0.6538461538461539,0.8269230769230769,0.7142857142857143,0.8571428571428571,0.0004
836,1.2768945097923279,1.210221529006958,0.5,0.8461538461538461,0.6428571428571429,0.8571428571428571,0.0004
837,1.1812970638275146,1.490290641784668,0.6730769230769231,0.8269230769230769,0.5714285714285714,0.8571428571428571,0.0004
838,1.1733622550964355,1.6230998039245605,0.6538461538461539,0.8269230769230769,0.42857142857142855,0.8571428571428571,0.0004
839,1.3719768524169922,1.579719066619873,0.5576923076923077,0.8269230769230769,0.5,0.8571428571428571,0.0004
840,1.196576178073883,1.7227816581726074,0.6346153846153846,0.8269230769230769,0.42857142857142855,0.8571428571428571,0.0004
841,1.1569541096687317,1.8508358001708984,0.6346153846153846,0.8269230769230769,0.42857142857142855,0.8571428571428571,0.0004
842,1.4405924081802368,1.1854497194290161,0.5576923076923077,0.8269230769230769,0.5714285714285714,0.8571428571428571,0.0004
843,1.3618448972702026,1.6679397821426392,0.5384615384615384,0.8461538461538461,0.5,0.8571428571428571,0.0004
844,1.5348995923995972,1.7880468368530273,0.5384615384615384,0.8269230769230769,0.42857142857142855,0.8571428571428571,0.0004
845,1.5729307532310486,1.8153815269470215,0.4807692307692308,0.8269230769230769,0.42857142857142855,0.8571428571428571,0.0004
846,1.7181756496429443,1.771120548248291,0.40384615384615385,0.8461538461538461,0.2857142857142857,0.8571428571428571,0.0004
847,1.6887052655220032,1.8104456663131714,0.4423076923076923,0.8269230769230769,0.35714285714285715,0.8571428571428571,0.0004
848,1.3914803862571716,1.6176196336746216,0.46153846153846156,0.8269230769230769,0.21428571428571427,0.8571428571428571,0.0004
849,1.4914035201072693,1.4982614517211914,0.5,0.8653846153846154,0.35714285714285715,0.8571428571428571,0.0004
850,1.3742299675941467,1.5349407196044922,0.4807692307692308,0.8269230769230769,0.5,0.8571428571428571,0.0004
851,1.5074229836463928,1.4917807579040527,0.5,0.8269230769230769,0.42857142857142855,0.8571428571428571,0.0004
852,1.4264095425605774,1.4833953380584717,0.4807692307692308,0.8269230769230769,0.35714285714285715,0.8571428571428571,0.0004
853,1.2548044919967651,1.4120478630065918,0.5384615384615384,0.8461538461538461,0.42857142857142855,0.8571428571428571,0.0004
854,1.419009029865265,1.3448675870895386,0.4807692307692308,0.8461538461538461,0.5,0.8571428571428571,0.0004
855,1.339079737663269,1.283108115196228,0.5,0.8269230769230769,0.7142857142857143,0.8571428571428571,0.0004
856,1.3901306986808777,1.1408042907714844,0.4807692307692308,0.8269230769230769,0.7142857142857143,0.8571428571428571,0.0004
857,1.4955556392669678,1.4175993204116821,0.4807692307692308,0.8269230769230769,0.35714285714285715,0.8571428571428571,0.0004
858,1.2713985443115234,1.5828220844268799,0.5961538461538461,0.8269230769230769,0.2857142857142857,0.8571428571428571,0.0004
859,1.43582683801651,1.3985416889190674,0.5,0.8269230769230769,0.42857142857142855,0.8571428571428571,0.0004
860,1.37877756357193,1.270072340965271,0.5384615384615384,0.7884615384615384,0.5714285714285714,0.8571428571428571,0.0004
861,1.419308841228485,1.3269447088241577,0.5576923076923077,0.8269230769230769,0.5714285714285714,0.8571428571428571,0.0004
862,1.30604487657547,1.319776177406311,0.5961538461538461,0.8461538461538461,0.6428571428571429,0.8571428571428571,0.0004
863,1.3514912724494934,1.4222936630249023,0.5576923076923077,0.8269230769230769,0.5714285714285714,0.8571428571428571,0.0004
864,1.4924349784851074,1.3505580425262451,0.4230769230769231,0.8269230769230769,0.5,0.7857142857142857,0.0004
865,1.4614523649215698,1.322321891784668,0.4423076923076923,0.8269230769230769,0.6428571428571429,0.8571428571428571,0.0004
866,1.2751377820968628,1.589829921722412,0.6346153846153846,0.8461538461538461,0.42857142857142855,0.7857142857142857,0.0004
867,1.3037647008895874,1.2705687284469604,0.5961538461538461,0.8653846153846154,0.6428571428571429,0.7857142857142857,0.0004
868,1.4867644906044006,1.496687650680542,0.5192307692307693,0.8076923076923077,0.21428571428571427,0.7857142857142857,0.0004
869,1.4153529405593872,1.4651376008987427,0.5576923076923077,0.8653846153846154,0.5,0.8571428571428571,0.0004
870,1.452585756778717,1.4044488668441772,0.4807692307692308,0.7884615384615384,0.6428571428571429,0.8571428571428571,0.0004
871,1.3302441239356995,1.186187744140625,0.5961538461538461,0.8269230769230769,0.7142857142857143,0.7142857142857143,0.0004
872,1.3009957075119019,1.436835765838623,0.5576923076923077,0.8269230769230769,0.5,0.7142857142857143,0.0004
873,1.3571848273277283,1.4276996850967407,0.6153846153846154,0.8076923076923077,0.5714285714285714,0.7857142857142857,0.0004
874,1.4242318868637085,1.6084771156311035,0.5961538461538461,0.8076923076923077,0.2857142857142857,0.8571428571428571,0.0004
875,1.3938037157058716,1.4334039688110352,0.5,0.7884615384615384,0.6428571428571429,0.7142857142857143,0.0004
876,1.2959020137786865,1.2216312885284424,0.6346153846153846,0.8846153846153846,0.7857142857142857,0.8571428571428571,0.0004
877,1.3391536474227905,1.4374499320983887,0.5769230769230769,0.8269230769230769,0.42857142857142855,0.8571428571428571,0.0004
878,1.2773035764694214,1.3497260808944702,0.5384615384615384,0.8846153846153846,0.5714285714285714,0.8571428571428571,0.0004
879,1.324954867362976,1.3728139400482178,0.6153846153846154,0.8461538461538461,0.5,0.8571428571428571,0.0004
880,1.39816153049469,1.36842679977417,0.5,0.8076923076923077,0.6428571428571429,0.7857142857142857,0.0004
881,1.3217300176620483,1.322188138961792,0.5576923076923077,0.8461538461538461,0.5714285714285714,0.7857142857142857,0.0004
882,1.373181939125061,1.149333119392395,0.5576923076923077,0.8653846153846154,0.7142857142857143,0.8571428571428571,0.0004
883,1.285842478275299,1.3890877962112427,0.5961538461538461,0.8461538461538461,0.5,0.8571428571428571,0.0004
884,1.3517612218856812,1.6479030847549438,0.6153846153846154,0.8461538461538461,0.5,0.8571428571428571,0.0004
885,1.347681999206543,1.6482151746749878,0.5769230769230769,0.8269230769230769,0.2857142857142857,0.8571428571428571,0.0004
886,1.2743729948997498,1.9713523387908936,0.6153846153846154,0.8461538461538461,0.35714285714285715,0.8571428571428571,0.0004
887,1.2697473168373108,1.825562834739685,0.5576923076923077,0.8461538461538461,0.35714285714285715,0.8571428571428571,0.0004
888,1.4988320469856262,1.2073311805725098,0.5192307692307693,0.8269230769230769,0.5714285714285714,0.8571428571428571,0.0004
889,1.121526837348938,1.244458556175232,0.6538461538461539,0.8653846153846154,0.7142857142857143,0.8571428571428571,0.0004
890,1.4053563475608826,1.6748508214950562,0.5769230769230769,0.8269230769230769,0.35714285714285715,0.7857142857142857,0.0004
891,1.6016413569450378,1.8285130262374878,0.5,0.8461538461538461,0.35714285714285715,0.8571428571428571,0.0004
892,1.4130396246910095,1.5664618015289307,0.5576923076923077,0.8461538461538461,0.6428571428571429,0.8571428571428571,0.0004
893,1.5418327450752258,1.7232122421264648,0.5769230769230769,0.8269230769230769,0.5,0.7857142857142857,0.0004
894,1.5490521788597107,1.5903981924057007,0.5576923076923077,0.8269230769230769,0.5,0.7857142857142857,0.0004
895,1.450472116470337,1.2374587059020996,0.5576923076923077,0.8653846153846154,0.7142857142857143,0.7857142857142857,0.0004
896,1.5479815006256104,1.4599189758300781,0.5,0.8269230769230769,0.5714285714285714,0.7142857142857143,0.0004
897,1.5166739225387573,1.4817616939544678,0.5961538461538461,0.8269230769230769,0.5,0.8571428571428571,0.0004
898,1.533938467502594,1.5488684177398682,0.5576923076923077,0.8653846153846154,0.5,0.7142857142857143,0.0004
899,1.243999421596527,1.4819297790527344,0.6346153846153846,0.8846153846153846,0.42857142857142855,0.8571428571428571,0.0004
900,1.4802775979042053,1.368931531906128,0.6153846153846154,0.8461538461538461,0.5,0.7857142857142857,0.0004
901,1.3419600129127502,1.3943419456481934,0.5192307692307693,0.8461538461538461,0.42857142857142855,0.7857142857142857,0.0004
902,1.357362985610962,1.214715838432312,0.5769230769230769,0.8269230769230769,0.5714285714285714,0.7142857142857143,0.0004
903,1.4076924920082092,1.5446335077285767,0.5,0.8461538461538461,0.21428571428571427,0.8571428571428571,0.0004
904,1.4766480326652527,1.5150282382965088,0.46153846153846156,0.8076923076923077,0.35714285714285715,0.7857142857142857,0.0004
905,1.4044979810714722,1.3720535039901733,0.5576923076923077,0.7884615384615384,0.42857142857142855,0.7142857142857143,0.0004
906,1.3816468119621277,1.482712745666504,0.40384615384615385,0.8461538461538461,0.35714285714285715,0.7857142857142857,0.0004
907,1.3860838413238525,1.375856876373291,0.5576923076923077,0.8653846153846154,0.5714285714285714,0.7142857142857143,0.0004
908,1.2360142469406128,1.4594488143920898,0.4423076923076923,0.8846153846153846,0.35714285714285715,0.8571428571428571,0.0004
909,1.3718923330307007,1.5308244228363037,0.5769230769230769,0.8269230769230769,0.2857142857142857,0.8571428571428571,0.0004
910,1.470589280128479,1.360456943511963,0.5576923076923077,0.8269230769230769,0.42857142857142855,0.7857142857142857,0.0004
911,1.3902897238731384,1.5706140995025635,0.5769230769230769,0.8076923076923077,0.42857142857142855,0.7857142857142857,0.0004
912,1.3643408417701721,1.3660378456115723,0.5192307692307693,0.8461538461538461,0.42857142857142855,0.7857142857142857,0.0004
913,1.490297019481659,1.3257336616516113,0.5384615384615384,0.8461538461538461,0.5714285714285714,0.7857142857142857,0.0004
914,1.451391577720642,1.4811376333236694,0.5961538461538461,0.8269230769230769,0.21428571428571427,0.8571428571428571,0.0004
915,1.2925394773483276,1.45316743850708,0.5384615384615384,0.8461538461538461,0.5,0.7142857142857143,0.0004
916,1.3345829844474792,1.3927958011627197,0.5576923076923077,0.8461538461538461,0.5714285714285714,0.7857142857142857,0.0004
917,1.3356277346611023,1.199528694152832,0.5192307692307693,0.8653846153846154,0.7142857142857143,0.7142857142857143,0.0004
918,1.3117828369140625,1.523791790008545,0.5961538461538461,0.8461538461538461,0.2857142857142857,0.8571428571428571,0.0004
919,1.4398047924041748,1.3120396137237549,0.5,0.8269230769230769,0.5714285714285714,0.7857142857142857,0.0004
920,1.37832510471344,1.4330570697784424,0.5769230769230769,0.8653846153846154,0.2857142857142857,0.7857142857142857,0.0004
921,1.3692057132720947,1.6621925830841064,0.5769230769230769,0.8653846153846154,0.42857142857142855,0.7142857142857143,0.0004
922,1.4635924696922302,1.3073747158050537,0.5384615384615384,0.8269230769230769,0.5714285714285714,0.7857142857142857,0.0004
923,1.442128598690033,1.3791453838348389,0.46153846153846156,0.8076923076923077,0.35714285714285715,0.7142857142857143,0.0004
924,1.5330581665039062,1.369069218635559,0.5769230769230769,0.8076923076923077,0.42857142857142855,0.7857142857142857,0.0004
925,1.4339463710784912,1.4470267295837402,0.5384615384615384,0.8269230769230769,0.42857142857142855,0.7142857142857143,0.0004
926,1.520554542541504,1.4517903327941895,0.5384615384615384,0.8461538461538461,0.6428571428571429,0.7142857142857143,0.0004
927,1.309253990650177,1.2483121156692505,0.5384615384615384,0.8653846153846154,0.5,0.7142857142857143,0.0004
928,1.4547917246818542,1.4947969913482666,0.5,0.8461538461538461,0.42857142857142855,0.7857142857142857,0.0004
929,1.3807082176208496,1.4898442029953003,0.4807692307692308,0.8269230769230769,0.21428571428571427,0.8571428571428571,0.0004
930,1.478212594985962,1.448930025100708,0.5,0.8076923076923077,0.42857142857142855,0.8571428571428571,0.0004
931,1.4336556792259216,1.3886618614196777,0.38461538461538464,0.8846153846153846,0.2857142857142857,0.9285714285714286,0.0004
932,1.4463145732879639,1.3146836757659912,0.4807692307692308,0.8076923076923077,0.5,0.7857142857142857,0.0004
933,1.433370292186737,1.334467887878418,0.46153846153846156,0.7884615384615384,0.42857142857142855,0.8571428571428571,0.0004
934,1.5087714791297913,1.3442720174789429,0.5576923076923077,0.7884615384615384,0.5,0.7857142857142857,0.0004
935,1.3140960335731506,1.3560266494750977,0.6153846153846154,0.8846153846153846,0.7142857142857143,0.6428571428571429,0.0004
936,1.6052061319351196,1.4359911680221558,0.5384615384615384,0.7692307692307693,0.5714285714285714,0.7857142857142857,0.0004
937,1.6045005321502686,1.3662697076797485,0.4423076923076923,0.7884615384615384,0.6428571428571429,0.7857142857142857,0.0004
938,1.7125906944274902,1.9493415355682373,0.4230769230769231,0.7884615384615384,0.5,0.5714285714285714,0.0004
939,1.5754915475845337,1.2729535102844238,0.5384615384615384,0.75,0.7142857142857143,0.5714285714285714,0.0004
940,1.6745643615722656,1.5360527038574219,0.38461538461538464,0.75,0.5714285714285714,0.7142857142857143,0.0004
941,1.6913220286369324,1.7278555631637573,0.38461538461538464,0.8076923076923077,0.35714285714285715,0.6428571428571429,0.0004
942,1.4303808808326721,1.4293489456176758,0.5,0.7692307692307693,0.6428571428571429,0.5714285714285714,0.0004
943,1.9014617800712585,1.8196732997894287,0.38461538461538464,0.6730769230769231,0.5714285714285714,0.5,0.0004
944,2.2827516198158264,2.0953264236450195,0.36538461538461536,0.6730769230769231,0.5,0.42857142857142855,0.0004
945,2.5727527141571045,2.186511993408203,0.40384615384615385,0.5576923076923077,0.42857142857142855,0.35714285714285715,0.0004
946,2.7122254371643066,2.316208600997925,0.2692307692307692,0.5,0.35714285714285715,0.7857142857142857,0.0004
947,2.0356680154800415,2.0270707607269287,0.2692307692307692,0.7115384615384616,0.35714285714285715,0.8571428571428571,0.0004
948,1.9476345777511597,1.5729955434799194,0.40384615384615385,0.8076923076923077,0.42857142857142855,0.8571428571428571,0.0004
949,1.7456194758415222,1.5085840225219727,0.46153846153846156,0.8269230769230769,0.5,0.8571428571428571,0.0004
950,1.5572700500488281,1.6260685920715332,0.38461538461538464,0.8269230769230769,0.5,0.8571428571428571,0.0004
951,1.6606415510177612,1.6083614826202393,0.38461538461538464,0.8269230769230769,0.42857142857142855,0.8571428571428571,0.0004
952,1.676658809185028,1.5907105207443237,0.4230769230769231,0.8269230769230769,0.2857142857142857,0.8571428571428571,0.0004
953,1.5646132230758667,1.5935239791870117,0.4423076923076923,0.8269230769230769,0.35714285714285715,0.8571428571428571,0.0004
954,1.702818214893341,1.6783232688903809,0.36538461538461536,0.8269230769230769,0.2857142857142857,0.8571428571428571,0.0004
955,1.55857652425766,1.5353078842163086,0.46153846153846156,0.8269230769230769,0.35714285714285715,0.8571428571428571,0.0004
956,1.7412495017051697,1.5254336595535278,0.4230769230769231,0.8269230769230769,0.35714285714285715,0.8571428571428571,0.0004
957,1.587130606174469,1.5675829648971558,0.4230769230769231,0.8269230769230769,0.42857142857142855,0.8571428571428571,0.0004
958,1.6176554560661316,1.510615587234497,0.36538461538461536,0.8269230769230769,0.42857142857142855,0.8571428571428571,0.0004
959,1.611889123916626,1.5039746761322021,0.40384615384615385,0.8269230769230769,0.35714285714285715,0.8571428571428571,0.0004
960,1.7205928564071655,1.5830438137054443,0.36538461538461536,0.8269230769230769,0.2857142857142857,0.8571428571428571,0.0004
961,1.5546581149101257,1.6031272411346436,0.40384615384615385,0.8269230769230769,0.21428571428571427,0.8571428571428571,0.0004
962,1.6176581382751465,1.509169101715088,0.3076923076923077,0.8269230769230769,0.35714285714285715,0.8571428571428571,0.0004
963,1.5709366202354431,1.5377438068389893,0.38461538461538464,0.8269230769230769,0.2857142857142857,0.8571428571428571,0.0004
964,1.6025861501693726,1.5112781524658203,0.36538461538461536,0.8269230769230769,0.2857142857142857,0.8571428571428571,0.0004
965,1.593182921409607,1.5440058708190918,0.40384615384615385,0.8269230769230769,0.35714285714285715,0.8571428571428571,0.0004
966,1.5339395403862,1.5360743999481201,0.4230769230769231,0.8269230769230769,0.2857142857142857,0.8571428571428571,0.0004
967,1.6302756667137146,1.5565577745437622,0.34615384615384615,0.8269230769230769,0.35714285714285715,0.8571428571428571,0.0004
968,1.5065850615501404,1.4889945983886719,0.4807692307692308,0.8269230769230769,0.42857142857142855,0.8571428571428571,0.0004
969,1.5165156126022339,1.5018205642700195,0.36538461538461536,0.8269230769230769,0.35714285714285715,0.8571428571428571,0.0004
970,1.591279685497284,1.421007752418518,0.4230769230769231,0.8269230769230769,0.35714285714285715,0.8571428571428571,0.0004
971,1.5318089723587036,1.3468372821807861,0.40384615384615385,0.8269230769230769,0.42857142857142855,0.8571428571428571,0.0004
972,1.419116735458374,1.3841650485992432,0.5384615384615384,0.8269230769230769,0.35714285714285715,0.8571428571428571,0.0004
973,1.4614156484603882,1.5174870491027832,0.34615384615384615,0.8269230769230769,0.2857142857142857,0.8571428571428571,0.0004
974,1.495021402835846,1.5551834106445312,0.40384615384615385,0.8269230769230769,0.14285714285714285,0.8571428571428571,0.0004
975,1.552403450012207,1.3778620958328247,0.5,0.8269230769230769,0.5,0.8571428571428571,0.0004
976,1.5170310735702515,1.5465657711029053,0.38461538461538464,0.8269230769230769,0.42857142857142855,0.8571428571428571,0.0004
977,1.5671306252479553,1.441598892211914,0.40384615384615385,0.8269230769230769,0.5,0.8571428571428571,0.0004
978,1.4704787731170654,1.4650046825408936,0.4230769230769231,0.8269230769230769,0.35714285714285715,0.8571428571428571,0.0004
979,1.5108070373535156,1.3969547748565674,0.36538461538461536,0.8269230769230769,0.42857142857142855,0.8571428571428571,0.0004
980,1.4652257561683655,1.5683058500289917,0.4807692307692308,0.8269230769230769,0.42857142857142855,0.8571428571428571,0.0004
981,1.4619919061660767,1.5526652336120605,0.4423076923076923,0.8269230769230769,0.2857142857142857,0.8571428571428571,0.0004
982,1.5207624435424805,1.4556865692138672,0.36538461538461536,0.8269230769230769,0.2857142857142857,0.8571428571428571,0.0004
983,1.4792421460151672,1.424530029296875,0.46153846153846156,0.8269230769230769,0.5714285714285714,0.8571428571428571,0.0004
984,1.4979428052902222,1.3776443004608154,0.4423076923076923,0.8269230769230769,0.5,0.8571428571428571,0.0004
985,1.519113302230835,1.4178237915039062,0.38461538461538464,0.8269230769230769,0.42857142857142855,0.8571428571428571,0.0004
986,1.4773263931274414,1.4003911018371582,0.5192307692307693,0.8269230769230769,0.42857142857142855,0.8571428571428571,0.0004
987,1.5388153791427612,1.4253995418548584,0.4807692307692308,0.8269230769230769,0.35714285714285715,0.8571428571428571,0.0004
988,1.5766227841377258,1.3570449352264404,0.4423076923076923,0.8269230769230769,0.5,0.8571428571428571,0.0004
989,1.5673604011535645,1.371053695678711,0.36538461538461536,0.8269230769230769,0.35714285714285715,0.8571428571428571,0.0004
990,1.5479771494865417,1.3411123752593994,0.38461538461538464,0.8269230769230769,0.5,0.8571428571428571,0.0004
991,1.4854366183280945,1.4301385879516602,0.34615384615384615,0.8269230769230769,0.42857142857142855,0.8571428571428571,0.0004
992,1.3743245601654053,1.4541640281677246,0.5,0.8269230769230769,0.5,0.8571428571428571,0.0004
993,1.4532554149627686,1.434898853302002,0.5,0.8269230769230769,0.42857142857142855,0.8571428571428571,0.0004
994,1.4942016005516052,1.3863182067871094,0.5,0.8269230769230769,0.5,0.8571428571428571,0.0004
995,1.5844550728797913,1.4390143156051636,0.4230769230769231,0.8269230769230769,0.35714285714285715,0.8571428571428571,0.0004
996,1.5397034883499146,1.4080336093902588,0.5192307692307693,0.8269230769230769,0.2857142857142857,0.8571428571428571,0.0004
997,1.5949548482894897,1.4059746265411377,0.3269230769230769,0.8269230769230769,0.5714285714285714,0.8571428571428571,0.0004
998,1.6856184005737305,1.519909143447876,0.38461538461538464,0.8269230769230769,0.42857142857142855,0.8571428571428571,0.0004
999,1.665603756904602,1.5200769901275635,0.34615384615384615,0.8269230769230769,0.42857142857142855,0.8571428571428571,0.0004
1000,1.627509891986847,1.4277641773223877,0.36538461538461536,0.8269230769230769,0.5,0.8571428571428571,0.0004
