epoch,train_loss,val_loss,train_acc_action,train_acc_status,val_acc_action,val_acc_status,learning_rate
1,1.746532678604126,1.7355728149414062,0.3269230769230769,0.8269230769230769,0.35714285714285715,0.8571428571428571,0.0004
2,1.7434074878692627,1.7266713380813599,0.3269230769230769,0.8269230769230769,0.35714285714285715,0.8571428571428571,0.0004
3,1.7319452166557312,1.7180025577545166,0.3269230769230769,0.8269230769230769,0.35714285714285715,0.8571428571428571,0.0004
4,1.7198894023895264,1.70823335647583,0.3269230769230769,0.8269230769230769,0.35714285714285715,0.8571428571428571,0.0004
5,1.715959370136261,1.6952414512634277,0.3269230769230769,0.8269230769230769,0.35714285714285715,0.8571428571428571,0.0004
6,1.7002830505371094,1.6760634183883667,0.3269230769230769,0.8269230769230769,0.35714285714285715,0.8571428571428571,0.0004
7,1.6938121914863586,1.6475555896759033,0.3269230769230769,0.8269230769230769,0.35714285714285715,0.8571428571428571,0.0004
8,1.65785413980484,1.6071059703826904,0.3269230769230769,0.8269230769230769,0.35714285714285715,0.8571428571428571,0.0004
9,1.6261388063430786,1.5498287677764893,0.3269230769230769,0.8269230769230769,0.35714285714285715,0.8571428571428571,0.0004
10,1.5934604406356812,1.5006802082061768,0.3269230769230769,0.8269230769230769,0.35714285714285715,0.8571428571428571,0.0004
11,1.5663838386535645,1.4832651615142822,0.3269230769230769,0.8269230769230769,0.35714285714285715,0.8571428571428571,0.0004
12,1.5806323885917664,1.4802467823028564,0.2692307692307692,0.8269230769230769,0.42857142857142855,0.8571428571428571,0.0004
13,1.5588200688362122,1.4856452941894531,0.3076923076923077,0.8269230769230769,0.42857142857142855,0.8571428571428571,0.0004
14,1.5442792773246765,1.496679663658142,0.3076923076923077,0.8269230769230769,0.42857142857142855,0.8571428571428571,0.0004
15,1.5795671939849854,1.5097545385360718,0.3076923076923077,0.8269230769230769,0.42857142857142855,0.8571428571428571,0.0004
16,1.5762740969657898,1.5218029022216797,0.3076923076923077,0.8269230769230769,0.21428571428571427,0.8571428571428571,0.0004
17,1.613654613494873,1.5326701402664185,0.36538461538461536,0.8269230769230769,0.21428571428571427,0.8571428571428571,0.0004
18,1.5555717945098877,1.5399210453033447,0.36538461538461536,0.8269230769230769,0.21428571428571427,0.8571428571428571,0.0004
19,1.5530739426612854,1.5448050498962402,0.36538461538461536,0.8269230769230769,0.21428571428571427,0.8571428571428571,0.0004
20,1.5467880368232727,1.5482069253921509,0.36538461538461536,0.8269230769230769,0.21428571428571427,0.8571428571428571,0.0004
21,1.541003406047821,1.548814058303833,0.36538461538461536,0.8269230769230769,0.21428571428571427,0.8571428571428571,0.0004
22,1.5553767085075378,1.5487957000732422,0.36538461538461536,0.8269230769230769,0.21428571428571427,0.8571428571428571,0.0004
23,1.534448266029358,1.54861319065094,0.36538461538461536,0.8269230769230769,0.21428571428571427,0.8571428571428571,0.0004
24,1.5604851245880127,1.548506498336792,0.36538461538461536,0.8269230769230769,0.21428571428571427,0.8571428571428571,0.0004
25,1.5664710998535156,1.5487921237945557,0.36538461538461536,0.8269230769230769,0.21428571428571427,0.8571428571428571,0.0004
26,1.5659723281860352,1.5488636493682861,0.36538461538461536,0.8269230769230769,0.21428571428571427,0.8571428571428571,0.0004
27,1.5914502143859863,1.5491955280303955,0.36538461538461536,0.8269230769230769,0.21428571428571427,0.8571428571428571,0.0004
28,1.5559039115905762,1.5477674007415771,0.36538461538461536,0.8269230769230769,0.21428571428571427,0.8571428571428571,0.0004
29,1.5962637662887573,1.5466524362564087,0.36538461538461536,0.8269230769230769,0.21428571428571427,0.8571428571428571,0.0004
30,1.566444456577301,1.544830322265625,0.36538461538461536,0.8269230769230769,0.21428571428571427,0.8571428571428571,0.0004
31,1.5389366149902344,1.5434848070144653,0.36538461538461536,0.8269230769230769,0.21428571428571427,0.8571428571428571,0.0004
32,1.555108666419983,1.5421518087387085,0.36538461538461536,0.8269230769230769,0.21428571428571427,0.8571428571428571,0.0004
33,1.5837690234184265,1.5406534671783447,0.36538461538461536,0.8269230769230769,0.21428571428571427,0.8571428571428571,0.0004
34,1.5479174852371216,1.5386054515838623,0.36538461538461536,0.8269230769230769,0.21428571428571427,0.8571428571428571,0.0004
35,1.5622856616973877,1.537013292312622,0.36538461538461536,0.8269230769230769,0.21428571428571427,0.8571428571428571,0.0004
36,1.5536930561065674,1.5362145900726318,0.36538461538461536,0.8269230769230769,0.21428571428571427,0.8571428571428571,0.0004
37,1.5649374127388,1.5341577529907227,0.36538461538461536,0.8269230769230769,0.21428571428571427,0.8571428571428571,0.0004
38,1.5658032894134521,1.5328235626220703,0.36538461538461536,0.8269230769230769,0.21428571428571427,0.8571428571428571,0.0004
39,1.5912586450576782,1.53066086769104,0.36538461538461536,0.8269230769230769,0.21428571428571427,0.8571428571428571,0.0004
40,1.564210057258606,1.5300947427749634,0.36538461538461536,0.8269230769230769,0.21428571428571427,0.8571428571428571,0.0004
41,1.5647781491279602,1.5295894145965576,0.36538461538461536,0.8269230769230769,0.21428571428571427,0.8571428571428571,0.0004
42,1.5367194414138794,1.5288896560668945,0.36538461538461536,0.8269230769230769,0.21428571428571427,0.8571428571428571,0.0004
43,1.5659400820732117,1.5283892154693604,0.36538461538461536,0.8269230769230769,0.21428571428571427,0.8571428571428571,0.0004
44,1.5227648615837097,1.5274044275283813,0.36538461538461536,0.8269230769230769,0.21428571428571427,0.8571428571428571,0.0004
45,1.564755141735077,1.5270756483078003,0.36538461538461536,0.8269230769230769,0.21428571428571427,0.8571428571428571,0.0004
46,1.564647376537323,1.5267324447631836,0.36538461538461536,0.8269230769230769,0.21428571428571427,0.8571428571428571,0.0004
47,1.5647889375686646,1.5265778303146362,0.36538461538461536,0.8269230769230769,0.21428571428571427,0.8571428571428571,0.0004
48,1.553897202014923,1.5266704559326172,0.36538461538461536,0.8269230769230769,0.21428571428571427,0.8571428571428571,0.0004
49,1.5646603107452393,1.5263903141021729,0.36538461538461536,0.8269230769230769,0.21428571428571427,0.8571428571428571,0.0004
50,1.5376351475715637,1.5260552167892456,0.36538461538461536,0.8269230769230769,0.21428571428571427,0.8571428571428571,0.0004
51,1.5651189088821411,1.5257012844085693,0.36538461538461536,0.8269230769230769,0.21428571428571427,0.8571428571428571,0.0004
52,1.5376885533332825,1.5257667303085327,0.36538461538461536,0.8269230769230769,0.21428571428571427,0.8571428571428571,0.0004
53,1.5822396874427795,1.5251710414886475,0.36538461538461536,0.8269230769230769,0.21428571428571427,0.8571428571428571,0.0004
54,1.5976688861846924,1.5254467725753784,0.36538461538461536,0.8269230769230769,0.21428571428571427,0.8571428571428571,0.0004
55,1.5344595909118652,1.524811029434204,0.36538461538461536,0.8269230769230769,0.21428571428571427,0.8571428571428571,0.0004
56,1.5809831023216248,1.5249626636505127,0.36538461538461536,0.8269230769230769,0.21428571428571427,0.8571428571428571,0.0004
57,1.5637452602386475,1.5251851081848145,0.36538461538461536,0.8269230769230769,0.21428571428571427,0.8571428571428571,0.0004
58,1.52265202999115,1.5258750915527344,0.36538461538461536,0.8269230769230769,0.21428571428571427,0.8571428571428571,0.0004
59,1.5361526012420654,1.5270581245422363,0.36538461538461536,0.8269230769230769,0.21428571428571427,0.8571428571428571,0.0004
60,1.55132395029068,1.5271116495132446,0.36538461538461536,0.8269230769230769,0.21428571428571427,0.8571428571428571,0.0004
61,1.550151288509369,1.5281386375427246,0.36538461538461536,0.8269230769230769,0.21428571428571427,0.8571428571428571,0.0004
62,1.5547807216644287,1.5294489860534668,0.36538461538461536,0.8269230769230769,0.21428571428571427,0.8571428571428571,0.0004
63,1.5373232960700989,1.5293664932250977,0.36538461538461536,0.8269230769230769,0.21428571428571427,0.8571428571428571,0.0004
64,1.5236530900001526,1.5297293663024902,0.36538461538461536,0.8269230769230769,0.21428571428571427,0.8571428571428571,0.0004
65,1.5627564787864685,1.529329776763916,0.36538461538461536,0.8269230769230769,0.21428571428571427,0.8571428571428571,0.0004
66,1.5355703234672546,1.529008150100708,0.36538461538461536,0.8269230769230769,0.21428571428571427,0.8571428571428571,0.0004
67,1.5989165902137756,1.5295169353485107,0.36538461538461536,0.8269230769230769,0.21428571428571427,0.8571428571428571,0.0004
68,1.553118109703064,1.529137372970581,0.36538461538461536,0.8269230769230769,0.21428571428571427,0.8571428571428571,0.0004
69,1.5643840432167053,1.5282354354858398,0.36538461538461536,0.8269230769230769,0.21428571428571427,0.8571428571428571,0.0004
70,1.5358202457427979,1.5274584293365479,0.36538461538461536,0.8269230769230769,0.21428571428571427,0.8571428571428571,0.0004
71,1.5347537994384766,1.526821494102478,0.36538461538461536,0.8269230769230769,0.21428571428571427,0.8571428571428571,0.0004
72,1.5342900156974792,1.5268934965133667,0.36538461538461536,0.8269230769230769,0.21428571428571427,0.8571428571428571,0.0004
73,1.564721941947937,1.5268959999084473,0.36538461538461536,0.8269230769230769,0.21428571428571427,0.8571428571428571,0.0004
74,1.5353140234947205,1.5267243385314941,0.36538461538461536,0.8269230769230769,0.21428571428571427,0.8571428571428571,0.0004
75,1.548277497291565,1.527017593383789,0.36538461538461536,0.8269230769230769,0.21428571428571427,0.8571428571428571,0.0004
76,1.551988124847412,1.5268621444702148,0.36538461538461536,0.8269230769230769,0.21428571428571427,0.8571428571428571,0.0004
77,1.5870991349220276,1.527588963508606,0.36538461538461536,0.8269230769230769,0.21428571428571427,0.8571428571428571,0.0004
78,1.5684719681739807,1.5272654294967651,0.36538461538461536,0.8269230769230769,0.21428571428571427,0.8571428571428571,0.0004
79,1.5955134630203247,1.5268044471740723,0.36538461538461536,0.8269230769230769,0.21428571428571427,0.8571428571428571,0.0004
80,1.551151156425476,1.5265002250671387,0.36538461538461536,0.8269230769230769,0.21428571428571427,0.8571428571428571,0.0004
81,1.5494760274887085,1.5262633562088013,0.36538461538461536,0.8269230769230769,0.21428571428571427,0.8571428571428571,0.0004
82,1.5063775181770325,1.5267585515975952,0.36538461538461536,0.8269230769230769,0.21428571428571427,0.8571428571428571,0.0004
83,1.549341082572937,1.527209758758545,0.36538461538461536,0.8269230769230769,0.21428571428571427,0.8571428571428571,0.0004
84,1.5352508425712585,1.5277154445648193,0.36538461538461536,0.8269230769230769,0.21428571428571427,0.8571428571428571,0.0004
85,1.5339242815971375,1.528854489326477,0.36538461538461536,0.8269230769230769,0.21428571428571427,0.8571428571428571,0.0004
86,1.5644947290420532,1.530597448348999,0.36538461538461536,0.8269230769230769,0.21428571428571427,0.8571428571428571,0.0004
87,1.5657662153244019,1.5306675434112549,0.36538461538461536,0.8269230769230769,0.21428571428571427,0.8571428571428571,0.0004
88,1.5793464183807373,1.5317156314849854,0.36538461538461536,0.8269230769230769,0.21428571428571427,0.8571428571428571,0.0004
89,1.548567295074463,1.5325199365615845,0.36538461538461536,0.8269230769230769,0.21428571428571427,0.8571428571428571,0.0004
90,1.566264808177948,1.533718228340149,0.36538461538461536,0.8269230769230769,0.21428571428571427,0.8571428571428571,0.0004
91,1.5664209723472595,1.5344996452331543,0.36538461538461536,0.8269230769230769,0.21428571428571427,0.8571428571428571,0.0004
92,1.5348171591758728,1.5344407558441162,0.36538461538461536,0.8269230769230769,0.21428571428571427,0.8571428571428571,0.0004
93,1.5789834856987,1.534390926361084,0.36538461538461536,0.8269230769230769,0.21428571428571427,0.8571428571428571,0.0004
94,1.5361205339431763,1.5356974601745605,0.36538461538461536,0.8269230769230769,0.21428571428571427,0.8571428571428571,0.0004
95,1.578961968421936,1.5343291759490967,0.36538461538461536,0.8269230769230769,0.21428571428571427,0.8571428571428571,0.0004
96,1.5227795839309692,1.5347658395767212,0.36538461538461536,0.8269230769230769,0.21428571428571427,0.8571428571428571,0.0004
97,1.5655699372291565,1.534674048423767,0.36538461538461536,0.8269230769230769,0.21428571428571427,0.8571428571428571,0.0004
98,1.5468801856040955,1.5348039865493774,0.36538461538461536,0.8269230769230769,0.21428571428571427,0.8571428571428571,0.0004
99,1.5934086441993713,1.5353498458862305,0.36538461538461536,0.8269230769230769,0.21428571428571427,0.8571428571428571,0.0004
100,1.5351346731185913,1.5350550413131714,0.36538461538461536,0.8269230769230769,0.21428571428571427,0.8571428571428571,0.0004
101,1.5839431285858154,1.535494089126587,0.36538461538461536,0.8269230769230769,0.21428571428571427,0.8571428571428571,0.0004
102,1.547260344028473,1.5366631746292114,0.36538461538461536,0.8269230769230769,0.21428571428571427,0.8571428571428571,0.0004
103,1.5527414679527283,1.5357452630996704,0.36538461538461536,0.8269230769230769,0.21428571428571427,0.8571428571428571,0.0004
104,1.5842173099517822,1.536717414855957,0.36538461538461536,0.8269230769230769,0.21428571428571427,0.8571428571428571,0.0004
105,1.5342113971710205,1.534938097000122,0.36538461538461536,0.8269230769230769,0.21428571428571427,0.8571428571428571,0.0004
106,1.546429693698883,1.53178870677948,0.36538461538461536,0.8269230769230769,0.21428571428571427,0.8571428571428571,0.0004
107,1.5471998453140259,1.5311787128448486,0.36538461538461536,0.8269230769230769,0.21428571428571427,0.8571428571428571,0.0004
108,1.5463922023773193,1.5329344272613525,0.36538461538461536,0.8269230769230769,0.21428571428571427,0.8571428571428571,0.0004
109,1.5465256571769714,1.5334134101867676,0.36538461538461536,0.8269230769230769,0.21428571428571427,0.8571428571428571,0.0004
110,1.545315146446228,1.5360386371612549,0.36538461538461536,0.8269230769230769,0.21428571428571427,0.8571428571428571,0.0004
111,1.6324039697647095,1.5351593494415283,0.36538461538461536,0.8269230769230769,0.21428571428571427,0.8571428571428571,0.0004
112,1.5754754543304443,1.5371410846710205,0.36538461538461536,0.8269230769230769,0.21428571428571427,0.8571428571428571,0.0004
113,1.5607585310935974,1.5369501113891602,0.36538461538461536,0.8269230769230769,0.21428571428571427,0.8571428571428571,0.0004
114,1.5595312714576721,1.5376619100570679,0.36538461538461536,0.8269230769230769,0.21428571428571427,0.8571428571428571,0.0004
115,1.547564148902893,1.5377051830291748,0.36538461538461536,0.8269230769230769,0.21428571428571427,0.8571428571428571,0.0004
116,1.533821940422058,1.542101502418518,0.36538461538461536,0.8269230769230769,0.21428571428571427,0.8571428571428571,0.0004
117,1.5927565097808838,1.5433199405670166,0.36538461538461536,0.8269230769230769,0.21428571428571427,0.8571428571428571,0.0004
118,1.5969284772872925,1.5419292449951172,0.36538461538461536,0.8269230769230769,0.21428571428571427,0.8571428571428571,0.0004
119,1.5470041036605835,1.5401911735534668,0.38461538461538464,0.8269230769230769,0.2857142857142857,0.8571428571428571,0.0004
120,1.5595789551734924,1.5478366613388062,0.4230769230769231,0.8269230769230769,0.21428571428571427,0.8571428571428571,0.0004
121,1.5161009430885315,1.5497663021087646,0.38461538461538464,0.8269230769230769,0.21428571428571427,0.8571428571428571,0.0004
122,1.533216655254364,1.5435187816619873,0.36538461538461536,0.8269230769230769,0.21428571428571427,0.8571428571428571,0.0004
123,1.5416921377182007,1.5506151914596558,0.36538461538461536,0.8269230769230769,0.21428571428571427,0.8571428571428571,0.0004
124,1.5274624824523926,1.5622425079345703,0.36538461538461536,0.8269230769230769,0.21428571428571427,0.8571428571428571,0.0004
125,1.5470681190490723,1.5420281887054443,0.40384615384615385,0.8269230769230769,0.21428571428571427,0.8571428571428571,0.0004
126,1.544992208480835,1.544213891029358,0.38461538461538464,0.8269230769230769,0.2857142857142857,0.8571428571428571,0.0004
127,1.5544685125350952,1.5490325689315796,0.4230769230769231,0.8269230769230769,0.21428571428571427,0.8571428571428571,0.0004
128,1.583055019378662,1.5527219772338867,0.5,0.8269230769230769,0.21428571428571427,0.8571428571428571,0.0004
129,1.5590280890464783,1.554879069328308,0.46153846153846156,0.8269230769230769,0.21428571428571427,0.8571428571428571,0.0004
130,1.5705870985984802,1.5340111255645752,0.38461538461538464,0.8269230769230769,0.2857142857142857,0.8571428571428571,0.0004
131,1.5532485842704773,1.5524070262908936,0.40384615384615385,0.8269230769230769,0.21428571428571427,0.8571428571428571,0.0004
132,1.5434818267822266,1.5449364185333252,0.4230769230769231,0.8269230769230769,0.35714285714285715,0.8571428571428571,0.0004
133,1.5042728185653687,1.5339653491973877,0.34615384615384615,0.8269230769230769,0.2857142857142857,0.8571428571428571,0.0004
134,1.5834630131721497,1.5095481872558594,0.3076923076923077,0.8269230769230769,0.35714285714285715,0.8571428571428571,0.0004
135,1.585176169872284,1.5079565048217773,0.3269230769230769,0.8269230769230769,0.35714285714285715,0.8571428571428571,0.0004
136,1.6112914085388184,1.5082989931106567,0.3269230769230769,0.8269230769230769,0.35714285714285715,0.8571428571428571,0.0004
137,1.556459903717041,1.5102016925811768,0.3269230769230769,0.8269230769230769,0.21428571428571427,0.8571428571428571,0.0004
138,1.5351228713989258,1.5139390230178833,0.40384615384615385,0.8269230769230769,0.21428571428571427,0.8571428571428571,0.0004
139,1.5366858839988708,1.5197765827178955,0.36538461538461536,0.8269230769230769,0.21428571428571427,0.8571428571428571,0.0004
140,1.5552754998207092,1.5272808074951172,0.36538461538461536,0.8269230769230769,0.21428571428571427,0.8571428571428571,0.0004
141,1.6353015899658203,1.534238338470459,0.36538461538461536,0.8269230769230769,0.21428571428571427,0.8571428571428571,0.0004
142,1.5556581616401672,1.538650631904602,0.36538461538461536,0.8269230769230769,0.21428571428571427,0.8571428571428571,0.0004
143,1.5533658862113953,1.5408402681350708,0.36538461538461536,0.8269230769230769,0.21428571428571427,0.8571428571428571,0.0004
144,1.5572234392166138,1.5422756671905518,0.36538461538461536,0.8269230769230769,0.21428571428571427,0.8571428571428571,0.0004
145,1.5995140075683594,1.5415962934494019,0.36538461538461536,0.8269230769230769,0.21428571428571427,0.8571428571428571,0.0004
146,1.5796954035758972,1.5410563945770264,0.36538461538461536,0.8269230769230769,0.21428571428571427,0.8571428571428571,0.0004
147,1.6131183505058289,1.5400570631027222,0.36538461538461536,0.8269230769230769,0.21428571428571427,0.8571428571428571,0.0004
148,1.5513033270835876,1.5388274192810059,0.36538461538461536,0.8269230769230769,0.21428571428571427,0.8571428571428571,0.0004
149,1.5664572715759277,1.5379602909088135,0.36538461538461536,0.8269230769230769,0.21428571428571427,0.8571428571428571,0.0004
150,1.5768526792526245,1.5377955436706543,0.36538461538461536,0.8269230769230769,0.21428571428571427,0.8571428571428571,0.0004
151,1.5475136041641235,1.5379047393798828,0.36538461538461536,0.8269230769230769,0.21428571428571427,0.8571428571428571,0.0004
152,1.5650538206100464,1.5375194549560547,0.40384615384615385,0.8269230769230769,0.35714285714285715,0.8571428571428571,0.0004
153,1.5784618854522705,1.5386675596237183,0.3269230769230769,0.8269230769230769,0.35714285714285715,0.8571428571428571,0.0004
154,1.5689762830734253,1.538743257522583,0.3269230769230769,0.8269230769230769,0.35714285714285715,0.8571428571428571,0.0004
155,1.5654510855674744,1.5383086204528809,0.3269230769230769,0.8269230769230769,0.35714285714285715,0.8571428571428571,0.0004
156,1.5605488419532776,1.539052128791809,0.3269230769230769,0.8269230769230769,0.35714285714285715,0.8571428571428571,0.0004
157,1.5686988234519958,1.5401700735092163,0.3269230769230769,0.8269230769230769,0.35714285714285715,0.8571428571428571,0.0004
158,1.5811281204223633,1.539703607559204,0.3269230769230769,0.8269230769230769,0.35714285714285715,0.8571428571428571,0.0004
159,1.5470706224441528,1.5391442775726318,0.3269230769230769,0.8269230769230769,0.21428571428571427,0.8571428571428571,0.0004
160,1.5502575635910034,1.5409271717071533,0.38461538461538464,0.8269230769230769,0.21428571428571427,0.8571428571428571,0.0004
161,1.5713965892791748,1.5413347482681274,0.36538461538461536,0.8269230769230769,0.21428571428571427,0.8571428571428571,0.0004
162,1.5464059710502625,1.5425924062728882,0.36538461538461536,0.8269230769230769,0.21428571428571427,0.8571428571428571,0.0004
163,1.5678009986877441,1.543136477470398,0.36538461538461536,0.8269230769230769,0.21428571428571427,0.8571428571428571,0.0004
164,1.5516695380210876,1.54340398311615,0.36538461538461536,0.8269230769230769,0.21428571428571427,0.8571428571428571,0.0004
165,1.5304853320121765,1.5431981086730957,0.36538461538461536,0.8269230769230769,0.21428571428571427,0.8571428571428571,0.0004
166,1.5502760410308838,1.544769048690796,0.36538461538461536,0.8269230769230769,0.21428571428571427,0.8571428571428571,0.0004
167,1.5472649931907654,1.5422592163085938,0.36538461538461536,0.8269230769230769,0.21428571428571427,0.8571428571428571,0.0004
168,1.5687313675880432,1.5424244403839111,0.36538461538461536,0.8269230769230769,0.21428571428571427,0.8571428571428571,0.0004
169,1.5779773592948914,1.5424096584320068,0.36538461538461536,0.8269230769230769,0.21428571428571427,0.8571428571428571,0.0004
170,1.5200685858726501,1.541367530822754,0.36538461538461536,0.8269230769230769,0.21428571428571427,0.8571428571428571,0.0004
171,1.548683524131775,1.5395654439926147,0.36538461538461536,0.8269230769230769,0.21428571428571427,0.8571428571428571,0.0004
172,1.5653249621391296,1.5397772789001465,0.36538461538461536,0.8269230769230769,0.21428571428571427,0.8571428571428571,0.0004
173,1.5842968225479126,1.5377031564712524,0.36538461538461536,0.8269230769230769,0.21428571428571427,0.8571428571428571,0.0004
174,1.561937928199768,1.5365829467773438,0.36538461538461536,0.8269230769230769,0.21428571428571427,0.8571428571428571,0.0004
175,1.5705753564834595,1.5373387336730957,0.36538461538461536,0.8269230769230769,0.21428571428571427,0.8571428571428571,0.0004
176,1.5789300203323364,1.535465955734253,0.36538461538461536,0.8269230769230769,0.21428571428571427,0.8571428571428571,0.0004
177,1.5177291631698608,1.5347812175750732,0.36538461538461536,0.8269230769230769,0.21428571428571427,0.8571428571428571,0.0004
178,1.5459921956062317,1.5336190462112427,0.36538461538461536,0.8269230769230769,0.21428571428571427,0.8571428571428571,0.0004
179,1.533263385295868,1.534096121788025,0.36538461538461536,0.8269230769230769,0.21428571428571427,0.8571428571428571,0.0004
180,1.543894112110138,1.532650113105774,0.36538461538461536,0.8269230769230769,0.21428571428571427,0.8571428571428571,0.0004
181,1.580293357372284,1.5355204343795776,0.36538461538461536,0.8269230769230769,0.21428571428571427,0.8571428571428571,0.0004
182,1.5693251490592957,1.5332255363464355,0.36538461538461536,0.8269230769230769,0.21428571428571427,0.8571428571428571,0.0004
183,1.577816903591156,1.536510944366455,0.36538461538461536,0.8269230769230769,0.21428571428571427,0.8571428571428571,0.0004
184,1.5346078872680664,1.5350673198699951,0.36538461538461536,0.8269230769230769,0.21428571428571427,0.8571428571428571,0.0004
185,1.550328016281128,1.5378355979919434,0.36538461538461536,0.8269230769230769,0.21428571428571427,0.8571428571428571,0.0004
186,1.544747531414032,1.5340526103973389,0.36538461538461536,0.8269230769230769,0.21428571428571427,0.8571428571428571,0.0004
187,1.5636033415794373,1.5371122360229492,0.36538461538461536,0.8269230769230769,0.21428571428571427,0.8571428571428571,0.0004
188,1.5378004908561707,1.5368343591690063,0.36538461538461536,0.8269230769230769,0.21428571428571427,0.8571428571428571,0.0004
189,1.533010721206665,1.536733865737915,0.36538461538461536,0.8269230769230769,0.21428571428571427,0.8571428571428571,0.0004
190,1.550163447856903,1.5383212566375732,0.36538461538461536,0.8269230769230769,0.21428571428571427,0.8571428571428571,0.0004
191,1.5477076768875122,1.5380524396896362,0.36538461538461536,0.8269230769230769,0.21428571428571427,0.8571428571428571,0.0004
192,1.5612667202949524,1.5364028215408325,0.36538461538461536,0.8269230769230769,0.21428571428571427,0.8571428571428571,0.0004
193,1.5330073833465576,1.5363330841064453,0.36538461538461536,0.8269230769230769,0.21428571428571427,0.8571428571428571,0.0004
194,1.5374785661697388,1.5344891548156738,0.36538461538461536,0.8269230769230769,0.21428571428571427,0.8571428571428571,0.0004
195,1.5501061081886292,1.5349466800689697,0.36538461538461536,0.8269230769230769,0.21428571428571427,0.8571428571428571,0.0004
196,1.5191888213157654,1.5344114303588867,0.36538461538461536,0.8269230769230769,0.21428571428571427,0.8571428571428571,0.0004
197,1.564409077167511,1.5376029014587402,0.36538461538461536,0.8269230769230769,0.21428571428571427,0.8571428571428571,0.0004
198,1.5779751539230347,1.5401750802993774,0.36538461538461536,0.8269230769230769,0.21428571428571427,0.8571428571428571,0.0004
199,1.5317610502243042,1.5411663055419922,0.36538461538461536,0.8269230769230769,0.21428571428571427,0.8571428571428571,0.0004
200,1.5314723253250122,1.5408611297607422,0.36538461538461536,0.8269230769230769,0.21428571428571427,0.8571428571428571,0.0004
201,1.5488800406455994,1.5401980876922607,0.36538461538461536,0.8269230769230769,0.21428571428571427,0.8571428571428571,0.0004
202,1.538925588130951,1.5390816926956177,0.36538461538461536,0.8269230769230769,0.21428571428571427,0.8571428571428571,0.0004
203,1.5407882928848267,1.5431294441223145,0.36538461538461536,0.8269230769230769,0.21428571428571427,0.8571428571428571,0.0004
204,1.548524260520935,1.5340068340301514,0.36538461538461536,0.8269230769230769,0.21428571428571427,0.8571428571428571,0.0004
205,1.5450994372367859,1.543510913848877,0.36538461538461536,0.8269230769230769,0.21428571428571427,0.8571428571428571,0.0004
206,1.559447705745697,1.5305593013763428,0.36538461538461536,0.8269230769230769,0.21428571428571427,0.8571428571428571,0.0004
207,1.563256323337555,1.531104564666748,0.36538461538461536,0.8269230769230769,0.21428571428571427,0.8571428571428571,0.0004
208,1.5089482069015503,1.539710521697998,0.36538461538461536,0.8269230769230769,0.21428571428571427,0.8571428571428571,0.0004
209,1.564536690711975,1.534853219985962,0.36538461538461536,0.8269230769230769,0.21428571428571427,0.8571428571428571,0.0004
210,1.5557286143302917,1.5383503437042236,0.36538461538461536,0.8269230769230769,0.21428571428571427,0.8571428571428571,0.0004
211,1.5457729697227478,1.5433491468429565,0.36538461538461536,0.8269230769230769,0.21428571428571427,0.8571428571428571,0.0004
212,1.5327637791633606,1.5398266315460205,0.36538461538461536,0.8269230769230769,0.21428571428571427,0.8571428571428571,0.0004
213,1.5705710053443909,1.5434904098510742,0.36538461538461536,0.8269230769230769,0.21428571428571427,0.8571428571428571,0.0004
214,1.5458871722221375,1.5334532260894775,0.38461538461538464,0.8269230769230769,0.14285714285714285,0.8571428571428571,0.0004
215,1.5773029923439026,1.5346778631210327,0.4423076923076923,0.8269230769230769,0.2857142857142857,0.8571428571428571,0.0004
216,1.5521096587181091,1.530767798423767,0.4230769230769231,0.8269230769230769,0.35714285714285715,0.8571428571428571,0.0004
217,1.576558232307434,1.5431160926818848,0.3076923076923077,0.8269230769230769,0.21428571428571427,0.8571428571428571,0.0004
218,1.5576935410499573,1.5392367839813232,0.36538461538461536,0.8269230769230769,0.21428571428571427,0.8571428571428571,0.0004
219,1.546775996685028,1.5458368062973022,0.38461538461538464,0.8269230769230769,0.21428571428571427,0.8571428571428571,0.0004
220,1.5484092831611633,1.5449203252792358,0.36538461538461536,0.8269230769230769,0.21428571428571427,0.8571428571428571,0.0004
221,1.513315498828888,1.5479711294174194,0.40384615384615385,0.8269230769230769,0.21428571428571427,0.8571428571428571,0.0004
222,1.5380516052246094,1.5300462245941162,0.38461538461538464,0.8269230769230769,0.2857142857142857,0.8571428571428571,0.0004
223,1.5800814628601074,1.5423505306243896,0.2692307692307692,0.8269230769230769,0.21428571428571427,0.8571428571428571,0.0004
224,1.5249634385108948,1.5389602184295654,0.28846153846153844,0.8269230769230769,0.21428571428571427,0.8571428571428571,0.0004
225,1.5252709984779358,1.5420632362365723,0.40384615384615385,0.8269230769230769,0.42857142857142855,0.8571428571428571,0.0004
226,1.5423807501792908,1.5579566955566406,0.4230769230769231,0.8269230769230769,0.2857142857142857,0.8571428571428571,0.0004
227,1.5759671926498413,1.5521069765090942,0.4423076923076923,0.8269230769230769,0.21428571428571427,0.8571428571428571,0.0004
228,1.5531132221221924,1.5419422388076782,0.40384615384615385,0.8269230769230769,0.21428571428571427,0.8571428571428571,0.0004
229,1.5214251279830933,1.5523017644882202,0.40384615384615385,0.8269230769230769,0.2857142857142857,0.8571428571428571,0.0004
230,1.5190918445587158,1.5701533555984497,0.46153846153846156,0.8269230769230769,0.21428571428571427,0.8571428571428571,0.0004
231,1.5732699632644653,1.5550510883331299,0.40384615384615385,0.8269230769230769,0.21428571428571427,0.8571428571428571,0.0004
232,1.5710342526435852,1.564941167831421,0.38461538461538464,0.8269230769230769,0.21428571428571427,0.8571428571428571,0.0004
233,1.5355421900749207,1.5640202760696411,0.36538461538461536,0.8269230769230769,0.21428571428571427,0.8571428571428571,0.0004
234,1.54228937625885,1.5627014636993408,0.40384615384615385,0.8269230769230769,0.35714285714285715,0.8571428571428571,0.0004
235,1.5114284753799438,1.5478134155273438,0.4230769230769231,0.8269230769230769,0.14285714285714285,0.8571428571428571,0.0004
236,1.5332255363464355,1.589730978012085,0.4230769230769231,0.8269230769230769,0.21428571428571427,0.8571428571428571,0.0004
237,1.5206478834152222,1.5883272886276245,0.4423076923076923,0.8269230769230769,0.21428571428571427,0.8571428571428571,0.0004
238,1.521746277809143,1.5879398584365845,0.40384615384615385,0.8269230769230769,0.2857142857142857,0.8571428571428571,0.0004
239,1.5336939096450806,1.6030926704406738,0.4423076923076923,0.8269230769230769,0.21428571428571427,0.8571428571428571,0.0004
240,1.5346064567565918,1.5642669200897217,0.4230769230769231,0.8269230769230769,0.2857142857142857,0.8571428571428571,0.0004
241,1.5493361949920654,1.5962700843811035,0.4423076923076923,0.8269230769230769,0.21428571428571427,0.8571428571428571,0.0004
242,1.5355949401855469,1.5849130153656006,0.36538461538461536,0.8269230769230769,0.21428571428571427,0.8571428571428571,0.0004
243,1.5638436079025269,1.5733416080474854,0.36538461538461536,0.8269230769230769,0.21428571428571427,0.8571428571428571,0.0004
244,1.5380879640579224,1.5758981704711914,0.36538461538461536,0.8269230769230769,0.21428571428571427,0.8571428571428571,0.0004
245,1.5446081161499023,1.578390121459961,0.36538461538461536,0.8269230769230769,0.21428571428571427,0.8571428571428571,0.0004
246,1.5549779534339905,1.5821034908294678,0.36538461538461536,0.8269230769230769,0.21428571428571427,0.8571428571428571,0.0004
247,1.5736472010612488,1.5951957702636719,0.36538461538461536,0.8269230769230769,0.21428571428571427,0.8571428571428571,0.0004
248,1.5200879573822021,1.6105828285217285,0.36538461538461536,0.8269230769230769,0.21428571428571427,0.8571428571428571,0.0004
249,1.530153214931488,1.557999610900879,0.36538461538461536,0.8269230769230769,0.21428571428571427,0.8571428571428571,0.0004
250,1.545422911643982,1.5692131519317627,0.38461538461538464,0.8269230769230769,0.21428571428571427,0.8571428571428571,0.0004
251,1.535660445690155,1.528527855873108,0.40384615384615385,0.8269230769230769,0.35714285714285715,0.8571428571428571,0.0004
252,1.5526840686798096,1.5718748569488525,0.38461538461538464,0.8269230769230769,0.21428571428571427,0.8571428571428571,0.0004
253,1.5309803485870361,1.5331616401672363,0.4230769230769231,0.8269230769230769,0.2857142857142857,0.8571428571428571,0.0004
254,1.544680118560791,1.544287085533142,0.4230769230769231,0.8269230769230769,0.2857142857142857,0.8571428571428571,0.0004
255,1.5188987851142883,1.5619268417358398,0.40384615384615385,0.8269230769230769,0.21428571428571427,0.8571428571428571,0.0004
256,1.572422206401825,1.5688714981079102,0.36538461538461536,0.8269230769230769,0.21428571428571427,0.8571428571428571,0.0004
257,1.5336323380470276,1.5703625679016113,0.36538461538461536,0.8269230769230769,0.21428571428571427,0.8571428571428571,0.0004
258,1.52541583776474,1.5750852823257446,0.36538461538461536,0.8269230769230769,0.21428571428571427,0.8571428571428571,0.0004
259,1.5491266250610352,1.592118263244629,0.36538461538461536,0.8269230769230769,0.21428571428571427,0.8571428571428571,0.0004
260,1.5184532403945923,1.5761620998382568,0.36538461538461536,0.8269230769230769,0.21428571428571427,0.8571428571428571,0.0004
261,1.5006909370422363,1.574020266532898,0.4230769230769231,0.8269230769230769,0.21428571428571427,0.8571428571428571,0.0004
262,1.5389167070388794,1.594167709350586,0.46153846153846156,0.8269230769230769,0.42857142857142855,0.8571428571428571,0.0004
263,1.4999571442604065,1.5861568450927734,0.5384615384615384,0.8269230769230769,0.2857142857142857,0.8571428571428571,0.0004
264,1.5514008402824402,1.617173433303833,0.40384615384615385,0.8269230769230769,0.2857142857142857,0.8571428571428571,0.0004
265,1.473677933216095,1.5642549991607666,0.5,0.8269230769230769,0.35714285714285715,0.8571428571428571,0.0004
266,1.5198614597320557,1.5331270694732666,0.40384615384615385,0.8269230769230769,0.2857142857142857,0.8571428571428571,0.0004
267,1.5422422885894775,1.546297550201416,0.36538461538461536,0.8269230769230769,0.21428571428571427,0.8571428571428571,0.0004
268,1.5335134863853455,1.5221189260482788,0.38461538461538464,0.8269230769230769,0.2857142857142857,0.8571428571428571,0.0004
269,1.5633367896080017,1.5517823696136475,0.4423076923076923,0.8269230769230769,0.21428571428571427,0.8571428571428571,0.0004
270,1.5870354175567627,1.5505609512329102,0.36538461538461536,0.8269230769230769,0.21428571428571427,0.8571428571428571,0.0004
271,1.5884825587272644,1.5538336038589478,0.36538461538461536,0.8269230769230769,0.21428571428571427,0.8571428571428571,0.0004
272,1.5708998441696167,1.5667237043380737,0.36538461538461536,0.8269230769230769,0.21428571428571427,0.8571428571428571,0.0004
273,1.5787745118141174,1.5591081380844116,0.36538461538461536,0.8269230769230769,0.21428571428571427,0.8571428571428571,0.0004
274,1.520683765411377,1.5635230541229248,0.36538461538461536,0.8269230769230769,0.21428571428571427,0.8571428571428571,0.0004
275,1.5413883924484253,1.5675675868988037,0.36538461538461536,0.8269230769230769,0.21428571428571427,0.8571428571428571,0.0004
276,1.5532608032226562,1.546079158782959,0.36538461538461536,0.8269230769230769,0.21428571428571427,0.8571428571428571,0.0004
277,1.5484910607337952,1.5523762702941895,0.36538461538461536,0.8269230769230769,0.21428571428571427,0.8571428571428571,0.0004
278,1.5553443431854248,1.5450409650802612,0.36538461538461536,0.8269230769230769,0.21428571428571427,0.8571428571428571,0.0004
279,1.5453057289123535,1.5309823751449585,0.38461538461538464,0.8269230769230769,0.2857142857142857,0.8571428571428571,0.0004
280,1.5316673517227173,1.5313539505004883,0.4423076923076923,0.8269230769230769,0.42857142857142855,0.8571428571428571,0.0004
281,1.543325662612915,1.5293376445770264,0.38461538461538464,0.8269230769230769,0.21428571428571427,0.8571428571428571,0.0004
282,1.5432760119438171,1.5377981662750244,0.5,0.8269230769230769,0.14285714285714285,0.8571428571428571,0.0004
283,1.5523950457572937,1.5287649631500244,0.5192307692307693,0.8269230769230769,0.2857142857142857,0.8571428571428571,0.0004
284,1.5268478989601135,1.5326067209243774,0.4230769230769231,0.8269230769230769,0.2857142857142857,0.8571428571428571,0.0004
285,1.5918463468551636,1.5539413690567017,0.36538461538461536,0.8269230769230769,0.2857142857142857,0.8571428571428571,0.0004
286,1.521608054637909,1.5292702913284302,0.4230769230769231,0.8269230769230769,0.35714285714285715,0.8571428571428571,0.0004
287,1.5336992144584656,1.5522141456604004,0.4230769230769231,0.8269230769230769,0.35714285714285715,0.8571428571428571,0.0004
288,1.5511342287063599,1.5374631881713867,0.40384615384615385,0.8269230769230769,0.2857142857142857,0.8571428571428571,0.0004
289,1.5540980100631714,1.4935537576675415,0.4423076923076923,0.8269230769230769,0.2857142857142857,0.8571428571428571,0.0004
290,1.5263837575912476,1.5245208740234375,0.4807692307692308,0.8269230769230769,0.2857142857142857,0.8571428571428571,0.0004
291,1.557655930519104,1.526139736175537,0.38461538461538464,0.8269230769230769,0.2857142857142857,0.8571428571428571,0.0004
292,1.5372386574745178,1.504276990890503,0.4423076923076923,0.8269230769230769,0.35714285714285715,0.8571428571428571,0.0004
293,1.4863529801368713,1.516908884048462,0.5,0.8269230769230769,0.2857142857142857,0.8571428571428571,0.0004
294,1.5743697881698608,1.5486602783203125,0.38461538461538464,0.8269230769230769,0.2857142857142857,0.8571428571428571,0.0004
295,1.5335832834243774,1.5234020948410034,0.38461538461538464,0.8269230769230769,0.14285714285714285,0.8571428571428571,0.0004
296,1.530076265335083,1.5288982391357422,0.46153846153846156,0.8269230769230769,0.2857142857142857,0.8571428571428571,0.0004
297,1.5357075333595276,1.5541969537734985,0.46153846153846156,0.8269230769230769,0.2857142857142857,0.8571428571428571,0.0004
298,1.5153694152832031,1.537672519683838,0.4423076923076923,0.8269230769230769,0.14285714285714285,0.8571428571428571,0.0004
299,1.5692105889320374,1.540846586227417,0.40384615384615385,0.8269230769230769,0.2857142857142857,0.8571428571428571,0.0004
300,1.5186395049095154,1.5371065139770508,0.4423076923076923,0.8269230769230769,0.21428571428571427,0.8571428571428571,0.0004
301,1.5269473195075989,1.5195436477661133,0.46153846153846156,0.8269230769230769,0.35714285714285715,0.8571428571428571,0.0004
302,1.563568115234375,1.4871852397918701,0.46153846153846156,0.8269230769230769,0.35714285714285715,0.8571428571428571,0.0004
303,1.585881233215332,1.5240914821624756,0.28846153846153844,0.8269230769230769,0.2857142857142857,0.8571428571428571,0.0004
304,1.58439302444458,1.4875236749649048,0.3076923076923077,0.8269230769230769,0.35714285714285715,0.8571428571428571,0.0004
305,1.5317408442497253,1.5137276649475098,0.3269230769230769,0.8269230769230769,0.42857142857142855,0.8571428571428571,0.0004
306,1.5568017363548279,1.523808479309082,0.40384615384615385,0.8269230769230769,0.42857142857142855,0.8571428571428571,0.0004
307,1.5292010307312012,1.5216748714447021,0.5,0.8269230769230769,0.35714285714285715,0.8571428571428571,0.0004
308,1.5585216283798218,1.5308884382247925,0.4807692307692308,0.8269230769230769,0.2857142857142857,0.8571428571428571,0.0004
309,1.5306206345558167,1.5405609607696533,0.4807692307692308,0.8269230769230769,0.42857142857142855,0.8571428571428571,0.0004
310,1.567242980003357,1.5508167743682861,0.4423076923076923,0.8269230769230769,0.2857142857142857,0.8571428571428571,0.0004
311,1.5452751517295837,1.5399415493011475,0.46153846153846156,0.8269230769230769,0.21428571428571427,0.8571428571428571,0.0004
312,1.5622275471687317,1.5446593761444092,0.40384615384615385,0.8269230769230769,0.21428571428571427,0.8571428571428571,0.0004
313,1.5622041821479797,1.5433100461959839,0.36538461538461536,0.8269230769230769,0.35714285714285715,0.8571428571428571,0.0004
314,1.5385620594024658,1.5658419132232666,0.4807692307692308,0.8269230769230769,0.21428571428571427,0.8571428571428571,0.0004
315,1.5207340121269226,1.5514023303985596,0.4423076923076923,0.8269230769230769,0.21428571428571427,0.8571428571428571,0.0004
316,1.5478856563568115,1.5456664562225342,0.36538461538461536,0.8269230769230769,0.35714285714285715,0.8571428571428571,0.0004
317,1.5317172408103943,1.5495350360870361,0.4230769230769231,0.8269230769230769,0.21428571428571427,0.8571428571428571,0.0004
318,1.5753759145736694,1.5398553609848022,0.38461538461538464,0.8269230769230769,0.21428571428571427,0.8571428571428571,0.0004
319,1.5705022811889648,1.5469400882720947,0.40384615384615385,0.8269230769230769,0.21428571428571427,0.8571428571428571,0.0004
320,1.5434804558753967,1.5176851749420166,0.40384615384615385,0.8269230769230769,0.2857142857142857,0.8571428571428571,0.0004
321,1.5307276844978333,1.529050588607788,0.4423076923076923,0.8269230769230769,0.14285714285714285,0.8571428571428571,0.0004
322,1.5669928193092346,1.5234867334365845,0.3269230769230769,0.8269230769230769,0.2857142857142857,0.8571428571428571,0.0004
323,1.5438324809074402,1.5576797723770142,0.36538461538461536,0.8269230769230769,0.2857142857142857,0.8571428571428571,0.0004
324,1.534767746925354,1.5256171226501465,0.4423076923076923,0.8269230769230769,0.2857142857142857,0.8571428571428571,0.0004
325,1.5342807173728943,1.5441954135894775,0.4807692307692308,0.8269230769230769,0.21428571428571427,0.8571428571428571,0.0004
326,1.5484715700149536,1.5517268180847168,0.36538461538461536,0.8269230769230769,0.21428571428571427,0.8571428571428571,0.0004
327,1.5269153118133545,1.5433100461959839,0.38461538461538464,0.8269230769230769,0.21428571428571427,0.8571428571428571,0.0004
328,1.5549993515014648,1.5414234399795532,0.38461538461538464,0.8269230769230769,0.2857142857142857,0.8571428571428571,0.0004
329,1.5688557624816895,1.5071322917938232,0.4423076923076923,0.8269230769230769,0.35714285714285715,0.8571428571428571,0.0004
330,1.5089917182922363,1.5476789474487305,0.4423076923076923,0.8269230769230769,0.35714285714285715,0.8571428571428571,0.0004
331,1.4758815169334412,1.5240334272384644,0.46153846153846156,0.8269230769230769,0.21428571428571427,0.8571428571428571,0.0004
332,1.5924352407455444,1.4927189350128174,0.3269230769230769,0.8269230769230769,0.42857142857142855,0.8571428571428571,0.0004
333,1.5327919721603394,1.5196797847747803,0.3269230769230769,0.8269230769230769,0.21428571428571427,0.8571428571428571,0.0004
334,1.5748077630996704,1.4884965419769287,0.3269230769230769,0.8269230769230769,0.21428571428571427,0.8571428571428571,0.0004
335,1.5935407876968384,1.4967432022094727,0.34615384615384615,0.8269230769230769,0.42857142857142855,0.8571428571428571,0.0004
336,1.576190710067749,1.487919569015503,0.3076923076923077,0.8269230769230769,0.42857142857142855,0.8571428571428571,0.0004
337,1.5560399889945984,1.4977684020996094,0.3076923076923077,0.8269230769230769,0.42857142857142855,0.8571428571428571,0.0004
338,1.539398193359375,1.5135729312896729,0.3076923076923077,0.8269230769230769,0.35714285714285715,0.8571428571428571,0.0004
339,1.5663626194000244,1.5081863403320312,0.2692307692307692,0.8269230769230769,0.35714285714285715,0.8571428571428571,0.0004
340,1.534305989742279,1.5194220542907715,0.3269230769230769,0.8269230769230769,0.42857142857142855,0.8571428571428571,0.0004
341,1.5613731741905212,1.539555311203003,0.46153846153846156,0.8269230769230769,0.21428571428571427,0.8571428571428571,0.0004
342,1.5670392513275146,1.5377779006958008,0.36538461538461536,0.8269230769230769,0.21428571428571427,0.8571428571428571,0.0004
343,1.529814898967743,1.549418330192566,0.36538461538461536,0.8269230769230769,0.21428571428571427,0.8571428571428571,0.0004
344,1.5232051610946655,1.5605148077011108,0.36538461538461536,0.8269230769230769,0.21428571428571427,0.8571428571428571,0.0004
345,1.5956020951271057,1.5673764944076538,0.36538461538461536,0.8269230769230769,0.21428571428571427,0.8571428571428571,0.0004
346,1.534748136997223,1.560126543045044,0.36538461538461536,0.8269230769230769,0.21428571428571427,0.8571428571428571,0.0004
347,1.595788836479187,1.5723936557769775,0.36538461538461536,0.8269230769230769,0.21428571428571427,0.8571428571428571,0.0004
348,1.596843421459198,1.570905327796936,0.36538461538461536,0.8269230769230769,0.21428571428571427,0.8571428571428571,0.0004
349,1.5686349272727966,1.5655133724212646,0.36538461538461536,0.8269230769230769,0.21428571428571427,0.8571428571428571,0.0004
350,1.535631000995636,1.5650155544281006,0.36538461538461536,0.8269230769230769,0.21428571428571427,0.8571428571428571,0.0004
351,1.5483346581459045,1.5571333169937134,0.36538461538461536,0.8269230769230769,0.21428571428571427,0.8571428571428571,0.0004
352,1.5495214462280273,1.5506049394607544,0.36538461538461536,0.8269230769230769,0.35714285714285715,0.8571428571428571,0.0004
353,1.5430923104286194,1.54934561252594,0.38461538461538464,0.8269230769230769,0.2857142857142857,0.8571428571428571,0.0004
354,1.5479256510734558,1.5484049320220947,0.4807692307692308,0.8269230769230769,0.21428571428571427,0.8571428571428571,0.0004
355,1.5196320414543152,1.5368907451629639,0.46153846153846156,0.8269230769230769,0.2857142857142857,0.8571428571428571,0.0004
356,1.540598452091217,1.5381560325622559,0.3076923076923077,0.8269230769230769,0.35714285714285715,0.8571428571428571,0.0004
357,1.554812729358673,1.5353481769561768,0.34615384615384615,0.8269230769230769,0.35714285714285715,0.8571428571428571,0.0004
358,1.530384361743927,1.5422455072402954,0.4807692307692308,0.8269230769230769,0.2857142857142857,0.8571428571428571,0.0004
359,1.5546345710754395,1.535473108291626,0.4423076923076923,0.8269230769230769,0.21428571428571427,0.8571428571428571,0.0004
360,1.5436640977859497,1.5404707193374634,0.36538461538461536,0.8269230769230769,0.21428571428571427,0.8571428571428571,0.0004
361,1.5588418841362,1.5429344177246094,0.36538461538461536,0.8269230769230769,0.21428571428571427,0.8571428571428571,0.0004
362,1.522346317768097,1.5283575057983398,0.36538461538461536,0.8269230769230769,0.21428571428571427,0.8571428571428571,0.0004
363,1.5196765065193176,1.5421229600906372,0.36538461538461536,0.8269230769230769,0.21428571428571427,0.8571428571428571,0.0004
364,1.577851116657257,1.5412999391555786,0.36538461538461536,0.8269230769230769,0.21428571428571427,0.8571428571428571,0.0004
365,1.5323848724365234,1.5403603315353394,0.36538461538461536,0.8269230769230769,0.21428571428571427,0.8571428571428571,0.0004
366,1.520400047302246,1.533597707748413,0.36538461538461536,0.8269230769230769,0.21428571428571427,0.8571428571428571,0.0004
367,1.5733379125595093,1.5443990230560303,0.36538461538461536,0.8269230769230769,0.21428571428571427,0.8571428571428571,0.0004
368,1.549834966659546,1.5402629375457764,0.36538461538461536,0.8269230769230769,0.21428571428571427,0.8571428571428571,0.0004
369,1.541471242904663,1.5407142639160156,0.36538461538461536,0.8269230769230769,0.21428571428571427,0.8571428571428571,0.0004
370,1.5752861499786377,1.5341287851333618,0.36538461538461536,0.8269230769230769,0.21428571428571427,0.8571428571428571,0.0004
371,1.5700879096984863,1.5368200540542603,0.40384615384615385,0.8269230769230769,0.21428571428571427,0.8571428571428571,0.0004
372,1.558399736881256,1.527976155281067,0.4230769230769231,0.8269230769230769,0.21428571428571427,0.8571428571428571,0.0004
373,1.5406558513641357,1.5154564380645752,0.4807692307692308,0.8269230769230769,0.2857142857142857,0.8571428571428571,0.0004
374,1.5461309552192688,1.5156021118164062,0.46153846153846156,0.8269230769230769,0.21428571428571427,0.8571428571428571,0.0004
375,1.528383195400238,1.529534101486206,0.5,0.8269230769230769,0.21428571428571427,0.8571428571428571,0.0004
376,1.5817943811416626,1.5294098854064941,0.4807692307692308,0.8269230769230769,0.21428571428571427,0.8571428571428571,0.0004
377,1.5374486446380615,1.5239274501800537,0.46153846153846156,0.8269230769230769,0.2857142857142857,0.8571428571428571,0.0004
378,1.5270466208457947,1.50990629196167,0.40384615384615385,0.8269230769230769,0.21428571428571427,0.8571428571428571,0.0004
379,1.507742166519165,1.5257233381271362,0.5,0.8269230769230769,0.35714285714285715,0.8571428571428571,0.0004
380,1.5305069088935852,1.5414183139801025,0.46153846153846156,0.8269230769230769,0.2857142857142857,0.8571428571428571,0.0004
381,1.5520484447479248,1.5469774007797241,0.4230769230769231,0.8269230769230769,0.21428571428571427,0.8571428571428571,0.0004
382,1.5302492380142212,1.5460127592086792,0.5,0.8269230769230769,0.2857142857142857,0.8571428571428571,0.0004
383,1.5452262163162231,1.5361613035202026,0.40384615384615385,0.8269230769230769,0.21428571428571427,0.8571428571428571,0.0004
384,1.5180841088294983,1.5423561334609985,0.4230769230769231,0.8269230769230769,0.21428571428571427,0.8571428571428571,0.0004
385,1.5479798316955566,1.5223414897918701,0.4423076923076923,0.8269230769230769,0.2857142857142857,0.8571428571428571,0.0004
386,1.516114354133606,1.5498974323272705,0.4423076923076923,0.8269230769230769,0.2857142857142857,0.8571428571428571,0.0004
387,1.521203637123108,1.5097087621688843,0.4230769230769231,0.8269230769230769,0.2857142857142857,0.8571428571428571,0.0004
388,1.5308901071548462,1.555235505104065,0.4230769230769231,0.8269230769230769,0.2857142857142857,0.8571428571428571,0.0004
389,1.554737389087677,1.4861959218978882,0.4230769230769231,0.8269230769230769,0.35714285714285715,0.8571428571428571,0.0004
390,1.553540825843811,1.5433497428894043,0.4230769230769231,0.8269230769230769,0.42857142857142855,0.8571428571428571,0.0004
391,1.5168272256851196,1.515214204788208,0.40384615384615385,0.8269230769230769,0.2857142857142857,0.8571428571428571,0.0004
392,1.5687837600708008,1.5391887426376343,0.40384615384615385,0.8269230769230769,0.35714285714285715,0.8571428571428571,0.0004
393,1.4892204403877258,1.516755223274231,0.4807692307692308,0.8269230769230769,0.2857142857142857,0.8571428571428571,0.0004
394,1.590707004070282,1.52323579788208,0.5,0.8269230769230769,0.21428571428571427,0.8571428571428571,0.0004
395,1.5407235622406006,1.5100500583648682,0.4807692307692308,0.8269230769230769,0.35714285714285715,0.8571428571428571,0.0004
396,1.5410929918289185,1.565370798110962,0.4423076923076923,0.8269230769230769,0.2857142857142857,0.8571428571428571,0.0004
397,1.5471132397651672,1.4989867210388184,0.4807692307692308,0.8269230769230769,0.35714285714285715,0.8571428571428571,0.0004
398,1.5478759407997131,1.5341248512268066,0.3269230769230769,0.8269230769230769,0.35714285714285715,0.8571428571428571,0.0004
399,1.5437402129173279,1.5706167221069336,0.34615384615384615,0.8269230769230769,0.21428571428571427,0.8571428571428571,0.0004
400,1.5404990911483765,1.5834468603134155,0.38461538461538464,0.8269230769230769,0.21428571428571427,0.8571428571428571,0.0004
401,1.5635476112365723,1.5966628789901733,0.40384615384615385,0.8269230769230769,0.21428571428571427,0.8571428571428571,0.0004
402,1.55265474319458,1.6075608730316162,0.36538461538461536,0.8269230769230769,0.21428571428571427,0.8571428571428571,0.0004
403,1.5760746598243713,1.5688056945800781,0.36538461538461536,0.8269230769230769,0.21428571428571427,0.8571428571428571,0.0004
404,1.569787621498108,1.588058352470398,0.36538461538461536,0.8269230769230769,0.21428571428571427,0.8571428571428571,0.0004
405,1.5684515237808228,1.562576413154602,0.36538461538461536,0.8269230769230769,0.2857142857142857,0.8571428571428571,0.0004
406,1.5409391522407532,1.5411758422851562,0.38461538461538464,0.8269230769230769,0.21428571428571427,0.8571428571428571,0.0004
407,1.5465056896209717,1.520509958267212,0.5192307692307693,0.8269230769230769,0.2857142857142857,0.8571428571428571,0.0004
408,1.5589328408241272,1.5263558626174927,0.4230769230769231,0.8269230769230769,0.2857142857142857,0.8571428571428571,0.0004
409,1.5083706378936768,1.5281047821044922,0.2692307692307692,0.8269230769230769,0.2857142857142857,0.8571428571428571,0.0004
410,1.5596648454666138,1.5218024253845215,0.3076923076923077,0.8269230769230769,0.21428571428571427,0.8571428571428571,0.0004
411,1.530623197555542,1.5084385871887207,0.3076923076923077,0.8269230769230769,0.2857142857142857,0.8571428571428571,0.0004
412,1.5501334071159363,1.516200065612793,0.2692307692307692,0.8269230769230769,0.2857142857142857,0.8571428571428571,0.0004
413,1.5282453894615173,1.5347397327423096,0.4423076923076923,0.8269230769230769,0.21428571428571427,0.8571428571428571,0.0004
414,1.5369835495948792,1.5291576385498047,0.36538461538461536,0.8269230769230769,0.35714285714285715,0.8571428571428571,0.0004
415,1.5284156799316406,1.5171328783035278,0.5192307692307693,0.8269230769230769,0.42857142857142855,0.8571428571428571,0.0004
416,1.5379299521446228,1.5217658281326294,0.46153846153846156,0.8269230769230769,0.42857142857142855,0.8571428571428571,0.0004
417,1.546065330505371,1.5307360887527466,0.4230769230769231,0.8269230769230769,0.42857142857142855,0.8571428571428571,0.0004
418,1.5381065607070923,1.5234177112579346,0.40384615384615385,0.8269230769230769,0.42857142857142855,0.8571428571428571,0.0004
419,1.6042548418045044,1.5137152671813965,0.4423076923076923,0.8269230769230769,0.42857142857142855,0.8571428571428571,0.0004
420,1.5135640501976013,1.520835280418396,0.5,0.8269230769230769,0.5,0.8571428571428571,0.0004
421,1.5419263243675232,1.5145299434661865,0.4230769230769231,0.8269230769230769,0.42857142857142855,0.8571428571428571,0.0004
422,1.4915021061897278,1.502439022064209,0.4807692307692308,0.8269230769230769,0.2857142857142857,0.8571428571428571,0.0004
423,1.5107138752937317,1.5310176610946655,0.40384615384615385,0.8269230769230769,0.21428571428571427,0.8571428571428571,0.0004
424,1.519067645072937,1.512940526008606,0.40384615384615385,0.8269230769230769,0.2857142857142857,0.8571428571428571,0.0004
425,1.5360357761383057,1.4983372688293457,0.46153846153846156,0.8269230769230769,0.35714285714285715,0.8571428571428571,0.0004
426,1.525255560874939,1.4778664112091064,0.46153846153846156,0.8269230769230769,0.35714285714285715,0.8571428571428571,0.0004
427,1.5248772501945496,1.4990679025650024,0.40384615384615385,0.8269230769230769,0.35714285714285715,0.8571428571428571,0.0004
428,1.4881049394607544,1.4739409685134888,0.40384615384615385,0.8269230769230769,0.35714285714285715,0.8571428571428571,0.0004
429,1.5135619044303894,1.4847995042800903,0.46153846153846156,0.8269230769230769,0.35714285714285715,0.8571428571428571,0.0004
430,1.4971069693565369,1.4992002248764038,0.4230769230769231,0.8269230769230769,0.42857142857142855,0.8571428571428571,0.0004
431,1.5179400444030762,1.5015180110931396,0.46153846153846156,0.8269230769230769,0.35714285714285715,0.8571428571428571,0.0004
432,1.534273087978363,1.4842073917388916,0.40384615384615385,0.8269230769230769,0.42857142857142855,0.8571428571428571,0.0004
433,1.5161443948745728,1.487905502319336,0.4423076923076923,0.8269230769230769,0.35714285714285715,0.8571428571428571,0.0004
434,1.517160952091217,1.5062429904937744,0.46153846153846156,0.8269230769230769,0.42857142857142855,0.8571428571428571,0.0004
435,1.5265750288963318,1.568124771118164,0.36538461538461536,0.8269230769230769,0.14285714285714285,0.8571428571428571,0.0004
436,1.4968546628952026,1.4561891555786133,0.4807692307692308,0.8269230769230769,0.2857142857142857,0.8571428571428571,0.0004
437,1.528115451335907,1.4537088871002197,0.34615384615384615,0.8269230769230769,0.35714285714285715,0.8571428571428571,0.0004
438,1.5590866804122925,1.6146388053894043,0.34615384615384615,0.8269230769230769,0.21428571428571427,0.8571428571428571,0.0004
439,1.5284062027931213,1.4807214736938477,0.4230769230769231,0.8269230769230769,0.35714285714285715,0.8571428571428571,0.0004
440,1.4840096831321716,1.490384817123413,0.4230769230769231,0.8269230769230769,0.21428571428571427,0.8571428571428571,0.0004
441,1.5266233086585999,1.5270278453826904,0.40384615384615385,0.8269230769230769,0.21428571428571427,0.8571428571428571,0.0004
442,1.5226441025733948,1.4616034030914307,0.38461538461538464,0.8269230769230769,0.2857142857142857,0.8571428571428571,0.0004
443,1.547561526298523,1.4703348875045776,0.4807692307692308,0.8269230769230769,0.21428571428571427,0.8571428571428571,0.0004
444,1.5489093661308289,1.4583179950714111,0.40384615384615385,0.8269230769230769,0.21428571428571427,0.8571428571428571,0.0004
445,1.5416104793548584,1.4875277280807495,0.3269230769230769,0.8269230769230769,0.2857142857142857,0.8571428571428571,0.0004
446,1.4872204065322876,1.505745768547058,0.3076923076923077,0.8269230769230769,0.2857142857142857,0.8571428571428571,0.0004
447,1.5185283422470093,1.5093224048614502,0.38461538461538464,0.8269230769230769,0.35714285714285715,0.8571428571428571,0.0004
448,1.46410071849823,1.5211929082870483,0.4423076923076923,0.8269230769230769,0.2857142857142857,0.8571428571428571,0.0004
449,1.517812728881836,1.5374858379364014,0.4230769230769231,0.8269230769230769,0.2857142857142857,0.8571428571428571,0.0004
450,1.532975435256958,1.4572937488555908,0.4807692307692308,0.8269230769230769,0.42857142857142855,0.8571428571428571,0.0004
451,1.5687773823738098,1.4981787204742432,0.4423076923076923,0.8269230769230769,0.42857142857142855,0.8571428571428571,0.0004
452,1.5584831237792969,1.4745957851409912,0.36538461538461536,0.8269230769230769,0.5714285714285714,0.8571428571428571,0.0004
453,1.5410268306732178,1.5973150730133057,0.4807692307692308,0.8269230769230769,0.21428571428571427,0.8571428571428571,0.0004
454,1.5081257820129395,1.5663400888442993,0.4423076923076923,0.8269230769230769,0.2857142857142857,0.8571428571428571,0.0004
455,1.4889777898788452,1.5076349973678589,0.36538461538461536,0.8269230769230769,0.35714285714285715,0.8571428571428571,0.0004
456,1.5018618702888489,1.5067040920257568,0.46153846153846156,0.8269230769230769,0.2857142857142857,0.8571428571428571,0.0004
457,1.5203130841255188,1.490095853805542,0.4423076923076923,0.8269230769230769,0.35714285714285715,0.8571428571428571,0.0004
458,1.5435814261436462,1.4260283708572388,0.4807692307692308,0.8269230769230769,0.42857142857142855,0.8571428571428571,0.0004
459,1.4684123992919922,1.511437177658081,0.5192307692307693,0.8269230769230769,0.2857142857142857,0.8571428571428571,0.0004
460,1.4525825381278992,1.4397460222244263,0.5,0.8269230769230769,0.5,0.8571428571428571,0.0004
461,1.4818319082260132,1.448364019393921,0.5769230769230769,0.8269230769230769,0.5714285714285714,0.8571428571428571,0.0004
462,1.5148924589157104,1.509587287902832,0.4230769230769231,0.8269230769230769,0.35714285714285715,0.8571428571428571,0.0004
463,1.494275450706482,1.5384938716888428,0.5,0.8269230769230769,0.35714285714285715,0.8571428571428571,0.0004
464,1.5516703128814697,1.4108190536499023,0.46153846153846156,0.8269230769230769,0.5,0.8571428571428571,0.0004
465,1.4521719217300415,1.392845630645752,0.4807692307692308,0.8269230769230769,0.5,0.8571428571428571,0.0004
466,1.4242973327636719,1.5228533744812012,0.5,0.8269230769230769,0.35714285714285715,0.8571428571428571,0.0004
467,1.49850332736969,1.3706958293914795,0.4423076923076923,0.8269230769230769,0.5,0.8571428571428571,0.0004
468,1.4553347826004028,1.424645185470581,0.4807692307692308,0.8269230769230769,0.5,0.8571428571428571,0.0004
469,1.4611087441444397,1.584486484527588,0.4423076923076923,0.8269230769230769,0.2857142857142857,0.8571428571428571,0.0004
470,1.5281145572662354,1.538114309310913,0.4423076923076923,0.8269230769230769,0.2857142857142857,0.8571428571428571,0.0004
471,1.6076881289482117,1.540189266204834,0.40384615384615385,0.8269230769230769,0.42857142857142855,0.8571428571428571,0.0004
472,1.576324999332428,1.5332177877426147,0.3269230769230769,0.8269230769230769,0.35714285714285715,0.8571428571428571,0.0004
473,1.4706321954727173,1.4452662467956543,0.4807692307692308,0.8269230769230769,0.42857142857142855,0.8571428571428571,0.0004
474,1.554344117641449,1.493629813194275,0.38461538461538464,0.8269230769230769,0.42857142857142855,0.8571428571428571,0.0004
475,1.5570452809333801,1.4932924509048462,0.4807692307692308,0.8269230769230769,0.21428571428571427,0.8571428571428571,0.0004
476,1.5130343437194824,1.5360722541809082,0.40384615384615385,0.8269230769230769,0.21428571428571427,0.8571428571428571,0.0004
477,1.551058053970337,1.520676851272583,0.38461538461538464,0.8269230769230769,0.21428571428571427,0.8571428571428571,0.0004
478,1.5057578682899475,1.490667700767517,0.38461538461538464,0.8269230769230769,0.2857142857142857,0.8571428571428571,0.0004
479,1.5033474564552307,1.4973433017730713,0.4423076923076923,0.8269230769230769,0.2857142857142857,0.8571428571428571,0.0004
480,1.4888493418693542,1.5212002992630005,0.4423076923076923,0.8269230769230769,0.35714285714285715,0.8571428571428571,0.0004
481,1.5118266344070435,1.569767713546753,0.46153846153846156,0.8269230769230769,0.21428571428571427,0.8571428571428571,0.0004
482,1.4891552925109863,1.4593125581741333,0.5,0.8269230769230769,0.2857142857142857,0.8571428571428571,0.0004
483,1.4742222428321838,1.432737112045288,0.46153846153846156,0.8269230769230769,0.2857142857142857,0.8571428571428571,0.0004
484,1.487813115119934,1.4981026649475098,0.46153846153846156,0.8269230769230769,0.35714285714285715,0.8571428571428571,0.0004
485,1.533091962337494,1.4790465831756592,0.46153846153846156,0.8269230769230769,0.21428571428571427,0.8571428571428571,0.0004
486,1.4435865879058838,1.5229263305664062,0.46153846153846156,0.8269230769230769,0.2857142857142857,0.8571428571428571,0.0004
487,1.4263412356376648,1.3973166942596436,0.4230769230769231,0.8269230769230769,0.42857142857142855,0.8571428571428571,0.0004
488,1.5254050493240356,1.4529831409454346,0.4423076923076923,0.8269230769230769,0.21428571428571427,0.8571428571428571,0.0004
489,1.5035409927368164,1.5017210245132446,0.46153846153846156,0.8269230769230769,0.2857142857142857,0.8571428571428571,0.0004
490,1.4815321564674377,1.5303807258605957,0.40384615384615385,0.8269230769230769,0.21428571428571427,0.8571428571428571,0.0004
491,1.5194769501686096,1.5724396705627441,0.40384615384615385,0.8269230769230769,0.21428571428571427,0.8571428571428571,0.0004
492,1.5156978368759155,1.5709987878799438,0.38461538461538464,0.8269230769230769,0.21428571428571427,0.8571428571428571,0.0004
493,1.5712536573410034,1.5760924816131592,0.40384615384615385,0.8269230769230769,0.21428571428571427,0.8571428571428571,0.0004
494,1.5485201478004456,1.586575984954834,0.40384615384615385,0.8269230769230769,0.21428571428571427,0.8571428571428571,0.0004
495,1.5449442863464355,1.5196640491485596,0.40384615384615385,0.8269230769230769,0.2857142857142857,0.8571428571428571,0.0004
496,1.582421064376831,1.5205401182174683,0.40384615384615385,0.8269230769230769,0.2857142857142857,0.8571428571428571,0.0004
497,1.49951171875,1.5481104850769043,0.4423076923076923,0.8269230769230769,0.21428571428571427,0.8571428571428571,0.0004
498,1.5569663047790527,1.5245399475097656,0.38461538461538464,0.8269230769230769,0.21428571428571427,0.8571428571428571,0.0004
499,1.5071170926094055,1.505472183227539,0.4230769230769231,0.8269230769230769,0.35714285714285715,0.8571428571428571,0.0004
500,1.5485332012176514,1.5437469482421875,0.38461538461538464,0.8269230769230769,0.21428571428571427,0.8571428571428571,0.0004
501,1.4921634197235107,1.5133683681488037,0.4230769230769231,0.8269230769230769,0.35714285714285715,0.8571428571428571,0.0004
502,1.5900413990020752,1.5299803018569946,0.38461538461538464,0.8269230769230769,0.21428571428571427,0.8571428571428571,0.0004
503,1.5428593158721924,1.5229647159576416,0.38461538461538464,0.8269230769230769,0.2857142857142857,0.8571428571428571,0.0004
504,1.5201435089111328,1.5452303886413574,0.4423076923076923,0.8269230769230769,0.21428571428571427,0.8571428571428571,0.0004
505,1.5662990808486938,1.531745195388794,0.38461538461538464,0.8269230769230769,0.2857142857142857,0.8571428571428571,0.0004
506,1.528330147266388,1.5350419282913208,0.34615384615384615,0.8269230769230769,0.21428571428571427,0.8571428571428571,0.0004
507,1.5231952667236328,1.543296217918396,0.40384615384615385,0.8269230769230769,0.2857142857142857,0.8571428571428571,0.0004
508,1.560132920742035,1.5438460111618042,0.4230769230769231,0.8269230769230769,0.35714285714285715,0.8571428571428571,0.0004
509,1.5048400163650513,1.5287384986877441,0.4230769230769231,0.8269230769230769,0.2857142857142857,0.8571428571428571,0.0004
510,1.5089704990386963,1.5364128351211548,0.4423076923076923,0.8269230769230769,0.21428571428571427,0.8571428571428571,0.0004
511,1.5365318059921265,1.5286059379577637,0.40384615384615385,0.8269230769230769,0.2857142857142857,0.8571428571428571,0.0004
512,1.5072717070579529,1.525766372680664,0.4230769230769231,0.8269230769230769,0.2857142857142857,0.8571428571428571,0.0004
513,1.5388144850730896,1.5383189916610718,0.40384615384615385,0.8269230769230769,0.21428571428571427,0.8571428571428571,0.0004
514,1.57496577501297,1.527691125869751,0.40384615384615385,0.8269230769230769,0.2857142857142857,0.8571428571428571,0.0004
515,1.5669274926185608,1.5355329513549805,0.36538461538461536,0.8269230769230769,0.21428571428571427,0.8571428571428571,0.0004
516,1.5558087825775146,1.5374847650527954,0.38461538461538464,0.8269230769230769,0.21428571428571427,0.8571428571428571,0.0004
517,1.5922693014144897,1.537213683128357,0.36538461538461536,0.8269230769230769,0.21428571428571427,0.8571428571428571,0.0004
518,1.5624430179595947,1.5384652614593506,0.36538461538461536,0.8269230769230769,0.21428571428571427,0.8571428571428571,0.0004
519,1.5744436979293823,1.5369867086410522,0.36538461538461536,0.8269230769230769,0.21428571428571427,0.8571428571428571,0.0004
520,1.5463407039642334,1.5355501174926758,0.36538461538461536,0.8269230769230769,0.21428571428571427,0.8571428571428571,0.0004
521,1.5615140795707703,1.53431236743927,0.36538461538461536,0.8269230769230769,0.21428571428571427,0.8571428571428571,0.0004
522,1.5233231782913208,1.537592887878418,0.4230769230769231,0.8269230769230769,0.21428571428571427,0.8571428571428571,0.0004
523,1.5358902215957642,1.5315881967544556,0.36538461538461536,0.8269230769230769,0.21428571428571427,0.8571428571428571,0.0004
524,1.5438366532325745,1.5435196161270142,0.36538461538461536,0.8269230769230769,0.21428571428571427,0.8571428571428571,0.0004
525,1.5332024097442627,1.545445203781128,0.36538461538461536,0.8269230769230769,0.21428571428571427,0.8571428571428571,0.0004
526,1.573281168937683,1.541365146636963,0.36538461538461536,0.8269230769230769,0.21428571428571427,0.8571428571428571,0.0004
527,1.5535520315170288,1.5392202138900757,0.36538461538461536,0.8269230769230769,0.21428571428571427,0.8571428571428571,0.0004
528,1.5638378858566284,1.527992606163025,0.36538461538461536,0.8269230769230769,0.21428571428571427,0.8571428571428571,0.0004
529,1.5582140684127808,1.521811604499817,0.36538461538461536,0.8269230769230769,0.21428571428571427,0.8571428571428571,0.0004
530,1.5445228815078735,1.5098035335540771,0.40384615384615385,0.8269230769230769,0.35714285714285715,0.8571428571428571,0.0004
531,1.5642989873886108,1.5090854167938232,0.34615384615384615,0.8269230769230769,0.35714285714285715,0.8571428571428571,0.0004
532,1.5496215224266052,1.5112903118133545,0.46153846153846156,0.8269230769230769,0.21428571428571427,0.8571428571428571,0.0004
533,1.560135841369629,1.5238704681396484,0.4423076923076923,0.8269230769230769,0.21428571428571427,0.8571428571428571,0.0004
534,1.5672866106033325,1.5354928970336914,0.4423076923076923,0.8269230769230769,0.21428571428571427,0.8571428571428571,0.0004
535,1.5250070691108704,1.5397804975509644,0.36538461538461536,0.8269230769230769,0.21428571428571427,0.8571428571428571,0.0004
536,1.562164843082428,1.5374847650527954,0.36538461538461536,0.8269230769230769,0.21428571428571427,0.8571428571428571,0.0004
537,1.5395832657814026,1.5413074493408203,0.36538461538461536,0.8269230769230769,0.21428571428571427,0.8571428571428571,0.0004
538,1.5456069111824036,1.546647071838379,0.36538461538461536,0.8269230769230769,0.21428571428571427,0.8571428571428571,0.0004
539,1.5583900213241577,1.539703607559204,0.36538461538461536,0.8269230769230769,0.21428571428571427,0.8571428571428571,0.0004
540,1.5432899594306946,1.518195390701294,0.36538461538461536,0.8269230769230769,0.2857142857142857,0.8571428571428571,0.0004
541,1.5669585466384888,1.5313339233398438,0.36538461538461536,0.8269230769230769,0.21428571428571427,0.8571428571428571,0.0004
542,1.5697186589241028,1.523409128189087,0.40384615384615385,0.8269230769230769,0.21428571428571427,0.8571428571428571,0.0004
543,1.5564342737197876,1.508072853088379,0.5192307692307693,0.8269230769230769,0.35714285714285715,0.8571428571428571,0.0004
544,1.5116102695465088,1.5196459293365479,0.40384615384615385,0.8269230769230769,0.2857142857142857,0.8571428571428571,0.0004
545,1.5169668197631836,1.4797098636627197,0.38461538461538464,0.8269230769230769,0.42857142857142855,0.8571428571428571,0.0004
546,1.5379749536514282,1.4826735258102417,0.36538461538461536,0.8269230769230769,0.5,0.8571428571428571,0.0004
547,1.5377593040466309,1.5227137804031372,0.36538461538461536,0.8269230769230769,0.2857142857142857,0.8571428571428571,0.0004
548,1.5133928656578064,1.5988463163375854,0.40384615384615385,0.8269230769230769,0.2857142857142857,0.8571428571428571,0.0004
549,1.4899300932884216,1.7312859296798706,0.36538461538461536,0.8269230769230769,0.14285714285714285,0.8571428571428571,0.0004
550,1.4687941074371338,1.503931999206543,0.40384615384615385,0.8269230769230769,0.35714285714285715,0.8571428571428571,0.0004
551,1.4753945469856262,1.4906635284423828,0.38461538461538464,0.8269230769230769,0.35714285714285715,0.8571428571428571,0.0004
552,1.512593686580658,1.5963897705078125,0.40384615384615385,0.8269230769230769,0.21428571428571427,0.8571428571428571,0.0004
553,1.5410850048065186,1.560704231262207,0.38461538461538464,0.8269230769230769,0.21428571428571427,0.8571428571428571,0.0004
554,1.5248555541038513,1.5594406127929688,0.36538461538461536,0.8269230769230769,0.2857142857142857,0.8571428571428571,0.0004
555,1.5446376204490662,1.5478979349136353,0.38461538461538464,0.8269230769230769,0.21428571428571427,0.8571428571428571,0.0004
556,1.5064956545829773,1.5297452211380005,0.4807692307692308,0.8269230769230769,0.2857142857142857,0.8571428571428571,0.0004
557,1.533774495124817,1.5225613117218018,0.38461538461538464,0.8269230769230769,0.2857142857142857,0.8571428571428571,0.0004
558,1.5433924794197083,1.5099200010299683,0.40384615384615385,0.8269230769230769,0.2857142857142857,0.8571428571428571,0.0004
559,1.5415902137756348,1.5158724784851074,0.4230769230769231,0.8269230769230769,0.2857142857142857,0.8571428571428571,0.0004
560,1.5696502923965454,1.5202724933624268,0.40384615384615385,0.8269230769230769,0.2857142857142857,0.8571428571428571,0.0004
561,1.5828308463096619,1.5296223163604736,0.38461538461538464,0.8269230769230769,0.21428571428571427,0.8571428571428571,0.0004
562,1.5453141331672668,1.5333046913146973,0.36538461538461536,0.8269230769230769,0.35714285714285715,0.8571428571428571,0.0004
563,1.52363783121109,1.5359588861465454,0.5,0.8269230769230769,0.2857142857142857,0.8571428571428571,0.0004
564,1.5419801473617554,1.5533907413482666,0.4230769230769231,0.8269230769230769,0.35714285714285715,0.8571428571428571,0.0004
565,1.5665189623832703,1.5591161251068115,0.36538461538461536,0.8269230769230769,0.2857142857142857,0.8571428571428571,0.0004
566,1.5278990268707275,1.5452730655670166,0.40384615384615385,0.8269230769230769,0.35714285714285715,0.8571428571428571,0.0004
567,1.5224004983901978,1.56026291847229,0.4230769230769231,0.8269230769230769,0.35714285714285715,0.8571428571428571,0.0004
568,1.5029934644699097,1.5430030822753906,0.36538461538461536,0.8269230769230769,0.21428571428571427,0.8571428571428571,0.0004
569,1.5437599420547485,1.5199052095413208,0.40384615384615385,0.8269230769230769,0.2857142857142857,0.8571428571428571,0.0004
570,1.5033268332481384,1.488998293876648,0.4807692307692308,0.8269230769230769,0.42857142857142855,0.8571428571428571,0.0004
571,1.4953964352607727,1.4999767541885376,0.4423076923076923,0.8269230769230769,0.35714285714285715,0.8571428571428571,0.0004
572,1.4932103753089905,1.4984897375106812,0.4807692307692308,0.8269230769230769,0.2857142857142857,0.8571428571428571,0.0004
573,1.5457174181938171,1.5177996158599854,0.4423076923076923,0.8269230769230769,0.2857142857142857,0.8571428571428571,0.0004
574,1.5123087167739868,1.52850341796875,0.4423076923076923,0.8269230769230769,0.2857142857142857,0.8571428571428571,0.0004
575,1.526581048965454,1.5235835313796997,0.40384615384615385,0.8269230769230769,0.35714285714285715,0.8571428571428571,0.0004
576,1.5013353824615479,1.5079214572906494,0.4230769230769231,0.8269230769230769,0.35714285714285715,0.8571428571428571,0.0004
577,1.5145574808120728,1.4678903818130493,0.46153846153846156,0.8269230769230769,0.42857142857142855,0.8571428571428571,0.0004
578,1.5008649230003357,1.4932818412780762,0.46153846153846156,0.8269230769230769,0.2857142857142857,0.8571428571428571,0.0004
579,1.4767746329307556,1.5102728605270386,0.5384615384615384,0.8269230769230769,0.35714285714285715,0.8571428571428571,0.0004
580,1.546474575996399,1.5195180177688599,0.5,0.8269230769230769,0.2857142857142857,0.8571428571428571,0.0004
581,1.4949653148651123,1.4418569803237915,0.38461538461538464,0.8269230769230769,0.35714285714285715,0.8571428571428571,0.0004
582,1.4930468201637268,1.5487340688705444,0.4807692307692308,0.8269230769230769,0.35714285714285715,0.8571428571428571,0.0004
583,1.4841080904006958,1.5461031198501587,0.4807692307692308,0.8269230769230769,0.35714285714285715,0.8571428571428571,0.0004
584,1.4870076775550842,1.4863934516906738,0.46153846153846156,0.8269230769230769,0.42857142857142855,0.8571428571428571,0.0004
585,1.478959858417511,1.4371044635772705,0.5192307692307693,0.8269230769230769,0.5,0.8571428571428571,0.0004
586,1.4844539761543274,1.4654335975646973,0.4423076923076923,0.8269230769230769,0.2857142857142857,0.8571428571428571,0.0004
587,1.51546311378479,1.495100498199463,0.4423076923076923,0.8269230769230769,0.2857142857142857,0.8571428571428571,0.0004
588,1.476570725440979,1.5186607837677002,0.5,0.8269230769230769,0.2857142857142857,0.8571428571428571,0.0004
589,1.381632685661316,1.5422227382659912,0.5,0.8269230769230769,0.2857142857142857,0.8571428571428571,0.0004
590,1.4163807034492493,1.5575695037841797,0.4807692307692308,0.8269230769230769,0.2857142857142857,0.8571428571428571,0.0004
591,1.4778587818145752,1.5489521026611328,0.46153846153846156,0.8269230769230769,0.2857142857142857,0.8571428571428571,0.0004
592,1.459479808807373,1.450451374053955,0.4423076923076923,0.8269230769230769,0.35714285714285715,0.8571428571428571,0.0004
593,1.4758974313735962,1.4042656421661377,0.5192307692307693,0.8269230769230769,0.42857142857142855,0.8571428571428571,0.0004
594,1.455710768699646,1.394790768623352,0.4423076923076923,0.8269230769230769,0.42857142857142855,0.8571428571428571,0.0004
595,1.499795377254486,1.4199512004852295,0.46153846153846156,0.8269230769230769,0.42857142857142855,0.8571428571428571,0.0004
596,1.551038920879364,1.35838782787323,0.4423076923076923,0.8269230769230769,0.2857142857142857,0.8571428571428571,0.0004
597,1.4307279586791992,1.5277040004730225,0.5192307692307693,0.8269230769230769,0.35714285714285715,0.8571428571428571,0.0004
598,1.403479516506195,1.439518690109253,0.5192307692307693,0.8269230769230769,0.42857142857142855,0.8571428571428571,0.0004
599,1.5111124515533447,1.5490012168884277,0.38461538461538464,0.8269230769230769,0.35714285714285715,0.8571428571428571,0.0004
600,1.46402907371521,1.44793701171875,0.5,0.8269230769230769,0.35714285714285715,0.8571428571428571,0.0004
601,1.4255383014678955,1.4309828281402588,0.5769230769230769,0.8269230769230769,0.35714285714285715,0.8571428571428571,0.0004
602,1.4028878211975098,1.3845160007476807,0.4807692307692308,0.8269230769230769,0.5,0.8571428571428571,0.0004
603,1.4024468660354614,1.465080738067627,0.5,0.8269230769230769,0.35714285714285715,0.8571428571428571,0.0004
604,1.481774091720581,1.3284378051757812,0.40384615384615385,0.8269230769230769,0.5714285714285714,0.8571428571428571,0.0004
605,1.421586275100708,1.5192344188690186,0.5192307692307693,0.8269230769230769,0.35714285714285715,0.8571428571428571,0.0004
606,1.4069926142692566,1.3997671604156494,0.5,0.8269230769230769,0.5,0.8571428571428571,0.0004
607,1.4558965563774109,1.4480242729187012,0.4807692307692308,0.8269230769230769,0.35714285714285715,0.8571428571428571,0.0004
608,1.4196396470069885,1.3816065788269043,0.5576923076923077,0.8269230769230769,0.5,0.8571428571428571,0.0004
609,1.335572600364685,1.7117743492126465,0.5769230769230769,0.8269230769230769,0.21428571428571427,0.8571428571428571,0.0004
610,1.3846235871315002,1.552903652191162,0.5384615384615384,0.8269230769230769,0.35714285714285715,0.8571428571428571,0.0004
611,1.446738839149475,1.614490032196045,0.46153846153846156,0.8269230769230769,0.35714285714285715,0.8571428571428571,0.0004
612,1.6036869287490845,1.5688061714172363,0.38461538461538464,0.8269230769230769,0.35714285714285715,0.8571428571428571,0.0004
613,1.4866902232170105,1.5851157903671265,0.4423076923076923,0.8269230769230769,0.35714285714285715,0.8571428571428571,0.0004
614,1.4777573943138123,1.4823983907699585,0.4230769230769231,0.8269230769230769,0.5,0.8571428571428571,0.0004
615,1.4879470467567444,1.552270531654358,0.46153846153846156,0.8269230769230769,0.42857142857142855,0.8571428571428571,0.0004
616,1.519554316997528,1.5432196855545044,0.4230769230769231,0.8269230769230769,0.35714285714285715,0.8571428571428571,0.0004
617,1.4816629886627197,1.6215734481811523,0.4230769230769231,0.8269230769230769,0.21428571428571427,0.8571428571428571,0.0004
618,1.4409388303756714,1.42771577835083,0.5192307692307693,0.8269230769230769,0.5,0.8571428571428571,0.0004
619,1.453757643699646,1.4530194997787476,0.5961538461538461,0.8269230769230769,0.2857142857142857,0.8571428571428571,0.0004
620,1.4634624123573303,1.5062249898910522,0.4423076923076923,0.8269230769230769,0.35714285714285715,0.8571428571428571,0.0004
621,1.4901782274246216,1.4334089756011963,0.3269230769230769,0.8269230769230769,0.35714285714285715,0.8571428571428571,0.0004
622,1.5561303496360779,1.4120737314224243,0.3269230769230769,0.8269230769230769,0.5,0.8571428571428571,0.0004
623,1.5217835307121277,1.473590612411499,0.3269230769230769,0.8269230769230769,0.42857142857142855,0.8571428571428571,0.0004
624,1.509120225906372,1.445274829864502,0.36538461538461536,0.8269230769230769,0.35714285714285715,0.8571428571428571,0.0004
625,1.505507469177246,1.371790885925293,0.4230769230769231,0.8269230769230769,0.5714285714285714,0.8571428571428571,0.0004
626,1.4428976774215698,1.510968804359436,0.5576923076923077,0.8269230769230769,0.35714285714285715,0.8571428571428571,0.0004
627,1.4712496995925903,1.4433932304382324,0.5384615384615384,0.8269230769230769,0.5714285714285714,0.8571428571428571,0.0004
628,1.5187877416610718,1.390859842300415,0.5,0.8269230769230769,0.5714285714285714,0.8571428571428571,0.0004
629,1.399119257926941,1.560887098312378,0.5192307692307693,0.8269230769230769,0.2857142857142857,0.8571428571428571,0.0004
630,1.4564836025238037,1.431577444076538,0.4807692307692308,0.8269230769230769,0.5,0.8571428571428571,0.0004
631,1.4926741123199463,1.5216368436813354,0.46153846153846156,0.8269230769230769,0.35714285714285715,0.8571428571428571,0.0004
632,1.4585298299789429,1.3964402675628662,0.5,0.8269230769230769,0.42857142857142855,0.8571428571428571,0.0004
633,1.407094955444336,1.482501745223999,0.4807692307692308,0.8269230769230769,0.35714285714285715,0.8571428571428571,0.0004
634,1.3681390881538391,1.442811131477356,0.5576923076923077,0.8269230769230769,0.35714285714285715,0.8571428571428571,0.0004
635,1.3707551956176758,1.494431972503662,0.5,0.8269230769230769,0.35714285714285715,0.8571428571428571,0.0004
636,1.441699206829071,1.4286140203475952,0.46153846153846156,0.8269230769230769,0.42857142857142855,0.8571428571428571,0.0004
637,1.446780264377594,1.448769211769104,0.5384615384615384,0.8269230769230769,0.42857142857142855,0.8571428571428571,0.0004
638,1.4112063646316528,1.5189428329467773,0.5576923076923077,0.8269230769230769,0.35714285714285715,0.8571428571428571,0.0004
639,1.3356547355651855,1.6092417240142822,0.5384615384615384,0.8269230769230769,0.35714285714285715,0.8571428571428571,0.0004
640,1.4702557921409607,1.4199879169464111,0.4807692307692308,0.8269230769230769,0.5,0.8571428571428571,0.0004
641,1.4064466953277588,1.5373135805130005,0.5192307692307693,0.8269230769230769,0.35714285714285715,0.8571428571428571,0.0004
642,1.2793413400650024,1.5106008052825928,0.5769230769230769,0.8269230769230769,0.42857142857142855,0.8571428571428571,0.0004
643,1.3170506358146667,1.4271354675292969,0.5769230769230769,0.8269230769230769,0.42857142857142855,0.8571428571428571,0.0004
644,1.3403381705284119,1.4714534282684326,0.4807692307692308,0.8269230769230769,0.5,0.8571428571428571,0.0004
645,1.4183942675590515,1.41846764087677,0.5384615384615384,0.8269230769230769,0.5,0.8571428571428571,0.0004
646,1.3326873183250427,1.545620083808899,0.6153846153846154,0.8269230769230769,0.35714285714285715,0.8571428571428571,0.0004
647,1.2902923822402954,1.2878469228744507,0.6153846153846154,0.8269230769230769,0.6428571428571429,0.8571428571428571,0.0004
648,1.5424416661262512,1.61179780960083,0.4807692307692308,0.8269230769230769,0.35714285714285715,0.8571428571428571,0.0004
649,1.3693807125091553,1.6834956407546997,0.6153846153846154,0.8269230769230769,0.2857142857142857,0.8571428571428571,0.0004
650,1.3744238018989563,1.3484151363372803,0.5769230769230769,0.8269230769230769,0.6428571428571429,0.8571428571428571,0.0004
651,1.3492842316627502,1.4423155784606934,0.5384615384615384,0.8269230769230769,0.5714285714285714,0.8571428571428571,0.0004
652,1.3530489206314087,1.4389982223510742,0.5576923076923077,0.8269230769230769,0.5,0.8571428571428571,0.0004
653,1.2652457356452942,1.5546945333480835,0.6730769230769231,0.8269230769230769,0.35714285714285715,0.8571428571428571,0.0004
654,1.4430004358291626,1.4326176643371582,0.5384615384615384,0.8269230769230769,0.5,0.8571428571428571,0.0004
655,1.3506766557693481,1.5153883695602417,0.5961538461538461,0.8269230769230769,0.5,0.8571428571428571,0.0004
656,1.3677218556404114,1.3243330717086792,0.5769230769230769,0.8269230769230769,0.6428571428571429,0.8571428571428571,0.0004
657,1.448104739189148,1.6050493717193604,0.4423076923076923,0.8269230769230769,0.35714285714285715,0.8571428571428571,0.0004
658,1.4737820029258728,1.4973969459533691,0.5192307692307693,0.8269230769230769,0.5,0.8571428571428571,0.0004
659,1.4524028301239014,1.442878007888794,0.5192307692307693,0.8269230769230769,0.42857142857142855,0.8571428571428571,0.0004
660,1.3843182921409607,1.5989747047424316,0.5576923076923077,0.8269230769230769,0.35714285714285715,0.8571428571428571,0.0004
661,1.4385905861854553,1.4464706182479858,0.5,0.8269230769230769,0.5714285714285714,0.8571428571428571,0.0004
662,1.4536426067352295,1.4774445295333862,0.5384615384615384,0.8269230769230769,0.42857142857142855,0.8571428571428571,0.0004
663,1.3679038286209106,1.5733331441879272,0.5576923076923077,0.8269230769230769,0.2857142857142857,0.8571428571428571,0.0004
664,1.2694680094718933,1.3942222595214844,0.5769230769230769,0.8269230769230769,0.2857142857142857,0.8571428571428571,0.0004
665,1.3806692361831665,1.5920519828796387,0.4807692307692308,0.8269230769230769,0.35714285714285715,0.8571428571428571,0.0004
666,1.5303829908370972,1.5372273921966553,0.4230769230769231,0.8269230769230769,0.5714285714285714,0.8571428571428571,0.0004
667,1.5016046166419983,1.437734842300415,0.4807692307692308,0.8269230769230769,0.35714285714285715,0.8571428571428571,0.0004
668,1.4145382046699524,1.6408717632293701,0.4807692307692308,0.8269230769230769,0.14285714285714285,0.8571428571428571,0.0004
669,1.4048733115196228,1.4985955953598022,0.5,0.8269230769230769,0.42857142857142855,0.8571428571428571,0.0004
670,1.459688425064087,1.6622432470321655,0.5192307692307693,0.8269230769230769,0.35714285714285715,0.8571428571428571,0.0004
671,1.4671778082847595,1.6398338079452515,0.5192307692307693,0.8269230769230769,0.21428571428571427,0.8571428571428571,0.0004
672,1.486257255077362,1.514814019203186,0.4807692307692308,0.8269230769230769,0.2857142857142857,0.8571428571428571,0.0004
673,1.517667531967163,1.6424344778060913,0.40384615384615385,0.8269230769230769,0.21428571428571427,0.8571428571428571,0.0004
674,1.47602778673172,1.5787663459777832,0.4423076923076923,0.8269230769230769,0.42857142857142855,0.8571428571428571,0.0004
675,1.4969816207885742,1.5533326864242554,0.5576923076923077,0.8269230769230769,0.42857142857142855,0.8571428571428571,0.0004
676,1.3941144943237305,1.5449861288070679,0.5961538461538461,0.8269230769230769,0.2857142857142857,0.8571428571428571,0.0004
677,1.4906945824623108,1.4793643951416016,0.5192307692307693,0.8269230769230769,0.21428571428571427,0.8571428571428571,0.0004
678,1.463974952697754,1.5768158435821533,0.4807692307692308,0.8269230769230769,0.35714285714285715,0.8571428571428571,0.0004
679,1.4596661925315857,1.5390000343322754,0.4807692307692308,0.8269230769230769,0.2857142857142857,0.8571428571428571,0.0004
680,1.4487944841384888,1.508927345275879,0.4807692307692308,0.8269230769230769,0.2857142857142857,0.8571428571428571,0.0004
681,1.4461490511894226,1.5112473964691162,0.4807692307692308,0.8269230769230769,0.35714285714285715,0.8571428571428571,0.0004
682,1.4709089398384094,1.5351505279541016,0.4423076923076923,0.8269230769230769,0.35714285714285715,0.8571428571428571,0.0004
683,1.4469980597496033,1.458814024925232,0.5,0.8269230769230769,0.42857142857142855,0.8571428571428571,0.0004
684,1.4563401937484741,1.528612732887268,0.4807692307692308,0.8269230769230769,0.35714285714285715,0.8571428571428571,0.0004
685,1.4773709177970886,1.546584129333496,0.4807692307692308,0.8269230769230769,0.35714285714285715,0.8571428571428571,0.0004
686,1.4721968173980713,1.4280450344085693,0.5,0.8269230769230769,0.42857142857142855,0.8571428571428571,0.0004
687,1.4562175869941711,1.5048842430114746,0.4230769230769231,0.8269230769230769,0.2857142857142857,0.8571428571428571,0.0004
688,1.4927055835723877,1.4441696405410767,0.5384615384615384,0.8269230769230769,0.42857142857142855,0.8571428571428571,0.0004
689,1.4504845142364502,1.475748896598816,0.5,0.8269230769230769,0.35714285714285715,0.8571428571428571,0.0004
690,1.4813729524612427,1.466431736946106,0.46153846153846156,0.8269230769230769,0.5,0.8571428571428571,0.0004
691,1.4905274510383606,1.4684598445892334,0.36538461538461536,0.8269230769230769,0.42857142857142855,0.8571428571428571,0.0004
692,1.4615891575813293,1.5240122079849243,0.4423076923076923,0.8269230769230769,0.35714285714285715,0.8571428571428571,0.0004
693,1.5225356221199036,1.4673093557357788,0.3269230769230769,0.8269230769230769,0.35714285714285715,0.8571428571428571,0.0004
694,1.560496211051941,1.4375401735305786,0.28846153846153844,0.8269230769230769,0.2857142857142857,0.8571428571428571,0.0004
695,1.4436445236206055,1.4839980602264404,0.38461538461538464,0.8269230769230769,0.42857142857142855,0.8571428571428571,0.0004
696,1.4504131078720093,1.5471389293670654,0.5,0.8269230769230769,0.2857142857142857,0.8571428571428571,0.0004
697,1.4396613240242004,1.4093356132507324,0.4807692307692308,0.8269230769230769,0.6428571428571429,0.8571428571428571,0.0004
698,1.395849347114563,1.4821550846099854,0.5769230769230769,0.8269230769230769,0.42857142857142855,0.8571428571428571,0.0004
699,1.4718122482299805,1.54219388961792,0.5192307692307693,0.8269230769230769,0.42857142857142855,0.8571428571428571,0.0004
700,1.4629822969436646,1.4751242399215698,0.46153846153846156,0.8269230769230769,0.21428571428571427,0.8571428571428571,0.0004
701,1.4298456311225891,1.65566885471344,0.5,0.8269230769230769,0.2857142857142857,0.8571428571428571,0.0004
702,1.4370790719985962,1.4454034566879272,0.46153846153846156,0.8269230769230769,0.35714285714285715,0.8571428571428571,0.0004
703,1.3991915583610535,1.5073038339614868,0.5384615384615384,0.8269230769230769,0.35714285714285715,0.8571428571428571,0.0004
704,1.407127559185028,1.4067847728729248,0.5192307692307693,0.8269230769230769,0.35714285714285715,0.8571428571428571,0.0004
705,1.3233047723770142,1.6097055673599243,0.5192307692307693,0.8269230769230769,0.35714285714285715,0.8571428571428571,0.0004
706,1.3422793745994568,1.5748165845870972,0.5769230769230769,0.8269230769230769,0.42857142857142855,0.8571428571428571,0.0004
707,1.3867139220237732,1.6080143451690674,0.6346153846153846,0.8269230769230769,0.35714285714285715,0.8571428571428571,0.0004
708,1.3166741728782654,1.4284613132476807,0.5576923076923077,0.8269230769230769,0.42857142857142855,0.8571428571428571,0.0004
709,1.4629340767860413,1.502005934715271,0.46153846153846156,0.8269230769230769,0.35714285714285715,0.8571428571428571,0.0004
710,1.4733629822731018,1.407268762588501,0.46153846153846156,0.8269230769230769,0.42857142857142855,0.8571428571428571,0.0004
711,1.4050111174583435,1.4262137413024902,0.5192307692307693,0.8269230769230769,0.42857142857142855,0.8571428571428571,0.0004
712,1.399391233921051,1.3248238563537598,0.4807692307692308,0.8269230769230769,0.6428571428571429,0.8571428571428571,0.0004
713,1.4983353018760681,1.5788793563842773,0.4807692307692308,0.8269230769230769,0.42857142857142855,0.8571428571428571,0.0004
714,1.4186199307441711,1.3407193422317505,0.46153846153846156,0.8269230769230769,0.35714285714285715,0.8571428571428571,0.0004
715,1.446126103401184,1.4716627597808838,0.46153846153846156,0.8269230769230769,0.42857142857142855,0.8571428571428571,0.0004
716,1.4224215745925903,1.4235446453094482,0.4230769230769231,0.8269230769230769,0.5,0.8571428571428571,0.0004
717,1.3097980618476868,1.3643112182617188,0.5,0.8269230769230769,0.5,0.8571428571428571,0.0004
718,1.3730125427246094,1.6545875072479248,0.5192307692307693,0.8269230769230769,0.21428571428571427,0.8571428571428571,0.0004
719,1.437392234802246,1.6120965480804443,0.5,0.8269230769230769,0.35714285714285715,0.8571428571428571,0.0004
720,1.3798227310180664,1.531978964805603,0.5,0.8269230769230769,0.5,0.8571428571428571,0.0004
721,1.4382601380348206,1.2601972818374634,0.4230769230769231,0.8269230769230769,0.5714285714285714,0.8571428571428571,0.0004
722,1.3390621542930603,1.6519265174865723,0.5961538461538461,0.8269230769230769,0.2857142857142857,0.8571428571428571,0.0004
723,1.3631768226623535,1.3912475109100342,0.5,0.8269230769230769,0.42857142857142855,0.8571428571428571,0.0004
724,1.3589628338813782,1.3960314989089966,0.5961538461538461,0.8269230769230769,0.5,0.8571428571428571,0.0004
725,1.4622442722320557,1.4594967365264893,0.5192307692307693,0.8269230769230769,0.35714285714285715,0.8571428571428571,0.0004
726,1.4319427013397217,1.4452725648880005,0.5,0.8269230769230769,0.5,0.8571428571428571,0.0004
727,1.4227250814437866,1.474334478378296,0.5192307692307693,0.8269230769230769,0.42857142857142855,0.8571428571428571,0.0004
728,1.4368647336959839,1.472666621208191,0.5384615384615384,0.8269230769230769,0.42857142857142855,0.8571428571428571,0.0004
729,1.3706647157669067,1.444201111793518,0.5192307692307693,0.8269230769230769,0.5,0.8571428571428571,0.0004
730,1.3305919170379639,1.4410645961761475,0.6346153846153846,0.8269230769230769,0.5,0.8571428571428571,0.0004
731,1.3668712973594666,1.5467429161071777,0.5192307692307693,0.8269230769230769,0.42857142857142855,0.8571428571428571,0.0004
732,1.4403203129768372,1.356353998184204,0.4807692307692308,0.8269230769230769,0.5,0.8571428571428571,0.0004
733,1.3519135117530823,1.4401212930679321,0.5576923076923077,0.8269230769230769,0.5,0.8571428571428571,0.0004
734,1.4181904792785645,1.4355714321136475,0.5384615384615384,0.8269230769230769,0.42857142857142855,0.8571428571428571,0.0004
735,1.4328999519348145,1.402309775352478,0.5,0.8269230769230769,0.42857142857142855,0.8571428571428571,0.0004
736,1.3388941884040833,1.3445096015930176,0.5961538461538461,0.8269230769230769,0.5714285714285714,0.8571428571428571,0.0004
737,1.455881416797638,1.3799757957458496,0.4807692307692308,0.8269230769230769,0.42857142857142855,0.8571428571428571,0.0004
738,1.485217571258545,1.3260431289672852,0.46153846153846156,0.8269230769230769,0.5,0.8571428571428571,0.0004
739,1.4620596170425415,1.5393844842910767,0.40384615384615385,0.8269230769230769,0.35714285714285715,0.8571428571428571,0.0004
740,1.3586546182632446,1.3865758180618286,0.5,0.8269230769230769,0.5,0.8571428571428571,0.0004
741,1.3830696940422058,1.4077885150909424,0.5,0.8269230769230769,0.42857142857142855,0.8571428571428571,0.0004
742,1.360994279384613,1.401024341583252,0.5576923076923077,0.8269230769230769,0.5,0.8571428571428571,0.0004
743,1.4062680006027222,1.3872172832489014,0.4230769230769231,0.8269230769230769,0.5,0.8571428571428571,0.0004
744,1.4350616335868835,1.3280739784240723,0.4423076923076923,0.8269230769230769,0.5714285714285714,0.8571428571428571,0.0004
745,1.4204090237617493,1.332360029220581,0.5192307692307693,0.8269230769230769,0.5714285714285714,0.8571428571428571,0.0004
746,1.3271946907043457,1.4641425609588623,0.5769230769230769,0.8269230769230769,0.5,0.8571428571428571,0.0004
747,1.3874743580818176,1.449715256690979,0.5192307692307693,0.8269230769230769,0.5,0.8571428571428571,0.0004
748,1.3374625444412231,1.2634865045547485,0.5576923076923077,0.8269230769230769,0.5,0.8571428571428571,0.0004
749,1.472385287284851,1.447514533996582,0.5384615384615384,0.8269230769230769,0.42857142857142855,0.8571428571428571,0.0004
750,1.43980211019516,1.464008092880249,0.5769230769230769,0.8269230769230769,0.5,0.8571428571428571,0.0004
751,1.3913406729698181,1.4734227657318115,0.5384615384615384,0.8269230769230769,0.42857142857142855,0.8571428571428571,0.0004
752,1.4394243359565735,1.4471849203109741,0.5576923076923077,0.8269230769230769,0.42857142857142855,0.8571428571428571,0.0004
753,1.4185541868209839,1.5204671621322632,0.5,0.8269230769230769,0.35714285714285715,0.8571428571428571,0.0004
754,1.415760576725006,1.2572776079177856,0.5961538461538461,0.8269230769230769,0.6428571428571429,0.8571428571428571,0.0004
755,1.396487295627594,1.4327738285064697,0.5192307692307693,0.8269230769230769,0.5,0.8571428571428571,0.0004
756,1.3531904220581055,1.4618029594421387,0.5576923076923077,0.8269230769230769,0.42857142857142855,0.8571428571428571,0.0004
757,1.3380103707313538,1.3748358488082886,0.5769230769230769,0.8269230769230769,0.42857142857142855,0.8571428571428571,0.0004
758,1.4596343040466309,1.5136785507202148,0.4423076923076923,0.8269230769230769,0.42857142857142855,0.8571428571428571,0.0004
759,1.4840953946113586,1.5062458515167236,0.46153846153846156,0.8269230769230769,0.42857142857142855,0.8571428571428571,0.0004
760,1.4231054186820984,1.6018246412277222,0.5192307692307693,0.8269230769230769,0.21428571428571427,0.8571428571428571,0.0004
761,1.4368335008621216,1.5646185874938965,0.5,0.8269230769230769,0.35714285714285715,0.8571428571428571,0.0004
762,1.4221400022506714,1.543508529663086,0.5384615384615384,0.8269230769230769,0.2857142857142857,0.8571428571428571,0.0004
763,1.4282910227775574,1.414200782775879,0.5192307692307693,0.8269230769230769,0.42857142857142855,0.8571428571428571,0.0004
764,1.4167656302452087,1.269405722618103,0.5769230769230769,0.8269230769230769,0.6428571428571429,0.8571428571428571,0.0004
765,1.4976134896278381,1.4114081859588623,0.4807692307692308,0.8269230769230769,0.5,0.8571428571428571,0.0004
766,1.3599151372909546,1.294268250465393,0.6538461538461539,0.8269230769230769,0.5,0.8571428571428571,0.0004
767,1.3164516687393188,1.2932014465332031,0.6153846153846154,0.8269230769230769,0.5714285714285714,0.8571428571428571,0.0004
768,1.3862728476524353,1.4326010942459106,0.5192307692307693,0.8269230769230769,0.5,0.8571428571428571,0.0004
769,1.4660836458206177,1.3945016860961914,0.46153846153846156,0.8269230769230769,0.42857142857142855,0.8571428571428571,0.0004
770,1.3521280884742737,1.4145474433898926,0.5192307692307693,0.8269230769230769,0.5714285714285714,0.8571428571428571,0.0004
771,1.3850544691085815,1.3620543479919434,0.5384615384615384,0.8269230769230769,0.42857142857142855,0.8571428571428571,0.0004
772,1.3626087307929993,1.3309004306793213,0.5576923076923077,0.8269230769230769,0.5,0.8571428571428571,0.0004
773,1.4826261401176453,1.396480917930603,0.46153846153846156,0.8269230769230769,0.42857142857142855,0.8571428571428571,0.0004
774,1.4458978176116943,1.2776193618774414,0.5,0.8269230769230769,0.5714285714285714,0.8571428571428571,0.0004
775,1.4981018900871277,1.1916133165359497,0.4807692307692308,0.8269230769230769,0.6428571428571429,0.8571428571428571,0.0004
776,1.4554460644721985,1.3757892847061157,0.4423076923076923,0.8269230769230769,0.5714285714285714,0.8571428571428571,0.0004
777,1.4064492583274841,1.4260622262954712,0.5192307692307693,0.8269230769230769,0.5714285714285714,0.8571428571428571,0.0004
778,1.2686492800712585,1.386246919631958,0.5961538461538461,0.8461538461538461,0.5714285714285714,0.8571428571428571,0.0004
779,1.295795500278473,1.2798044681549072,0.6346153846153846,0.8269230769230769,0.6428571428571429,0.8571428571428571,0.0004
780,1.3998191356658936,1.4103765487670898,0.5576923076923077,0.8269230769230769,0.42857142857142855,0.8571428571428571,0.0004
781,1.42684668302536,1.504163146018982,0.5192307692307693,0.8269230769230769,0.35714285714285715,0.8571428571428571,0.0004
782,1.3696075677871704,1.5673282146453857,0.5,0.8269230769230769,0.35714285714285715,0.8571428571428571,0.0004
783,1.3836762309074402,1.4813463687896729,0.5192307692307693,0.8269230769230769,0.5,0.8571428571428571,0.0004
784,1.31216299533844,1.406543254852295,0.6346153846153846,0.8269230769230769,0.5,0.8571428571428571,0.0004
785,1.2853026390075684,1.4883768558502197,0.5961538461538461,0.8269230769230769,0.42857142857142855,0.8571428571428571,0.0004
786,1.3310192227363586,1.5549395084381104,0.6346153846153846,0.8269230769230769,0.35714285714285715,0.8571428571428571,0.0004
787,1.3327580094337463,1.486891269683838,0.5384615384615384,0.8269230769230769,0.5714285714285714,0.8571428571428571,0.0004
788,1.340688169002533,1.355491042137146,0.5576923076923077,0.8269230769230769,0.5,0.8571428571428571,0.0004
789,1.4864354729652405,1.3263354301452637,0.5384615384615384,0.8269230769230769,0.42857142857142855,0.8571428571428571,0.0004
790,1.5759055614471436,1.5071485042572021,0.4807692307692308,0.8269230769230769,0.2857142857142857,0.8571428571428571,0.0004
791,1.3565451502799988,1.286035180091858,0.5576923076923077,0.8269230769230769,0.5714285714285714,0.8571428571428571,0.0004
792,1.4900873899459839,1.5385854244232178,0.46153846153846156,0.8269230769230769,0.35714285714285715,0.8571428571428571,0.0004
793,1.3420838117599487,1.3183093070983887,0.5576923076923077,0.8269230769230769,0.5,0.8571428571428571,0.0004
794,1.3854334354400635,1.5013766288757324,0.5769230769230769,0.8269230769230769,0.35714285714285715,0.8571428571428571,0.0004
795,1.4535433650016785,1.4143327474594116,0.46153846153846156,0.8269230769230769,0.42857142857142855,0.8571428571428571,0.0004
796,1.4513891339302063,1.5522689819335938,0.5192307692307693,0.8269230769230769,0.35714285714285715,0.8571428571428571,0.0004
797,1.5458787083625793,1.3202345371246338,0.4230769230769231,0.8269230769230769,0.5,0.8571428571428571,0.0004
798,1.4688008427619934,1.565399408340454,0.4230769230769231,0.8269230769230769,0.35714285714285715,0.8571428571428571,0.0004
799,1.4133051633834839,1.2764067649841309,0.5,0.8269230769230769,0.5,0.8571428571428571,0.0004
800,1.3438151478767395,1.476313591003418,0.5576923076923077,0.8461538461538461,0.2857142857142857,0.8571428571428571,0.0004
801,1.4138476252555847,1.4446544647216797,0.5192307692307693,0.8269230769230769,0.2857142857142857,0.8571428571428571,0.0004
802,1.4248791933059692,1.4541428089141846,0.5576923076923077,0.8269230769230769,0.5,0.8571428571428571,0.0004
803,1.3995078206062317,1.4462679624557495,0.5384615384615384,0.8269230769230769,0.5,0.8571428571428571,0.0004
804,1.5338361263275146,1.3775804042816162,0.5,0.8269230769230769,0.35714285714285715,0.8571428571428571,0.0004
805,1.2870012521743774,1.4291963577270508,0.6153846153846154,0.8269230769230769,0.2857142857142857,0.7857142857142857,0.0004
806,1.3034477829933167,1.6181950569152832,0.5576923076923077,0.8269230769230769,0.35714285714285715,0.7857142857142857,0.0004
807,1.32510244846344,1.335065484046936,0.5384615384615384,0.8269230769230769,0.42857142857142855,0.8571428571428571,0.0004
808,1.4314085841178894,1.576907992362976,0.5769230769230769,0.8461538461538461,0.35714285714285715,0.7857142857142857,0.0004
809,1.335415005683899,1.3088459968566895,0.5769230769230769,0.8076923076923077,0.42857142857142855,0.8571428571428571,0.0004
810,1.3998961448669434,1.5759196281433105,0.5192307692307693,0.8269230769230769,0.42857142857142855,0.7857142857142857,0.0004
811,1.4092569947242737,1.471156120300293,0.46153846153846156,0.8269230769230769,0.5,0.7857142857142857,0.0004
812,1.3690919280052185,1.3746336698532104,0.5192307692307693,0.8269230769230769,0.42857142857142855,0.8571428571428571,0.0004
813,1.4635908603668213,1.3065654039382935,0.4423076923076923,0.8269230769230769,0.5,0.7857142857142857,0.0004
814,1.2987639904022217,1.6125648021697998,0.5192307692307693,0.8269230769230769,0.42857142857142855,0.8571428571428571,0.0004
815,1.2394046783447266,1.411635160446167,0.5961538461538461,0.8269230769230769,0.5,0.8571428571428571,0.0004
816,1.455872654914856,1.5341287851333618,0.5,0.8269230769230769,0.42857142857142855,0.8571428571428571,0.0004
817,1.3908402919769287,1.4895771741867065,0.5576923076923077,0.8269230769230769,0.42857142857142855,0.8571428571428571,0.0004
818,1.4806838035583496,1.4709619283676147,0.4807692307692308,0.8076923076923077,0.42857142857142855,0.7857142857142857,0.0004
819,1.492092788219452,1.4529811143875122,0.4807692307692308,0.8076923076923077,0.5,0.8571428571428571,0.0004
820,1.4913919568061829,1.5166261196136475,0.4807692307692308,0.8076923076923077,0.35714285714285715,0.8571428571428571,0.0004
821,1.5405486226081848,1.580023169517517,0.46153846153846156,0.8076923076923077,0.35714285714285715,0.8571428571428571,0.0004
822,1.3851006627082825,1.4425528049468994,0.5,0.8461538461538461,0.2857142857142857,0.8571428571428571,0.0004
823,1.5384610295295715,1.5681780576705933,0.40384615384615385,0.8269230769230769,0.35714285714285715,0.7857142857142857,0.0004
824,1.3775300979614258,1.5539860725402832,0.5,0.8269230769230769,0.35714285714285715,0.7142857142857143,0.0004
825,1.5067774653434753,1.5305618047714233,0.40384615384615385,0.8461538461538461,0.35714285714285715,0.7142857142857143,0.0004
826,1.3295892477035522,1.4836597442626953,0.5769230769230769,0.8269230769230769,0.35714285714285715,0.8571428571428571,0.0004
827,1.417327880859375,1.4668498039245605,0.5192307692307693,0.8461538461538461,0.42857142857142855,0.7857142857142857,0.0004
828,1.4437533020973206,1.5094616413116455,0.5576923076923077,0.8461538461538461,0.35714285714285715,0.7857142857142857,0.0004
829,1.3068018555641174,1.4195269346237183,0.6538461538461539,0.8076923076923077,0.35714285714285715,0.8571428571428571,0.0004
830,1.4447069764137268,1.4192655086517334,0.5192307692307693,0.8269230769230769,0.5,0.7142857142857143,0.0004
831,1.3732980489730835,1.4713636636734009,0.5,0.8269230769230769,0.5,0.7857142857142857,0.0004
832,1.4378464818000793,1.4410682916641235,0.5,0.8076923076923077,0.5,0.8571428571428571,0.0004
833,1.426830768585205,1.3803563117980957,0.5769230769230769,0.8076923076923077,0.42857142857142855,0.8571428571428571,0.0004
834,1.443922996520996,1.3607176542282104,0.4807692307692308,0.8076923076923077,0.42857142857142855,0.7857142857142857,0.0004
835,1.4172422885894775,1.3016053438186646,0.4807692307692308,0.8653846153846154,0.6428571428571429,0.8571428571428571,0.0004
836,1.340651273727417,1.3220878839492798,0.5384615384615384,0.8461538461538461,0.5714285714285714,0.7857142857142857,0.0004
837,1.4315486550331116,1.4021236896514893,0.5192307692307693,0.8461538461538461,0.42857142857142855,0.8571428571428571,0.0004
838,1.473429024219513,1.4647562503814697,0.5,0.8076923076923077,0.42857142857142855,0.8571428571428571,0.0004
839,1.4502566456794739,1.537018895149231,0.46153846153846156,0.8076923076923077,0.42857142857142855,0.8571428571428571,0.0004
840,1.3306784629821777,1.5105280876159668,0.6538461538461539,0.8269230769230769,0.35714285714285715,0.7857142857142857,0.0004
841,1.3424770832061768,1.427365779876709,0.5576923076923077,0.8461538461538461,0.5,0.7142857142857143,0.0004
842,1.3176266551017761,1.5833611488342285,0.5576923076923077,0.8461538461538461,0.35714285714285715,0.7857142857142857,0.0004
843,1.4670493006706238,1.4101976156234741,0.4807692307692308,0.8269230769230769,0.42857142857142855,0.8571428571428571,0.0004
844,1.3710732460021973,1.622254729270935,0.5384615384615384,0.8269230769230769,0.2857142857142857,0.7857142857142857,0.0004
845,1.3069016337394714,1.488308310508728,0.5769230769230769,0.8653846153846154,0.5,0.7142857142857143,0.0004
846,1.374464750289917,1.3570899963378906,0.5961538461538461,0.8076923076923077,0.5,0.8571428571428571,0.0004
847,1.384490430355072,1.4171457290649414,0.4807692307692308,0.8653846153846154,0.5714285714285714,0.7857142857142857,0.0004
848,1.2656886577606201,1.4232605695724487,0.6153846153846154,0.8269230769230769,0.42857142857142855,0.7857142857142857,0.0004
849,1.4957463145256042,1.3589714765548706,0.4423076923076923,0.8461538461538461,0.5,0.7857142857142857,0.0004
850,1.3093361258506775,1.6661291122436523,0.5769230769230769,0.7884615384615384,0.21428571428571427,0.7857142857142857,0.0004
851,1.3570313453674316,1.4619241952896118,0.5192307692307693,0.8461538461538461,0.5,0.8571428571428571,0.0004
852,1.400083303451538,1.2704564332962036,0.5384615384615384,0.8269230769230769,0.5714285714285714,0.7857142857142857,0.0004
853,1.4003831148147583,1.5598468780517578,0.5192307692307693,0.7884615384615384,0.35714285714285715,0.7857142857142857,0.0004
854,1.4417769312858582,1.481795310974121,0.46153846153846156,0.8269230769230769,0.35714285714285715,0.7857142857142857,0.0004
855,1.3328192830085754,1.4279452562332153,0.6346153846153846,0.8461538461538461,0.42857142857142855,0.8571428571428571,0.0004
856,1.3361198902130127,1.3658720254898071,0.5384615384615384,0.8653846153846154,0.5,0.7857142857142857,0.0004
857,1.4176461696624756,1.544964075088501,0.4807692307692308,0.8461538461538461,0.2857142857142857,0.8571428571428571,0.0004
858,1.362681806087494,1.3890565633773804,0.5384615384615384,0.8076923076923077,0.5714285714285714,0.7142857142857143,0.0004
859,1.3891669511795044,1.4273773431777954,0.5384615384615384,0.8461538461538461,0.42857142857142855,0.7142857142857143,0.0004
860,1.355280339717865,1.4593106508255005,0.5576923076923077,0.8269230769230769,0.42857142857142855,0.8571428571428571,0.0004
861,1.3612764477729797,1.5137505531311035,0.5576923076923077,0.7884615384615384,0.42857142857142855,0.7142857142857143,0.0004
862,1.296316385269165,1.6023006439208984,0.5192307692307693,0.8653846153846154,0.2857142857142857,0.8571428571428571,0.0004
863,1.384578287601471,1.5289524793624878,0.5192307692307693,0.8076923076923077,0.42857142857142855,0.7857142857142857,0.0004
864,1.29619699716568,1.5553562641143799,0.5769230769230769,0.8269230769230769,0.42857142857142855,0.7857142857142857,0.0004
865,1.3036447167396545,1.644692063331604,0.5576923076923077,0.8653846153846154,0.35714285714285715,0.7857142857142857,0.0004
866,1.4044064283370972,1.4979782104492188,0.5384615384615384,0.8461538461538461,0.42857142857142855,0.8571428571428571,0.0004
867,1.4053728580474854,1.426558256149292,0.5192307692307693,0.8461538461538461,0.42857142857142855,0.7142857142857143,0.0004
868,1.3493385910987854,1.6052159070968628,0.4807692307692308,0.8653846153846154,0.35714285714285715,0.8571428571428571,0.0004
869,1.3604790568351746,1.3887735605239868,0.5,0.8461538461538461,0.35714285714285715,0.7857142857142857,0.0004
870,1.314021110534668,1.5974819660186768,0.5384615384615384,0.8461538461538461,0.2857142857142857,0.8571428571428571,0.0004
871,1.5509296655654907,1.8240437507629395,0.46153846153846156,0.8269230769230769,0.35714285714285715,0.7142857142857143,0.0004
872,1.7046940326690674,1.4878660440444946,0.4807692307692308,0.8461538461538461,0.6428571428571429,0.8571428571428571,0.0004
873,1.895087718963623,1.3193433284759521,0.38461538461538464,0.8269230769230769,0.7142857142857143,0.7857142857142857,0.0004
874,1.5293056964874268,1.4974665641784668,0.5192307692307693,0.8653846153846154,0.5714285714285714,0.7142857142857143,0.0004
875,1.3613228797912598,1.5530734062194824,0.5384615384615384,0.8461538461538461,0.42857142857142855,0.7857142857142857,0.0004
876,1.44373619556427,1.5300906896591187,0.46153846153846156,0.7884615384615384,0.35714285714285715,0.7857142857142857,0.0004
877,1.4431607127189636,1.6707262992858887,0.40384615384615385,0.8461538461538461,0.21428571428571427,0.8571428571428571,0.0004
878,1.47110915184021,1.3906911611557007,0.5,0.8269230769230769,0.5,0.7142857142857143,0.0004
879,1.4699957370758057,1.3776494264602661,0.5,0.8269230769230769,0.5,0.8571428571428571,0.0004
880,1.4296492338180542,1.4461579322814941,0.5,0.8461538461538461,0.35714285714285715,0.7857142857142857,0.0004
881,1.3653330206871033,1.468643307685852,0.5384615384615384,0.8269230769230769,0.35714285714285715,0.8571428571428571,0.0004
882,1.3590863347053528,1.4436067342758179,0.5192307692307693,0.8653846153846154,0.35714285714285715,0.8571428571428571,0.0004
883,1.4794921875,1.5539085865020752,0.4230769230769231,0.8269230769230769,0.21428571428571427,0.8571428571428571,0.0004
884,1.5071570873260498,1.54251229763031,0.40384615384615385,0.8269230769230769,0.2857142857142857,0.8571428571428571,0.0004
885,1.4141706228256226,1.4920871257781982,0.5192307692307693,0.8269230769230769,0.42857142857142855,0.7142857142857143,0.0004
886,1.524493932723999,1.5921381711959839,0.5192307692307693,0.8076923076923077,0.2857142857142857,0.7857142857142857,0.0004
887,1.4749301671981812,1.345004916191101,0.5192307692307693,0.8269230769230769,0.5,0.8571428571428571,0.0004
888,1.5281016826629639,1.5363636016845703,0.4230769230769231,0.8269230769230769,0.35714285714285715,0.8571428571428571,0.0004
889,1.3596447110176086,1.4905476570129395,0.5,0.8653846153846154,0.35714285714285715,0.8571428571428571,0.0004
890,1.3865058422088623,1.4945889711380005,0.5384615384615384,0.8653846153846154,0.35714285714285715,0.7857142857142857,0.0004
891,1.4289638996124268,1.5544835329055786,0.5192307692307693,0.8269230769230769,0.35714285714285715,0.7857142857142857,0.0004
892,1.4731906652450562,1.5815321207046509,0.5,0.7884615384615384,0.42857142857142855,0.6428571428571429,0.0004
893,1.439435362815857,1.594395637512207,0.5384615384615384,0.8269230769230769,0.2857142857142857,0.7142857142857143,0.0004
894,1.4023868441581726,1.6128120422363281,0.40384615384615385,0.8461538461538461,0.21428571428571427,0.7857142857142857,0.0004
895,1.4958959817886353,1.4838531017303467,0.4230769230769231,0.8269230769230769,0.35714285714285715,0.8571428571428571,0.0004
896,1.4624595046043396,1.5845752954483032,0.46153846153846156,0.8076923076923077,0.2857142857142857,0.7857142857142857,0.0004
897,1.4410922527313232,1.4459128379821777,0.5769230769230769,0.8461538461538461,0.5,0.7142857142857143,0.0004
898,1.392244279384613,1.5620336532592773,0.4807692307692308,0.8461538461538461,0.42857142857142855,0.6428571428571429,0.0004
899,1.3620344400405884,1.4580228328704834,0.5769230769230769,0.8461538461538461,0.5,0.8571428571428571,0.0004
900,1.4636105298995972,1.534790277481079,0.5,0.8269230769230769,0.5,0.7142857142857143,0.0004
901,1.4249919652938843,1.51250159740448,0.5576923076923077,0.8461538461538461,0.35714285714285715,0.7142857142857143,0.0004
902,1.4779263734817505,1.3965225219726562,0.5,0.8076923076923077,0.42857142857142855,0.7857142857142857,0.0004
903,1.4117913246154785,1.5970816612243652,0.4807692307692308,0.8461538461538461,0.2857142857142857,0.7857142857142857,0.0004
904,1.3444639444351196,1.4922477006912231,0.5769230769230769,0.8461538461538461,0.35714285714285715,0.8571428571428571,0.0004
905,1.4036782383918762,1.4214633703231812,0.4423076923076923,0.8269230769230769,0.5714285714285714,0.7857142857142857,0.0004
906,1.4042024612426758,1.4898617267608643,0.4423076923076923,0.8461538461538461,0.5714285714285714,0.7142857142857143,0.0004
907,1.2514612078666687,1.549383282661438,0.5576923076923077,0.8846153846153846,0.42857142857142855,0.7857142857142857,0.0004
908,1.41510009765625,1.4821550846099854,0.5384615384615384,0.8076923076923077,0.5,0.7857142857142857,0.0004
909,1.3346221446990967,1.4827754497528076,0.5384615384615384,0.8653846153846154,0.5,0.6428571428571429,0.0004
910,1.2784084677696228,1.2918148040771484,0.5769230769230769,0.8461538461538461,0.5714285714285714,0.7857142857142857,0.0004
911,1.4212268590927124,1.606796145439148,0.5576923076923077,0.8076923076923077,0.2857142857142857,0.8571428571428571,0.0004
912,1.4032878875732422,1.5962769985198975,0.4807692307692308,0.8269230769230769,0.42857142857142855,0.7142857142857143,0.0004
913,1.4863884449005127,1.401850700378418,0.46153846153846156,0.8269230769230769,0.42857142857142855,0.8571428571428571,0.0004
914,1.4881940484046936,1.7561075687408447,0.5384615384615384,0.8269230769230769,0.21428571428571427,0.7857142857142857,0.0004
915,1.5537261962890625,1.6502963304519653,0.5,0.7884615384615384,0.42857142857142855,0.7142857142857143,0.0004
916,1.8287863731384277,1.515104055404663,0.4807692307692308,0.8269230769230769,0.42857142857142855,0.6428571428571429,0.0004
917,1.9374821186065674,1.6771519184112549,0.34615384615384615,0.7692307692307693,0.42857142857142855,0.6428571428571429,0.0004
918,2.05934739112854,1.7135908603668213,0.3269230769230769,0.6923076923076923,0.42857142857142855,0.7142857142857143,0.0004
919,2.1370882987976074,1.5690480470657349,0.34615384615384615,0.6538461538461539,0.5,0.8571428571428571,0.0004
920,1.9002834558486938,1.477012276649475,0.3076923076923077,0.7692307692307693,0.42857142857142855,0.8571428571428571,0.0004
921,1.8743747472763062,1.6792502403259277,0.34615384615384615,0.8269230769230769,0.5,0.8571428571428571,0.0004
922,1.7915603518486023,1.2750307321548462,0.2692307692307692,0.8269230769230769,0.5714285714285714,0.8571428571428571,0.0004
923,1.4654296040534973,1.5194239616394043,0.5192307692307693,0.8269230769230769,0.42857142857142855,0.8571428571428571,0.0004
924,1.5045596361160278,1.55070161819458,0.5,0.8269230769230769,0.42857142857142855,0.8571428571428571,0.0004
925,1.5272483229637146,1.570680856704712,0.4230769230769231,0.8269230769230769,0.35714285714285715,0.8571428571428571,0.0004
926,1.4870011806488037,1.4701521396636963,0.4230769230769231,0.8269230769230769,0.42857142857142855,0.8571428571428571,0.0004
927,1.45175701379776,1.6304973363876343,0.4807692307692308,0.8269230769230769,0.42857142857142855,0.8571428571428571,0.0004
928,1.4937376976013184,1.4633138179779053,0.46153846153846156,0.8269230769230769,0.5,0.8571428571428571,0.0004
929,1.4603884816169739,1.5206449031829834,0.5576923076923077,0.8269230769230769,0.5714285714285714,0.8571428571428571,0.0004
930,1.421759009361267,1.5462608337402344,0.5384615384615384,0.8269230769230769,0.35714285714285715,0.8571428571428571,0.0004
931,1.4681618213653564,1.6539993286132812,0.4807692307692308,0.8269230769230769,0.35714285714285715,0.8571428571428571,0.0004
932,1.4596492648124695,1.439035415649414,0.4423076923076923,0.8269230769230769,0.5714285714285714,0.8571428571428571,0.0004
933,1.37845116853714,1.5954445600509644,0.5576923076923077,0.8269230769230769,0.42857142857142855,0.8571428571428571,0.0004
934,1.4742811918258667,1.6873077154159546,0.5384615384615384,0.8269230769230769,0.21428571428571427,0.8571428571428571,0.0004
935,1.4480906128883362,1.6147785186767578,0.5192307692307693,0.8269230769230769,0.42857142857142855,0.8571428571428571,0.0004
936,1.3870525360107422,1.4493645429611206,0.5576923076923077,0.8269230769230769,0.5714285714285714,0.8571428571428571,0.0004
937,1.5092086791992188,1.4489173889160156,0.5192307692307693,0.8269230769230769,0.42857142857142855,0.8571428571428571,0.0004
938,1.4852479100227356,1.4169811010360718,0.46153846153846156,0.8269230769230769,0.5714285714285714,0.8571428571428571,0.0004
939,1.3862566947937012,1.472963809967041,0.5769230769230769,0.8269230769230769,0.42857142857142855,0.8571428571428571,0.0004
940,1.4168595671653748,1.5378960371017456,0.46153846153846156,0.8269230769230769,0.42857142857142855,0.8571428571428571,0.0004
941,1.3877711296081543,1.4370663166046143,0.5384615384615384,0.8269230769230769,0.5714285714285714,0.8571428571428571,0.0004
942,1.4799453616142273,1.4262369871139526,0.5,0.8269230769230769,0.5,0.8571428571428571,0.0004
943,1.462051808834076,1.4956653118133545,0.46153846153846156,0.8269230769230769,0.35714285714285715,0.8571428571428571,0.0004
944,1.5042530298233032,1.3447864055633545,0.4230769230769231,0.8269230769230769,0.5714285714285714,0.8571428571428571,0.0004
945,1.4444453120231628,1.508601427078247,0.46153846153846156,0.8269230769230769,0.35714285714285715,0.8571428571428571,0.0004
946,1.4307648539543152,1.5543298721313477,0.46153846153846156,0.8269230769230769,0.35714285714285715,0.8571428571428571,0.0004
947,1.3341129422187805,1.6171380281448364,0.5769230769230769,0.8269230769230769,0.35714285714285715,0.8571428571428571,0.0004
948,1.3853266835212708,1.3565982580184937,0.4807692307692308,0.8269230769230769,0.5714285714285714,0.8571428571428571,0.0004
949,1.3568022847175598,1.4480124711990356,0.5769230769230769,0.8269230769230769,0.5,0.8571428571428571,0.0004
950,1.3393452763557434,1.5343973636627197,0.5576923076923077,0.8269230769230769,0.42857142857142855,0.8571428571428571,0.0004
951,1.2827659249305725,1.625428557395935,0.5769230769230769,0.8269230769230769,0.2857142857142857,0.8571428571428571,0.0004
952,1.419417381286621,1.4403184652328491,0.5384615384615384,0.8269230769230769,0.42857142857142855,0.8571428571428571,0.0004
953,1.4054011106491089,1.5425083637237549,0.46153846153846156,0.8269230769230769,0.35714285714285715,0.8571428571428571,0.0004
954,1.4307953119277954,1.5045840740203857,0.4423076923076923,0.8269230769230769,0.42857142857142855,0.8571428571428571,0.0004
955,1.408043920993805,1.311647891998291,0.5576923076923077,0.8269230769230769,0.5,0.8571428571428571,0.0004
956,1.3570200204849243,1.3804168701171875,0.5769230769230769,0.8269230769230769,0.5714285714285714,0.8571428571428571,0.0004
957,1.385323405265808,1.6089527606964111,0.5192307692307693,0.8269230769230769,0.35714285714285715,0.8571428571428571,0.0004
958,1.3922175168991089,1.6117908954620361,0.5,0.8269230769230769,0.35714285714285715,0.8571428571428571,0.0004
959,1.3342990279197693,1.558235764503479,0.5192307692307693,0.8269230769230769,0.42857142857142855,0.8571428571428571,0.0004
960,1.3613618612289429,1.4765706062316895,0.5384615384615384,0.8269230769230769,0.35714285714285715,0.8571428571428571,0.0004
961,1.4051116108894348,1.6384612321853638,0.5961538461538461,0.8269230769230769,0.2857142857142857,0.8571428571428571,0.0004
962,1.3631118535995483,1.7612879276275635,0.5769230769230769,0.8269230769230769,0.2857142857142857,0.8571428571428571,0.0004
963,1.4276404976844788,1.5157413482666016,0.4423076923076923,0.8269230769230769,0.42857142857142855,0.8571428571428571,0.0004
964,1.4043982028961182,1.4779574871063232,0.46153846153846156,0.8269230769230769,0.5,0.8571428571428571,0.0004
965,1.3979464769363403,1.551290512084961,0.5,0.8269230769230769,0.35714285714285715,0.8571428571428571,0.0004
966,1.4660621285438538,1.6115143299102783,0.46153846153846156,0.8269230769230769,0.2857142857142857,0.8571428571428571,0.0004
967,1.315900981426239,1.5677762031555176,0.5192307692307693,0.8269230769230769,0.35714285714285715,0.8571428571428571,0.0004
968,1.3625645637512207,1.490809440612793,0.4807692307692308,0.8269230769230769,0.5,0.8571428571428571,0.0004
969,1.4491413831710815,1.4425626993179321,0.4807692307692308,0.8269230769230769,0.5,0.8571428571428571,0.0004
970,1.3395826816558838,1.5590485334396362,0.6153846153846154,0.8269230769230769,0.42857142857142855,0.8571428571428571,0.0004
971,1.4554694294929504,1.3632038831710815,0.4807692307692308,0.8269230769230769,0.6428571428571429,0.8571428571428571,0.0004
972,1.3683193922042847,1.4210927486419678,0.5384615384615384,0.8269230769230769,0.5,0.8571428571428571,0.0004
973,1.4655613899230957,1.3551347255706787,0.4807692307692308,0.8269230769230769,0.5714285714285714,0.8571428571428571,0.0004
974,1.3118054866790771,1.3940479755401611,0.5769230769230769,0.8269230769230769,0.6428571428571429,0.8571428571428571,0.0004
975,1.4219208359718323,1.2465416193008423,0.4230769230769231,0.8269230769230769,0.6428571428571429,0.8571428571428571,0.0004
976,1.353552758693695,1.4019198417663574,0.5576923076923077,0.8269230769230769,0.5714285714285714,0.8571428571428571,0.0004
977,1.2589773535728455,1.5025147199630737,0.6346153846153846,0.8269230769230769,0.42857142857142855,0.8571428571428571,0.0004
978,1.4105090498924255,1.5742628574371338,0.5192307692307693,0.8269230769230769,0.42857142857142855,0.8571428571428571,0.0004
979,1.3193962574005127,1.4351656436920166,0.5192307692307693,0.8269230769230769,0.5,0.8571428571428571,0.0004
980,1.2902575731277466,1.3897141218185425,0.5769230769230769,0.8269230769230769,0.6428571428571429,0.8571428571428571,0.0004
981,1.2978200912475586,1.5702204704284668,0.6153846153846154,0.8269230769230769,0.5,0.8571428571428571,0.0004
982,1.3244044184684753,1.455352783203125,0.5,0.8269230769230769,0.42857142857142855,0.8571428571428571,0.0004
983,1.3669281005859375,1.629810094833374,0.5,0.8269230769230769,0.35714285714285715,0.8571428571428571,0.0004
984,1.3555904626846313,1.502652645111084,0.5961538461538461,0.8269230769230769,0.5714285714285714,0.8571428571428571,0.0004
985,1.3380420207977295,1.3328452110290527,0.5384615384615384,0.8269230769230769,0.6428571428571429,0.8571428571428571,0.0004
986,1.389312744140625,1.6617907285690308,0.5192307692307693,0.8269230769230769,0.35714285714285715,0.8571428571428571,0.0004
987,1.4674211740493774,1.3210372924804688,0.5384615384615384,0.8269230769230769,0.7142857142857143,0.8571428571428571,0.0004
988,1.429395616054535,1.4974561929702759,0.5384615384615384,0.8269230769230769,0.5,0.8571428571428571,0.0004
989,1.36989164352417,1.5068755149841309,0.5192307692307693,0.8269230769230769,0.35714285714285715,0.8571428571428571,0.0004
990,1.520869493484497,1.494429588317871,0.5192307692307693,0.8269230769230769,0.42857142857142855,0.8571428571428571,0.0004
991,1.3652912378311157,1.584984302520752,0.5769230769230769,0.8269230769230769,0.2857142857142857,0.8571428571428571,0.0004
992,1.3778098225593567,1.3134660720825195,0.46153846153846156,0.8269230769230769,0.6428571428571429,0.8571428571428571,0.0004
993,1.3690295219421387,1.3828668594360352,0.5192307692307693,0.8269230769230769,0.5714285714285714,0.8571428571428571,0.0004
994,1.3325190544128418,1.340917706489563,0.5576923076923077,0.8269230769230769,0.6428571428571429,0.8571428571428571,0.0004
995,1.360616683959961,1.4959940910339355,0.5192307692307693,0.8269230769230769,0.5,0.8571428571428571,0.0004
996,1.3880447745323181,1.4038305282592773,0.4807692307692308,0.8269230769230769,0.5,0.8571428571428571,0.0004
997,1.4161081910133362,1.4085938930511475,0.4807692307692308,0.8269230769230769,0.5,0.8571428571428571,0.0004
998,1.3447247743606567,1.6830363273620605,0.5384615384615384,0.8269230769230769,0.2857142857142857,0.8571428571428571,0.0004
999,1.3874268531799316,1.617598533630371,0.5384615384615384,0.8269230769230769,0.35714285714285715,0.8571428571428571,0.0004
1000,1.3447264432907104,1.508643388748169,0.46153846153846156,0.8269230769230769,0.42857142857142855,0.8571428571428571,0.0004
