epoch,train_loss,val_loss,train_acc_action,train_acc_status,val_acc_action,val_acc_status,learning_rate
1,1.7610675692558289,1.776965618133545,0.36538461538461536,0.8269230769230769,0.21428571428571427,0.8571428571428571,0.0004
2,1.753024697303772,1.7726595401763916,0.36538461538461536,0.8269230769230769,0.21428571428571427,0.8571428571428571,0.0004
3,1.7448207139968872,1.7676589488983154,0.36538461538461536,0.8269230769230769,0.21428571428571427,0.8571428571428571,0.0004
4,1.74699866771698,1.763047695159912,0.36538461538461536,0.8269230769230769,0.21428571428571427,0.8571428571428571,0.0004
5,1.7376090288162231,1.7572509050369263,0.36538461538461536,0.8269230769230769,0.21428571428571427,0.8571428571428571,0.0004
6,1.7290136814117432,1.749868392944336,0.36538461538461536,0.8269230769230769,0.21428571428571427,0.8571428571428571,0.0004
7,1.7048858404159546,1.742729663848877,0.36538461538461536,0.8269230769230769,0.21428571428571427,0.8571428571428571,0.0004
8,1.6987094283103943,1.7276411056518555,0.36538461538461536,0.8269230769230769,0.21428571428571427,0.8571428571428571,0.0004
9,1.6486072540283203,1.699328899383545,0.36538461538461536,0.8269230769230769,0.21428571428571427,0.8571428571428571,0.0004
10,1.624651849269867,1.6768943071365356,0.36538461538461536,0.8269230769230769,0.21428571428571427,0.8571428571428571,0.0004
11,1.605176568031311,1.6531388759613037,0.36538461538461536,0.8269230769230769,0.21428571428571427,0.8571428571428571,0.0004
12,1.5789902806282043,1.6382076740264893,0.36538461538461536,0.8269230769230769,0.21428571428571427,0.8571428571428571,0.0004
13,1.5720471143722534,1.6247918605804443,0.36538461538461536,0.8269230769230769,0.21428571428571427,0.8571428571428571,0.0004
14,1.5445396900177002,1.5729081630706787,0.36538461538461536,0.8269230769230769,0.21428571428571427,0.8571428571428571,0.0004
15,1.5148152112960815,1.560210108757019,0.36538461538461536,0.8269230769230769,0.21428571428571427,0.8571428571428571,0.0004
16,1.5832407474517822,1.5654807090759277,0.36538461538461536,0.8269230769230769,0.21428571428571427,0.8571428571428571,0.0004
17,1.5551897287368774,1.5243237018585205,0.40384615384615385,0.8269230769230769,0.35714285714285715,0.8571428571428571,0.0004
18,1.5378717184066772,1.4966845512390137,0.3269230769230769,0.8269230769230769,0.35714285714285715,0.8571428571428571,0.0004
19,1.5373076796531677,1.4983415603637695,0.3269230769230769,0.8269230769230769,0.35714285714285715,0.8571428571428571,0.0004
20,1.540691077709198,1.5097482204437256,0.3269230769230769,0.8269230769230769,0.35714285714285715,0.8571428571428571,0.0004
21,1.5371311902999878,1.4879857301712036,0.3076923076923077,0.8269230769230769,0.35714285714285715,0.8571428571428571,0.0004
22,1.547531247138977,1.5171043872833252,0.38461538461538464,0.8269230769230769,0.35714285714285715,0.8571428571428571,0.0004
23,1.5662387609481812,1.4794301986694336,0.36538461538461536,0.8269230769230769,0.5714285714285714,0.8571428571428571,0.0004
24,1.522895872592926,1.4978455305099487,0.36538461538461536,0.8269230769230769,0.42857142857142855,0.8571428571428571,0.0004
25,1.50218266248703,1.5026915073394775,0.40384615384615385,0.8269230769230769,0.35714285714285715,0.8571428571428571,0.0004
26,1.528739333152771,1.466635823249817,0.46153846153846156,0.8269230769230769,0.5,0.8571428571428571,0.0004
27,1.4659162163734436,1.5357234477996826,0.38461538461538464,0.8269230769230769,0.21428571428571427,0.8571428571428571,0.0004
28,1.5189796090126038,1.4889912605285645,0.36538461538461536,0.8269230769230769,0.21428571428571427,0.8571428571428571,0.0004
29,1.490574836730957,1.585155725479126,0.36538461538461536,0.8269230769230769,0.21428571428571427,0.8571428571428571,0.0004
30,1.5100118517875671,1.5452234745025635,0.36538461538461536,0.8269230769230769,0.21428571428571427,0.8571428571428571,0.0004
31,1.5411102771759033,1.6145973205566406,0.36538461538461536,0.8269230769230769,0.21428571428571427,0.8571428571428571,0.0004
32,1.4578539729118347,1.4434595108032227,0.36538461538461536,0.8269230769230769,0.21428571428571427,0.8571428571428571,0.0004
33,1.564956545829773,1.4807255268096924,0.36538461538461536,0.8269230769230769,0.21428571428571427,0.8571428571428571,0.0004
34,1.5360066890716553,1.5084688663482666,0.36538461538461536,0.8269230769230769,0.21428571428571427,0.8571428571428571,0.0004
35,1.4704827070236206,1.4922324419021606,0.34615384615384615,0.8269230769230769,0.21428571428571427,0.8571428571428571,0.0004
36,1.4462732672691345,1.4946597814559937,0.38461538461538464,0.8269230769230769,0.21428571428571427,0.8571428571428571,0.0004
37,1.4593995213508606,1.791736125946045,0.40384615384615385,0.8269230769230769,0.14285714285714285,0.8571428571428571,0.0004
38,1.4786733984947205,1.4496864080429077,0.38461538461538464,0.8269230769230769,0.35714285714285715,0.8571428571428571,0.0004
39,1.413308560848236,1.5257563591003418,0.4807692307692308,0.8269230769230769,0.35714285714285715,0.8571428571428571,0.0004
40,1.3774814009666443,1.6616368293762207,0.46153846153846156,0.8269230769230769,0.21428571428571427,0.8571428571428571,0.0004
41,1.4648786187171936,1.664254903793335,0.4230769230769231,0.8269230769230769,0.14285714285714285,0.8571428571428571,0.0004
42,1.3855063319206238,1.4931163787841797,0.4230769230769231,0.8269230769230769,0.21428571428571427,0.8571428571428571,0.0004
43,1.4697294235229492,1.634272813796997,0.4423076923076923,0.8269230769230769,0.21428571428571427,0.8571428571428571,0.0004
44,1.3596748113632202,1.6239029169082642,0.4807692307692308,0.8269230769230769,0.21428571428571427,0.8571428571428571,0.0004
45,1.4331684112548828,1.6789026260375977,0.46153846153846156,0.8269230769230769,0.21428571428571427,0.8571428571428571,0.0004
46,1.4690213203430176,1.4214307069778442,0.4230769230769231,0.8269230769230769,0.35714285714285715,0.8571428571428571,0.0004
47,1.4547314047813416,1.7149080038070679,0.38461538461538464,0.8269230769230769,0.2857142857142857,0.8571428571428571,0.0004
48,1.5037620067596436,1.4164894819259644,0.4230769230769231,0.8269230769230769,0.2857142857142857,0.8571428571428571,0.0004
49,1.4545419216156006,1.7004107236862183,0.40384615384615385,0.8269230769230769,0.35714285714285715,0.8571428571428571,0.0004
50,1.482107937335968,1.5039290189743042,0.4230769230769231,0.8269230769230769,0.35714285714285715,0.8571428571428571,0.0004
51,1.467916488647461,1.7151079177856445,0.36538461538461536,0.8269230769230769,0.21428571428571427,0.8571428571428571,0.0004
52,1.447651743888855,1.4751546382904053,0.4230769230769231,0.8269230769230769,0.5,0.8571428571428571,0.0004
53,1.4239226579666138,1.511114478111267,0.40384615384615385,0.8269230769230769,0.5,0.8571428571428571,0.0004
54,1.4342477321624756,1.606064796447754,0.38461538461538464,0.8269230769230769,0.42857142857142855,0.8571428571428571,0.0004
55,1.359091341495514,1.574998378753662,0.40384615384615385,0.8269230769230769,0.42857142857142855,0.8571428571428571,0.0004
56,1.459672451019287,1.5107593536376953,0.4230769230769231,0.8269230769230769,0.35714285714285715,0.8571428571428571,0.0004
57,1.2901162505149841,1.4822115898132324,0.5,0.8269230769230769,0.21428571428571427,0.8571428571428571,0.0004
58,1.314307689666748,1.489846110343933,0.4807692307692308,0.8269230769230769,0.2857142857142857,0.8571428571428571,0.0004
59,1.4061707854270935,1.4950425624847412,0.4807692307692308,0.8269230769230769,0.2857142857142857,0.8571428571428571,0.0004
60,1.5490440130233765,1.6352651119232178,0.4230769230769231,0.8269230769230769,0.21428571428571427,0.8571428571428571,0.0004
61,1.3934264779090881,1.4431343078613281,0.46153846153846156,0.8269230769230769,0.2857142857142857,0.8571428571428571,0.0004
62,1.4291143417358398,1.6746535301208496,0.46153846153846156,0.8269230769230769,0.21428571428571427,0.8571428571428571,0.0004
63,1.4368711709976196,1.667924165725708,0.46153846153846156,0.8269230769230769,0.21428571428571427,0.8571428571428571,0.0004
64,1.423153042793274,1.6124428510665894,0.4423076923076923,0.8269230769230769,0.21428571428571427,0.8571428571428571,0.0004
65,1.5122180581092834,1.4318114519119263,0.4230769230769231,0.8269230769230769,0.2857142857142857,0.8571428571428571,0.0004
66,1.2832269072532654,1.4285855293273926,0.5,0.8269230769230769,0.2857142857142857,0.8571428571428571,0.0004
67,1.42893385887146,1.590609073638916,0.4423076923076923,0.8269230769230769,0.21428571428571427,0.8571428571428571,0.0004
68,1.5110705494880676,1.5775960683822632,0.40384615384615385,0.8269230769230769,0.21428571428571427,0.8571428571428571,0.0004
69,1.4691545963287354,1.5637073516845703,0.4423076923076923,0.8269230769230769,0.21428571428571427,0.8571428571428571,0.0004
70,1.4983943700790405,1.5599908828735352,0.40384615384615385,0.8269230769230769,0.21428571428571427,0.8571428571428571,0.0004
71,1.4284273386001587,1.5480539798736572,0.46153846153846156,0.8269230769230769,0.21428571428571427,0.8571428571428571,0.0004
72,1.5065962672233582,1.5369627475738525,0.40384615384615385,0.8269230769230769,0.21428571428571427,0.8571428571428571,0.0004
73,1.5060686469078064,1.5336381196975708,0.40384615384615385,0.8269230769230769,0.21428571428571427,0.8571428571428571,0.0004
74,1.5353180766105652,1.5796899795532227,0.38461538461538464,0.8269230769230769,0.21428571428571427,0.8571428571428571,0.0004
75,1.4448383450508118,1.4140841960906982,0.4423076923076923,0.8269230769230769,0.2857142857142857,0.8571428571428571,0.0004
76,1.4610059261322021,1.5270912647247314,0.4230769230769231,0.8269230769230769,0.21428571428571427,0.8571428571428571,0.0004
77,1.4233959913253784,1.5267318487167358,0.4423076923076923,0.8269230769230769,0.21428571428571427,0.8571428571428571,0.0004
78,1.3899553418159485,1.5283914804458618,0.46153846153846156,0.8269230769230769,0.21428571428571427,0.8571428571428571,0.0004
79,1.469370722770691,1.6081589460372925,0.4423076923076923,0.8269230769230769,0.21428571428571427,0.8571428571428571,0.0004
80,1.381380558013916,1.5375127792358398,0.4807692307692308,0.8269230769230769,0.21428571428571427,0.8571428571428571,0.0004
81,1.336426854133606,1.411010980606079,0.4807692307692308,0.8269230769230769,0.2857142857142857,0.8571428571428571,0.0004
82,1.4662951231002808,1.5533008575439453,0.4230769230769231,0.8269230769230769,0.21428571428571427,0.8571428571428571,0.0004
83,1.3466399908065796,1.6487709283828735,0.46153846153846156,0.8269230769230769,0.21428571428571427,0.8571428571428571,0.0004
84,1.4620892405509949,1.3970091342926025,0.40384615384615385,0.8269230769230769,0.2857142857142857,0.8571428571428571,0.0004
85,1.4051327109336853,1.3857290744781494,0.4423076923076923,0.8269230769230769,0.2857142857142857,0.8571428571428571,0.0004
86,1.3740273118019104,1.4867112636566162,0.46153846153846156,0.8269230769230769,0.2857142857142857,0.8571428571428571,0.0004
87,1.2655385732650757,1.3834428787231445,0.4807692307692308,0.8269230769230769,0.2857142857142857,0.8571428571428571,0.0004
88,1.3731388449668884,1.4947253465652466,0.4423076923076923,0.8269230769230769,0.2857142857142857,0.8571428571428571,0.0004
89,1.326891839504242,1.5803343057632446,0.4423076923076923,0.8269230769230769,0.21428571428571427,0.8571428571428571,0.0004
90,1.4163556694984436,1.4987809658050537,0.4423076923076923,0.8269230769230769,0.2857142857142857,0.9285714285714286,0.0004
91,1.5061655640602112,1.3733927011489868,0.4230769230769231,0.8461538461538461,0.2857142857142857,0.9285714285714286,0.0004
92,1.2095975279808044,1.586483359336853,0.4807692307692308,0.9423076923076923,0.21428571428571427,0.8571428571428571,0.0004
93,1.198161542415619,1.5884774923324585,0.5192307692307693,0.9615384615384616,0.21428571428571427,0.8571428571428571,0.0004
94,1.332984745502472,1.72811758518219,0.46153846153846156,0.9038461538461539,0.21428571428571427,0.7857142857142857,0.0004
95,1.4102937579154968,1.7344858646392822,0.4423076923076923,0.8653846153846154,0.21428571428571427,0.7857142857142857,0.0004
96,1.3890900611877441,1.733952283859253,0.4423076923076923,0.8846153846153846,0.21428571428571427,0.7857142857142857,0.0004
97,1.2900561094284058,1.35517156124115,0.46153846153846156,0.9038461538461539,0.2857142857142857,0.9285714285714286,0.0004
98,1.183052897453308,1.3593175411224365,0.5192307692307693,0.9038461538461539,0.2857142857142857,0.9285714285714286,0.0004
99,1.5473219156265259,1.6894854307174683,0.4230769230769231,0.7884615384615384,0.21428571428571427,0.7857142857142857,0.0004
100,1.327331304550171,2.0036661624908447,0.46153846153846156,0.9038461538461539,0.21428571428571427,0.6428571428571429,0.0004
101,1.2467617988586426,1.3851011991500854,0.5,0.9038461538461539,0.2857142857142857,0.8571428571428571,0.0004
102,1.3502826690673828,1.7507905960083008,0.5192307692307693,0.8269230769230769,0.2857142857142857,0.7142857142857143,0.0004
103,1.3203676342964172,1.7595164775848389,0.4807692307692308,0.8653846153846154,0.2857142857142857,0.7142857142857143,0.0004
104,1.2687262296676636,1.4945971965789795,0.5192307692307693,0.8461538461538461,0.42857142857142855,0.7142857142857143,0.0004
105,1.1954354643821716,1.6176732778549194,0.5576923076923077,0.8846153846153846,0.35714285714285715,0.7142857142857143,0.0004
106,1.231564700603485,1.5093190670013428,0.5384615384615384,0.8461538461538461,0.35714285714285715,0.7857142857142857,0.0004
107,1.2285339832305908,1.6665570735931396,0.5,0.8846153846153846,0.21428571428571427,0.7857142857142857,0.0004
108,1.457804262638092,1.7216047048568726,0.46153846153846156,0.8269230769230769,0.21428571428571427,0.8571428571428571,0.0004
109,1.5048349499702454,1.4364274740219116,0.4423076923076923,0.8846153846153846,0.2857142857142857,0.9285714285714286,0.0004
110,1.2953866124153137,1.7177772521972656,0.4807692307692308,0.9423076923076923,0.21428571428571427,0.8571428571428571,0.0004
111,1.4018784165382385,1.9443788528442383,0.46153846153846156,0.9038461538461539,0.14285714285714285,0.7142857142857143,0.0004
112,1.256966769695282,1.6820430755615234,0.5,0.9423076923076923,0.21428571428571427,0.8571428571428571,0.0004
113,1.626646637916565,1.764695405960083,0.40384615384615385,0.8653846153846154,0.21428571428571427,0.7857142857142857,0.0004
114,1.6957651376724243,1.6337366104125977,0.36538461538461536,0.8269230769230769,0.21428571428571427,0.8571428571428571,0.0004
115,1.706684410572052,1.613822102546692,0.36538461538461536,0.8269230769230769,0.21428571428571427,0.8571428571428571,0.0004
116,1.681149423122406,1.5832536220550537,0.36538461538461536,0.8269230769230769,0.21428571428571427,0.8571428571428571,0.0004
117,1.683089554309845,1.5628904104232788,0.36538461538461536,0.8269230769230769,0.21428571428571427,0.8571428571428571,0.0004
118,1.6627048254013062,1.547140121459961,0.36538461538461536,0.8269230769230769,0.21428571428571427,0.8571428571428571,0.0004
119,1.5581912398338318,1.5382442474365234,0.28846153846153844,0.8269230769230769,0.35714285714285715,0.8571428571428571,0.0004
120,1.501800000667572,1.5287573337554932,0.3269230769230769,0.8653846153846154,0.35714285714285715,0.8571428571428571,0.0004
121,1.579455316066742,1.525156021118164,0.3269230769230769,0.8269230769230769,0.35714285714285715,0.8571428571428571,0.0004
122,1.5383398532867432,1.5289686918258667,0.3269230769230769,0.8269230769230769,0.35714285714285715,0.8571428571428571,0.0004
123,1.5618684887886047,1.6236062049865723,0.3269230769230769,0.8269230769230769,0.35714285714285715,0.7857142857142857,0.0004
124,1.521828830242157,1.5261852741241455,0.3269230769230769,0.8461538461538461,0.35714285714285715,0.8571428571428571,0.0004
125,1.5671000480651855,1.52174711227417,0.3269230769230769,0.8269230769230769,0.35714285714285715,0.8571428571428571,0.0004
126,1.5638892650604248,1.6359251737594604,0.3269230769230769,0.8269230769230769,0.2857142857142857,0.7857142857142857,0.0004
127,1.5905770063400269,1.5379692316055298,0.36538461538461536,0.8269230769230769,0.21428571428571427,0.8571428571428571,0.0004
128,1.5594986081123352,1.5415942668914795,0.36538461538461536,0.8269230769230769,0.21428571428571427,0.8571428571428571,0.0004
129,1.578941822052002,1.5458732843399048,0.36538461538461536,0.8269230769230769,0.21428571428571427,0.8571428571428571,0.0004
130,1.5628404021263123,1.551845908164978,0.36538461538461536,0.8269230769230769,0.21428571428571427,0.8571428571428571,0.0004
131,1.5559095740318298,1.5552510023117065,0.36538461538461536,0.8269230769230769,0.21428571428571427,0.8571428571428571,0.0004
132,1.5720098614692688,1.556247591972351,0.36538461538461536,0.8269230769230769,0.21428571428571427,0.8571428571428571,0.0004
133,1.5837432742118835,1.5531467199325562,0.36538461538461536,0.8269230769230769,0.21428571428571427,0.8571428571428571,0.0004
134,1.5377262234687805,1.6337782144546509,0.36538461538461536,0.8269230769230769,0.21428571428571427,0.7857142857142857,0.0004
135,1.5846288204193115,1.5582302808761597,0.36538461538461536,0.8269230769230769,0.21428571428571427,0.8571428571428571,0.0004
136,1.556077003479004,1.5557929277420044,0.36538461538461536,0.8269230769230769,0.21428571428571427,0.8571428571428571,0.0004
137,1.570715069770813,1.5546458959579468,0.36538461538461536,0.8269230769230769,0.21428571428571427,0.8571428571428571,0.0004
138,1.5413250923156738,1.5542622804641724,0.38461538461538464,0.8461538461538461,0.21428571428571427,0.8571428571428571,0.0004
139,1.5922385454177856,1.5476014614105225,0.36538461538461536,0.8269230769230769,0.21428571428571427,0.8571428571428571,0.0004
140,1.5243598222732544,1.5541090965270996,0.36538461538461536,0.8269230769230769,0.21428571428571427,0.8571428571428571,0.0004
141,1.561585545539856,1.5440857410430908,0.36538461538461536,0.8269230769230769,0.21428571428571427,0.8571428571428571,0.0004
142,1.402937889099121,1.5368945598602295,0.4423076923076923,0.9038461538461539,0.21428571428571427,0.8571428571428571,0.0004
143,1.4979111552238464,1.549971103668213,0.38461538461538464,0.8461538461538461,0.21428571428571427,0.8571428571428571,0.0004
144,1.5245811343193054,1.539351463317871,0.36538461538461536,0.8269230769230769,0.21428571428571427,0.8571428571428571,0.0004
145,1.5080869793891907,1.5369830131530762,0.38461538461538464,0.8461538461538461,0.21428571428571427,0.8571428571428571,0.0004
146,1.4432732462882996,1.5452967882156372,0.4230769230769231,0.8846153846153846,0.21428571428571427,0.8571428571428571,0.0004
147,1.5402244329452515,1.5392935276031494,0.38461538461538464,0.8269230769230769,0.21428571428571427,0.8571428571428571,0.0004
148,1.425840139389038,1.5437272787094116,0.4230769230769231,0.8846153846153846,0.21428571428571427,0.8571428571428571,0.0004
149,1.4746325612068176,1.5495977401733398,0.40384615384615385,0.8653846153846154,0.21428571428571427,0.8571428571428571,0.0004
150,1.4442312717437744,1.5524749755859375,0.40384615384615385,0.8653846153846154,0.21428571428571427,0.8571428571428571,0.0004
151,1.38825923204422,1.6993470191955566,0.4423076923076923,0.9038461538461539,0.21428571428571427,0.7857142857142857,0.0004
152,1.2339434623718262,1.55910062789917,0.4807692307692308,0.9423076923076923,0.21428571428571427,0.8571428571428571,0.0004
153,1.4584400057792664,1.5158348083496094,0.4230769230769231,0.8653846153846154,0.2857142857142857,0.8571428571428571,0.0004
154,1.397001326084137,1.5888793468475342,0.4423076923076923,0.8846153846153846,0.21428571428571427,0.8571428571428571,0.0004
155,1.3407388925552368,1.7161626815795898,0.4423076923076923,0.9038461538461539,0.2857142857142857,0.7857142857142857,0.0004
156,1.3554547429084778,1.3568129539489746,0.4423076923076923,0.9038461538461539,0.2857142857142857,0.9285714285714286,0.0004
157,1.3444321751594543,1.924835205078125,0.4423076923076923,0.9038461538461539,0.21428571428571427,0.7142857142857143,0.0004
158,1.4124779105186462,1.716343879699707,0.46153846153846156,0.8846153846153846,0.21428571428571427,0.7857142857142857,0.0004
159,1.2760238647460938,1.5411319732666016,0.4423076923076923,0.9038461538461539,0.2857142857142857,0.8571428571428571,0.0004
160,1.339866280555725,1.7318264245986938,0.46153846153846156,0.9038461538461539,0.21428571428571427,0.7857142857142857,0.0004
161,1.4102228879928589,1.7882297039031982,0.46153846153846156,0.8846153846153846,0.14285714285714285,0.7857142857142857,0.0004
162,1.3768923878669739,1.580789566040039,0.4423076923076923,0.8846153846153846,0.21428571428571427,0.8571428571428571,0.0004
163,1.349659264087677,1.3427152633666992,0.4423076923076923,0.8846153846153846,0.2857142857142857,0.9285714285714286,0.0004
164,1.377654790878296,1.5936225652694702,0.46153846153846156,0.9038461538461539,0.21428571428571427,0.8571428571428571,0.0004
165,1.3027138710021973,1.5327244997024536,0.46153846153846156,0.9230769230769231,0.21428571428571427,0.8571428571428571,0.0004
166,1.3002713918685913,1.754781723022461,0.46153846153846156,0.9230769230769231,0.21428571428571427,0.7857142857142857,0.0004
167,1.3229865431785583,1.5931148529052734,0.4423076923076923,0.9038461538461539,0.21428571428571427,0.8571428571428571,0.0004
168,1.292987585067749,1.5884732007980347,0.4807692307692308,0.9230769230769231,0.21428571428571427,0.8571428571428571,0.0004
169,1.5082171559333801,1.5764092206954956,0.38461538461538464,0.8461538461538461,0.21428571428571427,0.8571428571428571,0.0004
170,1.3110781908035278,1.3294035196304321,0.46153846153846156,0.9230769230769231,0.2857142857142857,0.9285714285714286,0.0004
171,1.2389855980873108,1.4990580081939697,0.4807692307692308,0.9423076923076923,0.2857142857142857,0.8571428571428571,0.0004
172,1.4861072301864624,1.576162338256836,0.4230769230769231,0.8653846153846154,0.21428571428571427,0.8571428571428571,0.0004
173,1.3881635665893555,1.5670356750488281,0.4230769230769231,0.8846153846153846,0.21428571428571427,0.8571428571428571,0.0004
174,1.3193650841712952,1.7313895225524902,0.4423076923076923,0.9038461538461539,0.21428571428571427,0.7857142857142857,0.0004
175,1.3929646015167236,1.7341254949569702,0.4230769230769231,0.8846153846153846,0.21428571428571427,0.7857142857142857,0.0004
176,1.4251639246940613,1.7531993389129639,0.4230769230769231,0.8846153846153846,0.21428571428571427,0.7857142857142857,0.0004
177,1.3589633107185364,1.5618047714233398,0.4423076923076923,0.9038461538461539,0.21428571428571427,0.8571428571428571,0.0004
178,1.5003987550735474,1.5480320453643799,0.38461538461538464,0.8461538461538461,0.21428571428571427,0.8571428571428571,0.0004
179,1.2234066724777222,1.5656812191009521,0.4807692307692308,0.9423076923076923,0.21428571428571427,0.8571428571428571,0.0004
180,1.3939175009727478,1.5518555641174316,0.4423076923076923,0.9038461538461539,0.21428571428571427,0.8571428571428571,0.0004
181,1.3637717366218567,1.5438635349273682,0.4230769230769231,0.8846153846153846,0.21428571428571427,0.8571428571428571,0.0004
182,1.372263252735138,1.5598692893981934,0.4230769230769231,0.8846153846153846,0.21428571428571427,0.8571428571428571,0.0004
183,1.4472107887268066,1.323122501373291,0.40384615384615385,0.8653846153846154,0.2857142857142857,0.9285714285714286,0.0004
184,1.449227750301361,1.5451295375823975,0.38461538461538464,0.8461538461538461,0.21428571428571427,0.8571428571428571,0.0004
185,1.3202334642410278,1.7855820655822754,0.4423076923076923,0.9038461538461539,0.21428571428571427,0.7857142857142857,0.0004
186,1.331369161605835,1.5188037157058716,0.4230769230769231,0.8846153846153846,0.21428571428571427,0.8571428571428571,0.0004
187,1.529924988746643,1.8148893117904663,0.40384615384615385,0.8461538461538461,0.21428571428571427,0.7857142857142857,0.0004
188,1.420211374759674,1.5246644020080566,0.4230769230769231,0.8846153846153846,0.21428571428571427,0.8571428571428571,0.0004
189,1.3230698704719543,1.5354207754135132,0.4423076923076923,0.9038461538461539,0.21428571428571427,0.8571428571428571,0.0004
190,1.3699418306350708,1.5405901670455933,0.4230769230769231,0.8846153846153846,0.21428571428571427,0.8571428571428571,0.0004
191,1.35616934299469,1.5157289505004883,0.4230769230769231,0.8846153846153846,0.21428571428571427,0.8571428571428571,0.0004
192,1.4422169923782349,1.484398365020752,0.40384615384615385,0.8653846153846154,0.21428571428571427,0.8571428571428571,0.0004
193,1.2162442803382874,1.4864578247070312,0.4423076923076923,0.9230769230769231,0.2857142857142857,0.8571428571428571,0.0004
194,1.2861483097076416,1.6272871494293213,0.4807692307692308,0.9230769230769231,0.14285714285714285,0.8571428571428571,0.0004
195,1.225071668624878,1.5962518453598022,0.46153846153846156,0.9423076923076923,0.14285714285714285,0.8571428571428571,0.0004
196,1.2277458310127258,1.5097966194152832,0.5,0.9230769230769231,0.21428571428571427,0.8571428571428571,0.0004
197,1.3069599270820618,1.5616858005523682,0.40384615384615385,0.8846153846153846,0.21428571428571427,0.8571428571428571,0.0004
198,1.1802929639816284,2.1311192512512207,0.4423076923076923,0.9423076923076923,0.21428571428571427,0.7142857142857143,0.0004
199,1.73605877161026,2.0782058238983154,0.40384615384615385,0.8076923076923077,0.2857142857142857,0.7857142857142857,0.0004
200,1.591654896736145,1.6339443922042847,0.4230769230769231,0.8461538461538461,0.35714285714285715,0.8571428571428571,0.0004
201,1.492668628692627,1.4806451797485352,0.5,0.8269230769230769,0.2857142857142857,0.8571428571428571,0.0004
202,1.3868310451507568,1.6864798069000244,0.4807692307692308,0.8461538461538461,0.21428571428571427,0.8571428571428571,0.0004
203,1.5280823707580566,1.597778558731079,0.38461538461538464,0.8269230769230769,0.21428571428571427,0.8571428571428571,0.0004
204,1.4719344973564148,1.3940985202789307,0.40384615384615385,0.8269230769230769,0.2857142857142857,0.8571428571428571,0.0004
205,1.5338975191116333,1.4361716508865356,0.40384615384615385,0.8269230769230769,0.35714285714285715,0.8571428571428571,0.0004
206,1.4005849957466125,1.5564991235733032,0.5576923076923077,0.8269230769230769,0.2857142857142857,0.8571428571428571,0.0004
207,1.3950238823890686,1.5147619247436523,0.4230769230769231,0.8269230769230769,0.2857142857142857,0.8571428571428571,0.0004
208,1.3956691026687622,1.5539138317108154,0.4230769230769231,0.8269230769230769,0.35714285714285715,0.8571428571428571,0.0004
209,1.4772892594337463,1.3047382831573486,0.4230769230769231,0.8269230769230769,0.42857142857142855,0.8571428571428571,0.0004
210,1.378995954990387,1.5295724868774414,0.4423076923076923,0.8269230769230769,0.2857142857142857,0.8571428571428571,0.0004
211,1.3637974858283997,1.6175134181976318,0.5,0.8269230769230769,0.21428571428571427,0.8571428571428571,0.0004
212,1.260193407535553,1.4337985515594482,0.46153846153846156,0.8269230769230769,0.5,0.8571428571428571,0.0004
213,1.449147343635559,1.4811204671859741,0.4230769230769231,0.8269230769230769,0.5,0.8571428571428571,0.0004
214,1.3267406225204468,1.7366905212402344,0.4230769230769231,0.8269230769230769,0.35714285714285715,0.8571428571428571,0.0004
215,1.444003939628601,1.3901506662368774,0.38461538461538464,0.8461538461538461,0.5,0.9285714285714286,0.0004
216,1.4096872806549072,1.8565502166748047,0.40384615384615385,0.8653846153846154,0.2857142857142857,0.7142857142857143,0.0004
217,1.2856369018554688,1.3546900749206543,0.4230769230769231,0.9423076923076923,0.5,0.9285714285714286,0.0004
218,1.3478899002075195,1.9540274143218994,0.40384615384615385,0.8461538461538461,0.2857142857142857,0.6428571428571429,0.0004
219,1.3892287015914917,1.774623155593872,0.4230769230769231,0.8461538461538461,0.14285714285714285,0.7142857142857143,0.0004
220,1.3539408445358276,1.447601556777954,0.40384615384615385,0.8269230769230769,0.21428571428571427,0.8571428571428571,0.0004
221,1.5412697792053223,1.5550397634506226,0.36538461538461536,0.8269230769230769,0.21428571428571427,0.8571428571428571,0.0004
222,1.5052635073661804,1.5622131824493408,0.38461538461538464,0.8461538461538461,0.2857142857142857,0.8571428571428571,0.0004
223,1.522163987159729,1.5227144956588745,0.46153846153846156,0.8461538461538461,0.35714285714285715,0.8571428571428571,0.0004
224,1.5419666171073914,1.4996609687805176,0.4423076923076923,0.8269230769230769,0.35714285714285715,0.8571428571428571,0.0004
225,1.5206041932106018,1.482496976852417,0.36538461538461536,0.8269230769230769,0.35714285714285715,0.8571428571428571,0.0004
226,1.5522717237472534,1.518641710281372,0.36538461538461536,0.8269230769230769,0.2857142857142857,0.8571428571428571,0.0004
227,1.526454746723175,1.5695319175720215,0.3076923076923077,0.8269230769230769,0.2857142857142857,0.8571428571428571,0.0004
228,1.4795112013816833,1.526784896850586,0.38461538461538464,0.8269230769230769,0.35714285714285715,0.8571428571428571,0.0004
229,1.5177260041236877,1.535282015800476,0.38461538461538464,0.8269230769230769,0.35714285714285715,0.8571428571428571,0.0004
230,1.4665433764457703,1.4843828678131104,0.36538461538461536,0.8269230769230769,0.2857142857142857,0.8571428571428571,0.0004
231,1.5136964321136475,1.504512071609497,0.46153846153846156,0.8269230769230769,0.21428571428571427,0.8571428571428571,0.0004
232,1.486599862575531,1.5493093729019165,0.4230769230769231,0.8269230769230769,0.2857142857142857,0.8571428571428571,0.0004
233,1.470875084400177,1.5976485013961792,0.46153846153846156,0.8269230769230769,0.21428571428571427,0.8571428571428571,0.0004
234,1.4556155800819397,1.4813032150268555,0.4230769230769231,0.8269230769230769,0.35714285714285715,0.8571428571428571,0.0004
235,1.4486870169639587,1.5480802059173584,0.4230769230769231,0.8269230769230769,0.2857142857142857,0.8571428571428571,0.0004
236,1.3818736672401428,1.5391157865524292,0.4423076923076923,0.8269230769230769,0.21428571428571427,0.8571428571428571,0.0004
237,1.3905869126319885,1.5382764339447021,0.46153846153846156,0.8269230769230769,0.21428571428571427,0.8571428571428571,0.0004
238,1.4570152163505554,1.4289724826812744,0.4230769230769231,0.8269230769230769,0.2857142857142857,0.8571428571428571,0.0004
239,1.3745816946029663,1.4510009288787842,0.4423076923076923,0.8269230769230769,0.2857142857142857,0.8571428571428571,0.0004
240,1.3837244510650635,1.484822154045105,0.38461538461538464,0.8269230769230769,0.21428571428571427,0.8571428571428571,0.0004
241,1.3211065530776978,1.4640392065048218,0.5192307692307693,0.8269230769230769,0.21428571428571427,0.8571428571428571,0.0004
242,1.4372294545173645,1.639604926109314,0.4230769230769231,0.8269230769230769,0.14285714285714285,0.8571428571428571,0.0004
243,1.377445936203003,1.4960832595825195,0.46153846153846156,0.8269230769230769,0.2857142857142857,0.8571428571428571,0.0004
244,1.3325536847114563,1.437412977218628,0.4230769230769231,0.8269230769230769,0.21428571428571427,0.8571428571428571,0.0004
245,1.2564899325370789,1.5542526245117188,0.46153846153846156,0.8846153846153846,0.21428571428571427,0.7857142857142857,0.0004
246,1.2854942083358765,1.4533694982528687,0.4807692307692308,0.9038461538461539,0.2857142857142857,0.8571428571428571,0.0004
247,1.2139081954956055,1.666198492050171,0.4807692307692308,0.9423076923076923,0.2857142857142857,0.7857142857142857,0.0004
248,1.3515563607215881,1.5600316524505615,0.4423076923076923,0.8653846153846154,0.21428571428571427,0.8571428571428571,0.0004
249,1.3251463770866394,1.4887518882751465,0.4423076923076923,0.9038461538461539,0.2857142857142857,0.8571428571428571,0.0004
250,1.4085435271263123,1.4524469375610352,0.40384615384615385,0.8461538461538461,0.21428571428571427,0.8571428571428571,0.0004
251,1.4983124732971191,1.5753566026687622,0.40384615384615385,0.8269230769230769,0.14285714285714285,0.8571428571428571,0.0004
252,1.371746003627777,1.5313897132873535,0.4423076923076923,0.8846153846153846,0.21428571428571427,0.8571428571428571,0.0004
253,1.4263468384742737,1.597217082977295,0.4230769230769231,0.8269230769230769,0.21428571428571427,0.8571428571428571,0.0004
254,1.4214813709259033,1.5635101795196533,0.4807692307692308,0.8269230769230769,0.21428571428571427,0.8571428571428571,0.0004
255,1.418561041355133,1.4730396270751953,0.4423076923076923,0.8269230769230769,0.42857142857142855,0.8571428571428571,0.0004
256,1.4391002655029297,1.5691096782684326,0.4807692307692308,0.8269230769230769,0.21428571428571427,0.8571428571428571,0.0004
257,1.3604549169540405,1.4559237957000732,0.5576923076923077,0.8269230769230769,0.42857142857142855,0.8571428571428571,0.0004
258,1.3565007448196411,1.3955284357070923,0.5,0.8269230769230769,0.5714285714285714,0.8571428571428571,0.0004
259,1.3143324255943298,1.531173825263977,0.5576923076923077,0.8269230769230769,0.35714285714285715,0.8571428571428571,0.0004
260,1.350134551525116,1.4770405292510986,0.46153846153846156,0.8269230769230769,0.42857142857142855,0.8571428571428571,0.0004
261,1.2518188953399658,1.5038553476333618,0.40384615384615385,0.8269230769230769,0.35714285714285715,0.8571428571428571,0.0004
262,1.2923669815063477,1.3403617143630981,0.5192307692307693,0.8269230769230769,0.5714285714285714,0.9285714285714286,0.0004
263,1.3399165868759155,1.3689804077148438,0.4423076923076923,0.9038461538461539,0.35714285714285715,0.9285714285714286,0.0004
264,1.2957016825675964,1.6111230850219727,0.4423076923076923,0.9230769230769231,0.35714285714285715,0.7857142857142857,0.0004
265,1.3222342729568481,1.5414533615112305,0.4807692307692308,0.8846153846153846,0.21428571428571427,0.8571428571428571,0.0004
266,1.2870986461639404,1.5166091918945312,0.4423076923076923,0.8846153846153846,0.2857142857142857,0.8571428571428571,0.0004
267,1.3073893785476685,1.574082612991333,0.5192307692307693,0.8846153846153846,0.14285714285714285,0.8571428571428571,0.0004
268,1.3777907490730286,1.950693130493164,0.4230769230769231,0.8846153846153846,0.21428571428571427,0.7142857142857143,0.0004
269,1.238980770111084,1.6309391260147095,0.4423076923076923,0.9423076923076923,0.14285714285714285,0.8571428571428571,0.0004
270,1.2002785801887512,1.684814453125,0.46153846153846156,0.9423076923076923,0.21428571428571427,0.7857142857142857,0.0004
271,1.3697769045829773,1.6311776638031006,0.4807692307692308,0.8653846153846154,0.21428571428571427,0.8571428571428571,0.0004
272,1.4370588660240173,1.5305041074752808,0.4230769230769231,0.8269230769230769,0.21428571428571427,0.8571428571428571,0.0004
273,1.315803050994873,1.5221362113952637,0.5192307692307693,0.8461538461538461,0.5,0.7857142857142857,0.0004
274,1.3399925827980042,1.8154597282409668,0.46153846153846156,0.8653846153846154,0.35714285714285715,0.7142857142857143,0.0004
275,1.4037847518920898,1.7899359464645386,0.4807692307692308,0.8653846153846154,0.35714285714285715,0.7142857142857143,0.0004
276,1.2971470355987549,1.397089958190918,0.5,0.8653846153846154,0.35714285714285715,0.9285714285714286,0.0004
277,1.274170696735382,1.7548785209655762,0.5,0.8846153846153846,0.21428571428571427,0.7857142857142857,0.0004
278,1.3298370838165283,1.6044241189956665,0.4230769230769231,0.8653846153846154,0.2857142857142857,0.7857142857142857,0.0004
279,1.2150000929832458,1.71742582321167,0.5192307692307693,0.9038461538461539,0.2857142857142857,0.8571428571428571,0.0004
280,1.1204042434692383,1.3355759382247925,0.5576923076923077,0.9615384615384616,0.42857142857142855,0.8571428571428571,0.0004
281,1.2141269445419312,1.8799059391021729,0.5192307692307693,0.9230769230769231,0.2857142857142857,0.7857142857142857,0.0004
282,1.2881700992584229,1.8426159620285034,0.46153846153846156,0.9038461538461539,0.21428571428571427,0.7142857142857143,0.0004
283,1.2734732031822205,1.4032669067382812,0.4230769230769231,0.8846153846153846,0.35714285714285715,0.9285714285714286,0.0004
284,1.304798185825348,1.6416234970092773,0.4230769230769231,0.8846153846153846,0.35714285714285715,0.8571428571428571,0.0004
285,1.623253583908081,1.628800630569458,0.34615384615384615,0.8076923076923077,0.35714285714285715,0.8571428571428571,0.0004
286,1.6674275398254395,1.7114976644515991,0.3076923076923077,0.8269230769230769,0.2857142857142857,0.8571428571428571,0.0004
287,1.522114872932434,1.627040147781372,0.4230769230769231,0.8269230769230769,0.21428571428571427,0.8571428571428571,0.0004
288,1.3541431427001953,1.5991594791412354,0.46153846153846156,0.8269230769230769,0.21428571428571427,0.8571428571428571,0.0004
289,1.2839953303337097,1.3477023839950562,0.5192307692307693,0.9615384615384616,0.2857142857142857,0.9285714285714286,0.0004
290,1.3504985570907593,1.3863216638565063,0.4230769230769231,0.9038461538461539,0.35714285714285715,0.9285714285714286,0.0004
291,1.2138542532920837,1.5751513242721558,0.5,0.9038461538461539,0.2857142857142857,0.8571428571428571,0.0004
292,1.285480260848999,1.4112486839294434,0.40384615384615385,0.9615384615384616,0.2857142857142857,0.9285714285714286,0.0004
293,1.2906030416488647,1.6285369396209717,0.46153846153846156,0.8653846153846154,0.21428571428571427,0.8571428571428571,0.0004
294,1.211959421634674,1.492128849029541,0.5192307692307693,0.9230769230769231,0.21428571428571427,0.9285714285714286,0.0004
295,1.2689571976661682,1.4654037952423096,0.46153846153846156,0.9038461538461539,0.2857142857142857,0.8571428571428571,0.0004
296,1.163248896598816,1.3504352569580078,0.4423076923076923,0.9615384615384616,0.2857142857142857,0.9285714285714286,0.0004
297,1.1401411890983582,1.523110270500183,0.46153846153846156,0.9615384615384616,0.2857142857142857,0.8571428571428571,0.0004
298,1.314725935459137,1.6059949398040771,0.4423076923076923,0.8653846153846154,0.21428571428571427,0.8571428571428571,0.0004
299,1.2336316108703613,1.6849867105484009,0.46153846153846156,0.9230769230769231,0.14285714285714285,0.8571428571428571,0.0004
300,1.2831369638442993,1.5597074031829834,0.46153846153846156,0.9230769230769231,0.21428571428571427,0.8571428571428571,0.0004
301,1.2906673550605774,1.5368999242782593,0.46153846153846156,0.8653846153846154,0.21428571428571427,0.8571428571428571,0.0004
302,1.3114162683486938,1.3714858293533325,0.4230769230769231,0.9038461538461539,0.2857142857142857,0.9285714285714286,0.0004
303,1.1633135676383972,1.370105504989624,0.5192307692307693,0.9423076923076923,0.2857142857142857,0.9285714285714286,0.0004
304,1.2072654962539673,1.7257039546966553,0.46153846153846156,0.9423076923076923,0.21428571428571427,0.7857142857142857,0.0004
305,1.144356369972229,1.5568358898162842,0.4807692307692308,0.9615384615384616,0.2857142857142857,0.8571428571428571,0.0004
306,1.4524174332618713,1.60164213180542,0.4230769230769231,0.8653846153846154,0.2857142857142857,0.8571428571428571,0.0004
307,1.2585281729698181,1.340478777885437,0.4807692307692308,0.9230769230769231,0.21428571428571427,0.9285714285714286,0.0004
308,1.0462307333946228,1.5278569459915161,0.5,0.9807692307692307,0.21428571428571427,0.8571428571428571,0.0004
309,1.2150574326515198,1.64046049118042,0.46153846153846156,0.9230769230769231,0.21428571428571427,0.8571428571428571,0.0004
310,1.2596529722213745,1.6222164630889893,0.5192307692307693,0.9230769230769231,0.21428571428571427,0.8571428571428571,0.0004
311,1.2752211689949036,1.6608850955963135,0.46153846153846156,0.9230769230769231,0.21428571428571427,0.8571428571428571,0.0004
312,1.1036409139633179,1.6376299858093262,0.5,0.9423076923076923,0.21428571428571427,0.8571428571428571,0.0004
313,1.2381993532180786,1.608649730682373,0.4807692307692308,0.9230769230769231,0.21428571428571427,0.8571428571428571,0.0004
314,1.210347056388855,1.5824649333953857,0.5,0.9230769230769231,0.21428571428571427,0.8571428571428571,0.0004
315,1.3813292384147644,1.7223117351531982,0.4423076923076923,0.8461538461538461,0.2857142857142857,0.7857142857142857,0.0004
316,1.2680215239524841,1.5080950260162354,0.4807692307692308,0.9230769230769231,0.21428571428571427,0.8571428571428571,0.0004
317,1.3710711002349854,1.3772382736206055,0.5,0.8846153846153846,0.2857142857142857,0.8571428571428571,0.0004
318,1.1107623279094696,1.6566344499588013,0.5,0.9423076923076923,0.21428571428571427,0.7857142857142857,0.0004
319,1.278933048248291,1.580352783203125,0.40384615384615385,0.9230769230769231,0.21428571428571427,0.8571428571428571,0.0004
320,1.1523894667625427,1.4840461015701294,0.46153846153846156,0.9423076923076923,0.2857142857142857,0.8571428571428571,0.0004
321,1.3297896981239319,1.8552073240280151,0.4807692307692308,0.9230769230769231,0.21428571428571427,0.7857142857142857,0.0004
322,1.419490098953247,1.581872582435608,0.4807692307692308,0.8269230769230769,0.21428571428571427,0.8571428571428571,0.0004
323,1.2094423174858093,1.6948058605194092,0.5384615384615384,0.8269230769230769,0.21428571428571427,0.8571428571428571,0.0004
324,1.2616172432899475,1.4644813537597656,0.5192307692307693,0.8461538461538461,0.2857142857142857,0.8571428571428571,0.0004
325,1.0996787548065186,1.428508996963501,0.5384615384615384,0.9423076923076923,0.2857142857142857,0.8571428571428571,0.0004
326,1.202038586139679,1.2781851291656494,0.46153846153846156,0.9615384615384616,0.2857142857142857,0.9285714285714286,0.0004
327,1.4072660207748413,1.596074104309082,0.40384615384615385,0.9038461538461539,0.21428571428571427,0.8571428571428571,0.0004
328,1.1692754030227661,1.4917105436325073,0.40384615384615385,0.9423076923076923,0.2857142857142857,0.8571428571428571,0.0004
329,1.3143415451049805,1.550232172012329,0.40384615384615385,0.9230769230769231,0.21428571428571427,0.8571428571428571,0.0004
330,1.2154566645622253,1.3053430318832397,0.4807692307692308,0.9038461538461539,0.2857142857142857,0.9285714285714286,0.0004
331,1.1891016364097595,1.8834950923919678,0.46153846153846156,0.9423076923076923,0.21428571428571427,0.7857142857142857,0.0004
332,1.2228515148162842,1.6868070363998413,0.4807692307692308,0.9423076923076923,0.21428571428571427,0.8571428571428571,0.0004
333,1.0891302525997162,1.9331891536712646,0.5192307692307693,0.9807692307692307,0.21428571428571427,0.7857142857142857,0.0004
334,1.2873103022575378,1.9136338233947754,0.46153846153846156,0.9230769230769231,0.21428571428571427,0.7857142857142857,0.0004
335,1.1356112360954285,1.5810974836349487,0.5,0.9423076923076923,0.21428571428571427,0.8571428571428571,0.0004
336,1.0936705470085144,1.5510053634643555,0.5192307692307693,0.9615384615384616,0.2857142857142857,0.8571428571428571,0.0004
337,1.1763283014297485,1.638258695602417,0.4807692307692308,0.9423076923076923,0.21428571428571427,0.8571428571428571,0.0004
338,1.5011349320411682,1.6492044925689697,0.4230769230769231,0.8653846153846154,0.2857142857142857,0.8571428571428571,0.0004
339,1.1793612837791443,1.9036171436309814,0.4230769230769231,0.9423076923076923,0.21428571428571427,0.7857142857142857,0.0004
340,1.2221561670303345,1.7830798625946045,0.4230769230769231,0.9423076923076923,0.2857142857142857,0.7857142857142857,0.0004
341,1.2670350074768066,1.680867314338684,0.5,0.9230769230769231,0.21428571428571427,0.8571428571428571,0.0004
342,1.057170569896698,1.4618277549743652,0.4423076923076923,0.9423076923076923,0.21428571428571427,0.8571428571428571,0.0004
343,1.2472156882286072,1.6771135330200195,0.46153846153846156,0.9230769230769231,0.5714285714285714,0.7857142857142857,0.0004
344,1.1229731440544128,1.4640288352966309,0.5192307692307693,0.9423076923076923,0.42857142857142855,0.8571428571428571,0.0004
345,1.2234665751457214,1.3577954769134521,0.5384615384615384,0.9230769230769231,0.42857142857142855,0.9285714285714286,0.0004
346,1.1796100735664368,1.2835972309112549,0.5769230769230769,0.9038461538461539,0.5714285714285714,0.9285714285714286,0.0004
347,1.3028399348258972,1.4787811040878296,0.46153846153846156,0.8846153846153846,0.5714285714285714,0.8571428571428571,0.0004
348,1.1012995839118958,1.472657322883606,0.5192307692307693,0.9423076923076923,0.5,0.8571428571428571,0.0004
349,1.0828290581703186,1.50787353515625,0.5961538461538461,0.9615384615384616,0.35714285714285715,0.8571428571428571,0.0004
350,1.1169553399085999,2.186814308166504,0.6153846153846154,0.9423076923076923,0.2857142857142857,0.7142857142857143,0.0004
351,1.1324201226234436,1.4783600568771362,0.5192307692307693,0.9615384615384616,0.35714285714285715,0.8571428571428571,0.0004
352,1.2689114212989807,1.8201810121536255,0.4807692307692308,0.9230769230769231,0.35714285714285715,0.7857142857142857,0.0004
353,1.0762934684753418,1.9098564386367798,0.5192307692307693,0.9615384615384616,0.21428571428571427,0.7857142857142857,0.0004
354,1.2613577246665955,1.5741455554962158,0.4230769230769231,0.9423076923076923,0.21428571428571427,0.8571428571428571,0.0004
355,1.2864555716514587,1.5431952476501465,0.46153846153846156,0.9038461538461539,0.14285714285714285,0.8571428571428571,0.0004
356,1.6156206130981445,1.7215001583099365,0.40384615384615385,0.8076923076923077,0.21428571428571427,0.8571428571428571,0.0004
357,1.3499298691749573,2.010368824005127,0.4807692307692308,0.8846153846153846,0.21428571428571427,0.7857142857142857,0.0004
358,1.4255847334861755,1.8731942176818848,0.4423076923076923,0.8846153846153846,0.21428571428571427,0.7857142857142857,0.0004
359,1.3785404562950134,1.5763925313949585,0.46153846153846156,0.9038461538461539,0.21428571428571427,0.8571428571428571,0.0004
360,1.629991054534912,1.6777634620666504,0.38461538461538464,0.8269230769230769,0.21428571428571427,0.8571428571428571,0.0004
361,1.5532435774803162,1.6228381395339966,0.36538461538461536,0.8269230769230769,0.21428571428571427,0.8571428571428571,0.0004
362,1.5639740824699402,1.5722711086273193,0.36538461538461536,0.8269230769230769,0.21428571428571427,0.8571428571428571,0.0004
363,1.6356958746910095,1.5788764953613281,0.38461538461538464,0.8269230769230769,0.21428571428571427,0.8571428571428571,0.0004
364,1.5220528841018677,1.5372259616851807,0.38461538461538464,0.8269230769230769,0.21428571428571427,0.8571428571428571,0.0004
365,1.5284096598625183,1.5142947435379028,0.4423076923076923,0.8269230769230769,0.21428571428571427,0.8571428571428571,0.0004
366,1.4894835948944092,1.4688835144042969,0.4423076923076923,0.8269230769230769,0.35714285714285715,0.8571428571428571,0.0004
367,1.467008352279663,1.4739301204681396,0.38461538461538464,0.8269230769230769,0.35714285714285715,0.8571428571428571,0.0004
368,1.4777483940124512,1.5360945463180542,0.34615384615384615,0.8269230769230769,0.35714285714285715,0.8571428571428571,0.0004
369,1.4530906081199646,1.551328420639038,0.3269230769230769,0.8269230769230769,0.35714285714285715,0.8571428571428571,0.0004
370,1.394301950931549,1.4297599792480469,0.3269230769230769,0.8653846153846154,0.35714285714285715,0.8571428571428571,0.0004
371,1.4183701276779175,1.5228506326675415,0.3269230769230769,0.8653846153846154,0.35714285714285715,0.9285714285714286,0.0004
372,1.304135799407959,1.5367587804794312,0.3076923076923077,0.9807692307692307,0.42857142857142855,0.8571428571428571,0.0004
373,1.4390709400177002,1.4591103792190552,0.38461538461538464,0.9230769230769231,0.35714285714285715,0.8571428571428571,0.0004
374,1.3450319170951843,1.4261244535446167,0.4423076923076923,0.9423076923076923,0.35714285714285715,0.9285714285714286,0.0004
375,1.4088874459266663,1.3817626237869263,0.40384615384615385,0.9230769230769231,0.6428571428571429,0.8571428571428571,0.0004
376,1.3635218143463135,1.2973300218582153,0.46153846153846156,0.9038461538461539,0.5714285714285714,0.9285714285714286,0.0004
377,1.3829309344291687,1.2589372396469116,0.4230769230769231,0.8846153846153846,0.5714285714285714,0.9285714285714286,0.0004
378,1.2562281489372253,1.4940001964569092,0.4230769230769231,0.9038461538461539,0.35714285714285715,0.8571428571428571,0.0004
379,1.3647745847702026,1.4430797100067139,0.5384615384615384,0.9230769230769231,0.5,0.9285714285714286,0.0004
380,1.3008222579956055,1.5641381740570068,0.5576923076923077,0.9230769230769231,0.42857142857142855,0.8571428571428571,0.0004
381,1.2600952982902527,1.555098533630371,0.4230769230769231,0.9230769230769231,0.21428571428571427,0.8571428571428571,0.0004
382,1.2272013425827026,1.3922622203826904,0.4807692307692308,0.9423076923076923,0.35714285714285715,0.9285714285714286,0.0004
383,1.1466756463050842,1.7015151977539062,0.5961538461538461,0.9423076923076923,0.42857142857142855,0.8571428571428571,0.0004
384,1.1752591729164124,1.691238522529602,0.4230769230769231,0.9230769230769231,0.35714285714285715,0.8571428571428571,0.0004
385,1.2340283393859863,1.702347993850708,0.4230769230769231,0.9038461538461539,0.2857142857142857,0.8571428571428571,0.0004
386,1.1489232182502747,1.2804373502731323,0.5769230769230769,0.9230769230769231,0.35714285714285715,0.9285714285714286,0.0004
387,1.3076027631759644,1.5185623168945312,0.34615384615384615,0.9038461538461539,0.2857142857142857,0.8571428571428571,0.0004
388,1.2202960848808289,1.6826833486557007,0.36538461538461536,0.9423076923076923,0.21428571428571427,0.7857142857142857,0.0004
389,1.2402817010879517,1.5445129871368408,0.4230769230769231,0.9038461538461539,0.21428571428571427,0.8571428571428571,0.0004
390,1.1097931265830994,2.149041175842285,0.4230769230769231,0.9615384615384616,0.21428571428571427,0.7142857142857143,0.0004
391,1.3190823793411255,1.4866788387298584,0.4423076923076923,0.9230769230769231,0.2857142857142857,0.8571428571428571,0.0004
392,1.240193784236908,1.6834616661071777,0.5192307692307693,0.9230769230769231,0.21428571428571427,0.8571428571428571,0.0004
393,1.1635475754737854,1.6729989051818848,0.4807692307692308,0.9615384615384616,0.21428571428571427,0.8571428571428571,0.0004
394,1.1001248955726624,1.662986159324646,0.4807692307692308,0.9423076923076923,0.42857142857142855,0.8571428571428571,0.0004
395,1.1811700463294983,1.7774206399917603,0.5576923076923077,0.8653846153846154,0.2857142857142857,0.7857142857142857,0.0004
396,1.144155204296112,1.9494109153747559,0.4807692307692308,0.9423076923076923,0.21428571428571427,0.7857142857142857,0.0004
397,1.0841341018676758,1.596137285232544,0.5576923076923077,0.9423076923076923,0.35714285714285715,0.8571428571428571,0.0004
398,1.086472511291504,1.4431023597717285,0.4807692307692308,0.9807692307692307,0.5,0.8571428571428571,0.0004
399,1.2462406754493713,1.4123027324676514,0.46153846153846156,0.9230769230769231,0.2857142857142857,0.8571428571428571,0.0004
400,1.2109795212745667,1.5943200588226318,0.5,0.9230769230769231,0.35714285714285715,0.8571428571428571,0.0004
401,1.2826324701309204,1.8001022338867188,0.4423076923076923,0.9230769230769231,0.42857142857142855,0.7857142857142857,0.0004
402,1.2438655495643616,1.8116505146026611,0.5192307692307693,0.9423076923076923,0.5,0.7857142857142857,0.0004
403,1.3808990120887756,1.810381531715393,0.36538461538461536,0.9038461538461539,0.42857142857142855,0.7857142857142857,0.0004
404,1.0508377254009247,1.383460521697998,0.4423076923076923,0.9615384615384616,0.42857142857142855,0.8571428571428571,0.0004
405,1.206739366054535,1.2890772819519043,0.4230769230769231,0.9423076923076923,0.5,0.9285714285714286,0.0004
406,1.0329940915107727,1.2946323156356812,0.5961538461538461,0.9807692307692307,0.5,0.9285714285714286,0.0004
407,1.338566541671753,1.841064214706421,0.4807692307692308,0.9038461538461539,0.35714285714285715,0.7857142857142857,0.0004
408,1.1787171363830566,1.5588927268981934,0.46153846153846156,0.9423076923076923,0.35714285714285715,0.8571428571428571,0.0004
409,1.2444568872451782,1.3511627912521362,0.4807692307692308,0.9423076923076923,0.42857142857142855,0.9285714285714286,0.0004
410,0.9684543013572693,1.6653625965118408,0.4807692307692308,1.0,0.35714285714285715,0.8571428571428571,0.0004
411,1.079065978527069,1.709230899810791,0.4423076923076923,0.9807692307692307,0.35714285714285715,0.8571428571428571,0.0004
412,1.2375233173370361,1.5415380001068115,0.5,0.9038461538461539,0.42857142857142855,0.8571428571428571,0.0004
413,1.0278911590576172,1.6194580793380737,0.5961538461538461,0.9807692307692307,0.2857142857142857,0.8571428571428571,0.0004
414,1.1396613121032715,1.3281008005142212,0.46153846153846156,0.9423076923076923,0.42857142857142855,0.9285714285714286,0.0004
415,1.1371616125106812,2.2423617839813232,0.5384615384615384,0.9423076923076923,0.2857142857142857,0.7142857142857143,0.0004
416,1.1652390956878662,1.3518521785736084,0.38461538461538464,0.9423076923076923,0.2857142857142857,0.8571428571428571,0.0004
417,1.1653378307819366,1.9928289651870728,0.5,0.9230769230769231,0.14285714285714285,0.7857142857142857,0.0004
418,1.154461920261383,1.5563666820526123,0.3269230769230769,0.9423076923076923,0.21428571428571427,0.8571428571428571,0.0004
419,1.247027575969696,1.640315055847168,0.40384615384615385,0.9230769230769231,0.21428571428571427,0.8571428571428571,0.0004
420,1.1989038586616516,1.6820387840270996,0.4807692307692308,0.9230769230769231,0.21428571428571427,0.7857142857142857,0.0004
421,1.1227116584777832,1.7895128726959229,0.46153846153846156,0.9423076923076923,0.14285714285714285,0.8571428571428571,0.0004
422,1.2160224914550781,1.3582568168640137,0.46153846153846156,0.9423076923076923,0.2857142857142857,0.9285714285714286,0.0004
423,1.1142840087413788,2.0136942863464355,0.5,0.9615384615384616,0.21428571428571427,0.7857142857142857,0.0004
424,0.9983022212982178,1.5275713205337524,0.5384615384615384,0.9615384615384616,0.14285714285714285,0.8571428571428571,0.0004
425,1.0438207685947418,1.5845730304718018,0.5,0.9615384615384616,0.14285714285714285,0.8571428571428571,0.0004
426,0.9908894896507263,1.4053956270217896,0.5192307692307693,0.9807692307692307,0.42857142857142855,0.8571428571428571,0.0004
427,1.0686006247997284,1.4548747539520264,0.5,0.9615384615384616,0.5,0.8571428571428571,0.0004
428,1.3943055868148804,1.3391343355178833,0.4230769230769231,0.9038461538461539,0.42857142857142855,0.9285714285714286,0.0004
429,1.2694204449653625,1.4078658819198608,0.40384615384615385,0.8846153846153846,0.42857142857142855,0.8571428571428571,0.0004
430,1.2030983567237854,1.516642689704895,0.5192307692307693,0.9423076923076923,0.35714285714285715,0.8571428571428571,0.0004
431,1.2564506530761719,2.0258567333221436,0.5192307692307693,0.9038461538461539,0.21428571428571427,0.7857142857142857,0.0004
432,1.2232018113136292,1.3794358968734741,0.5,0.9423076923076923,0.42857142857142855,0.9285714285714286,0.0004
433,1.3752293586730957,2.3135807514190674,0.4807692307692308,0.8846153846153846,0.42857142857142855,0.7142857142857143,0.0004
434,1.2834438681602478,1.7803808450698853,0.5192307692307693,0.8846153846153846,0.35714285714285715,0.8571428571428571,0.0004
435,1.1906602382659912,1.3881349563598633,0.5192307692307693,0.9423076923076923,0.5,0.9285714285714286,0.0004
436,1.1848357915878296,1.3888325691223145,0.5192307692307693,0.9423076923076923,0.5,0.9285714285714286,0.0004
437,1.0407475233078003,1.331201434135437,0.5384615384615384,0.9807692307692307,0.6428571428571429,0.9285714285714286,0.0004
438,1.071151852607727,1.62198805809021,0.5961538461538461,0.9615384615384616,0.35714285714285715,0.8571428571428571,0.0004
439,1.1264862418174744,1.7251540422439575,0.5,0.9615384615384616,0.5,0.8571428571428571,0.0004
440,1.0470783412456512,1.7782447338104248,0.5384615384615384,0.9615384615384616,0.5,0.7857142857142857,0.0004
441,1.0592771172523499,1.6648364067077637,0.5,0.9423076923076923,0.35714285714285715,0.8571428571428571,0.0004
442,1.2943651676177979,1.719842791557312,0.46153846153846156,0.8846153846153846,0.21428571428571427,0.8571428571428571,0.0004
443,1.1514900922775269,1.279802918434143,0.5576923076923077,0.9423076923076923,0.42857142857142855,0.9285714285714286,0.0004
444,1.1730019450187683,2.093937873840332,0.5192307692307693,0.9423076923076923,0.21428571428571427,0.7142857142857143,0.0004
445,1.1184942722320557,2.071197032928467,0.5,0.9423076923076923,0.14285714285714285,0.7142857142857143,0.0004
446,1.0549644827842712,1.8054908514022827,0.5384615384615384,0.9807692307692307,0.2857142857142857,0.8571428571428571,0.0004
447,1.0036774575710297,1.747225046157837,0.5384615384615384,0.9807692307692307,0.35714285714285715,0.7857142857142857,0.0004
448,1.066138744354248,1.608821153640747,0.5192307692307693,0.9615384615384616,0.35714285714285715,0.8571428571428571,0.0004
449,1.1265161633491516,1.267418622970581,0.4807692307692308,0.9615384615384616,0.5,0.9285714285714286,0.0004
450,1.1087241172790527,1.7923369407653809,0.4807692307692308,0.9615384615384616,0.42857142857142855,0.7857142857142857,0.0004
451,1.310744047164917,2.6481401920318604,0.38461538461538464,0.8846153846153846,0.14285714285714285,0.6428571428571429,0.0004
452,1.339762657880783,2.1000497341156006,0.5,0.9230769230769231,0.14285714285714285,0.7142857142857143,0.0004
453,1.2121808528900146,1.3584132194519043,0.5384615384615384,0.9230769230769231,0.35714285714285715,0.9285714285714286,0.0004
454,1.135521411895752,1.7926993370056152,0.5576923076923077,0.9423076923076923,0.42857142857142855,0.7857142857142857,0.0004
455,1.2711825966835022,1.358680248260498,0.4807692307692308,0.9230769230769231,0.42857142857142855,0.9285714285714286,0.0004
456,1.272933542728424,1.6123889684677124,0.5192307692307693,0.9230769230769231,0.35714285714285715,0.8571428571428571,0.0004
457,1.0253089666366577,1.6195119619369507,0.5576923076923077,0.9807692307692307,0.42857142857142855,0.8571428571428571,0.0004
458,1.0115971565246582,1.9146987199783325,0.5192307692307693,0.9615384615384616,0.42857142857142855,0.7142857142857143,0.0004
459,0.9636482000350952,1.4692881107330322,0.4423076923076923,0.9807692307692307,0.2857142857142857,0.9285714285714286,0.0004
460,0.9985881149768829,1.7742626667022705,0.5961538461538461,0.9807692307692307,0.35714285714285715,0.8571428571428571,0.0004
461,1.089123696088791,1.3621931076049805,0.5769230769230769,0.9423076923076923,0.5,0.9285714285714286,0.0004
462,1.2977762818336487,1.6948981285095215,0.4807692307692308,0.9038461538461539,0.21428571428571427,0.8571428571428571,0.0004
463,1.03630730509758,1.7032153606414795,0.5,0.9615384615384616,0.21428571428571427,0.8571428571428571,0.0004
464,1.1421666741371155,1.6474220752716064,0.5192307692307693,0.9230769230769231,0.21428571428571427,0.8571428571428571,0.0004
465,1.109560787677765,1.3650920391082764,0.5,0.9230769230769231,0.2857142857142857,0.9285714285714286,0.0004
466,1.1588062047958374,1.4846837520599365,0.5192307692307693,0.9230769230769231,0.2857142857142857,0.9285714285714286,0.0004
467,0.9526066482067108,1.294090986251831,0.5192307692307693,0.9807692307692307,0.2857142857142857,0.9285714285714286,0.0004
468,1.2076586484909058,1.9726548194885254,0.5192307692307693,0.9230769230769231,0.35714285714285715,0.7857142857142857,0.0004
469,1.1453465819358826,1.5285134315490723,0.5961538461538461,0.9230769230769231,0.6428571428571429,0.8571428571428571,0.0004
470,1.1842669248580933,1.545358657836914,0.4807692307692308,0.9423076923076923,0.42857142857142855,0.8571428571428571,0.0004
471,0.961072713136673,1.6197731494903564,0.5384615384615384,0.9807692307692307,0.42857142857142855,0.8571428571428571,0.0004
472,1.2006093859672546,1.4335272312164307,0.5,0.9230769230769231,0.35714285714285715,0.9285714285714286,0.0004
473,1.228514850139618,1.2288856506347656,0.5,0.9230769230769231,0.42857142857142855,0.9285714285714286,0.0004
474,1.0610389411449432,1.3661952018737793,0.6153846153846154,0.9423076923076923,0.42857142857142855,0.9285714285714286,0.0004
475,1.0894743204116821,1.637006163597107,0.5384615384615384,0.9615384615384616,0.35714285714285715,0.8571428571428571,0.0004
476,1.2439507842063904,1.3199530839920044,0.5576923076923077,0.9230769230769231,0.5,0.9285714285714286,0.0004
477,1.1615156829357147,1.725358486175537,0.5961538461538461,0.9423076923076923,0.42857142857142855,0.8571428571428571,0.0004
478,1.073604941368103,1.5865992307662964,0.4807692307692308,0.9423076923076923,0.42857142857142855,0.8571428571428571,0.0004
479,1.0959511995315552,1.676558017730713,0.5,0.9615384615384616,0.35714285714285715,0.8571428571428571,0.0004
480,1.1212498247623444,1.4050943851470947,0.5769230769230769,0.9423076923076923,0.35714285714285715,0.8571428571428571,0.0004
481,1.101034164428711,1.5284764766693115,0.6346153846153846,0.9615384615384616,0.35714285714285715,0.8571428571428571,0.0004
482,1.2287492156028748,1.5295747518539429,0.5769230769230769,0.9230769230769231,0.35714285714285715,0.8571428571428571,0.0004
483,1.1867336630821228,1.547614574432373,0.5384615384615384,0.9423076923076923,0.21428571428571427,0.8571428571428571,0.0004
484,0.9934603869915009,1.9055750370025635,0.5192307692307693,0.9807692307692307,0.21428571428571427,0.7857142857142857,0.0004
485,0.9941272139549255,1.7706822156906128,0.5576923076923077,0.9615384615384616,0.35714285714285715,0.7857142857142857,0.0004
486,1.268876850605011,1.3689988851547241,0.5576923076923077,0.9038461538461539,0.2857142857142857,0.9285714285714286,0.0004
487,1.1330944895744324,1.5467170476913452,0.5576923076923077,0.9615384615384616,0.35714285714285715,0.8571428571428571,0.0004
488,1.2636343240737915,1.3424072265625,0.4807692307692308,0.9230769230769231,0.42857142857142855,0.9285714285714286,0.0004
489,1.1905720829963684,1.1730629205703735,0.4423076923076923,0.9230769230769231,0.42857142857142855,0.9285714285714286,0.0004
490,1.1362810730934143,1.8105342388153076,0.5,0.9615384615384616,0.2857142857142857,0.7857142857142857,0.0004
491,1.0799672305583954,1.0017223358154297,0.4423076923076923,0.9423076923076923,0.5714285714285714,1.0,0.0004
492,1.2198203802108765,1.3020341396331787,0.5576923076923077,0.9230769230769231,0.42857142857142855,0.9285714285714286,0.0004
493,1.1705126762390137,1.8480336666107178,0.5192307692307693,0.9038461538461539,0.35714285714285715,0.7857142857142857,0.0004
494,1.2374280095100403,1.6774146556854248,0.4807692307692308,0.8461538461538461,0.2857142857142857,0.8571428571428571,0.0004
495,1.2206648588180542,1.5344288349151611,0.5769230769230769,0.8269230769230769,0.5,0.8571428571428571,0.0004
496,1.3415254950523376,1.4694684743881226,0.4807692307692308,0.8653846153846154,0.5,0.8571428571428571,0.0004
497,1.1555548906326294,1.4221570491790771,0.5576923076923077,0.9230769230769231,0.6428571428571429,0.7857142857142857,0.0004
498,1.2149118781089783,1.6598474979400635,0.40384615384615385,0.9038461538461539,0.42857142857142855,0.8571428571428571,0.0004
499,1.0163105428218842,1.7966408729553223,0.5769230769230769,0.9615384615384616,0.5,0.7857142857142857,0.0004
500,1.4281439185142517,1.258128046989441,0.5576923076923077,0.8846153846153846,0.35714285714285715,0.9285714285714286,0.0004
501,1.2596856355667114,0.9463862776756287,0.4807692307692308,0.9230769230769231,0.6428571428571429,1.0,0.0004
502,1.1027921438217163,2.047121286392212,0.5576923076923077,0.9615384615384616,0.21428571428571427,0.7142857142857143,0.0004
503,1.3231343030929565,1.3738993406295776,0.5384615384615384,0.9038461538461539,0.42857142857142855,0.9285714285714286,0.0004
504,1.264223575592041,1.6011329889297485,0.46153846153846156,0.8653846153846154,0.2857142857142857,0.8571428571428571,0.0004
505,1.1443185210227966,1.353350281715393,0.5576923076923077,0.9423076923076923,0.42857142857142855,0.9285714285714286,0.0004
506,1.0149093270301819,1.4774370193481445,0.5576923076923077,0.9615384615384616,0.2857142857142857,0.8571428571428571,0.0004
507,1.0532285571098328,1.3268914222717285,0.6538461538461539,0.9615384615384616,0.5,0.9285714285714286,0.0004
508,1.2255038022994995,1.6431143283843994,0.5384615384615384,0.9423076923076923,0.35714285714285715,0.8571428571428571,0.0004
509,1.1799024939537048,1.4869356155395508,0.5,0.9230769230769231,0.14285714285714285,0.8571428571428571,0.0004
510,1.1074563264846802,1.5228774547576904,0.5192307692307693,0.9423076923076923,0.2857142857142857,0.8571428571428571,0.0004
511,1.1825766563415527,1.426764965057373,0.4807692307692308,0.9230769230769231,0.35714285714285715,0.8571428571428571,0.0004
512,0.952616810798645,1.6632001399993896,0.5769230769230769,1.0,0.35714285714285715,0.8571428571428571,0.0004
513,1.1261517405509949,1.8260339498519897,0.5192307692307693,0.9423076923076923,0.21428571428571427,0.7857142857142857,0.0004
514,1.0785602927207947,1.611560583114624,0.4807692307692308,0.9615384615384616,0.21428571428571427,0.8571428571428571,0.0004
515,1.1392638683319092,1.3528543710708618,0.5576923076923077,0.9423076923076923,0.35714285714285715,0.9285714285714286,0.0004
516,1.1257369816303253,1.340407371520996,0.5,0.9423076923076923,0.35714285714285715,0.9285714285714286,0.0004
517,1.1430891752243042,1.5135945081710815,0.5,0.9615384615384616,0.42857142857142855,0.7857142857142857,0.0004
518,1.221213936805725,1.6513094902038574,0.5,0.9038461538461539,0.2857142857142857,0.8571428571428571,0.0004
519,1.3461084961891174,1.9116199016571045,0.4423076923076923,0.8846153846153846,0.2857142857142857,0.7857142857142857,0.0004
520,0.9516498446464539,1.7067639827728271,0.5384615384615384,0.9807692307692307,0.2857142857142857,0.8571428571428571,0.0004
521,1.1099851429462433,1.5076987743377686,0.5576923076923077,0.9615384615384616,0.35714285714285715,0.8571428571428571,0.0004
522,1.116869568824768,1.8582408428192139,0.5576923076923077,0.9615384615384616,0.42857142857142855,0.7857142857142857,0.0004
523,1.2210074067115784,1.5970948934555054,0.5576923076923077,0.9038461538461539,0.2857142857142857,0.8571428571428571,0.0004
524,1.0805348753929138,1.8317501544952393,0.5192307692307693,0.9807692307692307,0.42857142857142855,0.7857142857142857,0.0004
525,1.0642211735248566,1.375754714012146,0.5576923076923077,0.9807692307692307,0.21428571428571427,0.9285714285714286,0.0004
526,1.0110060572624207,1.7236101627349854,0.5,0.9615384615384616,0.35714285714285715,0.7857142857142857,0.0004
527,1.1091187000274658,1.1667606830596924,0.5384615384615384,0.9423076923076923,0.5,0.9285714285714286,0.0004
528,1.0713097155094147,1.5777415037155151,0.5769230769230769,0.9807692307692307,0.42857142857142855,0.7857142857142857,0.0004
529,1.1014550924301147,1.6038711071014404,0.5769230769230769,0.9423076923076923,0.21428571428571427,0.8571428571428571,0.0004
530,1.0734445452690125,2.172210216522217,0.4807692307692308,0.9423076923076923,0.2857142857142857,0.6428571428571429,0.0004
531,1.3912028074264526,1.9976986646652222,0.4230769230769231,0.8846153846153846,0.21428571428571427,0.7142857142857143,0.0004
532,1.4718779921531677,2.0340781211853027,0.5192307692307693,0.8461538461538461,0.35714285714285715,0.7142857142857143,0.0004
533,1.1316008567810059,1.3809840679168701,0.4807692307692308,0.9423076923076923,0.35714285714285715,0.9285714285714286,0.0004
534,1.0074115991592407,1.8358724117279053,0.5384615384615384,0.9807692307692307,0.2857142857142857,0.7857142857142857,0.0004
535,0.9607941210269928,1.611905574798584,0.6346153846153846,0.9807692307692307,0.35714285714285715,0.8571428571428571,0.0004
536,1.105084776878357,1.5959088802337646,0.5769230769230769,0.9423076923076923,0.35714285714285715,0.8571428571428571,0.0004
537,1.2034953236579895,1.637455701828003,0.5576923076923077,0.9038461538461539,0.21428571428571427,0.8571428571428571,0.0004
538,1.2528725266456604,1.564215898513794,0.4807692307692308,0.8846153846153846,0.21428571428571427,0.8571428571428571,0.0004
539,1.176725447177887,1.590193748474121,0.5576923076923077,0.9038461538461539,0.35714285714285715,0.8571428571428571,0.0004
540,1.3070766925811768,1.4794819355010986,0.4423076923076923,0.9038461538461539,0.42857142857142855,0.8571428571428571,0.0004
541,1.2250762581825256,1.2044073343276978,0.5576923076923077,0.9038461538461539,0.5,0.9285714285714286,0.0004
542,1.1379340887069702,1.2749505043029785,0.5192307692307693,0.9615384615384616,0.35714285714285715,0.9285714285714286,0.0004
543,1.1866692900657654,1.2711513042449951,0.5192307692307693,0.9423076923076923,0.2857142857142857,0.9285714285714286,0.0004
544,1.3979145884513855,1.7593624591827393,0.36538461538461536,0.9230769230769231,0.2857142857142857,0.7857142857142857,0.0004
545,1.1282018423080444,1.5064432621002197,0.5,0.9807692307692307,0.42857142857142855,0.8571428571428571,0.0004
546,1.356208622455597,1.5494334697723389,0.5384615384615384,0.9038461538461539,0.5,0.8571428571428571,0.0004
547,1.1763574481010437,1.2157092094421387,0.5769230769230769,0.9230769230769231,0.5,0.9285714285714286,0.0004
548,1.0019012093544006,1.6332261562347412,0.5192307692307693,0.9807692307692307,0.21428571428571427,0.8571428571428571,0.0004
549,1.1012443900108337,1.2774312496185303,0.5576923076923077,0.9615384615384616,0.42857142857142855,0.9285714285714286,0.0004
550,1.083521544933319,1.6209995746612549,0.5576923076923077,0.9423076923076923,0.2857142857142857,0.8571428571428571,0.0004
551,0.966151237487793,1.4192026853561401,0.5769230769230769,0.9807692307692307,0.42857142857142855,0.8571428571428571,0.0004
552,1.1407649517059326,1.734380841255188,0.46153846153846156,0.9615384615384616,0.35714285714285715,0.7857142857142857,0.0004
553,1.1099870800971985,1.9949448108673096,0.5576923076923077,0.9423076923076923,0.2857142857142857,0.7857142857142857,0.0004
554,0.959364652633667,1.5694506168365479,0.5,0.9615384615384616,0.35714285714285715,0.8571428571428571,0.0004
555,1.0969770550727844,1.387614369392395,0.5192307692307693,0.9423076923076923,0.2857142857142857,0.9285714285714286,0.0004
556,1.0334652960300446,1.6430449485778809,0.5769230769230769,0.9615384615384616,0.2857142857142857,0.8571428571428571,0.0004
557,0.9869695007801056,1.3609353303909302,0.5384615384615384,0.9615384615384616,0.42857142857142855,0.9285714285714286,0.0004
558,1.0939991772174835,1.6012945175170898,0.5576923076923077,0.9230769230769231,0.35714285714285715,0.8571428571428571,0.0004
559,1.0282089412212372,1.7556767463684082,0.5576923076923077,0.9423076923076923,0.35714285714285715,0.8571428571428571,0.0004
560,0.9905283749103546,1.5820770263671875,0.5576923076923077,0.9807692307692307,0.35714285714285715,0.8571428571428571,0.0004
561,1.22722327709198,1.7846547365188599,0.5576923076923077,0.9230769230769231,0.42857142857142855,0.8571428571428571,0.0004
562,1.0465669631958008,1.314906358718872,0.6153846153846154,0.9423076923076923,0.42857142857142855,0.9285714285714286,0.0004
563,1.219138741493225,2.0479636192321777,0.5192307692307693,0.8846153846153846,0.35714285714285715,0.7857142857142857,0.0004
564,1.0934591889381409,1.6095995903015137,0.5961538461538461,0.9615384615384616,0.35714285714285715,0.7857142857142857,0.0004
565,1.1597566604614258,1.465745449066162,0.5576923076923077,0.9038461538461539,0.5,0.8571428571428571,0.0004
566,1.0359424948692322,1.7228748798370361,0.5576923076923077,0.9615384615384616,0.35714285714285715,0.7857142857142857,0.0004
567,1.304127812385559,1.7704546451568604,0.5192307692307693,0.9038461538461539,0.42857142857142855,0.7857142857142857,0.0004
568,0.9797459244728088,1.1701029539108276,0.5576923076923077,0.9423076923076923,0.5,0.8571428571428571,0.0004
569,1.0859125852584839,1.4066834449768066,0.5576923076923077,0.9423076923076923,0.35714285714285715,0.8571428571428571,0.0004
570,1.138340950012207,1.1474922895431519,0.5961538461538461,0.9423076923076923,0.5,0.9285714285714286,0.0004
571,1.200179398059845,1.8364734649658203,0.4423076923076923,0.9423076923076923,0.35714285714285715,0.7857142857142857,0.0004
572,1.4108471870422363,2.1751296520233154,0.5192307692307693,0.8653846153846154,0.21428571428571427,0.5714285714285714,0.0004
573,1.2466814517974854,1.5899138450622559,0.6346153846153846,0.8846153846153846,0.35714285714285715,0.8571428571428571,0.0004
574,1.2338864207267761,1.5303735733032227,0.5,0.9230769230769231,0.5,0.8571428571428571,0.0004
575,1.1514320969581604,1.7064363956451416,0.5384615384615384,0.9230769230769231,0.2857142857142857,0.8571428571428571,0.0004
576,1.138033390045166,1.2857203483581543,0.5192307692307693,0.9423076923076923,0.5,0.8571428571428571,0.0004
577,1.2312207221984863,1.8582470417022705,0.5192307692307693,0.9038461538461539,0.21428571428571427,0.8571428571428571,0.0004
578,1.3294175863265991,1.732926368713379,0.4807692307692308,0.9038461538461539,0.21428571428571427,0.8571428571428571,0.0004
579,1.2048036754131317,1.7055267095565796,0.5192307692307693,0.9423076923076923,0.35714285714285715,0.8571428571428571,0.0004
580,1.3735783100128174,1.7410292625427246,0.5,0.8846153846153846,0.42857142857142855,0.8571428571428571,0.0004
581,1.325903058052063,1.6323155164718628,0.5192307692307693,0.8461538461538461,0.42857142857142855,0.8571428571428571,0.0004
582,1.371303141117096,1.6479097604751587,0.4423076923076923,0.9038461538461539,0.35714285714285715,0.8571428571428571,0.0004
583,1.2197047472000122,1.7696856260299683,0.5192307692307693,0.9230769230769231,0.2857142857142857,0.8571428571428571,0.0004
584,1.23847097158432,1.6301555633544922,0.5384615384615384,0.9038461538461539,0.35714285714285715,0.8571428571428571,0.0004
585,1.2280913591384888,1.4984441995620728,0.5192307692307693,0.9230769230769231,0.35714285714285715,0.8571428571428571,0.0004
586,1.1907635927200317,1.3097988367080688,0.5769230769230769,0.9423076923076923,0.35714285714285715,0.9285714285714286,0.0004
587,1.074275553226471,1.5560994148254395,0.6153846153846154,0.9615384615384616,0.35714285714285715,0.8571428571428571,0.0004
588,1.3041821718215942,1.542594313621521,0.5,0.8846153846153846,0.35714285714285715,0.8571428571428571,0.0004
589,1.0500544607639313,1.4965730905532837,0.5384615384615384,0.9807692307692307,0.2857142857142857,0.8571428571428571,0.0004
590,1.0983126759529114,1.5506423711776733,0.5192307692307693,0.9615384615384616,0.2857142857142857,0.8571428571428571,0.0004
591,1.0857421457767487,1.295773983001709,0.5576923076923077,0.9807692307692307,0.35714285714285715,0.9285714285714286,0.0004
592,1.2902864813804626,1.758253574371338,0.5192307692307693,0.9038461538461539,0.2857142857142857,0.7857142857142857,0.0004
593,1.0602510869503021,1.2046537399291992,0.5961538461538461,0.9807692307692307,0.5,0.9285714285714286,0.0004
594,1.2111919522285461,1.2246131896972656,0.5,0.9230769230769231,0.5,0.9285714285714286,0.0004
595,1.3000189065933228,1.689339280128479,0.5576923076923077,0.8846153846153846,0.2857142857142857,0.8571428571428571,0.0004
596,1.1491027474403381,1.1566144227981567,0.5192307692307693,0.9423076923076923,0.5,0.9285714285714286,0.0004
597,1.142886370420456,1.488102674484253,0.6153846153846154,0.9423076923076923,0.5,0.8571428571428571,0.0004
598,1.2245299816131592,1.492733120918274,0.5,0.9038461538461539,0.42857142857142855,0.8571428571428571,0.0004
599,1.2076703906059265,1.7362122535705566,0.5384615384615384,0.9230769230769231,0.42857142857142855,0.7857142857142857,0.0004
600,1.2588562369346619,1.4393101930618286,0.3269230769230769,0.9038461538461539,0.42857142857142855,0.8571428571428571,0.0004
601,1.210196316242218,1.7143304347991943,0.46153846153846156,0.9038461538461539,0.35714285714285715,0.7857142857142857,0.0004
602,1.1696983575820923,1.6129322052001953,0.5769230769230769,0.9230769230769231,0.35714285714285715,0.8571428571428571,0.0004
603,1.1171247065067291,1.6504725217819214,0.5576923076923077,0.9615384615384616,0.2857142857142857,0.8571428571428571,0.0004
604,1.1147922277450562,2.1402623653411865,0.5384615384615384,0.9615384615384616,0.35714285714285715,0.6428571428571429,0.0004
605,1.1996101140975952,1.2586276531219482,0.4423076923076923,0.9230769230769231,0.5,0.8571428571428571,0.0004
606,1.1874859035015106,1.7949509620666504,0.5192307692307693,0.9230769230769231,0.35714285714285715,0.7857142857142857,0.0004
607,1.3713424801826477,1.8579719066619873,0.40384615384615385,0.8846153846153846,0.35714285714285715,0.7142857142857143,0.0004
608,1.1989383101463318,1.3274093866348267,0.5192307692307693,0.9230769230769231,0.42857142857142855,0.9285714285714286,0.0004
609,1.4494361281394958,1.3331468105316162,0.5576923076923077,0.8653846153846154,0.5,0.7857142857142857,0.0004
610,1.3767722249031067,1.337321162223816,0.40384615384615385,0.9038461538461539,0.42857142857142855,0.9285714285714286,0.0004
611,1.0687403976917267,1.5485832691192627,0.5961538461538461,0.9615384615384616,0.35714285714285715,0.8571428571428571,0.0004
612,1.176965057849884,1.7001566886901855,0.5961538461538461,0.9038461538461539,0.35714285714285715,0.7857142857142857,0.0004
613,1.2053049206733704,1.1884969472885132,0.5384615384615384,0.9038461538461539,0.5,0.9285714285714286,0.0004
614,0.9566705524921417,1.6566426753997803,0.5961538461538461,0.9807692307692307,0.35714285714285715,0.7857142857142857,0.0004
615,1.2049643993377686,1.3466782569885254,0.5192307692307693,0.9230769230769231,0.2857142857142857,0.9285714285714286,0.0004
616,1.1705499291419983,1.7239269018173218,0.5769230769230769,0.9230769230769231,0.35714285714285715,0.8571428571428571,0.0004
617,1.2247473001480103,1.3711204528808594,0.5384615384615384,0.9230769230769231,0.2857142857142857,0.9285714285714286,0.0004
618,1.1240095496177673,1.5535447597503662,0.5384615384615384,0.9423076923076923,0.5714285714285714,0.8571428571428571,0.0004
619,1.0159918665885925,1.5119318962097168,0.5769230769230769,0.9807692307692307,0.35714285714285715,0.8571428571428571,0.0004
620,1.394932508468628,1.476746916770935,0.5192307692307693,0.8846153846153846,0.2857142857142857,0.8571428571428571,0.0004
621,1.3205317854881287,1.6752679347991943,0.34615384615384615,0.8461538461538461,0.5,0.8571428571428571,0.0004
622,1.4427696466445923,1.6747827529907227,0.40384615384615385,0.8269230769230769,0.2857142857142857,0.8571428571428571,0.0004
623,1.3690996170043945,1.5846288204193115,0.5192307692307693,0.8461538461538461,0.2857142857142857,0.8571428571428571,0.0004
624,1.2051270008087158,1.4265581369400024,0.5961538461538461,0.9230769230769231,0.5,0.8571428571428571,0.0004
625,1.1226304769515991,1.4614887237548828,0.5576923076923077,0.9038461538461539,0.5,0.8571428571428571,0.0004
626,1.1922330260276794,1.607564926147461,0.5769230769230769,0.9230769230769231,0.42857142857142855,0.7857142857142857,0.0004
627,0.9394571781158447,1.568912386894226,0.6153846153846154,0.9807692307692307,0.6428571428571429,0.7857142857142857,0.0004
628,0.984058141708374,2.0340075492858887,0.6923076923076923,0.9615384615384616,0.21428571428571427,0.6428571428571429,0.0004
629,1.1341798901557922,1.6470658779144287,0.5192307692307693,0.9423076923076923,0.35714285714285715,0.7857142857142857,0.0004
630,1.067029058933258,1.1640448570251465,0.5384615384615384,0.9423076923076923,0.42857142857142855,0.9285714285714286,0.0004
631,1.2261890172958374,2.0282487869262695,0.5192307692307693,0.9038461538461539,0.21428571428571427,0.6428571428571429,0.0004
632,1.2146117687225342,1.853042721748352,0.5769230769230769,0.9230769230769231,0.35714285714285715,0.7857142857142857,0.0004
633,1.3072211742401123,1.4081305265426636,0.5,0.8846153846153846,0.35714285714285715,0.8571428571428571,0.0004
634,1.0063766241073608,1.5254019498825073,0.5576923076923077,0.9615384615384616,0.2857142857142857,0.8571428571428571,0.0004
635,1.1952253580093384,1.4457273483276367,0.5769230769230769,0.9230769230769231,0.14285714285714285,0.9285714285714286,0.0004
636,1.0560368299484253,1.486587643623352,0.5384615384615384,0.9423076923076923,0.42857142857142855,0.8571428571428571,0.0004
637,1.0822682082653046,1.249834418296814,0.5576923076923077,0.9423076923076923,0.5714285714285714,0.9285714285714286,0.0004
638,1.162696897983551,1.5683521032333374,0.6153846153846154,0.8846153846153846,0.42857142857142855,0.8571428571428571,0.0004
639,1.1540222764015198,1.288245439529419,0.5192307692307693,0.9230769230769231,0.35714285714285715,0.9285714285714286,0.0004
640,1.1974473595619202,1.877854824066162,0.5192307692307693,0.8846153846153846,0.35714285714285715,0.7142857142857143,0.0004
641,1.1501851379871368,1.1736328601837158,0.5961538461538461,0.9423076923076923,0.35714285714285715,0.9285714285714286,0.0004
642,1.047299563884735,1.5728826522827148,0.5576923076923077,0.9615384615384616,0.42857142857142855,0.8571428571428571,0.0004
643,1.1345143914222717,1.5752651691436768,0.5,0.9423076923076923,0.35714285714285715,0.8571428571428571,0.0004
644,0.9853914976119995,1.3550219535827637,0.6346153846153846,0.9615384615384616,0.5,0.9285714285714286,0.0004
645,1.1555766463279724,1.4115139245986938,0.5384615384615384,0.9423076923076923,0.35714285714285715,0.8571428571428571,0.0004
646,0.9480209052562714,1.8603260517120361,0.6538461538461539,0.9807692307692307,0.21428571428571427,0.7857142857142857,0.0004
647,0.8749857842922211,1.6699421405792236,0.5576923076923077,1.0,0.42857142857142855,0.7857142857142857,0.0004
648,1.3125331401824951,1.6306548118591309,0.4807692307692308,0.9038461538461539,0.2857142857142857,0.8571428571428571,0.0004
649,1.0682217478752136,1.334115982055664,0.5769230769230769,0.9230769230769231,0.42857142857142855,0.9285714285714286,0.0004
650,1.040199875831604,1.4113643169403076,0.5769230769230769,0.9615384615384616,0.42857142857142855,0.9285714285714286,0.0004
651,1.1723884344100952,1.7216746807098389,0.46153846153846156,0.9423076923076923,0.35714285714285715,0.8571428571428571,0.0004
652,1.097322255373001,1.6032623052597046,0.46153846153846156,0.9423076923076923,0.42857142857142855,0.7857142857142857,0.0004
653,0.9464351236820221,1.385687232017517,0.5769230769230769,0.9807692307692307,0.35714285714285715,0.9285714285714286,0.0004
654,1.1382015943527222,1.7975643873214722,0.5576923076923077,0.9230769230769231,0.2857142857142857,0.7857142857142857,0.0004
655,1.06078439950943,1.443386435508728,0.5,0.9615384615384616,0.35714285714285715,0.9285714285714286,0.0004
656,1.025847613811493,1.6476590633392334,0.5,0.9807692307692307,0.35714285714285715,0.8571428571428571,0.0004
657,1.0661800801753998,1.7426382303237915,0.5384615384615384,0.9615384615384616,0.21428571428571427,0.8571428571428571,0.0004
658,1.1598032712936401,1.9571127891540527,0.5576923076923077,0.9038461538461539,0.2857142857142857,0.7857142857142857,0.0004
659,1.1146376729011536,1.6150298118591309,0.5,0.9230769230769231,0.42857142857142855,0.8571428571428571,0.0004
660,1.1108276844024658,1.484264612197876,0.5384615384615384,0.9423076923076923,0.2857142857142857,0.9285714285714286,0.0004
661,0.9797930121421814,1.8200081586837769,0.6346153846153846,0.9615384615384616,0.2857142857142857,0.7857142857142857,0.0004
662,1.1034234762191772,1.2205227613449097,0.6153846153846154,0.9230769230769231,0.5714285714285714,0.9285714285714286,0.0004
663,1.1304166316986084,0.978646993637085,0.5961538461538461,0.9038461538461539,0.6428571428571429,0.9285714285714286,0.0004
664,1.3834813833236694,1.7564600706100464,0.5,0.8653846153846154,0.42857142857142855,0.7857142857142857,0.0004
665,1.374985933303833,1.6428117752075195,0.5192307692307693,0.8846153846153846,0.2857142857142857,0.7857142857142857,0.0004
666,1.244956225156784,1.4569528102874756,0.5576923076923077,0.8653846153846154,0.35714285714285715,0.8571428571428571,0.0004
667,1.0167539417743683,2.0872480869293213,0.6538461538461539,0.9423076923076923,0.2857142857142857,0.6428571428571429,0.0004
668,1.0801723003387451,1.5811614990234375,0.6730769230769231,0.9230769230769231,0.42857142857142855,0.7857142857142857,0.0004
669,1.0424755811691284,1.7640690803527832,0.5961538461538461,0.9230769230769231,0.35714285714285715,0.6428571428571429,0.0004
670,1.1222723424434662,1.5063024759292603,0.6153846153846154,0.9423076923076923,0.35714285714285715,0.8571428571428571,0.0004
671,0.9987089037895203,1.6236276626586914,0.5384615384615384,0.9807692307692307,0.5,0.8571428571428571,0.0004
672,1.1332951784133911,1.478339433670044,0.5384615384615384,0.9423076923076923,0.42857142857142855,0.8571428571428571,0.0004
673,1.0315548777580261,1.6499793529510498,0.5769230769230769,0.9615384615384616,0.42857142857142855,0.8571428571428571,0.0004
674,1.0558112859725952,1.8326548337936401,0.4807692307692308,1.0,0.42857142857142855,0.8571428571428571,0.0004
675,1.2364935278892517,1.3953430652618408,0.5384615384615384,0.9230769230769231,0.2857142857142857,0.9285714285714286,0.0004
676,1.0485845506191254,1.4582487344741821,0.5,0.9615384615384616,0.21428571428571427,0.9285714285714286,0.0004
677,1.0605885088443756,1.3135344982147217,0.6538461538461539,0.9615384615384616,0.5,0.9285714285714286,0.0004
678,1.0266797542572021,1.7605459690093994,0.6346153846153846,0.9615384615384616,0.2857142857142857,0.8571428571428571,0.0004
679,1.049188643693924,1.6264207363128662,0.5576923076923077,0.9615384615384616,0.35714285714285715,0.8571428571428571,0.0004
680,1.1407129764556885,1.7758159637451172,0.5769230769230769,0.9423076923076923,0.2857142857142857,0.8571428571428571,0.0004
681,1.0801167488098145,1.8193776607513428,0.5576923076923077,0.9423076923076923,0.2857142857142857,0.7857142857142857,0.0004
682,1.324050486087799,1.411810278892517,0.5192307692307693,0.8653846153846154,0.42857142857142855,0.8571428571428571,0.0004
683,1.1119365394115448,1.3664181232452393,0.5384615384615384,0.9038461538461539,0.5,0.8571428571428571,0.0004
684,0.9778352379798889,1.8486182689666748,0.5384615384615384,0.9807692307692307,0.35714285714285715,0.7142857142857143,0.0004
685,1.0798580646514893,1.3791500329971313,0.5576923076923077,0.9038461538461539,0.5714285714285714,0.8571428571428571,0.0004
686,1.0395981967449188,1.3611228466033936,0.5961538461538461,0.9615384615384616,0.35714285714285715,0.8571428571428571,0.0004
687,1.0207751393318176,1.2057703733444214,0.5961538461538461,0.9615384615384616,0.5714285714285714,0.7857142857142857,0.0004
688,0.9962723553180695,1.4556195735931396,0.5576923076923077,0.9615384615384616,0.42857142857142855,0.7857142857142857,0.0004
689,1.1393459737300873,1.3610472679138184,0.5384615384615384,0.9423076923076923,0.42857142857142855,0.8571428571428571,0.0004
690,1.0130305886268616,1.495664358139038,0.5192307692307693,0.9615384615384616,0.42857142857142855,0.8571428571428571,0.0004
691,1.1583427786827087,1.280564546585083,0.5576923076923077,0.9230769230769231,0.42857142857142855,0.9285714285714286,0.0004
692,1.0578951835632324,1.1867492198944092,0.5576923076923077,0.9423076923076923,0.5,0.8571428571428571,0.0004
693,1.0484990775585175,1.6187679767608643,0.5384615384615384,0.9615384615384616,0.5,0.7857142857142857,0.0004
694,1.0063256919384003,1.6115989685058594,0.5576923076923077,0.9807692307692307,0.2857142857142857,0.8571428571428571,0.0004
695,1.014255940914154,1.7975642681121826,0.5384615384615384,0.9615384615384616,0.42857142857142855,0.7857142857142857,0.0004
696,1.019676387310028,1.4713153839111328,0.6538461538461539,0.9615384615384616,0.5,0.8571428571428571,0.0004
697,1.136757254600525,1.3336838483810425,0.5384615384615384,0.9230769230769231,0.2857142857142857,0.9285714285714286,0.0004
698,1.0444320440292358,1.6357059478759766,0.5384615384615384,0.9615384615384616,0.21428571428571427,0.8571428571428571,0.0004
699,1.1476543545722961,1.3142515420913696,0.5384615384615384,0.9423076923076923,0.35714285714285715,0.9285714285714286,0.0004
700,1.039446234703064,1.768554925918579,0.5384615384615384,0.9615384615384616,0.21428571428571427,0.7857142857142857,0.0004
701,1.1229191422462463,1.2819230556488037,0.5384615384615384,0.9230769230769231,0.42857142857142855,0.8571428571428571,0.0004
702,1.164612054824829,1.4274673461914062,0.5384615384615384,0.9615384615384616,0.35714285714285715,0.9285714285714286,0.0004
703,1.176446795463562,1.6415811777114868,0.5769230769230769,0.9423076923076923,0.42857142857142855,0.7142857142857143,0.0004
704,1.1091635525226593,1.3951023817062378,0.5384615384615384,0.9230769230769231,0.35714285714285715,0.8571428571428571,0.0004
705,0.9758207201957703,0.9919382333755493,0.6538461538461539,0.9807692307692307,0.7142857142857143,0.8571428571428571,0.0004
706,1.122870922088623,1.4677882194519043,0.5576923076923077,0.9230769230769231,0.5,0.8571428571428571,0.0004
707,0.9966443777084351,1.5763943195343018,0.6346153846153846,0.9615384615384616,0.42857142857142855,0.8571428571428571,0.0004
708,1.040181815624237,1.3698877096176147,0.5576923076923077,0.9423076923076923,0.35714285714285715,0.9285714285714286,0.0004
709,1.0637043416500092,1.6869444847106934,0.6153846153846154,0.9038461538461539,0.42857142857142855,0.8571428571428571,0.0004
710,1.0781814754009247,0.9930216670036316,0.5576923076923077,0.9423076923076923,0.5,1.0,0.0004
711,1.1336386799812317,1.161171317100525,0.5769230769230769,0.9038461538461539,0.5,0.9285714285714286,0.0004
712,1.0666310787200928,1.37044358253479,0.4807692307692308,0.9615384615384616,0.42857142857142855,0.8571428571428571,0.0004
713,1.0511159002780914,1.5299837589263916,0.5384615384615384,0.9423076923076923,0.5,0.7857142857142857,0.0004
714,1.0262053608894348,1.2251185178756714,0.46153846153846156,0.9615384615384616,0.42857142857142855,0.9285714285714286,0.0004
715,0.9426781535148621,1.3377633094787598,0.5961538461538461,0.9807692307692307,0.5714285714285714,0.8571428571428571,0.0004
716,1.0166618824005127,1.497046947479248,0.5961538461538461,0.9423076923076923,0.21428571428571427,0.8571428571428571,0.0004
717,1.1609141826629639,1.4382814168930054,0.5576923076923077,0.9230769230769231,0.35714285714285715,0.8571428571428571,0.0004
718,0.9508598744869232,1.696783185005188,0.5384615384615384,0.9807692307692307,0.21428571428571427,0.8571428571428571,0.0004
719,0.9637671411037445,1.7737233638763428,0.5961538461538461,0.9423076923076923,0.2857142857142857,0.7857142857142857,0.0004
720,1.0926423072814941,1.1542905569076538,0.5576923076923077,0.9038461538461539,0.35714285714285715,0.9285714285714286,0.0004
721,0.9332258403301239,1.420693278312683,0.5384615384615384,1.0,0.5,0.8571428571428571,0.0004
722,1.0503041744232178,1.2516968250274658,0.5769230769230769,0.9615384615384616,0.5714285714285714,0.9285714285714286,0.0004
723,1.0395370423793793,1.5486655235290527,0.5961538461538461,0.9615384615384616,0.42857142857142855,0.8571428571428571,0.0004
724,0.8972069323062897,1.9515666961669922,0.6538461538461539,0.9807692307692307,0.42857142857142855,0.7142857142857143,0.0004
725,1.143294870853424,1.6767655611038208,0.5384615384615384,0.9038461538461539,0.5,0.7857142857142857,0.0004
726,1.0065163969993591,2.129171371459961,0.6153846153846154,0.9615384615384616,0.35714285714285715,0.7142857142857143,0.0004
727,0.998584121465683,1.2829375267028809,0.6153846153846154,0.9423076923076923,0.42857142857142855,0.9285714285714286,0.0004
728,1.0706700384616852,1.0813438892364502,0.5576923076923077,0.9230769230769231,0.6428571428571429,0.9285714285714286,0.0004
729,0.9027909934520721,1.6883234977722168,0.5961538461538461,0.9807692307692307,0.2857142857142857,0.8571428571428571,0.0004
730,0.9008861780166626,1.237051010131836,0.6346153846153846,0.9807692307692307,0.5714285714285714,0.9285714285714286,0.0004
731,1.0650652647018433,1.709021806716919,0.5769230769230769,0.9615384615384616,0.35714285714285715,0.8571428571428571,0.0004
732,0.9541308283805847,1.5520716905593872,0.6153846153846154,0.9807692307692307,0.35714285714285715,0.8571428571428571,0.0004
733,0.9827685356140137,1.5716612339019775,0.5961538461538461,0.9423076923076923,0.35714285714285715,0.8571428571428571,0.0004
734,1.1451447904109955,1.8068029880523682,0.5192307692307693,0.9423076923076923,0.35714285714285715,0.7857142857142857,0.0004
735,1.1289622783660889,1.4277244806289673,0.5384615384615384,0.9038461538461539,0.42857142857142855,0.8571428571428571,0.0004
736,1.0656205415725708,1.3707138299942017,0.5576923076923077,0.9038461538461539,0.5,0.9285714285714286,0.0004
737,1.0623016953468323,1.6866458654403687,0.5961538461538461,0.9230769230769231,0.42857142857142855,0.7857142857142857,0.0004
738,0.9557673037052155,1.756030559539795,0.6153846153846154,0.9807692307692307,0.2857142857142857,0.8571428571428571,0.0004
739,1.018504023551941,1.2833489179611206,0.6730769230769231,0.9615384615384616,0.5,0.8571428571428571,0.0004
740,1.1839129030704498,1.9179108142852783,0.5,0.9423076923076923,0.2857142857142857,0.7857142857142857,0.0004
741,0.9237218797206879,1.5757050514221191,0.5576923076923077,0.9807692307692307,0.5714285714285714,0.7857142857142857,0.0004
742,1.196666032075882,1.5487815141677856,0.6730769230769231,0.9038461538461539,0.42857142857142855,0.8571428571428571,0.0004
743,1.2791807651519775,1.713242530822754,0.5769230769230769,0.9038461538461539,0.35714285714285715,0.8571428571428571,0.0004
744,0.8985910713672638,1.3572003841400146,0.5961538461538461,1.0,0.5,0.9285714285714286,0.0004
745,0.8943028748035431,1.1580724716186523,0.6923076923076923,0.9615384615384616,0.5714285714285714,0.9285714285714286,0.0004
746,0.9057017862796783,1.601606845855713,0.5769230769230769,0.9807692307692307,0.42857142857142855,0.8571428571428571,0.0004
747,1.127570778131485,1.3227660655975342,0.5384615384615384,0.9615384615384616,0.5,0.9285714285714286,0.0004
748,0.9212546050548553,1.2918331623077393,0.6153846153846154,0.9807692307692307,0.5,0.8571428571428571,0.0004
749,1.0042671263217926,1.3772794008255005,0.6153846153846154,0.9615384615384616,0.5,0.8571428571428571,0.0004
750,0.9854761362075806,1.279082179069519,0.5769230769230769,0.9423076923076923,0.42857142857142855,0.8571428571428571,0.0004
751,0.9933524429798126,1.2984222173690796,0.6346153846153846,0.9230769230769231,0.35714285714285715,0.9285714285714286,0.0004
752,1.005285620689392,1.9124897718429565,0.5576923076923077,0.9615384615384616,0.21428571428571427,0.7857142857142857,0.0004
753,1.018310159444809,1.5597137212753296,0.6346153846153846,0.9423076923076923,0.42857142857142855,0.8571428571428571,0.0004
754,1.0020388662815094,1.3092011213302612,0.6538461538461539,0.9423076923076923,0.42857142857142855,0.9285714285714286,0.0004
755,0.9801356792449951,1.799875020980835,0.5961538461538461,0.9423076923076923,0.42857142857142855,0.7857142857142857,0.0004
756,1.0036858320236206,1.4460196495056152,0.5961538461538461,0.9423076923076923,0.42857142857142855,0.9285714285714286,0.0004
757,1.0635426938533783,0.9279963374137878,0.5384615384615384,0.9423076923076923,0.5714285714285714,1.0,0.0004
758,0.9309558272361755,1.2669732570648193,0.5576923076923077,0.9807692307692307,0.5714285714285714,0.9285714285714286,0.0004
759,0.9995885193347931,1.972100019454956,0.5576923076923077,0.9807692307692307,0.35714285714285715,0.7857142857142857,0.0004
760,1.0316478908061981,1.8580248355865479,0.5576923076923077,0.9615384615384616,0.42857142857142855,0.8571428571428571,0.0004
761,1.1753810942173004,1.4398078918457031,0.5192307692307693,0.9230769230769231,0.5714285714285714,0.8571428571428571,0.0004
762,1.1911821365356445,1.4847209453582764,0.5384615384615384,0.9230769230769231,0.35714285714285715,0.8571428571428571,0.0004
763,0.9987115263938904,1.1206668615341187,0.6153846153846154,0.9423076923076923,0.5,0.9285714285714286,0.0004
764,1.0788092613220215,1.3959641456604004,0.6346153846153846,0.9038461538461539,0.42857142857142855,0.8571428571428571,0.0004
765,1.155455231666565,1.5260975360870361,0.5576923076923077,0.9230769230769231,0.2857142857142857,0.8571428571428571,0.0004
766,1.0976635813713074,1.449767827987671,0.5384615384615384,0.9230769230769231,0.2857142857142857,0.9285714285714286,0.0004
767,1.126138985157013,1.5969994068145752,0.5769230769230769,0.9423076923076923,0.42857142857142855,0.8571428571428571,0.0004
768,1.0492603182792664,1.501470685005188,0.6153846153846154,0.9230769230769231,0.35714285714285715,0.8571428571428571,0.0004
769,0.9377082884311676,1.3305821418762207,0.6538461538461539,0.9423076923076923,0.5,0.9285714285714286,0.0004
770,1.028088003396988,1.1032979488372803,0.5961538461538461,0.8846153846153846,0.5714285714285714,0.8571428571428571,0.0004
771,0.9790993332862854,1.4811564683914185,0.6538461538461539,0.9230769230769231,0.42857142857142855,0.8571428571428571,0.0004
772,1.1300137042999268,1.1763544082641602,0.5384615384615384,0.9230769230769231,0.5,0.9285714285714286,0.0004
773,0.9966921210289001,1.3050906658172607,0.5961538461538461,0.9615384615384616,0.5,0.8571428571428571,0.0004
774,1.0270817279815674,1.860121726989746,0.6346153846153846,0.9423076923076923,0.2857142857142857,0.7857142857142857,0.0004
775,1.0603636801242828,1.5636979341506958,0.6346153846153846,0.9615384615384616,0.35714285714285715,0.8571428571428571,0.0004
776,1.0319272875785828,1.3809484243392944,0.5961538461538461,0.9423076923076923,0.42857142857142855,0.8571428571428571,0.0004
777,1.0145071744918823,1.3331620693206787,0.6538461538461539,0.9423076923076923,0.42857142857142855,0.8571428571428571,0.0004
778,0.8434815406799316,1.7571957111358643,0.6923076923076923,1.0,0.5,0.7857142857142857,0.0004
779,0.9858952760696411,1.5417416095733643,0.5769230769230769,0.9615384615384616,0.42857142857142855,0.7857142857142857,0.0004
780,0.9793642461299896,1.2461767196655273,0.6538461538461539,0.9230769230769231,0.5,0.9285714285714286,0.0004
781,0.9344186782836914,1.2363529205322266,0.6153846153846154,0.9615384615384616,0.6428571428571429,0.8571428571428571,0.0004
782,1.0251548290252686,1.3014464378356934,0.6923076923076923,0.9230769230769231,0.42857142857142855,0.8571428571428571,0.0004
783,0.9636528491973877,1.3895108699798584,0.5961538461538461,0.9615384615384616,0.5,0.9285714285714286,0.0004
784,1.0035533905029297,1.713500738143921,0.6730769230769231,0.9423076923076923,0.35714285714285715,0.7857142857142857,0.0004
785,0.9864152669906616,1.387973427772522,0.6538461538461539,0.9423076923076923,0.42857142857142855,0.8571428571428571,0.0004
786,0.9796354174613953,1.8141717910766602,0.6346153846153846,0.9615384615384616,0.2857142857142857,0.7857142857142857,0.0004
787,1.1806406378746033,1.4776384830474854,0.4807692307692308,0.9423076923076923,0.35714285714285715,0.9285714285714286,0.0004
788,0.9181361198425293,1.6071979999542236,0.5961538461538461,0.9807692307692307,0.2857142857142857,0.8571428571428571,0.0004
789,0.9842183887958527,1.4567832946777344,0.5961538461538461,0.9615384615384616,0.42857142857142855,0.8571428571428571,0.0004
790,1.067231833934784,1.652317762374878,0.5769230769230769,0.9423076923076923,0.35714285714285715,0.8571428571428571,0.0004
791,0.9043447375297546,1.4521057605743408,0.6538461538461539,0.9807692307692307,0.5,0.8571428571428571,0.0004
792,1.1426920890808105,1.5591955184936523,0.6346153846153846,0.9423076923076923,0.42857142857142855,0.8571428571428571,0.0004
793,1.0055750012397766,1.4402185678482056,0.6538461538461539,0.9615384615384616,0.42857142857142855,0.8571428571428571,0.0004
794,0.9603864252567291,1.4898104667663574,0.5961538461538461,0.9807692307692307,0.5,0.8571428571428571,0.0004
795,0.9762194454669952,2.073660135269165,0.6153846153846154,0.9615384615384616,0.2857142857142857,0.7857142857142857,0.0004
796,1.2203539609909058,1.4940600395202637,0.5192307692307693,0.9230769230769231,0.5,0.8571428571428571,0.0004
797,1.4123951196670532,1.552024006843567,0.5192307692307693,0.8653846153846154,0.42857142857142855,0.8571428571428571,0.0004
798,1.4764113426208496,1.4893457889556885,0.5192307692307693,0.8269230769230769,0.5,0.8571428571428571,0.0004
799,1.4690742492675781,1.759762167930603,0.4423076923076923,0.8269230769230769,0.14285714285714285,0.8571428571428571,0.0004
800,1.4337974190711975,1.5659098625183105,0.4807692307692308,0.8269230769230769,0.35714285714285715,0.8571428571428571,0.0004
801,1.4271138906478882,1.3071377277374268,0.4423076923076923,0.8269230769230769,0.42857142857142855,0.8571428571428571,0.0004
802,1.4428479075431824,1.3402425050735474,0.40384615384615385,0.8269230769230769,0.42857142857142855,0.8571428571428571,0.0004
803,1.3949092030525208,1.3712167739868164,0.5384615384615384,0.8269230769230769,0.42857142857142855,0.8571428571428571,0.0004
804,1.379097580909729,1.317915916442871,0.5,0.8269230769230769,0.5,0.8571428571428571,0.0004
805,1.3126546740531921,1.2588284015655518,0.5192307692307693,0.8461538461538461,0.5714285714285714,0.8571428571428571,0.0004
806,1.2441154718399048,1.307234525680542,0.5769230769230769,0.8269230769230769,0.5714285714285714,0.8571428571428571,0.0004
807,1.2146719098091125,1.1018974781036377,0.5,0.8269230769230769,0.6428571428571429,0.8571428571428571,0.0004
808,1.3298053741455078,1.3647195100784302,0.4423076923076923,0.8461538461538461,0.6428571428571429,0.8571428571428571,0.0004
809,1.2028250098228455,1.5205111503601074,0.4807692307692308,0.8846153846153846,0.42857142857142855,0.8571428571428571,0.0004
810,1.3212547302246094,1.3802804946899414,0.5384615384615384,0.8269230769230769,0.35714285714285715,0.8571428571428571,0.0004
811,1.3772509694099426,1.366817831993103,0.5192307692307693,0.8461538461538461,0.5,0.8571428571428571,0.0004
812,1.2804301977157593,1.230440378189087,0.46153846153846156,0.9038461538461539,0.5714285714285714,0.8571428571428571,0.0004
813,1.3131762146949768,1.327656626701355,0.5,0.8846153846153846,0.5,0.8571428571428571,0.0004
814,1.2205528616905212,1.4903048276901245,0.5576923076923077,0.9230769230769231,0.35714285714285715,0.7142857142857143,0.0004
815,1.2903469800949097,1.4381635189056396,0.5961538461538461,0.8846153846153846,0.21428571428571427,0.9285714285714286,0.0004
816,1.2595892548561096,1.5360394716262817,0.5192307692307693,0.8846153846153846,0.42857142857142855,0.7857142857142857,0.0004
817,1.2192007303237915,1.4786611795425415,0.5384615384615384,0.9038461538461539,0.35714285714285715,0.7142857142857143,0.0004
818,1.185735046863556,1.3037962913513184,0.5384615384615384,0.9615384615384616,0.5,0.7857142857142857,0.0004
819,1.230401635169983,1.401863694190979,0.5576923076923077,0.9038461538461539,0.42857142857142855,0.8571428571428571,0.0004
820,1.3251397013664246,1.2923887968063354,0.5,0.8461538461538461,0.5,0.7857142857142857,0.0004
821,1.3084028959274292,1.3775564432144165,0.4423076923076923,0.8461538461538461,0.42857142857142855,0.8571428571428571,0.0004
822,1.1600685715675354,0.985823929309845,0.5576923076923077,0.8846153846153846,0.7142857142857143,0.8571428571428571,0.0004
823,1.2095335125923157,1.4266815185546875,0.4807692307692308,0.9038461538461539,0.42857142857142855,0.7857142857142857,0.0004
824,1.282099425792694,1.5497500896453857,0.5384615384615384,0.7692307692307693,0.35714285714285715,0.7142857142857143,0.0004
825,1.0752472877502441,1.1693259477615356,0.5769230769230769,0.9230769230769231,0.5,0.9285714285714286,0.0004
826,1.3241262435913086,1.496349811553955,0.5384615384615384,0.8269230769230769,0.5,0.7857142857142857,0.0004
827,1.2737049460411072,1.7158602476119995,0.5769230769230769,0.9423076923076923,0.35714285714285715,0.7857142857142857,0.0004
828,1.1570643782615662,1.5392265319824219,0.6346153846153846,0.9038461538461539,0.5,0.7857142857142857,0.0004
829,1.3307744860649109,1.3418352603912354,0.5,0.8076923076923077,0.5714285714285714,0.7857142857142857,0.0004
830,1.248078167438507,1.3667900562286377,0.5192307692307693,0.8461538461538461,0.5714285714285714,0.7857142857142857,0.0004
831,1.1336881518363953,1.5426030158996582,0.6538461538461539,0.8846153846153846,0.35714285714285715,0.8571428571428571,0.0004
832,1.107513189315796,1.8478845357894897,0.5769230769230769,0.9038461538461539,0.42857142857142855,0.7857142857142857,0.0004
833,1.2022215723991394,1.455919623374939,0.5769230769230769,0.8653846153846154,0.42857142857142855,0.8571428571428571,0.0004
834,1.1728350520133972,1.573642611503601,0.5384615384615384,0.8846153846153846,0.2857142857142857,0.7857142857142857,0.0004
835,1.0457226634025574,1.3556665182113647,0.6153846153846154,0.9423076923076923,0.35714285714285715,0.7857142857142857,0.0004
836,1.0502080917358398,1.3637491464614868,0.5384615384615384,0.9230769230769231,0.42857142857142855,0.7857142857142857,0.0004
837,1.3514089584350586,1.5984437465667725,0.46153846153846156,0.8653846153846154,0.5,0.7142857142857143,0.0004
838,1.300491213798523,1.9037922620773315,0.4807692307692308,0.8269230769230769,0.2857142857142857,0.8571428571428571,0.0004
839,1.0987142324447632,1.9345414638519287,0.5384615384615384,0.9423076923076923,0.35714285714285715,0.7857142857142857,0.0004
840,1.0514066219329834,1.3067046403884888,0.6153846153846154,0.9615384615384616,0.5714285714285714,0.8571428571428571,0.0004
841,1.083243727684021,1.460254430770874,0.5576923076923077,0.9423076923076923,0.35714285714285715,0.8571428571428571,0.0004
842,1.3358298540115356,1.2951395511627197,0.5,0.9038461538461539,0.5714285714285714,0.8571428571428571,0.0004
843,1.1356952786445618,1.3656365871429443,0.5192307692307693,0.9038461538461539,0.5714285714285714,0.7857142857142857,0.0004
844,1.112939476966858,1.1612789630889893,0.5961538461538461,0.8846153846153846,0.6428571428571429,0.9285714285714286,0.0004
845,1.1369668245315552,1.3420792818069458,0.5769230769230769,0.8846153846153846,0.2857142857142857,0.8571428571428571,0.0004
846,1.242862343788147,1.4236319065093994,0.5576923076923077,0.9038461538461539,0.5,0.8571428571428571,0.0004
847,1.0459067821502686,1.382646918296814,0.5961538461538461,0.9423076923076923,0.35714285714285715,0.8571428571428571,0.0004
848,1.1138984560966492,1.8491631746292114,0.5961538461538461,0.9615384615384616,0.2857142857142857,0.7857142857142857,0.0004
849,0.9988240003585815,1.5326406955718994,0.6538461538461539,0.9615384615384616,0.5,0.8571428571428571,0.0004
850,1.0244800448417664,1.4441101551055908,0.5769230769230769,0.9423076923076923,0.42857142857142855,0.8571428571428571,0.0004
851,1.1294151544570923,1.3560562133789062,0.5769230769230769,0.9230769230769231,0.5714285714285714,0.8571428571428571,0.0004
852,1.200740396976471,1.3737578392028809,0.5384615384615384,0.9423076923076923,0.5714285714285714,0.7857142857142857,0.0004
853,1.245047926902771,1.249646782875061,0.5384615384615384,0.8461538461538461,0.7142857142857143,0.8571428571428571,0.0004
854,1.2309510707855225,1.8017277717590332,0.4807692307692308,0.8846153846153846,0.42857142857142855,0.6428571428571429,0.0004
855,1.018836498260498,1.3769285678863525,0.5961538461538461,0.9807692307692307,0.42857142857142855,0.8571428571428571,0.0004
856,1.0043284893035889,1.6271507740020752,0.6153846153846154,0.9615384615384616,0.35714285714285715,0.8571428571428571,0.0004
857,1.1226601600646973,1.669384241104126,0.5769230769230769,0.9423076923076923,0.42857142857142855,0.8571428571428571,0.0004
858,1.0655725002288818,2.021315097808838,0.5961538461538461,0.9038461538461539,0.2857142857142857,0.7857142857142857,0.0004
859,1.1028005480766296,1.6692224740982056,0.6538461538461539,0.9230769230769231,0.2857142857142857,0.7857142857142857,0.0004
860,1.0985755026340485,1.5970051288604736,0.5769230769230769,0.9615384615384616,0.42857142857142855,0.8571428571428571,0.0004
861,1.0496785640716553,1.6178144216537476,0.5961538461538461,0.9423076923076923,0.35714285714285715,0.8571428571428571,0.0004
862,1.0014062523841858,1.2340401411056519,0.6153846153846154,0.9423076923076923,0.5714285714285714,0.9285714285714286,0.0004
863,1.0192180275917053,1.4077481031417847,0.6153846153846154,0.9807692307692307,0.42857142857142855,0.8571428571428571,0.0004
864,1.0275726914405823,1.6264548301696777,0.6730769230769231,0.9615384615384616,0.5,0.7142857142857143,0.0004
865,1.1926986575126648,1.2791060209274292,0.46153846153846156,0.9230769230769231,0.42857142857142855,0.7857142857142857,0.0004
866,1.0936188697814941,1.6792163848876953,0.5576923076923077,0.9230769230769231,0.35714285714285715,0.8571428571428571,0.0004
867,1.0702612698078156,1.8345654010772705,0.5384615384615384,0.9615384615384616,0.2857142857142857,0.7857142857142857,0.0004
868,1.137304425239563,1.3776448965072632,0.5769230769230769,0.9230769230769231,0.5,0.8571428571428571,0.0004
869,0.9190143346786499,1.4772242307662964,0.6923076923076923,0.9423076923076923,0.35714285714285715,0.8571428571428571,0.0004
870,1.1242979764938354,1.5571038722991943,0.5576923076923077,0.9038461538461539,0.5,0.8571428571428571,0.0004
871,1.1546369791030884,1.5518807172775269,0.5,0.9038461538461539,0.42857142857142855,0.8571428571428571,0.0004
872,1.099541962146759,1.3238816261291504,0.4807692307692308,0.9423076923076923,0.5714285714285714,0.8571428571428571,0.0004
873,1.0977233946323395,1.2571005821228027,0.5384615384615384,0.9423076923076923,0.42857142857142855,0.9285714285714286,0.0004
874,0.8542103469371796,1.33461594581604,0.5961538461538461,0.9807692307692307,0.5,0.8571428571428571,0.0004
875,1.0037765502929688,1.4354878664016724,0.5961538461538461,0.9423076923076923,0.42857142857142855,0.8571428571428571,0.0004
876,0.9209753572940826,1.84956693649292,0.6346153846153846,0.9807692307692307,0.35714285714285715,0.8571428571428571,0.0004
877,1.0247808694839478,1.1516520977020264,0.5576923076923077,0.9615384615384616,0.42857142857142855,0.9285714285714286,0.0004
878,0.9342986941337585,1.6829919815063477,0.5961538461538461,0.9615384615384616,0.35714285714285715,0.7857142857142857,0.0004
879,1.152273714542389,1.284255027770996,0.5576923076923077,0.9423076923076923,0.5,0.8571428571428571,0.0004
880,1.279086947441101,1.566203236579895,0.5384615384615384,0.9038461538461539,0.35714285714285715,0.8571428571428571,0.0004
881,1.1505886316299438,1.1480836868286133,0.5961538461538461,0.8846153846153846,0.5,0.9285714285714286,0.0004
882,0.9845637083053589,1.4859858751296997,0.6730769230769231,0.9615384615384616,0.42857142857142855,0.7857142857142857,0.0004
883,0.964562714099884,1.9819426536560059,0.6153846153846154,0.9807692307692307,0.21428571428571427,0.7857142857142857,0.0004
884,1.0518643260002136,1.532001256942749,0.5961538461538461,0.9423076923076923,0.35714285714285715,0.7857142857142857,0.0004
885,1.0773480236530304,1.4098166227340698,0.5192307692307693,0.9615384615384616,0.42857142857142855,0.9285714285714286,0.0004
886,1.1260269284248352,1.555711030960083,0.5,0.9615384615384616,0.2857142857142857,0.8571428571428571,0.0004
887,1.0814494788646698,1.304495096206665,0.5384615384615384,0.9230769230769231,0.42857142857142855,0.8571428571428571,0.0004
888,0.9591111540794373,1.4899260997772217,0.5961538461538461,0.9615384615384616,0.35714285714285715,0.8571428571428571,0.0004
889,0.9621197879314423,1.2508251667022705,0.6346153846153846,0.9807692307692307,0.42857142857142855,0.8571428571428571,0.0004
890,1.0344047546386719,1.9428455829620361,0.5961538461538461,0.9423076923076923,0.35714285714285715,0.6428571428571429,0.0004
891,0.9566322863101959,1.4519320726394653,0.6730769230769231,0.9615384615384616,0.2857142857142857,0.9285714285714286,0.0004
892,0.9872672855854034,1.694313645362854,0.6346153846153846,0.9807692307692307,0.35714285714285715,0.8571428571428571,0.0004
893,1.1034350395202637,1.2482941150665283,0.46153846153846156,0.9423076923076923,0.5,0.9285714285714286,0.0004
894,0.9683057367801666,1.3604090213775635,0.5961538461538461,0.9423076923076923,0.35714285714285715,0.9285714285714286,0.0004
895,0.8849198520183563,1.7969474792480469,0.6538461538461539,1.0,0.42857142857142855,0.7857142857142857,0.0004
896,1.1812703013420105,1.526595115661621,0.5192307692307693,0.9230769230769231,0.5,0.8571428571428571,0.0004
897,0.9716545939445496,1.6059558391571045,0.6538461538461539,0.9615384615384616,0.35714285714285715,0.8571428571428571,0.0004
898,1.2444120645523071,1.7061107158660889,0.5576923076923077,0.9038461538461539,0.5714285714285714,0.8571428571428571,0.0004
899,0.9568325281143188,1.7840842008590698,0.5384615384615384,1.0,0.35714285714285715,0.7857142857142857,0.0004
900,1.0845571160316467,1.391082525253296,0.5961538461538461,0.9230769230769231,0.2857142857142857,0.9285714285714286,0.0004
901,1.1305092573165894,1.7731413841247559,0.5576923076923077,0.9230769230769231,0.2857142857142857,0.7857142857142857,0.0004
902,1.0053430795669556,1.500903844833374,0.5961538461538461,0.9807692307692307,0.42857142857142855,0.8571428571428571,0.0004
903,1.2477689385414124,1.8358559608459473,0.5769230769230769,0.9038461538461539,0.42857142857142855,0.7142857142857143,0.0004
904,0.953384280204773,1.1395841836929321,0.5769230769230769,1.0,0.5714285714285714,0.8571428571428571,0.0004
905,1.0909163653850555,1.3561686277389526,0.5192307692307693,0.9423076923076923,0.5,0.8571428571428571,0.0004
906,1.0305094420909882,1.141958475112915,0.6153846153846154,0.9423076923076923,0.5,0.9285714285714286,0.0004
907,0.8946318626403809,1.5515015125274658,0.6346153846153846,1.0,0.35714285714285715,0.8571428571428571,0.0004
908,0.880062609910965,1.1757533550262451,0.6923076923076923,1.0,0.42857142857142855,0.9285714285714286,0.0004
909,0.9517007768154144,1.5296125411987305,0.5576923076923077,0.9615384615384616,0.35714285714285715,0.8571428571428571,0.0004
910,1.0137823820114136,1.4064854383468628,0.5961538461538461,0.9807692307692307,0.5714285714285714,0.8571428571428571,0.0004
911,0.8926967680454254,1.3306477069854736,0.6538461538461539,0.9807692307692307,0.5714285714285714,0.9285714285714286,0.0004
912,1.1776573061943054,1.7789592742919922,0.5192307692307693,0.9038461538461539,0.35714285714285715,0.7857142857142857,0.0004
913,1.1141117811203003,1.156878113746643,0.6346153846153846,0.9423076923076923,0.5714285714285714,0.9285714285714286,0.0004
914,0.9558407664299011,1.4836785793304443,0.6346153846153846,0.9807692307692307,0.2857142857142857,0.9285714285714286,0.0004
915,0.9503322243690491,1.5218716859817505,0.5769230769230769,0.9615384615384616,0.35714285714285715,0.8571428571428571,0.0004
916,0.8656065165996552,1.5344903469085693,0.5961538461538461,1.0,0.35714285714285715,0.8571428571428571,0.0004
917,1.158606469631195,1.5128426551818848,0.6346153846153846,0.9423076923076923,0.35714285714285715,0.8571428571428571,0.0004
918,0.9120378196239471,1.5180009603500366,0.5769230769230769,0.9807692307692307,0.5,0.8571428571428571,0.0004
919,0.9860458672046661,1.1151862144470215,0.5576923076923077,0.9615384615384616,0.5,0.9285714285714286,0.0004
920,1.1686036586761475,1.5773522853851318,0.5576923076923077,0.9230769230769231,0.35714285714285715,0.8571428571428571,0.0004
921,1.1001713275909424,1.6265759468078613,0.5576923076923077,0.9423076923076923,0.35714285714285715,0.8571428571428571,0.0004
922,0.9624409973621368,1.6422350406646729,0.5384615384615384,0.9615384615384616,0.35714285714285715,0.8571428571428571,0.0004
923,1.291505515575409,1.2269256114959717,0.5384615384615384,0.8846153846153846,0.42857142857142855,0.9285714285714286,0.0004
924,0.8882067799568176,1.3349003791809082,0.6153846153846154,0.9615384615384616,0.2857142857142857,0.9285714285714286,0.0004
925,1.0000596046447754,1.4835748672485352,0.6153846153846154,0.9423076923076923,0.5714285714285714,0.8571428571428571,0.0004
926,1.0418288111686707,1.5607702732086182,0.5961538461538461,0.9423076923076923,0.5,0.7857142857142857,0.0004
927,0.9648427069187164,1.4296493530273438,0.6153846153846154,0.9423076923076923,0.35714285714285715,0.8571428571428571,0.0004
928,0.9791537523269653,1.033669114112854,0.6538461538461539,0.9615384615384616,0.5714285714285714,0.9285714285714286,0.0004
929,0.9818606376647949,1.590327501296997,0.6346153846153846,0.9230769230769231,0.42857142857142855,0.8571428571428571,0.0004
930,0.9986096322536469,1.584669828414917,0.6346153846153846,0.9615384615384616,0.2857142857142857,0.8571428571428571,0.0004
931,1.113217532634735,1.6240572929382324,0.6153846153846154,0.9423076923076923,0.35714285714285715,0.8571428571428571,0.0004
932,0.9651499390602112,1.5459809303283691,0.6730769230769231,0.9615384615384616,0.35714285714285715,0.8571428571428571,0.0004
933,1.2648953795433044,1.4829148054122925,0.5384615384615384,0.8846153846153846,0.35714285714285715,0.8571428571428571,0.0004
934,1.0005910396575928,1.5535752773284912,0.5961538461538461,0.9807692307692307,0.21428571428571427,0.8571428571428571,0.0004
935,1.0549425184726715,1.5418840646743774,0.6153846153846154,0.9423076923076923,0.42857142857142855,0.8571428571428571,0.0004
936,0.903938889503479,1.6736429929733276,0.6538461538461539,0.9615384615384616,0.35714285714285715,0.7857142857142857,0.0004
937,1.0717589259147644,1.5533725023269653,0.5576923076923077,0.9423076923076923,0.35714285714285715,0.8571428571428571,0.0004
938,0.9306620061397552,1.598482370376587,0.5961538461538461,0.9423076923076923,0.2857142857142857,0.8571428571428571,0.0004
939,1.0433334708213806,1.131190299987793,0.5576923076923077,0.9615384615384616,0.5,0.9285714285714286,0.0004
940,0.8063573241233826,1.3729742765426636,0.6346153846153846,1.0,0.42857142857142855,0.9285714285714286,0.0004
941,0.9575157165527344,1.797008991241455,0.5961538461538461,0.9807692307692307,0.42857142857142855,0.7857142857142857,0.0004
942,1.0981084704399109,1.377376914024353,0.5769230769230769,0.9615384615384616,0.35714285714285715,0.9285714285714286,0.0004
943,1.1265820860862732,1.5231423377990723,0.5769230769230769,0.9038461538461539,0.42857142857142855,0.8571428571428571,0.0004
944,1.062097191810608,1.1871744394302368,0.6346153846153846,0.9230769230769231,0.42857142857142855,0.9285714285714286,0.0004
945,1.0823599696159363,1.3411948680877686,0.6346153846153846,0.9423076923076923,0.42857142857142855,0.8571428571428571,0.0004
946,1.2366701364517212,1.298717737197876,0.6153846153846154,0.8846153846153846,0.42857142857142855,0.8571428571428571,0.0004
947,0.8961228132247925,2.0755863189697266,0.6346153846153846,0.9807692307692307,0.35714285714285715,0.7142857142857143,0.0004
948,0.9422067403793335,1.9262346029281616,0.6538461538461539,0.9423076923076923,0.2857142857142857,0.7857142857142857,0.0004
949,1.1531389355659485,1.5753098726272583,0.5769230769230769,0.9230769230769231,0.35714285714285715,0.7857142857142857,0.0004
950,0.8418660759925842,1.3210479021072388,0.6538461538461539,0.9807692307692307,0.5,0.8571428571428571,0.0004
951,1.21278977394104,1.4859648942947388,0.5769230769230769,0.9230769230769231,0.2857142857142857,0.9285714285714286,0.0004
952,1.1221565008163452,1.5759217739105225,0.6153846153846154,0.9038461538461539,0.21428571428571427,0.8571428571428571,0.0004
953,0.9523393213748932,1.4591264724731445,0.5576923076923077,0.9615384615384616,0.35714285714285715,0.8571428571428571,0.0004
954,0.8205759823322296,1.294981837272644,0.6346153846153846,0.9807692307692307,0.2857142857142857,0.9285714285714286,0.0004
955,1.0563434958457947,1.5106298923492432,0.5769230769230769,0.9423076923076923,0.42857142857142855,0.8571428571428571,0.0004
956,0.9195559620857239,1.4613821506500244,0.5769230769230769,0.9615384615384616,0.5,0.8571428571428571,0.0004
957,0.8963110148906708,1.5097287893295288,0.6346153846153846,1.0,0.35714285714285715,0.8571428571428571,0.0004
958,1.0218655467033386,0.9305288791656494,0.5769230769230769,0.9615384615384616,0.5714285714285714,1.0,0.0004
959,0.9238369762897491,1.6499526500701904,0.5961538461538461,0.9615384615384616,0.42857142857142855,0.7857142857142857,0.0004
960,1.035467118024826,1.2961041927337646,0.6153846153846154,0.9423076923076923,0.5,0.9285714285714286,0.0004
961,1.056461751461029,1.8690838813781738,0.5576923076923077,0.9615384615384616,0.42857142857142855,0.7857142857142857,0.0004
962,1.0055157542228699,1.5488406419754028,0.6346153846153846,0.9615384615384616,0.42857142857142855,0.9285714285714286,0.0004
963,1.1217378377914429,1.2446620464324951,0.6153846153846154,0.9230769230769231,0.5714285714285714,0.9285714285714286,0.0004
964,1.0918423235416412,1.362304925918579,0.6153846153846154,0.9423076923076923,0.42857142857142855,0.8571428571428571,0.0004
965,0.9966108500957489,1.9379186630249023,0.5961538461538461,0.9615384615384616,0.35714285714285715,0.7142857142857143,0.0004
966,1.1683268547058105,1.042159914970398,0.5961538461538461,0.9423076923076923,0.5714285714285714,0.9285714285714286,0.0004
967,1.0294401049613953,1.794523000717163,0.6346153846153846,0.9423076923076923,0.42857142857142855,0.7857142857142857,0.0004
968,0.8405563533306122,1.6793462038040161,0.6923076923076923,0.9807692307692307,0.42857142857142855,0.8571428571428571,0.0004
969,1.0227611064910889,2.0239646434783936,0.6346153846153846,0.9615384615384616,0.35714285714285715,0.7142857142857143,0.0004
970,0.9665557146072388,1.7838809490203857,0.5961538461538461,0.9615384615384616,0.2857142857142857,0.7857142857142857,0.0004
971,0.8596434593200684,1.3903305530548096,0.7115384615384616,0.9807692307692307,0.5,0.8571428571428571,0.0004
972,1.0359985828399658,1.7354967594146729,0.6538461538461539,0.9230769230769231,0.2857142857142857,0.8571428571428571,0.0004
973,1.0624226331710815,1.6828746795654297,0.6538461538461539,0.9423076923076923,0.5,0.8571428571428571,0.0004
974,0.9862524569034576,1.6864262819290161,0.5769230769230769,0.9615384615384616,0.2857142857142857,0.8571428571428571,0.0004
975,1.0569677948951721,1.6276614665985107,0.5961538461538461,0.9615384615384616,0.42857142857142855,0.8571428571428571,0.0004
976,0.9761097431182861,1.654597282409668,0.5192307692307693,0.9423076923076923,0.5714285714285714,0.7857142857142857,0.0004
977,1.0928639769554138,1.182831883430481,0.5961538461538461,0.9423076923076923,0.42857142857142855,0.9285714285714286,0.0004
978,0.8769147396087646,1.244377613067627,0.6730769230769231,0.9423076923076923,0.5714285714285714,0.9285714285714286,0.0004
979,0.883556604385376,1.4484024047851562,0.6538461538461539,0.9807692307692307,0.2857142857142857,0.8571428571428571,0.0004
980,0.995222419500351,1.2407675981521606,0.6153846153846154,0.9423076923076923,0.5,0.9285714285714286,0.0004
981,0.8325155079364777,1.8698137998580933,0.6538461538461539,0.9807692307692307,0.42857142857142855,0.7857142857142857,0.0004
982,0.8982053697109222,1.09489905834198,0.6346153846153846,0.9615384615384616,0.5714285714285714,0.8571428571428571,0.0004
983,1.0878759026527405,1.2101993560791016,0.6153846153846154,0.9423076923076923,0.5714285714285714,0.8571428571428571,0.0004
984,0.9649354219436646,1.6582776308059692,0.6538461538461539,0.9615384615384616,0.42857142857142855,0.8571428571428571,0.0004
985,1.0637631714344025,1.8047022819519043,0.6538461538461539,0.9423076923076923,0.42857142857142855,0.7857142857142857,0.0004
986,1.10848069190979,1.6237268447875977,0.6153846153846154,0.9423076923076923,0.42857142857142855,0.8571428571428571,0.0004
987,0.9587661921977997,1.457726240158081,0.6538461538461539,0.9807692307692307,0.5,0.8571428571428571,0.0004
988,1.0508282780647278,1.5183191299438477,0.5769230769230769,0.9615384615384616,0.35714285714285715,0.8571428571428571,0.0004
989,1.0075416564941406,1.7540020942687988,0.5576923076923077,0.9615384615384616,0.5714285714285714,0.8571428571428571,0.0004
990,1.0659733712673187,1.9568383693695068,0.6153846153846154,0.9423076923076923,0.35714285714285715,0.7857142857142857,0.0004
991,0.9181564450263977,1.7857890129089355,0.6730769230769231,0.9807692307692307,0.42857142857142855,0.8571428571428571,0.0004
992,1.0478738248348236,1.8857765197753906,0.5769230769230769,0.9423076923076923,0.42857142857142855,0.7857142857142857,0.0004
993,1.1064698994159698,1.4262158870697021,0.5769230769230769,0.9038461538461539,0.21428571428571427,0.8571428571428571,0.0004
994,0.933930367231369,1.3013912439346313,0.6346153846153846,0.9807692307692307,0.42857142857142855,0.9285714285714286,0.0004
995,0.836820662021637,1.6364924907684326,0.6538461538461539,1.0,0.2857142857142857,0.8571428571428571,0.0004
996,1.1560091972351074,1.7890292406082153,0.5384615384615384,0.9423076923076923,0.42857142857142855,0.7857142857142857,0.0004
997,1.058389276266098,1.413710117340088,0.5576923076923077,0.9423076923076923,0.35714285714285715,0.9285714285714286,0.0004
998,1.1833664178848267,2.006072521209717,0.5769230769230769,0.9230769230769231,0.42857142857142855,0.7142857142857143,0.0004
999,1.0139969885349274,1.7836475372314453,0.5769230769230769,0.9615384615384616,0.42857142857142855,0.7142857142857143,0.0004
1000,1.126875638961792,1.786649227142334,0.6346153846153846,0.9230769230769231,0.5,0.7857142857142857,0.0004
