epoch,train_loss,val_loss,train_acc_action,train_acc_status,val_acc_action,val_acc_status,learning_rate
1,1.6922508478164673,1.6021289825439453,0.2692307692307692,0.7692307692307693,0.21428571428571427,0.8571428571428571,0.0004
2,1.5452593564987183,1.614015817642212,0.36538461538461536,0.8269230769230769,0.21428571428571427,0.8571428571428571,0.0004
3,1.590449333190918,1.5597437620162964,0.36538461538461536,0.8269230769230769,0.21428571428571427,0.8571428571428571,0.0004
4,1.5614172220230103,1.5146437883377075,0.3269230769230769,0.8269230769230769,0.35714285714285715,0.8571428571428571,0.0004
5,1.5843476057052612,1.5130034685134888,0.38461538461538464,0.8269230769230769,0.35714285714285715,0.8571428571428571,0.0004
6,1.5667139291763306,1.5188267230987549,0.3269230769230769,0.8269230769230769,0.21428571428571427,0.8571428571428571,0.0004
7,1.528808355331421,1.5260775089263916,0.2692307692307692,0.8269230769230769,0.21428571428571427,0.8571428571428571,0.0004
8,1.5228524804115295,1.540004849433899,0.36538461538461536,0.8269230769230769,0.21428571428571427,0.8571428571428571,0.0004
9,1.580710530281067,1.549414873123169,0.36538461538461536,0.8269230769230769,0.21428571428571427,0.8571428571428571,0.0004
10,1.5743731260299683,1.5568485260009766,0.36538461538461536,0.8269230769230769,0.21428571428571427,0.8571428571428571,0.0004
11,1.5906834602355957,1.5557477474212646,0.36538461538461536,0.8269230769230769,0.21428571428571427,0.8571428571428571,0.0004
12,1.5516178607940674,1.5476341247558594,0.36538461538461536,0.8269230769230769,0.21428571428571427,0.8571428571428571,0.0004
13,1.5568599700927734,1.5436620712280273,0.36538461538461536,0.8269230769230769,0.35714285714285715,0.8571428571428571,0.0004
14,1.5569795966148376,1.5382072925567627,0.3269230769230769,0.8269230769230769,0.35714285714285715,0.8571428571428571,0.0004
15,1.5711302757263184,1.5358233451843262,0.2692307692307692,0.8269230769230769,0.21428571428571427,0.8571428571428571,0.0004
16,1.537680447101593,1.5348892211914062,0.3269230769230769,0.8269230769230769,0.21428571428571427,0.8571428571428571,0.0004
17,1.5949351787567139,1.538081407546997,0.40384615384615385,0.8269230769230769,0.21428571428571427,0.8571428571428571,0.0004
18,1.5517075061798096,1.5359631776809692,0.36538461538461536,0.8269230769230769,0.21428571428571427,0.8571428571428571,0.0004
19,1.5346142053604126,1.5333852767944336,0.36538461538461536,0.8269230769230769,0.21428571428571427,0.8571428571428571,0.0004
20,1.5697999000549316,1.5308722257614136,0.36538461538461536,0.8269230769230769,0.21428571428571427,0.8571428571428571,0.0004
21,1.569006085395813,1.5274184942245483,0.36538461538461536,0.8269230769230769,0.21428571428571427,0.8571428571428571,0.0004
22,1.5681039094924927,1.5211553573608398,0.36538461538461536,0.8269230769230769,0.21428571428571427,0.8571428571428571,0.0004
23,1.553259253501892,1.515129804611206,0.3076923076923077,0.8269230769230769,0.21428571428571427,0.8571428571428571,0.0004
24,1.566521942615509,1.5114212036132812,0.36538461538461536,0.8269230769230769,0.21428571428571427,0.8571428571428571,0.0004
25,1.5403354167938232,1.505740761756897,0.3076923076923077,0.8269230769230769,0.5,0.8571428571428571,0.0004
26,1.5287240147590637,1.503902554512024,0.36538461538461536,0.8269230769230769,0.2857142857142857,0.8571428571428571,0.0004
27,1.5270365476608276,1.504944920539856,0.4423076923076923,0.8269230769230769,0.2857142857142857,0.8571428571428571,0.0004
28,1.5483273267745972,1.5175206661224365,0.40384615384615385,0.8269230769230769,0.2857142857142857,0.8571428571428571,0.0004
29,1.5257046818733215,1.5250787734985352,0.36538461538461536,0.8269230769230769,0.2857142857142857,0.8571428571428571,0.0004
30,1.5031912326812744,1.5083755254745483,0.4230769230769231,0.8269230769230769,0.2857142857142857,0.8571428571428571,0.0004
31,1.5525063276290894,1.5421674251556396,0.40384615384615385,0.8269230769230769,0.2857142857142857,0.8571428571428571,0.0004
32,1.4864054322242737,1.5316928625106812,0.4423076923076923,0.8269230769230769,0.2857142857142857,0.8571428571428571,0.0004
33,1.4824514985084534,1.516085147857666,0.4807692307692308,0.8269230769230769,0.21428571428571427,0.8571428571428571,0.0004
34,1.5021018981933594,1.5027832984924316,0.40384615384615385,0.8269230769230769,0.2857142857142857,0.8571428571428571,0.0004
35,1.433792531490326,1.525057315826416,0.4807692307692308,0.8269230769230769,0.2857142857142857,0.8571428571428571,0.0004
36,1.4501578211784363,1.4868155717849731,0.46153846153846156,0.8269230769230769,0.21428571428571427,0.8571428571428571,0.0004
37,1.4016556143760681,1.5758088827133179,0.4807692307692308,0.8269230769230769,0.2857142857142857,0.8571428571428571,0.0004
38,1.4568527340888977,1.5748364925384521,0.4230769230769231,0.8269230769230769,0.2857142857142857,0.8571428571428571,0.0004
39,1.3339311480522156,1.5274736881256104,0.5192307692307693,0.8269230769230769,0.2857142857142857,0.8571428571428571,0.0004
40,1.4392704963684082,1.5841145515441895,0.4230769230769231,0.8269230769230769,0.42857142857142855,0.8571428571428571,0.0004
41,1.362159252166748,1.608398199081421,0.5192307692307693,0.8269230769230769,0.2857142857142857,0.8571428571428571,0.0004
42,1.4201983213424683,1.6362518072128296,0.4230769230769231,0.8269230769230769,0.2857142857142857,0.8571428571428571,0.0004
43,1.5631234645843506,1.7729206085205078,0.40384615384615385,0.8269230769230769,0.21428571428571427,0.8571428571428571,0.0004
44,1.4080825448036194,1.6701269149780273,0.46153846153846156,0.8269230769230769,0.21428571428571427,0.8571428571428571,0.0004
45,1.281204342842102,1.637067198753357,0.4807692307692308,0.8269230769230769,0.35714285714285715,0.8571428571428571,0.0004
46,1.3663161396980286,1.4272125959396362,0.5,0.8269230769230769,0.5,0.8571428571428571,0.0004
47,1.3916558623313904,1.5445784330368042,0.4423076923076923,0.8269230769230769,0.2857142857142857,0.8571428571428571,0.0004
48,1.3360231518745422,1.5798335075378418,0.4807692307692308,0.8269230769230769,0.21428571428571427,0.8571428571428571,0.0004
49,1.3597066402435303,1.5966578722000122,0.4230769230769231,0.8269230769230769,0.21428571428571427,0.8571428571428571,0.0004
50,1.3844462633132935,1.6094796657562256,0.40384615384615385,0.8269230769230769,0.21428571428571427,0.8571428571428571,0.0004
51,1.333221971988678,1.7052229642868042,0.4807692307692308,0.8269230769230769,0.21428571428571427,0.8571428571428571,0.0004
52,1.2560136318206787,1.589512586593628,0.5,0.8846153846153846,0.2857142857142857,0.6428571428571429,0.0004
53,1.3108904957771301,1.731321930885315,0.4423076923076923,0.8461538461538461,0.2857142857142857,0.7142857142857143,0.0004
54,1.1557039618492126,1.8444886207580566,0.4807692307692308,0.8846153846153846,0.21428571428571427,0.5714285714285714,0.0004
55,1.3151220679283142,1.897369623184204,0.4423076923076923,0.8461538461538461,0.21428571428571427,0.5714285714285714,0.0004
56,1.3515392541885376,1.732452154159546,0.4423076923076923,0.8269230769230769,0.21428571428571427,0.8571428571428571,0.0004
57,1.2424423098564148,1.7513153553009033,0.5,0.8269230769230769,0.2857142857142857,0.8571428571428571,0.0004
58,1.2893185019493103,1.7876062393188477,0.5769230769230769,0.8269230769230769,0.2857142857142857,0.6428571428571429,0.0004
59,1.3049591183662415,1.7463281154632568,0.4423076923076923,0.7884615384615384,0.2857142857142857,0.6428571428571429,0.0004
60,1.3168256282806396,1.8394346237182617,0.46153846153846156,0.8653846153846154,0.2857142857142857,0.5714285714285714,0.0004
61,1.3932382464408875,1.6339049339294434,0.4423076923076923,0.7692307692307693,0.35714285714285715,0.7142857142857143,0.0004
62,1.2307472229003906,1.6252765655517578,0.5,0.8461538461538461,0.2857142857142857,0.6428571428571429,0.0004
63,1.2136606574058533,1.660888910293579,0.4423076923076923,0.8653846153846154,0.21428571428571427,0.8571428571428571,0.0004
64,1.289896309375763,1.6266684532165527,0.4423076923076923,0.8269230769230769,0.21428571428571427,0.8571428571428571,0.0004
65,1.3035990595817566,1.626648187637329,0.4807692307692308,0.8269230769230769,0.21428571428571427,0.8571428571428571,0.0004
66,1.3792047500610352,1.7724076509475708,0.40384615384615385,0.7884615384615384,0.14285714285714285,0.6428571428571429,0.0004
67,1.2527911067008972,1.7152984142303467,0.5192307692307693,0.8846153846153846,0.35714285714285715,0.6428571428571429,0.0004
68,1.2852469682693481,1.7419421672821045,0.4423076923076923,0.8461538461538461,0.35714285714285715,0.6428571428571429,0.0004
69,1.2046881914138794,1.7649950981140137,0.46153846153846156,0.8461538461538461,0.2857142857142857,0.5714285714285714,0.0004
70,1.2193452715873718,1.7676315307617188,0.5,0.8846153846153846,0.21428571428571427,0.7857142857142857,0.0004
71,1.2753599286079407,1.807546854019165,0.4230769230769231,0.8653846153846154,0.2857142857142857,0.7857142857142857,0.0004
72,1.1700162887573242,1.8215904235839844,0.5192307692307693,0.8269230769230769,0.21428571428571427,0.8571428571428571,0.0004
73,1.3214766383171082,1.7067242860794067,0.4423076923076923,0.8269230769230769,0.2857142857142857,0.8571428571428571,0.0004
74,1.2154679894447327,1.8463022708892822,0.4423076923076923,0.8653846153846154,0.21428571428571427,0.6428571428571429,0.0004
75,1.2789666652679443,1.666340947151184,0.46153846153846156,0.8461538461538461,0.2857142857142857,0.6428571428571429,0.0004
76,1.1538226008415222,1.8611152172088623,0.4807692307692308,0.9038461538461539,0.21428571428571427,0.6428571428571429,0.0004
77,1.3011862635612488,1.9132716655731201,0.5,0.8076923076923077,0.2857142857142857,0.6428571428571429,0.0004
78,1.2902907729148865,1.8397655487060547,0.4807692307692308,0.8269230769230769,0.2857142857142857,0.6428571428571429,0.0004
79,1.15506911277771,1.7682822942733765,0.5,0.9038461538461539,0.21428571428571427,0.6428571428571429,0.0004
80,1.1332603096961975,1.703424334526062,0.5769230769230769,0.9230769230769231,0.35714285714285715,0.8571428571428571,0.0004
81,1.3778541088104248,1.6623528003692627,0.4423076923076923,0.8269230769230769,0.2857142857142857,0.9285714285714286,0.0004
82,1.2675825357437134,1.7704925537109375,0.5192307692307693,0.8461538461538461,0.35714285714285715,0.7142857142857143,0.0004
83,1.28141450881958,1.6779779195785522,0.5384615384615384,0.8076923076923077,0.35714285714285715,0.7142857142857143,0.0004
84,1.0960849523544312,1.6377460956573486,0.5576923076923077,0.9230769230769231,0.42857142857142855,0.6428571428571429,0.0004
85,1.1676412224769592,1.7037949562072754,0.4423076923076923,0.8846153846153846,0.2857142857142857,0.7142857142857143,0.0004
86,1.145888864994049,1.510676383972168,0.5192307692307693,0.9230769230769231,0.42857142857142855,0.9285714285714286,0.0004
87,1.2279288172721863,1.744279384613037,0.4807692307692308,0.8269230769230769,0.5,0.9285714285714286,0.0004
88,1.2545562982559204,1.4803932905197144,0.5384615384615384,0.8076923076923077,0.5,0.9285714285714286,0.0004
89,1.1729008555412292,1.5236058235168457,0.46153846153846156,0.8461538461538461,0.5714285714285714,0.9285714285714286,0.0004
90,1.0718498826026917,1.6751410961151123,0.5192307692307693,0.9615384615384616,0.2857142857142857,0.7857142857142857,0.0004
91,1.2023131847381592,1.8535583019256592,0.4807692307692308,0.8846153846153846,0.35714285714285715,0.6428571428571429,0.0004
92,1.1325750946998596,1.628419041633606,0.5,0.9230769230769231,0.42857142857142855,0.7857142857142857,0.0004
93,1.168975830078125,1.6560969352722168,0.5192307692307693,0.8461538461538461,0.42857142857142855,0.7857142857142857,0.0004
94,1.1000977754592896,1.664788007736206,0.5576923076923077,0.9038461538461539,0.42857142857142855,0.8571428571428571,0.0004
95,1.1241793036460876,1.7343847751617432,0.5,0.9038461538461539,0.35714285714285715,0.7857142857142857,0.0004
96,1.0472311973571777,1.9166709184646606,0.5384615384615384,0.8461538461538461,0.2857142857142857,0.6428571428571429,0.0004
97,1.1541330218315125,1.594834327697754,0.5,0.8846153846153846,0.5,0.7857142857142857,0.0004
98,1.088953286409378,1.7373449802398682,0.5961538461538461,0.9423076923076923,0.35714285714285715,0.7857142857142857,0.0004
99,1.1512592434883118,1.6534955501556396,0.5576923076923077,0.9230769230769231,0.5,0.7857142857142857,0.0004
100,1.0931798219680786,1.4619593620300293,0.5961538461538461,0.9038461538461539,0.6428571428571429,0.8571428571428571,0.0004
101,1.0843682885169983,1.50719153881073,0.5576923076923077,0.9423076923076923,0.5714285714285714,0.8571428571428571,0.0004
102,1.0838395357131958,1.4184839725494385,0.6538461538461539,0.9230769230769231,0.5714285714285714,0.8571428571428571,0.0004
103,1.1112465262413025,1.6284735202789307,0.5961538461538461,0.8653846153846154,0.6428571428571429,0.7857142857142857,0.0004
104,1.1225954294204712,1.8387641906738281,0.6153846153846154,0.8846153846153846,0.42857142857142855,0.6428571428571429,0.0004
105,1.2386088967323303,1.2465870380401611,0.5384615384615384,0.8653846153846154,0.7142857142857143,0.9285714285714286,0.0004
106,1.0830127000808716,1.3591580390930176,0.5192307692307693,0.9230769230769231,0.7142857142857143,0.8571428571428571,0.0004
107,1.0129982829093933,1.6273001432418823,0.5961538461538461,0.9230769230769231,0.5,0.7142857142857143,0.0004
108,1.122327446937561,1.8164619207382202,0.5769230769230769,0.9038461538461539,0.42857142857142855,0.7142857142857143,0.0004
109,1.2653512358665466,1.6227223873138428,0.46153846153846156,0.8653846153846154,0.42857142857142855,0.7857142857142857,0.0004
110,1.1761624813079834,1.7791004180908203,0.5576923076923077,0.8461538461538461,0.5714285714285714,0.7857142857142857,0.0004
111,1.2458458542823792,1.60648775100708,0.5576923076923077,0.8269230769230769,0.5714285714285714,0.8571428571428571,0.0004
112,1.0585665702819824,1.5818345546722412,0.6346153846153846,0.9230769230769231,0.5,0.7857142857142857,0.0004
113,1.2594048380851746,1.6637792587280273,0.4807692307692308,0.8653846153846154,0.6428571428571429,0.7857142857142857,0.0004
114,1.1434802412986755,1.5891534090042114,0.5576923076923077,0.8653846153846154,0.5,0.7142857142857143,0.0004
115,1.0847152471542358,1.8381459712982178,0.5576923076923077,0.8653846153846154,0.42857142857142855,0.5714285714285714,0.0004
116,1.1779292225837708,1.2854845523834229,0.5192307692307693,0.8653846153846154,0.6428571428571429,0.9285714285714286,0.0004
117,1.2214719653129578,1.539823293685913,0.5576923076923077,0.8269230769230769,0.7142857142857143,0.7857142857142857,0.0004
118,1.014879286289215,1.8646036386489868,0.6346153846153846,0.9230769230769231,0.5,0.7142857142857143,0.0004
119,1.1983513236045837,1.6633574962615967,0.5,0.8846153846153846,0.5,0.8571428571428571,0.0004
120,1.0429391264915466,1.3415496349334717,0.5961538461538461,0.8846153846153846,0.6428571428571429,0.9285714285714286,0.0004
121,1.1658869981765747,1.4820703268051147,0.4807692307692308,0.9423076923076923,0.5,0.7857142857142857,0.0004
122,1.2262105643749237,1.3876078128814697,0.5769230769230769,0.8653846153846154,0.5714285714285714,0.7857142857142857,0.0004
123,1.0886586904525757,1.4178647994995117,0.5769230769230769,0.9230769230769231,0.7142857142857143,0.8571428571428571,0.0004
124,1.2181478142738342,1.6231088638305664,0.5,0.8461538461538461,0.5714285714285714,0.7857142857142857,0.0004
125,0.985863596200943,1.9080097675323486,0.6538461538461539,0.9230769230769231,0.5714285714285714,0.6428571428571429,0.0004
126,1.01230189204216,1.3956704139709473,0.5192307692307693,0.9423076923076923,0.7142857142857143,0.8571428571428571,0.0004
127,1.1072791814804077,1.443721890449524,0.6346153846153846,0.9038461538461539,0.6428571428571429,0.8571428571428571,0.0004
128,1.0496098399162292,1.5141499042510986,0.6730769230769231,0.9038461538461539,0.5714285714285714,0.9285714285714286,0.0004
129,0.9767288565635681,1.5250120162963867,0.6346153846153846,0.9615384615384616,0.7857142857142857,0.8571428571428571,0.0004
130,0.9975031614303589,1.3132843971252441,0.5961538461538461,0.9038461538461539,0.5714285714285714,0.8571428571428571,0.0004
131,0.997066468000412,1.2763782739639282,0.6538461538461539,0.9615384615384616,0.7142857142857143,0.8571428571428571,0.0004
132,1.0962066650390625,1.376061201095581,0.5769230769230769,0.9423076923076923,0.5714285714285714,0.8571428571428571,0.0004
133,1.0590713620185852,1.2475613355636597,0.5961538461538461,0.9423076923076923,0.5,0.9285714285714286,0.0004
134,0.7626678347587585,1.3012081384658813,0.7884615384615384,1.0,0.6428571428571429,0.8571428571428571,0.0004
135,0.845143586397171,1.267667531967163,0.6730769230769231,0.9615384615384616,0.7142857142857143,0.9285714285714286,0.0004
136,1.1544795036315918,1.6227452754974365,0.6153846153846154,0.9423076923076923,0.5714285714285714,0.7857142857142857,0.0004
137,1.2447320818901062,1.7215467691421509,0.5769230769230769,0.9038461538461539,0.42857142857142855,0.7857142857142857,0.0004
138,1.1037682890892029,1.5706167221069336,0.5961538461538461,0.9230769230769231,0.5714285714285714,0.8571428571428571,0.0004
139,0.9248747229576111,1.1988248825073242,0.6153846153846154,0.9038461538461539,0.7857142857142857,0.8571428571428571,0.0004
140,1.1618828773498535,1.641514778137207,0.5576923076923077,0.9230769230769231,0.5714285714285714,0.7857142857142857,0.0004
141,1.266137957572937,1.4481886625289917,0.5576923076923077,0.8461538461538461,0.6428571428571429,0.8571428571428571,0.0004
142,1.2186680436134338,1.7594549655914307,0.5,0.9038461538461539,0.42857142857142855,0.7142857142857143,0.0004
143,1.2140522003173828,1.222704529762268,0.5192307692307693,0.9038461538461539,0.6428571428571429,0.9285714285714286,0.0004
144,1.0302006602287292,1.2524478435516357,0.5192307692307693,0.9038461538461539,0.6428571428571429,0.9285714285714286,0.0004
145,1.0398582220077515,1.6608035564422607,0.5961538461538461,0.9230769230769231,0.6428571428571429,0.7857142857142857,0.0004
146,0.996353954076767,1.5108709335327148,0.6923076923076923,0.9423076923076923,0.5714285714285714,0.8571428571428571,0.0004
147,1.160787284374237,1.4422838687896729,0.6538461538461539,0.8846153846153846,0.5714285714285714,0.8571428571428571,0.0004
148,0.9167039096355438,1.5170843601226807,0.6538461538461539,0.9230769230769231,0.5714285714285714,0.8571428571428571,0.0004
149,0.8833012878894806,1.3251252174377441,0.6346153846153846,0.9615384615384616,0.6428571428571429,0.9285714285714286,0.0004
150,0.852165549993515,1.3420556783676147,0.6153846153846154,1.0,0.6428571428571429,0.9285714285714286,0.0004
151,1.0897095799446106,1.6669262647628784,0.5769230769230769,0.9230769230769231,0.5,0.7142857142857143,0.0004
152,1.093663364648819,1.1350011825561523,0.5384615384615384,0.8461538461538461,0.7142857142857143,0.9285714285714286,0.0004
153,0.916662186384201,1.3053029775619507,0.5769230769230769,0.9230769230769231,0.5714285714285714,0.9285714285714286,0.0004
154,0.8549613058567047,1.3452749252319336,0.6730769230769231,0.9423076923076923,0.7857142857142857,0.8571428571428571,0.0004
155,1.4509050846099854,1.191025733947754,0.5576923076923077,0.8076923076923077,0.7857142857142857,0.9285714285714286,0.0004
156,1.1574293076992035,1.375096321105957,0.6730769230769231,0.9038461538461539,0.7857142857142857,0.8571428571428571,0.0004
157,1.0145919919013977,1.8395013809204102,0.6730769230769231,0.9038461538461539,0.6428571428571429,0.7857142857142857,0.0004
158,1.106795758008957,1.5096569061279297,0.5961538461538461,0.8846153846153846,0.6428571428571429,0.7857142857142857,0.0004
159,1.157793402671814,1.4161698818206787,0.5961538461538461,0.8461538461538461,0.7142857142857143,0.8571428571428571,0.0004
160,1.0695005655288696,1.4426758289337158,0.5576923076923077,0.9038461538461539,0.6428571428571429,0.7857142857142857,0.0004
161,0.9458881616592407,1.0280729532241821,0.6730769230769231,0.9615384615384616,0.7142857142857143,0.8571428571428571,0.0004
162,0.9917388260364532,1.3816349506378174,0.6730769230769231,0.9615384615384616,0.6428571428571429,0.7857142857142857,0.0004
163,0.9963973462581635,1.547174334526062,0.6730769230769231,0.9038461538461539,0.5714285714285714,0.8571428571428571,0.0004
164,1.019828200340271,1.5129361152648926,0.6346153846153846,0.9230769230769231,0.7142857142857143,0.8571428571428571,0.0004
165,0.9884983897209167,1.4200997352600098,0.6346153846153846,0.9038461538461539,0.6428571428571429,0.7857142857142857,0.0004
166,1.026552826166153,1.561668872833252,0.6346153846153846,0.9230769230769231,0.5714285714285714,0.8571428571428571,0.0004
167,0.9418882727622986,1.6442930698394775,0.5769230769230769,0.9615384615384616,0.6428571428571429,0.7857142857142857,0.0004
168,0.9457616209983826,1.3573172092437744,0.6346153846153846,0.9615384615384616,0.7142857142857143,0.8571428571428571,0.0004
169,0.9271784722805023,1.2860262393951416,0.7307692307692307,0.9230769230769231,0.7142857142857143,0.8571428571428571,0.0004
170,0.778993546962738,1.0823709964752197,0.6923076923076923,0.9807692307692307,0.7857142857142857,0.8571428571428571,0.0004
171,0.9498283863067627,1.3784772157669067,0.6730769230769231,0.9230769230769231,0.6428571428571429,0.7857142857142857,0.0004
172,0.9592346251010895,1.155545711517334,0.5576923076923077,0.9615384615384616,0.7857142857142857,0.8571428571428571,0.0004
173,0.8008920848369598,1.166977882385254,0.6923076923076923,0.9615384615384616,0.7142857142857143,0.8571428571428571,0.0004
174,0.9429616034030914,1.9984867572784424,0.6730769230769231,0.9615384615384616,0.6428571428571429,0.7142857142857143,0.0004
175,0.8446556925773621,1.5551279783248901,0.7307692307692307,0.9807692307692307,0.6428571428571429,0.7857142857142857,0.0004
176,1.0280334055423737,1.3569869995117188,0.5769230769230769,0.9230769230769231,0.7142857142857143,0.9285714285714286,0.0004
177,0.7803820371627808,1.167802095413208,0.7115384615384616,0.9807692307692307,0.8571428571428571,0.9285714285714286,0.0004
178,0.9526962041854858,1.4349966049194336,0.6153846153846154,0.9230769230769231,0.6428571428571429,0.8571428571428571,0.0004
179,0.8285209238529205,1.0797611474990845,0.6730769230769231,0.9807692307692307,0.7857142857142857,0.9285714285714286,0.0004
180,0.9812006652355194,0.9708544015884399,0.7307692307692307,0.9423076923076923,0.7857142857142857,0.9285714285714286,0.0004
181,0.8649731874465942,1.6008292436599731,0.5961538461538461,0.9423076923076923,0.6428571428571429,0.8571428571428571,0.0004
182,0.9761069118976593,1.531583309173584,0.5769230769230769,0.9423076923076923,0.5,0.8571428571428571,0.0004
183,1.011127531528473,1.5531866550445557,0.6923076923076923,0.9038461538461539,0.7142857142857143,0.7857142857142857,0.0004
184,0.8173660635948181,1.1006629467010498,0.7115384615384616,0.9807692307692307,0.8571428571428571,0.8571428571428571,0.0004
185,0.966618001461029,1.125579595565796,0.5961538461538461,0.9615384615384616,0.7142857142857143,0.9285714285714286,0.0004
186,0.7340673506259918,1.0970500707626343,0.7692307692307693,0.9807692307692307,0.6428571428571429,0.9285714285714286,0.0004
187,0.889741837978363,1.6320416927337646,0.5961538461538461,0.9230769230769231,0.5,0.8571428571428571,0.0004
188,0.7842332422733307,1.0741007328033447,0.6346153846153846,0.9615384615384616,0.7142857142857143,0.9285714285714286,0.0004
189,0.9105819463729858,1.118201732635498,0.6538461538461539,0.9423076923076923,0.8571428571428571,0.8571428571428571,0.0004
190,0.7379465103149414,1.139216423034668,0.75,0.9807692307692307,0.8571428571428571,0.8571428571428571,0.0004
191,1.0930765569210052,0.9936973452568054,0.5384615384615384,0.9230769230769231,0.8571428571428571,0.9285714285714286,0.0004
192,0.7623333632946014,1.2542448043823242,0.7115384615384616,0.9807692307692307,0.7857142857142857,0.8571428571428571,0.0004
193,0.7807229459285736,1.4076557159423828,0.7884615384615384,0.9230769230769231,0.7142857142857143,0.7857142857142857,0.0004
194,0.8819250762462616,0.9729258418083191,0.7307692307692307,0.9230769230769231,0.9285714285714286,0.9285714285714286,0.0004
195,0.838335394859314,1.4749817848205566,0.7307692307692307,0.9230769230769231,0.7857142857142857,0.8571428571428571,0.0004
196,0.7486940920352936,1.2933781147003174,0.7307692307692307,0.9423076923076923,0.7142857142857143,0.9285714285714286,0.0004
197,0.8988863825798035,1.3029873371124268,0.7307692307692307,0.9615384615384616,0.8571428571428571,0.8571428571428571,0.0004
198,0.8534387350082397,1.2719495296478271,0.7307692307692307,0.9807692307692307,0.8571428571428571,0.9285714285714286,0.0004
199,0.6842212677001953,1.2591396570205688,0.8076923076923077,0.9423076923076923,0.7142857142857143,0.9285714285714286,0.0004
200,0.8081412315368652,1.604680061340332,0.6923076923076923,0.9423076923076923,0.7142857142857143,0.7857142857142857,0.0004
201,0.8778752982616425,1.5477081537246704,0.6538461538461539,0.9807692307692307,0.5714285714285714,0.7857142857142857,0.0004
202,0.8827546834945679,1.245739221572876,0.7115384615384616,0.9807692307692307,0.7857142857142857,0.8571428571428571,0.0004
203,0.7624225616455078,0.9678128957748413,0.7115384615384616,0.9615384615384616,0.7857142857142857,0.9285714285714286,0.0004
204,0.8456551134586334,1.579557180404663,0.6538461538461539,0.9423076923076923,0.5,0.7857142857142857,0.0004
205,0.8484488725662231,1.289642333984375,0.6346153846153846,0.9615384615384616,0.7142857142857143,0.9285714285714286,0.0004
206,1.0021567344665527,1.4866678714752197,0.6538461538461539,0.9230769230769231,0.7142857142857143,0.8571428571428571,0.0004
207,0.6457676887512207,1.271465539932251,0.8076923076923077,0.9615384615384616,0.7857142857142857,0.8571428571428571,0.0004
208,0.9447187781333923,1.483789086341858,0.6923076923076923,0.9615384615384616,0.7857142857142857,0.8571428571428571,0.0004
209,0.9776819348335266,1.3777997493743896,0.6538461538461539,0.9230769230769231,0.7857142857142857,0.8571428571428571,0.0004
210,0.6967841684818268,1.0839792490005493,0.75,0.9807692307692307,0.5714285714285714,1.0,0.0004
211,0.8399040400981903,1.2009084224700928,0.6923076923076923,0.9423076923076923,0.8571428571428571,0.8571428571428571,0.0004
212,0.8190295100212097,0.9238820672035217,0.75,0.9807692307692307,0.8571428571428571,0.9285714285714286,0.0004
213,0.9097012281417847,1.5304843187332153,0.6730769230769231,0.9038461538461539,0.7142857142857143,0.8571428571428571,0.0004
214,1.192946970462799,1.3769655227661133,0.6346153846153846,0.8461538461538461,0.6428571428571429,0.9285714285714286,0.0004
215,0.9189288914203644,1.068634033203125,0.7115384615384616,0.9423076923076923,0.8571428571428571,0.8571428571428571,0.0004
216,1.3543750047683716,1.3036179542541504,0.5961538461538461,0.8461538461538461,0.7142857142857143,0.8571428571428571,0.0004
217,0.8892032504081726,1.7752679586410522,0.6730769230769231,0.9423076923076923,0.6428571428571429,0.7857142857142857,0.0004
218,1.1391537189483643,2.2404353618621826,0.6923076923076923,0.9038461538461539,0.5714285714285714,0.7142857142857143,0.0004
219,0.9962738752365112,1.544089436531067,0.6346153846153846,0.9423076923076923,0.7857142857142857,0.8571428571428571,0.0004
220,0.7463989555835724,1.364085078239441,0.75,0.9807692307692307,0.7142857142857143,0.9285714285714286,0.0004
221,0.8453421592712402,1.3074934482574463,0.7115384615384616,0.9615384615384616,0.7142857142857143,0.8571428571428571,0.0004
222,0.9126761555671692,1.6064587831497192,0.7307692307692307,0.9423076923076923,0.42857142857142855,0.9285714285714286,0.0004
223,0.8511048853397369,1.6690971851348877,0.6346153846153846,0.9230769230769231,0.5714285714285714,0.7857142857142857,0.0004
224,0.8352126181125641,1.3739449977874756,0.6538461538461539,1.0,0.5714285714285714,0.8571428571428571,0.0004
225,0.8553296625614166,1.2921726703643799,0.6923076923076923,0.9615384615384616,0.7142857142857143,0.8571428571428571,0.0004
226,0.6650451123714447,1.4319286346435547,0.7884615384615384,1.0,0.5714285714285714,0.8571428571428571,0.0004
227,1.0192508101463318,1.3808488845825195,0.6153846153846154,0.9038461538461539,0.7142857142857143,0.9285714285714286,0.0004
228,0.7320311367511749,1.2628180980682373,0.75,0.9615384615384616,0.8571428571428571,0.8571428571428571,0.0004
229,0.7720777988433838,1.1414084434509277,0.7115384615384616,0.9615384615384616,0.7142857142857143,0.9285714285714286,0.0004
230,0.6938300132751465,1.2348461151123047,0.7307692307692307,1.0,0.6428571428571429,0.8571428571428571,0.0004
231,0.8041996359825134,0.9771343469619751,0.6730769230769231,0.9423076923076923,0.8571428571428571,0.9285714285714286,0.0004
232,0.8673923909664154,1.6469612121582031,0.6538461538461539,0.9615384615384616,0.5714285714285714,0.8571428571428571,0.0004
233,0.8944418430328369,1.1994380950927734,0.6538461538461539,0.9038461538461539,0.8571428571428571,0.8571428571428571,0.0004
234,0.8161517381668091,1.0316238403320312,0.75,0.9615384615384616,0.8571428571428571,0.8571428571428571,0.0004
235,0.8103792667388916,1.0597213506698608,0.6730769230769231,0.9615384615384616,0.7857142857142857,0.9285714285714286,0.0004
236,0.8437325358390808,1.010936975479126,0.7115384615384616,0.9230769230769231,0.8571428571428571,0.8571428571428571,0.0004
237,0.7556798160076141,1.519521951675415,0.6730769230769231,0.9615384615384616,0.5,0.8571428571428571,0.0004
238,0.9843899011611938,1.324026107788086,0.6153846153846154,0.9423076923076923,0.5714285714285714,0.7857142857142857,0.0004
239,0.6242760121822357,1.252439260482788,0.7307692307692307,0.9807692307692307,0.6428571428571429,0.8571428571428571,0.0004
240,0.772005021572113,0.9417310953140259,0.6923076923076923,0.9615384615384616,1.0,0.9285714285714286,0.0004
241,0.6586119830608368,1.0326817035675049,0.7692307692307693,1.0,0.7857142857142857,0.9285714285714286,0.0004
242,0.9293926060199738,1.488459825515747,0.6538461538461539,0.9038461538461539,0.7142857142857143,0.8571428571428571,0.0004
243,0.7979294955730438,1.6371047496795654,0.6730769230769231,0.9615384615384616,0.6428571428571429,0.8571428571428571,0.0004
244,0.8028033077716827,1.0065733194351196,0.7115384615384616,0.9423076923076923,0.7857142857142857,0.9285714285714286,0.0004
245,0.7439170181751251,1.9313077926635742,0.6923076923076923,0.9807692307692307,0.6428571428571429,0.7857142857142857,0.0004
246,1.0855536460876465,1.8171337842941284,0.6923076923076923,0.8846153846153846,0.6428571428571429,0.7857142857142857,0.0004
247,0.9569879472255707,1.1733715534210205,0.5769230769230769,0.9230769230769231,0.7857142857142857,0.8571428571428571,0.0004
248,0.8198482096195221,1.3307218551635742,0.7692307692307693,0.9230769230769231,0.7857142857142857,0.8571428571428571,0.0004
249,0.6349032819271088,1.1594665050506592,0.8076923076923077,1.0,0.7857142857142857,0.8571428571428571,0.0004
250,0.7722314298152924,1.6002042293548584,0.6923076923076923,0.9615384615384616,0.6428571428571429,0.7857142857142857,0.0004
251,0.8079824447631836,1.6262118816375732,0.6923076923076923,0.9423076923076923,0.7142857142857143,0.7857142857142857,0.0004
252,0.8864109516143799,1.3524582386016846,0.7115384615384616,0.9423076923076923,0.6428571428571429,0.7857142857142857,0.0004
253,0.7328108549118042,1.297004222869873,0.75,0.9615384615384616,0.7142857142857143,0.9285714285714286,0.0004
254,0.8916577398777008,0.9618717432022095,0.5769230769230769,1.0,0.8571428571428571,0.9285714285714286,0.0004
255,0.7639795243740082,1.081411361694336,0.7307692307692307,0.9807692307692307,0.7142857142857143,0.9285714285714286,0.0004
256,0.8978593945503235,1.7011048793792725,0.6538461538461539,0.9807692307692307,0.5714285714285714,0.7857142857142857,0.0004
257,0.6605050563812256,1.0798466205596924,0.75,0.9807692307692307,0.5714285714285714,0.9285714285714286,0.0004
258,0.8017309904098511,1.3318736553192139,0.6538461538461539,0.9615384615384616,0.7142857142857143,0.7857142857142857,0.0004
259,1.0868262350559235,0.9306031465530396,0.6153846153846154,0.9423076923076923,0.8571428571428571,0.9285714285714286,0.0004
260,1.091154932975769,1.3232477903366089,0.5961538461538461,0.9230769230769231,0.5714285714285714,0.9285714285714286,0.0004
261,1.352280080318451,1.0928601026535034,0.5576923076923077,0.8461538461538461,0.6428571428571429,0.9285714285714286,0.0004
262,0.7174392938613892,1.8880914449691772,0.75,0.9807692307692307,0.5714285714285714,0.7857142857142857,0.0004
263,1.1226590871810913,1.3804030418395996,0.6153846153846154,0.9038461538461539,0.5,0.8571428571428571,0.0004
264,1.2271541357040405,1.7836213111877441,0.6538461538461539,0.8846153846153846,0.6428571428571429,0.7857142857142857,0.0004
265,1.0232960283756256,1.2201253175735474,0.5576923076923077,0.8653846153846154,0.7857142857142857,0.8571428571428571,0.0004
266,0.752566933631897,1.550391435623169,0.7692307692307693,0.9615384615384616,0.6428571428571429,0.8571428571428571,0.0004
267,0.8607799708843231,2.127406120300293,0.75,0.9423076923076923,0.42857142857142855,0.7142857142857143,0.0004
268,0.7529261708259583,1.6213548183441162,0.7307692307692307,0.9615384615384616,0.5714285714285714,0.8571428571428571,0.0004
269,0.8332686126232147,2.0137786865234375,0.6346153846153846,0.9615384615384616,0.5,0.7857142857142857,0.0004
270,0.8344676494598389,1.0397849082946777,0.7307692307692307,0.9038461538461539,0.7857142857142857,0.9285714285714286,0.0004
271,0.941622793674469,1.658628225326538,0.6538461538461539,0.9038461538461539,0.6428571428571429,0.7857142857142857,0.0004
272,1.0971497893333435,1.5115761756896973,0.6538461538461539,0.9230769230769231,0.6428571428571429,0.7857142857142857,0.0004
273,0.9632091820240021,1.6476521492004395,0.6153846153846154,0.9807692307692307,0.5714285714285714,0.9285714285714286,0.0004
274,1.0240275263786316,1.156960368156433,0.5192307692307693,0.9423076923076923,0.7142857142857143,0.8571428571428571,0.0004
275,1.0124926567077637,1.0928103923797607,0.6923076923076923,0.9230769230769231,0.7857142857142857,0.9285714285714286,0.0004
276,0.7209535241127014,1.3338723182678223,0.7307692307692307,0.9423076923076923,0.7142857142857143,0.9285714285714286,0.0004
277,0.9525522291660309,1.6419868469238281,0.6923076923076923,0.9423076923076923,0.6428571428571429,0.9285714285714286,0.0004
278,0.8159977495670319,1.2137463092803955,0.7115384615384616,0.9423076923076923,0.7142857142857143,0.8571428571428571,0.0004
279,0.8121024072170258,1.44948410987854,0.7115384615384616,0.9423076923076923,0.6428571428571429,0.8571428571428571,0.0004
280,1.0855945944786072,1.149684190750122,0.5961538461538461,0.9038461538461539,0.7857142857142857,0.9285714285714286,0.0004
281,0.9132444858551025,1.18254554271698,0.6538461538461539,0.9423076923076923,0.7142857142857143,0.7857142857142857,0.0004
282,0.8332812488079071,1.144679069519043,0.6153846153846154,0.9615384615384616,0.7142857142857143,0.9285714285714286,0.0004
283,0.8519169986248016,0.98651123046875,0.6730769230769231,0.9230769230769231,0.7857142857142857,0.9285714285714286,0.0004
284,0.8573058843612671,1.2866706848144531,0.75,0.9423076923076923,0.7142857142857143,0.9285714285714286,0.0004
285,1.0557947754859924,1.3449537754058838,0.6730769230769231,0.9038461538461539,0.6428571428571429,0.9285714285714286,0.0004
286,0.9564729332923889,1.1274349689483643,0.6730769230769231,0.9423076923076923,0.8571428571428571,0.9285714285714286,0.0004
287,0.7183292806148529,1.3443105220794678,0.7115384615384616,0.9423076923076923,0.7857142857142857,0.8571428571428571,0.0004
288,0.8375705480575562,1.2482595443725586,0.7115384615384616,0.9615384615384616,0.7857142857142857,0.8571428571428571,0.0004
289,0.7908801734447479,1.1670714616775513,0.6730769230769231,0.9807692307692307,0.8571428571428571,0.9285714285714286,0.0004
290,1.0259401202201843,1.7282391786575317,0.5769230769230769,0.9038461538461539,0.5714285714285714,0.8571428571428571,0.0004
291,0.8690090179443359,1.2960426807403564,0.7115384615384616,0.9038461538461539,0.6428571428571429,0.9285714285714286,0.0004
292,0.7071605324745178,1.02803373336792,0.6730769230769231,0.9615384615384616,0.8571428571428571,0.9285714285714286,0.0004
293,0.8194397389888763,1.4466369152069092,0.7307692307692307,0.9423076923076923,0.6428571428571429,0.8571428571428571,0.0004
294,0.7148012816905975,0.91169273853302,0.7692307692307693,1.0,0.9285714285714286,0.9285714285714286,0.0004
295,0.865071564912796,1.2689522504806519,0.6923076923076923,0.9615384615384616,0.6428571428571429,0.8571428571428571,0.0004
296,0.7443052530288696,1.4366695880889893,0.75,0.9807692307692307,0.7142857142857143,0.8571428571428571,0.0004
297,0.9009338915348053,1.6328129768371582,0.7115384615384616,0.9423076923076923,0.5,0.7857142857142857,0.0004
298,0.8229910135269165,0.9612812995910645,0.6538461538461539,0.9423076923076923,0.9285714285714286,0.9285714285714286,0.0004
299,0.9547553062438965,1.2008287906646729,0.6538461538461539,0.9230769230769231,0.7142857142857143,0.8571428571428571,0.0004
300,0.8528770804405212,1.324489712715149,0.7115384615384616,0.9423076923076923,0.42857142857142855,0.8571428571428571,0.0004
301,0.6513944268226624,1.8423686027526855,0.75,0.9807692307692307,0.5714285714285714,0.7857142857142857,0.0004
302,0.9531627893447876,1.5277223587036133,0.6538461538461539,0.9230769230769231,0.7142857142857143,0.7857142857142857,0.0004
303,0.9115607440471649,0.8625127077102661,0.6538461538461539,0.9423076923076923,0.7857142857142857,0.9285714285714286,0.0004
304,0.7276563942432404,1.901237964630127,0.75,0.9615384615384616,0.6428571428571429,0.7857142857142857,0.0004
305,0.8588700294494629,2.0915255546569824,0.7307692307692307,0.9230769230769231,0.5,0.7857142857142857,0.0004
306,0.5958505272865295,1.0479105710983276,0.8076923076923077,0.9807692307692307,0.7857142857142857,0.9285714285714286,0.0004
307,1.0166327357292175,0.9639544486999512,0.5961538461538461,0.9230769230769231,0.7857142857142857,0.9285714285714286,0.0004
308,0.6971821784973145,1.0328375101089478,0.7307692307692307,0.9615384615384616,0.8571428571428571,0.8571428571428571,0.0004
309,0.8604076504707336,1.1237176656723022,0.6153846153846154,0.9615384615384616,0.7142857142857143,0.9285714285714286,0.0004
310,0.9495229721069336,1.4376322031021118,0.6346153846153846,0.9423076923076923,0.5714285714285714,0.8571428571428571,0.0004
311,0.7644049227237701,0.8730216026306152,0.7115384615384616,0.9423076923076923,0.8571428571428571,0.9285714285714286,0.0004
312,0.7346116900444031,1.3978135585784912,0.6538461538461539,1.0,0.6428571428571429,0.8571428571428571,0.0004
313,1.0000927448272705,0.9600229263305664,0.75,0.9038461538461539,0.7857142857142857,0.9285714285714286,0.0004
314,0.5678090751171112,1.2119139432907104,0.7692307692307693,0.9615384615384616,0.7142857142857143,0.8571428571428571,0.0004
315,0.7419219613075256,1.396305799484253,0.6346153846153846,0.9615384615384616,0.7142857142857143,0.9285714285714286,0.0004
316,0.569453239440918,1.340148687362671,0.8076923076923077,0.9807692307692307,0.7142857142857143,0.8571428571428571,0.0004
317,0.6345159411430359,1.5638617277145386,0.75,0.9615384615384616,0.6428571428571429,0.8571428571428571,0.0004
318,0.9811354875564575,1.1082299947738647,0.7115384615384616,0.9230769230769231,0.7857142857142857,0.9285714285714286,0.0004
319,0.7378354668617249,1.0245082378387451,0.75,0.9230769230769231,0.7857142857142857,0.9285714285714286,0.0004
320,0.6844037473201752,1.1288938522338867,0.7115384615384616,1.0,0.7857142857142857,0.8571428571428571,0.0004
321,0.7337738573551178,1.838186502456665,0.7884615384615384,0.9423076923076923,0.5714285714285714,0.7857142857142857,0.0004
322,0.868739128112793,0.7810770869255066,0.6346153846153846,0.9615384615384616,0.9285714285714286,0.9285714285714286,0.0004
323,0.9321797639131546,1.4689115285873413,0.7307692307692307,0.9423076923076923,0.6428571428571429,0.7142857142857143,0.0004
324,1.020822525024414,1.6745704412460327,0.6923076923076923,0.8846153846153846,0.6428571428571429,0.7857142857142857,0.0004
325,0.8090128600597382,1.1226917505264282,0.6730769230769231,0.9807692307692307,0.7857142857142857,0.8571428571428571,0.0004
326,0.9526111781597137,1.0970104932785034,0.6346153846153846,0.9230769230769231,0.7142857142857143,0.9285714285714286,0.0004
327,0.8261845409870148,1.4461593627929688,0.6923076923076923,0.9615384615384616,0.5,0.7857142857142857,0.0004
328,0.8375920653343201,1.1302433013916016,0.6923076923076923,0.9230769230769231,0.7857142857142857,0.9285714285714286,0.0004
329,0.801241934299469,1.276612401008606,0.7307692307692307,0.9615384615384616,0.7857142857142857,0.9285714285714286,0.0004
330,0.7779276967048645,1.3188197612762451,0.5961538461538461,0.9230769230769231,0.7857142857142857,0.8571428571428571,0.0004
331,0.6255724728107452,1.051769495010376,0.75,0.9423076923076923,0.8571428571428571,0.9285714285714286,0.0004
332,0.6844750642776489,1.5460479259490967,0.7692307692307693,0.9615384615384616,0.5714285714285714,0.7857142857142857,0.0004
333,0.8569872379302979,1.3254904747009277,0.7307692307692307,0.9423076923076923,0.6428571428571429,0.8571428571428571,0.0004
334,0.6392532885074615,1.0353072881698608,0.6923076923076923,1.0,0.8571428571428571,0.9285714285714286,0.0004
335,0.6660676300525665,1.3301334381103516,0.7692307692307693,0.9615384615384616,0.7142857142857143,0.9285714285714286,0.0004
336,0.750960499048233,1.26640784740448,0.6730769230769231,0.9615384615384616,0.7142857142857143,0.8571428571428571,0.0004
337,0.8128230273723602,1.824536919593811,0.6730769230769231,0.9230769230769231,0.6428571428571429,0.8571428571428571,0.0004
338,0.7626365572214127,1.395150899887085,0.6730769230769231,0.9423076923076923,0.7142857142857143,0.7857142857142857,0.0004
339,0.6390311121940613,1.572129726409912,0.7884615384615384,0.9615384615384616,0.7142857142857143,0.8571428571428571,0.0004
340,0.7341173887252808,1.161885142326355,0.6730769230769231,0.9230769230769231,0.8571428571428571,0.8571428571428571,0.0004
341,0.898414134979248,1.3016945123672485,0.75,0.9615384615384616,0.7142857142857143,0.9285714285714286,0.0004
342,0.6840738654136658,1.213996171951294,0.7115384615384616,0.9423076923076923,0.8571428571428571,0.9285714285714286,0.0004
343,0.923948734998703,1.9607036113739014,0.6346153846153846,0.9230769230769231,0.6428571428571429,0.7142857142857143,0.0004
344,0.7115688025951385,1.515456199645996,0.75,0.9807692307692307,0.6428571428571429,0.8571428571428571,0.0004
345,0.8560633063316345,1.348163366317749,0.7307692307692307,0.9423076923076923,0.5714285714285714,0.8571428571428571,0.0004
346,0.7047378718852997,1.120609998703003,0.75,0.9807692307692307,0.7857142857142857,0.9285714285714286,0.0004
347,0.6599484384059906,1.1296606063842773,0.7692307692307693,1.0,0.8571428571428571,0.8571428571428571,0.0004
348,0.8126127123832703,1.5310217142105103,0.6730769230769231,0.9615384615384616,0.6428571428571429,0.8571428571428571,0.0004
349,0.7600933015346527,1.733847975730896,0.8269230769230769,0.9423076923076923,0.6428571428571429,0.7142857142857143,0.0004
350,0.6736795008182526,1.798189401626587,0.7115384615384616,0.9423076923076923,0.5,0.7857142857142857,0.0004
351,0.7169336080551147,1.106886863708496,0.6923076923076923,0.9615384615384616,0.6428571428571429,0.9285714285714286,0.0004
352,0.9346870481967926,1.6162772178649902,0.6538461538461539,0.9230769230769231,0.7142857142857143,0.8571428571428571,0.0004
353,1.077730268239975,1.441526174545288,0.6153846153846154,0.9230769230769231,0.6428571428571429,0.8571428571428571,0.0004
354,0.7546083331108093,1.0610339641571045,0.8076923076923077,0.9423076923076923,0.6428571428571429,0.9285714285714286,0.0004
355,0.8076743483543396,1.2112314701080322,0.7115384615384616,0.9615384615384616,0.8571428571428571,0.9285714285714286,0.0004
356,0.7697350382804871,1.123028039932251,0.6153846153846154,0.9807692307692307,0.5714285714285714,0.9285714285714286,0.0004
357,0.6662311255931854,0.8807967901229858,0.6538461538461539,1.0,0.7142857142857143,0.9285714285714286,0.0004
358,0.7426261007785797,1.7104403972625732,0.6923076923076923,0.9807692307692307,0.5714285714285714,0.8571428571428571,0.0004
359,0.7045893669128418,1.128330945968628,0.6923076923076923,0.9807692307692307,0.7142857142857143,0.9285714285714286,0.0004
360,0.7796641290187836,1.0674145221710205,0.6538461538461539,0.9423076923076923,0.7142857142857143,0.9285714285714286,0.0004
361,0.7577624768018723,1.2122554779052734,0.7115384615384616,0.9423076923076923,0.7142857142857143,0.8571428571428571,0.0004
362,0.6322950422763824,0.9833510518074036,0.7884615384615384,1.0,0.7857142857142857,0.9285714285714286,0.0004
363,0.6780258119106293,1.4962794780731201,0.7692307692307693,0.9615384615384616,0.5,0.7857142857142857,0.0004
364,0.7578567862510681,1.270381212234497,0.7692307692307693,0.9807692307692307,0.7142857142857143,0.8571428571428571,0.0004
365,0.6998697519302368,1.3070390224456787,0.8076923076923077,0.9423076923076923,0.7857142857142857,0.8571428571428571,0.0004
366,0.6602659672498703,1.1155180931091309,0.75,0.9807692307692307,0.7142857142857143,0.9285714285714286,0.0004
367,0.9665171205997467,1.323517084121704,0.7692307692307693,0.9230769230769231,0.6428571428571429,0.9285714285714286,0.0004
368,0.7417949438095093,1.4171569347381592,0.75,0.9807692307692307,0.5714285714285714,0.8571428571428571,0.0004
369,0.704551100730896,1.0724459886550903,0.7692307692307693,0.9230769230769231,0.8571428571428571,0.9285714285714286,0.0004
370,0.6431130468845367,1.4224084615707397,0.75,0.9423076923076923,0.6428571428571429,0.8571428571428571,0.0004
371,0.7805278301239014,1.5007859468460083,0.6923076923076923,0.9230769230769231,0.7857142857142857,0.8571428571428571,0.0004
372,0.6923938691616058,1.0480515956878662,0.7307692307692307,0.9807692307692307,0.8571428571428571,0.9285714285714286,0.0004
373,0.659566342830658,1.6360766887664795,0.75,1.0,0.6428571428571429,0.8571428571428571,0.0004
374,0.9084683656692505,1.3462975025177002,0.6730769230769231,0.9423076923076923,0.7142857142857143,0.8571428571428571,0.0004
375,0.6845071911811829,1.1897599697113037,0.75,0.9615384615384616,0.6428571428571429,0.8571428571428571,0.0004
376,0.7214018702507019,0.9391225576400757,0.75,1.0,0.7857142857142857,0.9285714285714286,0.0004
377,0.9104162752628326,0.9230186939239502,0.7307692307692307,0.9230769230769231,0.9285714285714286,0.9285714285714286,0.0004
378,0.8105556666851044,1.354170560836792,0.6346153846153846,0.9615384615384616,0.7142857142857143,0.9285714285714286,0.0004
379,0.564590722322464,1.0448004007339478,0.8269230769230769,0.9807692307692307,0.8571428571428571,0.9285714285714286,0.0004
380,1.1114297807216644,0.9486542344093323,0.7307692307692307,0.9038461538461539,0.7142857142857143,0.9285714285714286,0.0004
381,1.0641050040721893,1.136818766593933,0.7115384615384616,0.9230769230769231,0.7142857142857143,0.9285714285714286,0.0004
382,0.7909014523029327,1.0907008647918701,0.7115384615384616,0.9615384615384616,0.8571428571428571,0.9285714285714286,0.0004
383,0.7792150676250458,0.8933982849121094,0.7307692307692307,0.9807692307692307,0.8571428571428571,0.9285714285714286,0.0004
384,0.6401282846927643,1.9530375003814697,0.7692307692307693,0.9615384615384616,0.35714285714285715,0.7857142857142857,0.0004
385,0.8185631632804871,0.9463573694229126,0.7307692307692307,0.9615384615384616,0.7142857142857143,0.9285714285714286,0.0004
386,0.7597779333591461,1.287551760673523,0.7115384615384616,0.9423076923076923,0.6428571428571429,0.8571428571428571,0.0004
387,0.6976438164710999,1.671576738357544,0.75,0.9807692307692307,0.6428571428571429,0.7857142857142857,0.0004
388,0.6323166191577911,1.4313206672668457,0.7692307692307693,0.9230769230769231,0.7857142857142857,0.8571428571428571,0.0004
389,0.8237030506134033,1.5438969135284424,0.7307692307692307,0.9423076923076923,0.6428571428571429,0.8571428571428571,0.0004
390,0.6900605261325836,1.0099411010742188,0.7307692307692307,0.9423076923076923,0.8571428571428571,0.9285714285714286,0.0004
391,0.5932316780090332,1.1876994371414185,0.7884615384615384,0.9807692307692307,0.6428571428571429,0.9285714285714286,0.0004
392,0.8588264584541321,0.924660325050354,0.5961538461538461,1.0,0.7857142857142857,0.9285714285714286,0.0004
393,0.9720449149608612,0.9624066948890686,0.7692307692307693,0.9038461538461539,0.8571428571428571,0.9285714285714286,0.0004
394,0.7430714070796967,1.3539283275604248,0.7115384615384616,0.9615384615384616,0.7857142857142857,0.8571428571428571,0.0004
395,0.8326693177223206,1.0391290187835693,0.6923076923076923,0.9615384615384616,0.8571428571428571,0.8571428571428571,0.0004
396,0.7531052231788635,1.3507553339004517,0.75,0.9807692307692307,0.6428571428571429,0.8571428571428571,0.0004
397,0.5511814057826996,0.8301533460617065,0.8461538461538461,1.0,0.8571428571428571,0.9285714285714286,0.0004
398,0.7737506628036499,1.2069106101989746,0.75,0.9423076923076923,0.7142857142857143,0.9285714285714286,0.0004
399,0.7030761986970901,0.741644561290741,0.75,1.0,0.9285714285714286,0.9285714285714286,0.0004
400,0.7704480886459351,1.7152189016342163,0.6923076923076923,0.9615384615384616,0.5714285714285714,0.8571428571428571,0.0004
401,0.5967318713665009,1.272980809211731,0.8076923076923077,1.0,0.6428571428571429,0.8571428571428571,0.0004
402,0.5198716074228287,1.2993255853652954,0.7884615384615384,0.9807692307692307,0.7857142857142857,0.9285714285714286,0.0004
403,1.0270617604255676,1.5578056573867798,0.7307692307692307,0.9038461538461539,0.7142857142857143,0.7142857142857143,0.0004
404,0.724352240562439,1.4742536544799805,0.7307692307692307,0.9423076923076923,0.7857142857142857,0.8571428571428571,0.0004
405,0.7955860495567322,1.1248277425765991,0.75,0.9615384615384616,0.7142857142857143,0.7857142857142857,0.0004
406,0.7155193984508514,0.9539506435394287,0.7115384615384616,0.9615384615384616,0.7857142857142857,0.8571428571428571,0.0004
407,0.7511552274227142,2.0062222480773926,0.6923076923076923,0.9423076923076923,0.7142857142857143,0.7857142857142857,0.0004
408,0.7880211770534515,0.9768879413604736,0.6730769230769231,0.9807692307692307,0.7857142857142857,0.9285714285714286,0.0004
409,0.9265236854553223,1.8151664733886719,0.6538461538461539,0.9230769230769231,0.6428571428571429,0.7857142857142857,0.0004
410,0.645063728094101,1.006003737449646,0.7307692307692307,0.9807692307692307,0.7142857142857143,0.9285714285714286,0.0004
411,0.6808292269706726,1.0900731086730957,0.7115384615384616,0.9423076923076923,0.6428571428571429,0.8571428571428571,0.0004
412,0.7638430595397949,1.0210639238357544,0.7307692307692307,0.9807692307692307,0.8571428571428571,0.8571428571428571,0.0004
413,0.6969189643859863,2.2744789123535156,0.6923076923076923,0.9423076923076923,0.6428571428571429,0.7857142857142857,0.0004
414,0.7430762946605682,1.0795553922653198,0.7692307692307693,0.9423076923076923,0.7142857142857143,0.9285714285714286,0.0004
415,0.6430852711200714,1.9156012535095215,0.7307692307692307,0.9807692307692307,0.6428571428571429,0.7857142857142857,0.0004
416,0.6704701781272888,1.8831408023834229,0.8076923076923077,0.9615384615384616,0.5,0.7142857142857143,0.0004
417,0.8637920022010803,1.3427653312683105,0.6538461538461539,0.9423076923076923,0.7857142857142857,0.8571428571428571,0.0004
418,0.6384540796279907,1.620864748954773,0.8269230769230769,0.9615384615384616,0.5714285714285714,0.7857142857142857,0.0004
419,0.8839700520038605,1.080124855041504,0.6346153846153846,0.9038461538461539,0.7857142857142857,0.9285714285714286,0.0004
420,0.7710332572460175,1.05805504322052,0.8461538461538461,0.9423076923076923,0.6428571428571429,0.9285714285714286,0.0004
421,0.6460254490375519,1.0479680299758911,0.6923076923076923,0.9807692307692307,0.7142857142857143,0.7857142857142857,0.0004
422,0.6896609514951706,1.3342981338500977,0.7307692307692307,1.0,0.7142857142857143,0.8571428571428571,0.0004
423,0.8544359803199768,1.490518569946289,0.7884615384615384,0.9423076923076923,0.6428571428571429,0.8571428571428571,0.0004
424,0.8815992772579193,1.5693693161010742,0.75,0.9038461538461539,0.6428571428571429,0.7857142857142857,0.0004
425,0.6435608267784119,1.3751535415649414,0.7692307692307693,0.9807692307692307,0.5714285714285714,0.7857142857142857,0.0004
426,0.709234207868576,1.2466413974761963,0.75,0.9807692307692307,0.6428571428571429,0.8571428571428571,0.0004
427,0.6442639231681824,1.0061665773391724,0.7307692307692307,0.9423076923076923,0.7857142857142857,0.9285714285714286,0.0004
428,0.9705494344234467,0.9587008953094482,0.6538461538461539,0.9038461538461539,0.8571428571428571,0.8571428571428571,0.0004
429,0.709149956703186,0.8869543075561523,0.7692307692307693,0.9615384615384616,0.9285714285714286,0.9285714285714286,0.0004
430,0.9832018613815308,0.8733367323875427,0.6538461538461539,0.9423076923076923,0.7857142857142857,0.9285714285714286,0.0004
431,0.6049112677574158,0.9748166799545288,0.7692307692307693,0.9807692307692307,0.8571428571428571,0.9285714285714286,0.0004
432,0.5570982992649078,1.0192328691482544,0.7884615384615384,0.9807692307692307,0.7857142857142857,0.9285714285714286,0.0004
433,0.6411607265472412,1.5062317848205566,0.75,0.9615384615384616,0.6428571428571429,0.7857142857142857,0.0004
434,0.6801097393035889,1.0674077272415161,0.6923076923076923,0.9807692307692307,0.8571428571428571,0.9285714285714286,0.0004
435,0.9265682399272919,1.1075975894927979,0.6346153846153846,0.9423076923076923,0.8571428571428571,0.8571428571428571,0.0004
436,0.8386796712875366,1.2236168384552002,0.6730769230769231,0.9615384615384616,0.6428571428571429,0.8571428571428571,0.0004
437,0.7303283512592316,0.8004032373428345,0.7115384615384616,0.9807692307692307,0.9285714285714286,0.9285714285714286,0.0004
438,1.0091401636600494,0.853105902671814,0.6923076923076923,0.9230769230769231,0.8571428571428571,0.9285714285714286,0.0004
439,0.5394380241632462,1.0773086547851562,0.7884615384615384,0.9807692307692307,0.7857142857142857,0.9285714285714286,0.0004
440,0.8559015989303589,0.9297270178794861,0.7692307692307693,0.9230769230769231,0.8571428571428571,0.9285714285714286,0.0004
441,0.8238015174865723,1.3915269374847412,0.6923076923076923,0.9230769230769231,0.6428571428571429,0.8571428571428571,0.0004
442,0.563129335641861,1.0003658533096313,0.8269230769230769,0.9807692307692307,0.7857142857142857,0.9285714285714286,0.0004
443,0.598130077123642,1.2610803842544556,0.7307692307692307,0.9615384615384616,0.7142857142857143,0.8571428571428571,0.0004
444,0.7232924401760101,1.3407745361328125,0.75,0.9423076923076923,0.7142857142857143,0.8571428571428571,0.0004
445,0.7787775695323944,0.8886284828186035,0.7307692307692307,0.9230769230769231,0.9285714285714286,0.9285714285714286,0.0004
446,0.9090484976768494,1.4250222444534302,0.6538461538461539,0.8846153846153846,0.7857142857142857,0.8571428571428571,0.0004
447,0.7152841687202454,0.7904708981513977,0.7692307692307693,0.9807692307692307,1.0,0.9285714285714286,0.0004
448,0.5907456278800964,1.018460988998413,0.8461538461538461,0.9807692307692307,0.9285714285714286,0.9285714285714286,0.0004
449,0.8681012988090515,0.6270385384559631,0.7115384615384616,0.9423076923076923,0.9285714285714286,0.9285714285714286,0.0004
450,0.6364612579345703,1.1735934019088745,0.7884615384615384,0.9807692307692307,0.7857142857142857,0.9285714285714286,0.0004
451,0.7408279776573181,0.8478859663009644,0.7307692307692307,0.9807692307692307,0.8571428571428571,0.9285714285714286,0.0004
452,0.4839622974395752,0.9168979525566101,0.8269230769230769,0.9807692307692307,0.8571428571428571,0.9285714285714286,0.0004
453,0.6207475662231445,1.2571319341659546,0.7307692307692307,1.0,0.7142857142857143,0.9285714285714286,0.0004
454,0.5356893837451935,1.1773121356964111,0.8076923076923077,0.9807692307692307,0.8571428571428571,0.8571428571428571,0.0004
455,0.6151830554008484,1.2519896030426025,0.8461538461538461,0.9807692307692307,0.7857142857142857,0.7857142857142857,0.0004
456,0.3864843100309372,1.0878512859344482,0.8846153846153846,1.0,0.8571428571428571,0.8571428571428571,0.0004
457,0.669938787817955,1.4614136219024658,0.7307692307692307,0.9807692307692307,0.6428571428571429,0.8571428571428571,0.0004
458,0.9024824798107147,1.3031820058822632,0.7307692307692307,0.9230769230769231,0.5714285714285714,0.8571428571428571,0.0004
459,0.905766099691391,1.297348976135254,0.75,0.9423076923076923,0.5714285714285714,0.8571428571428571,0.0004
460,0.6987242996692657,0.8013362884521484,0.7307692307692307,0.9615384615384616,1.0,0.9285714285714286,0.0004
461,0.8211988508701324,1.180606484413147,0.6730769230769231,0.9615384615384616,0.5714285714285714,0.9285714285714286,0.0004
462,0.5554864406585693,0.7304078340530396,0.8269230769230769,0.9615384615384616,0.8571428571428571,0.9285714285714286,0.0004
463,0.9187878370285034,1.0222244262695312,0.75,0.9423076923076923,0.9285714285714286,0.8571428571428571,0.0004
464,0.8055535852909088,1.7227849960327148,0.8269230769230769,0.9423076923076923,0.7142857142857143,0.8571428571428571,0.0004
465,0.6897082626819611,1.4108166694641113,0.75,0.9423076923076923,0.6428571428571429,0.7857142857142857,0.0004
466,0.7458243370056152,1.5890583992004395,0.7115384615384616,1.0,0.7142857142857143,0.7857142857142857,0.0004
467,0.7909838259220123,0.9832508563995361,0.7884615384615384,0.8846153846153846,0.8571428571428571,0.9285714285714286,0.0004
468,0.5992836654186249,2.1149392127990723,0.7884615384615384,0.9807692307692307,0.6428571428571429,0.7857142857142857,0.0004
469,0.6588872075080872,0.9860218167304993,0.6923076923076923,0.9615384615384616,0.7857142857142857,0.9285714285714286,0.0004
470,0.6541889309883118,1.330498456954956,0.75,0.9807692307692307,0.5714285714285714,0.9285714285714286,0.0004
471,0.5706456005573273,1.3817120790481567,0.7884615384615384,0.9807692307692307,0.7142857142857143,0.9285714285714286,0.0004
472,0.8140002489089966,2.0595321655273438,0.7115384615384616,0.9230769230769231,0.6428571428571429,0.7857142857142857,0.0004
473,1.0245388448238373,1.4741694927215576,0.6923076923076923,0.9423076923076923,0.6428571428571429,0.9285714285714286,0.0004
474,0.9815835654735565,1.1601030826568604,0.5961538461538461,0.9423076923076923,0.7142857142857143,0.9285714285714286,0.0004
475,0.8552124202251434,1.0949193239212036,0.6538461538461539,0.8846153846153846,0.7857142857142857,0.9285714285714286,0.0004
476,0.6774603426456451,1.7200413942337036,0.7692307692307693,0.9615384615384616,0.42857142857142855,0.8571428571428571,0.0004
477,0.6229684948921204,1.4341633319854736,0.7884615384615384,0.9807692307692307,0.7142857142857143,0.7857142857142857,0.0004
478,0.8023600578308105,1.3886851072311401,0.6153846153846154,0.9038461538461539,0.7857142857142857,0.7857142857142857,0.0004
479,0.758345752954483,1.4735389947891235,0.7307692307692307,0.9230769230769231,0.6428571428571429,0.8571428571428571,0.0004
480,0.6405346691608429,1.0984468460083008,0.8269230769230769,0.9615384615384616,0.7857142857142857,0.9285714285714286,0.0004
481,0.8255862295627594,1.2290310859680176,0.7307692307692307,0.9615384615384616,0.7857142857142857,0.9285714285714286,0.0004
482,1.0539564490318298,1.9144437313079834,0.6346153846153846,0.8846153846153846,0.6428571428571429,0.7142857142857143,0.0004
483,0.6499916315078735,1.207545518875122,0.7884615384615384,0.9615384615384616,0.8571428571428571,0.8571428571428571,0.0004
484,0.6745072305202484,0.8979007005691528,0.7692307692307693,0.9423076923076923,0.9285714285714286,0.9285714285714286,0.0004
485,0.7243719398975372,1.074958324432373,0.6923076923076923,0.9230769230769231,0.7142857142857143,0.9285714285714286,0.0004
486,0.7425067126750946,1.0905535221099854,0.75,0.9423076923076923,0.8571428571428571,0.9285714285714286,0.0004
487,0.8339088261127472,1.9391429424285889,0.6923076923076923,0.9423076923076923,0.5714285714285714,0.7142857142857143,0.0004
488,0.9552443325519562,1.2700490951538086,0.5576923076923077,0.9230769230769231,0.7857142857142857,0.8571428571428571,0.0004
489,0.7886562347412109,2.0077853202819824,0.7115384615384616,0.9230769230769231,0.5714285714285714,0.7857142857142857,0.0004
490,0.9774032235145569,1.175216555595398,0.7307692307692307,0.9230769230769231,0.7142857142857143,0.9285714285714286,0.0004
491,0.7304997444152832,1.0977604389190674,0.6730769230769231,0.9615384615384616,0.7857142857142857,0.9285714285714286,0.0004
492,0.8896960616111755,1.1608130931854248,0.6346153846153846,0.9230769230769231,0.7142857142857143,0.8571428571428571,0.0004
493,0.6590534746646881,1.5258376598358154,0.8076923076923077,0.9423076923076923,0.6428571428571429,0.7857142857142857,0.0004
494,0.7224510610103607,1.327538251876831,0.75,0.9615384615384616,0.7857142857142857,0.9285714285714286,0.0004
495,0.8802367746829987,1.0781041383743286,0.6538461538461539,0.9423076923076923,0.7857142857142857,0.9285714285714286,0.0004
496,0.7546435594558716,1.283118724822998,0.7307692307692307,1.0,0.7857142857142857,0.9285714285714286,0.0004
497,0.6452969610691071,1.3631290197372437,0.7692307692307693,0.9615384615384616,0.7857142857142857,0.7857142857142857,0.0004
498,0.7996524572372437,1.3527991771697998,0.6730769230769231,0.9423076923076923,0.6428571428571429,0.8571428571428571,0.0004
499,0.5728138387203217,0.9134869575500488,0.7884615384615384,0.9423076923076923,0.9285714285714286,0.9285714285714286,0.0004
500,0.8794907927513123,1.2913165092468262,0.6923076923076923,0.9230769230769231,0.7857142857142857,0.8571428571428571,0.0004
501,0.8196559250354767,1.5894181728363037,0.6923076923076923,0.9807692307692307,0.6428571428571429,0.7857142857142857,0.0004
502,0.8697260916233063,1.1163098812103271,0.6346153846153846,0.9615384615384616,0.6428571428571429,0.9285714285714286,0.0004
503,0.6322272717952728,1.267669916152954,0.7692307692307693,0.9423076923076923,0.7857142857142857,0.7857142857142857,0.0004
504,1.024313509464264,0.7736673951148987,0.75,0.9230769230769231,0.9285714285714286,0.9285714285714286,0.0004
505,0.6041420996189117,1.783420205116272,0.8076923076923077,0.9615384615384616,0.5714285714285714,0.6428571428571429,0.0004
506,0.6601018607616425,1.1249008178710938,0.7692307692307693,0.9423076923076923,0.8571428571428571,0.8571428571428571,0.0004
507,0.6950574815273285,1.5627310276031494,0.8076923076923077,0.9807692307692307,0.5714285714285714,0.9285714285714286,0.0004
508,0.6676516532897949,1.8136069774627686,0.7307692307692307,0.9807692307692307,0.7142857142857143,0.7857142857142857,0.0004
509,0.65824094414711,0.9389899969100952,0.7884615384615384,0.9615384615384616,0.8571428571428571,0.9285714285714286,0.0004
510,0.5519128888845444,1.8868744373321533,0.75,0.9807692307692307,0.6428571428571429,0.7857142857142857,0.0004
511,0.7179663479328156,1.828223466873169,0.7307692307692307,0.9807692307692307,0.6428571428571429,0.7857142857142857,0.0004
512,0.6866404414176941,1.4780805110931396,0.75,0.9615384615384616,0.7857142857142857,0.8571428571428571,0.0004
513,0.7819245159626007,1.6794030666351318,0.7884615384615384,0.9423076923076923,0.5714285714285714,0.7142857142857143,0.0004
514,1.2373149394989014,1.8949987888336182,0.6346153846153846,0.8461538461538461,0.5,0.7857142857142857,0.0004
515,0.6995469033718109,0.975813090801239,0.7692307692307693,0.9615384615384616,0.8571428571428571,0.9285714285714286,0.0004
516,0.8024714887142181,1.2768586874008179,0.7307692307692307,0.9230769230769231,0.7142857142857143,0.8571428571428571,0.0004
517,0.6348254382610321,1.9860187768936157,0.7115384615384616,1.0,0.6428571428571429,0.7857142857142857,0.0004
518,0.6765109598636627,1.3146042823791504,0.75,0.9807692307692307,0.6428571428571429,0.8571428571428571,0.0004
519,0.6826840937137604,1.7695143222808838,0.7692307692307693,0.9807692307692307,0.6428571428571429,0.8571428571428571,0.0004
520,1.0502046346664429,1.1005759239196777,0.5961538461538461,0.9038461538461539,0.8571428571428571,0.8571428571428571,0.0004
521,0.8090577125549316,0.8758233785629272,0.7692307692307693,0.9038461538461539,0.8571428571428571,0.9285714285714286,0.0004
522,0.5961668789386749,1.392554521560669,0.8269230769230769,0.9807692307692307,0.6428571428571429,0.8571428571428571,0.0004
523,0.6922171115875244,1.4129693508148193,0.7692307692307693,0.9807692307692307,0.7142857142857143,0.8571428571428571,0.0004
524,0.7568423449993134,0.9208387136459351,0.7692307692307693,0.9423076923076923,0.7857142857142857,0.9285714285714286,0.0004
525,0.5987303555011749,1.000270128250122,0.8269230769230769,0.9615384615384616,0.9285714285714286,0.9285714285714286,0.0004
526,0.6921756267547607,1.299617052078247,0.75,0.9423076923076923,0.7857142857142857,0.8571428571428571,0.0004
527,0.4493510276079178,1.3330330848693848,0.8461538461538461,0.9807692307692307,0.7857142857142857,0.9285714285714286,0.0004
528,0.6399514079093933,1.4486231803894043,0.7692307692307693,1.0,0.6428571428571429,0.8571428571428571,0.0004
529,0.6318451166152954,1.3531737327575684,0.7307692307692307,0.9423076923076923,0.5714285714285714,0.8571428571428571,0.0004
530,0.5968817472457886,0.9531306028366089,0.7307692307692307,0.9807692307692307,0.7142857142857143,0.9285714285714286,0.0004
531,0.6451542228460312,1.2801235914230347,0.75,0.9807692307692307,0.7857142857142857,0.8571428571428571,0.0004
532,0.5884551554918289,1.9693591594696045,0.7692307692307693,0.9807692307692307,0.42857142857142855,0.7857142857142857,0.0004
533,0.5301730036735535,1.2959237098693848,0.8076923076923077,0.9807692307692307,0.7857142857142857,0.9285714285714286,0.0004
534,0.47383977472782135,1.348978042602539,0.7884615384615384,1.0,0.7857142857142857,0.8571428571428571,0.0004
535,0.531500518321991,1.6323007345199585,0.75,1.0,0.5714285714285714,0.7857142857142857,0.0004
536,0.5058026313781738,1.2503000497817993,0.7884615384615384,1.0,0.7142857142857143,0.9285714285714286,0.0004
537,0.6111882030963898,1.5310914516448975,0.8461538461538461,0.9615384615384616,0.7857142857142857,0.8571428571428571,0.0004
538,0.6874438524246216,1.2503600120544434,0.7692307692307693,0.9423076923076923,0.7857142857142857,0.9285714285714286,0.0004
539,0.7186948955059052,1.1347421407699585,0.75,0.9807692307692307,0.7857142857142857,0.9285714285714286,0.0004
540,0.5460739731788635,0.9627140760421753,0.8076923076923077,0.9807692307692307,0.8571428571428571,0.9285714285714286,0.0004
541,0.7368875741958618,0.8763144612312317,0.7692307692307693,0.9615384615384616,0.8571428571428571,0.9285714285714286,0.0004
542,0.563402384519577,1.0314743518829346,0.8269230769230769,0.9807692307692307,0.7857142857142857,0.9285714285714286,0.0004
543,0.5864004492759705,0.8559219837188721,0.75,0.9807692307692307,0.8571428571428571,0.9285714285714286,0.0004
544,0.5344024747610092,1.8214025497436523,0.75,0.9807692307692307,0.7142857142857143,0.7857142857142857,0.0004
545,0.7767743468284607,1.4971506595611572,0.7692307692307693,0.9807692307692307,0.7142857142857143,0.8571428571428571,0.0004
546,0.6643916666507721,0.7879396677017212,0.7884615384615384,0.9807692307692307,0.8571428571428571,0.9285714285714286,0.0004
547,0.7646631598472595,1.068017840385437,0.75,0.9423076923076923,0.7857142857142857,0.9285714285714286,0.0004
548,0.5829197764396667,0.969638466835022,0.8269230769230769,0.9807692307692307,0.7142857142857143,0.9285714285714286,0.0004
549,0.7423332035541534,1.0407737493515015,0.7307692307692307,0.9423076923076923,0.7142857142857143,0.9285714285714286,0.0004
550,0.6858586668968201,1.9121148586273193,0.6730769230769231,0.9807692307692307,0.5714285714285714,0.7142857142857143,0.0004
551,0.5195647180080414,1.5360279083251953,0.8076923076923077,0.9807692307692307,0.5714285714285714,0.9285714285714286,0.0004
552,0.6236154437065125,1.8289029598236084,0.7692307692307693,1.0,0.7142857142857143,0.8571428571428571,0.0004
553,0.5734679251909256,1.0779850482940674,0.7692307692307693,0.9615384615384616,0.7142857142857143,0.9285714285714286,0.0004
554,0.7233936190605164,1.071535348892212,0.7307692307692307,0.9423076923076923,0.8571428571428571,0.9285714285714286,0.0004
555,0.9651368856430054,1.124375581741333,0.8076923076923077,0.9230769230769231,0.7142857142857143,0.9285714285714286,0.0004
556,0.715416818857193,1.1955069303512573,0.7692307692307693,0.9615384615384616,0.6428571428571429,0.9285714285714286,0.0004
557,0.7803704142570496,1.5687599182128906,0.7307692307692307,0.9230769230769231,0.6428571428571429,0.7857142857142857,0.0004
558,0.7712419629096985,1.0361133813858032,0.6538461538461539,0.8846153846153846,0.7857142857142857,0.9285714285714286,0.0004
559,0.6450184881687164,2.1466546058654785,0.8076923076923077,0.9807692307692307,0.7142857142857143,0.7857142857142857,0.0004
560,0.4013778120279312,1.4441310167312622,0.8461538461538461,1.0,0.7142857142857143,0.8571428571428571,0.0004
561,0.6519367098808289,0.8131834268569946,0.6923076923076923,0.9807692307692307,0.9285714285714286,0.9285714285714286,0.0004
562,0.5783120691776276,1.6693730354309082,0.7884615384615384,0.9807692307692307,0.7857142857142857,0.8571428571428571,0.0004
563,0.6314957141876221,1.3916051387786865,0.7692307692307693,0.9807692307692307,0.7142857142857143,0.9285714285714286,0.0004
564,0.8520677387714386,2.017411708831787,0.7692307692307693,0.9615384615384616,0.7142857142857143,0.7857142857142857,0.0004
565,0.6850088983774185,1.184984803199768,0.7884615384615384,1.0,0.9285714285714286,0.8571428571428571,0.0004
566,0.6960054039955139,1.6807501316070557,0.7884615384615384,0.9807692307692307,0.7142857142857143,0.7142857142857143,0.0004
567,0.5059142708778381,1.3190224170684814,0.8269230769230769,0.9807692307692307,0.6428571428571429,0.9285714285714286,0.0004
568,0.7362715601921082,1.1764165163040161,0.7115384615384616,0.9807692307692307,0.8571428571428571,0.7857142857142857,0.0004
569,0.670513778924942,1.4460875988006592,0.75,0.9807692307692307,0.8571428571428571,0.7857142857142857,0.0004
570,0.4089074730873108,1.3123332262039185,0.9038461538461539,1.0,0.7142857142857143,0.9285714285714286,0.0004
571,0.6576299071311951,1.0785672664642334,0.7692307692307693,0.9615384615384616,0.8571428571428571,0.9285714285714286,0.0004
572,0.7437248528003693,1.3197946548461914,0.6923076923076923,0.9615384615384616,0.7857142857142857,0.8571428571428571,0.0004
573,0.6377415359020233,0.9754091501235962,0.7307692307692307,1.0,0.9285714285714286,0.9285714285714286,0.0004
574,0.6399807929992676,1.4560612440109253,0.7692307692307693,0.9807692307692307,0.7142857142857143,0.7857142857142857,0.0004
575,0.7405676543712616,0.9978621006011963,0.7115384615384616,0.9807692307692307,0.7857142857142857,0.8571428571428571,0.0004
576,0.6102562993764877,1.5249359607696533,0.7884615384615384,0.9807692307692307,0.7857142857142857,0.7857142857142857,0.0004
577,0.757275253534317,1.553635835647583,0.6923076923076923,0.9423076923076923,0.7857142857142857,0.7857142857142857,0.0004
578,0.4976491928100586,1.057781457901001,0.8269230769230769,0.9807692307692307,0.8571428571428571,0.8571428571428571,0.0004
579,0.8225675821304321,1.532280683517456,0.7692307692307693,0.9615384615384616,0.5714285714285714,0.8571428571428571,0.0004
580,0.7167840898036957,0.7199015021324158,0.6923076923076923,0.9615384615384616,1.0,0.9285714285714286,0.0004
581,0.6664665341377258,1.8923299312591553,0.75,0.9807692307692307,0.5714285714285714,0.8571428571428571,0.0004
582,0.5760651528835297,1.1686503887176514,0.8076923076923077,0.9807692307692307,0.6428571428571429,0.9285714285714286,0.0004
583,0.8177750706672668,1.6247270107269287,0.7115384615384616,0.9038461538461539,0.6428571428571429,0.8571428571428571,0.0004
584,0.7710955739021301,1.11899733543396,0.75,0.9423076923076923,0.8571428571428571,0.9285714285714286,0.0004
585,0.6763122379779816,1.031488060951233,0.7692307692307693,0.9615384615384616,0.7857142857142857,0.9285714285714286,0.0004
586,0.5535708069801331,1.3263976573944092,0.8076923076923077,1.0,0.7142857142857143,0.8571428571428571,0.0004
587,0.7674124538898468,1.2158348560333252,0.7692307692307693,0.9423076923076923,0.7142857142857143,0.9285714285714286,0.0004
588,0.755347490310669,1.8872356414794922,0.7884615384615384,0.9423076923076923,0.7142857142857143,0.7857142857142857,0.0004
589,0.8092755973339081,1.1440649032592773,0.7115384615384616,0.9423076923076923,0.7142857142857143,0.9285714285714286,0.0004
590,0.6738279312849045,1.238084316253662,0.8269230769230769,0.9807692307692307,0.7142857142857143,0.9285714285714286,0.0004
591,0.5711658596992493,0.851326048374176,0.8076923076923077,1.0,0.8571428571428571,0.9285714285714286,0.0004
592,0.8003216981887817,1.0275816917419434,0.7115384615384616,0.9423076923076923,0.7857142857142857,0.8571428571428571,0.0004
593,0.6506324112415314,0.884084939956665,0.7692307692307693,0.9423076923076923,0.8571428571428571,0.9285714285714286,0.0004
594,0.740986704826355,1.6164106130599976,0.7692307692307693,0.9615384615384616,0.7142857142857143,0.8571428571428571,0.0004
595,0.7177322804927826,1.6774756908416748,0.75,0.9807692307692307,0.7142857142857143,0.8571428571428571,0.0004
596,0.7328601479530334,1.2650465965270996,0.7692307692307693,0.9423076923076923,0.7142857142857143,0.9285714285714286,0.0004
597,0.8337659537792206,1.4479528665542603,0.7307692307692307,0.9615384615384616,0.5714285714285714,0.7857142857142857,0.0004
598,0.5983795523643494,1.267348051071167,0.8076923076923077,1.0,0.6428571428571429,0.8571428571428571,0.0004
599,0.7965307533740997,1.7357211112976074,0.6346153846153846,0.9615384615384616,0.5714285714285714,0.7857142857142857,0.0004
600,0.7760534584522247,1.7900865077972412,0.7115384615384616,0.9230769230769231,0.5,0.8571428571428571,0.0004
601,0.6425307393074036,1.0448722839355469,0.7307692307692307,0.9807692307692307,0.7857142857142857,0.9285714285714286,0.0004
602,1.0062314867973328,0.8977667093276978,0.7115384615384616,0.9230769230769231,0.9285714285714286,0.8571428571428571,0.0004
603,0.7629691958427429,1.3152027130126953,0.7307692307692307,0.9615384615384616,0.7857142857142857,0.7857142857142857,0.0004
604,0.5173261165618896,0.9968510866165161,0.7692307692307693,1.0,0.8571428571428571,0.9285714285714286,0.0004
605,0.5409151315689087,1.015755295753479,0.8076923076923077,0.9807692307692307,0.7857142857142857,0.9285714285714286,0.0004
606,0.814917266368866,1.4075645208358765,0.7115384615384616,0.9230769230769231,0.5714285714285714,0.8571428571428571,0.0004
607,0.7143462598323822,1.6961898803710938,0.7884615384615384,0.9423076923076923,0.5714285714285714,0.9285714285714286,0.0004
608,0.8040423393249512,1.4470409154891968,0.6538461538461539,0.9423076923076923,0.7857142857142857,0.9285714285714286,0.0004
609,0.6131272166967392,1.183253288269043,0.7692307692307693,0.9807692307692307,0.8571428571428571,0.9285714285714286,0.0004
610,0.7213603854179382,1.4753100872039795,0.8269230769230769,0.9615384615384616,0.6428571428571429,0.8571428571428571,0.0004
611,0.4992605000734329,0.8009555339813232,0.7692307692307693,0.9807692307692307,1.0,0.9285714285714286,0.0004
612,0.8466340899467468,2.0706353187561035,0.7307692307692307,0.9615384615384616,0.6428571428571429,0.8571428571428571,0.0004
613,0.533075362443924,1.1487832069396973,0.75,1.0,0.7142857142857143,0.9285714285714286,0.0004
614,0.4046337157487869,0.9767276048660278,0.8846153846153846,0.9807692307692307,0.7142857142857143,0.9285714285714286,0.0004
615,0.8475964069366455,1.2413196563720703,0.7884615384615384,0.9615384615384616,0.8571428571428571,0.8571428571428571,0.0004
616,0.7330227494239807,2.004931926727295,0.7307692307692307,0.9615384615384616,0.5714285714285714,0.7142857142857143,0.0004
617,0.6502175033092499,1.1918138265609741,0.7692307692307693,0.9615384615384616,0.7142857142857143,0.8571428571428571,0.0004
618,0.7425348460674286,1.1800189018249512,0.7115384615384616,0.9807692307692307,0.8571428571428571,0.9285714285714286,0.0004
619,0.6289247572422028,1.4417076110839844,0.7884615384615384,0.9423076923076923,0.6428571428571429,0.8571428571428571,0.0004
620,0.5464499890804291,1.2339727878570557,0.8269230769230769,0.9807692307692307,0.7142857142857143,0.9285714285714286,0.0004
621,0.5807054042816162,1.3294627666473389,0.8076923076923077,0.9807692307692307,0.5714285714285714,0.9285714285714286,0.0004
622,0.7439722418785095,0.8485085964202881,0.6730769230769231,0.9807692307692307,0.8571428571428571,0.9285714285714286,0.0004
623,0.8798715174198151,1.3230035305023193,0.7115384615384616,0.9615384615384616,0.7142857142857143,0.8571428571428571,0.0004
624,0.6038356423377991,1.4184826612472534,0.6730769230769231,1.0,0.5714285714285714,0.8571428571428571,0.0004
625,0.9555007517337799,1.1627295017242432,0.75,0.9230769230769231,0.8571428571428571,0.9285714285714286,0.0004
626,0.9785641431808472,1.0344229936599731,0.7692307692307693,0.9423076923076923,0.8571428571428571,0.9285714285714286,0.0004
627,0.6422363519668579,0.9682477712631226,0.8076923076923077,0.9615384615384616,0.7857142857142857,0.9285714285714286,0.0004
628,0.762693852186203,0.9001520276069641,0.6923076923076923,0.9230769230769231,0.9285714285714286,0.9285714285714286,0.0004
629,0.6511817872524261,1.3611711263656616,0.7884615384615384,0.9615384615384616,0.7142857142857143,0.9285714285714286,0.0004
630,0.6275463998317719,1.1885727643966675,0.75,1.0,0.6428571428571429,0.8571428571428571,0.0004
631,0.7359570860862732,1.790512204170227,0.6730769230769231,0.9615384615384616,0.5714285714285714,0.7857142857142857,0.0004
632,0.9077101945877075,1.2899165153503418,0.6923076923076923,0.9423076923076923,0.6428571428571429,0.9285714285714286,0.0004
633,0.6790181994438171,1.0901057720184326,0.7692307692307693,0.9807692307692307,0.9285714285714286,0.9285714285714286,0.0004
634,0.6371269226074219,1.2930982112884521,0.7692307692307693,0.9807692307692307,0.7142857142857143,0.8571428571428571,0.0004
635,0.7964892089366913,1.0204981565475464,0.7692307692307693,0.9230769230769231,0.7857142857142857,0.8571428571428571,0.0004
636,0.598646730184555,1.282295823097229,0.75,0.9807692307692307,0.7142857142857143,0.8571428571428571,0.0004
637,0.7334653437137604,1.7771679162979126,0.7884615384615384,0.9423076923076923,0.7142857142857143,0.7857142857142857,0.0004
638,0.7234168350696564,1.0156866312026978,0.7307692307692307,0.9038461538461539,0.7142857142857143,0.9285714285714286,0.0004
639,0.6019335389137268,1.067271113395691,0.7307692307692307,0.9807692307692307,0.7142857142857143,0.9285714285714286,0.0004
640,0.6421043574810028,1.3219051361083984,0.75,1.0,0.5714285714285714,0.9285714285714286,0.0004
641,0.6823948919773102,1.4537782669067383,0.8076923076923077,0.9615384615384616,0.7142857142857143,0.8571428571428571,0.0004
642,0.8435371816158295,1.6133503913879395,0.7115384615384616,0.9615384615384616,0.6428571428571429,0.7857142857142857,0.0004
643,0.6135500520467758,1.4228880405426025,0.8076923076923077,1.0,0.8571428571428571,0.8571428571428571,0.0004
644,0.8739954829216003,0.9990756511688232,0.7692307692307693,0.9230769230769231,0.7142857142857143,0.8571428571428571,0.0004
645,0.5146787166595459,1.6383734941482544,0.7884615384615384,1.0,0.7142857142857143,0.7857142857142857,0.0004
646,0.4930508881807327,0.8500866889953613,0.8076923076923077,0.9615384615384616,0.8571428571428571,0.9285714285714286,0.0004
647,0.6750270426273346,0.9972118139266968,0.8076923076923077,0.9615384615384616,0.7857142857142857,0.9285714285714286,0.0004
648,0.6351049542427063,1.021600604057312,0.75,0.9807692307692307,0.7857142857142857,0.9285714285714286,0.0004
649,0.5809819400310516,1.3445889949798584,0.7884615384615384,1.0,0.9285714285714286,0.8571428571428571,0.0004
650,0.49714595079421997,1.9828948974609375,0.75,0.9807692307692307,0.5,0.7142857142857143,0.0004
651,0.708087682723999,1.1247310638427734,0.75,0.9423076923076923,0.6428571428571429,0.9285714285714286,0.0004
652,0.5615454763174057,1.0566271543502808,0.7692307692307693,0.9807692307692307,0.7142857142857143,0.8571428571428571,0.0004
653,0.7114914357662201,1.352803111076355,0.6923076923076923,0.9615384615384616,0.5714285714285714,0.7857142857142857,0.0004
654,0.5388427376747131,1.5812280178070068,0.8076923076923077,1.0,0.7857142857142857,0.8571428571428571,0.0004
655,0.5901187211275101,1.5224840641021729,0.7884615384615384,0.9807692307692307,0.7142857142857143,0.8571428571428571,0.0004
656,0.49643079936504364,1.568731427192688,0.7692307692307693,1.0,0.8571428571428571,0.8571428571428571,0.0004
657,0.6870339810848236,0.6964885592460632,0.75,0.9615384615384616,0.9285714285714286,0.9285714285714286,0.0004
658,0.7760559618473053,1.2102829217910767,0.7692307692307693,0.9038461538461539,0.7142857142857143,0.9285714285714286,0.0004
659,0.8164726197719574,1.0634045600891113,0.75,0.9230769230769231,0.6428571428571429,0.9285714285714286,0.0004
660,1.0391386151313782,1.0979735851287842,0.7115384615384616,0.9038461538461539,0.7857142857142857,0.8571428571428571,0.0004
661,0.8091230988502502,1.3104863166809082,0.6346153846153846,0.9230769230769231,0.7142857142857143,0.7857142857142857,0.0004
662,0.9015058875083923,1.5045961141586304,0.7115384615384616,0.9230769230769231,0.6428571428571429,0.9285714285714286,0.0004
663,0.6778769195079803,1.235400676727295,0.7115384615384616,0.9230769230769231,0.6428571428571429,0.8571428571428571,0.0004
664,0.6820582747459412,1.3018395900726318,0.7307692307692307,1.0,0.7142857142857143,0.9285714285714286,0.0004
665,0.9158685207366943,1.5653800964355469,0.7115384615384616,0.9038461538461539,0.7142857142857143,0.8571428571428571,0.0004
666,0.8996460437774658,1.69594407081604,0.6538461538461539,0.9423076923076923,0.5714285714285714,0.9285714285714286,0.0004
667,0.7170312106609344,1.20294189453125,0.8269230769230769,0.9615384615384616,0.6428571428571429,0.9285714285714286,0.0004
668,0.8051748871803284,1.2748849391937256,0.8076923076923077,0.9807692307692307,0.6428571428571429,0.8571428571428571,0.0004
669,0.6321823298931122,1.5365405082702637,0.7115384615384616,0.9807692307692307,0.7857142857142857,0.8571428571428571,0.0004
670,0.6191806495189667,1.0567024946212769,0.7307692307692307,0.9807692307692307,0.7142857142857143,0.9285714285714286,0.0004
671,0.6467304527759552,1.0742839574813843,0.7884615384615384,0.9807692307692307,0.7142857142857143,0.9285714285714286,0.0004
672,0.8661936521530151,1.2963417768478394,0.6346153846153846,0.9230769230769231,0.5714285714285714,0.9285714285714286,0.0004
673,1.0681973099708557,0.7968684434890747,0.7115384615384616,0.9615384615384616,0.9285714285714286,0.9285714285714286,0.0004
674,0.821510910987854,1.1955727338790894,0.6730769230769231,0.9615384615384616,0.7142857142857143,0.9285714285714286,0.0004
675,0.5993990004062653,1.0090581178665161,0.75,0.9807692307692307,0.7857142857142857,0.8571428571428571,0.0004
676,0.9469214975833893,1.121804118156433,0.6346153846153846,0.9423076923076923,0.6428571428571429,0.8571428571428571,0.0004
677,0.736890435218811,1.2279281616210938,0.7115384615384616,0.9807692307692307,0.6428571428571429,0.9285714285714286,0.0004
678,0.6458474695682526,1.2522538900375366,0.8076923076923077,0.9615384615384616,0.6428571428571429,0.9285714285714286,0.0004
679,0.7771427929401398,1.7038811445236206,0.7307692307692307,0.9615384615384616,0.5714285714285714,0.8571428571428571,0.0004
680,0.7538580000400543,1.63698410987854,0.6923076923076923,0.9615384615384616,0.6428571428571429,0.9285714285714286,0.0004
681,0.8385300934314728,1.3855791091918945,0.6538461538461539,0.9615384615384616,0.7142857142857143,0.8571428571428571,0.0004
682,0.6896712183952332,1.337337851524353,0.7307692307692307,0.9423076923076923,0.7142857142857143,0.9285714285714286,0.0004
683,0.6484148800373077,1.5022387504577637,0.8076923076923077,0.9615384615384616,0.6428571428571429,0.7857142857142857,0.0004
684,0.5433313846588135,1.0497350692749023,0.7884615384615384,1.0,0.9285714285714286,0.9285714285714286,0.0004
685,0.7416607886552811,0.7487066984176636,0.7692307692307693,0.9807692307692307,1.0,0.9285714285714286,0.0004
686,0.7502983212471008,1.2356431484222412,0.6923076923076923,0.9423076923076923,0.7142857142857143,0.9285714285714286,0.0004
687,0.7501770555973053,1.2274799346923828,0.6730769230769231,0.9423076923076923,0.8571428571428571,0.8571428571428571,0.0004
688,0.62452132999897,1.153765320777893,0.8461538461538461,0.9807692307692307,0.8571428571428571,0.8571428571428571,0.0004
689,0.6422358751296997,1.104865550994873,0.75,1.0,0.7857142857142857,0.8571428571428571,0.0004
690,0.6897508203983307,1.696740746498108,0.6730769230769231,0.9423076923076923,0.7857142857142857,0.7857142857142857,0.0004
691,0.6021485328674316,1.5261809825897217,0.75,0.9807692307692307,0.7857142857142857,0.8571428571428571,0.0004
692,0.5947778224945068,0.8959201574325562,0.7884615384615384,0.9807692307692307,0.8571428571428571,0.9285714285714286,0.0004
693,0.5984220802783966,1.4653043746948242,0.7692307692307693,0.9807692307692307,0.5714285714285714,0.7857142857142857,0.0004
694,0.4674825370311737,1.9455013275146484,0.8461538461538461,1.0,0.7142857142857143,0.7857142857142857,0.0004
695,0.8443170189857483,1.575774908065796,0.75,0.9423076923076923,0.7142857142857143,0.8571428571428571,0.0004
696,0.733382374048233,1.068683385848999,0.7307692307692307,0.9615384615384616,0.7857142857142857,0.8571428571428571,0.0004
697,0.9496260285377502,2.2941341400146484,0.7307692307692307,0.9038461538461539,0.5,0.7142857142857143,0.0004
698,0.6577702760696411,0.9332394599914551,0.7692307692307693,0.9423076923076923,0.8571428571428571,0.9285714285714286,0.0004
699,0.7030088901519775,1.2141371965408325,0.6538461538461539,1.0,0.8571428571428571,0.9285714285714286,0.0004
700,0.8668553531169891,1.3714205026626587,0.75,0.9423076923076923,0.5714285714285714,0.8571428571428571,0.0004
701,0.78880974650383,1.1939826011657715,0.7692307692307693,0.9230769230769231,0.8571428571428571,0.8571428571428571,0.0004
702,0.84990593791008,0.8469427824020386,0.7115384615384616,0.9807692307692307,0.9285714285714286,0.9285714285714286,0.0004
703,0.8975241184234619,1.2701798677444458,0.6538461538461539,0.9423076923076923,0.6428571428571429,0.9285714285714286,0.0004
704,0.6112833917140961,1.3692626953125,0.8653846153846154,0.9615384615384616,0.8571428571428571,0.7857142857142857,0.0004
705,0.694759339094162,1.3742048740386963,0.75,0.9230769230769231,0.6428571428571429,0.7857142857142857,0.0004
706,0.8042114675045013,1.3565163612365723,0.6923076923076923,0.9038461538461539,0.6428571428571429,0.8571428571428571,0.0004
707,0.44224150478839874,1.0244262218475342,0.7692307692307693,1.0,0.7857142857142857,0.9285714285714286,0.0004
708,0.4766257107257843,1.0516881942749023,0.8846153846153846,0.9807692307692307,0.7857142857142857,0.9285714285714286,0.0004
709,0.7377792000770569,1.0674244165420532,0.7884615384615384,0.9807692307692307,0.8571428571428571,0.8571428571428571,0.0004
710,0.5880998969078064,1.3370729684829712,0.8461538461538461,0.9807692307692307,0.7142857142857143,0.9285714285714286,0.0004
711,0.8117361068725586,1.9636952877044678,0.7115384615384616,0.9615384615384616,0.7142857142857143,0.7857142857142857,0.0004
712,0.9286401271820068,1.156627893447876,0.7692307692307693,0.9615384615384616,0.8571428571428571,0.8571428571428571,0.0004
713,0.857263833284378,1.8164234161376953,0.7307692307692307,0.9230769230769231,0.7142857142857143,0.7857142857142857,0.0004
714,0.6739480793476105,1.719405174255371,0.75,0.9423076923076923,0.5,0.9285714285714286,0.0004
715,0.4996369332075119,1.6099709272384644,0.9038461538461539,0.9807692307692307,0.5714285714285714,0.8571428571428571,0.0004
716,0.57553631067276,1.6242177486419678,0.8076923076923077,0.9807692307692307,0.5714285714285714,0.8571428571428571,0.0004
717,0.6039756238460541,0.9659366011619568,0.7884615384615384,0.9615384615384616,0.7857142857142857,0.9285714285714286,0.0004
718,0.5533009767532349,1.108769178390503,0.8269230769230769,0.9807692307692307,0.7142857142857143,0.9285714285714286,0.0004
719,0.699928492307663,1.4377777576446533,0.75,0.9423076923076923,0.7857142857142857,0.8571428571428571,0.0004
720,0.6152578294277191,0.8857967853546143,0.7884615384615384,0.9807692307692307,0.9285714285714286,0.9285714285714286,0.0004
721,0.9176385402679443,2.1133320331573486,0.7115384615384616,0.9230769230769231,0.5,0.8571428571428571,0.0004
722,0.7268447279930115,1.0579700469970703,0.7692307692307693,0.9615384615384616,0.7857142857142857,0.9285714285714286,0.0004
723,0.5038633495569229,1.5598225593566895,0.8269230769230769,0.9807692307692307,0.6428571428571429,0.7142857142857143,0.0004
724,0.6634154915809631,1.3226392269134521,0.75,0.9807692307692307,0.7142857142857143,0.9285714285714286,0.0004
725,0.44387511909008026,0.9167861938476562,0.8653846153846154,1.0,0.8571428571428571,0.9285714285714286,0.0004
726,0.7037594318389893,1.4482855796813965,0.8076923076923077,0.9615384615384616,0.6428571428571429,0.8571428571428571,0.0004
727,0.6719353199005127,0.8946992754936218,0.8076923076923077,0.9807692307692307,0.8571428571428571,0.9285714285714286,0.0004
728,0.6365034580230713,1.0312105417251587,0.8269230769230769,0.9615384615384616,0.8571428571428571,0.9285714285714286,0.0004
729,0.5963906347751617,1.3739557266235352,0.7884615384615384,0.9615384615384616,0.6428571428571429,0.8571428571428571,0.0004
730,0.4258532375097275,0.8618868589401245,0.8269230769230769,1.0,0.8571428571428571,0.9285714285714286,0.0004
731,0.6365387141704559,0.7977702617645264,0.7692307692307693,0.9807692307692307,0.7857142857142857,0.9285714285714286,0.0004
732,0.4798342287540436,1.9619975090026855,0.7692307692307693,0.9807692307692307,0.7142857142857143,0.7857142857142857,0.0004
733,0.5061316937208176,0.859721839427948,0.8269230769230769,0.9807692307692307,0.8571428571428571,0.9285714285714286,0.0004
734,0.6200119256973267,1.1639357805252075,0.6923076923076923,0.9615384615384616,0.7142857142857143,0.9285714285714286,0.0004
735,0.8195138275623322,1.0253055095672607,0.6923076923076923,0.9423076923076923,0.8571428571428571,0.9285714285714286,0.0004
736,0.5493298321962357,1.8360000848770142,0.7692307692307693,1.0,0.7142857142857143,0.8571428571428571,0.0004
737,0.5722128748893738,1.8909865617752075,0.7884615384615384,0.9807692307692307,0.7142857142857143,0.7857142857142857,0.0004
738,0.8236524760723114,1.4294930696487427,0.75,0.9423076923076923,0.6428571428571429,0.9285714285714286,0.0004
739,0.7904321253299713,1.3273613452911377,0.7307692307692307,0.9423076923076923,0.7857142857142857,0.9285714285714286,0.0004
740,0.6234590113162994,2.1340274810791016,0.7692307692307693,0.9807692307692307,0.6428571428571429,0.7857142857142857,0.0004
741,0.5488002300262451,1.1180737018585205,0.7692307692307693,0.9230769230769231,0.7857142857142857,0.9285714285714286,0.0004
742,0.48929959535598755,1.553515911102295,0.8461538461538461,0.9615384615384616,0.7857142857142857,0.8571428571428571,0.0004
743,0.7014362514019012,1.990790605545044,0.75,0.9423076923076923,0.7857142857142857,0.8571428571428571,0.0004
744,0.6916245520114899,2.1436803340911865,0.8076923076923077,0.9615384615384616,0.6428571428571429,0.7857142857142857,0.0004
745,0.5281752794981003,1.1119945049285889,0.7692307692307693,0.9615384615384616,0.8571428571428571,0.9285714285714286,0.0004
746,0.4861232191324234,1.1769921779632568,0.8461538461538461,0.9615384615384616,0.7857142857142857,0.9285714285714286,0.0004
747,0.6299757361412048,1.064353108406067,0.7307692307692307,0.9615384615384616,0.7142857142857143,0.9285714285714286,0.0004
748,0.5800098776817322,0.8804638385772705,0.7692307692307693,0.9807692307692307,0.7857142857142857,0.9285714285714286,0.0004
749,0.40736228227615356,0.687723696231842,0.9038461538461539,0.9807692307692307,1.0,0.9285714285714286,0.0004
750,0.8095368146896362,1.0319429636001587,0.75,0.9230769230769231,0.8571428571428571,0.9285714285714286,0.0004
751,0.928384006023407,1.1183497905731201,0.6923076923076923,0.9615384615384616,0.7857142857142857,0.9285714285714286,0.0004
752,0.7934576570987701,0.9557240009307861,0.7884615384615384,0.9423076923076923,0.8571428571428571,0.9285714285714286,0.0004
753,0.542951226234436,1.5624639987945557,0.8461538461538461,0.9807692307692307,0.7142857142857143,0.7857142857142857,0.0004
754,0.6427995562553406,1.52695631980896,0.8461538461538461,0.9807692307692307,0.7857142857142857,0.8571428571428571,0.0004
755,0.7740114629268646,1.1132104396820068,0.7307692307692307,0.9615384615384616,0.7142857142857143,0.9285714285714286,0.0004
756,0.7978966236114502,1.2724812030792236,0.7307692307692307,0.9230769230769231,0.8571428571428571,0.8571428571428571,0.0004
757,0.726584404706955,1.334089994430542,0.7884615384615384,0.9615384615384616,0.7142857142857143,0.8571428571428571,0.0004
758,0.7368477880954742,1.292926549911499,0.75,0.9423076923076923,0.7857142857142857,0.8571428571428571,0.0004
759,0.7602992057800293,1.657251238822937,0.7115384615384616,0.9807692307692307,0.6428571428571429,0.8571428571428571,0.0004
760,0.6046753525733948,1.6787104606628418,0.6923076923076923,0.9615384615384616,0.7857142857142857,0.7142857142857143,0.0004
761,0.8827107548713684,1.4995005130767822,0.6538461538461539,0.9038461538461539,0.6428571428571429,0.8571428571428571,0.0004
762,0.7151455581188202,1.4034724235534668,0.8269230769230769,0.9423076923076923,0.5714285714285714,0.8571428571428571,0.0004
763,0.7829472124576569,0.896320104598999,0.6538461538461539,0.9230769230769231,0.7857142857142857,0.8571428571428571,0.0004
764,0.7238926291465759,1.5169821977615356,0.7307692307692307,0.9615384615384616,0.6428571428571429,0.7857142857142857,0.0004
765,0.6800380349159241,1.2576406002044678,0.8269230769230769,0.9807692307692307,0.8571428571428571,0.8571428571428571,0.0004
766,0.7355765104293823,1.5612295866012573,0.7307692307692307,0.9423076923076923,0.7142857142857143,0.8571428571428571,0.0004
767,0.7176786959171295,1.2720338106155396,0.6538461538461539,0.9230769230769231,0.8571428571428571,0.8571428571428571,0.0004
768,0.8405110239982605,2.168999671936035,0.75,0.9615384615384616,0.5714285714285714,0.7857142857142857,0.0004
769,0.7938165068626404,1.520807147026062,0.75,0.9423076923076923,0.7142857142857143,0.8571428571428571,0.0004
770,0.6268103718757629,1.0689365863800049,0.7307692307692307,1.0,0.8571428571428571,0.8571428571428571,0.0004
771,0.610621452331543,1.6039913892745972,0.8461538461538461,0.9423076923076923,0.6428571428571429,0.7857142857142857,0.0004
772,0.6300647705793381,1.0056264400482178,0.7692307692307693,0.9615384615384616,0.8571428571428571,0.9285714285714286,0.0004
773,0.7856470346450806,1.4684593677520752,0.6538461538461539,0.9423076923076923,0.7857142857142857,0.9285714285714286,0.0004
774,0.7180297374725342,1.3085668087005615,0.7115384615384616,0.9807692307692307,0.7142857142857143,0.8571428571428571,0.0004
775,0.7905768156051636,1.4578919410705566,0.75,0.9230769230769231,0.7857142857142857,0.8571428571428571,0.0004
776,0.6430788040161133,1.7055234909057617,0.7884615384615384,1.0,0.5714285714285714,0.7857142857142857,0.0004
777,0.5903415679931641,2.054229497909546,0.7692307692307693,0.9807692307692307,0.5,0.8571428571428571,0.0004
778,0.7291677594184875,1.244685411453247,0.75,0.9807692307692307,0.9285714285714286,0.8571428571428571,0.0004
779,0.7975618541240692,0.9887573719024658,0.75,0.9615384615384616,0.9285714285714286,0.9285714285714286,0.0004
780,0.8346613943576813,0.7827328443527222,0.7307692307692307,0.9423076923076923,1.0,0.9285714285714286,0.0004
781,0.6039372086524963,1.4005454778671265,0.7692307692307693,0.9807692307692307,0.7142857142857143,0.8571428571428571,0.0004
782,0.7414913773536682,1.4194300174713135,0.75,0.9615384615384616,0.7857142857142857,0.7857142857142857,0.0004
783,0.7626392245292664,1.7201497554779053,0.7307692307692307,0.9423076923076923,0.5714285714285714,0.8571428571428571,0.0004
784,0.8951909840106964,0.797112226486206,0.7307692307692307,0.9038461538461539,0.8571428571428571,0.9285714285714286,0.0004
785,0.7223131060600281,1.1985626220703125,0.75,0.9423076923076923,0.7857142857142857,0.8571428571428571,0.0004
786,0.8891467750072479,1.264344573020935,0.7307692307692307,0.9423076923076923,0.8571428571428571,0.8571428571428571,0.0004
787,0.6599172651767731,1.350144386291504,0.7884615384615384,0.9615384615384616,0.7857142857142857,0.8571428571428571,0.0004
788,0.5748719274997711,1.4157533645629883,0.7692307692307693,0.9807692307692307,0.7857142857142857,0.8571428571428571,0.0004
789,0.514966294169426,1.5074036121368408,0.7692307692307693,0.9807692307692307,0.8571428571428571,0.8571428571428571,0.0004
790,0.6322091817855835,1.6482253074645996,0.8461538461538461,0.9423076923076923,0.7142857142857143,0.8571428571428571,0.0004
791,0.6093837320804596,1.2618458271026611,0.75,0.9615384615384616,0.7142857142857143,0.9285714285714286,0.0004
792,0.8362772464752197,2.1590702533721924,0.7692307692307693,0.9423076923076923,0.5714285714285714,0.8571428571428571,0.0004
793,0.7809579968452454,1.3260400295257568,0.8269230769230769,0.9230769230769231,0.7142857142857143,0.9285714285714286,0.0004
794,0.6352123320102692,1.2516080141067505,0.8461538461538461,0.9807692307692307,0.8571428571428571,0.8571428571428571,0.0004
795,0.6712938249111176,1.089097023010254,0.7307692307692307,0.9615384615384616,0.7142857142857143,0.8571428571428571,0.0004
796,0.7196936905384064,1.6953203678131104,0.6730769230769231,0.9230769230769231,0.7142857142857143,0.8571428571428571,0.0004
797,0.8771431148052216,1.6403528451919556,0.7307692307692307,0.9615384615384616,0.6428571428571429,0.7857142857142857,0.0004
798,0.6559984683990479,1.1711175441741943,0.8269230769230769,0.9807692307692307,0.7857142857142857,0.8571428571428571,0.0004
799,0.6701924800872803,1.4288922548294067,0.8076923076923077,0.9807692307692307,0.7857142857142857,0.7857142857142857,0.0004
800,0.7547837495803833,1.1799546480178833,0.7307692307692307,0.9230769230769231,0.8571428571428571,0.7857142857142857,0.0004
801,0.5489281117916107,1.429599642753601,0.75,0.9615384615384616,0.8571428571428571,0.7857142857142857,0.0004
802,0.8031321167945862,1.7373623847961426,0.75,0.9807692307692307,0.42857142857142855,0.8571428571428571,0.0004
803,0.683150589466095,0.9774130582809448,0.75,0.9423076923076923,0.7857142857142857,0.9285714285714286,0.0004
804,0.6666218042373657,1.280027151107788,0.75,0.9615384615384616,0.7857142857142857,0.8571428571428571,0.0004
805,0.6964380443096161,1.0168389081954956,0.6923076923076923,0.9615384615384616,0.9285714285714286,0.8571428571428571,0.0004
806,0.4944416582584381,1.4695361852645874,0.8269230769230769,0.9807692307692307,0.7857142857142857,0.8571428571428571,0.0004
807,0.556635707616806,0.8826992511749268,0.8653846153846154,1.0,0.9285714285714286,0.9285714285714286,0.0004
808,0.4872370809316635,1.4011054039001465,0.8846153846153846,0.9807692307692307,0.6428571428571429,0.8571428571428571,0.0004
809,0.5109103918075562,1.050558090209961,0.7884615384615384,0.9807692307692307,0.7857142857142857,0.9285714285714286,0.0004
810,0.6530665457248688,1.5543103218078613,0.8076923076923077,0.9615384615384616,0.7142857142857143,0.8571428571428571,0.0004
811,0.6136987656354904,1.2776294946670532,0.8076923076923077,0.9615384615384616,0.7857142857142857,0.8571428571428571,0.0004
812,0.6593546271324158,1.433852195739746,0.75,1.0,0.7142857142857143,0.9285714285714286,0.0004
813,0.5687156617641449,1.2828950881958008,0.8653846153846154,0.9807692307692307,0.7857142857142857,0.8571428571428571,0.0004
814,0.43887026607990265,1.5918415784835815,0.8461538461538461,1.0,0.6428571428571429,0.8571428571428571,0.0004
815,0.7865662574768066,1.463402509689331,0.7307692307692307,0.9807692307692307,0.7857142857142857,0.8571428571428571,0.0004
816,0.5084967762231827,1.1477149724960327,0.8076923076923077,0.9807692307692307,0.7857142857142857,0.8571428571428571,0.0004
817,0.6638424843549728,0.8758174180984497,0.7692307692307693,0.9423076923076923,0.9285714285714286,0.9285714285714286,0.0004
818,0.5782763361930847,0.7726185321807861,0.7692307692307693,0.9807692307692307,0.8571428571428571,0.9285714285714286,0.0004
819,0.5175997614860535,1.0739161968231201,0.7692307692307693,1.0,0.7142857142857143,0.9285714285714286,0.0004
820,0.6870686411857605,1.102287769317627,0.8461538461538461,0.9423076923076923,0.7857142857142857,0.8571428571428571,0.0004
821,0.4505581110715866,1.4385610818862915,0.8653846153846154,1.0,0.7142857142857143,0.8571428571428571,0.0004
822,0.5749722123146057,1.1267186403274536,0.7884615384615384,0.9807692307692307,0.8571428571428571,0.8571428571428571,0.0004
823,0.5667981207370758,0.9755022525787354,0.8076923076923077,1.0,0.7857142857142857,0.9285714285714286,0.0004
824,0.5495508015155792,1.0277260541915894,0.7884615384615384,0.9807692307692307,0.7857142857142857,0.9285714285714286,0.0004
825,0.661811113357544,0.7353658676147461,0.8269230769230769,0.9615384615384616,0.9285714285714286,0.9285714285714286,0.0004
826,0.4481050372123718,1.287240982055664,0.8461538461538461,0.9807692307692307,0.7142857142857143,0.9285714285714286,0.0004
827,0.7002771198749542,0.948586106300354,0.7307692307692307,0.9423076923076923,0.8571428571428571,0.8571428571428571,0.0004
828,0.5371101945638657,1.758791208267212,0.8076923076923077,0.9807692307692307,0.6428571428571429,0.7857142857142857,0.0004
829,0.5101483017206192,1.3173280954360962,0.8653846153846154,0.9807692307692307,0.7142857142857143,0.8571428571428571,0.0004
830,0.6145419776439667,1.4379206895828247,0.7692307692307693,0.9807692307692307,0.7142857142857143,0.9285714285714286,0.0004
831,0.5566540360450745,1.391310453414917,0.7884615384615384,0.9807692307692307,0.7857142857142857,0.9285714285714286,0.0004
832,0.739508330821991,1.460364818572998,0.8076923076923077,0.9423076923076923,0.7857142857142857,0.8571428571428571,0.0004
833,0.4260091781616211,1.6610043048858643,0.8461538461538461,0.9807692307692307,0.7857142857142857,0.8571428571428571,0.0004
834,0.5536549687385559,0.7186155319213867,0.7884615384615384,0.9615384615384616,0.9285714285714286,0.9285714285714286,0.0004
835,0.8015207052230835,0.9025593996047974,0.7307692307692307,0.9615384615384616,0.9285714285714286,0.9285714285714286,0.0004
836,0.7508577108383179,2.519712448120117,0.7884615384615384,0.9615384615384616,0.6428571428571429,0.7857142857142857,0.0004
837,0.6746679842472076,1.2010200023651123,0.8076923076923077,0.9230769230769231,0.7857142857142857,0.9285714285714286,0.0004
838,0.7338725030422211,2.0058021545410156,0.7307692307692307,0.9038461538461539,0.5714285714285714,0.8571428571428571,0.0004
839,0.619236022233963,0.8602483868598938,0.6923076923076923,1.0,0.9285714285714286,0.8571428571428571,0.0004
840,0.6781171262264252,1.8302561044692993,0.6538461538461539,0.9807692307692307,0.6428571428571429,0.7857142857142857,0.0004
841,0.8213409185409546,2.501208782196045,0.75,0.9423076923076923,0.5714285714285714,0.7857142857142857,0.0004
842,0.9407628178596497,1.830889344215393,0.7115384615384616,0.9230769230769231,0.5714285714285714,0.8571428571428571,0.0004
843,0.6548537909984589,1.1783910989761353,0.7884615384615384,0.9615384615384616,0.8571428571428571,0.9285714285714286,0.0004
844,0.6406233310699463,1.445868730545044,0.6538461538461539,0.9807692307692307,0.7142857142857143,0.9285714285714286,0.0004
845,0.507336899638176,1.6596736907958984,0.8461538461538461,1.0,0.6428571428571429,0.8571428571428571,0.0004
846,0.7115260064601898,1.2002140283584595,0.7692307692307693,0.9807692307692307,0.8571428571428571,0.8571428571428571,0.0004
847,0.6242368221282959,1.4373362064361572,0.7307692307692307,0.9615384615384616,0.5,0.8571428571428571,0.0004
848,0.6503819525241852,1.4711828231811523,0.7115384615384616,0.9807692307692307,0.6428571428571429,0.8571428571428571,0.0004
849,0.8719291090965271,1.6538043022155762,0.7115384615384616,0.9230769230769231,0.6428571428571429,0.7857142857142857,0.0004
850,0.7051651328802109,0.8079932928085327,0.7884615384615384,0.9807692307692307,0.9285714285714286,0.9285714285714286,0.0004
851,0.6257323920726776,0.9389289617538452,0.75,0.9807692307692307,0.7857142857142857,0.9285714285714286,0.0004
852,0.7510717809200287,1.6638752222061157,0.7115384615384616,0.9615384615384616,0.5714285714285714,0.8571428571428571,0.0004
853,0.5585204809904099,1.1397650241851807,0.7884615384615384,0.9807692307692307,0.7857142857142857,0.9285714285714286,0.0004
854,0.861446738243103,1.3461955785751343,0.75,0.9423076923076923,0.6428571428571429,0.9285714285714286,0.0004
855,0.6023952811956406,1.363417148590088,0.7692307692307693,0.9807692307692307,0.7142857142857143,0.8571428571428571,0.0004
856,0.5710810720920563,1.4677560329437256,0.8269230769230769,0.9807692307692307,0.7142857142857143,0.7857142857142857,0.0004
857,0.7172550559043884,1.2441271543502808,0.7307692307692307,0.9423076923076923,0.7142857142857143,0.7857142857142857,0.0004
858,0.6947579085826874,1.5086867809295654,0.7307692307692307,0.9615384615384616,0.5714285714285714,0.8571428571428571,0.0004
859,0.7361259758472443,1.3147844076156616,0.75,0.9615384615384616,0.6428571428571429,0.8571428571428571,0.0004
860,0.6407586932182312,0.9691431522369385,0.7692307692307693,0.9807692307692307,0.8571428571428571,0.9285714285714286,0.0004
861,0.5916112065315247,1.7665427923202515,0.7884615384615384,1.0,0.7857142857142857,0.8571428571428571,0.0004
862,0.6734038293361664,1.104274034500122,0.8269230769230769,0.9423076923076923,0.8571428571428571,0.9285714285714286,0.0004
863,0.6304410398006439,0.9723113775253296,0.8076923076923077,0.9615384615384616,0.7857142857142857,0.9285714285714286,0.0004
864,0.631502091884613,0.9667092561721802,0.7692307692307693,1.0,0.8571428571428571,0.9285714285714286,0.0004
865,0.974113941192627,1.1106359958648682,0.75,0.9230769230769231,0.7142857142857143,0.9285714285714286,0.0004
866,0.6370190382003784,1.4703118801116943,0.8076923076923077,1.0,0.7142857142857143,0.8571428571428571,0.0004
867,0.40981777012348175,1.582421064376831,0.9038461538461539,1.0,0.7142857142857143,0.9285714285714286,0.0004
868,0.4979439526796341,0.9135278463363647,0.7692307692307693,1.0,0.9285714285714286,0.9285714285714286,0.0004
869,0.8295049369335175,1.3869719505310059,0.6730769230769231,0.9423076923076923,0.7142857142857143,0.8571428571428571,0.0004
870,0.5297215580940247,1.5647965669631958,0.7692307692307693,0.9807692307692307,0.6428571428571429,0.8571428571428571,0.0004
871,0.6731512546539307,2.0319833755493164,0.7692307692307693,0.9615384615384616,0.6428571428571429,0.7857142857142857,0.0004
872,1.088860273361206,1.6885740756988525,0.7115384615384616,0.9038461538461539,0.7142857142857143,0.8571428571428571,0.0004
873,0.6625853776931763,1.1654293537139893,0.75,1.0,0.8571428571428571,0.9285714285714286,0.0004
874,0.4791792631149292,1.0900115966796875,0.8076923076923077,1.0,0.7857142857142857,0.8571428571428571,0.0004
875,0.7444016337394714,1.986257553100586,0.7115384615384616,0.9615384615384616,0.6428571428571429,0.7142857142857143,0.0004
876,0.5882793962955475,0.9078747034072876,0.8269230769230769,0.9423076923076923,0.8571428571428571,0.9285714285714286,0.0004
877,0.5361698418855667,1.5614013671875,0.8269230769230769,0.9615384615384616,0.7142857142857143,0.9285714285714286,0.0004
878,0.5094252824783325,1.2659802436828613,0.8076923076923077,0.9807692307692307,0.8571428571428571,0.8571428571428571,0.0004
879,0.8619481921195984,1.9256174564361572,0.75,0.9038461538461539,0.5714285714285714,0.7857142857142857,0.0004
880,0.7773095965385437,1.2532522678375244,0.8076923076923077,0.9230769230769231,0.8571428571428571,0.7857142857142857,0.0004
881,0.5150780379772186,1.9171388149261475,0.8269230769230769,1.0,0.5714285714285714,0.7857142857142857,0.0004
882,0.6520577371120453,1.5824525356292725,0.75,0.9807692307692307,0.7142857142857143,0.8571428571428571,0.0004
883,0.7978409826755524,1.130847454071045,0.6923076923076923,0.9038461538461539,0.6428571428571429,0.9285714285714286,0.0004
884,0.5908240079879761,1.157161831855774,0.8461538461538461,0.9807692307692307,0.5714285714285714,0.9285714285714286,0.0004
885,0.4932078570127487,1.1613028049468994,0.7692307692307693,0.9807692307692307,0.8571428571428571,0.8571428571428571,0.0004
886,0.6346042156219482,1.2726231813430786,0.8076923076923077,0.9423076923076923,0.7857142857142857,0.8571428571428571,0.0004
887,0.5374473035335541,1.1112849712371826,0.8846153846153846,0.9615384615384616,0.7857142857142857,0.9285714285714286,0.0004
888,0.530401885509491,1.5087895393371582,0.8076923076923077,0.9807692307692307,0.5,0.8571428571428571,0.0004
889,0.926819920539856,1.4382812976837158,0.6923076923076923,0.9230769230769231,0.6428571428571429,0.8571428571428571,0.0004
890,0.6233359426259995,1.7396795749664307,0.8076923076923077,0.9615384615384616,0.7142857142857143,0.8571428571428571,0.0004
891,0.7058167159557343,1.0878582000732422,0.7692307692307693,0.9615384615384616,0.8571428571428571,0.8571428571428571,0.0004
892,0.7195905447006226,1.3035082817077637,0.8269230769230769,0.9615384615384616,0.6428571428571429,0.8571428571428571,0.0004
893,0.6855939328670502,1.241334080696106,0.75,0.9615384615384616,0.7857142857142857,0.8571428571428571,0.0004
894,0.6821702420711517,0.970536470413208,0.7884615384615384,0.9807692307692307,0.7857142857142857,0.9285714285714286,0.0004
895,0.5789134800434113,1.3178318738937378,0.7884615384615384,0.9423076923076923,0.7142857142857143,0.8571428571428571,0.0004
896,0.7904282212257385,1.0869722366333008,0.7307692307692307,0.9615384615384616,0.7857142857142857,0.9285714285714286,0.0004
897,0.5449616014957428,1.6423454284667969,0.7884615384615384,0.9807692307692307,0.8571428571428571,0.7857142857142857,0.0004
898,0.6096822917461395,1.256974697113037,0.8461538461538461,0.9423076923076923,0.7857142857142857,0.9285714285714286,0.0004
899,0.6701053380966187,1.8385276794433594,0.7692307692307693,0.9615384615384616,0.7142857142857143,0.8571428571428571,0.0004
900,0.6676691472530365,1.6095510721206665,0.8076923076923077,0.9615384615384616,0.7142857142857143,0.9285714285714286,0.0004
901,0.4837842285633087,1.0549755096435547,0.8269230769230769,0.9615384615384616,0.7142857142857143,0.9285714285714286,0.0004
902,0.4980957508087158,1.6202430725097656,0.8269230769230769,0.9615384615384616,0.7857142857142857,0.7857142857142857,0.0004
903,0.5285599231719971,1.1616034507751465,0.8461538461538461,0.9615384615384616,0.5714285714285714,0.9285714285714286,0.0004
904,0.700918436050415,1.3094425201416016,0.7692307692307693,0.9807692307692307,0.7142857142857143,0.9285714285714286,0.0004
905,0.698572427034378,1.3568143844604492,0.75,0.9423076923076923,0.8571428571428571,0.8571428571428571,0.0004
906,0.5611634403467178,1.227824091911316,0.7884615384615384,0.9807692307692307,0.7857142857142857,0.8571428571428571,0.0004
907,0.8660902976989746,0.9429463148117065,0.7115384615384616,0.9615384615384616,0.8571428571428571,0.9285714285714286,0.0004
908,0.654339998960495,1.0312550067901611,0.75,0.9807692307692307,0.8571428571428571,0.9285714285714286,0.0004
909,0.4974626749753952,1.1819941997528076,0.7884615384615384,0.9615384615384616,0.7857142857142857,0.8571428571428571,0.0004
910,0.7919211387634277,1.1120593547821045,0.7692307692307693,0.9615384615384616,0.7142857142857143,0.8571428571428571,0.0004
911,0.651239275932312,1.4949195384979248,0.7692307692307693,0.9807692307692307,0.7857142857142857,0.8571428571428571,0.0004
912,0.8568175137042999,1.0006383657455444,0.6730769230769231,0.9807692307692307,0.7857142857142857,0.9285714285714286,0.0004
913,0.6843427419662476,0.8150838613510132,0.7884615384615384,0.9230769230769231,0.7857142857142857,0.9285714285714286,0.0004
914,0.6701999306678772,0.9949895739555359,0.7884615384615384,0.9807692307692307,0.7857142857142857,0.9285714285714286,0.0004
915,0.48887327313423157,1.1686785221099854,0.8461538461538461,1.0,0.9285714285714286,0.7857142857142857,0.0004
916,0.6258420348167419,1.356450080871582,0.75,0.9615384615384616,0.7857142857142857,0.8571428571428571,0.0004
917,0.6980153173208237,1.833582878112793,0.7307692307692307,0.9615384615384616,0.7857142857142857,0.7857142857142857,0.0004
918,0.5718583315610886,1.0243160724639893,0.7692307692307693,0.9807692307692307,0.7142857142857143,0.9285714285714286,0.0004
919,0.8770497143268585,1.5786893367767334,0.7692307692307693,0.9423076923076923,0.7857142857142857,0.7142857142857143,0.0004
920,0.5946462452411652,1.8430190086364746,0.7692307692307693,0.9615384615384616,0.5714285714285714,0.7857142857142857,0.0004
921,0.6447321772575378,1.4570482969284058,0.7115384615384616,0.9615384615384616,0.6428571428571429,0.7857142857142857,0.0004
922,0.857895016670227,1.5132472515106201,0.7884615384615384,0.9423076923076923,0.7142857142857143,0.7857142857142857,0.0004
923,0.7355961501598358,0.7949907779693604,0.7115384615384616,0.9423076923076923,1.0,0.9285714285714286,0.0004
924,0.5010692775249481,1.0786957740783691,0.7692307692307693,1.0,0.7857142857142857,0.9285714285714286,0.0004
925,0.7054318189620972,1.6258139610290527,0.7307692307692307,0.9230769230769231,0.7857142857142857,0.7857142857142857,0.0004
926,0.6455279737710953,1.140279769897461,0.8461538461538461,1.0,0.7857142857142857,0.9285714285714286,0.0004
927,0.5920854359865189,1.428269386291504,0.8076923076923077,0.9615384615384616,0.7142857142857143,0.8571428571428571,0.0004
928,0.4972350746393204,1.7674992084503174,0.8461538461538461,1.0,0.5714285714285714,0.7857142857142857,0.0004
929,0.6935449540615082,1.1754159927368164,0.7115384615384616,0.9230769230769231,0.7857142857142857,0.9285714285714286,0.0004
930,0.7096301019191742,0.9400721788406372,0.8269230769230769,0.9615384615384616,0.8571428571428571,0.8571428571428571,0.0004
931,0.5912728607654572,1.5206804275512695,0.7884615384615384,0.9615384615384616,0.7857142857142857,0.7857142857142857,0.0004
932,0.7753474414348602,1.1988794803619385,0.6923076923076923,0.9615384615384616,0.7857142857142857,0.9285714285714286,0.0004
933,0.6934515833854675,0.865767776966095,0.75,0.9807692307692307,0.8571428571428571,0.9285714285714286,0.0004
934,0.5428554117679596,1.2094590663909912,0.7884615384615384,0.9807692307692307,0.8571428571428571,0.9285714285714286,0.0004
935,0.9268791377544403,1.0726854801177979,0.6923076923076923,0.9230769230769231,0.8571428571428571,0.9285714285714286,0.0004
936,0.9270716607570648,1.4644458293914795,0.6923076923076923,0.9230769230769231,0.7142857142857143,0.8571428571428571,0.0004
937,0.5146818161010742,1.1851311922073364,0.8076923076923077,1.0,0.8571428571428571,0.9285714285714286,0.0004
938,0.5314969420433044,2.031039237976074,0.7692307692307693,0.9615384615384616,0.6428571428571429,0.7857142857142857,0.0004
939,0.5556858777999878,1.4470291137695312,0.8461538461538461,0.9807692307692307,0.7142857142857143,0.7857142857142857,0.0004
940,0.5218532830476761,1.3594269752502441,0.75,1.0,0.7142857142857143,0.8571428571428571,0.0004
941,0.6064447909593582,1.411862850189209,0.8076923076923077,0.9615384615384616,0.6428571428571429,0.9285714285714286,0.0004
942,0.7884011268615723,1.1586564779281616,0.6923076923076923,0.9615384615384616,0.7857142857142857,0.8571428571428571,0.0004
943,0.56588514149189,1.3345282077789307,0.7307692307692307,0.9807692307692307,0.6428571428571429,0.9285714285714286,0.0004
944,0.6454538404941559,1.2169303894042969,0.8269230769230769,0.9807692307692307,0.7857142857142857,0.9285714285714286,0.0004
945,0.4875248074531555,1.5766741037368774,0.7692307692307693,1.0,0.7142857142857143,0.7857142857142857,0.0004
946,0.4608491212129593,2.1093339920043945,0.8269230769230769,1.0,0.5714285714285714,0.7857142857142857,0.0004
947,0.7314848899841309,0.8424410820007324,0.7692307692307693,0.9615384615384616,0.9285714285714286,0.9285714285714286,0.0004
948,0.68748739361763,1.9911398887634277,0.7692307692307693,0.9615384615384616,0.6428571428571429,0.7142857142857143,0.0004
949,0.6274587512016296,0.9270405769348145,0.7307692307692307,0.9807692307692307,0.8571428571428571,0.9285714285714286,0.0004
950,0.5653722882270813,1.8416082859039307,0.75,0.9615384615384616,0.5,0.7857142857142857,0.0004
951,0.41850510239601135,1.5705091953277588,0.8846153846153846,1.0,0.6428571428571429,0.8571428571428571,0.0004
952,0.6384132355451584,1.6042994260787964,0.8076923076923077,0.9807692307692307,0.7142857142857143,0.7857142857142857,0.0004
953,0.5996149182319641,0.9454636573791504,0.7884615384615384,0.9807692307692307,0.8571428571428571,0.9285714285714286,0.0004
954,0.6561776995658875,0.913646936416626,0.8269230769230769,0.9423076923076923,0.7857142857142857,0.9285714285714286,0.0004
955,0.4293433129787445,1.9238967895507812,0.8461538461538461,0.9807692307692307,0.7857142857142857,0.7857142857142857,0.0004
956,0.5381661355495453,2.969252824783325,0.8461538461538461,0.9615384615384616,0.5714285714285714,0.7142857142857143,0.0004
957,0.3516441732645035,2.318342924118042,0.7884615384615384,1.0,0.5,0.7857142857142857,0.0004
958,1.0989224910736084,1.9767762422561646,0.75,0.9038461538461539,0.6428571428571429,0.8571428571428571,0.0004
959,0.954515129327774,1.2399265766143799,0.7307692307692307,0.9423076923076923,0.7857142857142857,0.8571428571428571,0.0004
960,0.7518812417984009,1.4098973274230957,0.6923076923076923,0.9615384615384616,0.5714285714285714,0.9285714285714286,0.0004
961,0.88118776679039,0.841036319732666,0.6730769230769231,0.9423076923076923,0.9285714285714286,0.9285714285714286,0.0004
962,0.8171771466732025,0.9577940702438354,0.6923076923076923,0.9423076923076923,0.9285714285714286,0.9285714285714286,0.0004
963,0.5361977517604828,1.6179108619689941,0.8461538461538461,1.0,0.7142857142857143,0.8571428571428571,0.0004
964,0.9831954538822174,1.2471942901611328,0.6153846153846154,0.9423076923076923,0.7142857142857143,0.8571428571428571,0.0004
965,0.992580771446228,1.4094761610031128,0.6730769230769231,0.9038461538461539,0.6428571428571429,0.9285714285714286,0.0004
966,0.4830770045518875,1.0375720262527466,0.8653846153846154,1.0,0.7857142857142857,0.8571428571428571,0.0004
967,0.806480348110199,1.1124000549316406,0.7307692307692307,0.9615384615384616,0.7142857142857143,0.8571428571428571,0.0004
968,0.7284550964832306,0.9870476126670837,0.7307692307692307,0.9615384615384616,0.7857142857142857,0.9285714285714286,0.0004
969,0.9532459378242493,1.3985601663589478,0.6730769230769231,0.9230769230769231,0.7857142857142857,0.8571428571428571,0.0004
970,0.9576212167739868,1.1488876342773438,0.7307692307692307,0.8653846153846154,0.7142857142857143,0.9285714285714286,0.0004
971,0.7382543683052063,1.2704837322235107,0.8269230769230769,0.9423076923076923,0.7142857142857143,0.8571428571428571,0.0004
972,0.6405187100172043,1.4984104633331299,0.8461538461538461,0.9615384615384616,0.5714285714285714,0.8571428571428571,0.0004
973,0.7524741590023041,1.3560314178466797,0.75,0.9423076923076923,0.7857142857142857,0.8571428571428571,0.0004
974,0.5922928750514984,0.9518617391586304,0.8076923076923077,0.9615384615384616,0.8571428571428571,0.9285714285714286,0.0004
975,0.6137031614780426,1.0464223623275757,0.75,1.0,0.8571428571428571,0.9285714285714286,0.0004
976,0.7412727773189545,1.5989199876785278,0.7692307692307693,0.9615384615384616,0.7142857142857143,0.8571428571428571,0.0004
977,0.7688408195972443,1.156682014465332,0.7115384615384616,0.9615384615384616,0.7142857142857143,0.8571428571428571,0.0004
978,0.5905821472406387,1.7927486896514893,0.7692307692307693,0.9423076923076923,0.6428571428571429,0.7857142857142857,0.0004
979,0.5268372893333435,1.4535619020462036,0.8076923076923077,1.0,0.8571428571428571,0.8571428571428571,0.0004
980,0.6081250309944153,0.7759319543838501,0.7884615384615384,0.9807692307692307,0.9285714285714286,0.8571428571428571,0.0004
981,0.7024295330047607,0.7171370983123779,0.7115384615384616,0.9807692307692307,1.0,0.9285714285714286,0.0004
982,0.6121138334274292,1.82356595993042,0.7884615384615384,0.9230769230769231,0.5714285714285714,0.7857142857142857,0.0004
983,0.6370116770267487,1.4750473499298096,0.7692307692307693,0.9615384615384616,0.7142857142857143,0.7857142857142857,0.0004
984,0.8041969835758209,1.104820728302002,0.7307692307692307,0.9615384615384616,0.6428571428571429,0.8571428571428571,0.0004
985,0.9696256518363953,1.6270451545715332,0.6346153846153846,0.9038461538461539,0.7142857142857143,0.7857142857142857,0.0004
986,0.6151687204837799,1.2511329650878906,0.7884615384615384,0.9615384615384616,0.7142857142857143,0.8571428571428571,0.0004
987,0.6127968728542328,1.500452995300293,0.7884615384615384,0.9807692307692307,0.7857142857142857,0.9285714285714286,0.0004
988,0.6151457130908966,1.1503262519836426,0.7884615384615384,0.9423076923076923,0.7857142857142857,0.9285714285714286,0.0004
989,0.782672792673111,1.6860480308532715,0.6923076923076923,0.9615384615384616,0.7857142857142857,0.8571428571428571,0.0004
990,0.5953119099140167,1.3305959701538086,0.8653846153846154,0.9423076923076923,0.7142857142857143,0.8571428571428571,0.0004
991,0.7435485422611237,1.2443945407867432,0.7884615384615384,0.9038461538461539,0.7857142857142857,0.8571428571428571,0.0004
992,0.5259866118431091,0.9438753724098206,0.75,1.0,0.8571428571428571,0.9285714285714286,0.0004
993,0.5508992522954941,1.2652078866958618,0.8076923076923077,0.9807692307692307,0.8571428571428571,0.9285714285714286,0.0004
994,0.5760461986064911,1.547635555267334,0.8076923076923077,0.9807692307692307,0.6428571428571429,0.7857142857142857,0.0004
995,0.5805074572563171,0.7146439552307129,0.8076923076923077,1.0,1.0,0.9285714285714286,0.0004
996,0.652319148182869,1.268378496170044,0.7884615384615384,0.9423076923076923,0.7857142857142857,0.8571428571428571,0.0004
997,0.6209801435470581,0.9246494174003601,0.8269230769230769,0.9615384615384616,0.8571428571428571,0.9285714285714286,0.0004
998,0.4538305550813675,0.8658570051193237,0.8653846153846154,1.0,0.9285714285714286,0.9285714285714286,0.0004
999,0.4751512408256531,1.7344813346862793,0.8846153846153846,0.9615384615384616,0.7142857142857143,0.8571428571428571,0.0004
1000,0.5893827527761459,1.7624762058258057,0.7884615384615384,0.9807692307692307,0.7142857142857143,0.8571428571428571,0.0004
