epoch,train_loss,val_loss,train_acc_action,train_acc_status,val_acc_action,val_acc_status,learning_rate
1,1.8037117719650269,1.800715684890747,0.3269230769230769,0.17307692307692307,0.35714285714285715,0.14285714285714285,0.0004
2,1.7960205674171448,1.793428897857666,0.3269230769230769,0.38461538461538464,0.35714285714285715,0.8571428571428571,0.0004
3,1.7935558557510376,1.7860558032989502,0.3269230769230769,0.5769230769230769,0.35714285714285715,0.8571428571428571,0.0004
4,1.7804692387580872,1.778857946395874,0.3269230769230769,0.8076923076923077,0.35714285714285715,0.8571428571428571,0.0004
5,1.7766817808151245,1.772278070449829,0.3269230769230769,0.8269230769230769,0.35714285714285715,0.8571428571428571,0.0004
6,1.7711302638053894,1.7651164531707764,0.3269230769230769,0.8269230769230769,0.35714285714285715,0.8571428571428571,0.0004
7,1.7542572021484375,1.7554525136947632,0.3269230769230769,0.8269230769230769,0.35714285714285715,0.8571428571428571,0.0004
8,1.7519853711128235,1.744249701499939,0.3269230769230769,0.8269230769230769,0.35714285714285715,0.8571428571428571,0.0004
9,1.7498334646224976,1.7303082942962646,0.3076923076923077,0.8269230769230769,0.35714285714285715,0.8571428571428571,0.0004
10,1.726685345172882,1.7102047204971313,0.25,0.8269230769230769,0.35714285714285715,0.8571428571428571,0.0004
11,1.7210419178009033,1.6831597089767456,0.3076923076923077,0.8269230769230769,0.35714285714285715,0.8571428571428571,0.0004
12,1.6600956320762634,1.6427098512649536,0.4230769230769231,0.8269230769230769,0.21428571428571427,0.8571428571428571,0.0004
13,1.638211190700531,1.5894379615783691,0.34615384615384615,0.8269230769230769,0.21428571428571427,0.8571428571428571,0.0004
14,1.5309560894966125,1.5691864490509033,0.4230769230769231,0.8269230769230769,0.21428571428571427,0.8571428571428571,0.0004
15,1.5324551463127136,1.5713590383529663,0.3269230769230769,0.8269230769230769,0.21428571428571427,0.8571428571428571,0.0004
16,1.6185954213142395,1.5698699951171875,0.38461538461538464,0.8269230769230769,0.21428571428571427,0.8571428571428571,0.0004
17,1.6103326082229614,1.5619492530822754,0.36538461538461536,0.8269230769230769,0.21428571428571427,0.8571428571428571,0.0004
18,1.6134107112884521,1.5512516498565674,0.36538461538461536,0.8269230769230769,0.21428571428571427,0.8571428571428571,0.0004
19,1.556530475616455,1.5420325994491577,0.40384615384615385,0.8269230769230769,0.21428571428571427,0.8571428571428571,0.0004
20,1.6445051431655884,1.532207727432251,0.2692307692307692,0.8269230769230769,0.21428571428571427,0.8571428571428571,0.0004
21,1.6081082820892334,1.5256681442260742,0.3269230769230769,0.8269230769230769,0.21428571428571427,0.8571428571428571,0.0004
22,1.6147475838661194,1.5221195220947266,0.2692307692307692,0.8269230769230769,0.21428571428571427,0.8571428571428571,0.0004
23,1.50434809923172,1.5183439254760742,0.4423076923076923,0.8269230769230769,0.21428571428571427,0.8571428571428571,0.0004
24,1.6367135047912598,1.5195484161376953,0.4230769230769231,0.8269230769230769,0.21428571428571427,0.8571428571428571,0.0004
25,1.570288598537445,1.520289421081543,0.2692307692307692,0.8269230769230769,0.21428571428571427,0.8571428571428571,0.0004
26,1.5978237986564636,1.5230504274368286,0.25,0.8269230769230769,0.42857142857142855,0.8571428571428571,0.0004
27,1.6192421317100525,1.5262072086334229,0.28846153846153844,0.8269230769230769,0.42857142857142855,0.8571428571428571,0.0004
28,1.560998022556305,1.5296385288238525,0.2692307692307692,0.8269230769230769,0.35714285714285715,0.8571428571428571,0.0004
29,1.5883326530456543,1.5316132307052612,0.28846153846153844,0.8269230769230769,0.35714285714285715,0.8571428571428571,0.0004
30,1.6294691562652588,1.535436749458313,0.3076923076923077,0.8269230769230769,0.21428571428571427,0.8571428571428571,0.0004
31,1.6629607677459717,1.538320541381836,0.28846153846153844,0.8269230769230769,0.21428571428571427,0.8571428571428571,0.0004
32,1.583032250404358,1.5420429706573486,0.36538461538461536,0.8269230769230769,0.21428571428571427,0.8571428571428571,0.0004
33,1.6107504963874817,1.5451635122299194,0.4230769230769231,0.8269230769230769,0.21428571428571427,0.8571428571428571,0.0004
34,1.5852071046829224,1.5489537715911865,0.36538461538461536,0.8269230769230769,0.21428571428571427,0.8571428571428571,0.0004
35,1.6054943799972534,1.5503458976745605,0.23076923076923078,0.8269230769230769,0.21428571428571427,0.8571428571428571,0.0004
36,1.583002507686615,1.5524673461914062,0.4230769230769231,0.8269230769230769,0.21428571428571427,0.8571428571428571,0.0004
37,1.5676344633102417,1.5536456108093262,0.38461538461538464,0.8269230769230769,0.21428571428571427,0.8571428571428571,0.0004
38,1.5487607717514038,1.5552833080291748,0.3269230769230769,0.8269230769230769,0.21428571428571427,0.8571428571428571,0.0004
39,1.5919108986854553,1.5563254356384277,0.36538461538461536,0.8269230769230769,0.21428571428571427,0.8571428571428571,0.0004
40,1.5984492301940918,1.5560970306396484,0.34615384615384615,0.8269230769230769,0.21428571428571427,0.8571428571428571,0.0004
41,1.5863105654716492,1.555485486984253,0.38461538461538464,0.8269230769230769,0.21428571428571427,0.8571428571428571,0.0004
42,1.6108893156051636,1.5565849542617798,0.3269230769230769,0.8269230769230769,0.21428571428571427,0.8571428571428571,0.0004
43,1.5691190958023071,1.555814266204834,0.38461538461538464,0.8269230769230769,0.21428571428571427,0.8571428571428571,0.0004
44,1.6129016280174255,1.5558061599731445,0.3269230769230769,0.8269230769230769,0.21428571428571427,0.8571428571428571,0.0004
45,1.6388558149337769,1.5558531284332275,0.3269230769230769,0.8269230769230769,0.21428571428571427,0.8571428571428571,0.0004
46,1.5895254611968994,1.5547797679901123,0.28846153846153844,0.8269230769230769,0.21428571428571427,0.8571428571428571,0.0004
47,1.5943723320960999,1.5548566579818726,0.28846153846153844,0.8269230769230769,0.21428571428571427,0.8571428571428571,0.0004
48,1.5821629762649536,1.5549947023391724,0.28846153846153844,0.8269230769230769,0.21428571428571427,0.8571428571428571,0.0004
49,1.4912194609642029,1.552964448928833,0.40384615384615385,0.8269230769230769,0.21428571428571427,0.8571428571428571,0.0004
50,1.6361931562423706,1.5518757104873657,0.3269230769230769,0.8269230769230769,0.21428571428571427,0.8571428571428571,0.0004
51,1.537030041217804,1.5501456260681152,0.46153846153846156,0.8269230769230769,0.21428571428571427,0.8571428571428571,0.0004
52,1.57414048910141,1.5489146709442139,0.34615384615384615,0.8269230769230769,0.21428571428571427,0.8571428571428571,0.0004
53,1.5455105900764465,1.5483152866363525,0.40384615384615385,0.8269230769230769,0.21428571428571427,0.8571428571428571,0.0004
54,1.5869725942611694,1.546776533126831,0.36538461538461536,0.8269230769230769,0.21428571428571427,0.8571428571428571,0.0004
55,1.5307106971740723,1.5449377298355103,0.40384615384615385,0.8269230769230769,0.21428571428571427,0.8571428571428571,0.0004
56,1.5144065022468567,1.543879747390747,0.34615384615384615,0.8269230769230769,0.21428571428571427,0.8571428571428571,0.0004
57,1.5987329483032227,1.5431469678878784,0.4230769230769231,0.8269230769230769,0.21428571428571427,0.8571428571428571,0.0004
58,1.6009708642959595,1.5411449670791626,0.3076923076923077,0.8269230769230769,0.21428571428571427,0.8571428571428571,0.0004
59,1.5499606728553772,1.5414012670516968,0.40384615384615385,0.8269230769230769,0.21428571428571427,0.8571428571428571,0.0004
60,1.5884045362472534,1.5383918285369873,0.34615384615384615,0.8269230769230769,0.21428571428571427,0.8571428571428571,0.0004
61,1.5504906177520752,1.5355292558670044,0.40384615384615385,0.8269230769230769,0.21428571428571427,0.8571428571428571,0.0004
62,1.554524302482605,1.534349799156189,0.34615384615384615,0.8269230769230769,0.21428571428571427,0.8571428571428571,0.0004
63,1.5235101580619812,1.5317192077636719,0.3269230769230769,0.8269230769230769,0.21428571428571427,0.8571428571428571,0.0004
64,1.6729353666305542,1.5290229320526123,0.38461538461538464,0.8269230769230769,0.21428571428571427,0.8571428571428571,0.0004
65,1.5813225507736206,1.5279302597045898,0.3269230769230769,0.8269230769230769,0.21428571428571427,0.8571428571428571,0.0004
66,1.5961360931396484,1.5265153646469116,0.34615384615384615,0.8269230769230769,0.21428571428571427,0.8571428571428571,0.0004
67,1.5401933789253235,1.5251086950302124,0.2692307692307692,0.8269230769230769,0.21428571428571427,0.8571428571428571,0.0004
68,1.585903525352478,1.5247175693511963,0.21153846153846154,0.8269230769230769,0.21428571428571427,0.8571428571428571,0.0004
69,1.604098618030548,1.5256707668304443,0.38461538461538464,0.8269230769230769,0.21428571428571427,0.8571428571428571,0.0004
70,1.6095460057258606,1.5238897800445557,0.28846153846153844,0.8269230769230769,0.21428571428571427,0.8571428571428571,0.0004
71,1.5758747458457947,1.5255873203277588,0.23076923076923078,0.8269230769230769,0.21428571428571427,0.8571428571428571,0.0004
72,1.5765034556388855,1.526279091835022,0.28846153846153844,0.8269230769230769,0.21428571428571427,0.8571428571428571,0.0004
73,1.6321934461593628,1.5280226469039917,0.23076923076923078,0.8269230769230769,0.21428571428571427,0.8571428571428571,0.0004
74,1.6141372323036194,1.529522180557251,0.40384615384615385,0.8269230769230769,0.21428571428571427,0.8571428571428571,0.0004
75,1.5298241972923279,1.5302248001098633,0.36538461538461536,0.8269230769230769,0.21428571428571427,0.8571428571428571,0.0004
76,1.5358110070228577,1.5302045345306396,0.36538461538461536,0.8269230769230769,0.21428571428571427,0.8571428571428571,0.0004
77,1.6392318606376648,1.5301876068115234,0.2692307692307692,0.8269230769230769,0.21428571428571427,0.8571428571428571,0.0004
78,1.5885227918624878,1.5313193798065186,0.3269230769230769,0.8269230769230769,0.21428571428571427,0.8571428571428571,0.0004
79,1.5785652995109558,1.530570387840271,0.34615384615384615,0.8269230769230769,0.21428571428571427,0.8571428571428571,0.0004
80,1.5746758580207825,1.530827522277832,0.36538461538461536,0.8269230769230769,0.21428571428571427,0.8571428571428571,0.0004
81,1.5411800742149353,1.5334572792053223,0.38461538461538464,0.8269230769230769,0.21428571428571427,0.8571428571428571,0.0004
82,1.6124206185340881,1.5343544483184814,0.2692307692307692,0.8269230769230769,0.21428571428571427,0.8571428571428571,0.0004
83,1.6029430627822876,1.5342800617218018,0.38461538461538464,0.8269230769230769,0.21428571428571427,0.8571428571428571,0.0004
84,1.5688121914863586,1.5353697538375854,0.28846153846153844,0.8269230769230769,0.21428571428571427,0.8571428571428571,0.0004
85,1.5379681587219238,1.536574125289917,0.36538461538461536,0.8269230769230769,0.21428571428571427,0.8571428571428571,0.0004
86,1.5726531744003296,1.535534143447876,0.3076923076923077,0.8269230769230769,0.21428571428571427,0.8571428571428571,0.0004
87,1.5887995958328247,1.535728096961975,0.28846153846153844,0.8269230769230769,0.21428571428571427,0.8571428571428571,0.0004
88,1.6123854517936707,1.5361839532852173,0.40384615384615385,0.8269230769230769,0.21428571428571427,0.8571428571428571,0.0004
89,1.5422390699386597,1.5354275703430176,0.34615384615384615,0.8269230769230769,0.21428571428571427,0.8571428571428571,0.0004
90,1.5749468207359314,1.5352463722229004,0.3269230769230769,0.8269230769230769,0.21428571428571427,0.8571428571428571,0.0004
91,1.5723732113838196,1.5349500179290771,0.3269230769230769,0.8269230769230769,0.21428571428571427,0.8571428571428571,0.0004
92,1.5868365168571472,1.5365736484527588,0.38461538461538464,0.8269230769230769,0.21428571428571427,0.8571428571428571,0.0004
93,1.6337459087371826,1.5352978706359863,0.2692307692307692,0.8269230769230769,0.21428571428571427,0.8571428571428571,0.0004
94,1.5711983442306519,1.5366684198379517,0.40384615384615385,0.8269230769230769,0.21428571428571427,0.8571428571428571,0.0004
95,1.5577014088630676,1.5352842807769775,0.3269230769230769,0.8269230769230769,0.21428571428571427,0.8571428571428571,0.0004
96,1.5702740550041199,1.5345326662063599,0.28846153846153844,0.8269230769230769,0.21428571428571427,0.8571428571428571,0.0004
97,1.5138787627220154,1.5347559452056885,0.4423076923076923,0.8269230769230769,0.21428571428571427,0.8571428571428571,0.0004
98,1.567737638950348,1.5345979928970337,0.28846153846153844,0.8269230769230769,0.21428571428571427,0.8571428571428571,0.0004
99,1.5914597511291504,1.5339241027832031,0.4230769230769231,0.8269230769230769,0.21428571428571427,0.8571428571428571,0.0004
100,1.642657458782196,1.5360777378082275,0.3076923076923077,0.8269230769230769,0.21428571428571427,0.8571428571428571,0.0004
101,1.5001580119132996,1.5368750095367432,0.36538461538461536,0.8269230769230769,0.21428571428571427,0.8571428571428571,0.0004
102,1.5004099011421204,1.534685730934143,0.38461538461538464,0.8269230769230769,0.21428571428571427,0.8571428571428571,0.0004
103,1.5495325922966003,1.5370211601257324,0.36538461538461536,0.8269230769230769,0.21428571428571427,0.8571428571428571,0.0004
104,1.5416394472122192,1.5383427143096924,0.40384615384615385,0.8269230769230769,0.21428571428571427,0.8571428571428571,0.0004
105,1.572518765926361,1.5388535261154175,0.3076923076923077,0.8269230769230769,0.21428571428571427,0.8571428571428571,0.0004
106,1.6025708317756653,1.5376274585723877,0.34615384615384615,0.8269230769230769,0.21428571428571427,0.8571428571428571,0.0004
107,1.615787148475647,1.5382798910140991,0.3076923076923077,0.8269230769230769,0.21428571428571427,0.8571428571428571,0.0004
108,1.6327114701271057,1.5384936332702637,0.28846153846153844,0.8269230769230769,0.21428571428571427,0.8571428571428571,0.0004
109,1.584194004535675,1.5400011539459229,0.4230769230769231,0.8269230769230769,0.21428571428571427,0.8571428571428571,0.0004
110,1.555993139743805,1.5388238430023193,0.4230769230769231,0.8269230769230769,0.21428571428571427,0.8571428571428571,0.0004
111,1.5872676372528076,1.5420740842819214,0.38461538461538464,0.8269230769230769,0.21428571428571427,0.8571428571428571,0.0004
112,1.5834629535675049,1.5449109077453613,0.34615384615384615,0.8269230769230769,0.21428571428571427,0.8571428571428571,0.0004
113,1.6555166840553284,1.5463764667510986,0.34615384615384615,0.8269230769230769,0.21428571428571427,0.8571428571428571,0.0004
114,1.5453420877456665,1.5479354858398438,0.34615384615384615,0.8269230769230769,0.21428571428571427,0.8571428571428571,0.0004
115,1.559568464756012,1.5488513708114624,0.4423076923076923,0.8269230769230769,0.21428571428571427,0.8571428571428571,0.0004
116,1.6077173948287964,1.5497699975967407,0.3076923076923077,0.8269230769230769,0.21428571428571427,0.8571428571428571,0.0004
117,1.5801201462745667,1.5488486289978027,0.34615384615384615,0.8269230769230769,0.21428571428571427,0.8571428571428571,0.0004
118,1.5783770680427551,1.5500996112823486,0.36538461538461536,0.8269230769230769,0.21428571428571427,0.8571428571428571,0.0004
119,1.56660795211792,1.5484769344329834,0.36538461538461536,0.8269230769230769,0.21428571428571427,0.8571428571428571,0.0004
120,1.5840845108032227,1.5477691888809204,0.40384615384615385,0.8269230769230769,0.21428571428571427,0.8571428571428571,0.0004
121,1.6208578944206238,1.5466407537460327,0.23076923076923078,0.8269230769230769,0.21428571428571427,0.8571428571428571,0.0004
122,1.5688546895980835,1.5453754663467407,0.38461538461538464,0.8269230769230769,0.21428571428571427,0.8571428571428571,0.0004
123,1.5302609205245972,1.5440444946289062,0.5576923076923077,0.8269230769230769,0.21428571428571427,0.8571428571428571,0.0004
124,1.6026417016983032,1.5446614027023315,0.23076923076923078,0.8269230769230769,0.21428571428571427,0.8571428571428571,0.0004
125,1.5451940298080444,1.5415012836456299,0.36538461538461536,0.8269230769230769,0.21428571428571427,0.8571428571428571,0.0004
126,1.5740150213241577,1.5420258045196533,0.34615384615384615,0.8269230769230769,0.21428571428571427,0.8571428571428571,0.0004
127,1.5706027150154114,1.5406444072723389,0.36538461538461536,0.8269230769230769,0.21428571428571427,0.8571428571428571,0.0004
128,1.5798089504241943,1.5383563041687012,0.3269230769230769,0.8269230769230769,0.21428571428571427,0.8571428571428571,0.0004
129,1.5865894556045532,1.5379486083984375,0.34615384615384615,0.8269230769230769,0.21428571428571427,0.8571428571428571,0.0004
130,1.61502343416214,1.5355401039123535,0.3076923076923077,0.8269230769230769,0.21428571428571427,0.8571428571428571,0.0004
131,1.5975255966186523,1.5337753295898438,0.3269230769230769,0.8269230769230769,0.21428571428571427,0.8571428571428571,0.0004
132,1.6312617063522339,1.5347909927368164,0.3076923076923077,0.8269230769230769,0.21428571428571427,0.8571428571428571,0.0004
133,1.5574596524238586,1.5328319072723389,0.34615384615384615,0.8269230769230769,0.21428571428571427,0.8571428571428571,0.0004
134,1.539662480354309,1.5326911211013794,0.34615384615384615,0.8269230769230769,0.21428571428571427,0.8571428571428571,0.0004
135,1.6011525392532349,1.5315752029418945,0.38461538461538464,0.8269230769230769,0.21428571428571427,0.8571428571428571,0.0004
136,1.5828315615653992,1.5308902263641357,0.34615384615384615,0.8269230769230769,0.21428571428571427,0.8571428571428571,0.0004
137,1.5919778943061829,1.529679536819458,0.40384615384615385,0.8269230769230769,0.21428571428571427,0.8571428571428571,0.0004
138,1.5758674144744873,1.5311298370361328,0.3076923076923077,0.8269230769230769,0.21428571428571427,0.8571428571428571,0.0004
139,1.5325464606285095,1.5301066637039185,0.46153846153846156,0.8269230769230769,0.21428571428571427,0.8571428571428571,0.0004
140,1.6075022220611572,1.5327017307281494,0.25,0.8269230769230769,0.21428571428571427,0.8571428571428571,0.0004
141,1.5933831930160522,1.5323898792266846,0.38461538461538464,0.8269230769230769,0.21428571428571427,0.8571428571428571,0.0004
142,1.588003695011139,1.5332026481628418,0.3269230769230769,0.8269230769230769,0.21428571428571427,0.8571428571428571,0.0004
143,1.621532380580902,1.5359926223754883,0.17307692307692307,0.8269230769230769,0.21428571428571427,0.8571428571428571,0.0004
144,1.5711593627929688,1.5372023582458496,0.38461538461538464,0.8269230769230769,0.21428571428571427,0.8571428571428571,0.0004
145,1.6201469898223877,1.5374534130096436,0.3269230769230769,0.8269230769230769,0.21428571428571427,0.8571428571428571,0.0004
146,1.5654338598251343,1.5388365983963013,0.34615384615384615,0.8269230769230769,0.21428571428571427,0.8571428571428571,0.0004
147,1.5454868078231812,1.538581132888794,0.3076923076923077,0.8269230769230769,0.21428571428571427,0.8571428571428571,0.0004
148,1.5572168231010437,1.5402942895889282,0.3076923076923077,0.8269230769230769,0.21428571428571427,0.8571428571428571,0.0004
149,1.6271677017211914,1.5403400659561157,0.3269230769230769,0.8269230769230769,0.21428571428571427,0.8571428571428571,0.0004
150,1.5627868175506592,1.5409380197525024,0.34615384615384615,0.8269230769230769,0.21428571428571427,0.8571428571428571,0.0004
151,1.5807775259017944,1.5418832302093506,0.28846153846153844,0.8269230769230769,0.21428571428571427,0.8571428571428571,0.0004
152,1.5673404335975647,1.5402686595916748,0.46153846153846156,0.8269230769230769,0.21428571428571427,0.8571428571428571,0.0004
153,1.5609394311904907,1.5401465892791748,0.4230769230769231,0.8269230769230769,0.21428571428571427,0.8571428571428571,0.0004
154,1.558582603931427,1.5414080619812012,0.3269230769230769,0.8269230769230769,0.21428571428571427,0.8571428571428571,0.0004
155,1.5934727787971497,1.54194974899292,0.28846153846153844,0.8269230769230769,0.21428571428571427,0.8571428571428571,0.0004
156,1.6238455772399902,1.5406075716018677,0.28846153846153844,0.8269230769230769,0.21428571428571427,0.8571428571428571,0.0004
157,1.5094083547592163,1.540067195892334,0.34615384615384615,0.8269230769230769,0.21428571428571427,0.8571428571428571,0.0004
158,1.5499889850616455,1.5386769771575928,0.38461538461538464,0.8269230769230769,0.21428571428571427,0.8571428571428571,0.0004
159,1.565057635307312,1.537687063217163,0.4230769230769231,0.8269230769230769,0.21428571428571427,0.8571428571428571,0.0004
160,1.5833555459976196,1.5362461805343628,0.3269230769230769,0.8269230769230769,0.21428571428571427,0.8571428571428571,0.0004
161,1.5202226638793945,1.5366520881652832,0.4230769230769231,0.8269230769230769,0.21428571428571427,0.8571428571428571,0.0004
162,1.6386445760726929,1.533920407295227,0.3269230769230769,0.8269230769230769,0.21428571428571427,0.8571428571428571,0.0004
163,1.5748724937438965,1.5323903560638428,0.4230769230769231,0.8269230769230769,0.21428571428571427,0.8571428571428571,0.0004
164,1.615482747554779,1.5323973894119263,0.28846153846153844,0.8269230769230769,0.21428571428571427,0.8571428571428571,0.0004
165,1.5223985314369202,1.5326400995254517,0.5,0.8269230769230769,0.21428571428571427,0.8571428571428571,0.0004
166,1.572285532951355,1.5311920642852783,0.46153846153846156,0.8269230769230769,0.21428571428571427,0.8571428571428571,0.0004
167,1.596149742603302,1.533112645149231,0.34615384615384615,0.8269230769230769,0.21428571428571427,0.8571428571428571,0.0004
168,1.602425754070282,1.5295947790145874,0.34615384615384615,0.8269230769230769,0.21428571428571427,0.8571428571428571,0.0004
169,1.5668604373931885,1.5294103622436523,0.34615384615384615,0.8269230769230769,0.21428571428571427,0.8571428571428571,0.0004
170,1.6054500937461853,1.5296714305877686,0.28846153846153844,0.8269230769230769,0.21428571428571427,0.8571428571428571,0.0004
171,1.6039358377456665,1.5281922817230225,0.28846153846153844,0.8269230769230769,0.21428571428571427,0.8571428571428571,0.0004
172,1.5412530899047852,1.5293562412261963,0.28846153846153844,0.8269230769230769,0.21428571428571427,0.8571428571428571,0.0004
173,1.5774384140968323,1.527914047241211,0.25,0.8269230769230769,0.21428571428571427,0.8571428571428571,0.0004
174,1.5610946416854858,1.529463529586792,0.2692307692307692,0.8269230769230769,0.21428571428571427,0.8571428571428571,0.0004
175,1.608803629875183,1.5271981954574585,0.40384615384615385,0.8269230769230769,0.21428571428571427,0.8571428571428571,0.0004
176,1.5242881178855896,1.5305957794189453,0.3269230769230769,0.8269230769230769,0.21428571428571427,0.8571428571428571,0.0004
177,1.5500156879425049,1.5287368297576904,0.23076923076923078,0.8269230769230769,0.21428571428571427,0.8571428571428571,0.0004
178,1.5691568851470947,1.5302636623382568,0.34615384615384615,0.8269230769230769,0.21428571428571427,0.8571428571428571,0.0004
179,1.5762711763381958,1.5287866592407227,0.38461538461538464,0.8269230769230769,0.21428571428571427,0.8571428571428571,0.0004
180,1.5649067759513855,1.5288975238800049,0.4230769230769231,0.8269230769230769,0.21428571428571427,0.8571428571428571,0.0004
181,1.556077003479004,1.5324338674545288,0.38461538461538464,0.8269230769230769,0.21428571428571427,0.8571428571428571,0.0004
182,1.5813771486282349,1.5310933589935303,0.28846153846153844,0.8269230769230769,0.21428571428571427,0.8571428571428571,0.0004
183,1.5954260230064392,1.5321146249771118,0.38461538461538464,0.8269230769230769,0.21428571428571427,0.8571428571428571,0.0004
184,1.6391562223434448,1.5322953462600708,0.36538461538461536,0.8269230769230769,0.21428571428571427,0.8571428571428571,0.0004
185,1.5877487063407898,1.5339503288269043,0.3269230769230769,0.8269230769230769,0.21428571428571427,0.8571428571428571,0.0004
186,1.5395402908325195,1.5359458923339844,0.3269230769230769,0.8269230769230769,0.21428571428571427,0.8571428571428571,0.0004
187,1.6147415041923523,1.5341343879699707,0.28846153846153844,0.8269230769230769,0.21428571428571427,0.8571428571428571,0.0004
188,1.5886048078536987,1.536963701248169,0.3269230769230769,0.8269230769230769,0.21428571428571427,0.8571428571428571,0.0004
189,1.5847682356834412,1.5407557487487793,0.3269230769230769,0.8269230769230769,0.21428571428571427,0.8571428571428571,0.0004
190,1.5941424369812012,1.5421411991119385,0.3269230769230769,0.8269230769230769,0.21428571428571427,0.8571428571428571,0.0004
191,1.6103174090385437,1.5421557426452637,0.36538461538461536,0.8269230769230769,0.21428571428571427,0.8571428571428571,0.0004
192,1.509588599205017,1.5449225902557373,0.38461538461538464,0.8269230769230769,0.21428571428571427,0.8571428571428571,0.0004
193,1.5456200242042542,1.5455105304718018,0.3076923076923077,0.8269230769230769,0.21428571428571427,0.8571428571428571,0.0004
194,1.5096154808998108,1.547731876373291,0.4423076923076923,0.8269230769230769,0.21428571428571427,0.8571428571428571,0.0004
195,1.5471265316009521,1.5479298830032349,0.3269230769230769,0.8269230769230769,0.21428571428571427,0.8571428571428571,0.0004
196,1.534792959690094,1.546614408493042,0.38461538461538464,0.8269230769230769,0.21428571428571427,0.8571428571428571,0.0004
197,1.5491946339607239,1.5499951839447021,0.40384615384615385,0.8269230769230769,0.21428571428571427,0.8571428571428571,0.0004
198,1.5833564400672913,1.5487542152404785,0.34615384615384615,0.8269230769230769,0.21428571428571427,0.8571428571428571,0.0004
199,1.6225021481513977,1.5483453273773193,0.28846153846153844,0.8269230769230769,0.21428571428571427,0.8571428571428571,0.0004
200,1.5792307257652283,1.5463435649871826,0.38461538461538464,0.8269230769230769,0.21428571428571427,0.8571428571428571,0.0004
201,1.5550034046173096,1.5478371381759644,0.4230769230769231,0.8269230769230769,0.21428571428571427,0.8571428571428571,0.0004
202,1.6640064120292664,1.5446319580078125,0.28846153846153844,0.8269230769230769,0.21428571428571427,0.8571428571428571,0.0004
203,1.5557124614715576,1.54288911819458,0.4423076923076923,0.8269230769230769,0.21428571428571427,0.8571428571428571,0.0004
204,1.5786803364753723,1.5462212562561035,0.3269230769230769,0.8269230769230769,0.21428571428571427,0.8571428571428571,0.0004
205,1.541842758655548,1.5437688827514648,0.25,0.8269230769230769,0.21428571428571427,0.8571428571428571,0.0004
206,1.556828498840332,1.5428733825683594,0.36538461538461536,0.8269230769230769,0.21428571428571427,0.8571428571428571,0.0004
207,1.6223170757293701,1.5411739349365234,0.3269230769230769,0.8269230769230769,0.21428571428571427,0.8571428571428571,0.0004
208,1.5544545650482178,1.5406246185302734,0.38461538461538464,0.8269230769230769,0.21428571428571427,0.8571428571428571,0.0004
209,1.5211542844772339,1.539386510848999,0.40384615384615385,0.8269230769230769,0.21428571428571427,0.8571428571428571,0.0004
210,1.6000855565071106,1.5385196208953857,0.3269230769230769,0.8269230769230769,0.21428571428571427,0.8571428571428571,0.0004
211,1.507369875907898,1.5381556749343872,0.40384615384615385,0.8269230769230769,0.21428571428571427,0.8571428571428571,0.0004
212,1.5770046710968018,1.5383355617523193,0.3076923076923077,0.8269230769230769,0.21428571428571427,0.8571428571428571,0.0004
213,1.6053833961486816,1.5391113758087158,0.25,0.8269230769230769,0.21428571428571427,0.8571428571428571,0.0004
214,1.6439066529273987,1.5376218557357788,0.38461538461538464,0.8269230769230769,0.21428571428571427,0.8571428571428571,0.0004
215,1.5288387537002563,1.5387805700302124,0.38461538461538464,0.8269230769230769,0.21428571428571427,0.8571428571428571,0.0004
216,1.551746904850006,1.5385171175003052,0.28846153846153844,0.8269230769230769,0.21428571428571427,0.8571428571428571,0.0004
217,1.6274380683898926,1.5371417999267578,0.2692307692307692,0.8269230769230769,0.21428571428571427,0.8571428571428571,0.0004
218,1.6256007552146912,1.540100336074829,0.23076923076923078,0.8269230769230769,0.21428571428571427,0.8571428571428571,0.0004
219,1.5523216128349304,1.5407969951629639,0.2692307692307692,0.8269230769230769,0.21428571428571427,0.8571428571428571,0.0004
220,1.6020195484161377,1.539029598236084,0.3269230769230769,0.8269230769230769,0.21428571428571427,0.8571428571428571,0.0004
221,1.5603885054588318,1.5429598093032837,0.28846153846153844,0.8269230769230769,0.21428571428571427,0.8571428571428571,0.0004
222,1.5957735776901245,1.5394891500473022,0.40384615384615385,0.8269230769230769,0.21428571428571427,0.8571428571428571,0.0004
223,1.581216037273407,1.542141318321228,0.25,0.8269230769230769,0.21428571428571427,0.8571428571428571,0.0004
224,1.56635582447052,1.5402766466140747,0.46153846153846156,0.8269230769230769,0.21428571428571427,0.8571428571428571,0.0004
225,1.5467699766159058,1.5404317378997803,0.3269230769230769,0.8269230769230769,0.21428571428571427,0.8571428571428571,0.0004
226,1.5571764707565308,1.540946364402771,0.38461538461538464,0.8269230769230769,0.21428571428571427,0.8571428571428571,0.0004
227,1.5964614152908325,1.5397655963897705,0.38461538461538464,0.8269230769230769,0.21428571428571427,0.8571428571428571,0.0004
228,1.5862773060798645,1.5396242141723633,0.34615384615384615,0.8269230769230769,0.21428571428571427,0.8571428571428571,0.0004
229,1.639126718044281,1.5386162996292114,0.3269230769230769,0.8269230769230769,0.21428571428571427,0.8571428571428571,0.0004
230,1.5532726049423218,1.541215419769287,0.40384615384615385,0.8269230769230769,0.21428571428571427,0.8571428571428571,0.0004
231,1.5599454045295715,1.5393255949020386,0.3076923076923077,0.8269230769230769,0.21428571428571427,0.8571428571428571,0.0004
232,1.5705384612083435,1.543606162071228,0.28846153846153844,0.8269230769230769,0.21428571428571427,0.8571428571428571,0.0004
233,1.5635387301445007,1.5395230054855347,0.34615384615384615,0.8269230769230769,0.21428571428571427,0.8571428571428571,0.0004
234,1.5999053120613098,1.543323040008545,0.3269230769230769,0.8269230769230769,0.21428571428571427,0.8571428571428571,0.0004
235,1.5705804824829102,1.5389654636383057,0.28846153846153844,0.8269230769230769,0.21428571428571427,0.8571428571428571,0.0004
236,1.5613051652908325,1.540611982345581,0.3269230769230769,0.8269230769230769,0.21428571428571427,0.8571428571428571,0.0004
237,1.5516725182533264,1.5422470569610596,0.4423076923076923,0.8269230769230769,0.21428571428571427,0.8571428571428571,0.0004
238,1.5476567149162292,1.537611484527588,0.3269230769230769,0.8269230769230769,0.21428571428571427,0.8571428571428571,0.0004
239,1.5956187844276428,1.5426714420318604,0.3269230769230769,0.8269230769230769,0.21428571428571427,0.8571428571428571,0.0004
240,1.5261270999908447,1.5415761470794678,0.38461538461538464,0.8269230769230769,0.21428571428571427,0.8571428571428571,0.0004
241,1.5688855648040771,1.5393345355987549,0.19230769230769232,0.8269230769230769,0.21428571428571427,0.8571428571428571,0.0004
242,1.5484181642532349,1.540651798248291,0.36538461538461536,0.8269230769230769,0.21428571428571427,0.8571428571428571,0.0004
243,1.5055537819862366,1.5387670993804932,0.3269230769230769,0.8269230769230769,0.21428571428571427,0.8571428571428571,0.0004
244,1.596688151359558,1.5388344526290894,0.3269230769230769,0.8269230769230769,0.21428571428571427,0.8571428571428571,0.0004
245,1.5834276676177979,1.5399093627929688,0.4230769230769231,0.8269230769230769,0.21428571428571427,0.8571428571428571,0.0004
246,1.598261296749115,1.5397067070007324,0.2692307692307692,0.8269230769230769,0.21428571428571427,0.8571428571428571,0.0004
247,1.5732992887496948,1.54083251953125,0.34615384615384615,0.8269230769230769,0.21428571428571427,0.8571428571428571,0.0004
248,1.5462183356285095,1.537032961845398,0.38461538461538464,0.8269230769230769,0.21428571428571427,0.8571428571428571,0.0004
249,1.534761369228363,1.53590989112854,0.38461538461538464,0.8269230769230769,0.21428571428571427,0.8571428571428571,0.0004
250,1.5635403990745544,1.5339316129684448,0.4230769230769231,0.8269230769230769,0.21428571428571427,0.8571428571428571,0.0004
251,1.5964019298553467,1.5372947454452515,0.25,0.8269230769230769,0.21428571428571427,0.8571428571428571,0.0004
252,1.5851598978042603,1.5386935472488403,0.40384615384615385,0.8269230769230769,0.21428571428571427,0.8571428571428571,0.0004
253,1.5670575499534607,1.536844253540039,0.4423076923076923,0.8269230769230769,0.21428571428571427,0.8571428571428571,0.0004
254,1.5851735472679138,1.536188006401062,0.38461538461538464,0.8269230769230769,0.21428571428571427,0.8571428571428571,0.0004
255,1.5693045258522034,1.5437211990356445,0.3076923076923077,0.8269230769230769,0.21428571428571427,0.8571428571428571,0.0004
256,1.5751582980155945,1.5360556840896606,0.28846153846153844,0.8269230769230769,0.21428571428571427,0.8571428571428571,0.0004
257,1.5815048813819885,1.5433722734451294,0.38461538461538464,0.8269230769230769,0.21428571428571427,0.8571428571428571,0.0004
258,1.5925155878067017,1.5364569425582886,0.46153846153846156,0.8269230769230769,0.21428571428571427,0.8571428571428571,0.0004
259,1.5543168187141418,1.540053129196167,0.38461538461538464,0.8269230769230769,0.21428571428571427,0.8571428571428571,0.0004
260,1.5694007873535156,1.541500449180603,0.34615384615384615,0.8269230769230769,0.21428571428571427,0.8571428571428571,0.0004
261,1.6063711643218994,1.545538306236267,0.28846153846153844,0.8269230769230769,0.21428571428571427,0.8571428571428571,0.0004
262,1.5815611481666565,1.539541244506836,0.3269230769230769,0.8269230769230769,0.21428571428571427,0.8571428571428571,0.0004
263,1.5819992423057556,1.5405601263046265,0.3269230769230769,0.8269230769230769,0.21428571428571427,0.8571428571428571,0.0004
264,1.5763750076293945,1.5427643060684204,0.3269230769230769,0.8269230769230769,0.21428571428571427,0.8571428571428571,0.0004
265,1.5667176842689514,1.5417144298553467,0.36538461538461536,0.8269230769230769,0.21428571428571427,0.8571428571428571,0.0004
266,1.5738375782966614,1.5356088876724243,0.3076923076923077,0.8269230769230769,0.21428571428571427,0.8571428571428571,0.0004
267,1.5834850072860718,1.531174659729004,0.3269230769230769,0.8269230769230769,0.21428571428571427,0.8571428571428571,0.0004
268,1.594537079334259,1.5311050415039062,0.46153846153846156,0.8269230769230769,0.21428571428571427,0.8571428571428571,0.0004
269,1.6146858930587769,1.5341095924377441,0.23076923076923078,0.8269230769230769,0.21428571428571427,0.8571428571428571,0.0004
270,1.6084885001182556,1.5362191200256348,0.23076923076923078,0.8269230769230769,0.21428571428571427,0.8571428571428571,0.0004
271,1.5534242987632751,1.5324139595031738,0.4230769230769231,0.8269230769230769,0.21428571428571427,0.8571428571428571,0.0004
272,1.609417974948883,1.5303256511688232,0.3269230769230769,0.8269230769230769,0.21428571428571427,0.8571428571428571,0.0004
273,1.6212354898452759,1.5327706336975098,0.3076923076923077,0.8269230769230769,0.21428571428571427,0.8571428571428571,0.0004
274,1.5338473916053772,1.536414384841919,0.36538461538461536,0.8269230769230769,0.21428571428571427,0.8571428571428571,0.0004
275,1.5845410823822021,1.5321916341781616,0.28846153846153844,0.8269230769230769,0.21428571428571427,0.8571428571428571,0.0004
276,1.6523394584655762,1.5284544229507446,0.23076923076923078,0.8269230769230769,0.21428571428571427,0.8571428571428571,0.0004
277,1.5214353799819946,1.5352721214294434,0.38461538461538464,0.8269230769230769,0.21428571428571427,0.8571428571428571,0.0004
278,1.5543338656425476,1.5344622135162354,0.3269230769230769,0.8269230769230769,0.21428571428571427,0.8571428571428571,0.0004
279,1.5806912183761597,1.5289448499679565,0.36538461538461536,0.8269230769230769,0.21428571428571427,0.8571428571428571,0.0004
280,1.5576000213623047,1.5318232774734497,0.40384615384615385,0.8269230769230769,0.21428571428571427,0.8571428571428571,0.0004
281,1.5558773875236511,1.5326993465423584,0.34615384615384615,0.8269230769230769,0.21428571428571427,0.8571428571428571,0.0004
282,1.5371609926223755,1.530989646911621,0.40384615384615385,0.8269230769230769,0.21428571428571427,0.8571428571428571,0.0004
283,1.4978927373886108,1.5300045013427734,0.34615384615384615,0.8269230769230769,0.21428571428571427,0.8571428571428571,0.0004
284,1.6227149963378906,1.533340334892273,0.28846153846153844,0.8269230769230769,0.21428571428571427,0.8571428571428571,0.0004
285,1.588844358921051,1.5326954126358032,0.3269230769230769,0.8269230769230769,0.21428571428571427,0.8571428571428571,0.0004
286,1.5738211274147034,1.5305430889129639,0.40384615384615385,0.8269230769230769,0.21428571428571427,0.8571428571428571,0.0004
287,1.560231626033783,1.5321083068847656,0.46153846153846156,0.8269230769230769,0.21428571428571427,0.8571428571428571,0.0004
288,1.552893340587616,1.5355346202850342,0.3076923076923077,0.8269230769230769,0.21428571428571427,0.8571428571428571,0.0004
289,1.5872132778167725,1.538330078125,0.3076923076923077,0.8269230769230769,0.21428571428571427,0.8571428571428571,0.0004
290,1.578268826007843,1.541392207145691,0.40384615384615385,0.8269230769230769,0.21428571428571427,0.8571428571428571,0.0004
291,1.5978657603263855,1.5412232875823975,0.3076923076923077,0.8269230769230769,0.21428571428571427,0.8571428571428571,0.0004
292,1.5650280714035034,1.5487722158432007,0.3076923076923077,0.8269230769230769,0.21428571428571427,0.8571428571428571,0.0004
293,1.5294796228408813,1.543540358543396,0.38461538461538464,0.8269230769230769,0.21428571428571427,0.8571428571428571,0.0004
294,1.583451509475708,1.5491151809692383,0.28846153846153844,0.8269230769230769,0.21428571428571427,0.8571428571428571,0.0004
295,1.5915775299072266,1.5453038215637207,0.34615384615384615,0.8269230769230769,0.21428571428571427,0.8571428571428571,0.0004
296,1.588426411151886,1.545196771621704,0.28846153846153844,0.8269230769230769,0.21428571428571427,0.8571428571428571,0.0004
297,1.6022813320159912,1.5492525100708008,0.4230769230769231,0.8269230769230769,0.21428571428571427,0.8571428571428571,0.0004
298,1.6074243783950806,1.5502698421478271,0.46153846153846156,0.8269230769230769,0.21428571428571427,0.8571428571428571,0.0004
299,1.5884497165679932,1.5555237531661987,0.28846153846153844,0.8269230769230769,0.21428571428571427,0.8571428571428571,0.0004
300,1.6013057231903076,1.5508687496185303,0.5,0.8269230769230769,0.21428571428571427,0.8571428571428571,0.0004
301,1.5436530709266663,1.552142858505249,0.36538461538461536,0.8269230769230769,0.21428571428571427,0.8571428571428571,0.0004
302,1.5142117142677307,1.5496976375579834,0.38461538461538464,0.8269230769230769,0.21428571428571427,0.8571428571428571,0.0004
303,1.5614997148513794,1.5522406101226807,0.4230769230769231,0.8269230769230769,0.21428571428571427,0.8571428571428571,0.0004
304,1.5215739607810974,1.541196346282959,0.36538461538461536,0.8269230769230769,0.21428571428571427,0.8571428571428571,0.0004
305,1.5803077816963196,1.536771535873413,0.36538461538461536,0.8269230769230769,0.21428571428571427,0.8571428571428571,0.0004
306,1.5588337779045105,1.5339435338974,0.40384615384615385,0.8269230769230769,0.21428571428571427,0.8571428571428571,0.0004
307,1.6168234944343567,1.5374480485916138,0.40384615384615385,0.8269230769230769,0.21428571428571427,0.8571428571428571,0.0004
308,1.526401698589325,1.5362881422042847,0.4423076923076923,0.8269230769230769,0.21428571428571427,0.8571428571428571,0.0004
309,1.5851795673370361,1.5279988050460815,0.3269230769230769,0.8269230769230769,0.21428571428571427,0.8571428571428571,0.0004
310,1.5256344676017761,1.530461311340332,0.4230769230769231,0.8269230769230769,0.21428571428571427,0.8571428571428571,0.0004
311,1.5550009608268738,1.541123390197754,0.38461538461538464,0.8269230769230769,0.21428571428571427,0.8571428571428571,0.0004
312,1.5438947677612305,1.5388435125350952,0.38461538461538464,0.8269230769230769,0.21428571428571427,0.8571428571428571,0.0004
313,1.578123688697815,1.5383234024047852,0.36538461538461536,0.8269230769230769,0.21428571428571427,0.8571428571428571,0.0004
314,1.5838302373886108,1.544577717781067,0.38461538461538464,0.8269230769230769,0.21428571428571427,0.8571428571428571,0.0004
315,1.6098573207855225,1.5341206789016724,0.3076923076923077,0.8269230769230769,0.21428571428571427,0.8571428571428571,0.0004
316,1.6431008577346802,1.5442875623703003,0.3076923076923077,0.8269230769230769,0.21428571428571427,0.8571428571428571,0.0004
317,1.5261933207511902,1.5454431772232056,0.36538461538461536,0.8269230769230769,0.21428571428571427,0.8571428571428571,0.0004
318,1.5354348421096802,1.5471551418304443,0.38461538461538464,0.8269230769230769,0.21428571428571427,0.8571428571428571,0.0004
319,1.54540354013443,1.5460363626480103,0.38461538461538464,0.8269230769230769,0.21428571428571427,0.8571428571428571,0.0004
320,1.5727901458740234,1.5510666370391846,0.36538461538461536,0.8269230769230769,0.21428571428571427,0.8571428571428571,0.0004
321,1.5271872878074646,1.5436683893203735,0.40384615384615385,0.8269230769230769,0.21428571428571427,0.8571428571428571,0.0004
322,1.620187222957611,1.548213005065918,0.3076923076923077,0.8269230769230769,0.21428571428571427,0.8571428571428571,0.0004
323,1.5746716856956482,1.543121099472046,0.38461538461538464,0.8269230769230769,0.21428571428571427,0.8571428571428571,0.0004
324,1.5544650554656982,1.546960711479187,0.40384615384615385,0.8269230769230769,0.21428571428571427,0.8571428571428571,0.0004
325,1.6211426854133606,1.5328408479690552,0.25,0.8269230769230769,0.21428571428571427,0.8571428571428571,0.0004
326,1.5359222292900085,1.5415089130401611,0.38461538461538464,0.8269230769230769,0.21428571428571427,0.8571428571428571,0.0004
327,1.6343316435813904,1.5326122045516968,0.2692307692307692,0.8269230769230769,0.21428571428571427,0.8571428571428571,0.0004
328,1.585304617881775,1.5409886837005615,0.36538461538461536,0.8269230769230769,0.21428571428571427,0.8571428571428571,0.0004
329,1.5816108584403992,1.5400632619857788,0.40384615384615385,0.8269230769230769,0.21428571428571427,0.8571428571428571,0.0004
330,1.5662972927093506,1.547384262084961,0.40384615384615385,0.8269230769230769,0.21428571428571427,0.8571428571428571,0.0004
331,1.6092568039894104,1.5410966873168945,0.25,0.8269230769230769,0.21428571428571427,0.8571428571428571,0.0004
332,1.601359248161316,1.548722743988037,0.4230769230769231,0.8269230769230769,0.21428571428571427,0.8571428571428571,0.0004
333,1.5457638502120972,1.5346300601959229,0.36538461538461536,0.8269230769230769,0.21428571428571427,0.8571428571428571,0.0004
334,1.5787027478218079,1.5396913290023804,0.3076923076923077,0.8269230769230769,0.21428571428571427,0.8571428571428571,0.0004
335,1.6476497650146484,1.5339608192443848,0.17307692307692307,0.8269230769230769,0.21428571428571427,0.8571428571428571,0.0004
336,1.5973026752471924,1.5361790657043457,0.34615384615384615,0.8269230769230769,0.21428571428571427,0.8571428571428571,0.0004
337,1.5549572110176086,1.5329711437225342,0.36538461538461536,0.8269230769230769,0.21428571428571427,0.8571428571428571,0.0004
338,1.5375909805297852,1.5221905708312988,0.3269230769230769,0.8269230769230769,0.21428571428571427,0.8571428571428571,0.0004
339,1.5795407891273499,1.5155093669891357,0.3269230769230769,0.8269230769230769,0.35714285714285715,0.8571428571428571,0.0004
340,1.5239189863204956,1.5210386514663696,0.3076923076923077,0.8269230769230769,0.35714285714285715,0.8571428571428571,0.0004
341,1.6144834160804749,1.519514560699463,0.3076923076923077,0.8269230769230769,0.42857142857142855,0.8571428571428571,0.0004
342,1.5803276300430298,1.5200018882751465,0.46153846153846156,0.8269230769230769,0.42857142857142855,0.8571428571428571,0.0004
343,1.5699681043624878,1.5205926895141602,0.3269230769230769,0.8269230769230769,0.2857142857142857,0.8571428571428571,0.0004
344,1.527307152748108,1.5251097679138184,0.4230769230769231,0.8269230769230769,0.35714285714285715,0.8571428571428571,0.0004
345,1.5737532377243042,1.5319641828536987,0.34615384615384615,0.8269230769230769,0.21428571428571427,0.8571428571428571,0.0004
346,1.6011316776275635,1.5596840381622314,0.3076923076923077,0.8269230769230769,0.42857142857142855,0.8571428571428571,0.0004
347,1.543319046497345,1.5229156017303467,0.3269230769230769,0.8269230769230769,0.5714285714285714,0.8571428571428571,0.0004
348,1.5339784622192383,1.5272639989852905,0.36538461538461536,0.8269230769230769,0.42857142857142855,0.8571428571428571,0.0004
349,1.5798546075820923,1.508616328239441,0.36538461538461536,0.8269230769230769,0.35714285714285715,0.8571428571428571,0.0004
350,1.5912019610404968,1.5409046411514282,0.3076923076923077,0.8269230769230769,0.21428571428571427,0.8571428571428571,0.0004
351,1.5447187423706055,1.5178184509277344,0.46153846153846156,0.8269230769230769,0.2857142857142857,0.8571428571428571,0.0004
352,1.5716973543167114,1.521139144897461,0.25,0.8269230769230769,0.35714285714285715,0.8571428571428571,0.0004
353,1.5856127738952637,1.5410501956939697,0.40384615384615385,0.8269230769230769,0.21428571428571427,0.8571428571428571,0.0004
354,1.536408245563507,1.5394995212554932,0.38461538461538464,0.8269230769230769,0.2857142857142857,0.8571428571428571,0.0004
355,1.4899021983146667,1.5287702083587646,0.4230769230769231,0.8269230769230769,0.42857142857142855,0.8571428571428571,0.0004
356,1.5424798130989075,1.5030280351638794,0.40384615384615385,0.8269230769230769,0.42857142857142855,0.8571428571428571,0.0004
357,1.5626541376113892,1.5286922454833984,0.34615384615384615,0.8269230769230769,0.35714285714285715,0.8571428571428571,0.0004
358,1.5440550446510315,1.5397756099700928,0.5,0.8269230769230769,0.21428571428571427,0.8571428571428571,0.0004
359,1.5623656511306763,1.547173261642456,0.4423076923076923,0.8269230769230769,0.2857142857142857,0.8571428571428571,0.0004
360,1.575422763824463,1.5179795026779175,0.4423076923076923,0.8269230769230769,0.2857142857142857,0.8571428571428571,0.0004
361,1.5388309359550476,1.5427275896072388,0.2692307692307692,0.8269230769230769,0.21428571428571427,0.8571428571428571,0.0004
362,1.5619889497756958,1.5628538131713867,0.36538461538461536,0.8269230769230769,0.21428571428571427,0.8571428571428571,0.0004
363,1.5417454838752747,1.5500364303588867,0.36538461538461536,0.8269230769230769,0.21428571428571427,0.8571428571428571,0.0004
364,1.5620062351226807,1.5450737476348877,0.28846153846153844,0.8269230769230769,0.21428571428571427,0.8571428571428571,0.0004
365,1.6481049060821533,1.5462100505828857,0.28846153846153844,0.8269230769230769,0.21428571428571427,0.8571428571428571,0.0004
366,1.5770699381828308,1.5616639852523804,0.38461538461538464,0.8269230769230769,0.21428571428571427,0.8571428571428571,0.0004
367,1.5331748723983765,1.5569123029708862,0.3269230769230769,0.8269230769230769,0.21428571428571427,0.8571428571428571,0.0004
368,1.5626249313354492,1.5396884679794312,0.34615384615384615,0.8269230769230769,0.21428571428571427,0.8571428571428571,0.0004
369,1.537505030632019,1.5057411193847656,0.34615384615384615,0.8269230769230769,0.35714285714285715,0.8571428571428571,0.0004
370,1.6012721061706543,1.5655912160873413,0.40384615384615385,0.8269230769230769,0.2857142857142857,0.8571428571428571,0.0004
371,1.565083086490631,1.561710238456726,0.34615384615384615,0.8269230769230769,0.2857142857142857,0.8571428571428571,0.0004
372,1.591849446296692,1.5445300340652466,0.3076923076923077,0.8269230769230769,0.2857142857142857,0.8571428571428571,0.0004
373,1.6532809734344482,1.567854404449463,0.21153846153846154,0.8269230769230769,0.35714285714285715,0.8571428571428571,0.0004
374,1.536776840686798,1.5751776695251465,0.40384615384615385,0.8269230769230769,0.21428571428571427,0.8571428571428571,0.0004
375,1.562072515487671,1.5828931331634521,0.2692307692307692,0.8269230769230769,0.21428571428571427,0.8571428571428571,0.0004
376,1.5701098442077637,1.5913052558898926,0.38461538461538464,0.8269230769230769,0.21428571428571427,0.8571428571428571,0.0004
377,1.5331577062606812,1.5897164344787598,0.34615384615384615,0.8269230769230769,0.21428571428571427,0.8571428571428571,0.0004
378,1.5891753435134888,1.5886638164520264,0.36538461538461536,0.8269230769230769,0.21428571428571427,0.8571428571428571,0.0004
379,1.5857749581336975,1.590355396270752,0.34615384615384615,0.8269230769230769,0.21428571428571427,0.8571428571428571,0.0004
380,1.5805769562721252,1.5852978229522705,0.38461538461538464,0.8269230769230769,0.21428571428571427,0.8571428571428571,0.0004
381,1.580184817314148,1.5816779136657715,0.38461538461538464,0.8269230769230769,0.21428571428571427,0.8571428571428571,0.0004
382,1.5712406635284424,1.5780184268951416,0.38461538461538464,0.8269230769230769,0.21428571428571427,0.8571428571428571,0.0004
383,1.6219898462295532,1.5679254531860352,0.36538461538461536,0.8269230769230769,0.21428571428571427,0.8571428571428571,0.0004
384,1.5438662767410278,1.56593918800354,0.40384615384615385,0.8269230769230769,0.21428571428571427,0.8571428571428571,0.0004
385,1.6330603957176208,1.563093662261963,0.34615384615384615,0.8269230769230769,0.21428571428571427,0.8571428571428571,0.0004
386,1.608218491077423,1.5657578706741333,0.3269230769230769,0.8269230769230769,0.21428571428571427,0.8571428571428571,0.0004
387,1.5615736246109009,1.5670111179351807,0.36538461538461536,0.8269230769230769,0.21428571428571427,0.8571428571428571,0.0004
388,1.545216977596283,1.5573452711105347,0.34615384615384615,0.8269230769230769,0.21428571428571427,0.8571428571428571,0.0004
389,1.5972129106521606,1.5565247535705566,0.38461538461538464,0.8269230769230769,0.21428571428571427,0.8571428571428571,0.0004
390,1.5836981534957886,1.5589375495910645,0.34615384615384615,0.8269230769230769,0.21428571428571427,0.8571428571428571,0.0004
391,1.5665521025657654,1.5540332794189453,0.34615384615384615,0.8269230769230769,0.21428571428571427,0.8571428571428571,0.0004
392,1.5526712536811829,1.553979516029358,0.2692307692307692,0.8269230769230769,0.21428571428571427,0.8571428571428571,0.0004
393,1.637992799282074,1.5528227090835571,0.3269230769230769,0.8269230769230769,0.21428571428571427,0.8571428571428571,0.0004
394,1.618422269821167,1.5513560771942139,0.3076923076923077,0.8269230769230769,0.21428571428571427,0.8571428571428571,0.0004
395,1.5947256088256836,1.5471287965774536,0.36538461538461536,0.8269230769230769,0.21428571428571427,0.8571428571428571,0.0004
396,1.5897632241249084,1.5472617149353027,0.25,0.8269230769230769,0.21428571428571427,0.8571428571428571,0.0004
397,1.5639627575874329,1.5467792749404907,0.40384615384615385,0.8269230769230769,0.21428571428571427,0.8571428571428571,0.0004
398,1.559105098247528,1.534906268119812,0.34615384615384615,0.8269230769230769,0.21428571428571427,0.8571428571428571,0.0004
399,1.6023063659667969,1.5434625148773193,0.40384615384615385,0.8269230769230769,0.21428571428571427,0.8571428571428571,0.0004
400,1.6013948917388916,1.5385022163391113,0.38461538461538464,0.8269230769230769,0.21428571428571427,0.8571428571428571,0.0004
401,1.6007933020591736,1.5332465171813965,0.2692307692307692,0.8269230769230769,0.21428571428571427,0.8571428571428571,0.0004
402,1.5886324048042297,1.5353984832763672,0.28846153846153844,0.8269230769230769,0.21428571428571427,0.8571428571428571,0.0004
403,1.5522382259368896,1.5308520793914795,0.2692307692307692,0.8269230769230769,0.21428571428571427,0.8571428571428571,0.0004
404,1.596395194530487,1.534471869468689,0.38461538461538464,0.8269230769230769,0.21428571428571427,0.8571428571428571,0.0004
405,1.6000709533691406,1.5333671569824219,0.34615384615384615,0.8269230769230769,0.21428571428571427,0.8571428571428571,0.0004
406,1.6114163398742676,1.5350641012191772,0.36538461538461536,0.8269230769230769,0.21428571428571427,0.8571428571428571,0.0004
407,1.5826010704040527,1.5334105491638184,0.38461538461538464,0.8269230769230769,0.21428571428571427,0.8571428571428571,0.0004
408,1.5584489703178406,1.5327281951904297,0.36538461538461536,0.8269230769230769,0.21428571428571427,0.8571428571428571,0.0004
409,1.6331738233566284,1.5275133848190308,0.3076923076923077,0.8269230769230769,0.21428571428571427,0.8571428571428571,0.0004
410,1.5660586953163147,1.5313029289245605,0.34615384615384615,0.8269230769230769,0.21428571428571427,0.8571428571428571,0.0004
411,1.5917408466339111,1.5272009372711182,0.25,0.8269230769230769,0.21428571428571427,0.8571428571428571,0.0004
412,1.5677881240844727,1.5200858116149902,0.4230769230769231,0.8269230769230769,0.2857142857142857,0.8571428571428571,0.0004
413,1.5800676941871643,1.5234063863754272,0.5,0.8269230769230769,0.21428571428571427,0.8571428571428571,0.0004
414,1.5820332765579224,1.5285271406173706,0.38461538461538464,0.8269230769230769,0.21428571428571427,0.8571428571428571,0.0004
415,1.5910356044769287,1.5256469249725342,0.3269230769230769,0.8269230769230769,0.21428571428571427,0.8571428571428571,0.0004
416,1.566832721233368,1.5218251943588257,0.38461538461538464,0.8269230769230769,0.21428571428571427,0.8571428571428571,0.0004
417,1.5160950422286987,1.5224614143371582,0.38461538461538464,0.8269230769230769,0.21428571428571427,0.8571428571428571,0.0004
418,1.5667672753334045,1.5277899503707886,0.36538461538461536,0.8269230769230769,0.21428571428571427,0.8571428571428571,0.0004
419,1.5703863501548767,1.5292258262634277,0.3269230769230769,0.8269230769230769,0.21428571428571427,0.8571428571428571,0.0004
420,1.6067398190498352,1.5272091627120972,0.3076923076923077,0.8269230769230769,0.21428571428571427,0.8571428571428571,0.0004
421,1.609735369682312,1.5309391021728516,0.3076923076923077,0.8269230769230769,0.21428571428571427,0.8571428571428571,0.0004
422,1.5500890016555786,1.5300443172454834,0.3076923076923077,0.8269230769230769,0.21428571428571427,0.8571428571428571,0.0004
423,1.5268532633781433,1.5281269550323486,0.38461538461538464,0.8269230769230769,0.21428571428571427,0.8571428571428571,0.0004
424,1.555435597896576,1.5293807983398438,0.36538461538461536,0.8269230769230769,0.21428571428571427,0.8571428571428571,0.0004
425,1.5941288471221924,1.5267006158828735,0.3076923076923077,0.8269230769230769,0.21428571428571427,0.8571428571428571,0.0004
426,1.58467036485672,1.5285124778747559,0.28846153846153844,0.8269230769230769,0.21428571428571427,0.8571428571428571,0.0004
427,1.5276386141777039,1.5351134538650513,0.5192307692307693,0.8269230769230769,0.21428571428571427,0.8571428571428571,0.0004
428,1.6117433905601501,1.5377376079559326,0.38461538461538464,0.8269230769230769,0.21428571428571427,0.8571428571428571,0.0004
429,1.586303472518921,1.5269732475280762,0.3269230769230769,0.8269230769230769,0.21428571428571427,0.8571428571428571,0.0004
430,1.5384729504585266,1.533902883529663,0.38461538461538464,0.8269230769230769,0.21428571428571427,0.8571428571428571,0.0004
431,1.5492854714393616,1.534896969795227,0.4230769230769231,0.8269230769230769,0.21428571428571427,0.8571428571428571,0.0004
432,1.559418797492981,1.541304111480713,0.4230769230769231,0.8269230769230769,0.21428571428571427,0.8571428571428571,0.0004
433,1.6073306202888489,1.5391634702682495,0.38461538461538464,0.8269230769230769,0.21428571428571427,0.8571428571428571,0.0004
434,1.6130069494247437,1.536564826965332,0.36538461538461536,0.8269230769230769,0.21428571428571427,0.8571428571428571,0.0004
435,1.5702832341194153,1.5486209392547607,0.40384615384615385,0.8269230769230769,0.21428571428571427,0.8571428571428571,0.0004
436,1.5666480660438538,1.5446796417236328,0.3076923076923077,0.8269230769230769,0.21428571428571427,0.8571428571428571,0.0004
437,1.5904294848442078,1.5476490259170532,0.36538461538461536,0.8269230769230769,0.21428571428571427,0.8571428571428571,0.0004
438,1.5102254748344421,1.5466368198394775,0.4423076923076923,0.8269230769230769,0.21428571428571427,0.8571428571428571,0.0004
439,1.5679647326469421,1.549175500869751,0.4423076923076923,0.8269230769230769,0.21428571428571427,0.8571428571428571,0.0004
440,1.5498326420783997,1.5444045066833496,0.36538461538461536,0.8269230769230769,0.21428571428571427,0.8571428571428571,0.0004
441,1.6498751640319824,1.541731834411621,0.28846153846153844,0.8269230769230769,0.21428571428571427,0.8571428571428571,0.0004
442,1.599103033542633,1.540322184562683,0.3076923076923077,0.8269230769230769,0.21428571428571427,0.8571428571428571,0.0004
443,1.5457043051719666,1.5453718900680542,0.40384615384615385,0.8269230769230769,0.21428571428571427,0.8571428571428571,0.0004
444,1.5887405276298523,1.5433733463287354,0.40384615384615385,0.8269230769230769,0.21428571428571427,0.8571428571428571,0.0004
445,1.5589879751205444,1.5449211597442627,0.34615384615384615,0.8269230769230769,0.21428571428571427,0.8571428571428571,0.0004
446,1.5207119584083557,1.5414748191833496,0.34615384615384615,0.8269230769230769,0.21428571428571427,0.8571428571428571,0.0004
447,1.524579405784607,1.5454556941986084,0.3269230769230769,0.8269230769230769,0.21428571428571427,0.8571428571428571,0.0004
448,1.5955770611763,1.5353827476501465,0.3076923076923077,0.8269230769230769,0.21428571428571427,0.8571428571428571,0.0004
449,1.5640868544578552,1.5426355600357056,0.46153846153846156,0.8269230769230769,0.21428571428571427,0.8571428571428571,0.0004
450,1.593769371509552,1.5312016010284424,0.3076923076923077,0.8269230769230769,0.21428571428571427,0.8571428571428571,0.0004
451,1.5614058375358582,1.537353515625,0.38461538461538464,0.8269230769230769,0.21428571428571427,0.8571428571428571,0.0004
452,1.5971198678016663,1.5300300121307373,0.3269230769230769,0.8269230769230769,0.21428571428571427,0.8571428571428571,0.0004
453,1.6608436107635498,1.5318061113357544,0.3076923076923077,0.8269230769230769,0.21428571428571427,0.8571428571428571,0.0004
454,1.5545204877853394,1.53705894947052,0.3269230769230769,0.8269230769230769,0.21428571428571427,0.8571428571428571,0.0004
455,1.564490795135498,1.5320605039596558,0.4807692307692308,0.8269230769230769,0.21428571428571427,0.8571428571428571,0.0004
456,1.5893579721450806,1.5258482694625854,0.36538461538461536,0.8269230769230769,0.21428571428571427,0.8571428571428571,0.0004
457,1.5875113010406494,1.5351877212524414,0.36538461538461536,0.8269230769230769,0.21428571428571427,0.8571428571428571,0.0004
458,1.6059178113937378,1.5373297929763794,0.3269230769230769,0.8269230769230769,0.21428571428571427,0.8571428571428571,0.0004
459,1.5773437023162842,1.542445421218872,0.4423076923076923,0.8269230769230769,0.21428571428571427,0.8571428571428571,0.0004
460,1.5445889830589294,1.5416617393493652,0.25,0.8269230769230769,0.21428571428571427,0.8571428571428571,0.0004
461,1.5626882910728455,1.5426024198532104,0.28846153846153844,0.8269230769230769,0.21428571428571427,0.8571428571428571,0.0004
462,1.5496875643730164,1.5445067882537842,0.36538461538461536,0.8269230769230769,0.21428571428571427,0.8571428571428571,0.0004
463,1.5619472861289978,1.5380841493606567,0.34615384615384615,0.8269230769230769,0.21428571428571427,0.8571428571428571,0.0004
464,1.5524511337280273,1.5522955656051636,0.36538461538461536,0.8269230769230769,0.21428571428571427,0.8571428571428571,0.0004
465,1.5991573929786682,1.551117181777954,0.38461538461538464,0.8269230769230769,0.21428571428571427,0.8571428571428571,0.0004
466,1.5861947536468506,1.5435184240341187,0.40384615384615385,0.8269230769230769,0.21428571428571427,0.8571428571428571,0.0004
467,1.5468182563781738,1.5523498058319092,0.38461538461538464,0.8269230769230769,0.21428571428571427,0.8571428571428571,0.0004
468,1.5222340822219849,1.5448864698410034,0.4423076923076923,0.8269230769230769,0.21428571428571427,0.8571428571428571,0.0004
469,1.5959712266921997,1.5525598526000977,0.3269230769230769,0.8269230769230769,0.21428571428571427,0.8571428571428571,0.0004
470,1.529004454612732,1.5422451496124268,0.40384615384615385,0.8269230769230769,0.21428571428571427,0.8571428571428571,0.0004
471,1.485819697380066,1.5441231727600098,0.4807692307692308,0.8269230769230769,0.21428571428571427,0.8571428571428571,0.0004
472,1.5473475456237793,1.5313177108764648,0.3269230769230769,0.8269230769230769,0.21428571428571427,0.8571428571428571,0.0004
473,1.5835994482040405,1.547878384590149,0.3269230769230769,0.8269230769230769,0.21428571428571427,0.8571428571428571,0.0004
474,1.606756865978241,1.5429694652557373,0.3269230769230769,0.8269230769230769,0.21428571428571427,0.8571428571428571,0.0004
475,1.5588417053222656,1.5461649894714355,0.38461538461538464,0.8269230769230769,0.21428571428571427,0.8571428571428571,0.0004
476,1.4864919781684875,1.5422625541687012,0.40384615384615385,0.8269230769230769,0.21428571428571427,0.8571428571428571,0.0004
477,1.5918829441070557,1.5383083820343018,0.3269230769230769,0.8269230769230769,0.21428571428571427,0.8571428571428571,0.0004
478,1.5310078859329224,1.5335049629211426,0.40384615384615385,0.8269230769230769,0.21428571428571427,0.8571428571428571,0.0004
479,1.5859155654907227,1.5385863780975342,0.34615384615384615,0.8269230769230769,0.21428571428571427,0.8571428571428571,0.0004
480,1.553269624710083,1.5473928451538086,0.40384615384615385,0.8269230769230769,0.21428571428571427,0.8571428571428571,0.0004
481,1.5521226525306702,1.5439943075180054,0.40384615384615385,0.8269230769230769,0.21428571428571427,0.8571428571428571,0.0004
482,1.5777667760849,1.536948323249817,0.36538461538461536,0.8269230769230769,0.21428571428571427,0.8571428571428571,0.0004
483,1.5675986409187317,1.5452842712402344,0.3076923076923077,0.8269230769230769,0.21428571428571427,0.8571428571428571,0.0004
484,1.634588599205017,1.5431339740753174,0.3076923076923077,0.8269230769230769,0.21428571428571427,0.8571428571428571,0.0004
485,1.5938116908073425,1.5582622289657593,0.3269230769230769,0.8269230769230769,0.21428571428571427,0.8571428571428571,0.0004
486,1.5691387057304382,1.548614740371704,0.28846153846153844,0.8269230769230769,0.21428571428571427,0.8571428571428571,0.0004
487,1.5742067694664001,1.5574043989181519,0.28846153846153844,0.8269230769230769,0.21428571428571427,0.8571428571428571,0.0004
488,1.5926328897476196,1.5461626052856445,0.3269230769230769,0.8269230769230769,0.21428571428571427,0.8571428571428571,0.0004
489,1.5860295295715332,1.5657992362976074,0.34615384615384615,0.8269230769230769,0.21428571428571427,0.8571428571428571,0.0004
490,1.6085636615753174,1.5567626953125,0.36538461538461536,0.8269230769230769,0.21428571428571427,0.8571428571428571,0.0004
491,1.534730076789856,1.5565145015716553,0.34615384615384615,0.8269230769230769,0.21428571428571427,0.8571428571428571,0.0004
492,1.6259801983833313,1.5622788667678833,0.38461538461538464,0.8269230769230769,0.21428571428571427,0.8571428571428571,0.0004
493,1.5980786681175232,1.5577887296676636,0.36538461538461536,0.8269230769230769,0.21428571428571427,0.8571428571428571,0.0004
494,1.543083667755127,1.5695301294326782,0.38461538461538464,0.8269230769230769,0.21428571428571427,0.8571428571428571,0.0004
495,1.548620879650116,1.5655901432037354,0.3269230769230769,0.8269230769230769,0.21428571428571427,0.8571428571428571,0.0004
496,1.5825173258781433,1.5585190057754517,0.3076923076923077,0.8269230769230769,0.21428571428571427,0.8571428571428571,0.0004
497,1.5292609333992004,1.5499733686447144,0.4230769230769231,0.8269230769230769,0.21428571428571427,0.8571428571428571,0.0004
498,1.5106729865074158,1.5520813465118408,0.38461538461538464,0.8269230769230769,0.21428571428571427,0.8571428571428571,0.0004
499,1.553528070449829,1.54643976688385,0.38461538461538464,0.8269230769230769,0.21428571428571427,0.8571428571428571,0.0004
500,1.590567946434021,1.5411933660507202,0.3076923076923077,0.8269230769230769,0.21428571428571427,0.8571428571428571,0.0004
501,1.580064058303833,1.5456602573394775,0.36538461538461536,0.8269230769230769,0.21428571428571427,0.8571428571428571,0.0004
502,1.6179291605949402,1.5431873798370361,0.36538461538461536,0.8269230769230769,0.21428571428571427,0.8571428571428571,0.0004
503,1.59677255153656,1.5325706005096436,0.3269230769230769,0.8269230769230769,0.21428571428571427,0.8571428571428571,0.0004
504,1.5797386765480042,1.5306439399719238,0.40384615384615385,0.8269230769230769,0.21428571428571427,0.8571428571428571,0.0004
505,1.5137611627578735,1.5324043035507202,0.38461538461538464,0.8269230769230769,0.21428571428571427,0.8571428571428571,0.0004
506,1.5911179780960083,1.5337146520614624,0.28846153846153844,0.8269230769230769,0.21428571428571427,0.8571428571428571,0.0004
507,1.5729780197143555,1.5535742044448853,0.28846153846153844,0.8269230769230769,0.21428571428571427,0.8571428571428571,0.0004
508,1.5445732474327087,1.537013292312622,0.3269230769230769,0.8269230769230769,0.21428571428571427,0.8571428571428571,0.0004
509,1.589352309703827,1.5466135740280151,0.34615384615384615,0.8269230769230769,0.21428571428571427,0.8571428571428571,0.0004
510,1.5779377222061157,1.548600673675537,0.34615384615384615,0.8269230769230769,0.21428571428571427,0.8571428571428571,0.0004
511,1.607945740222931,1.5402112007141113,0.3269230769230769,0.8269230769230769,0.21428571428571427,0.8571428571428571,0.0004
512,1.527660608291626,1.5476728677749634,0.4423076923076923,0.8269230769230769,0.21428571428571427,0.8571428571428571,0.0004
513,1.5656506419181824,1.5435950756072998,0.3076923076923077,0.8269230769230769,0.21428571428571427,0.8571428571428571,0.0004
514,1.5167862176895142,1.5354379415512085,0.3076923076923077,0.8269230769230769,0.21428571428571427,0.8571428571428571,0.0004
515,1.5576091408729553,1.5299166440963745,0.38461538461538464,0.8269230769230769,0.21428571428571427,0.8571428571428571,0.0004
516,1.5793256759643555,1.5340497493743896,0.38461538461538464,0.8269230769230769,0.21428571428571427,0.8571428571428571,0.0004
517,1.5491949319839478,1.5522220134735107,0.4423076923076923,0.8269230769230769,0.21428571428571427,0.8571428571428571,0.0004
518,1.5344311594963074,1.5411475896835327,0.40384615384615385,0.8269230769230769,0.21428571428571427,0.8571428571428571,0.0004
519,1.5208367705345154,1.536081314086914,0.36538461538461536,0.8269230769230769,0.21428571428571427,0.8571428571428571,0.0004
520,1.5491256713867188,1.5428422689437866,0.28846153846153844,0.8269230769230769,0.21428571428571427,0.8571428571428571,0.0004
521,1.5492424368858337,1.542083740234375,0.34615384615384615,0.8269230769230769,0.21428571428571427,0.8571428571428571,0.0004
522,1.5501002669334412,1.5400712490081787,0.23076923076923078,0.8269230769230769,0.21428571428571427,0.8571428571428571,0.0004
523,1.5198237299919128,1.5298106670379639,0.3269230769230769,0.8269230769230769,0.21428571428571427,0.8571428571428571,0.0004
524,1.5415761470794678,1.525409460067749,0.4423076923076923,0.8269230769230769,0.21428571428571427,0.8571428571428571,0.0004
525,1.5317714214324951,1.5412448644638062,0.40384615384615385,0.8269230769230769,0.21428571428571427,0.8571428571428571,0.0004
526,1.562699019908905,1.543661117553711,0.3076923076923077,0.8269230769230769,0.21428571428571427,0.8571428571428571,0.0004
527,1.5386828184127808,1.5243754386901855,0.28846153846153844,0.8269230769230769,0.21428571428571427,0.8571428571428571,0.0004
528,1.6033814549446106,1.521026611328125,0.38461538461538464,0.8269230769230769,0.21428571428571427,0.8571428571428571,0.0004
529,1.5727388262748718,1.5309163331985474,0.34615384615384615,0.8269230769230769,0.21428571428571427,0.8571428571428571,0.0004
530,1.582490861415863,1.524572730064392,0.38461538461538464,0.8269230769230769,0.21428571428571427,0.8571428571428571,0.0004
531,1.5157647132873535,1.5273634195327759,0.40384615384615385,0.8269230769230769,0.21428571428571427,0.8571428571428571,0.0004
532,1.532813549041748,1.5254148244857788,0.46153846153846156,0.8269230769230769,0.21428571428571427,0.8571428571428571,0.0004
533,1.5645077228546143,1.543565034866333,0.4423076923076923,0.8269230769230769,0.21428571428571427,0.8571428571428571,0.0004
534,1.6327034831047058,1.5563418865203857,0.28846153846153844,0.8269230769230769,0.21428571428571427,0.8571428571428571,0.0004
535,1.5867223739624023,1.5376993417739868,0.36538461538461536,0.8269230769230769,0.21428571428571427,0.8571428571428571,0.0004
536,1.5409424304962158,1.5520647764205933,0.36538461538461536,0.8269230769230769,0.21428571428571427,0.8571428571428571,0.0004
537,1.518933355808258,1.546051025390625,0.34615384615384615,0.8269230769230769,0.21428571428571427,0.8571428571428571,0.0004
538,1.5752598643302917,1.5478631258010864,0.34615384615384615,0.8269230769230769,0.21428571428571427,0.8571428571428571,0.0004
539,1.572662591934204,1.5246992111206055,0.3269230769230769,0.8269230769230769,0.21428571428571427,0.8571428571428571,0.0004
540,1.548953354358673,1.5404052734375,0.4230769230769231,0.8269230769230769,0.21428571428571427,0.8571428571428571,0.0004
541,1.577022671699524,1.5513361692428589,0.3269230769230769,0.8269230769230769,0.21428571428571427,0.8571428571428571,0.0004
542,1.5510073900222778,1.5419145822525024,0.38461538461538464,0.8269230769230769,0.21428571428571427,0.8571428571428571,0.0004
543,1.6248034238815308,1.5416367053985596,0.3076923076923077,0.8269230769230769,0.21428571428571427,0.8571428571428571,0.0004
544,1.598533809185028,1.549086332321167,0.34615384615384615,0.8269230769230769,0.21428571428571427,0.8571428571428571,0.0004
545,1.548789381980896,1.5372326374053955,0.38461538461538464,0.8269230769230769,0.21428571428571427,0.8571428571428571,0.0004
546,1.5857564806938171,1.538200855255127,0.34615384615384615,0.8269230769230769,0.21428571428571427,0.8571428571428571,0.0004
547,1.5705892443656921,1.5303990840911865,0.34615384615384615,0.8269230769230769,0.21428571428571427,0.8571428571428571,0.0004
548,1.5163511037826538,1.5385410785675049,0.4423076923076923,0.8269230769230769,0.21428571428571427,0.8571428571428571,0.0004
549,1.5367929935455322,1.551552414894104,0.4423076923076923,0.8269230769230769,0.21428571428571427,0.8571428571428571,0.0004
550,1.5582313537597656,1.5443472862243652,0.3076923076923077,0.8269230769230769,0.21428571428571427,0.8571428571428571,0.0004
551,1.5509982109069824,1.563958764076233,0.2692307692307692,0.8269230769230769,0.21428571428571427,0.8571428571428571,0.0004
552,1.567047119140625,1.5482425689697266,0.5,0.8269230769230769,0.21428571428571427,0.8571428571428571,0.0004
553,1.60611492395401,1.5293316841125488,0.34615384615384615,0.8269230769230769,0.21428571428571427,0.8571428571428571,0.0004
554,1.576915681362152,1.5366780757904053,0.3076923076923077,0.8269230769230769,0.21428571428571427,0.8571428571428571,0.0004
555,1.5340123176574707,1.532493233680725,0.3269230769230769,0.8269230769230769,0.21428571428571427,0.8571428571428571,0.0004
556,1.5753499865531921,1.5602834224700928,0.3269230769230769,0.8269230769230769,0.21428571428571427,0.8571428571428571,0.0004
557,1.5468291640281677,1.5771454572677612,0.34615384615384615,0.8269230769230769,0.21428571428571427,0.8571428571428571,0.0004
558,1.590084195137024,1.5630128383636475,0.40384615384615385,0.8269230769230769,0.21428571428571427,0.8571428571428571,0.0004
559,1.52399343252182,1.537705421447754,0.34615384615384615,0.8269230769230769,0.21428571428571427,0.8571428571428571,0.0004
560,1.5663267970085144,1.5434892177581787,0.28846153846153844,0.8269230769230769,0.21428571428571427,0.8571428571428571,0.0004
561,1.5312495827674866,1.5522072315216064,0.5,0.8269230769230769,0.21428571428571427,0.8571428571428571,0.0004
562,1.5854308605194092,1.5599943399429321,0.38461538461538464,0.8269230769230769,0.21428571428571427,0.8571428571428571,0.0004
563,1.5974972248077393,1.5309460163116455,0.2692307692307692,0.8269230769230769,0.21428571428571427,0.8571428571428571,0.0004
564,1.5295770168304443,1.5346870422363281,0.38461538461538464,0.8269230769230769,0.21428571428571427,0.8571428571428571,0.0004
565,1.5678536891937256,1.546308994293213,0.4423076923076923,0.8269230769230769,0.21428571428571427,0.8571428571428571,0.0004
566,1.5629745125770569,1.5573198795318604,0.3269230769230769,0.8269230769230769,0.21428571428571427,0.8571428571428571,0.0004
567,1.5886889100074768,1.5472248792648315,0.2692307692307692,0.8269230769230769,0.21428571428571427,0.8571428571428571,0.0004
568,1.5914655327796936,1.5374125242233276,0.4230769230769231,0.8269230769230769,0.21428571428571427,0.8571428571428571,0.0004
569,1.5541852712631226,1.514784812927246,0.38461538461538464,0.8269230769230769,0.21428571428571427,0.8571428571428571,0.0004
570,1.5857998728752136,1.5592082738876343,0.40384615384615385,0.8269230769230769,0.21428571428571427,0.8571428571428571,0.0004
571,1.5416500568389893,1.5506372451782227,0.4230769230769231,0.8269230769230769,0.21428571428571427,0.8571428571428571,0.0004
572,1.5803254842758179,1.5531253814697266,0.3076923076923077,0.8269230769230769,0.21428571428571427,0.8571428571428571,0.0004
573,1.5134071707725525,1.5633513927459717,0.40384615384615385,0.8269230769230769,0.21428571428571427,0.8571428571428571,0.0004
574,1.5514025688171387,1.5394549369812012,0.4230769230769231,0.8269230769230769,0.21428571428571427,0.8571428571428571,0.0004
575,1.6616505980491638,1.547210693359375,0.28846153846153844,0.8269230769230769,0.21428571428571427,0.8571428571428571,0.0004
576,1.5426743030548096,1.5380347967147827,0.38461538461538464,0.8269230769230769,0.21428571428571427,0.8571428571428571,0.0004
577,1.5628595352172852,1.5419281721115112,0.40384615384615385,0.8269230769230769,0.2857142857142857,0.8571428571428571,0.0004
578,1.5594555139541626,1.558523178100586,0.4423076923076923,0.8269230769230769,0.35714285714285715,0.8571428571428571,0.0004
579,1.572334110736847,1.5076457262039185,0.34615384615384615,0.8269230769230769,0.2857142857142857,0.8571428571428571,0.0004
580,1.5554139614105225,1.5686089992523193,0.2692307692307692,0.8269230769230769,0.21428571428571427,0.8571428571428571,0.0004
581,1.5941886901855469,1.5369718074798584,0.2692307692307692,0.8269230769230769,0.35714285714285715,0.8571428571428571,0.0004
582,1.5614818334579468,1.546330213546753,0.3269230769230769,0.8269230769230769,0.35714285714285715,0.8571428571428571,0.0004
583,1.5986950397491455,1.5477001667022705,0.28846153846153844,0.8269230769230769,0.2857142857142857,0.8571428571428571,0.0004
584,1.5924164652824402,1.5689489841461182,0.40384615384615385,0.8269230769230769,0.35714285714285715,0.8571428571428571,0.0004
585,1.5607075691223145,1.5371224880218506,0.34615384615384615,0.8269230769230769,0.35714285714285715,0.8571428571428571,0.0004
586,1.5820257067680359,1.5562968254089355,0.40384615384615385,0.8269230769230769,0.42857142857142855,0.8571428571428571,0.0004
587,1.5721913576126099,1.5444984436035156,0.4423076923076923,0.8269230769230769,0.2857142857142857,0.8571428571428571,0.0004
588,1.574541687965393,1.5366530418395996,0.38461538461538464,0.8269230769230769,0.2857142857142857,0.8571428571428571,0.0004
589,1.5117578506469727,1.531635046005249,0.38461538461538464,0.8269230769230769,0.35714285714285715,0.8571428571428571,0.0004
590,1.5607388615608215,1.5470465421676636,0.4230769230769231,0.8269230769230769,0.21428571428571427,0.8571428571428571,0.0004
591,1.5145177245140076,1.5499752759933472,0.4230769230769231,0.8269230769230769,0.35714285714285715,0.8571428571428571,0.0004
592,1.5777665376663208,1.520988941192627,0.28846153846153844,0.8269230769230769,0.2857142857142857,0.8571428571428571,0.0004
593,1.5515908002853394,1.5468254089355469,0.28846153846153844,0.8269230769230769,0.42857142857142855,0.8571428571428571,0.0004
594,1.598237156867981,1.5641047954559326,0.40384615384615385,0.8269230769230769,0.5,0.8571428571428571,0.0004
595,1.541678249835968,1.5392578840255737,0.4423076923076923,0.8269230769230769,0.2857142857142857,0.8571428571428571,0.0004
596,1.5493661165237427,1.5459904670715332,0.3076923076923077,0.8269230769230769,0.35714285714285715,0.8571428571428571,0.0004
597,1.6210077404975891,1.5241073369979858,0.28846153846153844,0.8269230769230769,0.21428571428571427,0.8571428571428571,0.0004
598,1.5594567656517029,1.5993529558181763,0.4230769230769231,0.8269230769230769,0.21428571428571427,0.8571428571428571,0.0004
599,1.5364458560943604,1.5798325538635254,0.4423076923076923,0.8269230769230769,0.2857142857142857,0.8571428571428571,0.0004
600,1.540000855922699,1.5509917736053467,0.4423076923076923,0.8269230769230769,0.21428571428571427,0.8571428571428571,0.0004
601,1.6254224181175232,1.5395773649215698,0.36538461538461536,0.8269230769230769,0.42857142857142855,0.8571428571428571,0.0004
602,1.6182346940040588,1.556663155555725,0.28846153846153844,0.8269230769230769,0.35714285714285715,0.8571428571428571,0.0004
603,1.5435078144073486,1.578887939453125,0.46153846153846156,0.8269230769230769,0.2857142857142857,0.8571428571428571,0.0004
604,1.4981502294540405,1.5617742538452148,0.40384615384615385,0.8269230769230769,0.2857142857142857,0.8571428571428571,0.0004
605,1.546139121055603,1.5752092599868774,0.40384615384615385,0.8269230769230769,0.2857142857142857,0.8571428571428571,0.0004
606,1.4848092794418335,1.5179245471954346,0.5192307692307693,0.8269230769230769,0.35714285714285715,0.8571428571428571,0.0004
607,1.5373324751853943,1.5495959520339966,0.4230769230769231,0.8269230769230769,0.35714285714285715,0.8571428571428571,0.0004
608,1.4970037341117859,1.5852971076965332,0.46153846153846156,0.8269230769230769,0.35714285714285715,0.8571428571428571,0.0004
609,1.5321471095085144,1.5682724714279175,0.46153846153846156,0.8269230769230769,0.42857142857142855,0.8571428571428571,0.0004
610,1.5397498607635498,1.5912444591522217,0.4230769230769231,0.8269230769230769,0.42857142857142855,0.8571428571428571,0.0004
611,1.553669810295105,1.5286369323730469,0.36538461538461536,0.8269230769230769,0.35714285714285715,0.8571428571428571,0.0004
612,1.5322210192680359,1.5840792655944824,0.38461538461538464,0.8269230769230769,0.2857142857142857,0.8571428571428571,0.0004
613,1.5571758151054382,1.6050512790679932,0.46153846153846156,0.8269230769230769,0.35714285714285715,0.8571428571428571,0.0004
614,1.512947678565979,1.5635013580322266,0.5,0.8269230769230769,0.42857142857142855,0.8571428571428571,0.0004
615,1.536718487739563,1.5779002904891968,0.40384615384615385,0.8269230769230769,0.35714285714285715,0.8571428571428571,0.0004
616,1.5154799222946167,1.553309679031372,0.4423076923076923,0.8269230769230769,0.35714285714285715,0.8571428571428571,0.0004
617,1.5083447694778442,1.5524704456329346,0.4423076923076923,0.8269230769230769,0.35714285714285715,0.8571428571428571,0.0004
618,1.6222285628318787,1.5623103380203247,0.34615384615384615,0.8269230769230769,0.2857142857142857,0.8571428571428571,0.0004
619,1.589201033115387,1.5641944408416748,0.46153846153846156,0.8269230769230769,0.2857142857142857,0.8571428571428571,0.0004
620,1.586962640285492,1.603659749031067,0.38461538461538464,0.8269230769230769,0.21428571428571427,0.8571428571428571,0.0004
621,1.5404674410820007,1.547947645187378,0.5,0.8269230769230769,0.42857142857142855,0.8571428571428571,0.0004
622,1.5287699103355408,1.6063050031661987,0.46153846153846156,0.8269230769230769,0.2857142857142857,0.8571428571428571,0.0004
623,1.5009998083114624,1.6331826448440552,0.46153846153846156,0.8269230769230769,0.42857142857142855,0.8571428571428571,0.0004
624,1.5752412676811218,1.585369348526001,0.4423076923076923,0.8269230769230769,0.2857142857142857,0.8571428571428571,0.0004
625,1.5759429931640625,1.5445613861083984,0.4423076923076923,0.8269230769230769,0.42857142857142855,0.8571428571428571,0.0004
626,1.5651233792304993,1.5596110820770264,0.4423076923076923,0.8269230769230769,0.35714285714285715,0.8571428571428571,0.0004
627,1.5314645767211914,1.5309278964996338,0.4230769230769231,0.8269230769230769,0.35714285714285715,0.8571428571428571,0.0004
628,1.6295981407165527,1.5215665102005005,0.2692307692307692,0.8269230769230769,0.42857142857142855,0.8571428571428571,0.0004
629,1.568610668182373,1.5160444974899292,0.3269230769230769,0.8269230769230769,0.35714285714285715,0.8571428571428571,0.0004
630,1.6513462662696838,1.4885327816009521,0.23076923076923078,0.8269230769230769,0.42857142857142855,0.8571428571428571,0.0004
631,1.5827565789222717,1.532702088356018,0.28846153846153844,0.8269230769230769,0.42857142857142855,0.8571428571428571,0.0004
632,1.557754397392273,1.5136370658874512,0.2692307692307692,0.8269230769230769,0.35714285714285715,0.8571428571428571,0.0004
633,1.568182349205017,1.5666124820709229,0.46153846153846156,0.8269230769230769,0.21428571428571427,0.8571428571428571,0.0004
634,1.509171724319458,1.5978436470031738,0.4423076923076923,0.8269230769230769,0.21428571428571427,0.8571428571428571,0.0004
635,1.5869736075401306,1.6001250743865967,0.38461538461538464,0.8269230769230769,0.21428571428571427,0.8571428571428571,0.0004
636,1.552256166934967,1.6212177276611328,0.38461538461538464,0.8269230769230769,0.21428571428571427,0.8571428571428571,0.0004
637,1.5907071232795715,1.6159261465072632,0.36538461538461536,0.8269230769230769,0.21428571428571427,0.8571428571428571,0.0004
638,1.5410457253456116,1.5885041952133179,0.36538461538461536,0.8269230769230769,0.21428571428571427,0.8571428571428571,0.0004
639,1.5936338901519775,1.5866444110870361,0.34615384615384615,0.8269230769230769,0.21428571428571427,0.8571428571428571,0.0004
640,1.5831502079963684,1.5728199481964111,0.34615384615384615,0.8269230769230769,0.21428571428571427,0.8571428571428571,0.0004
641,1.55918949842453,1.5596954822540283,0.4230769230769231,0.8269230769230769,0.21428571428571427,0.8571428571428571,0.0004
642,1.5769523978233337,1.56475830078125,0.34615384615384615,0.8269230769230769,0.21428571428571427,0.8571428571428571,0.0004
643,1.5373954772949219,1.5701560974121094,0.4230769230769231,0.8269230769230769,0.21428571428571427,0.8571428571428571,0.0004
644,1.5341222286224365,1.5571537017822266,0.40384615384615385,0.8269230769230769,0.21428571428571427,0.8571428571428571,0.0004
645,1.5210541486740112,1.5470869541168213,0.3269230769230769,0.8269230769230769,0.21428571428571427,0.8571428571428571,0.0004
646,1.5795016884803772,1.5508146286010742,0.3269230769230769,0.8269230769230769,0.21428571428571427,0.8571428571428571,0.0004
647,1.5772328972816467,1.547123908996582,0.28846153846153844,0.8269230769230769,0.21428571428571427,0.8571428571428571,0.0004
648,1.6043545603752136,1.5383517742156982,0.36538461538461536,0.8269230769230769,0.21428571428571427,0.8571428571428571,0.0004
649,1.5693243741989136,1.5383278131484985,0.4230769230769231,0.8269230769230769,0.21428571428571427,0.8571428571428571,0.0004
650,1.571991741657257,1.5636621713638306,0.36538461538461536,0.8269230769230769,0.21428571428571427,0.8571428571428571,0.0004
651,1.5139159560203552,1.5424838066101074,0.3269230769230769,0.8269230769230769,0.21428571428571427,0.8571428571428571,0.0004
652,1.5449268221855164,1.5527305603027344,0.38461538461538464,0.8269230769230769,0.21428571428571427,0.8571428571428571,0.0004
653,1.573725163936615,1.5636459589004517,0.36538461538461536,0.8269230769230769,0.2857142857142857,0.8571428571428571,0.0004
654,1.5130728483200073,1.5547888278961182,0.38461538461538464,0.8269230769230769,0.21428571428571427,0.8571428571428571,0.0004
655,1.584437906742096,1.556592583656311,0.3269230769230769,0.8269230769230769,0.21428571428571427,0.8571428571428571,0.0004
656,1.5357057452201843,1.5479514598846436,0.4807692307692308,0.8269230769230769,0.21428571428571427,0.8571428571428571,0.0004
657,1.5815184116363525,1.6046075820922852,0.40384615384615385,0.8269230769230769,0.2857142857142857,0.8571428571428571,0.0004
658,1.5376116633415222,1.5870935916900635,0.38461538461538464,0.8269230769230769,0.21428571428571427,0.8571428571428571,0.0004
659,1.5649771690368652,1.6067097187042236,0.3076923076923077,0.8269230769230769,0.2857142857142857,0.8571428571428571,0.0004
660,1.523794174194336,1.609096646308899,0.4423076923076923,0.8269230769230769,0.2857142857142857,0.8571428571428571,0.0004
661,1.522698998451233,1.5975351333618164,0.4423076923076923,0.8269230769230769,0.21428571428571427,0.8571428571428571,0.0004
662,1.4991064667701721,1.5678150653839111,0.38461538461538464,0.8269230769230769,0.35714285714285715,0.8571428571428571,0.0004
663,1.5823833346366882,1.5485174655914307,0.4230769230769231,0.8269230769230769,0.42857142857142855,0.8571428571428571,0.0004
664,1.5090752840042114,1.5464982986450195,0.4423076923076923,0.8269230769230769,0.42857142857142855,0.8571428571428571,0.0004
665,1.5575170516967773,1.5584834814071655,0.40384615384615385,0.8269230769230769,0.21428571428571427,0.8571428571428571,0.0004
666,1.5513418912887573,1.560618281364441,0.46153846153846156,0.8269230769230769,0.42857142857142855,0.8571428571428571,0.0004
667,1.5303241610527039,1.5738615989685059,0.3269230769230769,0.8269230769230769,0.2857142857142857,0.8571428571428571,0.0004
668,1.611014187335968,1.5770652294158936,0.38461538461538464,0.8269230769230769,0.42857142857142855,0.8571428571428571,0.0004
669,1.5897182822227478,1.5709922313690186,0.34615384615384615,0.8269230769230769,0.2857142857142857,0.8571428571428571,0.0004
670,1.539189636707306,1.5617743730545044,0.46153846153846156,0.8269230769230769,0.2857142857142857,0.8571428571428571,0.0004
671,1.5769904851913452,1.6022775173187256,0.38461538461538464,0.8269230769230769,0.2857142857142857,0.8571428571428571,0.0004
672,1.5135139226913452,1.5654394626617432,0.5192307692307693,0.8269230769230769,0.35714285714285715,0.8571428571428571,0.0004
673,1.5181059837341309,1.579537272453308,0.3269230769230769,0.8269230769230769,0.2857142857142857,0.8571428571428571,0.0004
674,1.5503397583961487,1.5557575225830078,0.4423076923076923,0.8269230769230769,0.2857142857142857,0.8571428571428571,0.0004
675,1.5262967944145203,1.5846307277679443,0.4230769230769231,0.8269230769230769,0.5,0.8571428571428571,0.0004
676,1.5230059027671814,1.6375694274902344,0.36538461538461536,0.8269230769230769,0.35714285714285715,0.8571428571428571,0.0004
677,1.5707052946090698,1.5976181030273438,0.38461538461538464,0.8269230769230769,0.42857142857142855,0.8571428571428571,0.0004
678,1.522121012210846,1.522341012954712,0.4230769230769231,0.8269230769230769,0.6428571428571429,0.8571428571428571,0.0004
679,1.5444378852844238,1.5862152576446533,0.4230769230769231,0.8269230769230769,0.42857142857142855,0.8571428571428571,0.0004
680,1.6437737941741943,1.5623620748519897,0.40384615384615385,0.8269230769230769,0.5,0.8571428571428571,0.0004
681,1.4879961013793945,1.5811024904251099,0.4423076923076923,0.8269230769230769,0.42857142857142855,0.8571428571428571,0.0004
682,1.5545338988304138,1.5976389646530151,0.4807692307692308,0.8269230769230769,0.5,0.8571428571428571,0.0004
683,1.47067791223526,1.5917540788650513,0.5192307692307693,0.8269230769230769,0.35714285714285715,0.8571428571428571,0.0004
684,1.4858225584030151,1.592157244682312,0.5192307692307693,0.8269230769230769,0.21428571428571427,0.8571428571428571,0.0004
685,1.5286097526550293,1.5821012258529663,0.4807692307692308,0.8269230769230769,0.35714285714285715,0.8571428571428571,0.0004
686,1.4790493845939636,1.5420973300933838,0.4423076923076923,0.8269230769230769,0.6428571428571429,0.8571428571428571,0.0004
687,1.4569326043128967,1.5076005458831787,0.5192307692307693,0.8269230769230769,0.7142857142857143,0.8571428571428571,0.0004
688,1.580317497253418,1.5285120010375977,0.4423076923076923,0.8269230769230769,0.42857142857142855,0.8571428571428571,0.0004
689,1.5146112442016602,1.5248045921325684,0.4230769230769231,0.8269230769230769,0.5714285714285714,0.8571428571428571,0.0004
690,1.4996185898780823,1.5062639713287354,0.5192307692307693,0.8269230769230769,0.5,0.8571428571428571,0.0004
691,1.5714744329452515,1.579718828201294,0.4230769230769231,0.8269230769230769,0.35714285714285715,0.8571428571428571,0.0004
692,1.4927115440368652,1.620704174041748,0.4807692307692308,0.8269230769230769,0.35714285714285715,0.8571428571428571,0.0004
693,1.5055524110794067,1.5761139392852783,0.4423076923076923,0.8269230769230769,0.35714285714285715,0.8571428571428571,0.0004
694,1.4908751249313354,1.5034483671188354,0.4423076923076923,0.8269230769230769,0.5,0.8571428571428571,0.0004
695,1.5475273728370667,1.4887306690216064,0.4423076923076923,0.8269230769230769,0.42857142857142855,0.8571428571428571,0.0004
696,1.5520469546318054,1.559666395187378,0.36538461538461536,0.8269230769230769,0.35714285714285715,0.8571428571428571,0.0004
697,1.5673986077308655,1.5580477714538574,0.46153846153846156,0.8269230769230769,0.42857142857142855,0.8571428571428571,0.0004
698,1.5532944798469543,1.5571132898330688,0.38461538461538464,0.8269230769230769,0.35714285714285715,0.8571428571428571,0.0004
699,1.6369580626487732,1.4924697875976562,0.3269230769230769,0.8269230769230769,0.42857142857142855,0.8571428571428571,0.0004
700,1.6449716091156006,1.4968585968017578,0.3076923076923077,0.8269230769230769,0.42857142857142855,0.8571428571428571,0.0004
701,1.619092583656311,1.474570870399475,0.36538461538461536,0.8269230769230769,0.42857142857142855,0.8571428571428571,0.0004
702,1.563223958015442,1.4755431413650513,0.3076923076923077,0.8269230769230769,0.42857142857142855,0.8571428571428571,0.0004
703,1.603292465209961,1.4733039140701294,0.34615384615384615,0.8269230769230769,0.42857142857142855,0.8571428571428571,0.0004
704,1.623328685760498,1.4809539318084717,0.3269230769230769,0.8269230769230769,0.42857142857142855,0.8571428571428571,0.0004
705,1.607862412929535,1.4874894618988037,0.3076923076923077,0.8269230769230769,0.42857142857142855,0.8571428571428571,0.0004
706,1.6340216994285583,1.48915433883667,0.36538461538461536,0.8269230769230769,0.42857142857142855,0.8571428571428571,0.0004
707,1.581381618976593,1.4958980083465576,0.4423076923076923,0.8269230769230769,0.42857142857142855,0.8571428571428571,0.0004
708,1.6415991187095642,1.4991755485534668,0.2692307692307692,0.8269230769230769,0.35714285714285715,0.8571428571428571,0.0004
709,1.5516167879104614,1.5096684694290161,0.3076923076923077,0.8269230769230769,0.35714285714285715,0.8571428571428571,0.0004
710,1.5710058212280273,1.5151426792144775,0.3076923076923077,0.8269230769230769,0.35714285714285715,0.8571428571428571,0.0004
711,1.5540425777435303,1.5203218460083008,0.3269230769230769,0.8269230769230769,0.35714285714285715,0.8571428571428571,0.0004
712,1.5390998125076294,1.525237798690796,0.3076923076923077,0.8269230769230769,0.35714285714285715,0.8571428571428571,0.0004
713,1.6175848245620728,1.5314526557922363,0.3269230769230769,0.8269230769230769,0.2857142857142857,0.8571428571428571,0.0004
714,1.5587142705917358,1.47183358669281,0.34615384615384615,0.8269230769230769,0.2857142857142857,0.8571428571428571,0.0004
715,1.5478691458702087,1.4716544151306152,0.3076923076923077,0.8269230769230769,0.2857142857142857,0.8571428571428571,0.0004
716,1.6026555299758911,1.5473405122756958,0.3076923076923077,0.8269230769230769,0.21428571428571427,0.8571428571428571,0.0004
717,1.577254295349121,1.4757951498031616,0.3076923076923077,0.8269230769230769,0.2857142857142857,0.8571428571428571,0.0004
718,1.5810067057609558,1.5525684356689453,0.4423076923076923,0.8269230769230769,0.21428571428571427,0.8571428571428571,0.0004
719,1.6132501363754272,1.4742763042449951,0.38461538461538464,0.8269230769230769,0.2857142857142857,0.8571428571428571,0.0004
720,1.6001703143119812,1.557873010635376,0.36538461538461536,0.8269230769230769,0.21428571428571427,0.8571428571428571,0.0004
721,1.5678080916404724,1.5635844469070435,0.36538461538461536,0.8269230769230769,0.21428571428571427,0.8571428571428571,0.0004
722,1.5727440118789673,1.564415454864502,0.46153846153846156,0.8269230769230769,0.21428571428571427,0.8571428571428571,0.0004
723,1.6196064949035645,1.562464714050293,0.34615384615384615,0.8269230769230769,0.21428571428571427,0.8571428571428571,0.0004
724,1.5703717470169067,1.4731765985488892,0.4807692307692308,0.8269230769230769,0.2857142857142857,0.8571428571428571,0.0004
725,1.5517687797546387,1.5636112689971924,0.38461538461538464,0.8269230769230769,0.21428571428571427,0.8571428571428571,0.0004
726,1.5314351916313171,1.4745914936065674,0.34615384615384615,0.8269230769230769,0.2857142857142857,0.8571428571428571,0.0004
727,1.564609408378601,1.4739792346954346,0.40384615384615385,0.8269230769230769,0.2857142857142857,0.8571428571428571,0.0004
728,1.5661755800247192,1.564338207244873,0.36538461538461536,0.8269230769230769,0.21428571428571427,0.8571428571428571,0.0004
729,1.5985717177391052,1.5624079704284668,0.3076923076923077,0.8269230769230769,0.21428571428571427,0.8571428571428571,0.0004
730,1.5629529356956482,1.5631983280181885,0.38461538461538464,0.8269230769230769,0.21428571428571427,0.8571428571428571,0.0004
731,1.535106599330902,1.562635898590088,0.38461538461538464,0.8269230769230769,0.21428571428571427,0.8571428571428571,0.0004
732,1.576200246810913,1.4692689180374146,0.38461538461538464,0.8269230769230769,0.2857142857142857,0.8571428571428571,0.0004
733,1.5303441286087036,1.5596706867218018,0.40384615384615385,0.8269230769230769,0.21428571428571427,0.8571428571428571,0.0004
734,1.5730597972869873,1.5611615180969238,0.36538461538461536,0.8269230769230769,0.21428571428571427,0.8571428571428571,0.0004
735,1.511695921421051,1.5614545345306396,0.40384615384615385,0.8269230769230769,0.21428571428571427,0.8571428571428571,0.0004
736,1.503751277923584,1.557826042175293,0.4423076923076923,0.8269230769230769,0.21428571428571427,0.8571428571428571,0.0004
737,1.520400047302246,1.5553537607192993,0.36538461538461536,0.8269230769230769,0.21428571428571427,0.8571428571428571,0.0004
738,1.522857666015625,1.5575662851333618,0.36538461538461536,0.8269230769230769,0.21428571428571427,0.8571428571428571,0.0004
739,1.551339030265808,1.556800365447998,0.34615384615384615,0.8269230769230769,0.21428571428571427,0.8571428571428571,0.0004
740,1.557809293270111,1.4564132690429688,0.34615384615384615,0.8269230769230769,0.2857142857142857,0.8571428571428571,0.0004
741,1.5278772115707397,1.5484954118728638,0.40384615384615385,0.8269230769230769,0.21428571428571427,0.8571428571428571,0.0004
742,1.5911293625831604,1.4529157876968384,0.4230769230769231,0.8269230769230769,0.2857142857142857,0.8571428571428571,0.0004
743,1.5831444263458252,1.4506927728652954,0.34615384615384615,0.8269230769230769,0.2857142857142857,0.8571428571428571,0.0004
744,1.585047721862793,1.4510877132415771,0.4230769230769231,0.8269230769230769,0.2857142857142857,0.8571428571428571,0.0004
745,1.4888140559196472,1.5484031438827515,0.4423076923076923,0.8269230769230769,0.21428571428571427,0.8571428571428571,0.0004
746,1.5388362407684326,1.4531747102737427,0.4230769230769231,0.8269230769230769,0.2857142857142857,0.8571428571428571,0.0004
747,1.5442535281181335,1.548455834388733,0.38461538461538464,0.8269230769230769,0.21428571428571427,0.8571428571428571,0.0004
748,1.5507509112358093,1.5495071411132812,0.40384615384615385,0.8269230769230769,0.21428571428571427,0.8571428571428571,0.0004
749,1.5636397004127502,1.550307273864746,0.38461538461538464,0.8269230769230769,0.21428571428571427,0.8571428571428571,0.0004
750,1.512269675731659,1.5458422899246216,0.40384615384615385,0.8269230769230769,0.21428571428571427,0.8571428571428571,0.0004
751,1.587573230266571,1.5484200716018677,0.36538461538461536,0.8269230769230769,0.21428571428571427,0.8571428571428571,0.0004
752,1.6081541180610657,1.547038197517395,0.3076923076923077,0.8269230769230769,0.21428571428571427,0.8571428571428571,0.0004
753,1.6041408777236938,1.5459893941879272,0.36538461538461536,0.8269230769230769,0.21428571428571427,0.8571428571428571,0.0004
754,1.5967378616333008,1.5439577102661133,0.36538461538461536,0.8269230769230769,0.21428571428571427,0.8571428571428571,0.0004
755,1.5662077069282532,1.4461581707000732,0.40384615384615385,0.8269230769230769,0.2857142857142857,0.8571428571428571,0.0004
756,1.547305405139923,1.446230411529541,0.36538461538461536,0.8269230769230769,0.2857142857142857,0.8571428571428571,0.0004
757,1.5274008512496948,1.5478419065475464,0.36538461538461536,0.8269230769230769,0.21428571428571427,0.8571428571428571,0.0004
758,1.5355119109153748,1.543508768081665,0.3076923076923077,0.8269230769230769,0.21428571428571427,0.8571428571428571,0.0004
759,1.5449255108833313,1.5451886653900146,0.3076923076923077,0.8269230769230769,0.21428571428571427,0.8571428571428571,0.0004
760,1.5956143140792847,1.4438507556915283,0.34615384615384615,0.8269230769230769,0.2857142857142857,0.8571428571428571,0.0004
761,1.577492892742157,1.5444271564483643,0.40384615384615385,0.8269230769230769,0.21428571428571427,0.8571428571428571,0.0004
762,1.4934181571006775,1.5467270612716675,0.40384615384615385,0.8269230769230769,0.21428571428571427,0.8571428571428571,0.0004
763,1.5755831003189087,1.5458691120147705,0.38461538461538464,0.8269230769230769,0.21428571428571427,0.8571428571428571,0.0004
764,1.5890827775001526,1.5443772077560425,0.3269230769230769,0.8269230769230769,0.21428571428571427,0.8571428571428571,0.0004
765,1.521563470363617,1.5452028512954712,0.40384615384615385,0.8269230769230769,0.21428571428571427,0.8571428571428571,0.0004
766,1.5407450199127197,1.5431926250457764,0.36538461538461536,0.8269230769230769,0.21428571428571427,0.8571428571428571,0.0004
767,1.5246534943580627,1.5423908233642578,0.40384615384615385,0.8269230769230769,0.21428571428571427,0.8571428571428571,0.0004
768,1.4722081422805786,1.5462572574615479,0.40384615384615385,0.8269230769230769,0.21428571428571427,0.8571428571428571,0.0004
769,1.6173099875450134,1.54404616355896,0.3269230769230769,0.8269230769230769,0.21428571428571427,0.8571428571428571,0.0004
770,1.539956510066986,1.5456883907318115,0.40384615384615385,0.8269230769230769,0.21428571428571427,0.8571428571428571,0.0004
771,1.582617461681366,1.4446861743927002,0.38461538461538464,0.8269230769230769,0.2857142857142857,0.8571428571428571,0.0004
772,1.5203111171722412,1.5451202392578125,0.4423076923076923,0.8269230769230769,0.21428571428571427,0.8571428571428571,0.0004
773,1.478250503540039,1.5449479818344116,0.4230769230769231,0.8269230769230769,0.21428571428571427,0.8571428571428571,0.0004
774,1.5350847840309143,1.442141056060791,0.38461538461538464,0.8269230769230769,0.2857142857142857,0.8571428571428571,0.0004
775,1.5753307342529297,1.5434236526489258,0.3269230769230769,0.8269230769230769,0.21428571428571427,0.8571428571428571,0.0004
776,1.6033201217651367,1.5442039966583252,0.3269230769230769,0.8269230769230769,0.21428571428571427,0.8571428571428571,0.0004
777,1.5597440004348755,1.542031168937683,0.40384615384615385,0.8269230769230769,0.21428571428571427,0.8571428571428571,0.0004
778,1.5916632413864136,1.5448226928710938,0.3269230769230769,0.8269230769230769,0.21428571428571427,0.8571428571428571,0.0004
779,1.5371907949447632,1.5413135290145874,0.38461538461538464,0.8269230769230769,0.21428571428571427,0.8571428571428571,0.0004
780,1.541081726551056,1.4429452419281006,0.40384615384615385,0.8269230769230769,0.2857142857142857,0.8571428571428571,0.0004
781,1.576965093612671,1.4436440467834473,0.34615384615384615,0.8269230769230769,0.2857142857142857,0.8571428571428571,0.0004
782,1.5690208077430725,1.4392828941345215,0.38461538461538464,0.8269230769230769,0.2857142857142857,0.8571428571428571,0.0004
783,1.554885447025299,1.5415489673614502,0.3076923076923077,0.8269230769230769,0.21428571428571427,0.8571428571428571,0.0004
784,1.50069659948349,1.544104814529419,0.40384615384615385,0.8269230769230769,0.21428571428571427,0.8571428571428571,0.0004
785,1.5814669132232666,1.4454708099365234,0.40384615384615385,0.8269230769230769,0.2857142857142857,0.8571428571428571,0.0004
786,1.6350546479225159,1.5440471172332764,0.3076923076923077,0.8269230769230769,0.21428571428571427,0.8571428571428571,0.0004
787,1.5049579739570618,1.5426025390625,0.38461538461538464,0.8269230769230769,0.21428571428571427,0.8571428571428571,0.0004
788,1.5081965923309326,1.5413333177566528,0.40384615384615385,0.8269230769230769,0.21428571428571427,0.8571428571428571,0.0004
789,1.5817033052444458,1.4406925439834595,0.3269230769230769,0.8269230769230769,0.2857142857142857,0.8571428571428571,0.0004
790,1.5618607997894287,1.4397904872894287,0.3269230769230769,0.8269230769230769,0.2857142857142857,0.8571428571428571,0.0004
791,1.522215187549591,1.5418075323104858,0.3269230769230769,0.8269230769230769,0.21428571428571427,0.8571428571428571,0.0004
792,1.5892199277877808,1.542113184928894,0.34615384615384615,0.8269230769230769,0.21428571428571427,0.8571428571428571,0.0004
793,1.5637890100479126,1.5432010889053345,0.36538461538461536,0.8269230769230769,0.21428571428571427,0.8571428571428571,0.0004
794,1.5471402406692505,1.5395987033843994,0.40384615384615385,0.8269230769230769,0.21428571428571427,0.8571428571428571,0.0004
795,1.5637876391410828,1.5404800176620483,0.34615384615384615,0.8269230769230769,0.21428571428571427,0.8571428571428571,0.0004
796,1.574573576450348,1.5402203798294067,0.36538461538461536,0.8269230769230769,0.21428571428571427,0.8571428571428571,0.0004
797,1.4912284016609192,1.4399334192276,0.38461538461538464,0.8269230769230769,0.2857142857142857,0.8571428571428571,0.0004
798,1.532849669456482,1.440540075302124,0.4230769230769231,0.8269230769230769,0.2857142857142857,0.8571428571428571,0.0004
799,1.4403640031814575,1.5424795150756836,0.4230769230769231,0.8269230769230769,0.21428571428571427,0.8571428571428571,0.0004
800,1.5429129600524902,1.5409975051879883,0.38461538461538464,0.8269230769230769,0.21428571428571427,0.8571428571428571,0.0004
801,1.5511720180511475,1.5423592329025269,0.3269230769230769,0.8269230769230769,0.21428571428571427,0.8571428571428571,0.0004
802,1.5401780605316162,1.4413235187530518,0.36538461538461536,0.8269230769230769,0.2857142857142857,0.8571428571428571,0.0004
803,1.5526200532913208,1.4382997751235962,0.3269230769230769,0.8269230769230769,0.2857142857142857,0.8571428571428571,0.0004
804,1.546176791191101,1.4402555227279663,0.38461538461538464,0.8269230769230769,0.2857142857142857,0.8571428571428571,0.0004
805,1.5358014106750488,1.4402563571929932,0.3076923076923077,0.8269230769230769,0.2857142857142857,0.8571428571428571,0.0004
806,1.5838082432746887,1.541036605834961,0.36538461538461536,0.8269230769230769,0.21428571428571427,0.8571428571428571,0.0004
807,1.6355631351470947,1.5382030010223389,0.28846153846153844,0.8269230769230769,0.21428571428571427,0.8571428571428571,0.0004
808,1.5765703916549683,1.536981463432312,0.3269230769230769,0.8269230769230769,0.21428571428571427,0.8571428571428571,0.0004
809,1.5364139080047607,1.5400868654251099,0.40384615384615385,0.8269230769230769,0.21428571428571427,0.8571428571428571,0.0004
810,1.547500491142273,1.5361069440841675,0.36538461538461536,0.8269230769230769,0.21428571428571427,0.8571428571428571,0.0004
811,1.5571495294570923,1.4363245964050293,0.36538461538461536,0.8269230769230769,0.2857142857142857,0.8571428571428571,0.0004
812,1.5699374675750732,1.4345078468322754,0.4230769230769231,0.8269230769230769,0.2857142857142857,0.8571428571428571,0.0004
813,1.442262053489685,1.4352582693099976,0.4807692307692308,0.8269230769230769,0.2857142857142857,0.8571428571428571,0.0004
814,1.4824774861335754,1.4389939308166504,0.46153846153846156,0.8269230769230769,0.2857142857142857,0.8571428571428571,0.0004
815,1.5411399006843567,1.4383585453033447,0.40384615384615385,0.8269230769230769,0.2857142857142857,0.8571428571428571,0.0004
816,1.5556190013885498,1.5349732637405396,0.3269230769230769,0.8269230769230769,0.21428571428571427,0.8571428571428571,0.0004
817,1.5802676677703857,1.4377539157867432,0.34615384615384615,0.8269230769230769,0.2857142857142857,0.8571428571428571,0.0004
818,1.538714051246643,1.540734887123108,0.28846153846153844,0.8269230769230769,0.21428571428571427,0.8571428571428571,0.0004
819,1.533473551273346,1.534919023513794,0.34615384615384615,0.8269230769230769,0.21428571428571427,0.8571428571428571,0.0004
820,1.546745240688324,1.4362984895706177,0.34615384615384615,0.8269230769230769,0.2857142857142857,0.8571428571428571,0.0004
821,1.5068752765655518,1.5366764068603516,0.4230769230769231,0.8269230769230769,0.21428571428571427,0.8571428571428571,0.0004
822,1.5773240327835083,1.4336177110671997,0.36538461538461536,0.8269230769230769,0.2857142857142857,0.8571428571428571,0.0004
823,1.5907560586929321,1.534435510635376,0.28846153846153844,0.8269230769230769,0.21428571428571427,0.8571428571428571,0.0004
824,1.4448754787445068,1.5397002696990967,0.38461538461538464,0.8269230769230769,0.21428571428571427,0.8571428571428571,0.0004
825,1.570207118988037,1.5340909957885742,0.34615384615384615,0.8269230769230769,0.21428571428571427,0.8571428571428571,0.0004
826,1.546861171722412,1.534424066543579,0.38461538461538464,0.8269230769230769,0.21428571428571427,0.8571428571428571,0.0004
827,1.5229610800743103,1.536217212677002,0.34615384615384615,0.8269230769230769,0.21428571428571427,0.8571428571428571,0.0004
828,1.5312185287475586,1.5350440740585327,0.4807692307692308,0.8269230769230769,0.21428571428571427,0.8571428571428571,0.0004
829,1.5341019034385681,1.5371127128601074,0.28846153846153844,0.8269230769230769,0.21428571428571427,0.8571428571428571,0.0004
830,1.5766502618789673,1.5358221530914307,0.36538461538461536,0.8269230769230769,0.21428571428571427,0.8571428571428571,0.0004
831,1.5052005648612976,1.5355274677276611,0.38461538461538464,0.8269230769230769,0.21428571428571427,0.8571428571428571,0.0004
832,1.5152007341384888,1.5374281406402588,0.46153846153846156,0.8269230769230769,0.21428571428571427,0.8571428571428571,0.0004
833,1.4724342226982117,1.437774896621704,0.5,0.8269230769230769,0.2857142857142857,0.8571428571428571,0.0004
834,1.4869726300239563,1.5387513637542725,0.5192307692307693,0.8269230769230769,0.21428571428571427,0.8571428571428571,0.0004
835,1.4807800650596619,1.5380823612213135,0.4423076923076923,0.8269230769230769,0.21428571428571427,0.8571428571428571,0.0004
836,1.556746482849121,1.436844825744629,0.40384615384615385,0.8269230769230769,0.2857142857142857,0.8571428571428571,0.0004
837,1.5662711262702942,1.4368895292282104,0.34615384615384615,0.8269230769230769,0.2857142857142857,0.8571428571428571,0.0004
838,1.5048454999923706,1.4365203380584717,0.4230769230769231,0.8269230769230769,0.2857142857142857,0.8571428571428571,0.0004
839,1.5600453615188599,1.53424870967865,0.3269230769230769,0.8269230769230769,0.21428571428571427,0.8571428571428571,0.0004
840,1.5378377437591553,1.5349080562591553,0.28846153846153844,0.8269230769230769,0.21428571428571427,0.8571428571428571,0.0004
841,1.6335135102272034,1.536429524421692,0.28846153846153844,0.8269230769230769,0.21428571428571427,0.8571428571428571,0.0004
842,1.514341413974762,1.4376435279846191,0.38461538461538464,0.8269230769230769,0.2857142857142857,0.8571428571428571,0.0004
843,1.5256677865982056,1.531580924987793,0.4230769230769231,0.8269230769230769,0.21428571428571427,0.8571428571428571,0.0004
844,1.5106847882270813,1.538417100906372,0.38461538461538464,0.8269230769230769,0.21428571428571427,0.8571428571428571,0.0004
845,1.5434921979904175,1.5399250984191895,0.36538461538461536,0.8269230769230769,0.21428571428571427,0.8571428571428571,0.0004
846,1.5423772931098938,1.5391179323196411,0.36538461538461536,0.8269230769230769,0.21428571428571427,0.8571428571428571,0.0004
847,1.5610865950584412,1.5401153564453125,0.34615384615384615,0.8269230769230769,0.21428571428571427,0.8571428571428571,0.0004
848,1.5177807807922363,1.5398330688476562,0.4230769230769231,0.8269230769230769,0.21428571428571427,0.8571428571428571,0.0004
849,1.607770323753357,1.438488245010376,0.36538461538461536,0.8269230769230769,0.2857142857142857,0.8571428571428571,0.0004
850,1.586167573928833,1.544892430305481,0.3269230769230769,0.8269230769230769,0.21428571428571427,0.8571428571428571,0.0004
851,1.585923194885254,1.5395636558532715,0.23076923076923078,0.8269230769230769,0.21428571428571427,0.8571428571428571,0.0004
852,1.4962401390075684,1.5393139123916626,0.4423076923076923,0.8269230769230769,0.21428571428571427,0.8571428571428571,0.0004
853,1.6120203733444214,1.4412696361541748,0.3076923076923077,0.8269230769230769,0.2857142857142857,0.8571428571428571,0.0004
854,1.5888714790344238,1.5377548933029175,0.36538461538461536,0.8269230769230769,0.21428571428571427,0.8571428571428571,0.0004
855,1.525539755821228,1.54215407371521,0.40384615384615385,0.8269230769230769,0.21428571428571427,0.8571428571428571,0.0004
856,1.551231861114502,1.4371341466903687,0.36538461538461536,0.8269230769230769,0.2857142857142857,0.8571428571428571,0.0004
857,1.5519211888313293,1.5385931730270386,0.38461538461538464,0.8269230769230769,0.21428571428571427,0.8571428571428571,0.0004
858,1.5185648202896118,1.5414454936981201,0.4230769230769231,0.8269230769230769,0.21428571428571427,0.8571428571428571,0.0004
859,1.6031453013420105,1.4387792348861694,0.34615384615384615,0.8269230769230769,0.2857142857142857,0.8571428571428571,0.0004
860,1.5090583562850952,1.5447217226028442,0.40384615384615385,0.8269230769230769,0.21428571428571427,0.8571428571428571,0.0004
861,1.5779446959495544,1.5441792011260986,0.3269230769230769,0.8269230769230769,0.21428571428571427,0.8571428571428571,0.0004
862,1.5666131377220154,1.54598069190979,0.40384615384615385,0.8269230769230769,0.21428571428571427,0.8571428571428571,0.0004
863,1.5101332664489746,1.5463566780090332,0.3076923076923077,0.8269230769230769,0.21428571428571427,0.8571428571428571,0.0004
864,1.5806101560592651,1.5481606721878052,0.28846153846153844,0.8269230769230769,0.21428571428571427,0.8571428571428571,0.0004
865,1.5535902976989746,1.5405676364898682,0.40384615384615385,0.8269230769230769,0.21428571428571427,0.8571428571428571,0.0004
866,1.5994727611541748,1.54591703414917,0.36538461538461536,0.8269230769230769,0.21428571428571427,0.8571428571428571,0.0004
867,1.5735753774642944,1.4400482177734375,0.36538461538461536,0.8269230769230769,0.2857142857142857,0.8571428571428571,0.0004
868,1.5307660698890686,1.44187593460083,0.34615384615384615,0.8269230769230769,0.2857142857142857,0.8571428571428571,0.0004
869,1.5068548917770386,1.439746379852295,0.36538461538461536,0.8269230769230769,0.2857142857142857,0.8571428571428571,0.0004
870,1.5653349161148071,1.5436943769454956,0.3076923076923077,0.8269230769230769,0.21428571428571427,0.8571428571428571,0.0004
871,1.5223547220230103,1.5435190200805664,0.36538461538461536,0.8269230769230769,0.21428571428571427,0.8571428571428571,0.0004
872,1.5088112354278564,1.4448671340942383,0.38461538461538464,0.8269230769230769,0.2857142857142857,0.8571428571428571,0.0004
873,1.5466011762619019,1.5455424785614014,0.3269230769230769,0.8269230769230769,0.21428571428571427,0.8571428571428571,0.0004
874,1.5318451523780823,1.4406260251998901,0.4230769230769231,0.8269230769230769,0.2857142857142857,0.8571428571428571,0.0004
875,1.574942708015442,1.4381893873214722,0.36538461538461536,0.8269230769230769,0.2857142857142857,0.8571428571428571,0.0004
876,1.5623025298118591,1.5424580574035645,0.34615384615384615,0.8269230769230769,0.21428571428571427,0.8571428571428571,0.0004
877,1.8680269718170166,1.4428033828735352,0.34615384615384615,0.8269230769230769,0.2857142857142857,0.8571428571428571,0.0004
878,1.4943327903747559,1.5469672679901123,0.38461538461538464,0.8269230769230769,0.21428571428571427,0.8571428571428571,0.0004
879,1.535697102546692,1.5432729721069336,0.4807692307692308,0.8269230769230769,0.21428571428571427,0.8571428571428571,0.0004
880,1.5380276441574097,1.4404675960540771,0.34615384615384615,0.8269230769230769,0.2857142857142857,0.8571428571428571,0.0004
881,1.535661220550537,1.5418428182601929,0.38461538461538464,0.8269230769230769,0.21428571428571427,0.8571428571428571,0.0004
882,1.5642072558403015,1.4385082721710205,0.36538461538461536,0.8269230769230769,0.2857142857142857,0.8571428571428571,0.0004
883,1.4615951776504517,1.4433356523513794,0.4230769230769231,0.8269230769230769,0.2857142857142857,0.8571428571428571,0.0004
884,1.8719977140426636,1.5436214208602905,0.34615384615384615,0.8269230769230769,0.21428571428571427,0.8571428571428571,0.0004
885,1.522727131843567,1.5470390319824219,0.4230769230769231,0.8269230769230769,0.21428571428571427,0.8571428571428571,0.0004
886,1.499567449092865,1.5478712320327759,0.38461538461538464,0.8269230769230769,0.21428571428571427,0.8571428571428571,0.0004
887,1.5337404608726501,1.549118161201477,0.40384615384615385,0.8269230769230769,0.21428571428571427,0.8571428571428571,0.0004
888,1.5733788013458252,1.5478074550628662,0.34615384615384615,0.8269230769230769,0.21428571428571427,0.8571428571428571,0.0004
889,1.5504195094108582,1.5474121570587158,0.38461538461538464,0.8269230769230769,0.21428571428571427,0.8571428571428571,0.0004
890,1.5441044569015503,1.5527734756469727,0.34615384615384615,0.8269230769230769,0.21428571428571427,0.8571428571428571,0.0004
891,1.5541991591453552,1.4560885429382324,0.38461538461538464,0.8269230769230769,0.2857142857142857,0.8571428571428571,0.0004
892,1.5293342471122742,1.5516726970672607,0.4230769230769231,0.8269230769230769,0.21428571428571427,0.8571428571428571,0.0004
893,1.556005597114563,1.5480139255523682,0.4230769230769231,0.8269230769230769,0.21428571428571427,0.8571428571428571,0.0004
894,1.4714216589927673,1.549425721168518,0.36538461538461536,0.8269230769230769,0.21428571428571427,0.8571428571428571,0.0004
895,1.5186423063278198,1.5482466220855713,0.38461538461538464,0.8269230769230769,0.21428571428571427,0.8571428571428571,0.0004
896,1.537639319896698,1.4530099630355835,0.36538461538461536,0.8269230769230769,0.2857142857142857,0.8571428571428571,0.0004
897,1.5150721669197083,1.5575437545776367,0.34615384615384615,0.8269230769230769,0.21428571428571427,0.8571428571428571,0.0004
898,1.5573920011520386,1.554842233657837,0.4423076923076923,0.8269230769230769,0.21428571428571427,0.8571428571428571,0.0004
899,1.5235286355018616,1.447036623954773,0.4230769230769231,0.8269230769230769,0.2857142857142857,0.8571428571428571,0.0004
900,1.5455503463745117,1.5593938827514648,0.38461538461538464,0.8269230769230769,0.21428571428571427,0.8571428571428571,0.0004
901,1.4845877885818481,1.5539450645446777,0.40384615384615385,0.8269230769230769,0.21428571428571427,0.8571428571428571,0.0004
902,1.5801246166229248,1.4507551193237305,0.38461538461538464,0.8269230769230769,0.2857142857142857,0.8571428571428571,0.0004
903,1.5372999906539917,1.550776720046997,0.4230769230769231,0.8269230769230769,0.21428571428571427,0.8571428571428571,0.0004
904,1.553224265575409,1.455031156539917,0.34615384615384615,0.8269230769230769,0.2857142857142857,0.8571428571428571,0.0004
905,1.5411341190338135,1.552001953125,0.40384615384615385,0.8269230769230769,0.21428571428571427,0.8571428571428571,0.0004
906,1.6098225712776184,1.448817491531372,0.40384615384615385,0.8269230769230769,0.2857142857142857,0.8571428571428571,0.0004
907,1.598483920097351,1.4511666297912598,0.4423076923076923,0.8269230769230769,0.2857142857142857,0.8571428571428571,0.0004
908,1.5395756363868713,1.4513330459594727,0.40384615384615385,0.8269230769230769,0.2857142857142857,0.8571428571428571,0.0004
909,1.5624916553497314,1.5535341501235962,0.36538461538461536,0.8269230769230769,0.21428571428571427,0.8571428571428571,0.0004
910,1.4754882454872131,1.4511888027191162,0.4230769230769231,0.8269230769230769,0.2857142857142857,0.8571428571428571,0.0004
911,1.5815827250480652,1.5507965087890625,0.36538461538461536,0.8269230769230769,0.21428571428571427,0.8571428571428571,0.0004
912,1.5516144633293152,1.5594402551651,0.40384615384615385,0.8269230769230769,0.21428571428571427,0.8571428571428571,0.0004
913,1.5244659781455994,1.4474220275878906,0.40384615384615385,0.8269230769230769,0.2857142857142857,0.8571428571428571,0.0004
914,1.5592285990715027,1.5490353107452393,0.36538461538461536,0.8269230769230769,0.21428571428571427,0.8571428571428571,0.0004
915,1.6112867593765259,1.5468008518218994,0.34615384615384615,0.8269230769230769,0.21428571428571427,0.8571428571428571,0.0004
916,1.5499685406684875,1.5446369647979736,0.40384615384615385,0.8269230769230769,0.21428571428571427,0.8571428571428571,0.0004
917,1.5325305461883545,1.5607516765594482,0.4230769230769231,0.8269230769230769,0.21428571428571427,0.8571428571428571,0.0004
918,1.5561134815216064,1.5493462085723877,0.28846153846153844,0.8269230769230769,0.21428571428571427,0.8571428571428571,0.0004
919,1.511062741279602,1.4561724662780762,0.36538461538461536,0.8269230769230769,0.2857142857142857,0.8571428571428571,0.0004
920,1.5216239094734192,1.4525001049041748,0.3076923076923077,0.8269230769230769,0.2857142857142857,0.8571428571428571,0.0004
921,1.605698585510254,1.458014726638794,0.34615384615384615,0.8269230769230769,0.2857142857142857,0.8571428571428571,0.0004
922,1.66236412525177,1.4509373903274536,0.46153846153846156,0.8269230769230769,0.2857142857142857,0.8571428571428571,0.0004
923,1.5109321475028992,1.4524401426315308,0.36538461538461536,0.8269230769230769,0.2857142857142857,0.8571428571428571,0.0004
924,1.543071687221527,1.5501947402954102,0.38461538461538464,0.8269230769230769,0.21428571428571427,0.8571428571428571,0.0004
925,1.5155947804450989,1.5505670309066772,0.34615384615384615,0.8269230769230769,0.21428571428571427,0.8571428571428571,0.0004
926,1.5112224817276,1.4579777717590332,0.4423076923076923,0.8269230769230769,0.2857142857142857,0.8571428571428571,0.0004
927,1.600119709968567,1.5551202297210693,0.38461538461538464,0.8269230769230769,0.21428571428571427,0.8571428571428571,0.0004
928,1.5149480104446411,1.5496851205825806,0.4230769230769231,0.8269230769230769,0.21428571428571427,0.8571428571428571,0.0004
929,1.6035008430480957,1.4663667678833008,0.38461538461538464,0.8269230769230769,0.2857142857142857,0.8571428571428571,0.0004
930,1.5383030772209167,1.471886157989502,0.38461538461538464,0.8269230769230769,0.2857142857142857,0.8571428571428571,0.0004
931,1.5136790871620178,1.5503716468811035,0.4230769230769231,0.8269230769230769,0.21428571428571427,0.8571428571428571,0.0004
932,1.5391417741775513,1.4627387523651123,0.4423076923076923,0.8269230769230769,0.2857142857142857,0.8571428571428571,0.0004
933,1.5475856065750122,1.4718291759490967,0.40384615384615385,0.8269230769230769,0.2857142857142857,0.8571428571428571,0.0004
934,1.5926114916801453,1.467341423034668,0.28846153846153844,0.8269230769230769,0.2857142857142857,0.8571428571428571,0.0004
935,1.5533782839775085,1.4607188701629639,0.36538461538461536,0.8269230769230769,0.2857142857142857,0.8571428571428571,0.0004
936,1.5276392698287964,1.4656949043273926,0.38461538461538464,0.8269230769230769,0.2857142857142857,0.8571428571428571,0.0004
937,1.55204439163208,1.4754632711410522,0.3076923076923077,0.8269230769230769,0.2857142857142857,0.8571428571428571,0.0004
938,1.57438325881958,1.5606400966644287,0.38461538461538464,0.8269230769230769,0.21428571428571427,0.8571428571428571,0.0004
939,1.5378238558769226,1.4675674438476562,0.46153846153846156,0.8269230769230769,0.2857142857142857,0.8571428571428571,0.0004
940,1.5110535621643066,1.525457739830017,0.3269230769230769,0.8269230769230769,0.2857142857142857,0.8571428571428571,0.0004
941,1.4828404784202576,1.460172176361084,0.40384615384615385,0.8269230769230769,0.2857142857142857,0.8571428571428571,0.0004
942,1.556022047996521,1.554444670677185,0.36538461538461536,0.8269230769230769,0.21428571428571427,0.8571428571428571,0.0004
943,1.5107031464576721,1.5472267866134644,0.38461538461538464,0.8269230769230769,0.21428571428571427,0.8571428571428571,0.0004
944,1.5320755243301392,1.4734013080596924,0.34615384615384615,0.8269230769230769,0.2857142857142857,0.8571428571428571,0.0004
945,1.5349178314208984,1.474253535270691,0.4807692307692308,0.8269230769230769,0.2857142857142857,0.8571428571428571,0.0004
946,1.5630722045898438,1.4623910188674927,0.36538461538461536,0.8269230769230769,0.2857142857142857,0.8571428571428571,0.0004
947,1.5189953446388245,1.5554358959197998,0.4230769230769231,0.8269230769230769,0.21428571428571427,0.8571428571428571,0.0004
948,1.5426815748214722,1.4629299640655518,0.4230769230769231,0.8269230769230769,0.2857142857142857,0.8571428571428571,0.0004
949,1.5007891058921814,1.4690757989883423,0.40384615384615385,0.8269230769230769,0.2857142857142857,0.8571428571428571,0.0004
950,1.5952688455581665,1.5604290962219238,0.4230769230769231,0.8269230769230769,0.21428571428571427,0.8571428571428571,0.0004
951,1.4717187881469727,1.384702205657959,0.4230769230769231,0.8269230769230769,0.35714285714285715,0.8571428571428571,0.0004
952,1.5477465987205505,1.5579423904418945,0.38461538461538464,0.8269230769230769,0.21428571428571427,0.8571428571428571,0.0004
953,1.6738902926445007,1.4114309549331665,0.3269230769230769,0.8269230769230769,0.35714285714285715,0.8571428571428571,0.0004
954,1.590470790863037,1.4750250577926636,0.38461538461538464,0.8269230769230769,0.2857142857142857,0.8571428571428571,0.0004
955,1.546794593334198,1.4843106269836426,0.38461538461538464,0.8269230769230769,0.2857142857142857,0.8571428571428571,0.0004
956,1.509556531906128,1.5694717168807983,0.4230769230769231,0.8269230769230769,0.21428571428571427,0.8571428571428571,0.0004
957,1.5862995982170105,1.5134155750274658,0.40384615384615385,0.8269230769230769,0.2857142857142857,0.8571428571428571,0.0004
958,1.550023078918457,1.5438430309295654,0.40384615384615385,0.8269230769230769,0.21428571428571427,0.8571428571428571,0.0004
959,1.5350590944290161,1.5477423667907715,0.4230769230769231,0.8269230769230769,0.21428571428571427,0.8571428571428571,0.0004
960,1.5630978345870972,1.522720217704773,0.4230769230769231,0.8269230769230769,0.2857142857142857,0.8571428571428571,0.0004
961,1.5556583404541016,1.5459010601043701,0.40384615384615385,0.8269230769230769,0.21428571428571427,0.8571428571428571,0.0004
962,1.5360051989555359,1.5405086278915405,0.38461538461538464,0.8269230769230769,0.21428571428571427,0.8571428571428571,0.0004
963,1.5602309107780457,1.5499248504638672,0.40384615384615385,0.8269230769230769,0.21428571428571427,0.8571428571428571,0.0004
964,1.510445773601532,1.4999420642852783,0.38461538461538464,0.8269230769230769,0.2857142857142857,0.8571428571428571,0.0004
965,1.5399487018585205,1.5524766445159912,0.4423076923076923,0.8269230769230769,0.21428571428571427,0.8571428571428571,0.0004
966,1.5657877922058105,1.4856657981872559,0.34615384615384615,0.8269230769230769,0.2857142857142857,0.8571428571428571,0.0004
967,1.5425112843513489,1.5503685474395752,0.36538461538461536,0.8269230769230769,0.21428571428571427,0.8571428571428571,0.0004
968,1.5075222253799438,1.573938250541687,0.4423076923076923,0.8269230769230769,0.21428571428571427,0.8571428571428571,0.0004
969,1.5622808933258057,1.516737937927246,0.40384615384615385,0.8269230769230769,0.2857142857142857,0.8571428571428571,0.0004
970,1.5302658081054688,1.4701449871063232,0.40384615384615385,0.8269230769230769,0.35714285714285715,0.8571428571428571,0.0004
971,1.5692161917686462,1.5114638805389404,0.36538461538461536,0.8269230769230769,0.2857142857142857,0.8571428571428571,0.0004
972,1.5750969648361206,1.5409955978393555,0.40384615384615385,0.8269230769230769,0.21428571428571427,0.8571428571428571,0.0004
973,1.4916735887527466,1.5101385116577148,0.4423076923076923,0.8269230769230769,0.2857142857142857,0.8571428571428571,0.0004
974,1.4981797933578491,1.5717220306396484,0.46153846153846156,0.8269230769230769,0.21428571428571427,0.8571428571428571,0.0004
975,1.5692268013954163,1.5469344854354858,0.38461538461538464,0.8269230769230769,0.21428571428571427,0.8571428571428571,0.0004
976,1.5681003332138062,1.561798095703125,0.36538461538461536,0.8269230769230769,0.21428571428571427,0.8571428571428571,0.0004
977,1.4557011127471924,1.5188767910003662,0.46153846153846156,0.8269230769230769,0.2857142857142857,0.8571428571428571,0.0004
978,1.5657978057861328,1.512778878211975,0.38461538461538464,0.8269230769230769,0.2857142857142857,0.8571428571428571,0.0004
979,1.5099137425422668,1.5102304220199585,0.4423076923076923,0.8269230769230769,0.2857142857142857,0.8571428571428571,0.0004
980,1.5466891527175903,1.4918162822723389,0.4230769230769231,0.8269230769230769,0.2857142857142857,0.8571428571428571,0.0004
981,1.5984288454055786,1.483317255973816,0.36538461538461536,0.8269230769230769,0.2857142857142857,0.8571428571428571,0.0004
982,1.465552270412445,1.458757758140564,0.46153846153846156,0.8269230769230769,0.35714285714285715,0.8571428571428571,0.0004
983,1.5597072839736938,1.4657857418060303,0.3076923076923077,0.8269230769230769,0.35714285714285715,0.8571428571428571,0.0004
984,1.4766404628753662,1.518344521522522,0.4423076923076923,0.8269230769230769,0.2857142857142857,0.8571428571428571,0.0004
985,1.52847558259964,1.4431002140045166,0.4423076923076923,0.8269230769230769,0.35714285714285715,0.8571428571428571,0.0004
986,1.534091591835022,1.542597770690918,0.36538461538461536,0.8269230769230769,0.21428571428571427,0.8571428571428571,0.0004
987,1.556143581867218,1.5664236545562744,0.4230769230769231,0.8269230769230769,0.21428571428571427,0.8571428571428571,0.0004
988,1.5856324434280396,1.5769606828689575,0.36538461538461536,0.8269230769230769,0.21428571428571427,0.8571428571428571,0.0004
989,1.5571269392967224,1.5751378536224365,0.40384615384615385,0.8269230769230769,0.21428571428571427,0.8571428571428571,0.0004
990,1.519126057624817,1.4444712400436401,0.4230769230769231,0.8269230769230769,0.35714285714285715,0.8571428571428571,0.0004
991,1.5436642169952393,1.5349805355072021,0.36538461538461536,0.8269230769230769,0.2857142857142857,0.8571428571428571,0.0004
992,1.5855916738510132,1.5461281538009644,0.36538461538461536,0.8269230769230769,0.21428571428571427,0.8571428571428571,0.0004
993,1.6493771076202393,1.4934903383255005,0.36538461538461536,0.8269230769230769,0.2857142857142857,0.8571428571428571,0.0004
994,1.5249335765838623,1.553485631942749,0.4807692307692308,0.8269230769230769,0.21428571428571427,0.8571428571428571,0.0004
995,1.4574975371360779,1.45052170753479,0.46153846153846156,0.8269230769230769,0.35714285714285715,0.8571428571428571,0.0004
996,1.5644657015800476,1.5357675552368164,0.4423076923076923,0.8269230769230769,0.2857142857142857,0.8571428571428571,0.0004
997,1.5187819004058838,1.5346038341522217,0.4423076923076923,0.8269230769230769,0.21428571428571427,0.8571428571428571,0.0004
998,1.6160960793495178,1.499781608581543,0.2692307692307692,0.8269230769230769,0.2857142857142857,0.8571428571428571,0.0004
999,1.53314870595932,1.534379005432129,0.46153846153846156,0.8269230769230769,0.21428571428571427,0.8571428571428571,0.0004
1000,1.5100392699241638,1.547436237335205,0.4230769230769231,0.8269230769230769,0.21428571428571427,0.8571428571428571,0.0004
