epoch,train_loss,val_loss,train_acc_action,train_acc_status,val_acc_action,val_acc_status,learning_rate
1,1.7577016353607178,1.733849048614502,0.3269230769230769,0.8269230769230769,0.42857142857142855,0.8571428571428571,0.0004
2,1.758636474609375,1.7288317680358887,0.23076923076923078,0.8269230769230769,0.42857142857142855,0.8571428571428571,0.0004
3,1.7512017488479614,1.7238781452178955,0.2692307692307692,0.8269230769230769,0.42857142857142855,0.8571428571428571,0.0004
4,1.750000536441803,1.719024896621704,0.3076923076923077,0.8269230769230769,0.42857142857142855,0.8571428571428571,0.0004
5,1.7417625784873962,1.714447259902954,0.38461538461538464,0.8269230769230769,0.42857142857142855,0.8571428571428571,0.0004
6,1.7459437847137451,1.7097506523132324,0.25,0.8269230769230769,0.42857142857142855,0.8571428571428571,0.0004
7,1.7341490983963013,1.7044968605041504,0.34615384615384615,0.8269230769230769,0.42857142857142855,0.8571428571428571,0.0004
8,1.7335894107818604,1.698213815689087,0.25,0.8269230769230769,0.42857142857142855,0.8571428571428571,0.0004
9,1.70582777261734,1.690384864807129,0.3269230769230769,0.8269230769230769,0.42857142857142855,0.8571428571428571,0.0004
10,1.716647744178772,1.6807291507720947,0.3076923076923077,0.8269230769230769,0.42857142857142855,0.8571428571428571,0.0004
11,1.689846694469452,1.6669621467590332,0.4423076923076923,0.8269230769230769,0.35714285714285715,0.8571428571428571,0.0004
12,1.7130285501480103,1.6456897258758545,0.3076923076923077,0.8269230769230769,0.35714285714285715,0.8571428571428571,0.0004
13,1.7025890946388245,1.604666829109192,0.2692307692307692,0.8269230769230769,0.35714285714285715,0.8571428571428571,0.0004
14,1.6813037991523743,1.5351066589355469,0.19230769230769232,0.8269230769230769,0.35714285714285715,0.8571428571428571,0.0004
15,1.627147376537323,1.5109984874725342,0.2692307692307692,0.8269230769230769,0.35714285714285715,0.8571428571428571,0.0004
16,1.6016681790351868,1.5098748207092285,0.38461538461538464,0.8269230769230769,0.35714285714285715,0.8571428571428571,0.0004
17,1.5963405966758728,1.5117892026901245,0.4230769230769231,0.8269230769230769,0.35714285714285715,0.8571428571428571,0.0004
18,1.5378057360649109,1.513838291168213,0.4230769230769231,0.8269230769230769,0.35714285714285715,0.8571428571428571,0.0004
19,1.4930643439292908,1.5147922039031982,0.36538461538461536,0.8269230769230769,0.35714285714285715,0.8571428571428571,0.0004
20,1.6075961589813232,1.5161616802215576,0.3076923076923077,0.8269230769230769,0.35714285714285715,0.8571428571428571,0.0004
21,1.633478820323944,1.518502950668335,0.3269230769230769,0.8269230769230769,0.35714285714285715,0.8571428571428571,0.0004
22,1.5373268127441406,1.5220123529434204,0.3076923076923077,0.8269230769230769,0.35714285714285715,0.8571428571428571,0.0004
23,1.62290358543396,1.526078462600708,0.23076923076923078,0.8269230769230769,0.35714285714285715,0.8571428571428571,0.0004
24,1.6296850442886353,1.5300886631011963,0.38461538461538464,0.8269230769230769,0.35714285714285715,0.8571428571428571,0.0004
25,1.6733328700065613,1.5366101264953613,0.34615384615384615,0.8269230769230769,0.35714285714285715,0.8571428571428571,0.0004
26,1.5556919574737549,1.5420409440994263,0.36538461538461536,0.8269230769230769,0.35714285714285715,0.8571428571428571,0.0004
27,1.6667299270629883,1.5463179349899292,0.2692307692307692,0.8269230769230769,0.35714285714285715,0.8571428571428571,0.0004
28,1.5645117163658142,1.5482943058013916,0.36538461538461536,0.8269230769230769,0.35714285714285715,0.8571428571428571,0.0004
29,1.5488011240959167,1.546579122543335,0.4807692307692308,0.8269230769230769,0.35714285714285715,0.8571428571428571,0.0004
30,1.628971517086029,1.543229103088379,0.36538461538461536,0.8269230769230769,0.21428571428571427,0.8571428571428571,0.0004
31,1.53098464012146,1.5394935607910156,0.4423076923076923,0.8269230769230769,0.21428571428571427,0.8571428571428571,0.0004
32,1.5420089364051819,1.535629153251648,0.38461538461538464,0.8269230769230769,0.21428571428571427,0.8571428571428571,0.0004
33,1.6125603914260864,1.5319457054138184,0.36538461538461536,0.8269230769230769,0.21428571428571427,0.8571428571428571,0.0004
34,1.5972833037376404,1.52994704246521,0.34615384615384615,0.8269230769230769,0.21428571428571427,0.8571428571428571,0.0004
35,1.6715728044509888,1.5292775630950928,0.28846153846153844,0.8269230769230769,0.21428571428571427,0.8571428571428571,0.0004
36,1.5177344679832458,1.5289281606674194,0.4423076923076923,0.8269230769230769,0.21428571428571427,0.8571428571428571,0.0004
37,1.5655362010002136,1.5289438962936401,0.38461538461538464,0.8269230769230769,0.21428571428571427,0.8571428571428571,0.0004
38,1.5940083265304565,1.5283210277557373,0.38461538461538464,0.8269230769230769,0.21428571428571427,0.8571428571428571,0.0004
39,1.6411146521568298,1.527644395828247,0.25,0.8269230769230769,0.21428571428571427,0.8571428571428571,0.0004
40,1.6425655484199524,1.5277900695800781,0.34615384615384615,0.8269230769230769,0.21428571428571427,0.8571428571428571,0.0004
41,1.5129282474517822,1.5277671813964844,0.5192307692307693,0.8269230769230769,0.21428571428571427,0.8571428571428571,0.0004
42,1.6056265830993652,1.5273170471191406,0.34615384615384615,0.8269230769230769,0.21428571428571427,0.8571428571428571,0.0004
43,1.5265052914619446,1.5272421836853027,0.46153846153846156,0.8269230769230769,0.21428571428571427,0.8571428571428571,0.0004
44,1.5638676881790161,1.5273053646087646,0.3269230769230769,0.8269230769230769,0.21428571428571427,0.8571428571428571,0.0004
45,1.5722342729568481,1.5275975465774536,0.25,0.8269230769230769,0.21428571428571427,0.8571428571428571,0.0004
46,1.5752123594284058,1.5280041694641113,0.34615384615384615,0.8269230769230769,0.21428571428571427,0.8571428571428571,0.0004
47,1.6007981300354004,1.5283533334732056,0.3269230769230769,0.8269230769230769,0.21428571428571427,0.8571428571428571,0.0004
48,1.5849317908287048,1.5293829441070557,0.23076923076923078,0.8269230769230769,0.21428571428571427,0.8571428571428571,0.0004
49,1.6424401998519897,1.529466152191162,0.3076923076923077,0.8269230769230769,0.21428571428571427,0.8571428571428571,0.0004
50,1.670897901058197,1.5307724475860596,0.3076923076923077,0.8269230769230769,0.21428571428571427,0.8571428571428571,0.0004
51,1.5694482326507568,1.5320812463760376,0.34615384615384615,0.8269230769230769,0.21428571428571427,0.8571428571428571,0.0004
52,1.5950273871421814,1.5333530902862549,0.34615384615384615,0.8269230769230769,0.21428571428571427,0.8571428571428571,0.0004
53,1.7039227485656738,1.5342612266540527,0.23076923076923078,0.8269230769230769,0.21428571428571427,0.8571428571428571,0.0004
54,1.532800316810608,1.536453366279602,0.28846153846153844,0.8269230769230769,0.21428571428571427,0.8571428571428571,0.0004
55,1.537356436252594,1.5368297100067139,0.4423076923076923,0.8269230769230769,0.21428571428571427,0.8571428571428571,0.0004
56,1.562215805053711,1.536725640296936,0.34615384615384615,0.8269230769230769,0.21428571428571427,0.8571428571428571,0.0004
57,1.5854516625404358,1.5354621410369873,0.38461538461538464,0.8269230769230769,0.21428571428571427,0.8571428571428571,0.0004
58,1.576631486415863,1.5339477062225342,0.40384615384615385,0.8269230769230769,0.21428571428571427,0.8571428571428571,0.0004
59,1.5627310872077942,1.5329355001449585,0.28846153846153844,0.8269230769230769,0.21428571428571427,0.8571428571428571,0.0004
60,1.5517921447753906,1.5314655303955078,0.36538461538461536,0.8269230769230769,0.21428571428571427,0.8571428571428571,0.0004
61,1.5716785192489624,1.5302908420562744,0.34615384615384615,0.8269230769230769,0.21428571428571427,0.8571428571428571,0.0004
62,1.5416083931922913,1.5285849571228027,0.40384615384615385,0.8269230769230769,0.21428571428571427,0.8571428571428571,0.0004
63,1.5921410918235779,1.5272436141967773,0.3269230769230769,0.8269230769230769,0.21428571428571427,0.8571428571428571,0.0004
64,1.5453049540519714,1.5264389514923096,0.2692307692307692,0.8269230769230769,0.21428571428571427,0.8571428571428571,0.0004
65,1.6152345538139343,1.5257482528686523,0.28846153846153844,0.8269230769230769,0.21428571428571427,0.8571428571428571,0.0004
66,1.5225332975387573,1.5253291130065918,0.4230769230769231,0.8269230769230769,0.21428571428571427,0.8571428571428571,0.0004
67,1.619951844215393,1.5254817008972168,0.2692307692307692,0.8269230769230769,0.21428571428571427,0.8571428571428571,0.0004
68,1.5982434153556824,1.525874137878418,0.28846153846153844,0.8269230769230769,0.21428571428571427,0.8571428571428571,0.0004
69,1.5140879154205322,1.5269362926483154,0.36538461538461536,0.8269230769230769,0.21428571428571427,0.8571428571428571,0.0004
70,1.612682044506073,1.5279626846313477,0.2692307692307692,0.8269230769230769,0.21428571428571427,0.8571428571428571,0.0004
71,1.6215454936027527,1.5288513898849487,0.21153846153846154,0.8269230769230769,0.21428571428571427,0.8571428571428571,0.0004
72,1.6208855509757996,1.5298895835876465,0.34615384615384615,0.8269230769230769,0.21428571428571427,0.8571428571428571,0.0004
73,1.5542747974395752,1.531234860420227,0.36538461538461536,0.8269230769230769,0.21428571428571427,0.8571428571428571,0.0004
74,1.6393922567367554,1.5325305461883545,0.23076923076923078,0.8269230769230769,0.21428571428571427,0.8571428571428571,0.0004
75,1.5887954235076904,1.5340423583984375,0.3076923076923077,0.8269230769230769,0.21428571428571427,0.8571428571428571,0.0004
76,1.5943182110786438,1.5354485511779785,0.38461538461538464,0.8269230769230769,0.21428571428571427,0.8571428571428571,0.0004
77,1.5514381527900696,1.5364749431610107,0.38461538461538464,0.8269230769230769,0.21428571428571427,0.8571428571428571,0.0004
78,1.530402660369873,1.537076711654663,0.40384615384615385,0.8269230769230769,0.21428571428571427,0.8571428571428571,0.0004
79,1.5438424944877625,1.5373440980911255,0.40384615384615385,0.8269230769230769,0.21428571428571427,0.8571428571428571,0.0004
80,1.586744785308838,1.537035346031189,0.34615384615384615,0.8269230769230769,0.21428571428571427,0.8571428571428571,0.0004
81,1.6657291054725647,1.5366755723953247,0.2692307692307692,0.8269230769230769,0.21428571428571427,0.8571428571428571,0.0004
82,1.5752259492874146,1.5369532108306885,0.34615384615384615,0.8269230769230769,0.21428571428571427,0.8571428571428571,0.0004
83,1.6135220527648926,1.5377343893051147,0.28846153846153844,0.8269230769230769,0.21428571428571427,0.8571428571428571,0.0004
84,1.6334430575370789,1.5383901596069336,0.3269230769230769,0.8269230769230769,0.21428571428571427,0.8571428571428571,0.0004
85,1.6218513250350952,1.5394978523254395,0.28846153846153844,0.8269230769230769,0.21428571428571427,0.8571428571428571,0.0004
86,1.6115227937698364,1.5406970977783203,0.34615384615384615,0.8269230769230769,0.21428571428571427,0.8571428571428571,0.0004
87,1.5501458048820496,1.541642427444458,0.36538461538461536,0.8269230769230769,0.21428571428571427,0.8571428571428571,0.0004
88,1.542869508266449,1.5416746139526367,0.3076923076923077,0.8269230769230769,0.21428571428571427,0.8571428571428571,0.0004
89,1.582832932472229,1.541707992553711,0.34615384615384615,0.8269230769230769,0.21428571428571427,0.8571428571428571,0.0004
90,1.6030420660972595,1.5418283939361572,0.28846153846153844,0.8269230769230769,0.21428571428571427,0.8571428571428571,0.0004
91,1.5383445024490356,1.541947841644287,0.3269230769230769,0.8269230769230769,0.21428571428571427,0.8571428571428571,0.0004
92,1.5613117218017578,1.5414944887161255,0.36538461538461536,0.8269230769230769,0.21428571428571427,0.8571428571428571,0.0004
93,1.6214860081672668,1.5414607524871826,0.2692307692307692,0.8269230769230769,0.21428571428571427,0.8571428571428571,0.0004
94,1.6074298024177551,1.5414760112762451,0.3076923076923077,0.8269230769230769,0.21428571428571427,0.8571428571428571,0.0004
95,1.5489189624786377,1.5421062707901,0.36538461538461536,0.8269230769230769,0.21428571428571427,0.8571428571428571,0.0004
96,1.61875581741333,1.542704463005066,0.21153846153846154,0.8269230769230769,0.21428571428571427,0.8571428571428571,0.0004
97,1.6063407063484192,1.5437307357788086,0.36538461538461536,0.8269230769230769,0.21428571428571427,0.8571428571428571,0.0004
98,1.6037226915359497,1.5437901020050049,0.40384615384615385,0.8269230769230769,0.21428571428571427,0.8571428571428571,0.0004
99,1.5728183388710022,1.5443031787872314,0.3076923076923077,0.8269230769230769,0.21428571428571427,0.8571428571428571,0.0004
100,1.6377562880516052,1.5445516109466553,0.34615384615384615,0.8269230769230769,0.21428571428571427,0.8571428571428571,0.0004
101,1.5820044875144958,1.5451122522354126,0.28846153846153844,0.8269230769230769,0.21428571428571427,0.8571428571428571,0.0004
102,1.5857986807823181,1.5454533100128174,0.17307692307692307,0.8269230769230769,0.21428571428571427,0.8571428571428571,0.0004
103,1.5262899994850159,1.5454425811767578,0.28846153846153844,0.8269230769230769,0.21428571428571427,0.8571428571428571,0.0004
104,1.5981881618499756,1.5448591709136963,0.34615384615384615,0.8269230769230769,0.21428571428571427,0.8571428571428571,0.0004
105,1.5815153121948242,1.5441954135894775,0.34615384615384615,0.8269230769230769,0.21428571428571427,0.8571428571428571,0.0004
106,1.5956485271453857,1.5435009002685547,0.3269230769230769,0.8269230769230769,0.21428571428571427,0.8571428571428571,0.0004
107,1.5251203775405884,1.5430150032043457,0.36538461538461536,0.8269230769230769,0.21428571428571427,0.8571428571428571,0.0004
108,1.6219232678413391,1.541982889175415,0.28846153846153844,0.8269230769230769,0.21428571428571427,0.8571428571428571,0.0004
109,1.5921391248703003,1.5415387153625488,0.19230769230769232,0.8269230769230769,0.21428571428571427,0.8571428571428571,0.0004
110,1.5696537494659424,1.540756344795227,0.34615384615384615,0.8269230769230769,0.21428571428571427,0.8571428571428571,0.0004
111,1.5438745021820068,1.539887547492981,0.3076923076923077,0.8269230769230769,0.21428571428571427,0.8571428571428571,0.0004
112,1.603467345237732,1.5391243696212769,0.21153846153846154,0.8269230769230769,0.21428571428571427,0.8571428571428571,0.0004
113,1.585585594177246,1.538223147392273,0.38461538461538464,0.8269230769230769,0.21428571428571427,0.8571428571428571,0.0004
114,1.5584568977355957,1.5376012325286865,0.34615384615384615,0.8269230769230769,0.21428571428571427,0.8571428571428571,0.0004
115,1.5427743196487427,1.5366753339767456,0.25,0.8269230769230769,0.21428571428571427,0.8571428571428571,0.0004
116,1.6043884754180908,1.5360076427459717,0.25,0.8269230769230769,0.21428571428571427,0.8571428571428571,0.0004
117,1.5664435625076294,1.5355958938598633,0.3076923076923077,0.8269230769230769,0.21428571428571427,0.8571428571428571,0.0004
118,1.6087175607681274,1.5349730253219604,0.2692307692307692,0.8269230769230769,0.21428571428571427,0.8571428571428571,0.0004
119,1.5783560276031494,1.5343390703201294,0.4423076923076923,0.8269230769230769,0.21428571428571427,0.8571428571428571,0.0004
120,1.627916932106018,1.5334677696228027,0.34615384615384615,0.8269230769230769,0.21428571428571427,0.8571428571428571,0.0004
121,1.6149905920028687,1.5334537029266357,0.28846153846153844,0.8269230769230769,0.21428571428571427,0.8571428571428571,0.0004
122,1.5653285384178162,1.5336267948150635,0.34615384615384615,0.8269230769230769,0.21428571428571427,0.8571428571428571,0.0004
123,1.5685133934020996,1.533534049987793,0.38461538461538464,0.8269230769230769,0.21428571428571427,0.8571428571428571,0.0004
124,1.623584270477295,1.533203363418579,0.28846153846153844,0.8269230769230769,0.21428571428571427,0.8571428571428571,0.0004
125,1.4942690134048462,1.532889723777771,0.40384615384615385,0.8269230769230769,0.21428571428571427,0.8571428571428571,0.0004
126,1.5637158155441284,1.532267451286316,0.4423076923076923,0.8269230769230769,0.21428571428571427,0.8571428571428571,0.0004
127,1.6108453273773193,1.531800389289856,0.34615384615384615,0.8269230769230769,0.21428571428571427,0.8571428571428571,0.0004
128,1.535187840461731,1.531538963317871,0.38461538461538464,0.8269230769230769,0.21428571428571427,0.8571428571428571,0.0004
129,1.5713275074958801,1.5308053493499756,0.3269230769230769,0.8269230769230769,0.21428571428571427,0.8571428571428571,0.0004
130,1.5668559670448303,1.5297958850860596,0.4230769230769231,0.8269230769230769,0.21428571428571427,0.8571428571428571,0.0004
131,1.5609447360038757,1.5289866924285889,0.34615384615384615,0.8269230769230769,0.21428571428571427,0.8571428571428571,0.0004
132,1.6091623306274414,1.5282458066940308,0.34615384615384615,0.8269230769230769,0.21428571428571427,0.8571428571428571,0.0004
133,1.5368672609329224,1.5277420282363892,0.4230769230769231,0.8269230769230769,0.21428571428571427,0.8571428571428571,0.0004
134,1.5543716549873352,1.527459740638733,0.34615384615384615,0.8269230769230769,0.21428571428571427,0.8571428571428571,0.0004
135,1.6000869870185852,1.527145504951477,0.4230769230769231,0.8269230769230769,0.21428571428571427,0.8571428571428571,0.0004
136,1.5388904809951782,1.5270819664001465,0.3269230769230769,0.8269230769230769,0.21428571428571427,0.8571428571428571,0.0004
137,1.568864107131958,1.5268669128417969,0.3076923076923077,0.8269230769230769,0.21428571428571427,0.8571428571428571,0.0004
138,1.5769318342208862,1.526948094367981,0.3076923076923077,0.8269230769230769,0.21428571428571427,0.8571428571428571,0.0004
139,1.627011239528656,1.5267112255096436,0.3076923076923077,0.8269230769230769,0.21428571428571427,0.8571428571428571,0.0004
140,1.5985400080680847,1.5263652801513672,0.36538461538461536,0.8269230769230769,0.21428571428571427,0.8571428571428571,0.0004
141,1.5412311553955078,1.5259736776351929,0.36538461538461536,0.8269230769230769,0.21428571428571427,0.8571428571428571,0.0004
142,1.5409552454948425,1.5262012481689453,0.3269230769230769,0.8269230769230769,0.21428571428571427,0.8571428571428571,0.0004
143,1.5800957679748535,1.526322603225708,0.25,0.8269230769230769,0.21428571428571427,0.8571428571428571,0.0004
144,1.6149571537971497,1.525855541229248,0.4423076923076923,0.8269230769230769,0.21428571428571427,0.8571428571428571,0.0004
145,1.5489811897277832,1.5265758037567139,0.38461538461538464,0.8269230769230769,0.21428571428571427,0.8571428571428571,0.0004
146,1.543471336364746,1.5267034769058228,0.3269230769230769,0.8269230769230769,0.21428571428571427,0.8571428571428571,0.0004
147,1.538585364818573,1.5266823768615723,0.38461538461538464,0.8269230769230769,0.21428571428571427,0.8571428571428571,0.0004
148,1.5307965278625488,1.5272324085235596,0.34615384615384615,0.8269230769230769,0.21428571428571427,0.8571428571428571,0.0004
149,1.5848479866981506,1.527156114578247,0.4230769230769231,0.8269230769230769,0.21428571428571427,0.8571428571428571,0.0004
150,1.6119670271873474,1.527946949005127,0.28846153846153844,0.8269230769230769,0.21428571428571427,0.8571428571428571,0.0004
151,1.6027068495750427,1.5286935567855835,0.34615384615384615,0.8269230769230769,0.21428571428571427,0.8571428571428571,0.0004
152,1.6094780564308167,1.5300196409225464,0.28846153846153844,0.8269230769230769,0.21428571428571427,0.8571428571428571,0.0004
153,1.5712173581123352,1.531016230583191,0.4230769230769231,0.8269230769230769,0.21428571428571427,0.8571428571428571,0.0004
154,1.582148551940918,1.5321788787841797,0.28846153846153844,0.8269230769230769,0.21428571428571427,0.8571428571428571,0.0004
155,1.5931949019432068,1.5332345962524414,0.40384615384615385,0.8269230769230769,0.21428571428571427,0.8571428571428571,0.0004
156,1.6571240425109863,1.5337902307510376,0.34615384615384615,0.8269230769230769,0.21428571428571427,0.8571428571428571,0.0004
157,1.5386223793029785,1.5347774028778076,0.40384615384615385,0.8269230769230769,0.21428571428571427,0.8571428571428571,0.0004
158,1.5611051321029663,1.5354059934616089,0.3076923076923077,0.8269230769230769,0.21428571428571427,0.8571428571428571,0.0004
159,1.547778606414795,1.5354580879211426,0.4230769230769231,0.8269230769230769,0.21428571428571427,0.8571428571428571,0.0004
160,1.5504022240638733,1.535330057144165,0.34615384615384615,0.8269230769230769,0.21428571428571427,0.8571428571428571,0.0004
161,1.5031222701072693,1.5355770587921143,0.28846153846153844,0.8269230769230769,0.21428571428571427,0.8571428571428571,0.0004
162,1.5674819350242615,1.5355195999145508,0.3269230769230769,0.8269230769230769,0.21428571428571427,0.8571428571428571,0.0004
163,1.5868042707443237,1.5355467796325684,0.34615384615384615,0.8269230769230769,0.21428571428571427,0.8571428571428571,0.0004
164,1.617124080657959,1.5355113744735718,0.28846153846153844,0.8269230769230769,0.21428571428571427,0.8571428571428571,0.0004
165,1.6018385291099548,1.5360032320022583,0.28846153846153844,0.8269230769230769,0.21428571428571427,0.8571428571428571,0.0004
166,1.606460154056549,1.5365923643112183,0.38461538461538464,0.8269230769230769,0.21428571428571427,0.8571428571428571,0.0004
167,1.5910649299621582,1.5370817184448242,0.28846153846153844,0.8269230769230769,0.21428571428571427,0.8571428571428571,0.0004
168,1.5481497049331665,1.5375081300735474,0.34615384615384615,0.8269230769230769,0.21428571428571427,0.8571428571428571,0.0004
169,1.5997443199157715,1.537842035293579,0.28846153846153844,0.8269230769230769,0.21428571428571427,0.8571428571428571,0.0004
170,1.5905638337135315,1.5381516218185425,0.40384615384615385,0.8269230769230769,0.21428571428571427,0.8571428571428571,0.0004
171,1.5491907000541687,1.5385849475860596,0.28846153846153844,0.8269230769230769,0.21428571428571427,0.8571428571428571,0.0004
172,1.5532958507537842,1.538590669631958,0.36538461538461536,0.8269230769230769,0.21428571428571427,0.8571428571428571,0.0004
173,1.6181126236915588,1.5388031005859375,0.28846153846153844,0.8269230769230769,0.21428571428571427,0.8571428571428571,0.0004
174,1.5916411876678467,1.538968563079834,0.2692307692307692,0.8269230769230769,0.21428571428571427,0.8571428571428571,0.0004
175,1.6295284032821655,1.5388846397399902,0.28846153846153844,0.8269230769230769,0.21428571428571427,0.8571428571428571,0.0004
176,1.6255767941474915,1.5397791862487793,0.3269230769230769,0.8269230769230769,0.21428571428571427,0.8571428571428571,0.0004
177,1.5278939008712769,1.540402889251709,0.46153846153846156,0.8269230769230769,0.21428571428571427,0.8571428571428571,0.0004
178,1.5845245718955994,1.5410666465759277,0.4230769230769231,0.8269230769230769,0.21428571428571427,0.8571428571428571,0.0004
179,1.6209354996681213,1.5419938564300537,0.3076923076923077,0.8269230769230769,0.21428571428571427,0.8571428571428571,0.0004
180,1.531590461730957,1.5427743196487427,0.4807692307692308,0.8269230769230769,0.21428571428571427,0.8571428571428571,0.0004
181,1.5369333624839783,1.5428422689437866,0.36538461538461536,0.8269230769230769,0.21428571428571427,0.8571428571428571,0.0004
182,1.543100655078888,1.542797565460205,0.4230769230769231,0.8269230769230769,0.21428571428571427,0.8571428571428571,0.0004
183,1.5960485935211182,1.5427597761154175,0.2692307692307692,0.8269230769230769,0.21428571428571427,0.8571428571428571,0.0004
184,1.54914790391922,1.542576551437378,0.36538461538461536,0.8269230769230769,0.21428571428571427,0.8571428571428571,0.0004
185,1.5891631245613098,1.5424941778182983,0.28846153846153844,0.8269230769230769,0.21428571428571427,0.8571428571428571,0.0004
186,1.5695907473564148,1.542680025100708,0.23076923076923078,0.8269230769230769,0.21428571428571427,0.8571428571428571,0.0004
187,1.58197820186615,1.5423130989074707,0.36538461538461536,0.8269230769230769,0.21428571428571427,0.8571428571428571,0.0004
188,1.5754319429397583,1.5422248840332031,0.4230769230769231,0.8269230769230769,0.21428571428571427,0.8571428571428571,0.0004
189,1.5940468907356262,1.542128562927246,0.25,0.8269230769230769,0.21428571428571427,0.8571428571428571,0.0004
190,1.5517087578773499,1.5419859886169434,0.40384615384615385,0.8269230769230769,0.21428571428571427,0.8571428571428571,0.0004
191,1.5467268824577332,1.5421833992004395,0.38461538461538464,0.8269230769230769,0.21428571428571427,0.8571428571428571,0.0004
192,1.6329923272132874,1.5416580438613892,0.3269230769230769,0.8269230769230769,0.21428571428571427,0.8571428571428571,0.0004
193,1.5262376070022583,1.541368007659912,0.5,0.8269230769230769,0.21428571428571427,0.8571428571428571,0.0004
194,1.5463336110115051,1.54100501537323,0.36538461538461536,0.8269230769230769,0.21428571428571427,0.8571428571428571,0.0004
195,1.6363048553466797,1.5406711101531982,0.3076923076923077,0.8269230769230769,0.21428571428571427,0.8571428571428571,0.0004
196,1.5353107452392578,1.5405062437057495,0.36538461538461536,0.8269230769230769,0.21428571428571427,0.8571428571428571,0.0004
197,1.5987051129341125,1.5400638580322266,0.38461538461538464,0.8269230769230769,0.21428571428571427,0.8571428571428571,0.0004
198,1.53472101688385,1.5396461486816406,0.3269230769230769,0.8269230769230769,0.21428571428571427,0.8571428571428571,0.0004
199,1.563054621219635,1.5397334098815918,0.3269230769230769,0.8269230769230769,0.21428571428571427,0.8571428571428571,0.0004
200,1.5625974535942078,1.5390727519989014,0.19230769230769232,0.8269230769230769,0.21428571428571427,0.8571428571428571,0.0004
201,1.594529926776886,1.5384329557418823,0.4230769230769231,0.8269230769230769,0.21428571428571427,0.8571428571428571,0.0004
202,1.5424664616584778,1.538184404373169,0.28846153846153844,0.8269230769230769,0.21428571428571427,0.8571428571428571,0.0004
203,1.5741482973098755,1.5373841524124146,0.34615384615384615,0.8269230769230769,0.21428571428571427,0.8571428571428571,0.0004
204,1.522531509399414,1.5370521545410156,0.36538461538461536,0.8269230769230769,0.21428571428571427,0.8571428571428571,0.0004
205,1.6106069684028625,1.53653883934021,0.34615384615384615,0.8269230769230769,0.21428571428571427,0.8571428571428571,0.0004
206,1.6008755564689636,1.5361387729644775,0.38461538461538464,0.8269230769230769,0.21428571428571427,0.8571428571428571,0.0004
207,1.576868712902069,1.5361491441726685,0.28846153846153844,0.8269230769230769,0.21428571428571427,0.8571428571428571,0.0004
208,1.5884588956832886,1.5362309217453003,0.36538461538461536,0.8269230769230769,0.21428571428571427,0.8571428571428571,0.0004
209,1.5384822487831116,1.536740779876709,0.4807692307692308,0.8269230769230769,0.21428571428571427,0.8571428571428571,0.0004
210,1.5759104490280151,1.5363829135894775,0.34615384615384615,0.8269230769230769,0.21428571428571427,0.8571428571428571,0.0004
211,1.5415324568748474,1.5365201234817505,0.36538461538461536,0.8269230769230769,0.21428571428571427,0.8571428571428571,0.0004
212,1.5835227966308594,1.5372602939605713,0.3076923076923077,0.8269230769230769,0.21428571428571427,0.8571428571428571,0.0004
213,1.5842688083648682,1.5373728275299072,0.34615384615384615,0.8269230769230769,0.21428571428571427,0.8571428571428571,0.0004
214,1.5383293628692627,1.536947250366211,0.36538461538461536,0.8269230769230769,0.21428571428571427,0.8571428571428571,0.0004
215,1.5509326457977295,1.5374292135238647,0.36538461538461536,0.8269230769230769,0.21428571428571427,0.8571428571428571,0.0004
216,1.5641981363296509,1.536653995513916,0.3076923076923077,0.8269230769230769,0.21428571428571427,0.8571428571428571,0.0004
217,1.6179941296577454,1.5364413261413574,0.36538461538461536,0.8269230769230769,0.21428571428571427,0.8571428571428571,0.0004
218,1.5465782284736633,1.5365715026855469,0.3076923076923077,0.8269230769230769,0.21428571428571427,0.8571428571428571,0.0004
219,1.5996753573417664,1.5364028215408325,0.36538461538461536,0.8269230769230769,0.21428571428571427,0.8571428571428571,0.0004
220,1.559472918510437,1.5365040302276611,0.36538461538461536,0.8269230769230769,0.21428571428571427,0.8571428571428571,0.0004
221,1.616857647895813,1.5362807512283325,0.4230769230769231,0.8269230769230769,0.21428571428571427,0.8571428571428571,0.0004
222,1.5547848343849182,1.5367605686187744,0.34615384615384615,0.8269230769230769,0.21428571428571427,0.8571428571428571,0.0004
223,1.579888105392456,1.537118673324585,0.34615384615384615,0.8269230769230769,0.21428571428571427,0.8571428571428571,0.0004
224,1.605412483215332,1.5372201204299927,0.3269230769230769,0.8269230769230769,0.21428571428571427,0.8571428571428571,0.0004
225,1.5734446048736572,1.5374054908752441,0.36538461538461536,0.8269230769230769,0.21428571428571427,0.8571428571428571,0.0004
226,1.5227317810058594,1.5375841856002808,0.38461538461538464,0.8269230769230769,0.21428571428571427,0.8571428571428571,0.0004
227,1.6084994673728943,1.5376243591308594,0.21153846153846154,0.8269230769230769,0.21428571428571427,0.8571428571428571,0.0004
228,1.574673354625702,1.537543535232544,0.40384615384615385,0.8269230769230769,0.21428571428571427,0.8571428571428571,0.0004
229,1.5115627646446228,1.5378504991531372,0.3076923076923077,0.8269230769230769,0.21428571428571427,0.8571428571428571,0.0004
230,1.5510167479515076,1.5379388332366943,0.2692307692307692,0.8269230769230769,0.21428571428571427,0.8571428571428571,0.0004
231,1.5752276182174683,1.5375592708587646,0.3076923076923077,0.8269230769230769,0.21428571428571427,0.8571428571428571,0.0004
232,1.5576546788215637,1.537082314491272,0.3269230769230769,0.8269230769230769,0.21428571428571427,0.8571428571428571,0.0004
233,1.5792515277862549,1.5362162590026855,0.34615384615384615,0.8269230769230769,0.21428571428571427,0.8571428571428571,0.0004
234,1.5741662979125977,1.535330057144165,0.38461538461538464,0.8269230769230769,0.21428571428571427,0.8571428571428571,0.0004
235,1.5920251607894897,1.5342845916748047,0.4230769230769231,0.8269230769230769,0.21428571428571427,0.8571428571428571,0.0004
236,1.5147321820259094,1.5334181785583496,0.38461538461538464,0.8269230769230769,0.21428571428571427,0.8571428571428571,0.0004
237,1.508893609046936,1.532639980316162,0.38461538461538464,0.8269230769230769,0.21428571428571427,0.8571428571428571,0.0004
238,1.5911167860031128,1.5318753719329834,0.3076923076923077,0.8269230769230769,0.21428571428571427,0.8571428571428571,0.0004
239,1.5558058023452759,1.5316154956817627,0.36538461538461536,0.8269230769230769,0.21428571428571427,0.8571428571428571,0.0004
240,1.5883928537368774,1.5310416221618652,0.2692307692307692,0.8269230769230769,0.21428571428571427,0.8571428571428571,0.0004
241,1.5818163752555847,1.5305278301239014,0.38461538461538464,0.8269230769230769,0.21428571428571427,0.8571428571428571,0.0004
242,1.5713734030723572,1.5304679870605469,0.3269230769230769,0.8269230769230769,0.21428571428571427,0.8571428571428571,0.0004
243,1.542638897895813,1.5305012464523315,0.36538461538461536,0.8269230769230769,0.21428571428571427,0.8571428571428571,0.0004
244,1.5962632298469543,1.5309741497039795,0.38461538461538464,0.8269230769230769,0.21428571428571427,0.8571428571428571,0.0004
245,1.5277754664421082,1.531358003616333,0.4230769230769231,0.8269230769230769,0.21428571428571427,0.8571428571428571,0.0004
246,1.5648771524429321,1.5322675704956055,0.34615384615384615,0.8269230769230769,0.21428571428571427,0.8571428571428571,0.0004
247,1.5677860975265503,1.5318586826324463,0.34615384615384615,0.8269230769230769,0.21428571428571427,0.8571428571428571,0.0004
248,1.588295340538025,1.5324692726135254,0.3269230769230769,0.8269230769230769,0.21428571428571427,0.8571428571428571,0.0004
249,1.5284708738327026,1.532515287399292,0.4230769230769231,0.8269230769230769,0.21428571428571427,0.8571428571428571,0.0004
250,1.602683186531067,1.5324891805648804,0.3076923076923077,0.8269230769230769,0.21428571428571427,0.8571428571428571,0.0004
251,1.564231276512146,1.532665729522705,0.3076923076923077,0.8269230769230769,0.21428571428571427,0.8571428571428571,0.0004
252,1.580426037311554,1.5326080322265625,0.2692307692307692,0.8269230769230769,0.21428571428571427,0.8571428571428571,0.0004
253,1.5531409978866577,1.532887578010559,0.40384615384615385,0.8269230769230769,0.21428571428571427,0.8571428571428571,0.0004
254,1.5562531352043152,1.5328632593154907,0.46153846153846156,0.8269230769230769,0.21428571428571427,0.8571428571428571,0.0004
255,1.6248236298561096,1.532900094985962,0.34615384615384615,0.8269230769230769,0.21428571428571427,0.8571428571428571,0.0004
256,1.5545822978019714,1.533997893333435,0.4423076923076923,0.8269230769230769,0.21428571428571427,0.8571428571428571,0.0004
257,1.5924341678619385,1.5342321395874023,0.36538461538461536,0.8269230769230769,0.21428571428571427,0.8571428571428571,0.0004
258,1.591551661491394,1.534717321395874,0.38461538461538464,0.8269230769230769,0.21428571428571427,0.8571428571428571,0.0004
259,1.579181432723999,1.535146951675415,0.4230769230769231,0.8269230769230769,0.21428571428571427,0.8571428571428571,0.0004
260,1.5996243357658386,1.5355733633041382,0.36538461538461536,0.8269230769230769,0.21428571428571427,0.8571428571428571,0.0004
261,1.547501266002655,1.5364408493041992,0.34615384615384615,0.8269230769230769,0.21428571428571427,0.8571428571428571,0.0004
262,1.5989020466804504,1.5370044708251953,0.34615384615384615,0.8269230769230769,0.21428571428571427,0.8571428571428571,0.0004
263,1.6001837253570557,1.5371110439300537,0.34615384615384615,0.8269230769230769,0.21428571428571427,0.8571428571428571,0.0004
264,1.5950206518173218,1.5370302200317383,0.3076923076923077,0.8269230769230769,0.21428571428571427,0.8571428571428571,0.0004
265,1.6183884143829346,1.5374083518981934,0.3269230769230769,0.8269230769230769,0.21428571428571427,0.8571428571428571,0.0004
266,1.5873435139656067,1.5381064414978027,0.23076923076923078,0.8269230769230769,0.21428571428571427,0.8571428571428571,0.0004
267,1.587680160999298,1.5391067266464233,0.38461538461538464,0.8269230769230769,0.21428571428571427,0.8571428571428571,0.0004
268,1.5963857173919678,1.5396621227264404,0.2692307692307692,0.8269230769230769,0.21428571428571427,0.8571428571428571,0.0004
269,1.5537458658218384,1.5399394035339355,0.46153846153846156,0.8269230769230769,0.21428571428571427,0.8571428571428571,0.0004
270,1.5191617012023926,1.5402612686157227,0.38461538461538464,0.8269230769230769,0.21428571428571427,0.8571428571428571,0.0004
271,1.6092440485954285,1.5400136709213257,0.19230769230769232,0.8269230769230769,0.21428571428571427,0.8571428571428571,0.0004
272,1.579295039176941,1.54017972946167,0.34615384615384615,0.8269230769230769,0.21428571428571427,0.8571428571428571,0.0004
273,1.5504323244094849,1.540532112121582,0.28846153846153844,0.8269230769230769,0.21428571428571427,0.8571428571428571,0.0004
274,1.5760915875434875,1.5397639274597168,0.34615384615384615,0.8269230769230769,0.21428571428571427,0.8571428571428571,0.0004
275,1.585517406463623,1.5398974418640137,0.40384615384615385,0.8269230769230769,0.21428571428571427,0.8571428571428571,0.0004
276,1.5854187607765198,1.539412260055542,0.38461538461538464,0.8269230769230769,0.21428571428571427,0.8571428571428571,0.0004
277,1.5795852541923523,1.5393085479736328,0.34615384615384615,0.8269230769230769,0.21428571428571427,0.8571428571428571,0.0004
278,1.5825240015983582,1.538877248764038,0.3269230769230769,0.8269230769230769,0.21428571428571427,0.8571428571428571,0.0004
279,1.6179581880569458,1.5388760566711426,0.38461538461538464,0.8269230769230769,0.21428571428571427,0.8571428571428571,0.0004
280,1.5906688570976257,1.5388290882110596,0.34615384615384615,0.8269230769230769,0.21428571428571427,0.8571428571428571,0.0004
281,1.5260106325149536,1.5387187004089355,0.46153846153846156,0.8269230769230769,0.21428571428571427,0.8571428571428571,0.0004
282,1.6247338652610779,1.5385037660598755,0.36538461538461536,0.8269230769230769,0.21428571428571427,0.8571428571428571,0.0004
283,1.5660487413406372,1.5388915538787842,0.34615384615384615,0.8269230769230769,0.21428571428571427,0.8571428571428571,0.0004
284,1.5591163039207458,1.539201259613037,0.34615384615384615,0.8269230769230769,0.21428571428571427,0.8571428571428571,0.0004
285,1.5565382242202759,1.5395557880401611,0.3076923076923077,0.8269230769230769,0.21428571428571427,0.8571428571428571,0.0004
286,1.5676177740097046,1.539308786392212,0.3076923076923077,0.8269230769230769,0.21428571428571427,0.8571428571428571,0.0004
287,1.545003890991211,1.5394420623779297,0.38461538461538464,0.8269230769230769,0.21428571428571427,0.8571428571428571,0.0004
288,1.5549507141113281,1.539865255355835,0.25,0.8269230769230769,0.21428571428571427,0.8571428571428571,0.0004
289,1.5535037517547607,1.5399001836776733,0.36538461538461536,0.8269230769230769,0.21428571428571427,0.8571428571428571,0.0004
290,1.5478525757789612,1.539790391921997,0.4807692307692308,0.8269230769230769,0.21428571428571427,0.8571428571428571,0.0004
291,1.6369136571884155,1.5401804447174072,0.3269230769230769,0.8269230769230769,0.21428571428571427,0.8571428571428571,0.0004
292,1.6169759631156921,1.5404311418533325,0.38461538461538464,0.8269230769230769,0.21428571428571427,0.8571428571428571,0.0004
293,1.546753466129303,1.540665626525879,0.38461538461538464,0.8269230769230769,0.21428571428571427,0.8571428571428571,0.0004
294,1.6081745028495789,1.5411076545715332,0.28846153846153844,0.8269230769230769,0.21428571428571427,0.8571428571428571,0.0004
295,1.570535123348236,1.5409373044967651,0.2692307692307692,0.8269230769230769,0.21428571428571427,0.8571428571428571,0.0004
296,1.5495573282241821,1.5414012670516968,0.4230769230769231,0.8269230769230769,0.21428571428571427,0.8571428571428571,0.0004
297,1.5889121294021606,1.5416712760925293,0.38461538461538464,0.8269230769230769,0.21428571428571427,0.8571428571428571,0.0004
298,1.5927996039390564,1.5424363613128662,0.28846153846153844,0.8269230769230769,0.21428571428571427,0.8571428571428571,0.0004
299,1.6016228795051575,1.5423097610473633,0.36538461538461536,0.8269230769230769,0.21428571428571427,0.8571428571428571,0.0004
300,1.5927238464355469,1.542948603630066,0.38461538461538464,0.8269230769230769,0.21428571428571427,0.8571428571428571,0.0004
301,1.5885321497917175,1.5433108806610107,0.34615384615384615,0.8269230769230769,0.21428571428571427,0.8571428571428571,0.0004
302,1.6248530745506287,1.5436079502105713,0.3269230769230769,0.8269230769230769,0.21428571428571427,0.8571428571428571,0.0004
303,1.5789939165115356,1.5445195436477661,0.4423076923076923,0.8269230769230769,0.21428571428571427,0.8571428571428571,0.0004
304,1.5847409963607788,1.5442744493484497,0.3076923076923077,0.8269230769230769,0.21428571428571427,0.8571428571428571,0.0004
305,1.5463895797729492,1.5430843830108643,0.38461538461538464,0.8269230769230769,0.21428571428571427,0.8571428571428571,0.0004
306,1.5449047088623047,1.5424829721450806,0.3269230769230769,0.8269230769230769,0.21428571428571427,0.8571428571428571,0.0004
307,1.5824591517448425,1.54123854637146,0.23076923076923078,0.8269230769230769,0.21428571428571427,0.8571428571428571,0.0004
308,1.581886112689972,1.539801001548767,0.3076923076923077,0.8269230769230769,0.21428571428571427,0.8571428571428571,0.0004
309,1.5637773871421814,1.5382078886032104,0.34615384615384615,0.8269230769230769,0.21428571428571427,0.8571428571428571,0.0004
310,1.5611363053321838,1.5368071794509888,0.28846153846153844,0.8269230769230769,0.21428571428571427,0.8571428571428571,0.0004
311,1.6193569898605347,1.535568356513977,0.21153846153846154,0.8269230769230769,0.21428571428571427,0.8571428571428571,0.0004
312,1.5337971448898315,1.534525990486145,0.40384615384615385,0.8269230769230769,0.21428571428571427,0.8571428571428571,0.0004
313,1.5295372605323792,1.5332534313201904,0.40384615384615385,0.8269230769230769,0.21428571428571427,0.8571428571428571,0.0004
314,1.5925246477127075,1.532832384109497,0.28846153846153844,0.8269230769230769,0.21428571428571427,0.8571428571428571,0.0004
315,1.5584944486618042,1.5319344997406006,0.40384615384615385,0.8269230769230769,0.21428571428571427,0.8571428571428571,0.0004
316,1.588257908821106,1.5312711000442505,0.2692307692307692,0.8269230769230769,0.21428571428571427,0.8571428571428571,0.0004
317,1.5619640350341797,1.5308880805969238,0.2692307692307692,0.8269230769230769,0.21428571428571427,0.8571428571428571,0.0004
318,1.6430341005325317,1.530381679534912,0.34615384615384615,0.8269230769230769,0.21428571428571427,0.8571428571428571,0.0004
319,1.5942636728286743,1.5303232669830322,0.46153846153846156,0.8269230769230769,0.21428571428571427,0.8571428571428571,0.0004
320,1.5240578651428223,1.5302294492721558,0.4423076923076923,0.8269230769230769,0.21428571428571427,0.8571428571428571,0.0004
321,1.5724961757659912,1.5300512313842773,0.34615384615384615,0.8269230769230769,0.21428571428571427,0.8571428571428571,0.0004
322,1.5714306235313416,1.5297495126724243,0.38461538461538464,0.8269230769230769,0.21428571428571427,0.8571428571428571,0.0004
323,1.6224232912063599,1.5299322605133057,0.4230769230769231,0.8269230769230769,0.21428571428571427,0.8571428571428571,0.0004
324,1.5373038053512573,1.5296857357025146,0.36538461538461536,0.8269230769230769,0.21428571428571427,0.8571428571428571,0.0004
325,1.56768798828125,1.530007004737854,0.3076923076923077,0.8269230769230769,0.21428571428571427,0.8571428571428571,0.0004
326,1.620502531528473,1.5298653841018677,0.3269230769230769,0.8269230769230769,0.21428571428571427,0.8571428571428571,0.0004
327,1.5379305481910706,1.5301306247711182,0.4230769230769231,0.8269230769230769,0.21428571428571427,0.8571428571428571,0.0004
328,1.5878398418426514,1.5304456949234009,0.3269230769230769,0.8269230769230769,0.21428571428571427,0.8571428571428571,0.0004
329,1.5996272563934326,1.5306494235992432,0.3076923076923077,0.8269230769230769,0.21428571428571427,0.8571428571428571,0.0004
330,1.5640920400619507,1.531975507736206,0.38461538461538464,0.8269230769230769,0.21428571428571427,0.8571428571428571,0.0004
331,1.548965573310852,1.5322669744491577,0.36538461538461536,0.8269230769230769,0.21428571428571427,0.8571428571428571,0.0004
332,1.594020962715149,1.5329655408859253,0.38461538461538464,0.8269230769230769,0.21428571428571427,0.8571428571428571,0.0004
333,1.5854461789131165,1.533522129058838,0.38461538461538464,0.8269230769230769,0.21428571428571427,0.8571428571428571,0.0004
334,1.555326759815216,1.5341510772705078,0.23076923076923078,0.8269230769230769,0.21428571428571427,0.8571428571428571,0.0004
335,1.54218327999115,1.5347905158996582,0.3076923076923077,0.8269230769230769,0.21428571428571427,0.8571428571428571,0.0004
336,1.6263163685798645,1.534522294998169,0.3269230769230769,0.8269230769230769,0.21428571428571427,0.8571428571428571,0.0004
337,1.6061392426490784,1.5347588062286377,0.3269230769230769,0.8269230769230769,0.21428571428571427,0.8571428571428571,0.0004
338,1.605564534664154,1.5349692106246948,0.4230769230769231,0.8269230769230769,0.21428571428571427,0.8571428571428571,0.0004
339,1.5852821469306946,1.535520315170288,0.38461538461538464,0.8269230769230769,0.21428571428571427,0.8571428571428571,0.0004
340,1.5954118967056274,1.5353951454162598,0.40384615384615385,0.8269230769230769,0.21428571428571427,0.8571428571428571,0.0004
341,1.6281468272209167,1.5355641841888428,0.36538461538461536,0.8269230769230769,0.21428571428571427,0.8571428571428571,0.0004
342,1.5590142011642456,1.5358951091766357,0.28846153846153844,0.8269230769230769,0.21428571428571427,0.8571428571428571,0.0004
343,1.5771861672401428,1.5361021757125854,0.40384615384615385,0.8269230769230769,0.21428571428571427,0.8571428571428571,0.0004
344,1.615182340145111,1.5361741781234741,0.17307692307692307,0.8269230769230769,0.21428571428571427,0.8571428571428571,0.0004
345,1.5936912894248962,1.5362508296966553,0.3269230769230769,0.8269230769230769,0.21428571428571427,0.8571428571428571,0.0004
346,1.5767504572868347,1.536344051361084,0.34615384615384615,0.8269230769230769,0.21428571428571427,0.8571428571428571,0.0004
347,1.5886892080307007,1.5360074043273926,0.28846153846153844,0.8269230769230769,0.21428571428571427,0.8571428571428571,0.0004
348,1.5618948340415955,1.5357145071029663,0.34615384615384615,0.8269230769230769,0.21428571428571427,0.8571428571428571,0.0004
349,1.6127727031707764,1.5359342098236084,0.36538461538461536,0.8269230769230769,0.21428571428571427,0.8571428571428571,0.0004
350,1.5820434093475342,1.5361559391021729,0.38461538461538464,0.8269230769230769,0.21428571428571427,0.8571428571428571,0.0004
351,1.5320454239845276,1.5361043214797974,0.46153846153846156,0.8269230769230769,0.21428571428571427,0.8571428571428571,0.0004
352,1.563120424747467,1.5357297658920288,0.40384615384615385,0.8269230769230769,0.21428571428571427,0.8571428571428571,0.0004
353,1.545076310634613,1.5358580350875854,0.36538461538461536,0.8269230769230769,0.21428571428571427,0.8571428571428571,0.0004
354,1.5765087604522705,1.5357823371887207,0.36538461538461536,0.8269230769230769,0.21428571428571427,0.8571428571428571,0.0004
355,1.5191534757614136,1.5352728366851807,0.40384615384615385,0.8269230769230769,0.21428571428571427,0.8571428571428571,0.0004
356,1.5495629906654358,1.5348048210144043,0.4423076923076923,0.8269230769230769,0.21428571428571427,0.8571428571428571,0.0004
357,1.5700525641441345,1.534711480140686,0.36538461538461536,0.8269230769230769,0.21428571428571427,0.8571428571428571,0.0004
358,1.5535152554512024,1.5348106622695923,0.3076923076923077,0.8269230769230769,0.21428571428571427,0.8571428571428571,0.0004
359,1.5212100744247437,1.5341434478759766,0.4230769230769231,0.8269230769230769,0.21428571428571427,0.8571428571428571,0.0004
360,1.5350971221923828,1.5342973470687866,0.3076923076923077,0.8269230769230769,0.21428571428571427,0.8571428571428571,0.0004
361,1.5556364059448242,1.5342178344726562,0.25,0.8269230769230769,0.21428571428571427,0.8571428571428571,0.0004
362,1.5756939053535461,1.5340415239334106,0.46153846153846156,0.8269230769230769,0.21428571428571427,0.8571428571428571,0.0004
363,1.621490716934204,1.5340248346328735,0.4423076923076923,0.8269230769230769,0.21428571428571427,0.8571428571428571,0.0004
364,1.551872432231903,1.53373122215271,0.3269230769230769,0.8269230769230769,0.21428571428571427,0.8571428571428571,0.0004
365,1.5643033981323242,1.5334300994873047,0.28846153846153844,0.8269230769230769,0.21428571428571427,0.8571428571428571,0.0004
366,1.6392613053321838,1.5323561429977417,0.23076923076923078,0.8269230769230769,0.21428571428571427,0.8571428571428571,0.0004
367,1.6373810172080994,1.5319554805755615,0.3269230769230769,0.8269230769230769,0.21428571428571427,0.8571428571428571,0.0004
368,1.5795286893844604,1.5315985679626465,0.34615384615384615,0.8269230769230769,0.21428571428571427,0.8571428571428571,0.0004
369,1.6321702599525452,1.5315208435058594,0.28846153846153844,0.8269230769230769,0.21428571428571427,0.8571428571428571,0.0004
370,1.5375476479530334,1.5320534706115723,0.46153846153846156,0.8269230769230769,0.21428571428571427,0.8571428571428571,0.0004
371,1.5212401151657104,1.5323606729507446,0.34615384615384615,0.8269230769230769,0.21428571428571427,0.8571428571428571,0.0004
372,1.5901308059692383,1.5329089164733887,0.36538461538461536,0.8269230769230769,0.21428571428571427,0.8571428571428571,0.0004
373,1.6125205755233765,1.5331859588623047,0.4423076923076923,0.8269230769230769,0.21428571428571427,0.8571428571428571,0.0004
374,1.5524917244911194,1.5340646505355835,0.28846153846153844,0.8269230769230769,0.21428571428571427,0.8571428571428571,0.0004
375,1.582561731338501,1.5341899394989014,0.3269230769230769,0.8269230769230769,0.21428571428571427,0.8571428571428571,0.0004
376,1.5831816792488098,1.5343440771102905,0.36538461538461536,0.8269230769230769,0.21428571428571427,0.8571428571428571,0.0004
377,1.5683443546295166,1.5344477891921997,0.36538461538461536,0.8269230769230769,0.21428571428571427,0.8571428571428571,0.0004
378,1.5800931453704834,1.5343375205993652,0.28846153846153844,0.8269230769230769,0.21428571428571427,0.8571428571428571,0.0004
379,1.6223478317260742,1.5340917110443115,0.25,0.8269230769230769,0.21428571428571427,0.8571428571428571,0.0004
380,1.5824297070503235,1.533717393875122,0.36538461538461536,0.8269230769230769,0.21428571428571427,0.8571428571428571,0.0004
381,1.5799877643585205,1.5335901975631714,0.38461538461538464,0.8269230769230769,0.21428571428571427,0.8571428571428571,0.0004
382,1.5533692836761475,1.5329809188842773,0.40384615384615385,0.8269230769230769,0.21428571428571427,0.8571428571428571,0.0004
383,1.578000009059906,1.532778263092041,0.34615384615384615,0.8269230769230769,0.21428571428571427,0.8571428571428571,0.0004
384,1.5896819233894348,1.5315053462982178,0.36538461538461536,0.8269230769230769,0.21428571428571427,0.8571428571428571,0.0004
385,1.5741350650787354,1.5306992530822754,0.3269230769230769,0.8269230769230769,0.21428571428571427,0.8571428571428571,0.0004
386,1.5498883724212646,1.5304818153381348,0.3269230769230769,0.8269230769230769,0.21428571428571427,0.8571428571428571,0.0004
387,1.5660196542739868,1.5298094749450684,0.3076923076923077,0.8269230769230769,0.21428571428571427,0.8571428571428571,0.0004
388,1.5349255800247192,1.5288540124893188,0.40384615384615385,0.8269230769230769,0.21428571428571427,0.8571428571428571,0.0004
389,1.5673905611038208,1.528610110282898,0.2692307692307692,0.8269230769230769,0.21428571428571427,0.8571428571428571,0.0004
390,1.5858792662620544,1.5285449028015137,0.36538461538461536,0.8269230769230769,0.21428571428571427,0.8571428571428571,0.0004
391,1.588693082332611,1.5277855396270752,0.3269230769230769,0.8269230769230769,0.21428571428571427,0.8571428571428571,0.0004
392,1.5539453625679016,1.5278096199035645,0.3269230769230769,0.8269230769230769,0.21428571428571427,0.8571428571428571,0.0004
393,1.5391090512275696,1.5279309749603271,0.3076923076923077,0.8269230769230769,0.21428571428571427,0.8571428571428571,0.0004
394,1.56916743516922,1.5278372764587402,0.36538461538461536,0.8269230769230769,0.21428571428571427,0.8571428571428571,0.0004
395,1.5670594573020935,1.5281122922897339,0.34615384615384615,0.8269230769230769,0.21428571428571427,0.8571428571428571,0.0004
396,1.5421102643013,1.528167724609375,0.4423076923076923,0.8269230769230769,0.21428571428571427,0.8571428571428571,0.0004
397,1.5416581630706787,1.5280488729476929,0.3076923076923077,0.8269230769230769,0.21428571428571427,0.8571428571428571,0.0004
398,1.5358321070671082,1.5282663106918335,0.46153846153846156,0.8269230769230769,0.21428571428571427,0.8571428571428571,0.0004
399,1.5988244414329529,1.5287243127822876,0.3269230769230769,0.8269230769230769,0.21428571428571427,0.8571428571428571,0.0004
400,1.5897780060768127,1.5288429260253906,0.1346153846153846,0.8269230769230769,0.21428571428571427,0.8571428571428571,0.0004
401,1.5280495882034302,1.52903413772583,0.4230769230769231,0.8269230769230769,0.21428571428571427,0.8571428571428571,0.0004
402,1.532542884349823,1.529170036315918,0.3076923076923077,0.8269230769230769,0.21428571428571427,0.8571428571428571,0.0004
403,1.5694348216056824,1.5288022756576538,0.36538461538461536,0.8269230769230769,0.21428571428571427,0.8571428571428571,0.0004
404,1.5335813760757446,1.5289843082427979,0.36538461538461536,0.8269230769230769,0.21428571428571427,0.8571428571428571,0.0004
405,1.536113440990448,1.52901029586792,0.40384615384615385,0.8269230769230769,0.21428571428571427,0.8571428571428571,0.0004
406,1.5487574934959412,1.5290138721466064,0.4807692307692308,0.8269230769230769,0.21428571428571427,0.8571428571428571,0.0004
407,1.5682708024978638,1.5291646718978882,0.38461538461538464,0.8269230769230769,0.21428571428571427,0.8571428571428571,0.0004
408,1.5556678771972656,1.5292221307754517,0.28846153846153844,0.8269230769230769,0.21428571428571427,0.8571428571428571,0.0004
409,1.5689814686775208,1.5290734767913818,0.34615384615384615,0.8269230769230769,0.21428571428571427,0.8571428571428571,0.0004
410,1.5800284147262573,1.5291142463684082,0.40384615384615385,0.8269230769230769,0.21428571428571427,0.8571428571428571,0.0004
411,1.575723111629486,1.5295027494430542,0.46153846153846156,0.8269230769230769,0.21428571428571427,0.8571428571428571,0.0004
412,1.5686992406845093,1.5299818515777588,0.28846153846153844,0.8269230769230769,0.21428571428571427,0.8571428571428571,0.0004
413,1.5821951627731323,1.530150294303894,0.34615384615384615,0.8269230769230769,0.21428571428571427,0.8571428571428571,0.0004
414,1.571100890636444,1.5307083129882812,0.36538461538461536,0.8269230769230769,0.21428571428571427,0.8571428571428571,0.0004
415,1.5778850317001343,1.531052827835083,0.3269230769230769,0.8269230769230769,0.21428571428571427,0.8571428571428571,0.0004
416,1.5202069878578186,1.5313340425491333,0.4423076923076923,0.8269230769230769,0.21428571428571427,0.8571428571428571,0.0004
417,1.5982560515403748,1.5318005084991455,0.36538461538461536,0.8269230769230769,0.21428571428571427,0.8571428571428571,0.0004
418,1.57587468624115,1.5321205854415894,0.19230769230769232,0.8269230769230769,0.21428571428571427,0.8571428571428571,0.0004
419,1.5907045602798462,1.5325323343276978,0.34615384615384615,0.8269230769230769,0.21428571428571427,0.8571428571428571,0.0004
420,1.5643487572669983,1.5330743789672852,0.34615384615384615,0.8269230769230769,0.21428571428571427,0.8571428571428571,0.0004
421,1.5678604245185852,1.5337188243865967,0.36538461538461536,0.8269230769230769,0.21428571428571427,0.8571428571428571,0.0004
422,1.5706495642662048,1.533684492111206,0.36538461538461536,0.8269230769230769,0.21428571428571427,0.8571428571428571,0.0004
423,1.5363845229148865,1.5341839790344238,0.36538461538461536,0.8269230769230769,0.21428571428571427,0.8571428571428571,0.0004
424,1.5580793023109436,1.534558892250061,0.34615384615384615,0.8269230769230769,0.21428571428571427,0.8571428571428571,0.0004
425,1.5777944922447205,1.5345118045806885,0.4230769230769231,0.8269230769230769,0.21428571428571427,0.8571428571428571,0.0004
426,1.5801578760147095,1.5348968505859375,0.4423076923076923,0.8269230769230769,0.21428571428571427,0.8571428571428571,0.0004
427,1.5885926485061646,1.5353444814682007,0.28846153846153844,0.8269230769230769,0.21428571428571427,0.8571428571428571,0.0004
428,1.5460059642791748,1.53546142578125,0.36538461538461536,0.8269230769230769,0.21428571428571427,0.8571428571428571,0.0004
429,1.618873953819275,1.5359455347061157,0.40384615384615385,0.8269230769230769,0.21428571428571427,0.8571428571428571,0.0004
430,1.5726740956306458,1.5364630222320557,0.4423076923076923,0.8269230769230769,0.21428571428571427,0.8571428571428571,0.0004
431,1.5555343627929688,1.5372354984283447,0.34615384615384615,0.8269230769230769,0.21428571428571427,0.8571428571428571,0.0004
432,1.5596011877059937,1.537855863571167,0.40384615384615385,0.8269230769230769,0.21428571428571427,0.8571428571428571,0.0004
433,1.5838008522987366,1.5380154848098755,0.3269230769230769,0.8269230769230769,0.21428571428571427,0.8571428571428571,0.0004
434,1.522564709186554,1.5382263660430908,0.36538461538461536,0.8269230769230769,0.21428571428571427,0.8571428571428571,0.0004
435,1.5050261616706848,1.5386295318603516,0.40384615384615385,0.8269230769230769,0.21428571428571427,0.8571428571428571,0.0004
436,1.5062254667282104,1.5386254787445068,0.38461538461538464,0.8269230769230769,0.21428571428571427,0.8571428571428571,0.0004
437,1.5497119426727295,1.5385462045669556,0.4230769230769231,0.8269230769230769,0.21428571428571427,0.8571428571428571,0.0004
438,1.6289416551589966,1.5391719341278076,0.3076923076923077,0.8269230769230769,0.21428571428571427,0.8571428571428571,0.0004
439,1.5834081172943115,1.5391318798065186,0.3076923076923077,0.8269230769230769,0.21428571428571427,0.8571428571428571,0.0004
440,1.5919991731643677,1.5395575761795044,0.40384615384615385,0.8269230769230769,0.21428571428571427,0.8571428571428571,0.0004
441,1.630028486251831,1.5395448207855225,0.3269230769230769,0.8269230769230769,0.21428571428571427,0.8571428571428571,0.0004
442,1.582064688205719,1.539249300956726,0.3269230769230769,0.8269230769230769,0.21428571428571427,0.8571428571428571,0.0004
443,1.5640760660171509,1.5390219688415527,0.3269230769230769,0.8269230769230769,0.21428571428571427,0.8571428571428571,0.0004
444,1.5931622982025146,1.539039134979248,0.34615384615384615,0.8269230769230769,0.21428571428571427,0.8571428571428571,0.0004
445,1.5914751887321472,1.5389471054077148,0.40384615384615385,0.8269230769230769,0.21428571428571427,0.8571428571428571,0.0004
446,1.5360199213027954,1.5396262407302856,0.36538461538461536,0.8269230769230769,0.21428571428571427,0.8571428571428571,0.0004
447,1.5736415386199951,1.5393967628479004,0.3076923076923077,0.8269230769230769,0.21428571428571427,0.8571428571428571,0.0004
448,1.5528300404548645,1.5387639999389648,0.36538461538461536,0.8269230769230769,0.21428571428571427,0.8571428571428571,0.0004
449,1.583083689212799,1.53947114944458,0.4230769230769231,0.8269230769230769,0.21428571428571427,0.8571428571428571,0.0004
450,1.5991702675819397,1.5395053625106812,0.34615384615384615,0.8269230769230769,0.21428571428571427,0.8571428571428571,0.0004
451,1.5606514811515808,1.539815902709961,0.28846153846153844,0.8269230769230769,0.21428571428571427,0.8571428571428571,0.0004
452,1.5962175726890564,1.5399580001831055,0.34615384615384615,0.8269230769230769,0.21428571428571427,0.8571428571428571,0.0004
453,1.531473159790039,1.5403180122375488,0.38461538461538464,0.8269230769230769,0.21428571428571427,0.8571428571428571,0.0004
454,1.5540028810501099,1.540103793144226,0.34615384615384615,0.8269230769230769,0.21428571428571427,0.8571428571428571,0.0004
455,1.5571691393852234,1.5402897596359253,0.34615384615384615,0.8269230769230769,0.21428571428571427,0.8571428571428571,0.0004
456,1.5937277674674988,1.5401400327682495,0.25,0.8269230769230769,0.21428571428571427,0.8571428571428571,0.0004
457,1.4772687554359436,1.540400743484497,0.34615384615384615,0.8269230769230769,0.21428571428571427,0.8571428571428571,0.0004
458,1.5800198316574097,1.5401055812835693,0.40384615384615385,0.8269230769230769,0.21428571428571427,0.8571428571428571,0.0004
459,1.5803791284561157,1.5400888919830322,0.3076923076923077,0.8269230769230769,0.21428571428571427,0.8571428571428571,0.0004
460,1.5464696884155273,1.5403059720993042,0.28846153846153844,0.8269230769230769,0.21428571428571427,0.8571428571428571,0.0004
461,1.5540868043899536,1.540104627609253,0.46153846153846156,0.8269230769230769,0.21428571428571427,0.8571428571428571,0.0004
462,1.5769897103309631,1.5398606061935425,0.3076923076923077,0.8269230769230769,0.21428571428571427,0.8571428571428571,0.0004
463,1.6406803727149963,1.5395004749298096,0.38461538461538464,0.8269230769230769,0.21428571428571427,0.8571428571428571,0.0004
464,1.6133775115013123,1.5399601459503174,0.3076923076923077,0.8269230769230769,0.21428571428571427,0.8571428571428571,0.0004
465,1.5431689023971558,1.5401524305343628,0.34615384615384615,0.8269230769230769,0.21428571428571427,0.8571428571428571,0.0004
466,1.5701302886009216,1.5401389598846436,0.36538461538461536,0.8269230769230769,0.21428571428571427,0.8571428571428571,0.0004
467,1.5987942814826965,1.5403257608413696,0.34615384615384615,0.8269230769230769,0.21428571428571427,0.8571428571428571,0.0004
468,1.562734603881836,1.540636658668518,0.40384615384615385,0.8269230769230769,0.21428571428571427,0.8571428571428571,0.0004
469,1.5534719228744507,1.540804147720337,0.3076923076923077,0.8269230769230769,0.21428571428571427,0.8571428571428571,0.0004
470,1.5338016748428345,1.5405436754226685,0.38461538461538464,0.8269230769230769,0.21428571428571427,0.8571428571428571,0.0004
471,1.5750595927238464,1.5402839183807373,0.4423076923076923,0.8269230769230769,0.21428571428571427,0.8571428571428571,0.0004
472,1.5864018201828003,1.5404133796691895,0.34615384615384615,0.8269230769230769,0.21428571428571427,0.8571428571428571,0.0004
473,1.556803286075592,1.54005765914917,0.38461538461538464,0.8269230769230769,0.21428571428571427,0.8571428571428571,0.0004
474,1.5840696692466736,1.5397132635116577,0.38461538461538464,0.8269230769230769,0.21428571428571427,0.8571428571428571,0.0004
475,1.5642452239990234,1.5394015312194824,0.34615384615384615,0.8269230769230769,0.21428571428571427,0.8571428571428571,0.0004
476,1.5496948957443237,1.539175033569336,0.34615384615384615,0.8269230769230769,0.21428571428571427,0.8571428571428571,0.0004
477,1.5669761300086975,1.538705825805664,0.3269230769230769,0.8269230769230769,0.21428571428571427,0.8571428571428571,0.0004
478,1.5904805064201355,1.5383472442626953,0.3076923076923077,0.8269230769230769,0.21428571428571427,0.8571428571428571,0.0004
479,1.6109092235565186,1.5381171703338623,0.38461538461538464,0.8269230769230769,0.21428571428571427,0.8571428571428571,0.0004
480,1.5708600282669067,1.5380651950836182,0.36538461538461536,0.8269230769230769,0.21428571428571427,0.8571428571428571,0.0004
481,1.5817610621452332,1.5379806756973267,0.34615384615384615,0.8269230769230769,0.21428571428571427,0.8571428571428571,0.0004
482,1.589580237865448,1.5382039546966553,0.34615384615384615,0.8269230769230769,0.21428571428571427,0.8571428571428571,0.0004
483,1.6107195019721985,1.5382075309753418,0.38461538461538464,0.8269230769230769,0.21428571428571427,0.8571428571428571,0.0004
484,1.5333303809165955,1.5386555194854736,0.34615384615384615,0.8269230769230769,0.21428571428571427,0.8571428571428571,0.0004
485,1.607841432094574,1.5385277271270752,0.4423076923076923,0.8269230769230769,0.21428571428571427,0.8571428571428571,0.0004
486,1.5604929327964783,1.5390048027038574,0.3269230769230769,0.8269230769230769,0.21428571428571427,0.8571428571428571,0.0004
487,1.5800867080688477,1.5388506650924683,0.3269230769230769,0.8269230769230769,0.21428571428571427,0.8571428571428571,0.0004
488,1.5956719517707825,1.5388987064361572,0.4423076923076923,0.8269230769230769,0.21428571428571427,0.8571428571428571,0.0004
489,1.6289640665054321,1.5393500328063965,0.38461538461538464,0.8269230769230769,0.21428571428571427,0.8571428571428571,0.0004
490,1.5660659074783325,1.5397796630859375,0.3076923076923077,0.8269230769230769,0.21428571428571427,0.8571428571428571,0.0004
491,1.5989617109298706,1.5401824712753296,0.3076923076923077,0.8269230769230769,0.21428571428571427,0.8571428571428571,0.0004
492,1.5583797097206116,1.540452480316162,0.4230769230769231,0.8269230769230769,0.21428571428571427,0.8571428571428571,0.0004
493,1.598501205444336,1.5405817031860352,0.3269230769230769,0.8269230769230769,0.21428571428571427,0.8571428571428571,0.0004
494,1.5619910955429077,1.540787696838379,0.3269230769230769,0.8269230769230769,0.21428571428571427,0.8571428571428571,0.0004
495,1.5348718762397766,1.5410749912261963,0.34615384615384615,0.8269230769230769,0.21428571428571427,0.8571428571428571,0.0004
496,1.5939190983772278,1.5410183668136597,0.3269230769230769,0.8269230769230769,0.21428571428571427,0.8571428571428571,0.0004
497,1.5372743010520935,1.5409231185913086,0.38461538461538464,0.8269230769230769,0.21428571428571427,0.8571428571428571,0.0004
498,1.5420231223106384,1.5407711267471313,0.4423076923076923,0.8269230769230769,0.21428571428571427,0.8571428571428571,0.0004
499,1.5357173681259155,1.5404390096664429,0.3269230769230769,0.8269230769230769,0.21428571428571427,0.8571428571428571,0.0004
500,1.5216160416603088,1.539936900138855,0.34615384615384615,0.8269230769230769,0.21428571428571427,0.8571428571428571,0.0004
501,1.5916091203689575,1.5397512912750244,0.3269230769230769,0.8269230769230769,0.21428571428571427,0.8571428571428571,0.0004
502,1.5781176090240479,1.5393791198730469,0.38461538461538464,0.8269230769230769,0.21428571428571427,0.8571428571428571,0.0004
503,1.5801015496253967,1.5394147634506226,0.4230769230769231,0.8269230769230769,0.21428571428571427,0.8571428571428571,0.0004
504,1.573579728603363,1.5396034717559814,0.40384615384615385,0.8269230769230769,0.21428571428571427,0.8571428571428571,0.0004
505,1.6188913583755493,1.5394067764282227,0.36538461538461536,0.8269230769230769,0.21428571428571427,0.8571428571428571,0.0004
506,1.5837019681930542,1.5390779972076416,0.3076923076923077,0.8269230769230769,0.21428571428571427,0.8571428571428571,0.0004
507,1.6030769348144531,1.5394721031188965,0.28846153846153844,0.8269230769230769,0.21428571428571427,0.8571428571428571,0.0004
508,1.5592855215072632,1.5390205383300781,0.3269230769230769,0.8269230769230769,0.21428571428571427,0.8571428571428571,0.0004
509,1.5485005974769592,1.539047122001648,0.3076923076923077,0.8269230769230769,0.21428571428571427,0.8571428571428571,0.0004
510,1.5489515662193298,1.539201259613037,0.38461538461538464,0.8269230769230769,0.21428571428571427,0.8571428571428571,0.0004
511,1.5433328747749329,1.539201021194458,0.34615384615384615,0.8269230769230769,0.21428571428571427,0.8571428571428571,0.0004
512,1.551638424396515,1.5387275218963623,0.38461538461538464,0.8269230769230769,0.21428571428571427,0.8571428571428571,0.0004
513,1.6010727882385254,1.5386513471603394,0.3269230769230769,0.8269230769230769,0.21428571428571427,0.8571428571428571,0.0004
514,1.5460201501846313,1.5385733842849731,0.40384615384615385,0.8269230769230769,0.21428571428571427,0.8571428571428571,0.0004
515,1.5643102526664734,1.53818678855896,0.34615384615384615,0.8269230769230769,0.21428571428571427,0.8571428571428571,0.0004
516,1.5341157913208008,1.537781000137329,0.3269230769230769,0.8269230769230769,0.21428571428571427,0.8571428571428571,0.0004
517,1.5452455878257751,1.5377320051193237,0.25,0.8269230769230769,0.21428571428571427,0.8571428571428571,0.0004
518,1.547049343585968,1.5369524955749512,0.40384615384615385,0.8269230769230769,0.21428571428571427,0.8571428571428571,0.0004
519,1.5630114674568176,1.5364384651184082,0.36538461538461536,0.8269230769230769,0.21428571428571427,0.8571428571428571,0.0004
520,1.5490561723709106,1.5357553958892822,0.28846153846153844,0.8269230769230769,0.21428571428571427,0.8571428571428571,0.0004
521,1.6185831427574158,1.53475821018219,0.34615384615384615,0.8269230769230769,0.21428571428571427,0.8571428571428571,0.0004
522,1.5370414853096008,1.5343043804168701,0.5384615384615384,0.8269230769230769,0.21428571428571427,0.8571428571428571,0.0004
523,1.5391892790794373,1.5337945222854614,0.36538461538461536,0.8269230769230769,0.21428571428571427,0.8571428571428571,0.0004
524,1.5761566162109375,1.5331835746765137,0.28846153846153844,0.8269230769230769,0.21428571428571427,0.8571428571428571,0.0004
525,1.574197769165039,1.533128023147583,0.3269230769230769,0.8269230769230769,0.21428571428571427,0.8571428571428571,0.0004
526,1.6416057348251343,1.5323777198791504,0.3269230769230769,0.8269230769230769,0.21428571428571427,0.8571428571428571,0.0004
527,1.5423699617385864,1.5321452617645264,0.36538461538461536,0.8269230769230769,0.21428571428571427,0.8571428571428571,0.0004
528,1.5311160683631897,1.5316462516784668,0.38461538461538464,0.8269230769230769,0.21428571428571427,0.8571428571428571,0.0004
529,1.5980446338653564,1.5312488079071045,0.36538461538461536,0.8269230769230769,0.21428571428571427,0.8571428571428571,0.0004
530,1.5980799794197083,1.5312514305114746,0.36538461538461536,0.8269230769230769,0.21428571428571427,0.8571428571428571,0.0004
531,1.5621938109397888,1.5310542583465576,0.40384615384615385,0.8269230769230769,0.21428571428571427,0.8571428571428571,0.0004
532,1.5545905828475952,1.5306854248046875,0.36538461538461536,0.8269230769230769,0.21428571428571427,0.8571428571428571,0.0004
533,1.6145498156547546,1.5303902626037598,0.38461538461538464,0.8269230769230769,0.21428571428571427,0.8571428571428571,0.0004
534,1.59617018699646,1.5303183794021606,0.34615384615384615,0.8269230769230769,0.21428571428571427,0.8571428571428571,0.0004
535,1.607392966747284,1.5308191776275635,0.2692307692307692,0.8269230769230769,0.21428571428571427,0.8571428571428571,0.0004
536,1.6078539490699768,1.5311763286590576,0.34615384615384615,0.8269230769230769,0.21428571428571427,0.8571428571428571,0.0004
537,1.5699557065963745,1.5312741994857788,0.36538461538461536,0.8269230769230769,0.21428571428571427,0.8571428571428571,0.0004
538,1.5764688849449158,1.5318681001663208,0.36538461538461536,0.8269230769230769,0.21428571428571427,0.8571428571428571,0.0004
539,1.54408460855484,1.5321720838546753,0.28846153846153844,0.8269230769230769,0.21428571428571427,0.8571428571428571,0.0004
540,1.5609655380249023,1.5323035717010498,0.28846153846153844,0.8269230769230769,0.21428571428571427,0.8571428571428571,0.0004
541,1.5534920692443848,1.532529354095459,0.36538461538461536,0.8269230769230769,0.21428571428571427,0.8571428571428571,0.0004
542,1.569783091545105,1.5324392318725586,0.36538461538461536,0.8269230769230769,0.21428571428571427,0.8571428571428571,0.0004
543,1.5421726703643799,1.5326429605484009,0.36538461538461536,0.8269230769230769,0.21428571428571427,0.8571428571428571,0.0004
544,1.5722217559814453,1.5322089195251465,0.38461538461538464,0.8269230769230769,0.21428571428571427,0.8571428571428571,0.0004
545,1.5369946360588074,1.5325298309326172,0.40384615384615385,0.8269230769230769,0.21428571428571427,0.8571428571428571,0.0004
546,1.550808846950531,1.5323214530944824,0.36538461538461536,0.8269230769230769,0.21428571428571427,0.8571428571428571,0.0004
547,1.5561144351959229,1.5319395065307617,0.36538461538461536,0.8269230769230769,0.21428571428571427,0.8571428571428571,0.0004
548,1.5490171313285828,1.5316352844238281,0.3269230769230769,0.8269230769230769,0.21428571428571427,0.8571428571428571,0.0004
549,1.5611849427223206,1.5314788818359375,0.3076923076923077,0.8269230769230769,0.21428571428571427,0.8571428571428571,0.0004
550,1.5750685930252075,1.5311694145202637,0.34615384615384615,0.8269230769230769,0.21428571428571427,0.8571428571428571,0.0004
551,1.5560773611068726,1.5309407711029053,0.3269230769230769,0.8269230769230769,0.21428571428571427,0.8571428571428571,0.0004
552,1.5393112301826477,1.5307397842407227,0.38461538461538464,0.8269230769230769,0.21428571428571427,0.8571428571428571,0.0004
553,1.5928323864936829,1.5310771465301514,0.3269230769230769,0.8269230769230769,0.21428571428571427,0.8571428571428571,0.0004
554,1.5603123307228088,1.531046986579895,0.38461538461538464,0.8269230769230769,0.21428571428571427,0.8571428571428571,0.0004
555,1.5401877760887146,1.5317022800445557,0.38461538461538464,0.8269230769230769,0.21428571428571427,0.8571428571428571,0.0004
556,1.5651829242706299,1.5320918560028076,0.4230769230769231,0.8269230769230769,0.21428571428571427,0.8571428571428571,0.0004
557,1.516615390777588,1.5320932865142822,0.38461538461538464,0.8269230769230769,0.21428571428571427,0.8571428571428571,0.0004
558,1.5611040592193604,1.5324835777282715,0.4230769230769231,0.8269230769230769,0.21428571428571427,0.8571428571428571,0.0004
559,1.4946961998939514,1.5327541828155518,0.3269230769230769,0.8269230769230769,0.21428571428571427,0.8571428571428571,0.0004
560,1.6001677513122559,1.5331363677978516,0.3269230769230769,0.8269230769230769,0.21428571428571427,0.8571428571428571,0.0004
561,1.5603851675987244,1.5329561233520508,0.34615384615384615,0.8269230769230769,0.21428571428571427,0.8571428571428571,0.0004
562,1.5673593878746033,1.533207654953003,0.36538461538461536,0.8269230769230769,0.21428571428571427,0.8571428571428571,0.0004
563,1.6128120422363281,1.5330657958984375,0.36538461538461536,0.8269230769230769,0.21428571428571427,0.8571428571428571,0.0004
564,1.5435786843299866,1.5330309867858887,0.3076923076923077,0.8269230769230769,0.21428571428571427,0.8571428571428571,0.0004
565,1.5444391965866089,1.5331528186798096,0.3269230769230769,0.8269230769230769,0.21428571428571427,0.8571428571428571,0.0004
566,1.6013051271438599,1.5333607196807861,0.3269230769230769,0.8269230769230769,0.21428571428571427,0.8571428571428571,0.0004
567,1.5527178645133972,1.533448576927185,0.34615384615384615,0.8269230769230769,0.21428571428571427,0.8571428571428571,0.0004
568,1.492801547050476,1.533646583557129,0.4230769230769231,0.8269230769230769,0.21428571428571427,0.8571428571428571,0.0004
569,1.5455949902534485,1.533747911453247,0.34615384615384615,0.8269230769230769,0.21428571428571427,0.8571428571428571,0.0004
570,1.605695903301239,1.5337849855422974,0.3076923076923077,0.8269230769230769,0.21428571428571427,0.8571428571428571,0.0004
571,1.607716977596283,1.5338449478149414,0.28846153846153844,0.8269230769230769,0.21428571428571427,0.8571428571428571,0.0004
572,1.5589359998703003,1.5341451168060303,0.34615384615384615,0.8269230769230769,0.21428571428571427,0.8571428571428571,0.0004
573,1.5658178329467773,1.534216284751892,0.28846153846153844,0.8269230769230769,0.21428571428571427,0.8571428571428571,0.0004
574,1.5475504398345947,1.534321904182434,0.3269230769230769,0.8269230769230769,0.21428571428571427,0.8571428571428571,0.0004
575,1.5938730835914612,1.534428358078003,0.36538461538461536,0.8269230769230769,0.21428571428571427,0.8571428571428571,0.0004
576,1.588582456111908,1.5345460176467896,0.36538461538461536,0.8269230769230769,0.21428571428571427,0.8571428571428571,0.0004
577,1.5593185424804688,1.5346622467041016,0.25,0.8269230769230769,0.21428571428571427,0.8571428571428571,0.0004
578,1.499600112438202,1.5344926118850708,0.36538461538461536,0.8269230769230769,0.21428571428571427,0.8571428571428571,0.0004
579,1.519205093383789,1.5340240001678467,0.5192307692307693,0.8269230769230769,0.21428571428571427,0.8571428571428571,0.0004
580,1.5938323736190796,1.5338674783706665,0.3076923076923077,0.8269230769230769,0.21428571428571427,0.8571428571428571,0.0004
581,1.5877584218978882,1.533616304397583,0.3269230769230769,0.8269230769230769,0.21428571428571427,0.8571428571428571,0.0004
582,1.5683886408805847,1.5332551002502441,0.40384615384615385,0.8269230769230769,0.21428571428571427,0.8571428571428571,0.0004
583,1.5695570707321167,1.5329489707946777,0.3269230769230769,0.8269230769230769,0.21428571428571427,0.8571428571428571,0.0004
584,1.5505030155181885,1.5324965715408325,0.36538461538461536,0.8269230769230769,0.21428571428571427,0.8571428571428571,0.0004
585,1.5531821250915527,1.5323225259780884,0.36538461538461536,0.8269230769230769,0.21428571428571427,0.8571428571428571,0.0004
586,1.5758760571479797,1.5316691398620605,0.40384615384615385,0.8269230769230769,0.21428571428571427,0.8571428571428571,0.0004
587,1.5716529488563538,1.5318201780319214,0.28846153846153844,0.8269230769230769,0.21428571428571427,0.8571428571428571,0.0004
588,1.5811686515808105,1.5316263437271118,0.3076923076923077,0.8269230769230769,0.21428571428571427,0.8571428571428571,0.0004
589,1.5362057089805603,1.5313324928283691,0.34615384615384615,0.8269230769230769,0.21428571428571427,0.8571428571428571,0.0004
590,1.56655353307724,1.530938744544983,0.40384615384615385,0.8269230769230769,0.21428571428571427,0.8571428571428571,0.0004
591,1.5691490769386292,1.5310616493225098,0.36538461538461536,0.8269230769230769,0.21428571428571427,0.8571428571428571,0.0004
592,1.5798203349113464,1.5308886766433716,0.34615384615384615,0.8269230769230769,0.21428571428571427,0.8571428571428571,0.0004
593,1.556301236152649,1.530916690826416,0.3076923076923077,0.8269230769230769,0.21428571428571427,0.8571428571428571,0.0004
594,1.6151143908500671,1.5308237075805664,0.3269230769230769,0.8269230769230769,0.21428571428571427,0.8571428571428571,0.0004
595,1.5937653183937073,1.530932068824768,0.28846153846153844,0.8269230769230769,0.21428571428571427,0.8571428571428571,0.0004
596,1.5499925017356873,1.5313115119934082,0.40384615384615385,0.8269230769230769,0.21428571428571427,0.8571428571428571,0.0004
597,1.5680915713310242,1.5313776731491089,0.3076923076923077,0.8269230769230769,0.21428571428571427,0.8571428571428571,0.0004
598,1.6307847499847412,1.5315821170806885,0.34615384615384615,0.8269230769230769,0.21428571428571427,0.8571428571428571,0.0004
599,1.5548892617225647,1.5321186780929565,0.40384615384615385,0.8269230769230769,0.21428571428571427,0.8571428571428571,0.0004
600,1.6135691404342651,1.5328892469406128,0.36538461538461536,0.8269230769230769,0.21428571428571427,0.8571428571428571,0.0004
601,1.5872880816459656,1.5331933498382568,0.34615384615384615,0.8269230769230769,0.21428571428571427,0.8571428571428571,0.0004
602,1.5714696645736694,1.5340697765350342,0.25,0.8269230769230769,0.21428571428571427,0.8571428571428571,0.0004
603,1.5338255167007446,1.5344038009643555,0.36538461538461536,0.8269230769230769,0.21428571428571427,0.8571428571428571,0.0004
604,1.595977246761322,1.534935474395752,0.3076923076923077,0.8269230769230769,0.21428571428571427,0.8571428571428571,0.0004
605,1.5506028532981873,1.5350918769836426,0.46153846153846156,0.8269230769230769,0.21428571428571427,0.8571428571428571,0.0004
606,1.5408034324645996,1.535523533821106,0.4423076923076923,0.8269230769230769,0.21428571428571427,0.8571428571428571,0.0004
607,1.5452463626861572,1.5357692241668701,0.38461538461538464,0.8269230769230769,0.21428571428571427,0.8571428571428571,0.0004
608,1.5728625059127808,1.5354523658752441,0.5,0.8269230769230769,0.21428571428571427,0.8571428571428571,0.0004
609,1.552470862865448,1.5355591773986816,0.34615384615384615,0.8269230769230769,0.21428571428571427,0.8571428571428571,0.0004
610,1.529479205608368,1.5354427099227905,0.4230769230769231,0.8269230769230769,0.21428571428571427,0.8571428571428571,0.0004
611,1.5948156118392944,1.5353024005889893,0.40384615384615385,0.8269230769230769,0.21428571428571427,0.8571428571428571,0.0004
612,1.5965288877487183,1.5357294082641602,0.38461538461538464,0.8269230769230769,0.21428571428571427,0.8571428571428571,0.0004
613,1.5877727270126343,1.5353617668151855,0.34615384615384615,0.8269230769230769,0.21428571428571427,0.8571428571428571,0.0004
614,1.5570505857467651,1.5355987548828125,0.38461538461538464,0.8269230769230769,0.21428571428571427,0.8571428571428571,0.0004
615,1.5396264791488647,1.5355312824249268,0.36538461538461536,0.8269230769230769,0.21428571428571427,0.8571428571428571,0.0004
616,1.5441617369651794,1.5356922149658203,0.36538461538461536,0.8269230769230769,0.21428571428571427,0.8571428571428571,0.0004
617,1.5864115357398987,1.5355982780456543,0.34615384615384615,0.8269230769230769,0.21428571428571427,0.8571428571428571,0.0004
618,1.5635026693344116,1.5353446006774902,0.36538461538461536,0.8269230769230769,0.21428571428571427,0.8571428571428571,0.0004
619,1.6048269867897034,1.5358542203903198,0.40384615384615385,0.8269230769230769,0.21428571428571427,0.8571428571428571,0.0004
620,1.5806068181991577,1.5359152555465698,0.34615384615384615,0.8269230769230769,0.21428571428571427,0.8571428571428571,0.0004
621,1.6143787503242493,1.5358498096466064,0.38461538461538464,0.8269230769230769,0.21428571428571427,0.8571428571428571,0.0004
622,1.5936632752418518,1.5360928773880005,0.3076923076923077,0.8269230769230769,0.21428571428571427,0.8571428571428571,0.0004
623,1.5962991118431091,1.536421537399292,0.34615384615384615,0.8269230769230769,0.21428571428571427,0.8571428571428571,0.0004
624,1.553018569946289,1.536569356918335,0.38461538461538464,0.8269230769230769,0.21428571428571427,0.8571428571428571,0.0004
625,1.5732516050338745,1.5370471477508545,0.2692307692307692,0.8269230769230769,0.21428571428571427,0.8571428571428571,0.0004
626,1.5682876110076904,1.5374375581741333,0.3269230769230769,0.8269230769230769,0.21428571428571427,0.8571428571428571,0.0004
627,1.5707314014434814,1.537153720855713,0.34615384615384615,0.8269230769230769,0.21428571428571427,0.8571428571428571,0.0004
628,1.528217613697052,1.537121057510376,0.40384615384615385,0.8269230769230769,0.21428571428571427,0.8571428571428571,0.0004
629,1.6039115190505981,1.5370445251464844,0.36538461538461536,0.8269230769230769,0.21428571428571427,0.8571428571428571,0.0004
630,1.5956889390945435,1.5369930267333984,0.38461538461538464,0.8269230769230769,0.21428571428571427,0.8571428571428571,0.0004
631,1.5669606924057007,1.537308692932129,0.5,0.8269230769230769,0.21428571428571427,0.8571428571428571,0.0004
632,1.5702338218688965,1.5373592376708984,0.40384615384615385,0.8269230769230769,0.21428571428571427,0.8571428571428571,0.0004
633,1.564205825328827,1.5374594926834106,0.4230769230769231,0.8269230769230769,0.21428571428571427,0.8571428571428571,0.0004
634,1.6059715747833252,1.5379180908203125,0.3076923076923077,0.8269230769230769,0.21428571428571427,0.8571428571428571,0.0004
635,1.6321123838424683,1.5382397174835205,0.34615384615384615,0.8269230769230769,0.21428571428571427,0.8571428571428571,0.0004
636,1.6168254613876343,1.5387635231018066,0.3269230769230769,0.8269230769230769,0.21428571428571427,0.8571428571428571,0.0004
637,1.5779165029525757,1.5395572185516357,0.38461538461538464,0.8269230769230769,0.21428571428571427,0.8571428571428571,0.0004
638,1.6015574932098389,1.540313482284546,0.40384615384615385,0.8269230769230769,0.21428571428571427,0.8571428571428571,0.0004
639,1.6009343266487122,1.5409687757492065,0.36538461538461536,0.8269230769230769,0.21428571428571427,0.8571428571428571,0.0004
640,1.5640613436698914,1.541850209236145,0.3076923076923077,0.8269230769230769,0.21428571428571427,0.8571428571428571,0.0004
641,1.5304828882217407,1.5425026416778564,0.36538461538461536,0.8269230769230769,0.21428571428571427,0.8571428571428571,0.0004
642,1.5681248903274536,1.5424761772155762,0.3269230769230769,0.8269230769230769,0.21428571428571427,0.8571428571428571,0.0004
643,1.5683262348175049,1.5425227880477905,0.3076923076923077,0.8269230769230769,0.21428571428571427,0.8571428571428571,0.0004
644,1.5665823817253113,1.5423181056976318,0.36538461538461536,0.8269230769230769,0.21428571428571427,0.8571428571428571,0.0004
645,1.553389847278595,1.5419607162475586,0.3269230769230769,0.8269230769230769,0.21428571428571427,0.8571428571428571,0.0004
646,1.6307086944580078,1.5416381359100342,0.34615384615384615,0.8269230769230769,0.21428571428571427,0.8571428571428571,0.0004
647,1.5469027757644653,1.5415362119674683,0.3269230769230769,0.8269230769230769,0.21428571428571427,0.8571428571428571,0.0004
648,1.5556517243385315,1.5410716533660889,0.40384615384615385,0.8269230769230769,0.21428571428571427,0.8571428571428571,0.0004
649,1.591730535030365,1.5410411357879639,0.34615384615384615,0.8269230769230769,0.21428571428571427,0.8571428571428571,0.0004
650,1.5866782665252686,1.5409350395202637,0.40384615384615385,0.8269230769230769,0.21428571428571427,0.8571428571428571,0.0004
651,1.5288127064704895,1.540693998336792,0.34615384615384615,0.8269230769230769,0.21428571428571427,0.8571428571428571,0.0004
652,1.58855402469635,1.5404225587844849,0.36538461538461536,0.8269230769230769,0.21428571428571427,0.8571428571428571,0.0004
653,1.5496373772621155,1.539924144744873,0.46153846153846156,0.8269230769230769,0.21428571428571427,0.8571428571428571,0.0004
654,1.6053873896598816,1.5397508144378662,0.38461538461538464,0.8269230769230769,0.21428571428571427,0.8571428571428571,0.0004
655,1.5223729014396667,1.5398595333099365,0.28846153846153844,0.8269230769230769,0.21428571428571427,0.8571428571428571,0.0004
656,1.5865941643714905,1.5397430658340454,0.34615384615384615,0.8269230769230769,0.21428571428571427,0.8571428571428571,0.0004
657,1.520259141921997,1.5393539667129517,0.3076923076923077,0.8269230769230769,0.21428571428571427,0.8571428571428571,0.0004
658,1.5692365765571594,1.539238452911377,0.3269230769230769,0.8269230769230769,0.21428571428571427,0.8571428571428571,0.0004
659,1.5602223873138428,1.539231538772583,0.40384615384615385,0.8269230769230769,0.21428571428571427,0.8571428571428571,0.0004
660,1.5532743334770203,1.5390625,0.28846153846153844,0.8269230769230769,0.21428571428571427,0.8571428571428571,0.0004
661,1.6098575592041016,1.5396134853363037,0.38461538461538464,0.8269230769230769,0.21428571428571427,0.8571428571428571,0.0004
662,1.6019309759140015,1.538865089416504,0.3269230769230769,0.8269230769230769,0.21428571428571427,0.8571428571428571,0.0004
663,1.6339278817176819,1.5387195348739624,0.36538461538461536,0.8269230769230769,0.21428571428571427,0.8571428571428571,0.0004
664,1.5338008403778076,1.5384715795516968,0.36538461538461536,0.8269230769230769,0.21428571428571427,0.8571428571428571,0.0004
665,1.609094500541687,1.5384129285812378,0.36538461538461536,0.8269230769230769,0.21428571428571427,0.8571428571428571,0.0004
666,1.5401803851127625,1.5385750532150269,0.34615384615384615,0.8269230769230769,0.21428571428571427,0.8571428571428571,0.0004
667,1.5381892919540405,1.538428544998169,0.3269230769230769,0.8269230769230769,0.21428571428571427,0.8571428571428571,0.0004
668,1.5971933603286743,1.5384531021118164,0.3269230769230769,0.8269230769230769,0.21428571428571427,0.8571428571428571,0.0004
669,1.531908392906189,1.5382968187332153,0.4230769230769231,0.8269230769230769,0.21428571428571427,0.8571428571428571,0.0004
670,1.5406051874160767,1.5382702350616455,0.36538461538461536,0.8269230769230769,0.21428571428571427,0.8571428571428571,0.0004
671,1.5763684511184692,1.5378761291503906,0.36538461538461536,0.8269230769230769,0.21428571428571427,0.8571428571428571,0.0004
672,1.5330103635787964,1.5379520654678345,0.40384615384615385,0.8269230769230769,0.21428571428571427,0.8571428571428571,0.0004
673,1.5644768476486206,1.5374412536621094,0.38461538461538464,0.8269230769230769,0.21428571428571427,0.8571428571428571,0.0004
674,1.6222525238990784,1.537306308746338,0.3076923076923077,0.8269230769230769,0.21428571428571427,0.8571428571428571,0.0004
675,1.54138845205307,1.537062168121338,0.38461538461538464,0.8269230769230769,0.21428571428571427,0.8571428571428571,0.0004
676,1.5643165707588196,1.5369501113891602,0.40384615384615385,0.8269230769230769,0.21428571428571427,0.8571428571428571,0.0004
677,1.5811938643455505,1.5367743968963623,0.3269230769230769,0.8269230769230769,0.21428571428571427,0.8571428571428571,0.0004
678,1.6282324194908142,1.536816954612732,0.3076923076923077,0.8269230769230769,0.21428571428571427,0.8571428571428571,0.0004
679,1.5622303485870361,1.5367438793182373,0.36538461538461536,0.8269230769230769,0.21428571428571427,0.8571428571428571,0.0004
680,1.579116702079773,1.5368938446044922,0.3076923076923077,0.8269230769230769,0.21428571428571427,0.8571428571428571,0.0004
681,1.5484091639518738,1.536623239517212,0.36538461538461536,0.8269230769230769,0.21428571428571427,0.8571428571428571,0.0004
682,1.5641382932662964,1.5364210605621338,0.34615384615384615,0.8269230769230769,0.21428571428571427,0.8571428571428571,0.0004
683,1.5406414866447449,1.5364601612091064,0.38461538461538464,0.8269230769230769,0.21428571428571427,0.8571428571428571,0.0004
684,1.5311501622200012,1.5361809730529785,0.40384615384615385,0.8269230769230769,0.21428571428571427,0.8571428571428571,0.0004
685,1.5970847606658936,1.5357954502105713,0.28846153846153844,0.8269230769230769,0.21428571428571427,0.8571428571428571,0.0004
686,1.5401967763900757,1.5353002548217773,0.36538461538461536,0.8269230769230769,0.21428571428571427,0.8571428571428571,0.0004
687,1.5792867541313171,1.5351918935775757,0.34615384615384615,0.8269230769230769,0.21428571428571427,0.8571428571428571,0.0004
688,1.5540862083435059,1.5346620082855225,0.3076923076923077,0.8269230769230769,0.21428571428571427,0.8571428571428571,0.0004
689,1.5252695083618164,1.5345230102539062,0.36538461538461536,0.8269230769230769,0.21428571428571427,0.8571428571428571,0.0004
690,1.576124131679535,1.5346523523330688,0.34615384615384615,0.8269230769230769,0.21428571428571427,0.8571428571428571,0.0004
691,1.5702320337295532,1.5341238975524902,0.38461538461538464,0.8269230769230769,0.21428571428571427,0.8571428571428571,0.0004
692,1.5293328166007996,1.5341885089874268,0.34615384615384615,0.8269230769230769,0.21428571428571427,0.8571428571428571,0.0004
693,1.5541511178016663,1.5343154668807983,0.40384615384615385,0.8269230769230769,0.21428571428571427,0.8571428571428571,0.0004
694,1.5979101061820984,1.5343843698501587,0.40384615384615385,0.8269230769230769,0.21428571428571427,0.8571428571428571,0.0004
695,1.6257447004318237,1.5346105098724365,0.34615384615384615,0.8269230769230769,0.21428571428571427,0.8571428571428571,0.0004
696,1.5811282396316528,1.534541130065918,0.40384615384615385,0.8269230769230769,0.21428571428571427,0.8571428571428571,0.0004
697,1.5912817120552063,1.5350663661956787,0.3076923076923077,0.8269230769230769,0.21428571428571427,0.8571428571428571,0.0004
698,1.5664538145065308,1.5351057052612305,0.3269230769230769,0.8269230769230769,0.21428571428571427,0.8571428571428571,0.0004
699,1.6248224973678589,1.5353813171386719,0.40384615384615385,0.8269230769230769,0.21428571428571427,0.8571428571428571,0.0004
700,1.5519664883613586,1.535434365272522,0.34615384615384615,0.8269230769230769,0.21428571428571427,0.8571428571428571,0.0004
701,1.586072325706482,1.5354700088500977,0.36538461538461536,0.8269230769230769,0.21428571428571427,0.8571428571428571,0.0004
702,1.4985445737838745,1.5354502201080322,0.40384615384615385,0.8269230769230769,0.21428571428571427,0.8571428571428571,0.0004
703,1.559184491634369,1.5354647636413574,0.36538461538461536,0.8269230769230769,0.21428571428571427,0.8571428571428571,0.0004
704,1.5644100308418274,1.5358062982559204,0.34615384615384615,0.8269230769230769,0.21428571428571427,0.8571428571428571,0.0004
705,1.539633333683014,1.534923791885376,0.4230769230769231,0.8269230769230769,0.21428571428571427,0.8571428571428571,0.0004
706,1.5931110978126526,1.5348596572875977,0.3269230769230769,0.8269230769230769,0.21428571428571427,0.8571428571428571,0.0004
707,1.5478616952896118,1.5344569683074951,0.4230769230769231,0.8269230769230769,0.21428571428571427,0.8571428571428571,0.0004
708,1.556931972503662,1.5340253114700317,0.34615384615384615,0.8269230769230769,0.21428571428571427,0.8571428571428571,0.0004
709,1.6054602265357971,1.5338917970657349,0.34615384615384615,0.8269230769230769,0.21428571428571427,0.8571428571428571,0.0004
710,1.591273307800293,1.5337653160095215,0.4423076923076923,0.8269230769230769,0.21428571428571427,0.8571428571428571,0.0004
711,1.5867984294891357,1.5338267087936401,0.34615384615384615,0.8269230769230769,0.21428571428571427,0.8571428571428571,0.0004
712,1.5881748795509338,1.5338859558105469,0.3269230769230769,0.8269230769230769,0.21428571428571427,0.8571428571428571,0.0004
713,1.5318877696990967,1.5334675312042236,0.40384615384615385,0.8269230769230769,0.21428571428571427,0.8571428571428571,0.0004
714,1.5542238354682922,1.533823847770691,0.40384615384615385,0.8269230769230769,0.21428571428571427,0.8571428571428571,0.0004
715,1.5295031666755676,1.5340113639831543,0.40384615384615385,0.8269230769230769,0.21428571428571427,0.8571428571428571,0.0004
716,1.5977799892425537,1.5338222980499268,0.34615384615384615,0.8269230769230769,0.21428571428571427,0.8571428571428571,0.0004
717,1.570521354675293,1.5332977771759033,0.4423076923076923,0.8269230769230769,0.21428571428571427,0.8571428571428571,0.0004
718,1.5572576522827148,1.5339703559875488,0.36538461538461536,0.8269230769230769,0.21428571428571427,0.8571428571428571,0.0004
719,1.5864129066467285,1.534043312072754,0.38461538461538464,0.8269230769230769,0.21428571428571427,0.8571428571428571,0.0004
720,1.6290724873542786,1.5344290733337402,0.3269230769230769,0.8269230769230769,0.21428571428571427,0.8571428571428571,0.0004
721,1.6116199493408203,1.53462553024292,0.3076923076923077,0.8269230769230769,0.21428571428571427,0.8571428571428571,0.0004
722,1.5749581456184387,1.5347623825073242,0.3269230769230769,0.8269230769230769,0.21428571428571427,0.8571428571428571,0.0004
723,1.6024262309074402,1.5352942943572998,0.28846153846153844,0.8269230769230769,0.21428571428571427,0.8571428571428571,0.0004
724,1.546412169933319,1.535259485244751,0.34615384615384615,0.8269230769230769,0.21428571428571427,0.8571428571428571,0.0004
725,1.5713357329368591,1.5353353023529053,0.34615384615384615,0.8269230769230769,0.21428571428571427,0.8571428571428571,0.0004
726,1.564572036266327,1.5356987714767456,0.3076923076923077,0.8269230769230769,0.21428571428571427,0.8571428571428571,0.0004
727,1.577344834804535,1.5357568264007568,0.34615384615384615,0.8269230769230769,0.21428571428571427,0.8571428571428571,0.0004
728,1.5577875971794128,1.5356544256210327,0.34615384615384615,0.8269230769230769,0.21428571428571427,0.8571428571428571,0.0004
729,1.6171529293060303,1.535543441772461,0.34615384615384615,0.8269230769230769,0.21428571428571427,0.8571428571428571,0.0004
730,1.6093053817749023,1.535834789276123,0.28846153846153844,0.8269230769230769,0.21428571428571427,0.8571428571428571,0.0004
731,1.5902776718139648,1.5356525182724,0.40384615384615385,0.8269230769230769,0.21428571428571427,0.8571428571428571,0.0004
732,1.553371250629425,1.535628318786621,0.36538461538461536,0.8269230769230769,0.21428571428571427,0.8571428571428571,0.0004
733,1.5070402026176453,1.5357056856155396,0.3076923076923077,0.8269230769230769,0.21428571428571427,0.8571428571428571,0.0004
734,1.5141631364822388,1.535125970840454,0.38461538461538464,0.8269230769230769,0.21428571428571427,0.8571428571428571,0.0004
735,1.5340567231178284,1.5343811511993408,0.3269230769230769,0.8269230769230769,0.21428571428571427,0.8571428571428571,0.0004
736,1.550050675868988,1.5342307090759277,0.3269230769230769,0.8269230769230769,0.21428571428571427,0.8571428571428571,0.0004
737,1.5505777597427368,1.5335334539413452,0.38461538461538464,0.8269230769230769,0.21428571428571427,0.8571428571428571,0.0004
738,1.5819528698921204,1.5329350233078003,0.4423076923076923,0.8269230769230769,0.21428571428571427,0.8571428571428571,0.0004
739,1.5439717173576355,1.5325366258621216,0.25,0.8269230769230769,0.21428571428571427,0.8571428571428571,0.0004
740,1.567001760005951,1.5327250957489014,0.3076923076923077,0.8269230769230769,0.21428571428571427,0.8571428571428571,0.0004
741,1.6147806644439697,1.5322635173797607,0.3269230769230769,0.8269230769230769,0.21428571428571427,0.8571428571428571,0.0004
742,1.5387970209121704,1.5319480895996094,0.4230769230769231,0.8269230769230769,0.21428571428571427,0.8571428571428571,0.0004
743,1.6312546133995056,1.5318609476089478,0.34615384615384615,0.8269230769230769,0.21428571428571427,0.8571428571428571,0.0004
744,1.5720133185386658,1.5315355062484741,0.3076923076923077,0.8269230769230769,0.21428571428571427,0.8571428571428571,0.0004
745,1.5440797805786133,1.5316879749298096,0.40384615384615385,0.8269230769230769,0.21428571428571427,0.8571428571428571,0.0004
746,1.5550905466079712,1.531609296798706,0.4230769230769231,0.8269230769230769,0.21428571428571427,0.8571428571428571,0.0004
747,1.506992518901825,1.5318578481674194,0.34615384615384615,0.8269230769230769,0.21428571428571427,0.8571428571428571,0.0004
748,1.5741771459579468,1.5316641330718994,0.36538461538461536,0.8269230769230769,0.21428571428571427,0.8571428571428571,0.0004
749,1.5556081533432007,1.5316011905670166,0.36538461538461536,0.8269230769230769,0.21428571428571427,0.8571428571428571,0.0004
750,1.6068422198295593,1.5316011905670166,0.34615384615384615,0.8269230769230769,0.21428571428571427,0.8571428571428571,0.0004
751,1.5547235608100891,1.5318419933319092,0.34615384615384615,0.8269230769230769,0.21428571428571427,0.8571428571428571,0.0004
752,1.6117976903915405,1.5317398309707642,0.3269230769230769,0.8269230769230769,0.21428571428571427,0.8571428571428571,0.0004
753,1.5572227239608765,1.5319706201553345,0.36538461538461536,0.8269230769230769,0.21428571428571427,0.8571428571428571,0.0004
754,1.5996095538139343,1.5321993827819824,0.38461538461538464,0.8269230769230769,0.21428571428571427,0.8571428571428571,0.0004
755,1.5445857644081116,1.532578945159912,0.38461538461538464,0.8269230769230769,0.21428571428571427,0.8571428571428571,0.0004
756,1.6348670721054077,1.5328688621520996,0.38461538461538464,0.8269230769230769,0.21428571428571427,0.8571428571428571,0.0004
757,1.6158953309059143,1.5343903303146362,0.34615384615384615,0.8269230769230769,0.21428571428571427,0.8571428571428571,0.0004
758,1.589748501777649,1.5343996286392212,0.3269230769230769,0.8269230769230769,0.21428571428571427,0.8571428571428571,0.0004
759,1.5929385423660278,1.5350687503814697,0.38461538461538464,0.8269230769230769,0.21428571428571427,0.8571428571428571,0.0004
760,1.5739068388938904,1.5357520580291748,0.40384615384615385,0.8269230769230769,0.21428571428571427,0.8571428571428571,0.0004
761,1.5543944835662842,1.53605318069458,0.34615384615384615,0.8269230769230769,0.21428571428571427,0.8571428571428571,0.0004
762,1.5533771514892578,1.5364181995391846,0.3076923076923077,0.8269230769230769,0.21428571428571427,0.8571428571428571,0.0004
763,1.5673378109931946,1.5366268157958984,0.36538461538461536,0.8269230769230769,0.21428571428571427,0.8571428571428571,0.0004
764,1.5556760430335999,1.5364501476287842,0.3269230769230769,0.8269230769230769,0.21428571428571427,0.8571428571428571,0.0004
765,1.5709825158119202,1.5364739894866943,0.28846153846153844,0.8269230769230769,0.21428571428571427,0.8571428571428571,0.0004
766,1.5384013056755066,1.5362927913665771,0.4230769230769231,0.8269230769230769,0.21428571428571427,0.8571428571428571,0.0004
767,1.5727472305297852,1.5362446308135986,0.40384615384615385,0.8269230769230769,0.21428571428571427,0.8571428571428571,0.0004
768,1.560505211353302,1.5361247062683105,0.36538461538461536,0.8269230769230769,0.21428571428571427,0.8571428571428571,0.0004
769,1.589504063129425,1.5357071161270142,0.38461538461538464,0.8269230769230769,0.21428571428571427,0.8571428571428571,0.0004
770,1.5891329050064087,1.5355606079101562,0.28846153846153844,0.8269230769230769,0.21428571428571427,0.8571428571428571,0.0004
771,1.565971314907074,1.535030722618103,0.38461538461538464,0.8269230769230769,0.21428571428571427,0.8571428571428571,0.0004
772,1.5862654447555542,1.53543221950531,0.40384615384615385,0.8269230769230769,0.21428571428571427,0.8571428571428571,0.0004
773,1.5940145254135132,1.5348942279815674,0.3269230769230769,0.8269230769230769,0.21428571428571427,0.8571428571428571,0.0004
774,1.5364450216293335,1.534810185432434,0.3076923076923077,0.8269230769230769,0.21428571428571427,0.8571428571428571,0.0004
775,1.5682156085968018,1.5345096588134766,0.38461538461538464,0.8269230769230769,0.21428571428571427,0.8571428571428571,0.0004
776,1.5747694969177246,1.5343769788742065,0.3269230769230769,0.8269230769230769,0.21428571428571427,0.8571428571428571,0.0004
777,1.5658382177352905,1.534310221672058,0.38461538461538464,0.8269230769230769,0.21428571428571427,0.8571428571428571,0.0004
778,1.5689880847930908,1.5338853597640991,0.3076923076923077,0.8269230769230769,0.21428571428571427,0.8571428571428571,0.0004
779,1.5766438841819763,1.5335785150527954,0.34615384615384615,0.8269230769230769,0.21428571428571427,0.8571428571428571,0.0004
780,1.5812900066375732,1.5335640907287598,0.3269230769230769,0.8269230769230769,0.21428571428571427,0.8571428571428571,0.0004
781,1.5433399677276611,1.5330179929733276,0.34615384615384615,0.8269230769230769,0.21428571428571427,0.8571428571428571,0.0004
782,1.5600528717041016,1.533177137374878,0.40384615384615385,0.8269230769230769,0.21428571428571427,0.8571428571428571,0.0004
783,1.5812079906463623,1.5325791835784912,0.38461538461538464,0.8269230769230769,0.21428571428571427,0.8571428571428571,0.0004
784,1.5986703038215637,1.5327264070510864,0.34615384615384615,0.8269230769230769,0.21428571428571427,0.8571428571428571,0.0004
785,1.5479034781455994,1.5333495140075684,0.3269230769230769,0.8269230769230769,0.21428571428571427,0.8571428571428571,0.0004
786,1.627829909324646,1.5329214334487915,0.28846153846153844,0.8269230769230769,0.21428571428571427,0.8571428571428571,0.0004
787,1.5722876191139221,1.5331780910491943,0.38461538461538464,0.8269230769230769,0.21428571428571427,0.8571428571428571,0.0004
788,1.5323560237884521,1.5334539413452148,0.34615384615384615,0.8269230769230769,0.21428571428571427,0.8571428571428571,0.0004
789,1.5696564316749573,1.5336402654647827,0.34615384615384615,0.8269230769230769,0.21428571428571427,0.8571428571428571,0.0004
790,1.5930575728416443,1.5338342189788818,0.3269230769230769,0.8269230769230769,0.21428571428571427,0.8571428571428571,0.0004
791,1.5164117217063904,1.5346072912216187,0.34615384615384615,0.8269230769230769,0.21428571428571427,0.8571428571428571,0.0004
792,1.5291293859481812,1.5339295864105225,0.4230769230769231,0.8269230769230769,0.21428571428571427,0.8571428571428571,0.0004
793,1.5451911687850952,1.533951759338379,0.3269230769230769,0.8269230769230769,0.21428571428571427,0.8571428571428571,0.0004
794,1.6198356747627258,1.533477544784546,0.38461538461538464,0.8269230769230769,0.21428571428571427,0.8571428571428571,0.0004
795,1.6058968901634216,1.5335423946380615,0.36538461538461536,0.8269230769230769,0.21428571428571427,0.8571428571428571,0.0004
796,1.5979536771774292,1.5341310501098633,0.3269230769230769,0.8269230769230769,0.21428571428571427,0.8571428571428571,0.0004
797,1.5892480611801147,1.5342636108398438,0.34615384615384615,0.8269230769230769,0.21428571428571427,0.8571428571428571,0.0004
798,1.5926561951637268,1.5347893238067627,0.3269230769230769,0.8269230769230769,0.21428571428571427,0.8571428571428571,0.0004
799,1.6251168847084045,1.5349421501159668,0.3269230769230769,0.8269230769230769,0.21428571428571427,0.8571428571428571,0.0004
800,1.534548819065094,1.5354056358337402,0.36538461538461536,0.8269230769230769,0.21428571428571427,0.8571428571428571,0.0004
801,1.5662463903427124,1.535430669784546,0.38461538461538464,0.8269230769230769,0.21428571428571427,0.8571428571428571,0.0004
802,1.5916730165481567,1.5355896949768066,0.34615384615384615,0.8269230769230769,0.21428571428571427,0.8571428571428571,0.0004
803,1.5559499859809875,1.5356714725494385,0.40384615384615385,0.8269230769230769,0.21428571428571427,0.8571428571428571,0.0004
804,1.5452960729599,1.5361852645874023,0.28846153846153844,0.8269230769230769,0.21428571428571427,0.8571428571428571,0.0004
805,1.5464096069335938,1.5359288454055786,0.40384615384615385,0.8269230769230769,0.21428571428571427,0.8571428571428571,0.0004
806,1.5647483468055725,1.5354660749435425,0.40384615384615385,0.8269230769230769,0.21428571428571427,0.8571428571428571,0.0004
807,1.5391712188720703,1.5353528261184692,0.34615384615384615,0.8269230769230769,0.21428571428571427,0.8571428571428571,0.0004
808,1.5312663316726685,1.5349886417388916,0.36538461538461536,0.8269230769230769,0.21428571428571427,0.8571428571428571,0.0004
809,1.542706549167633,1.5352214574813843,0.28846153846153844,0.8269230769230769,0.21428571428571427,0.8571428571428571,0.0004
810,1.5373910069465637,1.5346434116363525,0.40384615384615385,0.8269230769230769,0.21428571428571427,0.8571428571428571,0.0004
811,1.5786314606666565,1.5336456298828125,0.38461538461538464,0.8269230769230769,0.21428571428571427,0.8571428571428571,0.0004
812,1.5313259363174438,1.5336612462997437,0.40384615384615385,0.8269230769230769,0.21428571428571427,0.8571428571428571,0.0004
813,1.5657955408096313,1.5330100059509277,0.4230769230769231,0.8269230769230769,0.21428571428571427,0.8571428571428571,0.0004
814,1.6032682657241821,1.5333155393600464,0.3269230769230769,0.8269230769230769,0.21428571428571427,0.8571428571428571,0.0004
815,1.599845290184021,1.5333857536315918,0.36538461538461536,0.8269230769230769,0.21428571428571427,0.8571428571428571,0.0004
816,1.5596953630447388,1.532674789428711,0.38461538461538464,0.8269230769230769,0.21428571428571427,0.8571428571428571,0.0004
817,1.6135843396186829,1.5329688787460327,0.38461538461538464,0.8269230769230769,0.21428571428571427,0.8571428571428571,0.0004
818,1.557630181312561,1.5327497720718384,0.36538461538461536,0.8269230769230769,0.21428571428571427,0.8571428571428571,0.0004
819,1.5268584489822388,1.533193826675415,0.36538461538461536,0.8269230769230769,0.21428571428571427,0.8571428571428571,0.0004
820,1.5446971654891968,1.5331456661224365,0.46153846153846156,0.8269230769230769,0.21428571428571427,0.8571428571428571,0.0004
821,1.5596608519554138,1.5329087972640991,0.40384615384615385,0.8269230769230769,0.21428571428571427,0.8571428571428571,0.0004
822,1.5795438289642334,1.5324819087982178,0.40384615384615385,0.8269230769230769,0.21428571428571427,0.8571428571428571,0.0004
823,1.526383101940155,1.5329605340957642,0.38461538461538464,0.8269230769230769,0.21428571428571427,0.8571428571428571,0.0004
824,1.5401395559310913,1.5330510139465332,0.38461538461538464,0.8269230769230769,0.21428571428571427,0.8571428571428571,0.0004
825,1.5554523468017578,1.5329983234405518,0.34615384615384615,0.8269230769230769,0.21428571428571427,0.8571428571428571,0.0004
826,1.5276800990104675,1.5333001613616943,0.4230769230769231,0.8269230769230769,0.21428571428571427,0.8571428571428571,0.0004
827,1.5696951150894165,1.5334219932556152,0.34615384615384615,0.8269230769230769,0.21428571428571427,0.8571428571428571,0.0004
828,1.5778071880340576,1.5333259105682373,0.38461538461538464,0.8269230769230769,0.21428571428571427,0.8571428571428571,0.0004
829,1.5137197375297546,1.533820629119873,0.3269230769230769,0.8269230769230769,0.21428571428571427,0.8571428571428571,0.0004
830,1.570206880569458,1.5339670181274414,0.36538461538461536,0.8269230769230769,0.21428571428571427,0.8571428571428571,0.0004
831,1.5574129819869995,1.5340461730957031,0.38461538461538464,0.8269230769230769,0.21428571428571427,0.8571428571428571,0.0004
832,1.5433666706085205,1.534034252166748,0.38461538461538464,0.8269230769230769,0.21428571428571427,0.8571428571428571,0.0004
833,1.5718152523040771,1.5342648029327393,0.3076923076923077,0.8269230769230769,0.21428571428571427,0.8571428571428571,0.0004
834,1.5812010765075684,1.5341041088104248,0.3269230769230769,0.8269230769230769,0.21428571428571427,0.8571428571428571,0.0004
835,1.5172486305236816,1.5343053340911865,0.38461538461538464,0.8269230769230769,0.21428571428571427,0.8571428571428571,0.0004
836,1.590192198753357,1.534578561782837,0.40384615384615385,0.8269230769230769,0.21428571428571427,0.8571428571428571,0.0004
837,1.549968421459198,1.5345655679702759,0.4230769230769231,0.8269230769230769,0.21428571428571427,0.8571428571428571,0.0004
838,1.553210973739624,1.534387230873108,0.36538461538461536,0.8269230769230769,0.21428571428571427,0.8571428571428571,0.0004
839,1.5511932969093323,1.5348197221755981,0.36538461538461536,0.8269230769230769,0.21428571428571427,0.8571428571428571,0.0004
840,1.56805020570755,1.5346200466156006,0.2692307692307692,0.8269230769230769,0.21428571428571427,0.8571428571428571,0.0004
841,1.5389853119850159,1.5350148677825928,0.38461538461538464,0.8269230769230769,0.21428571428571427,0.8571428571428571,0.0004
842,1.5310624241828918,1.534717082977295,0.36538461538461536,0.8269230769230769,0.21428571428571427,0.8571428571428571,0.0004
843,1.5357052683830261,1.5341553688049316,0.34615384615384615,0.8269230769230769,0.21428571428571427,0.8571428571428571,0.0004
844,1.638067901134491,1.534397006034851,0.38461538461538464,0.8269230769230769,0.21428571428571427,0.8571428571428571,0.0004
845,1.5645988583564758,1.5337402820587158,0.40384615384615385,0.8269230769230769,0.21428571428571427,0.8571428571428571,0.0004
846,1.6026620268821716,1.5338425636291504,0.38461538461538464,0.8269230769230769,0.21428571428571427,0.8571428571428571,0.0004
847,1.5325163006782532,1.5335787534713745,0.34615384615384615,0.8269230769230769,0.21428571428571427,0.8571428571428571,0.0004
848,1.5726745128631592,1.533656120300293,0.3076923076923077,0.8269230769230769,0.21428571428571427,0.8571428571428571,0.0004
849,1.5690125226974487,1.5334525108337402,0.3076923076923077,0.8269230769230769,0.21428571428571427,0.8571428571428571,0.0004
850,1.571922779083252,1.5334553718566895,0.3076923076923077,0.8269230769230769,0.21428571428571427,0.8571428571428571,0.0004
851,1.5200679302215576,1.5329697132110596,0.38461538461538464,0.8269230769230769,0.21428571428571427,0.8571428571428571,0.0004
852,1.6122123003005981,1.5330877304077148,0.34615384615384615,0.8269230769230769,0.21428571428571427,0.8571428571428571,0.0004
853,1.5982760787010193,1.5328333377838135,0.34615384615384615,0.8269230769230769,0.21428571428571427,0.8571428571428571,0.0004
854,1.5719062685966492,1.5332374572753906,0.3269230769230769,0.8269230769230769,0.21428571428571427,0.8571428571428571,0.0004
855,1.571003794670105,1.5328879356384277,0.3269230769230769,0.8269230769230769,0.21428571428571427,0.8571428571428571,0.0004
856,1.577953577041626,1.53299880027771,0.3269230769230769,0.8269230769230769,0.21428571428571427,0.8571428571428571,0.0004
857,1.582764744758606,1.5332822799682617,0.3076923076923077,0.8269230769230769,0.21428571428571427,0.8571428571428571,0.0004
858,1.5783341526985168,1.5330352783203125,0.40384615384615385,0.8269230769230769,0.21428571428571427,0.8571428571428571,0.0004
859,1.562863051891327,1.533486008644104,0.3076923076923077,0.8269230769230769,0.21428571428571427,0.8571428571428571,0.0004
860,1.5780186653137207,1.5330411195755005,0.3269230769230769,0.8269230769230769,0.21428571428571427,0.8571428571428571,0.0004
861,1.5648075342178345,1.533228874206543,0.34615384615384615,0.8269230769230769,0.21428571428571427,0.8571428571428571,0.0004
862,1.5771420001983643,1.5332605838775635,0.28846153846153844,0.8269230769230769,0.21428571428571427,0.8571428571428571,0.0004
863,1.5475993156433105,1.5332086086273193,0.34615384615384615,0.8269230769230769,0.21428571428571427,0.8571428571428571,0.0004
864,1.5105886459350586,1.5328878164291382,0.4230769230769231,0.8269230769230769,0.21428571428571427,0.8571428571428571,0.0004
865,1.5834832191467285,1.5328084230422974,0.38461538461538464,0.8269230769230769,0.21428571428571427,0.8571428571428571,0.0004
866,1.5504009127616882,1.5325133800506592,0.4230769230769231,0.8269230769230769,0.21428571428571427,0.8571428571428571,0.0004
867,1.517907440662384,1.5321078300476074,0.3269230769230769,0.8269230769230769,0.21428571428571427,0.8571428571428571,0.0004
868,1.5988747477531433,1.532004952430725,0.3076923076923077,0.8269230769230769,0.21428571428571427,0.8571428571428571,0.0004
869,1.5702497363090515,1.5315580368041992,0.38461538461538464,0.8269230769230769,0.21428571428571427,0.8571428571428571,0.0004
870,1.6236903667449951,1.5318117141723633,0.3076923076923077,0.8269230769230769,0.21428571428571427,0.8571428571428571,0.0004
871,1.5744659900665283,1.532089114189148,0.34615384615384615,0.8269230769230769,0.21428571428571427,0.8571428571428571,0.0004
872,1.6094428300857544,1.5320059061050415,0.34615384615384615,0.8269230769230769,0.21428571428571427,0.8571428571428571,0.0004
873,1.55308997631073,1.5320227146148682,0.36538461538461536,0.8269230769230769,0.21428571428571427,0.8571428571428571,0.0004
874,1.5726016759872437,1.5318347215652466,0.36538461538461536,0.8269230769230769,0.21428571428571427,0.8571428571428571,0.0004
875,1.6138795614242554,1.5322469472885132,0.34615384615384615,0.8269230769230769,0.21428571428571427,0.8571428571428571,0.0004
876,1.5761739015579224,1.5326217412948608,0.23076923076923078,0.8269230769230769,0.21428571428571427,0.8571428571428571,0.0004
877,1.5787421464920044,1.5320909023284912,0.36538461538461536,0.8269230769230769,0.21428571428571427,0.8571428571428571,0.0004
878,1.5678138136863708,1.532262921333313,0.38461538461538464,0.8269230769230769,0.21428571428571427,0.8571428571428571,0.0004
879,1.6065637469291687,1.5319855213165283,0.38461538461538464,0.8269230769230769,0.21428571428571427,0.8571428571428571,0.0004
880,1.6007874011993408,1.5322277545928955,0.36538461538461536,0.8269230769230769,0.21428571428571427,0.8571428571428571,0.0004
881,1.5971913933753967,1.5323472023010254,0.34615384615384615,0.8269230769230769,0.21428571428571427,0.8571428571428571,0.0004
882,1.6070683002471924,1.5324592590332031,0.40384615384615385,0.8269230769230769,0.21428571428571427,0.8571428571428571,0.0004
883,1.509195625782013,1.5330114364624023,0.4230769230769231,0.8269230769230769,0.21428571428571427,0.8571428571428571,0.0004
884,1.534730076789856,1.5329160690307617,0.4423076923076923,0.8269230769230769,0.21428571428571427,0.8571428571428571,0.0004
885,1.5502191185951233,1.53285551071167,0.36538461538461536,0.8269230769230769,0.21428571428571427,0.8571428571428571,0.0004
886,1.5539260506629944,1.5327770709991455,0.34615384615384615,0.8269230769230769,0.21428571428571427,0.8571428571428571,0.0004
887,1.533271849155426,1.5325508117675781,0.4230769230769231,0.8269230769230769,0.21428571428571427,0.8571428571428571,0.0004
888,1.5828664898872375,1.5322966575622559,0.36538461538461536,0.8269230769230769,0.21428571428571427,0.8571428571428571,0.0004
889,1.5479434132575989,1.5319023132324219,0.36538461538461536,0.8269230769230769,0.21428571428571427,0.8571428571428571,0.0004
890,1.5514071583747864,1.5315978527069092,0.3269230769230769,0.8269230769230769,0.21428571428571427,0.8571428571428571,0.0004
891,1.5771828889846802,1.5312652587890625,0.3269230769230769,0.8269230769230769,0.21428571428571427,0.8571428571428571,0.0004
892,1.6080878376960754,1.5311905145645142,0.38461538461538464,0.8269230769230769,0.21428571428571427,0.8571428571428571,0.0004
893,1.553287386894226,1.5307015180587769,0.3076923076923077,0.8269230769230769,0.21428571428571427,0.8571428571428571,0.0004
894,1.5958898067474365,1.5309069156646729,0.34615384615384615,0.8269230769230769,0.21428571428571427,0.8571428571428571,0.0004
895,1.5723567605018616,1.5308665037155151,0.3269230769230769,0.8269230769230769,0.21428571428571427,0.8571428571428571,0.0004
896,1.6087396740913391,1.5305918455123901,0.3076923076923077,0.8269230769230769,0.21428571428571427,0.8571428571428571,0.0004
897,1.5970360040664673,1.5302834510803223,0.40384615384615385,0.8269230769230769,0.21428571428571427,0.8571428571428571,0.0004
898,1.55466628074646,1.5310866832733154,0.3269230769230769,0.8269230769230769,0.21428571428571427,0.8571428571428571,0.0004
899,1.5707871317863464,1.5312435626983643,0.38461538461538464,0.8269230769230769,0.21428571428571427,0.8571428571428571,0.0004
900,1.521145224571228,1.5311692953109741,0.38461538461538464,0.8269230769230769,0.21428571428571427,0.8571428571428571,0.0004
901,1.5738582611083984,1.5318654775619507,0.34615384615384615,0.8269230769230769,0.21428571428571427,0.8571428571428571,0.0004
902,1.6055487394332886,1.531486988067627,0.3076923076923077,0.8269230769230769,0.21428571428571427,0.8571428571428571,0.0004
903,1.5448012351989746,1.531838059425354,0.36538461538461536,0.8269230769230769,0.21428571428571427,0.8571428571428571,0.0004
904,1.5451319813728333,1.5321663618087769,0.4423076923076923,0.8269230769230769,0.21428571428571427,0.8571428571428571,0.0004
905,1.6180376410484314,1.5321416854858398,0.36538461538461536,0.8269230769230769,0.21428571428571427,0.8571428571428571,0.0004
906,1.5343399047851562,1.5326849222183228,0.40384615384615385,0.8269230769230769,0.21428571428571427,0.8571428571428571,0.0004
907,1.55448317527771,1.5323827266693115,0.38461538461538464,0.8269230769230769,0.21428571428571427,0.8571428571428571,0.0004
908,1.5581510663032532,1.5325825214385986,0.34615384615384615,0.8269230769230769,0.21428571428571427,0.8571428571428571,0.0004
909,1.5217757821083069,1.5324137210845947,0.34615384615384615,0.8269230769230769,0.21428571428571427,0.8571428571428571,0.0004
910,1.5729065537452698,1.5324389934539795,0.3076923076923077,0.8269230769230769,0.21428571428571427,0.8571428571428571,0.0004
911,1.5618886947631836,1.5318999290466309,0.3269230769230769,0.8269230769230769,0.21428571428571427,0.8571428571428571,0.0004
912,1.609505832195282,1.5318629741668701,0.36538461538461536,0.8269230769230769,0.21428571428571427,0.8571428571428571,0.0004
913,1.581864058971405,1.531639814376831,0.36538461538461536,0.8269230769230769,0.21428571428571427,0.8571428571428571,0.0004
914,1.566749393939972,1.5320149660110474,0.38461538461538464,0.8269230769230769,0.21428571428571427,0.8571428571428571,0.0004
915,1.5252293944358826,1.5322279930114746,0.38461538461538464,0.8269230769230769,0.21428571428571427,0.8571428571428571,0.0004
916,1.5538864731788635,1.5313866138458252,0.40384615384615385,0.8269230769230769,0.21428571428571427,0.8571428571428571,0.0004
917,1.5464246273040771,1.5311213731765747,0.34615384615384615,0.8269230769230769,0.21428571428571427,0.8571428571428571,0.0004
918,1.5499278903007507,1.5310266017913818,0.38461538461538464,0.8269230769230769,0.21428571428571427,0.8571428571428571,0.0004
919,1.578641414642334,1.5314147472381592,0.3269230769230769,0.8269230769230769,0.21428571428571427,0.8571428571428571,0.0004
920,1.5923912525177002,1.530991792678833,0.36538461538461536,0.8269230769230769,0.21428571428571427,0.8571428571428571,0.0004
921,1.5980996489524841,1.531198263168335,0.28846153846153844,0.8269230769230769,0.21428571428571427,0.8571428571428571,0.0004
922,1.5850120782852173,1.5311833620071411,0.3269230769230769,0.8269230769230769,0.21428571428571427,0.8571428571428571,0.0004
923,1.5509665608406067,1.5314581394195557,0.3269230769230769,0.8269230769230769,0.21428571428571427,0.8571428571428571,0.0004
924,1.567712426185608,1.5318137407302856,0.3076923076923077,0.8269230769230769,0.21428571428571427,0.8571428571428571,0.0004
925,1.5519393682479858,1.5319018363952637,0.38461538461538464,0.8269230769230769,0.21428571428571427,0.8571428571428571,0.0004
926,1.5141457915306091,1.531578779220581,0.40384615384615385,0.8269230769230769,0.21428571428571427,0.8571428571428571,0.0004
927,1.5494690537452698,1.5313462018966675,0.34615384615384615,0.8269230769230769,0.21428571428571427,0.8571428571428571,0.0004
928,1.5770779848098755,1.5315805673599243,0.40384615384615385,0.8269230769230769,0.21428571428571427,0.8571428571428571,0.0004
929,1.5385023951530457,1.5313637256622314,0.38461538461538464,0.8269230769230769,0.21428571428571427,0.8571428571428571,0.0004
930,1.6218304634094238,1.5315840244293213,0.34615384615384615,0.8269230769230769,0.21428571428571427,0.8571428571428571,0.0004
931,1.5627685189247131,1.5314383506774902,0.36538461538461536,0.8269230769230769,0.21428571428571427,0.8571428571428571,0.0004
932,1.5583165884017944,1.5311801433563232,0.3269230769230769,0.8269230769230769,0.21428571428571427,0.8571428571428571,0.0004
933,1.562608778476715,1.5317528247833252,0.34615384615384615,0.8269230769230769,0.21428571428571427,0.8571428571428571,0.0004
934,1.6272035241127014,1.5309157371520996,0.2692307692307692,0.8269230769230769,0.21428571428571427,0.8571428571428571,0.0004
935,1.5390475392341614,1.530738115310669,0.40384615384615385,0.8269230769230769,0.21428571428571427,0.8571428571428571,0.0004
936,1.5476177334785461,1.5297751426696777,0.36538461538461536,0.8269230769230769,0.21428571428571427,0.8571428571428571,0.0004
937,1.5915431380271912,1.5305147171020508,0.36538461538461536,0.8269230769230769,0.21428571428571427,0.8571428571428571,0.0004
938,1.6288763284683228,1.5301529169082642,0.36538461538461536,0.8269230769230769,0.21428571428571427,0.8571428571428571,0.0004
939,1.5421735048294067,1.5301979780197144,0.4423076923076923,0.8269230769230769,0.21428571428571427,0.8571428571428571,0.0004
940,1.5375270247459412,1.530543327331543,0.38461538461538464,0.8269230769230769,0.21428571428571427,0.8571428571428571,0.0004
941,1.5724844932556152,1.530398964881897,0.36538461538461536,0.8269230769230769,0.21428571428571427,0.8571428571428571,0.0004
942,1.5489805936813354,1.5297808647155762,0.28846153846153844,0.8269230769230769,0.21428571428571427,0.8571428571428571,0.0004
943,1.5538321733474731,1.5295994281768799,0.3076923076923077,0.8269230769230769,0.21428571428571427,0.8571428571428571,0.0004
944,1.5585479736328125,1.5296192169189453,0.34615384615384615,0.8269230769230769,0.21428571428571427,0.8571428571428571,0.0004
945,1.5632370114326477,1.5292987823486328,0.34615384615384615,0.8269230769230769,0.21428571428571427,0.8571428571428571,0.0004
946,1.5566208958625793,1.529492735862732,0.3269230769230769,0.8269230769230769,0.21428571428571427,0.8571428571428571,0.0004
947,1.5689136385917664,1.5286781787872314,0.36538461538461536,0.8269230769230769,0.21428571428571427,0.8571428571428571,0.0004
948,1.571957767009735,1.5288784503936768,0.38461538461538464,0.8269230769230769,0.21428571428571427,0.8571428571428571,0.0004
949,1.5483770370483398,1.5288230180740356,0.3076923076923077,0.8269230769230769,0.21428571428571427,0.8571428571428571,0.0004
950,1.6084799766540527,1.5287026166915894,0.4807692307692308,0.8269230769230769,0.21428571428571427,0.8571428571428571,0.0004
951,1.6081830263137817,1.529036283493042,0.34615384615384615,0.8269230769230769,0.21428571428571427,0.8571428571428571,0.0004
952,1.5742518901824951,1.5298447608947754,0.3269230769230769,0.8269230769230769,0.21428571428571427,0.8571428571428571,0.0004
953,1.5366528630256653,1.5295361280441284,0.36538461538461536,0.8269230769230769,0.21428571428571427,0.8571428571428571,0.0004
954,1.5359061360359192,1.529247760772705,0.38461538461538464,0.8269230769230769,0.21428571428571427,0.8571428571428571,0.0004
955,1.5427643656730652,1.5297213792800903,0.40384615384615385,0.8269230769230769,0.21428571428571427,0.8571428571428571,0.0004
956,1.5593665838241577,1.5298734903335571,0.4230769230769231,0.8269230769230769,0.21428571428571427,0.8571428571428571,0.0004
957,1.5968348979949951,1.5294525623321533,0.34615384615384615,0.8269230769230769,0.21428571428571427,0.8571428571428571,0.0004
958,1.5693259835243225,1.5303893089294434,0.40384615384615385,0.8269230769230769,0.21428571428571427,0.8571428571428571,0.0004
959,1.589410424232483,1.5308313369750977,0.3076923076923077,0.8269230769230769,0.21428571428571427,0.8571428571428571,0.0004
960,1.5549429059028625,1.5303047895431519,0.3076923076923077,0.8269230769230769,0.21428571428571427,0.8571428571428571,0.0004
961,1.6066814064979553,1.531078815460205,0.36538461538461536,0.8269230769230769,0.21428571428571427,0.8571428571428571,0.0004
962,1.570753574371338,1.5311787128448486,0.40384615384615385,0.8269230769230769,0.21428571428571427,0.8571428571428571,0.0004
963,1.581128180027008,1.5317870378494263,0.4230769230769231,0.8269230769230769,0.21428571428571427,0.8571428571428571,0.0004
964,1.545004427433014,1.532606601715088,0.3076923076923077,0.8269230769230769,0.21428571428571427,0.8571428571428571,0.0004
965,1.5632946491241455,1.532286286354065,0.3076923076923077,0.8269230769230769,0.21428571428571427,0.8571428571428571,0.0004
966,1.5329094529151917,1.5323939323425293,0.40384615384615385,0.8269230769230769,0.21428571428571427,0.8571428571428571,0.0004
967,1.5668770670890808,1.5323240756988525,0.34615384615384615,0.8269230769230769,0.21428571428571427,0.8571428571428571,0.0004
968,1.573312222957611,1.5328330993652344,0.34615384615384615,0.8269230769230769,0.21428571428571427,0.8571428571428571,0.0004
969,1.5468448400497437,1.532404899597168,0.36538461538461536,0.8269230769230769,0.21428571428571427,0.8571428571428571,0.0004
970,1.6478790044784546,1.5331209897994995,0.34615384615384615,0.8269230769230769,0.21428571428571427,0.8571428571428571,0.0004
971,1.5794129371643066,1.5328749418258667,0.36538461538461536,0.8269230769230769,0.21428571428571427,0.8571428571428571,0.0004
972,1.548433005809784,1.5332450866699219,0.38461538461538464,0.8269230769230769,0.21428571428571427,0.8571428571428571,0.0004
973,1.5933929085731506,1.5340265035629272,0.40384615384615385,0.8269230769230769,0.21428571428571427,0.8571428571428571,0.0004
974,1.5964257717132568,1.5340160131454468,0.34615384615384615,0.8269230769230769,0.21428571428571427,0.8571428571428571,0.0004
975,1.5525497198104858,1.534271478652954,0.36538461538461536,0.8269230769230769,0.21428571428571427,0.8571428571428571,0.0004
976,1.5524476170539856,1.5349489450454712,0.34615384615384615,0.8269230769230769,0.21428571428571427,0.8571428571428571,0.0004
977,1.5460148453712463,1.5349698066711426,0.34615384615384615,0.8269230769230769,0.21428571428571427,0.8571428571428571,0.0004
978,1.6192522644996643,1.5353381633758545,0.4230769230769231,0.8269230769230769,0.21428571428571427,0.8571428571428571,0.0004
979,1.56569242477417,1.536363124847412,0.36538461538461536,0.8269230769230769,0.21428571428571427,0.8571428571428571,0.0004
980,1.5813408493995667,1.5359100103378296,0.36538461538461536,0.8269230769230769,0.21428571428571427,0.8571428571428571,0.0004
981,1.5447441935539246,1.5363891124725342,0.4230769230769231,0.8269230769230769,0.21428571428571427,0.8571428571428571,0.0004
982,1.516365885734558,1.5367615222930908,0.38461538461538464,0.8269230769230769,0.21428571428571427,0.8571428571428571,0.0004
983,1.5810193419456482,1.5366579294204712,0.36538461538461536,0.8269230769230769,0.21428571428571427,0.8571428571428571,0.0004
984,1.5570060014724731,1.5367558002471924,0.36538461538461536,0.8269230769230769,0.21428571428571427,0.8571428571428571,0.0004
985,1.5522978901863098,1.5360456705093384,0.36538461538461536,0.8269230769230769,0.21428571428571427,0.8571428571428571,0.0004
986,1.5600643754005432,1.5361361503601074,0.40384615384615385,0.8269230769230769,0.21428571428571427,0.8571428571428571,0.0004
987,1.5944781303405762,1.535809874534607,0.38461538461538464,0.8269230769230769,0.21428571428571427,0.8571428571428571,0.0004
988,1.5461050271987915,1.535644292831421,0.34615384615384615,0.8269230769230769,0.21428571428571427,0.8571428571428571,0.0004
989,1.6226650476455688,1.5357983112335205,0.34615384615384615,0.8269230769230769,0.21428571428571427,0.8571428571428571,0.0004
990,1.6169872283935547,1.5359697341918945,0.34615384615384615,0.8269230769230769,0.21428571428571427,0.8571428571428571,0.0004
991,1.5686753988265991,1.5356390476226807,0.34615384615384615,0.8269230769230769,0.21428571428571427,0.8571428571428571,0.0004
992,1.5915884971618652,1.5360417366027832,0.40384615384615385,0.8269230769230769,0.21428571428571427,0.8571428571428571,0.0004
993,1.541399896144867,1.5361979007720947,0.36538461538461536,0.8269230769230769,0.21428571428571427,0.8571428571428571,0.0004
994,1.5615566968917847,1.5352165699005127,0.3269230769230769,0.8269230769230769,0.21428571428571427,0.8571428571428571,0.0004
995,1.5824711918830872,1.5356521606445312,0.38461538461538464,0.8269230769230769,0.21428571428571427,0.8571428571428571,0.0004
996,1.6143108010292053,1.5358425378799438,0.36538461538461536,0.8269230769230769,0.21428571428571427,0.8571428571428571,0.0004
997,1.5269023776054382,1.5358378887176514,0.38461538461538464,0.8269230769230769,0.21428571428571427,0.8571428571428571,0.0004
998,1.5758259296417236,1.5357997417449951,0.38461538461538464,0.8269230769230769,0.21428571428571427,0.8571428571428571,0.0004
999,1.5566555857658386,1.535994529724121,0.3269230769230769,0.8269230769230769,0.21428571428571427,0.8571428571428571,0.0004
1000,1.6034244894981384,1.535952091217041,0.36538461538461536,0.8269230769230769,0.21428571428571427,0.8571428571428571,0.0004
