epoch,train_loss,val_loss,train_acc_action,train_acc_status,val_acc_action,val_acc_status,learning_rate
1,1.6943223476409912,1.518397569656372,0.4230769230769231,0.8076923076923077,0.35714285714285715,0.8571428571428571,0.0004
2,1.610108733177185,1.4998633861541748,0.21153846153846154,0.8269230769230769,0.42857142857142855,0.8571428571428571,0.0004
3,1.5487558245658875,1.5276525020599365,0.34615384615384615,0.8269230769230769,0.21428571428571427,0.8571428571428571,0.0004
4,1.592889428138733,1.5451301336288452,0.36538461538461536,0.8269230769230769,0.21428571428571427,0.8571428571428571,0.0004
5,1.5782490968704224,1.5319955348968506,0.36538461538461536,0.8269230769230769,0.21428571428571427,0.8571428571428571,0.0004
6,1.5342811942100525,1.5275628566741943,0.36538461538461536,0.8269230769230769,0.42857142857142855,0.8571428571428571,0.0004
7,1.5395601987838745,1.5342804193496704,0.2692307692307692,0.8269230769230769,0.2857142857142857,0.8571428571428571,0.0004
8,1.565987229347229,1.5048668384552002,0.23076923076923078,0.8269230769230769,0.35714285714285715,0.8571428571428571,0.0004
9,1.5475746393203735,1.51737380027771,0.38461538461538464,0.8269230769230769,0.35714285714285715,0.8571428571428571,0.0004
10,1.5484509468078613,1.543384075164795,0.4230769230769231,0.8269230769230769,0.2857142857142857,0.8571428571428571,0.0004
11,1.5266233682632446,1.5384541749954224,0.4423076923076923,0.8269230769230769,0.21428571428571427,0.8571428571428571,0.0004
12,1.4975357055664062,1.5741180181503296,0.4423076923076923,0.8269230769230769,0.21428571428571427,0.8571428571428571,0.0004
13,1.5744609832763672,1.563084363937378,0.38461538461538464,0.8269230769230769,0.21428571428571427,0.8571428571428571,0.0004
14,1.541164517402649,1.5641980171203613,0.36538461538461536,0.8269230769230769,0.2857142857142857,0.8571428571428571,0.0004
15,1.5196632146835327,1.5402827262878418,0.46153846153846156,0.8269230769230769,0.42857142857142855,0.8571428571428571,0.0004
16,1.5269309282302856,1.5264405012130737,0.5,0.8269230769230769,0.42857142857142855,0.8571428571428571,0.0004
17,1.560177206993103,1.5017670392990112,0.4807692307692308,0.8269230769230769,0.42857142857142855,0.8571428571428571,0.0004
18,1.5169457793235779,1.4688998460769653,0.5192307692307693,0.8269230769230769,0.35714285714285715,0.8571428571428571,0.0004
19,1.547825574874878,1.490849256515503,0.3076923076923077,0.8269230769230769,0.35714285714285715,0.8571428571428571,0.0004
20,1.4813078045845032,1.5285778045654297,0.38461538461538464,0.8269230769230769,0.2857142857142857,0.8571428571428571,0.0004
21,1.4741430878639221,1.5835716724395752,0.5192307692307693,0.8269230769230769,0.2857142857142857,0.8571428571428571,0.0004
22,1.5393512845039368,1.5278723239898682,0.4807692307692308,0.8269230769230769,0.42857142857142855,0.8571428571428571,0.0004
23,1.575071394443512,1.6257243156433105,0.40384615384615385,0.8269230769230769,0.2857142857142857,0.8571428571428571,0.0004
24,1.5397598147392273,1.6035983562469482,0.4807692307692308,0.8269230769230769,0.2857142857142857,0.8571428571428571,0.0004
25,1.447227656841278,1.5767145156860352,0.5769230769230769,0.8269230769230769,0.35714285714285715,0.8571428571428571,0.0004
26,1.5070701837539673,1.5189762115478516,0.4807692307692308,0.8269230769230769,0.35714285714285715,0.8571428571428571,0.0004
27,1.4740172028541565,1.4576990604400635,0.4807692307692308,0.8269230769230769,0.5,0.8571428571428571,0.0004
28,1.4380388855934143,1.5982908010482788,0.46153846153846156,0.8269230769230769,0.2857142857142857,0.8571428571428571,0.0004
29,1.4122937321662903,1.5355689525604248,0.40384615384615385,0.8269230769230769,0.2857142857142857,0.8571428571428571,0.0004
30,1.4492661356925964,1.591485857963562,0.5384615384615384,0.8269230769230769,0.42857142857142855,0.8571428571428571,0.0004
31,1.459654688835144,1.4594929218292236,0.4807692307692308,0.8269230769230769,0.5,0.8571428571428571,0.0004
32,1.4816932082176208,1.5253584384918213,0.4807692307692308,0.8269230769230769,0.35714285714285715,0.8571428571428571,0.0004
33,1.497178316116333,1.40106201171875,0.4230769230769231,0.8269230769230769,0.5,0.8571428571428571,0.0004
34,1.449066400527954,1.5352907180786133,0.46153846153846156,0.8269230769230769,0.21428571428571427,0.8571428571428571,0.0004
35,1.42317533493042,1.4552881717681885,0.46153846153846156,0.8269230769230769,0.5,0.8571428571428571,0.0004
36,1.4071775674819946,1.4521267414093018,0.4807692307692308,0.8269230769230769,0.42857142857142855,0.8571428571428571,0.0004
37,1.4127596616744995,1.4408087730407715,0.5769230769230769,0.8269230769230769,0.5,0.8571428571428571,0.0004
38,1.4018871784210205,1.5400718450546265,0.4423076923076923,0.8269230769230769,0.5,0.8571428571428571,0.0004
39,1.36347496509552,1.436247706413269,0.5,0.8269230769230769,0.42857142857142855,0.8571428571428571,0.0004
40,1.4866867065429688,1.3412293195724487,0.5576923076923077,0.8269230769230769,0.5714285714285714,0.8571428571428571,0.0004
41,1.4449840188026428,1.4638512134552002,0.5,0.8269230769230769,0.6428571428571429,0.8571428571428571,0.0004
42,1.476426124572754,1.3871824741363525,0.5192307692307693,0.8269230769230769,0.5714285714285714,0.8571428571428571,0.0004
43,1.4792113900184631,1.560522198677063,0.4423076923076923,0.8269230769230769,0.2857142857142857,0.8571428571428571,0.0004
44,1.4913126826286316,1.4782187938690186,0.40384615384615385,0.8269230769230769,0.21428571428571427,0.8571428571428571,0.0004
45,1.3706379532814026,1.482507348060608,0.5,0.8269230769230769,0.35714285714285715,0.8571428571428571,0.0004
46,1.4881799221038818,1.36232590675354,0.4230769230769231,0.8269230769230769,0.5,0.8571428571428571,0.0004
47,1.4097813367843628,1.4803369045257568,0.38461538461538464,0.8269230769230769,0.35714285714285715,0.8571428571428571,0.0004
48,1.359736680984497,1.4597879648208618,0.5192307692307693,0.8269230769230769,0.6428571428571429,0.8571428571428571,0.0004
49,1.426358699798584,1.5561367273330688,0.5384615384615384,0.8269230769230769,0.35714285714285715,0.8571428571428571,0.0004
50,1.4132392406463623,1.515737771987915,0.5192307692307693,0.8269230769230769,0.35714285714285715,0.8571428571428571,0.0004
51,1.3870173692703247,1.5466086864471436,0.5192307692307693,0.8269230769230769,0.42857142857142855,0.8571428571428571,0.0004
52,1.486877977848053,1.5454609394073486,0.46153846153846156,0.8269230769230769,0.42857142857142855,0.8571428571428571,0.0004
53,1.3755736947059631,1.3191332817077637,0.4423076923076923,0.8269230769230769,0.42857142857142855,0.8571428571428571,0.0004
54,1.422467827796936,1.617814302444458,0.4423076923076923,0.8269230769230769,0.35714285714285715,0.8571428571428571,0.0004
55,1.3306999206542969,1.3801162242889404,0.5192307692307693,0.8269230769230769,0.42857142857142855,0.8571428571428571,0.0004
56,1.4547723531723022,1.4098457098007202,0.4423076923076923,0.8269230769230769,0.42857142857142855,0.8571428571428571,0.0004
57,1.4069910645484924,1.3098716735839844,0.4807692307692308,0.8269230769230769,0.6428571428571429,0.8571428571428571,0.0004
58,1.3723472952842712,1.5066553354263306,0.5384615384615384,0.8269230769230769,0.5714285714285714,0.8571428571428571,0.0004
59,1.3188264966011047,1.328332543373108,0.6346153846153846,0.8269230769230769,0.35714285714285715,0.8571428571428571,0.0004
60,1.3355565667152405,1.4148995876312256,0.5192307692307693,0.8269230769230769,0.5,0.8571428571428571,0.0004
61,1.3956027030944824,1.3156867027282715,0.5576923076923077,0.8269230769230769,0.5,0.8571428571428571,0.0004
62,1.3447722792625427,1.2131098508834839,0.4807692307692308,0.8269230769230769,0.5714285714285714,0.8571428571428571,0.0004
63,1.3038808703422546,1.5092843770980835,0.5384615384615384,0.8269230769230769,0.42857142857142855,0.8571428571428571,0.0004
64,1.4212278127670288,1.3845360279083252,0.4807692307692308,0.8269230769230769,0.5714285714285714,0.8571428571428571,0.0004
65,1.3896556496620178,1.4478679895401,0.5961538461538461,0.8076923076923077,0.35714285714285715,0.7857142857142857,0.0004
66,1.3867052793502808,1.264005422592163,0.4807692307692308,0.8076923076923077,0.6428571428571429,0.8571428571428571,0.0004
67,1.4039044380187988,1.510968565940857,0.5192307692307693,0.8269230769230769,0.35714285714285715,0.8571428571428571,0.0004
68,1.3904248476028442,1.346176028251648,0.4807692307692308,0.8269230769230769,0.5714285714285714,0.8571428571428571,0.0004
69,1.3217092752456665,1.3948540687561035,0.4807692307692308,0.8269230769230769,0.5,0.8571428571428571,0.0004
70,1.4068829417228699,1.3067561388015747,0.5,0.8269230769230769,0.6428571428571429,0.8571428571428571,0.0004
71,1.3246436715126038,1.4837608337402344,0.5961538461538461,0.8269230769230769,0.35714285714285715,0.8571428571428571,0.0004
72,1.4244880080223083,1.2253618240356445,0.5192307692307693,0.8269230769230769,0.7857142857142857,0.8571428571428571,0.0004
73,1.294728696346283,1.5363919734954834,0.6153846153846154,0.8269230769230769,0.5,0.8571428571428571,0.0004
74,1.2889374494552612,1.412384271621704,0.5576923076923077,0.8269230769230769,0.42857142857142855,0.8571428571428571,0.0004
75,1.449267566204071,1.5142244100570679,0.5,0.8269230769230769,0.35714285714285715,0.8571428571428571,0.0004
76,1.246954083442688,1.504837989807129,0.5961538461538461,0.8269230769230769,0.42857142857142855,0.8571428571428571,0.0004
77,1.27194082736969,1.2393250465393066,0.6153846153846154,0.8269230769230769,0.6428571428571429,0.8571428571428571,0.0004
78,1.3293906450271606,1.3036807775497437,0.5576923076923077,0.8269230769230769,0.5,0.8571428571428571,0.0004
79,1.382821500301361,1.5905684232711792,0.5192307692307693,0.8269230769230769,0.21428571428571427,0.8571428571428571,0.0004
80,1.4318951964378357,1.5295524597167969,0.4807692307692308,0.8269230769230769,0.35714285714285715,0.8571428571428571,0.0004
81,1.3159412145614624,1.6821777820587158,0.5192307692307693,0.8269230769230769,0.2857142857142857,0.8571428571428571,0.0004
82,1.5063830614089966,1.2745590209960938,0.46153846153846156,0.8269230769230769,0.5714285714285714,0.8571428571428571,0.0004
83,1.219620704650879,1.2211910486221313,0.6153846153846154,0.8269230769230769,0.5714285714285714,0.8571428571428571,0.0004
84,1.4132492542266846,1.249114751815796,0.5192307692307693,0.8269230769230769,0.42857142857142855,0.8571428571428571,0.0004
85,1.5182653069496155,1.7130541801452637,0.4230769230769231,0.8269230769230769,0.21428571428571427,0.8571428571428571,0.0004
86,1.4336495995521545,1.6040922403335571,0.4807692307692308,0.8269230769230769,0.42857142857142855,0.8571428571428571,0.0004
87,1.3766369223594666,1.3786489963531494,0.5769230769230769,0.8269230769230769,0.35714285714285715,0.8571428571428571,0.0004
88,1.275357186794281,1.3266044855117798,0.5769230769230769,0.8269230769230769,0.35714285714285715,0.8571428571428571,0.0004
89,1.4560105800628662,1.3374967575073242,0.4423076923076923,0.8269230769230769,0.35714285714285715,0.8571428571428571,0.0004
90,1.450721025466919,1.414510726928711,0.46153846153846156,0.8269230769230769,0.5,0.8571428571428571,0.0004
91,1.5257314443588257,1.5053143501281738,0.46153846153846156,0.8269230769230769,0.35714285714285715,0.8571428571428571,0.0004
92,1.4352636933326721,1.405083417892456,0.4807692307692308,0.8269230769230769,0.5,0.8571428571428571,0.0004
93,1.277580738067627,1.2683510780334473,0.5769230769230769,0.8269230769230769,0.5,0.8571428571428571,0.0004
94,1.420031726360321,1.814846396446228,0.5576923076923077,0.8269230769230769,0.35714285714285715,0.8571428571428571,0.0004
95,1.4322022199630737,1.4764084815979004,0.5384615384615384,0.8269230769230769,0.2857142857142857,0.8571428571428571,0.0004
96,1.4274095296859741,1.4022945165634155,0.4423076923076923,0.8269230769230769,0.5,0.8571428571428571,0.0004
97,1.452600359916687,1.578049659729004,0.5192307692307693,0.8269230769230769,0.42857142857142855,0.8571428571428571,0.0004
98,1.420684576034546,1.2068729400634766,0.4807692307692308,0.8269230769230769,0.42857142857142855,0.8571428571428571,0.0004
99,1.3289592862129211,1.364701509475708,0.5769230769230769,0.8269230769230769,0.5714285714285714,0.8571428571428571,0.0004
100,1.3316820859909058,1.229246973991394,0.5769230769230769,0.8269230769230769,0.5714285714285714,0.8571428571428571,0.0004
101,1.3596705198287964,1.5150115489959717,0.5,0.8269230769230769,0.2857142857142857,0.8571428571428571,0.0004
102,1.327003836631775,1.3907859325408936,0.6153846153846154,0.8269230769230769,0.5,0.8571428571428571,0.0004
103,1.4344893097877502,1.3871537446975708,0.6153846153846154,0.8269230769230769,0.5714285714285714,0.8571428571428571,0.0004
104,1.2759180068969727,1.5332014560699463,0.6538461538461539,0.8269230769230769,0.42857142857142855,0.8571428571428571,0.0004
105,1.475573182106018,1.512664794921875,0.4230769230769231,0.8269230769230769,0.2857142857142857,0.8571428571428571,0.0004
106,1.3680779933929443,1.2481176853179932,0.5,0.8269230769230769,0.42857142857142855,0.8571428571428571,0.0004
107,1.2815881967544556,1.2310566902160645,0.5961538461538461,0.8269230769230769,0.42857142857142855,0.8571428571428571,0.0004
108,1.3199999928474426,1.322157382965088,0.5384615384615384,0.8269230769230769,0.5,0.8571428571428571,0.0004
109,1.2540881037712097,1.3267889022827148,0.5384615384615384,0.8269230769230769,0.5,0.8571428571428571,0.0004
110,1.2846665978431702,1.4661109447479248,0.5961538461538461,0.8269230769230769,0.42857142857142855,0.8571428571428571,0.0004
111,1.249555230140686,1.440020203590393,0.6730769230769231,0.8269230769230769,0.42857142857142855,0.8571428571428571,0.0004
112,1.266339898109436,1.3549150228500366,0.5961538461538461,0.8269230769230769,0.42857142857142855,0.8571428571428571,0.0004
113,1.3943145275115967,1.5775538682937622,0.4807692307692308,0.8269230769230769,0.42857142857142855,0.8571428571428571,0.0004
114,1.340542495250702,1.4836575984954834,0.5769230769230769,0.8269230769230769,0.35714285714285715,0.8571428571428571,0.0004
115,1.3071592450141907,1.355522632598877,0.5,0.8269230769230769,0.6428571428571429,0.8571428571428571,0.0004
116,1.3791885375976562,1.2932841777801514,0.5576923076923077,0.8269230769230769,0.5714285714285714,0.8571428571428571,0.0004
117,1.30826735496521,1.1659907102584839,0.5576923076923077,0.8269230769230769,0.5714285714285714,0.8571428571428571,0.0004
118,1.3574709296226501,1.3664826154708862,0.4807692307692308,0.8269230769230769,0.5714285714285714,0.8571428571428571,0.0004
119,1.3496314883232117,1.3205389976501465,0.5576923076923077,0.8269230769230769,0.6428571428571429,0.8571428571428571,0.0004
120,1.3361283540725708,1.4412519931793213,0.5384615384615384,0.8269230769230769,0.42857142857142855,0.8571428571428571,0.0004
121,1.3253766298294067,1.3184800148010254,0.5961538461538461,0.8461538461538461,0.42857142857142855,0.8571428571428571,0.0004
122,1.3274049758911133,1.6734015941619873,0.5384615384615384,0.8461538461538461,0.2857142857142857,0.7142857142857143,0.0004
123,1.3619009852409363,1.3930938243865967,0.5192307692307693,0.8076923076923077,0.42857142857142855,0.8571428571428571,0.0004
124,1.2504709362983704,1.5757689476013184,0.6346153846153846,0.7884615384615384,0.5714285714285714,0.5714285714285714,0.0004
125,1.2201439142227173,1.5633596181869507,0.6538461538461539,0.7692307692307693,0.5,0.8571428571428571,0.0004
126,1.511610209941864,1.3717377185821533,0.46153846153846156,0.8461538461538461,0.6428571428571429,0.7857142857142857,0.0004
127,1.2284058928489685,1.181765079498291,0.6346153846153846,0.8461538461538461,0.5714285714285714,0.8571428571428571,0.0004
128,1.1410486698150635,1.3682208061218262,0.6538461538461539,0.8269230769230769,0.5714285714285714,0.8571428571428571,0.0004
129,1.3441632986068726,1.144605278968811,0.5192307692307693,0.8269230769230769,0.6428571428571429,0.8571428571428571,0.0004
130,1.1740360856056213,1.3529157638549805,0.6346153846153846,0.8269230769230769,0.5,0.8571428571428571,0.0004
131,1.30215322971344,1.4813673496246338,0.6153846153846154,0.8269230769230769,0.42857142857142855,0.8571428571428571,0.0004
132,1.2976842522621155,1.5835856199264526,0.6346153846153846,0.8269230769230769,0.42857142857142855,0.8571428571428571,0.0004
133,1.3215307593345642,1.3576048612594604,0.5384615384615384,0.8076923076923077,0.5,0.8571428571428571,0.0004
134,1.3264275789260864,1.2160500288009644,0.5384615384615384,0.8269230769230769,0.6428571428571429,0.8571428571428571,0.0004
135,1.2535203099250793,1.2651495933532715,0.5769230769230769,0.8076923076923077,0.5,0.8571428571428571,0.0004
136,1.397288739681244,1.4370651245117188,0.5384615384615384,0.7692307692307693,0.35714285714285715,0.9285714285714286,0.0004
137,1.2718570828437805,1.788930892944336,0.5576923076923077,0.8653846153846154,0.2857142857142857,0.7857142857142857,0.0004
138,1.4557816982269287,1.751007080078125,0.46153846153846156,0.8076923076923077,0.42857142857142855,0.7857142857142857,0.0004
139,1.4409983158111572,1.3330591917037964,0.5384615384615384,0.7692307692307693,0.5,0.8571428571428571,0.0004
140,1.2999063730239868,1.493808627128601,0.5769230769230769,0.8076923076923077,0.42857142857142855,0.8571428571428571,0.0004
141,1.2920218110084534,1.4988112449645996,0.5,0.8846153846153846,0.2857142857142857,0.8571428571428571,0.0004
142,1.3987199068069458,1.2952613830566406,0.5576923076923077,0.8269230769230769,0.2857142857142857,0.8571428571428571,0.0004
143,1.29037606716156,1.4110503196716309,0.5384615384615384,0.8461538461538461,0.42857142857142855,0.7857142857142857,0.0004
144,1.3928391933441162,1.4340184926986694,0.5384615384615384,0.8269230769230769,0.35714285714285715,0.8571428571428571,0.0004
145,1.3096572756767273,1.328476071357727,0.6153846153846154,0.8269230769230769,0.5,0.8571428571428571,0.0004
146,1.2990874648094177,1.3574156761169434,0.6346153846153846,0.8269230769230769,0.5714285714285714,0.7857142857142857,0.0004
147,1.339540421962738,1.3697928190231323,0.5192307692307693,0.8269230769230769,0.2857142857142857,0.8571428571428571,0.0004
148,1.3790526390075684,1.2169278860092163,0.4423076923076923,0.8269230769230769,0.5714285714285714,0.7857142857142857,0.0004
149,1.2627777457237244,1.3698043823242188,0.6730769230769231,0.8846153846153846,0.5,0.7142857142857143,0.0004
150,1.2942814230918884,1.4388798475265503,0.6153846153846154,0.8461538461538461,0.7142857142857143,0.7857142857142857,0.0004
151,1.2606450915336609,1.3353655338287354,0.6153846153846154,0.8076923076923077,0.42857142857142855,0.7857142857142857,0.0004
152,1.143401712179184,1.3679012060165405,0.6538461538461539,0.8269230769230769,0.5,0.7142857142857143,0.0004
153,1.186154842376709,1.3416380882263184,0.5961538461538461,0.8076923076923077,0.42857142857142855,0.8571428571428571,0.0004
154,1.2780741453170776,1.693513035774231,0.5384615384615384,0.7692307692307693,0.21428571428571427,0.8571428571428571,0.0004
155,1.243062973022461,1.4691354036331177,0.5961538461538461,0.8461538461538461,0.42857142857142855,0.8571428571428571,0.0004
156,1.4626820087432861,1.7916951179504395,0.5,0.7884615384615384,0.2857142857142857,0.7857142857142857,0.0004
157,1.2775856852531433,1.0413386821746826,0.5,0.8461538461538461,0.6428571428571429,0.9285714285714286,0.0004
158,1.3891268968582153,1.7593448162078857,0.5576923076923077,0.7884615384615384,0.35714285714285715,0.7857142857142857,0.0004
159,1.2595531344413757,1.545650839805603,0.6153846153846154,0.8461538461538461,0.42857142857142855,0.7857142857142857,0.0004
160,1.336354911327362,1.7190158367156982,0.5576923076923077,0.8269230769230769,0.42857142857142855,0.7857142857142857,0.0004
161,1.3101343512535095,1.8698983192443848,0.5769230769230769,0.8076923076923077,0.2857142857142857,0.7142857142857143,0.0004
162,1.373231053352356,1.4526456594467163,0.5384615384615384,0.8269230769230769,0.5,0.7857142857142857,0.0004
163,1.3320281505584717,1.4217981100082397,0.5192307692307693,0.8269230769230769,0.42857142857142855,0.7857142857142857,0.0004
164,1.3368914127349854,1.7301467657089233,0.5961538461538461,0.8461538461538461,0.2857142857142857,0.7857142857142857,0.0004
165,1.2967775464057922,1.3260905742645264,0.5384615384615384,0.8076923076923077,0.5714285714285714,0.8571428571428571,0.0004
166,1.265095829963684,1.4833452701568604,0.5192307692307693,0.8461538461538461,0.2857142857142857,0.8571428571428571,0.0004
167,1.2417161464691162,1.4760308265686035,0.5961538461538461,0.8269230769230769,0.5,0.7857142857142857,0.0004
168,1.1793573498725891,1.330470323562622,0.6153846153846154,0.8653846153846154,0.5714285714285714,0.7142857142857143,0.0004
169,1.2554494738578796,1.429587483406067,0.5961538461538461,0.8269230769230769,0.5,0.7857142857142857,0.0004
170,1.3627883791923523,1.3502678871154785,0.5769230769230769,0.8076923076923077,0.5,0.7142857142857143,0.0004
171,1.2569369077682495,1.6069533824920654,0.5961538461538461,0.8269230769230769,0.5,0.7857142857142857,0.0004
172,1.213547945022583,1.288987159729004,0.5769230769230769,0.8461538461538461,0.5714285714285714,0.7857142857142857,0.0004
173,1.3938535451889038,1.3641791343688965,0.5769230769230769,0.7884615384615384,0.5,0.7142857142857143,0.0004
174,1.2033069729804993,1.3967063426971436,0.6346153846153846,0.8461538461538461,0.35714285714285715,0.7857142857142857,0.0004
175,1.3041742444038391,1.435326337814331,0.6730769230769231,0.8461538461538461,0.5,0.8571428571428571,0.0004
176,1.1287729740142822,1.4987318515777588,0.7692307692307693,0.8076923076923077,0.35714285714285715,0.8571428571428571,0.0004
177,1.2275811433792114,1.4136543273925781,0.5961538461538461,0.8076923076923077,0.5714285714285714,0.7857142857142857,0.0004
178,1.4632657170295715,1.4144479036331177,0.5384615384615384,0.8076923076923077,0.42857142857142855,0.8571428571428571,0.0004
179,1.3961021900177002,1.9168695211410522,0.5384615384615384,0.7884615384615384,0.21428571428571427,0.8571428571428571,0.0004
180,1.4420884847640991,1.4080969095230103,0.5192307692307693,0.8076923076923077,0.35714285714285715,0.8571428571428571,0.0004
181,1.2004659175872803,1.3354765176773071,0.6346153846153846,0.8269230769230769,0.5,0.7857142857142857,0.0004
182,1.3414728045463562,1.802087664604187,0.5961538461538461,0.8269230769230769,0.2857142857142857,0.7857142857142857,0.0004
183,1.3695595860481262,1.62864351272583,0.5192307692307693,0.8461538461538461,0.42857142857142855,0.8571428571428571,0.0004
184,1.3290209770202637,1.381485104560852,0.5576923076923077,0.8269230769230769,0.5714285714285714,0.8571428571428571,0.0004
185,1.35842764377594,1.3285861015319824,0.5,0.8461538461538461,0.5714285714285714,0.8571428571428571,0.0004
186,1.2567628622055054,1.256474256515503,0.5576923076923077,0.8076923076923077,0.5714285714285714,0.8571428571428571,0.0004
187,1.3000136613845825,1.3200833797454834,0.6153846153846154,0.8076923076923077,0.6428571428571429,0.7857142857142857,0.0004
188,1.1982408165931702,1.472787857055664,0.6346153846153846,0.8269230769230769,0.5,0.7857142857142857,0.0004
189,1.2916113138198853,1.325197696685791,0.5576923076923077,0.8461538461538461,0.5714285714285714,0.8571428571428571,0.0004
190,1.2214071154594421,1.570125937461853,0.6538461538461539,0.8461538461538461,0.5,0.7142857142857143,0.0004
191,1.2336211800575256,1.3439228534698486,0.6153846153846154,0.8269230769230769,0.5714285714285714,0.7857142857142857,0.0004
192,1.2543948888778687,1.5044856071472168,0.6346153846153846,0.7884615384615384,0.35714285714285715,0.9285714285714286,0.0004
193,1.3220704197883606,1.0828874111175537,0.5769230769230769,0.8269230769230769,0.5714285714285714,0.8571428571428571,0.0004
194,1.2638965249061584,1.1193299293518066,0.5961538461538461,0.8269230769230769,0.7142857142857143,0.9285714285714286,0.0004
195,1.238064706325531,1.3919228315353394,0.5961538461538461,0.8461538461538461,0.42857142857142855,0.8571428571428571,0.0004
196,1.1353726387023926,1.4585380554199219,0.6730769230769231,0.8269230769230769,0.5,0.8571428571428571,0.0004
197,1.211233675479889,1.433964490890503,0.5576923076923077,0.8269230769230769,0.5,0.8571428571428571,0.0004
198,1.4502322673797607,1.2819362878799438,0.5384615384615384,0.8269230769230769,0.42857142857142855,0.7857142857142857,0.0004
199,1.1493540108203888,1.2272915840148926,0.6346153846153846,0.8269230769230769,0.5714285714285714,0.8571428571428571,0.0004
200,1.256433755159378,1.5804297924041748,0.5192307692307693,0.8269230769230769,0.5,0.8571428571428571,0.0004
201,1.1786943674087524,1.6938055753707886,0.6153846153846154,0.8269230769230769,0.42857142857142855,0.8571428571428571,0.0004
202,1.214734137058258,1.3077086210250854,0.6346153846153846,0.8653846153846154,0.6428571428571429,0.8571428571428571,0.0004
203,1.2978416681289673,1.3874611854553223,0.6153846153846154,0.8269230769230769,0.5,0.8571428571428571,0.0004
204,1.2948893904685974,1.4004733562469482,0.6346153846153846,0.7884615384615384,0.42857142857142855,0.9285714285714286,0.0004
205,1.2630091905593872,1.2996617555618286,0.6346153846153846,0.8076923076923077,0.5714285714285714,0.8571428571428571,0.0004
206,1.207543671131134,1.4754366874694824,0.5576923076923077,0.8269230769230769,0.35714285714285715,0.9285714285714286,0.0004
207,1.300003468990326,1.389529824256897,0.6153846153846154,0.8269230769230769,0.5,0.8571428571428571,0.0004
208,1.135000467300415,1.0664740800857544,0.6538461538461539,0.8269230769230769,0.6428571428571429,0.8571428571428571,0.0004
209,1.3037949204444885,1.1612004041671753,0.5384615384615384,0.8269230769230769,0.5714285714285714,0.8571428571428571,0.0004
210,1.2571706175804138,1.0150054693222046,0.6923076923076923,0.8269230769230769,0.8571428571428571,0.8571428571428571,0.0004
211,1.2486990690231323,1.3196593523025513,0.6153846153846154,0.8269230769230769,0.5714285714285714,0.8571428571428571,0.0004
212,1.355130672454834,1.2534756660461426,0.5961538461538461,0.7692307692307693,0.6428571428571429,0.7142857142857143,0.0004
213,1.2505542635917664,1.4166550636291504,0.5576923076923077,0.8461538461538461,0.5714285714285714,0.7857142857142857,0.0004
214,1.1817501783370972,1.5750173330307007,0.6538461538461539,0.8461538461538461,0.5,0.7142857142857143,0.0004
215,1.1933854818344116,1.312669277191162,0.6153846153846154,0.8653846153846154,0.5,0.7142857142857143,0.0004
216,1.207327127456665,1.1579341888427734,0.6346153846153846,0.8269230769230769,0.5714285714285714,0.7857142857142857,0.0004
217,1.1405268609523773,1.385898232460022,0.6730769230769231,0.8461538461538461,0.42857142857142855,0.7857142857142857,0.0004
218,1.1746598482131958,1.274027943611145,0.5961538461538461,0.8076923076923077,0.5714285714285714,0.8571428571428571,0.0004
219,1.1363270282745361,1.3526041507720947,0.6346153846153846,0.8269230769230769,0.35714285714285715,0.8571428571428571,0.0004
220,1.1855649948120117,1.1922134160995483,0.6538461538461539,0.8269230769230769,0.5714285714285714,0.7142857142857143,0.0004
221,1.226917028427124,1.5288872718811035,0.5769230769230769,0.8461538461538461,0.5,0.7857142857142857,0.0004
222,1.1526559889316559,1.5359153747558594,0.6538461538461539,0.8461538461538461,0.5,0.8571428571428571,0.0004
223,1.1848172545433044,1.3670144081115723,0.6346153846153846,0.8269230769230769,0.42857142857142855,0.8571428571428571,0.0004
224,1.1757044196128845,1.0937776565551758,0.5961538461538461,0.8269230769230769,0.5714285714285714,0.8571428571428571,0.0004
225,1.1365584135055542,1.2468502521514893,0.6153846153846154,0.8653846153846154,0.5714285714285714,0.7857142857142857,0.0004
226,1.088013470172882,1.3416990041732788,0.6346153846153846,0.8269230769230769,0.5,0.7857142857142857,0.0004
227,1.1159113645553589,1.7193729877471924,0.6346153846153846,0.7884615384615384,0.35714285714285715,0.7142857142857143,0.0004
228,1.142868995666504,1.349289059638977,0.6153846153846154,0.8653846153846154,0.6428571428571429,0.7142857142857143,0.0004
229,1.0987449288368225,1.1144182682037354,0.6538461538461539,0.8653846153846154,0.6428571428571429,0.7857142857142857,0.0004
230,1.0033033788204193,1.3594130277633667,0.75,0.8653846153846154,0.5,0.8571428571428571,0.0004
231,1.04284206032753,1.0148922204971313,0.6538461538461539,0.8076923076923077,0.6428571428571429,0.9285714285714286,0.0004
232,1.0996367931365967,1.362594723701477,0.6538461538461539,0.8461538461538461,0.5,0.8571428571428571,0.0004
233,1.170279860496521,1.2372550964355469,0.6538461538461539,0.8653846153846154,0.5,0.8571428571428571,0.0004
234,1.21046182513237,1.213014841079712,0.6923076923076923,0.8076923076923077,0.5714285714285714,0.7857142857142857,0.0004
235,1.1028680801391602,1.420170783996582,0.6346153846153846,0.8269230769230769,0.6428571428571429,0.7857142857142857,0.0004
236,1.106029450893402,1.094348430633545,0.6538461538461539,0.8269230769230769,0.7142857142857143,0.7857142857142857,0.0004
237,1.0176007151603699,1.4687862396240234,0.6923076923076923,0.8269230769230769,0.42857142857142855,0.7857142857142857,0.0004
238,1.1375702023506165,1.4039876461029053,0.6153846153846154,0.8269230769230769,0.5,0.7857142857142857,0.0004
239,1.1258855760097504,1.703256368637085,0.6538461538461539,0.9230769230769231,0.35714285714285715,0.7857142857142857,0.0004
240,1.178254783153534,1.336897373199463,0.6346153846153846,0.8846153846153846,0.5714285714285714,0.8571428571428571,0.0004
241,1.0836060643196106,1.381542444229126,0.6923076923076923,0.9038461538461539,0.6428571428571429,0.6428571428571429,0.0004
242,1.4314267039299011,1.2010180950164795,0.5769230769230769,0.8461538461538461,0.7142857142857143,0.5714285714285714,0.0004
243,1.292811930179596,1.5304657220840454,0.5384615384615384,0.8846153846153846,0.5714285714285714,0.6428571428571429,0.0004
244,1.20432710647583,1.1971813440322876,0.6346153846153846,0.8653846153846154,0.6428571428571429,0.5714285714285714,0.0004
245,1.3751713037490845,1.3271652460098267,0.5192307692307693,0.8461538461538461,0.5714285714285714,0.8571428571428571,0.0004
246,1.279220700263977,1.2124489545822144,0.5961538461538461,0.8076923076923077,0.6428571428571429,0.7857142857142857,0.0004
247,1.1205391883850098,1.1168198585510254,0.6153846153846154,0.8269230769230769,0.5714285714285714,0.9285714285714286,0.0004
248,1.1233748197555542,1.3496458530426025,0.5192307692307693,0.8461538461538461,0.42857142857142855,0.7857142857142857,0.0004
249,1.2272526025772095,1.2748302221298218,0.6153846153846154,0.7884615384615384,0.5714285714285714,0.8571428571428571,0.0004
250,0.9727194607257843,1.3908030986785889,0.6730769230769231,0.8846153846153846,0.6428571428571429,0.7857142857142857,0.0004
251,1.04730623960495,1.4642452001571655,0.6538461538461539,0.8846153846153846,0.5714285714285714,0.8571428571428571,0.0004
252,1.300743818283081,1.449263095855713,0.5576923076923077,0.8653846153846154,0.5,0.7142857142857143,0.0004
253,1.1919746398925781,1.4328341484069824,0.5961538461538461,0.7692307692307693,0.5,0.7142857142857143,0.0004
254,1.432599425315857,1.2260692119598389,0.6346153846153846,0.8076923076923077,0.7142857142857143,0.7142857142857143,0.0004
255,1.1540403366088867,1.7460922002792358,0.6538461538461539,0.9038461538461539,0.42857142857142855,0.7142857142857143,0.0004
256,1.39435213804245,1.5173633098602295,0.5961538461538461,0.75,0.5714285714285714,0.5714285714285714,0.0004
257,1.1376474499702454,1.357029676437378,0.6153846153846154,0.8653846153846154,0.7142857142857143,0.7142857142857143,0.0004
258,1.07840496301651,1.5327427387237549,0.6923076923076923,0.8461538461538461,0.5,0.7142857142857143,0.0004
259,1.2002577185630798,1.0133147239685059,0.6346153846153846,0.8846153846153846,0.7142857142857143,0.8571428571428571,0.0004
260,1.258265495300293,1.2329211235046387,0.6153846153846154,0.7884615384615384,0.5,0.9285714285714286,0.0004
261,1.3068899512290955,1.6349183320999146,0.5769230769230769,0.8461538461538461,0.5,0.6428571428571429,0.0004
262,1.1641563773155212,1.0770683288574219,0.6538461538461539,0.8076923076923077,0.7142857142857143,0.7857142857142857,0.0004
263,1.2594459652900696,1.1804900169372559,0.6923076923076923,0.7307692307692307,0.5,0.9285714285714286,0.0004
264,1.1597409844398499,1.3141976594924927,0.5961538461538461,0.8461538461538461,0.6428571428571429,0.7857142857142857,0.0004
265,1.146963655948639,1.3589861392974854,0.6346153846153846,0.8076923076923077,0.5714285714285714,0.7857142857142857,0.0004
266,1.3032389879226685,0.9513965845108032,0.5961538461538461,0.8653846153846154,0.7142857142857143,0.8571428571428571,0.0004
267,1.2557440400123596,1.0777543783187866,0.6538461538461539,0.7884615384615384,0.6428571428571429,0.7857142857142857,0.0004
268,1.3754090070724487,1.2200168371200562,0.5384615384615384,0.7884615384615384,0.5714285714285714,0.7857142857142857,0.0004
269,1.4214892983436584,1.1582770347595215,0.5192307692307693,0.8076923076923077,0.5714285714285714,0.7142857142857143,0.0004
270,1.2201564311981201,1.6298978328704834,0.5769230769230769,0.8461538461538461,0.42857142857142855,0.7857142857142857,0.0004
271,1.1662745475769043,1.2307536602020264,0.6346153846153846,0.8461538461538461,0.6428571428571429,0.7142857142857143,0.0004
272,1.2202584743499756,1.325354814529419,0.5769230769230769,0.7692307692307693,0.6428571428571429,0.6428571428571429,0.0004
273,1.1930177211761475,1.2385109663009644,0.6346153846153846,0.8461538461538461,0.6428571428571429,0.7857142857142857,0.0004
274,1.4404208064079285,1.3129521608352661,0.5,0.8461538461538461,0.5,0.7857142857142857,0.0004
275,1.31967431306839,1.3047746419906616,0.5576923076923077,0.8461538461538461,0.5714285714285714,0.7142857142857143,0.0004
276,1.3198314905166626,1.4475810527801514,0.5769230769230769,0.8269230769230769,0.5714285714285714,0.7857142857142857,0.0004
277,1.502504587173462,1.7409334182739258,0.5769230769230769,0.8269230769230769,0.5714285714285714,0.6428571428571429,0.0004
278,1.4216400384902954,1.5589905977249146,0.5961538461538461,0.75,0.5,0.7142857142857143,0.0004
279,1.4208292365074158,1.5884954929351807,0.5576923076923077,0.7884615384615384,0.5,0.6428571428571429,0.0004
280,1.2558403611183167,1.4043171405792236,0.5961538461538461,0.7692307692307693,0.6428571428571429,0.6428571428571429,0.0004
281,1.2727686762809753,1.391995906829834,0.5384615384615384,0.8269230769230769,0.5,0.7857142857142857,0.0004
282,1.3762301802635193,1.3935805559158325,0.4807692307692308,0.8269230769230769,0.5,0.6428571428571429,0.0004
283,1.178490161895752,1.034279704093933,0.6346153846153846,0.8269230769230769,0.7142857142857143,0.9285714285714286,0.0004
284,1.2046288847923279,0.9706463813781738,0.6346153846153846,0.8269230769230769,0.6428571428571429,0.7857142857142857,0.0004
285,1.1898220479488373,1.3216397762298584,0.6346153846153846,0.8461538461538461,0.42857142857142855,0.8571428571428571,0.0004
286,1.1561762690544128,1.4244407415390015,0.6538461538461539,0.8461538461538461,0.5,0.7857142857142857,0.0004
287,1.1873312890529633,1.0539979934692383,0.6730769230769231,0.8461538461538461,0.7857142857142857,0.7142857142857143,0.0004
288,1.0048503875732422,1.4556927680969238,0.75,0.8846153846153846,0.5,0.7142857142857143,0.0004
289,1.2510327696800232,1.5645034313201904,0.5384615384615384,0.8269230769230769,0.42857142857142855,0.7142857142857143,0.0004
290,1.2483274340629578,1.3241844177246094,0.5961538461538461,0.8461538461538461,0.6428571428571429,0.7142857142857143,0.0004
291,1.1473302245140076,1.491336703300476,0.6153846153846154,0.8846153846153846,0.42857142857142855,0.8571428571428571,0.0004
292,1.147083818912506,1.4798165559768677,0.6923076923076923,0.7692307692307693,0.5,0.7142857142857143,0.0004
293,1.129140019416809,1.2802083492279053,0.6538461538461539,0.8269230769230769,0.5714285714285714,0.7142857142857143,0.0004
294,1.238637626171112,1.6018757820129395,0.5576923076923077,0.8269230769230769,0.5,0.7857142857142857,0.0004
295,1.1667076349258423,1.5045278072357178,0.6153846153846154,0.7692307692307693,0.42857142857142855,0.7857142857142857,0.0004
296,1.118477314710617,1.23110032081604,0.6923076923076923,0.8269230769230769,0.6428571428571429,0.7142857142857143,0.0004
297,0.9495516419410706,1.2825334072113037,0.7692307692307693,0.8269230769230769,0.6428571428571429,0.7142857142857143,0.0004
298,1.1942087411880493,1.4053308963775635,0.6346153846153846,0.8076923076923077,0.5714285714285714,0.7857142857142857,0.0004
299,1.3103918433189392,1.40329909324646,0.6346153846153846,0.8076923076923077,0.5,0.7857142857142857,0.0004
300,1.163332760334015,0.9032766819000244,0.6346153846153846,0.8269230769230769,0.7857142857142857,0.7857142857142857,0.0004
301,1.1417949199676514,1.048759937286377,0.6538461538461539,0.8653846153846154,0.5714285714285714,0.7857142857142857,0.0004
302,1.0965572595596313,1.3386814594268799,0.6153846153846154,0.8461538461538461,0.42857142857142855,0.8571428571428571,0.0004
303,1.0406374335289001,1.1221061944961548,0.6538461538461539,0.8653846153846154,0.7857142857142857,0.7857142857142857,0.0004
304,1.066089689731598,1.7515709400177002,0.7115384615384616,0.8461538461538461,0.35714285714285715,0.7142857142857143,0.0004
305,1.2779285907745361,1.3215854167938232,0.6538461538461539,0.8269230769230769,0.5714285714285714,0.7142857142857143,0.0004
306,0.9779509902000427,1.0943560600280762,0.6730769230769231,0.8461538461538461,0.6428571428571429,0.6428571428571429,0.0004
307,1.1426199078559875,1.5517100095748901,0.5961538461538461,0.8653846153846154,0.5,0.7142857142857143,0.0004
308,1.061314582824707,1.4429293870925903,0.6730769230769231,0.8846153846153846,0.5,0.8571428571428571,0.0004
309,1.088611125946045,1.7920236587524414,0.6538461538461539,0.8269230769230769,0.5,0.7142857142857143,0.0004
310,1.2454167008399963,1.1963846683502197,0.5769230769230769,0.8461538461538461,0.5,0.7142857142857143,0.0004
311,1.4410982131958008,1.9606151580810547,0.5576923076923077,0.7692307692307693,0.42857142857142855,0.5714285714285714,0.0004
312,1.1356571912765503,1.6084232330322266,0.6538461538461539,0.7692307692307693,0.42857142857142855,0.7142857142857143,0.0004
313,1.1487948298454285,1.8569321632385254,0.6346153846153846,0.8076923076923077,0.2857142857142857,0.7142857142857143,0.0004
314,1.1248552799224854,1.267403483390808,0.6730769230769231,0.8461538461538461,0.5714285714285714,0.8571428571428571,0.0004
315,1.3382009267807007,1.4091298580169678,0.5576923076923077,0.8076923076923077,0.6428571428571429,0.7857142857142857,0.0004
316,1.1014933586120605,1.0140197277069092,0.7115384615384616,0.8269230769230769,0.6428571428571429,0.9285714285714286,0.0004
317,0.9048978984355927,1.6154890060424805,0.75,0.8653846153846154,0.5,0.8571428571428571,0.0004
318,1.1575103998184204,1.6436759233474731,0.6730769230769231,0.9038461538461539,0.5,0.7857142857142857,0.0004
319,1.2263795733451843,1.547903299331665,0.5961538461538461,0.8653846153846154,0.5,0.7857142857142857,0.0004
320,0.9802245795726776,1.2673496007919312,0.75,0.8653846153846154,0.5714285714285714,0.8571428571428571,0.0004
321,1.145037829875946,1.0619652271270752,0.6730769230769231,0.8461538461538461,0.7142857142857143,0.7142857142857143,0.0004
322,1.016956627368927,1.1916379928588867,0.6730769230769231,0.8846153846153846,0.7142857142857143,0.7142857142857143,0.0004
323,1.2355182766914368,1.3161821365356445,0.6153846153846154,0.8461538461538461,0.5714285714285714,0.7857142857142857,0.0004
324,1.207400381565094,1.0231335163116455,0.5961538461538461,0.8653846153846154,0.6428571428571429,0.8571428571428571,0.0004
325,1.1749332547187805,1.0950169563293457,0.6730769230769231,0.75,0.7142857142857143,0.7857142857142857,0.0004
326,1.1343676447868347,0.9204798936843872,0.6538461538461539,0.8653846153846154,0.7857142857142857,0.7142857142857143,0.0004
327,1.2415580749511719,1.0854640007019043,0.5961538461538461,0.8846153846153846,0.5714285714285714,0.7857142857142857,0.0004
328,1.1078267693519592,1.4455480575561523,0.6153846153846154,0.8846153846153846,0.5714285714285714,0.5714285714285714,0.0004
329,0.9822106063365936,1.1423821449279785,0.6923076923076923,0.8846153846153846,0.5714285714285714,0.7857142857142857,0.0004
330,1.3105310201644897,1.4909577369689941,0.5576923076923077,0.8076923076923077,0.5714285714285714,0.6428571428571429,0.0004
331,1.3612168431282043,1.1900163888931274,0.6346153846153846,0.8269230769230769,0.6428571428571429,0.8571428571428571,0.0004
332,0.9802258014678955,1.2947397232055664,0.75,0.8269230769230769,0.5714285714285714,0.7142857142857143,0.0004
333,1.3021199107170105,0.7443661689758301,0.5576923076923077,0.8269230769230769,0.8571428571428571,0.8571428571428571,0.0004
334,1.222868412733078,1.3540101051330566,0.5192307692307693,0.8653846153846154,0.5714285714285714,0.7142857142857143,0.0004
335,1.1166952848434448,1.59330415725708,0.6153846153846154,0.8846153846153846,0.5,0.7857142857142857,0.0004
336,1.3027076125144958,1.9500470161437988,0.5961538461538461,0.8653846153846154,0.35714285714285715,0.6428571428571429,0.0004
337,1.1257038712501526,1.5871949195861816,0.7115384615384616,0.8653846153846154,0.35714285714285715,0.7857142857142857,0.0004
338,1.0153517127037048,1.014564037322998,0.6923076923076923,0.9230769230769231,0.7142857142857143,0.7142857142857143,0.0004
339,1.1037212908267975,0.9740827083587646,0.6153846153846154,0.8846153846153846,0.7142857142857143,0.7142857142857143,0.0004
340,0.9548831582069397,1.162246584892273,0.6923076923076923,0.9038461538461539,0.7142857142857143,0.6428571428571429,0.0004
341,0.9212180972099304,0.7683574557304382,0.75,0.9423076923076923,0.8571428571428571,0.7857142857142857,0.0004
342,1.1692227125167847,1.5767042636871338,0.6923076923076923,0.8076923076923077,0.5714285714285714,0.5714285714285714,0.0004
343,1.1159992218017578,1.166388750076294,0.6538461538461539,0.8846153846153846,0.5714285714285714,0.8571428571428571,0.0004
344,1.1076861917972565,0.8591413497924805,0.6923076923076923,0.8653846153846154,0.7142857142857143,0.9285714285714286,0.0004
345,1.2731005549430847,0.9895000457763672,0.6153846153846154,0.7884615384615384,0.5714285714285714,0.9285714285714286,0.0004
346,1.0377206802368164,1.2718851566314697,0.6538461538461539,0.8653846153846154,0.42857142857142855,0.8571428571428571,0.0004
347,1.2204181551933289,0.9286153316497803,0.5961538461538461,0.8653846153846154,0.6428571428571429,0.9285714285714286,0.0004
348,1.130274772644043,1.29994535446167,0.6153846153846154,0.9038461538461539,0.5714285714285714,0.7142857142857143,0.0004
349,1.1088173985481262,1.3456990718841553,0.6730769230769231,0.7692307692307693,0.6428571428571429,0.7142857142857143,0.0004
350,1.2730501294136047,1.8643914461135864,0.5961538461538461,0.8846153846153846,0.5714285714285714,0.5,0.0004
351,1.2740920782089233,1.3319110870361328,0.6153846153846154,0.8269230769230769,0.5,0.7857142857142857,0.0004
352,1.0305783450603485,1.5589444637298584,0.7115384615384616,0.8653846153846154,0.5,0.7142857142857143,0.0004
353,1.1403855979442596,1.2737457752227783,0.5192307692307693,0.8653846153846154,0.6428571428571429,0.7857142857142857,0.0004
354,1.0461997389793396,1.6217420101165771,0.6538461538461539,0.8846153846153846,0.35714285714285715,0.7857142857142857,0.0004
355,1.339410424232483,1.340624451637268,0.5576923076923077,0.7884615384615384,0.5714285714285714,0.7857142857142857,0.0004
356,1.1915965676307678,1.1350750923156738,0.6730769230769231,0.8846153846153846,0.6428571428571429,0.8571428571428571,0.0004
357,1.2691436409950256,1.2736892700195312,0.5769230769230769,0.8461538461538461,0.6428571428571429,0.7142857142857143,0.0004
358,1.40167635679245,1.2778040170669556,0.5576923076923077,0.7692307692307693,0.42857142857142855,0.8571428571428571,0.0004
359,1.0184909105300903,1.5185216665267944,0.6538461538461539,0.8461538461538461,0.42857142857142855,0.7142857142857143,0.0004
360,1.0646815299987793,1.4221148490905762,0.6923076923076923,0.8653846153846154,0.6428571428571429,0.7857142857142857,0.0004
361,1.0602782368659973,1.3864331245422363,0.7307692307692307,0.8653846153846154,0.5714285714285714,0.7142857142857143,0.0004
362,1.1395582556724548,1.6702911853790283,0.6730769230769231,0.8653846153846154,0.42857142857142855,0.7142857142857143,0.0004
363,1.1652289628982544,1.3954710960388184,0.6153846153846154,0.8076923076923077,0.5714285714285714,0.7857142857142857,0.0004
364,0.9102049767971039,1.4711687564849854,0.8269230769230769,0.8846153846153846,0.5,0.8571428571428571,0.0004
365,1.1408045887947083,1.306513786315918,0.6730769230769231,0.8653846153846154,0.5714285714285714,0.7857142857142857,0.0004
366,1.009116530418396,0.9839205145835876,0.6923076923076923,0.8846153846153846,0.7142857142857143,0.8571428571428571,0.0004
367,1.2196047902107239,1.5940834283828735,0.6923076923076923,0.8269230769230769,0.42857142857142855,0.7142857142857143,0.0004
368,1.1858056783676147,1.1629722118377686,0.6346153846153846,0.8269230769230769,0.7142857142857143,0.7142857142857143,0.0004
369,1.126542091369629,1.453871250152588,0.6538461538461539,0.8269230769230769,0.5,0.5714285714285714,0.0004
370,1.0463685989379883,1.5395417213439941,0.6538461538461539,0.8653846153846154,0.5714285714285714,0.5714285714285714,0.0004
371,1.1528528332710266,1.46284019947052,0.7115384615384616,0.8269230769230769,0.5,0.6428571428571429,0.0004
372,1.1905295848846436,1.6314826011657715,0.6923076923076923,0.8269230769230769,0.5714285714285714,0.7142857142857143,0.0004
373,1.104812502861023,1.0994641780853271,0.6538461538461539,0.8846153846153846,0.5714285714285714,0.7857142857142857,0.0004
374,1.1142048835754395,0.7987046241760254,0.6346153846153846,0.8461538461538461,0.8571428571428571,0.7857142857142857,0.0004
375,0.9519145786762238,1.3331835269927979,0.6923076923076923,0.8846153846153846,0.5714285714285714,0.7142857142857143,0.0004
376,1.0995254516601562,1.4561786651611328,0.5961538461538461,0.8076923076923077,0.5,0.7857142857142857,0.0004
377,1.0767056941986084,1.2398110628128052,0.5961538461538461,0.8653846153846154,0.5714285714285714,0.7857142857142857,0.0004
378,1.0095776915550232,1.1895596981048584,0.6730769230769231,0.8653846153846154,0.5714285714285714,0.8571428571428571,0.0004
379,0.9419444799423218,1.1420655250549316,0.7692307692307693,0.8461538461538461,0.7142857142857143,0.6428571428571429,0.0004
380,1.012501448392868,1.466619610786438,0.7115384615384616,0.8461538461538461,0.5,0.7857142857142857,0.0004
381,0.8634015619754791,1.321207046508789,0.6923076923076923,0.8846153846153846,0.6428571428571429,0.7857142857142857,0.0004
382,1.2032694220542908,1.0683834552764893,0.6153846153846154,0.8269230769230769,0.7142857142857143,0.7857142857142857,0.0004
383,1.1376512050628662,1.0439456701278687,0.6538461538461539,0.8653846153846154,0.6428571428571429,0.8571428571428571,0.0004
384,1.142454206943512,1.5959420204162598,0.7115384615384616,0.8846153846153846,0.5714285714285714,0.5714285714285714,0.0004
385,1.3020517528057098,0.7775480151176453,0.6346153846153846,0.8076923076923077,0.7857142857142857,0.9285714285714286,0.0004
386,1.006024718284607,1.7212200164794922,0.6923076923076923,0.9038461538461539,0.42857142857142855,0.7142857142857143,0.0004
387,1.3737417459487915,1.0178990364074707,0.5384615384615384,0.8461538461538461,0.6428571428571429,0.7857142857142857,0.0004
388,0.9821579456329346,1.3142399787902832,0.6346153846153846,0.8846153846153846,0.5714285714285714,0.8571428571428571,0.0004
389,1.2520468831062317,1.3251415491104126,0.5961538461538461,0.8653846153846154,0.5714285714285714,0.7857142857142857,0.0004
390,0.8944104313850403,1.1989226341247559,0.7884615384615384,0.8653846153846154,0.7857142857142857,0.6428571428571429,0.0004
391,1.1197243630886078,1.3596311807632446,0.7115384615384616,0.8461538461538461,0.6428571428571429,0.7142857142857143,0.0004
392,1.088421255350113,1.3422400951385498,0.6346153846153846,0.8461538461538461,0.5714285714285714,0.7142857142857143,0.0004
393,1.1550762057304382,1.4891321659088135,0.6153846153846154,0.8461538461538461,0.5714285714285714,0.7142857142857143,0.0004
394,0.9461238384246826,1.2141553163528442,0.75,0.8269230769230769,0.5,0.8571428571428571,0.0004
395,1.2637979984283447,1.3884867429733276,0.5769230769230769,0.8846153846153846,0.5714285714285714,0.7857142857142857,0.0004
396,0.9110473394393921,1.4698679447174072,0.8076923076923077,0.8653846153846154,0.5714285714285714,0.7142857142857143,0.0004
397,1.0956799387931824,1.0454035997390747,0.6538461538461539,0.8653846153846154,0.7142857142857143,0.7142857142857143,0.0004
398,0.9760021865367889,1.41391122341156,0.6923076923076923,0.8846153846153846,0.5714285714285714,0.6428571428571429,0.0004
399,1.1329942345619202,1.413085699081421,0.6538461538461539,0.8269230769230769,0.5714285714285714,0.7142857142857143,0.0004
400,1.3109095692634583,1.2169570922851562,0.5,0.8653846153846154,0.6428571428571429,0.7142857142857143,0.0004
401,1.037494271993637,1.126016616821289,0.6730769230769231,0.9038461538461539,0.5714285714285714,0.8571428571428571,0.0004
402,1.0663117170333862,1.159468650817871,0.7115384615384616,0.8653846153846154,0.5,0.8571428571428571,0.0004
403,0.9820339679718018,0.8904256820678711,0.6923076923076923,0.8653846153846154,0.7857142857142857,0.7142857142857143,0.0004
404,1.2614253163337708,1.0480403900146484,0.5961538461538461,0.8269230769230769,0.6428571428571429,0.8571428571428571,0.0004
405,1.0368219017982483,1.307936429977417,0.75,0.8461538461538461,0.7142857142857143,0.7857142857142857,0.0004
406,1.0130650401115417,1.0281459093093872,0.75,0.8269230769230769,0.7142857142857143,0.8571428571428571,0.0004
407,1.0137171745300293,1.0559868812561035,0.7115384615384616,0.8846153846153846,0.7857142857142857,0.7857142857142857,0.0004
408,1.0081598460674286,1.4429161548614502,0.6923076923076923,0.9038461538461539,0.6428571428571429,0.6428571428571429,0.0004
409,1.0912978947162628,1.258522629737854,0.6730769230769231,0.8846153846153846,0.5714285714285714,0.8571428571428571,0.0004
410,0.8921226859092712,1.2310587167739868,0.75,0.8846153846153846,0.5714285714285714,0.7857142857142857,0.0004
411,1.054180383682251,1.2838921546936035,0.6730769230769231,0.8846153846153846,0.7142857142857143,0.6428571428571429,0.0004
412,0.8152332603931427,1.6003479957580566,0.7692307692307693,0.8461538461538461,0.5,0.6428571428571429,0.0004
413,1.3616046905517578,1.966036319732666,0.5961538461538461,0.8269230769230769,0.2857142857142857,0.5714285714285714,0.0004
414,1.1347473859786987,1.5809098482131958,0.6923076923076923,0.8269230769230769,0.5,0.6428571428571429,0.0004
415,1.225252628326416,1.9450377225875854,0.6730769230769231,0.8076923076923077,0.2857142857142857,0.6428571428571429,0.0004
416,1.4604206085205078,1.5517873764038086,0.5576923076923077,0.7884615384615384,0.42857142857142855,0.8571428571428571,0.0004
417,1.0214369297027588,1.6134936809539795,0.6923076923076923,0.8653846153846154,0.35714285714285715,0.7857142857142857,0.0004
418,0.9541387856006622,1.1540021896362305,0.6923076923076923,0.9615384615384616,0.7857142857142857,0.7142857142857143,0.0004
419,1.1240530610084534,1.5144016742706299,0.5961538461538461,0.8461538461538461,0.5,0.7857142857142857,0.0004
420,0.9547885656356812,1.363592267036438,0.6923076923076923,0.8846153846153846,0.5714285714285714,0.7142857142857143,0.0004
421,0.9801531136035919,1.3446485996246338,0.7307692307692307,0.8846153846153846,0.5714285714285714,0.7857142857142857,0.0004
422,1.3411973118782043,1.2551984786987305,0.6346153846153846,0.8076923076923077,0.6428571428571429,0.7142857142857143,0.0004
423,1.429939866065979,1.4953269958496094,0.5,0.7692307692307693,0.5,0.7857142857142857,0.0004
424,1.3022703528404236,1.5564007759094238,0.6346153846153846,0.8653846153846154,0.5714285714285714,0.6428571428571429,0.0004
425,1.3982307314872742,1.6089552640914917,0.6153846153846154,0.8269230769230769,0.5714285714285714,0.7142857142857143,0.0004
426,1.466363549232483,1.4986529350280762,0.5576923076923077,0.8076923076923077,0.5,0.6428571428571429,0.0004
427,1.3885688185691833,1.588497281074524,0.5769230769230769,0.8461538461538461,0.35714285714285715,0.7857142857142857,0.0004
428,1.2767866849899292,1.5417319536209106,0.6153846153846154,0.8076923076923077,0.5714285714285714,0.6428571428571429,0.0004
429,1.2687631249427795,1.302183985710144,0.6153846153846154,0.8076923076923077,0.6428571428571429,0.7142857142857143,0.0004
430,1.0778308510780334,0.9927316308021545,0.6346153846153846,0.9230769230769231,0.5714285714285714,1.0,0.0004
431,1.1905157566070557,1.365540623664856,0.5576923076923077,0.8269230769230769,0.5714285714285714,0.7142857142857143,0.0004
432,1.3170201778411865,1.2883086204528809,0.6346153846153846,0.8076923076923077,0.5714285714285714,0.7142857142857143,0.0004
433,1.1444876492023468,1.3078837394714355,0.5576923076923077,0.8846153846153846,0.6428571428571429,0.7142857142857143,0.0004
434,1.1805673837661743,1.2582112550735474,0.6153846153846154,0.8846153846153846,0.5,0.8571428571428571,0.0004
435,1.1976853609085083,1.2734668254852295,0.5961538461538461,0.8269230769230769,0.7142857142857143,0.7142857142857143,0.0004
436,1.1328539848327637,1.2913559675216675,0.6346153846153846,0.8653846153846154,0.5714285714285714,0.7857142857142857,0.0004
437,1.0039135813713074,1.1254737377166748,0.7307692307692307,0.9038461538461539,0.7142857142857143,0.8571428571428571,0.0004
438,1.155211091041565,1.346919059753418,0.7115384615384616,0.8076923076923077,0.5,0.8571428571428571,0.0004
439,1.116886854171753,1.1898059844970703,0.6538461538461539,0.8269230769230769,0.7142857142857143,0.7857142857142857,0.0004
440,1.023175448179245,1.320970892906189,0.6923076923076923,0.8653846153846154,0.5,0.7857142857142857,0.0004
441,1.122416079044342,1.2417017221450806,0.6730769230769231,0.8269230769230769,0.6428571428571429,0.7857142857142857,0.0004
442,0.9596419632434845,1.1646367311477661,0.7115384615384616,0.8653846153846154,0.6428571428571429,0.8571428571428571,0.0004
443,1.1799180507659912,1.1010353565216064,0.6730769230769231,0.8269230769230769,0.7142857142857143,0.7142857142857143,0.0004
444,1.1621286273002625,1.7511205673217773,0.6346153846153846,0.8653846153846154,0.5,0.7142857142857143,0.0004
445,1.1317971348762512,1.6479169130325317,0.6730769230769231,0.8269230769230769,0.5714285714285714,0.7142857142857143,0.0004
446,1.324058711528778,1.5664055347442627,0.6153846153846154,0.8653846153846154,0.6428571428571429,0.6428571428571429,0.0004
447,1.224428415298462,1.4567670822143555,0.6538461538461539,0.8269230769230769,0.6428571428571429,0.6428571428571429,0.0004
448,0.957167387008667,1.615502119064331,0.7307692307692307,0.8653846153846154,0.5,0.7142857142857143,0.0004
449,0.9879235327243805,1.3264117240905762,0.6923076923076923,0.9230769230769231,0.6428571428571429,0.7857142857142857,0.0004
450,1.1146293580532074,1.5248517990112305,0.6923076923076923,0.8269230769230769,0.6428571428571429,0.6428571428571429,0.0004
451,1.1109341084957123,1.5318882465362549,0.7115384615384616,0.8269230769230769,0.5,0.7142857142857143,0.0004
452,1.1969301104545593,1.1574716567993164,0.6346153846153846,0.8461538461538461,0.6428571428571429,0.7142857142857143,0.0004
453,1.1281237602233887,1.2159098386764526,0.5961538461538461,0.8461538461538461,0.5,0.8571428571428571,0.0004
454,1.0428676903247833,0.8871120810508728,0.7692307692307693,0.8269230769230769,0.7857142857142857,0.9285714285714286,0.0004
455,0.8816719949245453,1.2664566040039062,0.75,0.9038461538461539,0.5714285714285714,0.7857142857142857,0.0004
456,1.0118164420127869,1.3134477138519287,0.6538461538461539,0.8846153846153846,0.6428571428571429,0.7857142857142857,0.0004
457,1.3339557647705078,1.4810901880264282,0.5576923076923077,0.75,0.5714285714285714,0.6428571428571429,0.0004
458,1.2984999418258667,1.2909914255142212,0.5576923076923077,0.8269230769230769,0.6428571428571429,0.7142857142857143,0.0004
459,1.0326599180698395,1.1431859731674194,0.6538461538461539,0.8461538461538461,0.6428571428571429,0.7857142857142857,0.0004
460,0.9243106842041016,1.5475934743881226,0.7307692307692307,0.9230769230769231,0.5714285714285714,0.6428571428571429,0.0004
461,0.9890473484992981,1.5880677700042725,0.75,0.8653846153846154,0.5714285714285714,0.7142857142857143,0.0004
462,1.1720733642578125,1.2325242757797241,0.6153846153846154,0.8461538461538461,0.7142857142857143,0.7142857142857143,0.0004
463,1.073834776878357,1.4738883972167969,0.6923076923076923,0.8269230769230769,0.6428571428571429,0.7142857142857143,0.0004
464,0.9245637953281403,1.3710523843765259,0.7307692307692307,0.8269230769230769,0.7142857142857143,0.7142857142857143,0.0004
465,1.0331431031227112,0.6979832053184509,0.75,0.8653846153846154,0.9285714285714286,0.7142857142857143,0.0004
466,1.011210858821869,1.4188287258148193,0.6730769230769231,0.8653846153846154,0.6428571428571429,0.7142857142857143,0.0004
467,1.0294053256511688,1.2203307151794434,0.7307692307692307,0.8653846153846154,0.5714285714285714,0.7857142857142857,0.0004
468,1.0754218399524689,1.614274263381958,0.6538461538461539,0.8461538461538461,0.5,0.6428571428571429,0.0004
469,1.143105387687683,1.180302619934082,0.6153846153846154,0.8653846153846154,0.7142857142857143,0.7857142857142857,0.0004
470,1.149338960647583,1.6256357431411743,0.6538461538461539,0.8461538461538461,0.5714285714285714,0.5714285714285714,0.0004
471,1.253444790840149,1.677211046218872,0.7115384615384616,0.7884615384615384,0.5,0.5714285714285714,0.0004
472,1.3024921417236328,2.245619773864746,0.6346153846153846,0.75,0.35714285714285715,0.5,0.0004
473,1.1214763522148132,1.7804863452911377,0.6346153846153846,0.8461538461538461,0.6428571428571429,0.6428571428571429,0.0004
474,1.261369913816452,1.459895133972168,0.6730769230769231,0.8461538461538461,0.6428571428571429,0.7142857142857143,0.0004
475,1.3582262992858887,1.8640220165252686,0.5384615384615384,0.7884615384615384,0.5714285714285714,0.6428571428571429,0.0004
476,1.1988865733146667,1.733466386795044,0.5769230769230769,0.8461538461538461,0.42857142857142855,0.6428571428571429,0.0004
477,0.9294341802597046,1.075094223022461,0.7115384615384616,0.8653846153846154,0.7142857142857143,0.7142857142857143,0.0004
478,1.1050820350646973,1.552386999130249,0.6923076923076923,0.8461538461538461,0.5,0.7857142857142857,0.0004
479,1.1050620079040527,1.4826468229293823,0.7115384615384616,0.8076923076923077,0.5,0.7857142857142857,0.0004
480,1.0413339734077454,1.482007622718811,0.7115384615384616,0.8461538461538461,0.7142857142857143,0.7142857142857143,0.0004
481,0.9258112609386444,1.1926442384719849,0.7115384615384616,0.8461538461538461,0.7142857142857143,0.6428571428571429,0.0004
482,0.9899020791053772,0.9479321241378784,0.7884615384615384,0.7884615384615384,0.7142857142857143,0.7857142857142857,0.0004
483,0.9624999761581421,1.4841694831848145,0.7115384615384616,0.8846153846153846,0.5714285714285714,0.7857142857142857,0.0004
484,1.1594999134540558,1.161940097808838,0.5769230769230769,0.8653846153846154,0.6428571428571429,0.6428571428571429,0.0004
485,1.2458211183547974,1.4941099882125854,0.5961538461538461,0.8076923076923077,0.42857142857142855,0.7142857142857143,0.0004
486,1.1412833034992218,0.9608341455459595,0.6153846153846154,0.9038461538461539,0.8571428571428571,0.7857142857142857,0.0004
487,0.8631119728088379,1.4600002765655518,0.7692307692307693,0.9423076923076923,0.42857142857142855,0.7857142857142857,0.0004
488,1.0320227146148682,1.094640851020813,0.5961538461538461,0.8846153846153846,0.7142857142857143,0.8571428571428571,0.0004
489,1.0765040218830109,1.4328160285949707,0.7307692307692307,0.8461538461538461,0.5714285714285714,0.7857142857142857,0.0004
490,1.0238037109375,0.8942817449569702,0.6538461538461539,0.9038461538461539,0.7142857142857143,0.9285714285714286,0.0004
491,1.2549797892570496,1.2887675762176514,0.6153846153846154,0.7884615384615384,0.5,0.7857142857142857,0.0004
492,0.9904198348522186,1.1305663585662842,0.6346153846153846,0.8846153846153846,0.6428571428571429,0.6428571428571429,0.0004
493,1.1850463151931763,1.1571638584136963,0.6153846153846154,0.8653846153846154,0.6428571428571429,0.8571428571428571,0.0004
494,1.0652329325675964,1.0528318881988525,0.6346153846153846,0.9230769230769231,0.7142857142857143,0.7857142857142857,0.0004
495,1.0018593668937683,0.9797815084457397,0.6346153846153846,0.8846153846153846,0.6428571428571429,0.8571428571428571,0.0004
496,1.0472903847694397,0.9090975522994995,0.7307692307692307,0.8269230769230769,0.7857142857142857,0.7857142857142857,0.0004
497,1.2672538757324219,1.5509657859802246,0.5961538461538461,0.8461538461538461,0.5714285714285714,0.7857142857142857,0.0004
498,1.0777813792228699,1.4935719966888428,0.6346153846153846,0.8461538461538461,0.6428571428571429,0.6428571428571429,0.0004
499,0.9729499518871307,1.1570326089859009,0.7115384615384616,0.8653846153846154,0.5714285714285714,0.7142857142857143,0.0004
500,0.9314290881156921,1.3392056226730347,0.7307692307692307,0.9230769230769231,0.5714285714285714,0.7142857142857143,0.0004
501,1.052209049463272,1.6341609954833984,0.6153846153846154,0.8653846153846154,0.42857142857142855,0.5714285714285714,0.0004
502,0.9642724990844727,1.2968487739562988,0.6730769230769231,0.9423076923076923,0.7142857142857143,0.6428571428571429,0.0004
503,1.0494112968444824,1.6257896423339844,0.6923076923076923,0.9230769230769231,0.5714285714285714,0.6428571428571429,0.0004
504,1.129292070865631,1.0577595233917236,0.6730769230769231,0.8269230769230769,0.6428571428571429,0.8571428571428571,0.0004
505,1.0973557233810425,1.126023769378662,0.7115384615384616,0.8076923076923077,0.7142857142857143,0.7857142857142857,0.0004
506,0.7891418933868408,1.2008332014083862,0.75,0.9230769230769231,0.6428571428571429,0.7142857142857143,0.0004
507,1.1402974128723145,1.2554779052734375,0.6923076923076923,0.8269230769230769,0.7142857142857143,0.7857142857142857,0.0004
508,1.1328445672988892,1.166948914527893,0.6538461538461539,0.8269230769230769,0.7142857142857143,0.7142857142857143,0.0004
509,0.9335906505584717,0.998982310295105,0.7692307692307693,0.8653846153846154,0.7142857142857143,0.8571428571428571,0.0004
510,0.9864922761917114,1.2535674571990967,0.7307692307692307,0.8076923076923077,0.5714285714285714,0.7142857142857143,0.0004
511,1.0171423554420471,1.2303805351257324,0.6730769230769231,0.8461538461538461,0.6428571428571429,0.7857142857142857,0.0004
512,0.914057046175003,0.9684185981750488,0.7307692307692307,0.8846153846153846,0.7142857142857143,0.7857142857142857,0.0004
513,1.137639045715332,1.1782407760620117,0.7307692307692307,0.8653846153846154,0.7142857142857143,0.5714285714285714,0.0004
514,0.9390152096748352,1.0745612382888794,0.75,0.8846153846153846,0.7142857142857143,0.8571428571428571,0.0004
515,1.0914474129676819,1.5044333934783936,0.75,0.8461538461538461,0.5,0.7142857142857143,0.0004
516,0.8233642876148224,0.8151944875717163,0.7307692307692307,0.8846153846153846,0.8571428571428571,0.8571428571428571,0.0004
517,1.1286470293998718,1.4521194696426392,0.7115384615384616,0.9038461538461539,0.5,0.7857142857142857,0.0004
518,0.9721079170703888,1.454382300376892,0.7115384615384616,0.9038461538461539,0.6428571428571429,0.7857142857142857,0.0004
519,1.1330876350402832,1.3995275497436523,0.6346153846153846,0.9230769230769231,0.5714285714285714,0.7142857142857143,0.0004
520,0.9372840523719788,1.0495442152023315,0.7307692307692307,0.8653846153846154,0.6428571428571429,0.7857142857142857,0.0004
521,0.8875934183597565,1.5415089130401611,0.7307692307692307,0.8653846153846154,0.6428571428571429,0.7142857142857143,0.0004
522,1.0770310759544373,1.1760046482086182,0.6730769230769231,0.9038461538461539,0.5714285714285714,0.7857142857142857,0.0004
523,1.0271239280700684,1.5218791961669922,0.6923076923076923,0.9038461538461539,0.5714285714285714,0.7142857142857143,0.0004
524,0.8902359902858734,1.341125726699829,0.7115384615384616,0.8846153846153846,0.6428571428571429,0.7857142857142857,0.0004
525,0.9701736569404602,1.338268756866455,0.7884615384615384,0.8846153846153846,0.7142857142857143,0.7142857142857143,0.0004
526,1.1532909274101257,1.3230125904083252,0.6346153846153846,0.8846153846153846,0.5714285714285714,0.7857142857142857,0.0004
527,0.8870652616024017,1.2510818243026733,0.75,0.8653846153846154,0.5714285714285714,0.6428571428571429,0.0004
528,0.8149250745773315,0.7983728051185608,0.7115384615384616,0.9230769230769231,0.7857142857142857,0.8571428571428571,0.0004
529,0.9909835755825043,1.4485111236572266,0.6730769230769231,0.9038461538461539,0.5714285714285714,0.7142857142857143,0.0004
530,0.8881349861621857,0.5670204162597656,0.7692307692307693,0.8846153846153846,0.9285714285714286,0.8571428571428571,0.0004
531,0.9869727790355682,1.2859563827514648,0.6923076923076923,0.8846153846153846,0.6428571428571429,0.7857142857142857,0.0004
532,0.9536773860454559,1.496300458908081,0.6923076923076923,0.9230769230769231,0.5714285714285714,0.5714285714285714,0.0004
533,1.0500998497009277,1.0666272640228271,0.5961538461538461,0.8653846153846154,0.6428571428571429,0.7857142857142857,0.0004
534,1.0055789947509766,1.4915059804916382,0.75,0.8269230769230769,0.6428571428571429,0.7857142857142857,0.0004
535,1.0484023690223694,1.336777687072754,0.6346153846153846,0.8653846153846154,0.6428571428571429,0.7142857142857143,0.0004
536,1.070309966802597,0.9231319427490234,0.6346153846153846,0.8461538461538461,0.9285714285714286,0.7142857142857143,0.0004
537,1.0892241597175598,1.5342297554016113,0.6346153846153846,0.8461538461538461,0.6428571428571429,0.6428571428571429,0.0004
538,0.9308152496814728,1.4801331758499146,0.75,0.8269230769230769,0.5714285714285714,0.6428571428571429,0.0004
539,1.196713924407959,1.7232023477554321,0.5961538461538461,0.8269230769230769,0.35714285714285715,0.6428571428571429,0.0004
540,1.0415621399879456,1.6125679016113281,0.6153846153846154,0.8846153846153846,0.5714285714285714,0.5,0.0004
541,1.1468517184257507,1.5900263786315918,0.6346153846153846,0.8269230769230769,0.5,0.6428571428571429,0.0004
542,1.1527493000030518,1.2070362567901611,0.6346153846153846,0.8846153846153846,0.7142857142857143,0.9285714285714286,0.0004
543,1.1173316836357117,1.545506477355957,0.6346153846153846,0.9038461538461539,0.5,0.7142857142857143,0.0004
544,0.9649322926998138,1.728285312652588,0.6730769230769231,0.9038461538461539,0.5,0.7857142857142857,0.0004
545,0.9716538190841675,1.042217493057251,0.7115384615384616,0.8461538461538461,0.7142857142857143,0.7857142857142857,0.0004
546,1.4203433394432068,1.0853447914123535,0.5192307692307693,0.8461538461538461,0.6428571428571429,0.7142857142857143,0.0004
547,1.0255629122257233,1.6246980428695679,0.7692307692307693,0.8653846153846154,0.5,0.7857142857142857,0.0004
548,1.0726964473724365,1.3035573959350586,0.6346153846153846,0.8846153846153846,0.5,0.7857142857142857,0.0004
549,1.0509541034698486,1.1267414093017578,0.75,0.7884615384615384,0.7857142857142857,0.7142857142857143,0.0004
550,1.1557835936546326,1.3693902492523193,0.6923076923076923,0.7884615384615384,0.6428571428571429,0.7142857142857143,0.0004
551,0.8686771988868713,1.5160303115844727,0.7692307692307693,0.8653846153846154,0.42857142857142855,0.7142857142857143,0.0004
552,0.9720882773399353,1.0911219120025635,0.7307692307692307,0.7884615384615384,0.7142857142857143,0.7142857142857143,0.0004
553,0.9319385886192322,1.6754684448242188,0.7884615384615384,0.8461538461538461,0.5,0.6428571428571429,0.0004
554,0.9794376194477081,1.4432706832885742,0.6346153846153846,0.8846153846153846,0.5,0.6428571428571429,0.0004
555,1.0586975812911987,1.234670877456665,0.6538461538461539,0.8269230769230769,0.7142857142857143,0.7142857142857143,0.0004
556,0.8647453784942627,1.2589688301086426,0.75,0.8846153846153846,0.5714285714285714,0.7857142857142857,0.0004
557,0.9418214559555054,1.6526174545288086,0.6730769230769231,0.8653846153846154,0.5,0.6428571428571429,0.0004
558,0.9883546531200409,1.2195922136306763,0.7115384615384616,0.8846153846153846,0.5,0.9285714285714286,0.0004
559,0.9970678091049194,1.0324907302856445,0.7692307692307693,0.8461538461538461,0.6428571428571429,0.8571428571428571,0.0004
560,1.1452640891075134,1.116761326789856,0.6538461538461539,0.8269230769230769,0.6428571428571429,0.7857142857142857,0.0004
561,1.1647396087646484,1.5440962314605713,0.6923076923076923,0.8653846153846154,0.5714285714285714,0.7857142857142857,0.0004
562,1.0367810726165771,1.3886229991912842,0.7115384615384616,0.8846153846153846,0.6428571428571429,0.7857142857142857,0.0004
563,0.984849363565445,1.0064432621002197,0.6153846153846154,0.9423076923076923,0.6428571428571429,0.7857142857142857,0.0004
564,1.1424338817596436,1.4193446636199951,0.6538461538461539,0.8846153846153846,0.5714285714285714,0.7857142857142857,0.0004
565,1.1240879893302917,1.3435254096984863,0.6346153846153846,0.8653846153846154,0.7142857142857143,0.6428571428571429,0.0004
566,0.9551707208156586,1.241612195968628,0.6923076923076923,0.8846153846153846,0.7142857142857143,0.7857142857142857,0.0004
567,1.114506721496582,1.3213677406311035,0.6538461538461539,0.9038461538461539,0.7857142857142857,0.5714285714285714,0.0004
568,0.9366239309310913,0.9147024154663086,0.7692307692307693,0.8461538461538461,0.7857142857142857,0.7857142857142857,0.0004
569,0.984573245048523,0.9456882476806641,0.6346153846153846,0.8653846153846154,0.7857142857142857,0.8571428571428571,0.0004
570,0.9412263929843903,1.3199374675750732,0.7115384615384616,0.8846153846153846,0.7857142857142857,0.7857142857142857,0.0004
571,1.0297105610370636,1.0260651111602783,0.6346153846153846,0.9038461538461539,0.7857142857142857,0.8571428571428571,0.0004
572,1.0324147939682007,1.511584997177124,0.6153846153846154,0.8846153846153846,0.7142857142857143,0.7142857142857143,0.0004
573,1.036756545305252,1.0279881954193115,0.7307692307692307,0.8269230769230769,0.7142857142857143,0.7142857142857143,0.0004
574,0.9733288288116455,1.5699117183685303,0.75,0.8846153846153846,0.42857142857142855,0.7857142857142857,0.0004
575,0.9995834231376648,1.3457896709442139,0.6346153846153846,0.8846153846153846,0.5714285714285714,0.6428571428571429,0.0004
576,1.0578691065311432,1.0867358446121216,0.6923076923076923,0.8461538461538461,0.6428571428571429,0.8571428571428571,0.0004
577,0.9670612812042236,1.210008144378662,0.7115384615384616,0.9230769230769231,0.7142857142857143,0.7142857142857143,0.0004
578,0.9028487801551819,1.164718747138977,0.6538461538461539,0.9230769230769231,0.5714285714285714,0.7857142857142857,0.0004
579,0.9199089109897614,1.5097334384918213,0.75,0.8461538461538461,0.5714285714285714,0.7142857142857143,0.0004
580,0.9274296760559082,1.965026617050171,0.6730769230769231,0.9423076923076923,0.5,0.5,0.0004
581,0.900534600019455,1.3899023532867432,0.7884615384615384,0.8461538461538461,0.7142857142857143,0.5714285714285714,0.0004
582,0.975788950920105,1.2434601783752441,0.8076923076923077,0.9230769230769231,0.7142857142857143,0.8571428571428571,0.0004
583,0.837640643119812,1.429857611656189,0.7692307692307693,0.8653846153846154,0.5714285714285714,0.7142857142857143,0.0004
584,0.9402131736278534,1.0466961860656738,0.7115384615384616,0.9038461538461539,0.8571428571428571,0.7142857142857143,0.0004
585,1.2698569893836975,1.206250786781311,0.6923076923076923,0.8076923076923077,0.6428571428571429,0.7142857142857143,0.0004
586,1.0373190641403198,1.6238282918930054,0.6923076923076923,0.8846153846153846,0.5,0.6428571428571429,0.0004
587,0.933489203453064,1.246354103088379,0.75,0.8653846153846154,0.7142857142857143,0.7142857142857143,0.0004
588,0.9373096227645874,1.1138243675231934,0.75,0.7884615384615384,0.6428571428571429,0.7857142857142857,0.0004
589,0.8821123242378235,0.7798999547958374,0.8076923076923077,0.8461538461538461,0.7857142857142857,0.8571428571428571,0.0004
590,0.9513726234436035,0.8480713367462158,0.7692307692307693,0.8846153846153846,0.7857142857142857,0.7857142857142857,0.0004
591,0.735493004322052,0.9222453832626343,0.7692307692307693,0.9230769230769231,0.5714285714285714,0.9285714285714286,0.0004
592,0.8813259601593018,1.0904202461242676,0.7115384615384616,0.8846153846153846,0.6428571428571429,0.8571428571428571,0.0004
593,0.947525292634964,0.9980216026306152,0.7307692307692307,0.8653846153846154,0.8571428571428571,0.5714285714285714,0.0004
594,0.7758059799671173,1.262444019317627,0.75,0.9038461538461539,0.6428571428571429,0.7142857142857143,0.0004
595,1.0309705138206482,1.223319411277771,0.6730769230769231,0.8461538461538461,0.5,0.7857142857142857,0.0004
596,1.115128993988037,0.9593929052352905,0.6346153846153846,0.8846153846153846,0.6428571428571429,0.8571428571428571,0.0004
597,1.0536689162254333,1.4149096012115479,0.6730769230769231,0.9230769230769231,0.5,0.7142857142857143,0.0004
598,0.8720825016498566,1.3792088031768799,0.75,0.8846153846153846,0.5714285714285714,0.7142857142857143,0.0004
599,0.9417958557605743,1.0441080331802368,0.7115384615384616,0.8846153846153846,0.6428571428571429,0.7857142857142857,0.0004
600,0.8450708091259003,1.5708256959915161,0.7307692307692307,0.9230769230769231,0.5714285714285714,0.5714285714285714,0.0004
601,0.813284695148468,1.160692572593689,0.8076923076923077,0.8846153846153846,0.6428571428571429,0.7857142857142857,0.0004
602,1.0172810554504395,1.1824231147766113,0.6346153846153846,0.9423076923076923,0.5714285714285714,0.7142857142857143,0.0004
603,0.8814489245414734,1.5730342864990234,0.7692307692307693,0.8846153846153846,0.5714285714285714,0.6428571428571429,0.0004
604,0.9316481947898865,1.1198786497116089,0.6923076923076923,0.8846153846153846,0.6428571428571429,0.7857142857142857,0.0004
605,0.9108331203460693,0.6868085861206055,0.7307692307692307,0.8461538461538461,0.8571428571428571,0.8571428571428571,0.0004
606,1.0415768027305603,1.1641299724578857,0.6923076923076923,0.8461538461538461,0.6428571428571429,0.7857142857142857,0.0004
607,0.8548364341259003,0.9837489128112793,0.7115384615384616,0.9230769230769231,0.9285714285714286,0.6428571428571429,0.0004
608,0.9884283542633057,1.352937936782837,0.6346153846153846,0.8653846153846154,0.6428571428571429,0.7142857142857143,0.0004
609,0.9879695773124695,0.8350623846054077,0.6730769230769231,0.8846153846153846,0.8571428571428571,0.7857142857142857,0.0004
610,0.8673214912414551,1.2460193634033203,0.8461538461538461,0.9423076923076923,0.5714285714285714,0.7142857142857143,0.0004
611,0.6924161911010742,1.49906325340271,0.7307692307692307,0.9423076923076923,0.6428571428571429,0.7857142857142857,0.0004
612,0.9208563566207886,1.3219399452209473,0.6730769230769231,0.9038461538461539,0.6428571428571429,0.7857142857142857,0.0004
613,0.7623790502548218,1.0369623899459839,0.8269230769230769,0.9423076923076923,0.6428571428571429,0.7857142857142857,0.0004
614,0.8335458636283875,1.5326557159423828,0.6730769230769231,0.9230769230769231,0.5,0.7857142857142857,0.0004
615,1.0819154977798462,1.3241987228393555,0.5961538461538461,0.9230769230769231,0.5,0.9285714285714286,0.0004
616,0.7635392844676971,1.6191843748092651,0.7884615384615384,0.9230769230769231,0.42857142857142855,0.6428571428571429,0.0004
617,0.949201762676239,1.4030652046203613,0.7692307692307693,0.9038461538461539,0.5714285714285714,0.7142857142857143,0.0004
618,0.9365896582603455,1.0259885787963867,0.7115384615384616,0.8653846153846154,0.6428571428571429,0.9285714285714286,0.0004
619,0.9729859828948975,1.2166675329208374,0.7115384615384616,0.8461538461538461,0.6428571428571429,0.7142857142857143,0.0004
620,0.9736301302909851,1.302223563194275,0.6923076923076923,0.9423076923076923,0.5714285714285714,0.8571428571428571,0.0004
621,0.8539857268333435,1.3990241289138794,0.7692307692307693,0.8846153846153846,0.5714285714285714,0.7142857142857143,0.0004
622,0.680821031332016,0.9664217829704285,0.75,0.9230769230769231,0.6428571428571429,0.8571428571428571,0.0004
623,0.8639177978038788,1.2154455184936523,0.7884615384615384,0.8653846153846154,0.7142857142857143,0.8571428571428571,0.0004
624,1.017881453037262,0.7972979545593262,0.7307692307692307,0.8846153846153846,0.7857142857142857,0.9285714285714286,0.0004
625,0.8473923802375793,1.4249807596206665,0.7884615384615384,0.9038461538461539,0.5714285714285714,0.7857142857142857,0.0004
626,0.9691096246242523,1.2965047359466553,0.75,0.8653846153846154,0.7857142857142857,0.6428571428571429,0.0004
627,0.7987026572227478,1.4165582656860352,0.7884615384615384,0.9230769230769231,0.6428571428571429,0.7142857142857143,0.0004
628,1.026517629623413,1.0840508937835693,0.75,0.7884615384615384,0.7857142857142857,0.7142857142857143,0.0004
629,1.0803299248218536,1.1492457389831543,0.6730769230769231,0.8846153846153846,0.7857142857142857,0.7142857142857143,0.0004
630,0.762603759765625,1.4395751953125,0.75,0.9230769230769231,0.7142857142857143,0.7142857142857143,0.0004
631,0.8551636934280396,0.690163254737854,0.7307692307692307,0.8846153846153846,0.7857142857142857,0.9285714285714286,0.0004
632,0.7653312981128693,1.1551587581634521,0.7307692307692307,0.9230769230769231,0.7142857142857143,0.8571428571428571,0.0004
633,0.7706696391105652,1.2841103076934814,0.7115384615384616,0.9423076923076923,0.7142857142857143,0.7857142857142857,0.0004
634,0.8027777075767517,1.0115771293640137,0.7115384615384616,0.9423076923076923,0.7142857142857143,0.8571428571428571,0.0004
635,0.8335667252540588,1.2438113689422607,0.7307692307692307,0.9038461538461539,0.7142857142857143,0.8571428571428571,0.0004
636,0.8299797773361206,1.9927692413330078,0.75,0.8846153846153846,0.35714285714285715,0.5,0.0004
637,0.9769010543823242,1.3745298385620117,0.75,0.8076923076923077,0.7142857142857143,0.6428571428571429,0.0004
638,0.8323110044002533,1.3450303077697754,0.7307692307692307,0.9423076923076923,0.6428571428571429,0.7857142857142857,0.0004
639,1.1153861284255981,1.455329418182373,0.6923076923076923,0.8461538461538461,0.6428571428571429,0.6428571428571429,0.0004
640,1.1458086669445038,1.2498586177825928,0.6923076923076923,0.8461538461538461,0.6428571428571429,0.7857142857142857,0.0004
641,1.083598017692566,1.156158685684204,0.75,0.8846153846153846,0.7142857142857143,0.8571428571428571,0.0004
642,1.0378072559833527,1.5977363586425781,0.7115384615384616,0.8846153846153846,0.5,0.5714285714285714,0.0004
643,1.121623456478119,0.9305254817008972,0.6923076923076923,0.8269230769230769,0.7857142857142857,0.8571428571428571,0.0004
644,1.1846369504928589,1.6681350469589233,0.6730769230769231,0.8076923076923077,0.5,0.6428571428571429,0.0004
645,1.4180289506912231,1.162420392036438,0.5576923076923077,0.7692307692307693,0.6428571428571429,0.7857142857142857,0.0004
646,0.9275935888290405,1.271094560623169,0.7115384615384616,0.9038461538461539,0.6428571428571429,0.7857142857142857,0.0004
647,0.9342330098152161,1.4247794151306152,0.7115384615384616,0.9038461538461539,0.5714285714285714,0.6428571428571429,0.0004
648,0.9301515221595764,1.0359909534454346,0.6730769230769231,0.8846153846153846,0.7142857142857143,0.7857142857142857,0.0004
649,1.2432008385658264,1.200830101966858,0.6153846153846154,0.8653846153846154,0.7857142857142857,0.6428571428571429,0.0004
650,0.8982442915439606,1.0383507013320923,0.6923076923076923,0.9230769230769231,0.6428571428571429,0.9285714285714286,0.0004
651,1.042671263217926,1.3047871589660645,0.6538461538461539,0.9230769230769231,0.5,0.7857142857142857,0.0004
652,0.9088660180568695,1.2310612201690674,0.8076923076923077,0.8653846153846154,0.5,0.9285714285714286,0.0004
653,1.0052093267440796,1.3045039176940918,0.6923076923076923,0.9230769230769231,0.42857142857142855,0.7142857142857143,0.0004
654,1.0578266978263855,1.172837257385254,0.6538461538461539,0.8653846153846154,0.6428571428571429,0.8571428571428571,0.0004
655,0.8022065162658691,0.9531116485595703,0.8076923076923077,0.9038461538461539,0.7857142857142857,0.8571428571428571,0.0004
656,0.7900940775871277,0.8350685834884644,0.8076923076923077,0.9038461538461539,0.7857142857142857,0.8571428571428571,0.0004
657,0.9235270023345947,1.2640188932418823,0.7884615384615384,0.8653846153846154,0.7142857142857143,0.6428571428571429,0.0004
658,0.9804351329803467,1.388725757598877,0.6538461538461539,0.8653846153846154,0.7142857142857143,0.7857142857142857,0.0004
659,1.0186485648155212,1.1753132343292236,0.75,0.8461538461538461,0.6428571428571429,0.7857142857142857,0.0004
660,1.0295823812484741,1.4646885395050049,0.6730769230769231,0.7884615384615384,0.7142857142857143,0.6428571428571429,0.0004
661,0.9184762537479401,1.3234347105026245,0.7307692307692307,0.8269230769230769,0.5714285714285714,0.7857142857142857,0.0004
662,0.7586389482021332,1.387964129447937,0.75,0.9038461538461539,0.5714285714285714,0.6428571428571429,0.0004
663,1.0148805975914001,0.8992764949798584,0.6538461538461539,0.9230769230769231,0.8571428571428571,0.7857142857142857,0.0004
664,1.0652034878730774,0.9521499276161194,0.6538461538461539,0.8846153846153846,0.7857142857142857,0.7857142857142857,0.0004
665,1.03474760055542,1.4561269283294678,0.7115384615384616,0.8653846153846154,0.6428571428571429,0.7857142857142857,0.0004
666,0.8457052707672119,1.3579027652740479,0.6923076923076923,0.9230769230769231,0.5714285714285714,0.7142857142857143,0.0004
667,1.1142957210540771,1.3910996913909912,0.6346153846153846,0.8653846153846154,0.6428571428571429,0.7857142857142857,0.0004
668,0.9345290064811707,1.3083676099777222,0.6346153846153846,0.9038461538461539,0.5714285714285714,0.7857142857142857,0.0004
669,1.0312957465648651,1.1609935760498047,0.6538461538461539,0.8846153846153846,0.7142857142857143,0.7857142857142857,0.0004
670,0.6744283437728882,1.299906849861145,0.7692307692307693,0.9423076923076923,0.6428571428571429,0.8571428571428571,0.0004
671,0.9464848041534424,1.1815054416656494,0.7692307692307693,0.8653846153846154,0.5,0.8571428571428571,0.0004
672,1.1018616557121277,1.337975025177002,0.6923076923076923,0.8653846153846154,0.42857142857142855,0.8571428571428571,0.0004
673,0.9853388667106628,1.2195465564727783,0.6730769230769231,0.9230769230769231,0.6428571428571429,0.6428571428571429,0.0004
674,0.9303132593631744,1.6368272304534912,0.7692307692307693,0.8461538461538461,0.5,0.6428571428571429,0.0004
675,1.029228299856186,0.8164540529251099,0.6538461538461539,0.9038461538461539,0.9285714285714286,0.7857142857142857,0.0004
676,0.7703499495983124,0.9958812594413757,0.7115384615384616,0.9230769230769231,0.7142857142857143,0.7857142857142857,0.0004
677,0.7651597261428833,1.6409355401992798,0.6923076923076923,0.9423076923076923,0.6428571428571429,0.7857142857142857,0.0004
678,0.946029543876648,1.0435882806777954,0.7115384615384616,0.8653846153846154,0.7857142857142857,0.7857142857142857,0.0004
679,1.0631375312805176,1.5330740213394165,0.6730769230769231,0.8076923076923077,0.5,0.7142857142857143,0.0004
680,1.0896124243736267,1.3197805881500244,0.7307692307692307,0.8461538461538461,0.5714285714285714,0.7857142857142857,0.0004
681,0.9199109971523285,0.992169976234436,0.7692307692307693,0.9230769230769231,0.7857142857142857,0.8571428571428571,0.0004
682,0.8718438446521759,1.698993444442749,0.6923076923076923,0.9615384615384616,0.5,0.6428571428571429,0.0004
683,0.7543692886829376,1.0874086618423462,0.8076923076923077,0.9423076923076923,0.7857142857142857,0.7142857142857143,0.0004
684,0.9679894149303436,1.18280029296875,0.7115384615384616,0.8653846153846154,0.6428571428571429,0.7142857142857143,0.0004
685,0.9854797720909119,1.6357396841049194,0.6730769230769231,0.8846153846153846,0.5714285714285714,0.5714285714285714,0.0004
686,0.9678880572319031,1.6311548948287964,0.6923076923076923,0.9038461538461539,0.5,0.7857142857142857,0.0004
687,0.9575050473213196,1.5661706924438477,0.6730769230769231,0.9038461538461539,0.7142857142857143,0.7142857142857143,0.0004
688,0.8090402185916901,1.4403023719787598,0.7115384615384616,0.9230769230769231,0.6428571428571429,0.7142857142857143,0.0004
689,0.8262377679347992,1.2428851127624512,0.7307692307692307,0.9230769230769231,0.7857142857142857,0.7142857142857143,0.0004
690,0.748244434595108,0.9740884304046631,0.7884615384615384,0.9615384615384616,0.7857142857142857,0.7857142857142857,0.0004
691,1.2075372338294983,1.4612178802490234,0.6923076923076923,0.8653846153846154,0.5714285714285714,0.7142857142857143,0.0004
692,0.9423720836639404,1.2462788820266724,0.75,0.9038461538461539,0.6428571428571429,0.7857142857142857,0.0004
693,0.8789102137088776,1.2815299034118652,0.75,0.8846153846153846,0.6428571428571429,0.8571428571428571,0.0004
694,1.1406071782112122,1.4818785190582275,0.6346153846153846,0.9230769230769231,0.5,0.7142857142857143,0.0004
695,0.7378773093223572,1.2507339715957642,0.8269230769230769,0.8846153846153846,0.7142857142857143,0.7857142857142857,0.0004
696,0.8019411861896515,1.4648678302764893,0.7692307692307693,0.9230769230769231,0.5714285714285714,0.7857142857142857,0.0004
697,1.1665324568748474,1.4230904579162598,0.6730769230769231,0.8653846153846154,0.5714285714285714,0.7142857142857143,0.0004
698,0.8770177960395813,1.6707948446273804,0.7115384615384616,0.8846153846153846,0.5,0.7857142857142857,0.0004
699,0.9056337177753448,1.316781759262085,0.7115384615384616,0.9038461538461539,0.5714285714285714,0.7857142857142857,0.0004
700,0.9080834686756134,0.8819477558135986,0.6923076923076923,0.8846153846153846,0.7142857142857143,0.7857142857142857,0.0004
701,0.828435480594635,1.2363818883895874,0.7692307692307693,0.8846153846153846,0.7857142857142857,0.7857142857142857,0.0004
702,0.8663668632507324,0.9917707443237305,0.7307692307692307,0.8846153846153846,0.7142857142857143,0.8571428571428571,0.0004
703,0.9046778082847595,1.319717526435852,0.75,0.8653846153846154,0.7857142857142857,0.7142857142857143,0.0004
704,0.9177144169807434,1.356119155883789,0.7115384615384616,0.8461538461538461,0.5,0.7142857142857143,0.0004
705,0.9612699747085571,1.8123054504394531,0.6538461538461539,0.8653846153846154,0.42857142857142855,0.7142857142857143,0.0004
706,0.8819904029369354,1.063974380493164,0.6923076923076923,0.9230769230769231,0.7857142857142857,0.7857142857142857,0.0004
707,1.0516439974308014,1.0546190738677979,0.6346153846153846,0.8461538461538461,0.7142857142857143,0.7857142857142857,0.0004
708,0.8916749954223633,1.127956748008728,0.7692307692307693,0.8461538461538461,0.8571428571428571,0.7142857142857143,0.0004
709,1.0660158395767212,0.9766706228256226,0.6346153846153846,0.8461538461538461,0.7142857142857143,0.9285714285714286,0.0004
710,1.061107873916626,1.3724323511123657,0.7884615384615384,0.8269230769230769,0.7142857142857143,0.6428571428571429,0.0004
711,0.7610511481761932,1.1987993717193604,0.7884615384615384,0.9038461538461539,0.7142857142857143,0.7142857142857143,0.0004
712,0.8725861012935638,1.122644066810608,0.7115384615384616,0.8846153846153846,0.7142857142857143,0.7142857142857143,0.0004
713,1.053862988948822,1.4252772331237793,0.7115384615384616,0.8269230769230769,0.6428571428571429,0.7857142857142857,0.0004
714,0.8314056396484375,1.669374704360962,0.7884615384615384,0.8653846153846154,0.6428571428571429,0.5714285714285714,0.0004
715,1.2532567977905273,1.5317115783691406,0.7692307692307693,0.8076923076923077,0.5,0.6428571428571429,0.0004
716,0.8468795120716095,0.7400943040847778,0.6923076923076923,0.9230769230769231,0.7857142857142857,0.9285714285714286,0.0004
717,0.9596802592277527,1.3824708461761475,0.6538461538461539,0.8461538461538461,0.6428571428571429,0.7142857142857143,0.0004
718,0.9716776311397552,1.2431371212005615,0.6923076923076923,0.8846153846153846,0.7142857142857143,0.7857142857142857,0.0004
719,0.8382927477359772,1.0544434785842896,0.7692307692307693,0.8846153846153846,0.5714285714285714,0.8571428571428571,0.0004
720,1.0669272541999817,1.0687203407287598,0.6153846153846154,0.9038461538461539,0.5714285714285714,0.7857142857142857,0.0004
721,0.8598215579986572,1.1815860271453857,0.7307692307692307,0.8846153846153846,0.5714285714285714,0.7857142857142857,0.0004
722,0.8988024592399597,1.4363088607788086,0.75,0.9038461538461539,0.5714285714285714,0.7142857142857143,0.0004
723,0.9628024101257324,1.5121715068817139,0.7307692307692307,0.8846153846153846,0.5,0.6428571428571429,0.0004
724,1.0364211201667786,1.188219428062439,0.75,0.8846153846153846,0.5,0.7857142857142857,0.0004
725,0.6994168758392334,0.853933572769165,0.7884615384615384,0.9038461538461539,0.6428571428571429,0.8571428571428571,0.0004
726,0.8033295273780823,1.2915520668029785,0.7692307692307693,0.9423076923076923,0.7857142857142857,0.7142857142857143,0.0004
727,0.925373762845993,1.1539140939712524,0.7307692307692307,0.8461538461538461,0.6428571428571429,0.8571428571428571,0.0004
728,1.0040744543075562,1.8374311923980713,0.6923076923076923,0.9038461538461539,0.35714285714285715,0.7142857142857143,0.0004
729,1.115767240524292,0.9692375659942627,0.6538461538461539,0.8653846153846154,0.8571428571428571,0.7142857142857143,0.0004
730,0.9779962599277496,1.4230785369873047,0.6346153846153846,0.8076923076923077,0.7857142857142857,0.7142857142857143,0.0004
731,0.7944655418395996,1.6480318307876587,0.7115384615384616,0.9230769230769231,0.5,0.7857142857142857,0.0004
732,0.8089465200901031,1.6852078437805176,0.7884615384615384,0.8846153846153846,0.42857142857142855,0.6428571428571429,0.0004
733,1.0431004762649536,0.9341613054275513,0.6923076923076923,0.8653846153846154,0.7142857142857143,0.7857142857142857,0.0004
734,0.8929689228534698,0.8960467576980591,0.75,0.9038461538461539,0.7857142857142857,0.7857142857142857,0.0004
735,0.9168713688850403,1.385404348373413,0.7307692307692307,0.9038461538461539,0.7142857142857143,0.6428571428571429,0.0004
736,1.0720914006233215,1.1761388778686523,0.7115384615384616,0.8846153846153846,0.5,0.7857142857142857,0.0004
737,0.8450562059879303,1.028694748878479,0.7307692307692307,0.9230769230769231,0.7857142857142857,0.7142857142857143,0.0004
738,0.8859792947769165,1.3613308668136597,0.6730769230769231,0.9423076923076923,0.5714285714285714,0.7142857142857143,0.0004
739,1.0778766870498657,1.169134259223938,0.7307692307692307,0.7884615384615384,0.7142857142857143,0.7857142857142857,0.0004
740,0.8184015452861786,1.6647484302520752,0.7307692307692307,0.8653846153846154,0.5714285714285714,0.7142857142857143,0.0004
741,1.0483785271644592,1.045854091644287,0.6538461538461539,0.9038461538461539,0.7857142857142857,0.7142857142857143,0.0004
742,1.0858094096183777,1.104645013809204,0.6538461538461539,0.8076923076923077,0.6428571428571429,0.7857142857142857,0.0004
743,0.8072017133235931,1.404242753982544,0.7692307692307693,0.8846153846153846,0.6428571428571429,0.5714285714285714,0.0004
744,0.815344512462616,1.2321498394012451,0.8076923076923077,0.8653846153846154,0.6428571428571429,0.7142857142857143,0.0004
745,0.8119187355041504,0.9063239097595215,0.7884615384615384,0.9038461538461539,0.7857142857142857,0.9285714285714286,0.0004
746,0.9288131594657898,1.0683152675628662,0.75,0.8461538461538461,0.5714285714285714,0.8571428571428571,0.0004
747,0.7687047868967056,1.4392216205596924,0.7692307692307693,0.8846153846153846,0.42857142857142855,0.7142857142857143,0.0004
748,1.014689952135086,1.084397315979004,0.6923076923076923,0.8846153846153846,0.7142857142857143,0.7142857142857143,0.0004
749,0.8547720015048981,1.039623737335205,0.7307692307692307,0.9230769230769231,0.5714285714285714,0.7857142857142857,0.0004
750,0.7369015216827393,1.3062613010406494,0.7884615384615384,0.8653846153846154,0.5714285714285714,0.7857142857142857,0.0004
751,0.768083930015564,1.177743911743164,0.75,0.9038461538461539,0.35714285714285715,0.9285714285714286,0.0004
752,0.7871922552585602,1.0512316226959229,0.7692307692307693,0.9230769230769231,0.6428571428571429,0.7857142857142857,0.0004
753,0.9570831954479218,1.1208727359771729,0.6730769230769231,0.9038461538461539,0.7142857142857143,0.6428571428571429,0.0004
754,1.092606008052826,0.8913427591323853,0.7307692307692307,0.8461538461538461,0.7142857142857143,0.8571428571428571,0.0004
755,0.7280336022377014,1.5672509670257568,0.8269230769230769,0.9423076923076923,0.42857142857142855,0.7142857142857143,0.0004
756,0.8155302405357361,1.2327789068222046,0.8076923076923077,0.9615384615384616,0.7142857142857143,0.7857142857142857,0.0004
757,0.9544546008110046,1.1690164804458618,0.7692307692307693,0.8461538461538461,0.5714285714285714,0.8571428571428571,0.0004
758,0.8728222250938416,1.3260632753372192,0.6923076923076923,0.9230769230769231,0.6428571428571429,0.7142857142857143,0.0004
759,0.8643494248390198,1.2450313568115234,0.7115384615384616,0.9038461538461539,0.7142857142857143,0.6428571428571429,0.0004
760,1.0476238429546356,1.2175331115722656,0.6346153846153846,0.8461538461538461,0.42857142857142855,0.8571428571428571,0.0004
761,0.94172203540802,0.9098289012908936,0.6730769230769231,0.8846153846153846,0.7142857142857143,0.7857142857142857,0.0004
762,0.8408322632312775,0.6687008738517761,0.7307692307692307,0.8846153846153846,0.8571428571428571,0.9285714285714286,0.0004
763,0.7272310554981232,0.5952833890914917,0.7692307692307693,0.8653846153846154,0.9285714285714286,0.8571428571428571,0.0004
764,0.7503228187561035,1.2414557933807373,0.7692307692307693,0.9230769230769231,0.6428571428571429,0.8571428571428571,0.0004
765,1.0762271583080292,1.3623759746551514,0.6730769230769231,0.8461538461538461,0.5714285714285714,0.7857142857142857,0.0004
766,0.7317619919776917,1.1554621458053589,0.7692307692307693,0.9230769230769231,0.5,0.8571428571428571,0.0004
767,1.0517461597919464,1.5486581325531006,0.6538461538461539,0.8653846153846154,0.5714285714285714,0.7142857142857143,0.0004
768,1.0379184782505035,1.3946452140808105,0.7115384615384616,0.8653846153846154,0.6428571428571429,0.6428571428571429,0.0004
769,0.9757204353809357,1.2377461194992065,0.6923076923076923,0.9230769230769231,0.6428571428571429,0.7857142857142857,0.0004
770,0.8557666540145874,1.3000166416168213,0.75,0.8653846153846154,0.5,0.7857142857142857,0.0004
771,1.0363521575927734,1.4387646913528442,0.6730769230769231,0.8846153846153846,0.7142857142857143,0.7142857142857143,0.0004
772,0.9062899351119995,1.1756855249404907,0.75,0.9038461538461539,0.7857142857142857,0.6428571428571429,0.0004
773,1.2160442471504211,1.6329697370529175,0.6153846153846154,0.8461538461538461,0.5714285714285714,0.7142857142857143,0.0004
774,1.0040634274482727,1.3408160209655762,0.7307692307692307,0.8653846153846154,0.6428571428571429,0.6428571428571429,0.0004
775,0.9990535974502563,0.9860150814056396,0.7115384615384616,0.8269230769230769,0.7142857142857143,0.8571428571428571,0.0004
776,0.9029390215873718,1.3654894828796387,0.75,0.8461538461538461,0.7142857142857143,0.7142857142857143,0.0004
777,0.8636049926280975,0.8647358417510986,0.7115384615384616,0.8653846153846154,0.7857142857142857,0.7857142857142857,0.0004
778,0.8699196577072144,1.3029677867889404,0.75,0.8846153846153846,0.7142857142857143,0.8571428571428571,0.0004
779,0.7932667136192322,1.1306335926055908,0.75,0.9230769230769231,0.7857142857142857,0.7857142857142857,0.0004
780,0.8416899144649506,1.3746607303619385,0.7307692307692307,0.9038461538461539,0.6428571428571429,0.6428571428571429,0.0004
781,0.8532595336437225,1.481821060180664,0.7115384615384616,0.9038461538461539,0.5,0.6428571428571429,0.0004
782,0.8879438936710358,1.346379280090332,0.75,0.8653846153846154,0.5714285714285714,0.6428571428571429,0.0004
783,1.0974775552749634,1.4473236799240112,0.6730769230769231,0.8076923076923077,0.5714285714285714,0.7142857142857143,0.0004
784,1.0108247995376587,0.9981530904769897,0.6923076923076923,0.8653846153846154,0.7857142857142857,0.8571428571428571,0.0004
785,0.9968942403793335,1.1239835023880005,0.6730769230769231,0.8846153846153846,0.7142857142857143,0.9285714285714286,0.0004
786,0.7802883684635162,0.7908632755279541,0.75,0.8846153846153846,0.8571428571428571,0.7857142857142857,0.0004
787,0.8458461165428162,1.1696269512176514,0.6923076923076923,0.9230769230769231,0.5714285714285714,0.7857142857142857,0.0004
788,1.0129663944244385,1.0114855766296387,0.6923076923076923,0.8461538461538461,0.7142857142857143,0.7857142857142857,0.0004
789,1.1172872185707092,1.214698076248169,0.6153846153846154,0.8653846153846154,0.5714285714285714,0.8571428571428571,0.0004
790,0.9449904561042786,1.3988513946533203,0.6923076923076923,0.9038461538461539,0.7142857142857143,0.7857142857142857,0.0004
791,0.9094038605690002,1.4670133590698242,0.7115384615384616,0.8653846153846154,0.5714285714285714,0.7857142857142857,0.0004
792,0.7685203552246094,1.4197100400924683,0.7884615384615384,0.9423076923076923,0.5714285714285714,0.7857142857142857,0.0004
793,0.6325525939464569,0.8711676001548767,0.8076923076923077,0.9423076923076923,0.8571428571428571,0.8571428571428571,0.0004
794,0.9174765944480896,1.3899424076080322,0.8076923076923077,0.8461538461538461,0.5714285714285714,0.7142857142857143,0.0004
795,0.8500261902809143,1.253591775894165,0.75,0.8461538461538461,0.6428571428571429,0.7857142857142857,0.0004
796,0.7510348856449127,1.3213101625442505,0.75,0.9423076923076923,0.5714285714285714,0.7857142857142857,0.0004
797,0.7753370106220245,1.5377414226531982,0.75,0.8653846153846154,0.7142857142857143,0.5714285714285714,0.0004
798,0.9693016707897186,1.169290542602539,0.6730769230769231,0.8653846153846154,0.7142857142857143,0.7857142857142857,0.0004
799,0.6796634197235107,1.1045377254486084,0.7884615384615384,0.8846153846153846,0.5,0.9285714285714286,0.0004
800,0.9628231823444366,1.2967158555984497,0.6923076923076923,0.8076923076923077,0.5714285714285714,0.8571428571428571,0.0004
801,1.0115304291248322,1.632272481918335,0.6730769230769231,0.8076923076923077,0.7142857142857143,0.5714285714285714,0.0004
802,1.098415732383728,1.2321577072143555,0.6153846153846154,0.9038461538461539,0.7142857142857143,0.7142857142857143,0.0004
803,0.9839458763599396,1.5343273878097534,0.7115384615384616,0.8846153846153846,0.5,0.8571428571428571,0.0004
804,1.244529128074646,1.2869231700897217,0.5769230769230769,0.8269230769230769,0.5,0.8571428571428571,0.0004
805,0.9775018095970154,0.9195666313171387,0.7692307692307693,0.8846153846153846,0.6428571428571429,0.8571428571428571,0.0004
806,1.1212234199047089,0.9238139390945435,0.6538461538461539,0.8269230769230769,0.6428571428571429,0.8571428571428571,0.0004
807,1.0782287418842316,1.2497478723526,0.75,0.8653846153846154,0.7142857142857143,0.7142857142857143,0.0004
808,0.9081721901893616,1.1205029487609863,0.7115384615384616,0.9038461538461539,0.5714285714285714,0.8571428571428571,0.0004
809,0.912895679473877,1.180526614189148,0.8076923076923077,0.8461538461538461,0.5714285714285714,0.9285714285714286,0.0004
810,0.7332770228385925,1.2859036922454834,0.8269230769230769,0.8653846153846154,0.5714285714285714,0.7857142857142857,0.0004
811,0.7820333242416382,1.1892741918563843,0.7692307692307693,0.9423076923076923,0.6428571428571429,0.8571428571428571,0.0004
812,0.8526703119277954,1.3024673461914062,0.7307692307692307,0.9038461538461539,0.5714285714285714,0.7142857142857143,0.0004
813,0.7727094888687134,0.8831090927124023,0.75,0.9038461538461539,0.7857142857142857,0.7857142857142857,0.0004
814,0.9227624535560608,1.2958831787109375,0.7307692307692307,0.8846153846153846,0.5,0.8571428571428571,0.0004
815,0.9630741775035858,1.0796364545822144,0.7884615384615384,0.7884615384615384,0.5714285714285714,0.8571428571428571,0.0004
816,0.9200438857078552,0.8941479921340942,0.7692307692307693,0.9038461538461539,0.7857142857142857,0.8571428571428571,0.0004
817,0.9990573823451996,1.2554010152816772,0.6923076923076923,0.9038461538461539,0.35714285714285715,0.8571428571428571,0.0004
818,0.9454950094223022,1.1028097867965698,0.7692307692307693,0.8846153846153846,0.5714285714285714,0.7857142857142857,0.0004
819,0.993895947933197,1.0079326629638672,0.7692307692307693,0.8076923076923077,0.7857142857142857,0.8571428571428571,0.0004
820,0.8117217719554901,1.2291295528411865,0.75,0.8846153846153846,0.7142857142857143,0.7142857142857143,0.0004
821,0.8730906546115875,1.4131529331207275,0.7884615384615384,0.8269230769230769,0.6428571428571429,0.7142857142857143,0.0004
822,1.0186561942100525,1.6332439184188843,0.7115384615384616,0.8846153846153846,0.5714285714285714,0.7142857142857143,0.0004
823,0.8890378773212433,1.0075668096542358,0.7115384615384616,0.8653846153846154,0.7857142857142857,0.8571428571428571,0.0004
824,0.8215590417385101,1.2064225673675537,0.7115384615384616,0.8461538461538461,0.6428571428571429,0.6428571428571429,0.0004
825,0.8123841881752014,1.0197839736938477,0.8076923076923077,0.8653846153846154,0.6428571428571429,0.9285714285714286,0.0004
826,0.7796286344528198,1.2943992614746094,0.8076923076923077,0.8461538461538461,0.7142857142857143,0.7142857142857143,0.0004
827,0.9175463318824768,1.1185708045959473,0.7307692307692307,0.8653846153846154,0.7142857142857143,0.7142857142857143,0.0004
828,0.9448561370372772,1.441494345664978,0.7692307692307693,0.8653846153846154,0.6428571428571429,0.6428571428571429,0.0004
829,0.8605263233184814,1.0163295269012451,0.75,0.9230769230769231,0.7857142857142857,0.7857142857142857,0.0004
830,0.8351679742336273,0.8189849853515625,0.7692307692307693,0.8653846153846154,0.8571428571428571,0.7142857142857143,0.0004
831,1.0346596837043762,1.226060152053833,0.6346153846153846,0.8846153846153846,0.5,0.8571428571428571,0.0004
832,1.1410442292690277,1.3960222005844116,0.6923076923076923,0.8653846153846154,0.6428571428571429,0.7142857142857143,0.0004
833,0.988219827413559,1.2852067947387695,0.6923076923076923,0.8461538461538461,0.6428571428571429,0.7142857142857143,0.0004
834,1.0963796377182007,1.8726531267166138,0.7307692307692307,0.8653846153846154,0.5,0.5714285714285714,0.0004
835,0.8876127302646637,0.9716174602508545,0.6730769230769231,0.8846153846153846,0.8571428571428571,0.7142857142857143,0.0004
836,0.8812265396118164,0.823597252368927,0.7115384615384616,0.9038461538461539,0.7857142857142857,0.8571428571428571,0.0004
837,0.7834173440933228,1.6028592586517334,0.7307692307692307,0.9230769230769231,0.5,0.7142857142857143,0.0004
838,0.6257416903972626,0.946109414100647,0.7884615384615384,0.9423076923076923,0.7142857142857143,1.0,0.0004
839,0.9867680072784424,1.5083614587783813,0.7115384615384616,0.8076923076923077,0.6428571428571429,0.6428571428571429,0.0004
840,0.9255005717277527,1.286512851715088,0.7307692307692307,0.9038461538461539,0.7142857142857143,0.7142857142857143,0.0004
841,1.0269055366516113,1.5080578327178955,0.6730769230769231,0.8846153846153846,0.5,0.7142857142857143,0.0004
842,0.7910924851894379,1.0112230777740479,0.8076923076923077,0.9038461538461539,0.6428571428571429,0.9285714285714286,0.0004
843,0.7291581034660339,1.838883876800537,0.8076923076923077,0.9423076923076923,0.42857142857142855,0.6428571428571429,0.0004
844,0.8984712064266205,0.8937674164772034,0.7307692307692307,0.8653846153846154,0.7142857142857143,0.8571428571428571,0.0004
845,0.9622516632080078,1.5418624877929688,0.6730769230769231,0.8846153846153846,0.5,0.7142857142857143,0.0004
846,0.8770725727081299,1.3790479898452759,0.7692307692307693,0.8653846153846154,0.5714285714285714,0.7142857142857143,0.0004
847,0.9278375208377838,1.2671018838882446,0.7692307692307693,0.8846153846153846,0.5714285714285714,0.8571428571428571,0.0004
848,0.8446220457553864,1.0933374166488647,0.6923076923076923,0.8653846153846154,0.5714285714285714,0.8571428571428571,0.0004
849,1.0135718882083893,1.0517278909683228,0.6923076923076923,0.9038461538461539,0.6428571428571429,0.8571428571428571,0.0004
850,0.7782826125621796,1.2191259860992432,0.8076923076923077,0.8461538461538461,0.7857142857142857,0.6428571428571429,0.0004
851,0.8255494832992554,1.0971076488494873,0.8076923076923077,0.8846153846153846,0.8571428571428571,0.6428571428571429,0.0004
852,0.8584723472595215,1.3555469512939453,0.7115384615384616,0.8653846153846154,0.5714285714285714,0.7857142857142857,0.0004
853,0.9364753067493439,1.4233853816986084,0.7884615384615384,0.8846153846153846,0.5714285714285714,0.7857142857142857,0.0004
854,0.8840034604072571,1.3359315395355225,0.7307692307692307,0.9038461538461539,0.5714285714285714,0.7857142857142857,0.0004
855,0.7533676624298096,1.4618706703186035,0.8076923076923077,0.8846153846153846,0.5714285714285714,0.7857142857142857,0.0004
856,1.1239498853683472,0.7966046333312988,0.75,0.8269230769230769,0.7857142857142857,0.8571428571428571,0.0004
857,0.75420081615448,1.3983378410339355,0.7884615384615384,0.8653846153846154,0.5,0.6428571428571429,0.0004
858,0.9319011569023132,1.0167982578277588,0.75,0.9038461538461539,0.7857142857142857,0.7857142857142857,0.0004
859,0.8443884551525116,0.72629714012146,0.7307692307692307,0.8846153846153846,0.7857142857142857,0.9285714285714286,0.0004
860,0.9486492872238159,1.0103552341461182,0.6538461538461539,0.9230769230769231,0.7857142857142857,0.7857142857142857,0.0004
861,0.8377825021743774,1.291370153427124,0.7307692307692307,0.9038461538461539,0.5,0.7857142857142857,0.0004
862,1.0624871253967285,1.0113298892974854,0.7692307692307693,0.8269230769230769,0.8571428571428571,0.7142857142857143,0.0004
863,1.1629688143730164,1.2787370681762695,0.6538461538461539,0.8461538461538461,0.8571428571428571,0.6428571428571429,0.0004
864,0.9235744476318359,1.0916390419006348,0.7692307692307693,0.8846153846153846,0.7857142857142857,0.7142857142857143,0.0004
865,0.9325948357582092,1.4195055961608887,0.75,0.8269230769230769,0.5714285714285714,0.7142857142857143,0.0004
866,1.0603254437446594,1.3267579078674316,0.6346153846153846,0.8269230769230769,0.7857142857142857,0.7142857142857143,0.0004
867,0.838729739189148,1.1108967065811157,0.7692307692307693,0.8461538461538461,0.6428571428571429,0.7857142857142857,0.0004
868,1.0758142471313477,1.3982000350952148,0.7307692307692307,0.8461538461538461,0.42857142857142855,0.8571428571428571,0.0004
869,0.8609386086463928,1.0763630867004395,0.7307692307692307,0.9230769230769231,0.7142857142857143,0.7142857142857143,0.0004
870,0.8711574673652649,0.9885751605033875,0.6730769230769231,0.9038461538461539,0.7142857142857143,0.9285714285714286,0.0004
871,0.8168435096740723,0.7437834739685059,0.7884615384615384,0.9038461538461539,0.7857142857142857,0.9285714285714286,0.0004
872,0.7039263546466827,1.574576735496521,0.8269230769230769,0.9423076923076923,0.6428571428571429,0.7142857142857143,0.0004
873,0.8995721638202667,0.7229366898536682,0.7115384615384616,0.9038461538461539,0.7142857142857143,1.0,0.0004
874,0.8994038105010986,1.1433327198028564,0.6538461538461539,0.9038461538461539,0.7142857142857143,0.7142857142857143,0.0004
875,0.8107662796974182,1.118138074874878,0.75,0.8846153846153846,0.7142857142857143,0.7142857142857143,0.0004
876,0.6693470180034637,1.046047568321228,0.7884615384615384,0.9038461538461539,0.6428571428571429,0.8571428571428571,0.0004
877,0.8617892265319824,1.013984203338623,0.6730769230769231,0.9230769230769231,0.7142857142857143,0.7142857142857143,0.0004
878,0.7729752659797668,0.823681116104126,0.7692307692307693,0.9038461538461539,0.7857142857142857,0.7857142857142857,0.0004
879,0.9263939261436462,1.1823564767837524,0.75,0.8269230769230769,0.5,0.7857142857142857,0.0004
880,0.9680163562297821,0.9713616371154785,0.7692307692307693,0.8461538461538461,0.7857142857142857,0.8571428571428571,0.0004
881,1.11365807056427,1.1486003398895264,0.7115384615384616,0.8653846153846154,0.7857142857142857,0.7857142857142857,0.0004
882,0.8652942776679993,1.491387963294983,0.7692307692307693,0.9038461538461539,0.6428571428571429,0.7142857142857143,0.0004
883,0.9136259257793427,1.0038013458251953,0.7115384615384616,0.8653846153846154,0.7142857142857143,0.7857142857142857,0.0004
884,0.9940101206302643,1.2402091026306152,0.6730769230769231,0.8269230769230769,0.6428571428571429,0.8571428571428571,0.0004
885,0.6893665492534637,1.3152238130569458,0.8269230769230769,0.9615384615384616,0.6428571428571429,0.7857142857142857,0.0004
886,0.7433150708675385,1.496645450592041,0.8269230769230769,0.9038461538461539,0.7142857142857143,0.6428571428571429,0.0004
887,0.7915203869342804,1.2685918807983398,0.7692307692307693,0.8653846153846154,0.6428571428571429,0.7142857142857143,0.0004
888,1.0913969278335571,0.8888314962387085,0.6730769230769231,0.8076923076923077,0.6428571428571429,0.9285714285714286,0.0004
889,1.0823443531990051,1.0125267505645752,0.6153846153846154,0.8846153846153846,0.8571428571428571,0.7142857142857143,0.0004
890,1.1191498041152954,0.6677058935165405,0.6346153846153846,0.8846153846153846,0.9285714285714286,0.7857142857142857,0.0004
891,0.9033060371875763,1.4845554828643799,0.7884615384615384,0.9038461538461539,0.7142857142857143,0.7142857142857143,0.0004
892,0.9256913959980011,0.9253301620483398,0.75,0.8461538461538461,0.7857142857142857,0.8571428571428571,0.0004
893,0.9312463402748108,0.7957596182823181,0.6538461538461539,0.8846153846153846,0.7142857142857143,0.8571428571428571,0.0004
894,0.8115189075469971,1.5202338695526123,0.8076923076923077,0.9230769230769231,0.6428571428571429,0.7142857142857143,0.0004
895,0.7402468621730804,1.221617579460144,0.7692307692307693,0.9423076923076923,0.6428571428571429,0.6428571428571429,0.0004
896,0.8774257302284241,1.0428683757781982,0.8269230769230769,0.8846153846153846,0.6428571428571429,0.7142857142857143,0.0004
897,0.886191189289093,1.2703516483306885,0.6923076923076923,0.9230769230769231,0.7142857142857143,0.6428571428571429,0.0004
898,0.8404336273670197,1.101581335067749,0.7692307692307693,0.9423076923076923,0.7142857142857143,0.6428571428571429,0.0004
899,0.8892936706542969,1.0954093933105469,0.75,0.8846153846153846,0.5,0.7857142857142857,0.0004
900,0.9591130018234253,1.160415530204773,0.6730769230769231,0.8846153846153846,0.6428571428571429,0.7142857142857143,0.0004
901,0.9628905951976776,1.214318037033081,0.6346153846153846,0.8461538461538461,0.7142857142857143,0.7142857142857143,0.0004
902,0.8718833327293396,1.5616652965545654,0.7307692307692307,0.9230769230769231,0.5,0.7142857142857143,0.0004
903,0.8755919337272644,1.7766060829162598,0.7115384615384616,0.8653846153846154,0.5714285714285714,0.6428571428571429,0.0004
904,0.9458316564559937,0.9800338745117188,0.7115384615384616,0.8846153846153846,0.8571428571428571,0.7142857142857143,0.0004
905,1.0384743809700012,0.8988847136497498,0.7115384615384616,0.8846153846153846,0.7857142857142857,0.9285714285714286,0.0004
906,0.9975882172584534,1.5734152793884277,0.6538461538461539,0.9038461538461539,0.42857142857142855,0.7857142857142857,0.0004
907,1.046309769153595,1.1245880126953125,0.6923076923076923,0.8653846153846154,0.7142857142857143,0.7142857142857143,0.0004
908,1.119618982076645,1.3438220024108887,0.6923076923076923,0.8846153846153846,0.5714285714285714,0.7142857142857143,0.0004
909,0.8153612911701202,1.354957103729248,0.8269230769230769,0.9230769230769231,0.5714285714285714,0.6428571428571429,0.0004
910,0.8426480889320374,1.2582933902740479,0.7692307692307693,0.9423076923076923,0.7142857142857143,0.6428571428571429,0.0004
911,0.8731025457382202,1.3497045040130615,0.75,0.9230769230769231,0.6428571428571429,0.6428571428571429,0.0004
912,0.8756558299064636,1.2990682125091553,0.7115384615384616,0.8846153846153846,0.7857142857142857,0.6428571428571429,0.0004
913,0.8165597319602966,1.312418818473816,0.7115384615384616,0.9615384615384616,0.5714285714285714,0.7142857142857143,0.0004
914,1.0140377879142761,0.9941244125366211,0.5961538461538461,0.8269230769230769,0.7857142857142857,0.7857142857142857,0.0004
915,1.0420894622802734,0.9258068203926086,0.6538461538461539,0.8269230769230769,0.7857142857142857,0.8571428571428571,0.0004
916,0.698110044002533,1.111374020576477,0.7692307692307693,0.9423076923076923,0.7857142857142857,0.7142857142857143,0.0004
917,0.8747437596321106,1.4538607597351074,0.75,0.8269230769230769,0.42857142857142855,0.7857142857142857,0.0004
918,0.8168954253196716,1.3515255451202393,0.7307692307692307,0.9230769230769231,0.5,0.7857142857142857,0.0004
919,0.9290854632854462,1.6297811269760132,0.6923076923076923,0.8461538461538461,0.35714285714285715,0.7857142857142857,0.0004
920,0.8414098024368286,0.9048541188240051,0.75,0.9038461538461539,0.8571428571428571,0.7142857142857143,0.0004
921,0.9458044469356537,0.8928459882736206,0.6923076923076923,0.8653846153846154,0.6428571428571429,0.8571428571428571,0.0004
922,0.9174399971961975,0.7680860757827759,0.6730769230769231,0.9230769230769231,0.7857142857142857,0.7857142857142857,0.0004
923,0.939409077167511,1.29336678981781,0.6923076923076923,0.9230769230769231,0.6428571428571429,0.7857142857142857,0.0004
924,0.8600952625274658,0.9629113674163818,0.7884615384615384,0.9038461538461539,0.7142857142857143,0.8571428571428571,0.0004
925,0.8160521686077118,1.9227311611175537,0.7307692307692307,0.8846153846153846,0.35714285714285715,0.6428571428571429,0.0004
926,0.9170313775539398,1.1131654977798462,0.6730769230769231,0.9038461538461539,0.7142857142857143,0.8571428571428571,0.0004
927,0.8673995733261108,1.0114160776138306,0.75,0.9423076923076923,0.7857142857142857,0.7857142857142857,0.0004
928,0.962993860244751,1.1330065727233887,0.75,0.8461538461538461,0.7142857142857143,0.7857142857142857,0.0004
929,0.7699756026268005,1.001395344734192,0.7884615384615384,0.9230769230769231,0.6428571428571429,0.8571428571428571,0.0004
930,0.9162926971912384,1.5077316761016846,0.7692307692307693,0.8461538461538461,0.5714285714285714,0.7857142857142857,0.0004
931,0.6428127586841583,1.0980685949325562,0.7884615384615384,0.8846153846153846,0.5714285714285714,0.9285714285714286,0.0004
932,0.8301243782043457,1.2458713054656982,0.7884615384615384,0.8653846153846154,0.6428571428571429,0.7857142857142857,0.0004
933,0.6794518530368805,1.220556378364563,0.7692307692307693,0.9038461538461539,0.7142857142857143,0.7142857142857143,0.0004
934,0.8072235584259033,1.1332926750183105,0.7307692307692307,0.9230769230769231,0.6428571428571429,0.8571428571428571,0.0004
935,0.697759747505188,1.643938660621643,0.7692307692307693,0.9615384615384616,0.5,0.6428571428571429,0.0004
936,0.9333412051200867,1.7976963520050049,0.7115384615384616,0.9230769230769231,0.6428571428571429,0.5714285714285714,0.0004
937,0.7888334095478058,1.2150108814239502,0.7692307692307693,0.9038461538461539,0.5,0.8571428571428571,0.0004
938,0.6662108898162842,1.4143768548965454,0.8269230769230769,0.8653846153846154,0.5714285714285714,0.7142857142857143,0.0004
939,0.91396763920784,1.6254384517669678,0.7115384615384616,0.9230769230769231,0.5714285714285714,0.6428571428571429,0.0004
940,0.8426896631717682,1.636689305305481,0.75,0.9038461538461539,0.5714285714285714,0.6428571428571429,0.0004
941,0.929582804441452,1.6443920135498047,0.6923076923076923,0.8653846153846154,0.5714285714285714,0.6428571428571429,0.0004
942,0.9357188940048218,1.2599856853485107,0.7115384615384616,0.8653846153846154,0.6428571428571429,0.7857142857142857,0.0004
943,0.9320002198219299,1.1613945960998535,0.6730769230769231,0.8076923076923077,0.7142857142857143,0.7857142857142857,0.0004
944,0.6624296307563782,1.109729290008545,0.7692307692307693,0.9615384615384616,0.5714285714285714,0.9285714285714286,0.0004
945,0.8728654384613037,1.439437747001648,0.7884615384615384,0.9038461538461539,0.6428571428571429,0.7142857142857143,0.0004
946,0.6259871125221252,1.211754322052002,0.8076923076923077,0.9423076923076923,0.42857142857142855,0.8571428571428571,0.0004
947,1.0271070003509521,1.0808051824569702,0.75,0.8076923076923077,0.7142857142857143,0.7857142857142857,0.0004
948,0.7844783067703247,1.6042064428329468,0.8269230769230769,0.8461538461538461,0.5714285714285714,0.6428571428571429,0.0004
949,0.8271653056144714,0.90030837059021,0.75,0.8653846153846154,0.7142857142857143,0.7857142857142857,0.0004
950,1.0419224202632904,1.2638018131256104,0.6730769230769231,0.8653846153846154,0.6428571428571429,0.7857142857142857,0.0004
951,0.9458445906639099,1.2048263549804688,0.7307692307692307,0.9038461538461539,0.7142857142857143,0.6428571428571429,0.0004
952,0.8030577600002289,1.045882225036621,0.7884615384615384,0.8846153846153846,0.7142857142857143,0.8571428571428571,0.0004
953,0.948370486497879,0.9063431024551392,0.7692307692307693,0.8846153846153846,0.6428571428571429,0.8571428571428571,0.0004
954,0.7320549190044403,1.0662858486175537,0.7884615384615384,0.9230769230769231,0.7142857142857143,0.7857142857142857,0.0004
955,0.7816543281078339,0.9268338680267334,0.75,0.8846153846153846,0.8571428571428571,0.7857142857142857,0.0004
956,0.6344051957130432,1.339425802230835,0.8269230769230769,0.9230769230769231,0.5714285714285714,0.7857142857142857,0.0004
957,0.9772706031799316,1.3570387363433838,0.6923076923076923,0.8461538461538461,0.5714285714285714,0.8571428571428571,0.0004
958,1.1691782474517822,1.0393452644348145,0.5384615384615384,0.8846153846153846,0.8571428571428571,0.7142857142857143,0.0004
959,1.0236009359359741,1.2966424226760864,0.6538461538461539,0.8461538461538461,0.7857142857142857,0.7142857142857143,0.0004
960,0.9073806405067444,1.1419703960418701,0.7307692307692307,0.8461538461538461,0.7142857142857143,0.7857142857142857,0.0004
961,0.9724532961845398,1.4841644763946533,0.8269230769230769,0.8653846153846154,0.7142857142857143,0.5714285714285714,0.0004
962,0.6226938366889954,0.8662370443344116,0.8269230769230769,0.9615384615384616,0.7857142857142857,0.7857142857142857,0.0004
963,0.6730828285217285,1.2747633457183838,0.8653846153846154,0.8846153846153846,0.6428571428571429,0.7142857142857143,0.0004
964,0.6360960006713867,1.5728721618652344,0.7884615384615384,0.9230769230769231,0.5,0.7142857142857143,0.0004
965,0.7988260984420776,1.4930922985076904,0.7307692307692307,0.9038461538461539,0.5714285714285714,0.7142857142857143,0.0004
966,0.637345552444458,0.8711345195770264,0.8076923076923077,0.9423076923076923,0.9285714285714286,0.7142857142857143,0.0004
967,0.8191000819206238,1.3399090766906738,0.8269230769230769,0.8653846153846154,0.7142857142857143,0.7142857142857143,0.0004
968,0.8847391605377197,1.4128283262252808,0.7115384615384616,0.9038461538461539,0.6428571428571429,0.7142857142857143,0.0004
969,0.8913280367851257,1.5633280277252197,0.7115384615384616,0.8653846153846154,0.7142857142857143,0.7142857142857143,0.0004
970,0.790259599685669,1.140393614768982,0.7307692307692307,0.9038461538461539,0.7857142857142857,0.7142857142857143,0.0004
971,0.8273544907569885,1.011476755142212,0.75,0.9230769230769231,0.7857142857142857,0.7857142857142857,0.0004
972,0.8247560560703278,1.2147307395935059,0.75,0.9230769230769231,0.7857142857142857,0.6428571428571429,0.0004
973,0.9184641540050507,0.7941654324531555,0.6346153846153846,0.8846153846153846,0.7142857142857143,0.7857142857142857,0.0004
974,0.7696072459220886,0.7409448623657227,0.7307692307692307,0.9230769230769231,0.6428571428571429,0.8571428571428571,0.0004
975,1.1182602643966675,1.177959680557251,0.6730769230769231,0.8653846153846154,0.5714285714285714,0.7857142857142857,0.0004
976,0.6687478125095367,0.8794742822647095,0.8269230769230769,0.9038461538461539,0.8571428571428571,0.7142857142857143,0.0004
977,0.8136811256408691,0.9534777998924255,0.75,0.9423076923076923,0.5714285714285714,0.8571428571428571,0.0004
978,0.9697630405426025,1.2810907363891602,0.6923076923076923,0.8653846153846154,0.42857142857142855,0.8571428571428571,0.0004
979,0.7734906077384949,1.1560394763946533,0.8076923076923077,0.9230769230769231,0.5714285714285714,0.8571428571428571,0.0004
980,0.9291484355926514,1.2654459476470947,0.6730769230769231,0.9230769230769231,0.6428571428571429,0.7142857142857143,0.0004
981,0.656568706035614,1.096990942955017,0.8269230769230769,0.9423076923076923,0.6428571428571429,0.8571428571428571,0.0004
982,0.897008866071701,0.808488130569458,0.75,0.8846153846153846,0.9285714285714286,0.7857142857142857,0.0004
983,0.8213733732700348,1.2048206329345703,0.7307692307692307,0.8846153846153846,0.7142857142857143,0.7857142857142857,0.0004
984,1.2360827326774597,1.0087393522262573,0.6923076923076923,0.8846153846153846,0.5714285714285714,0.8571428571428571,0.0004
985,1.0707824230194092,0.9505878686904907,0.7307692307692307,0.8269230769230769,0.7142857142857143,0.8571428571428571,0.0004
986,1.2193283140659332,1.2137737274169922,0.5961538461538461,0.8076923076923077,0.7142857142857143,0.7142857142857143,0.0004
987,0.8705305755138397,1.6303751468658447,0.7307692307692307,0.9423076923076923,0.5714285714285714,0.7142857142857143,0.0004
988,1.0257585048675537,0.9634711742401123,0.6730769230769231,0.7884615384615384,0.8571428571428571,0.7142857142857143,0.0004
989,0.8290935456752777,1.1006755828857422,0.8076923076923077,0.8846153846153846,0.7142857142857143,0.7142857142857143,0.0004
990,1.1704455614089966,0.6864758729934692,0.6923076923076923,0.7692307692307693,0.7857142857142857,0.8571428571428571,0.0004
991,0.9695064425468445,1.2333279848098755,0.6346153846153846,0.8653846153846154,0.7857142857142857,0.7142857142857143,0.0004
992,0.7448990046977997,1.1829310655593872,0.75,0.9038461538461539,0.5714285714285714,0.7857142857142857,0.0004
993,0.7216893434524536,0.8631153106689453,0.8076923076923077,0.9615384615384616,0.9285714285714286,0.7857142857142857,0.0004
994,1.1621480584144592,0.6647437214851379,0.7692307692307693,0.8269230769230769,0.7857142857142857,0.9285714285714286,0.0004
995,0.912444531917572,1.2340567111968994,0.6923076923076923,0.8461538461538461,0.5714285714285714,0.7142857142857143,0.0004
996,0.867431104183197,1.2511024475097656,0.7307692307692307,0.9038461538461539,0.5714285714285714,0.8571428571428571,0.0004
997,1.0402303338050842,1.3413060903549194,0.7115384615384616,0.8653846153846154,0.5714285714285714,0.7857142857142857,0.0004
998,0.9100807309150696,1.6512789726257324,0.7692307692307693,0.9038461538461539,0.5,0.7142857142857143,0.0004
999,1.0146275460720062,1.0114974975585938,0.6730769230769231,0.8846153846153846,0.7142857142857143,0.7857142857142857,0.0004
1000,0.6611437499523163,1.0770940780639648,0.8269230769230769,0.8846153846153846,0.6428571428571429,0.7857142857142857,0.0004
