Version,Action accuracy,Status accuracy,average accuracy
v1.1.1,0.642857,0.857143,0.75
v2.1,0.621212,0.818182,0.719697
v1.1.2,0.7857142857142857,0.7142857142857143,0.75
