epoch,train_loss,val_loss,train_acc_action,train_acc_status,val_acc_action,val_acc_status,learning_rate
1,1.7892610430717468,1.767985224723816,0.3269230769230769,0.8269230769230769,0.35714285714285715,0.8571428571428571,0.0004
2,1.770801067352295,1.750028371810913,0.3269230769230769,0.8269230769230769,0.35714285714285715,0.8571428571428571,0.0004
3,1.75426584482193,1.731423258781433,0.3269230769230769,0.8269230769230769,0.35714285714285715,0.8571428571428571,0.0004
4,1.7377070784568787,1.709726095199585,0.3269230769230769,0.8269230769230769,0.35714285714285715,0.8571428571428571,0.0004
5,1.7059791088104248,1.6838295459747314,0.3269230769230769,0.8269230769230769,0.21428571428571427,0.8571428571428571,0.0004
6,1.6818734407424927,1.6517860889434814,0.36538461538461536,0.8269230769230769,0.21428571428571427,0.8571428571428571,0.0004
7,1.6564284563064575,1.6116528511047363,0.36538461538461536,0.8269230769230769,0.21428571428571427,0.8571428571428571,0.0004
8,1.6105048060417175,1.5659711360931396,0.36538461538461536,0.8269230769230769,0.21428571428571427,0.8571428571428571,0.0004
9,1.594394564628601,1.5490713119506836,0.36538461538461536,0.8269230769230769,0.21428571428571427,0.8571428571428571,0.0004
10,1.571634829044342,1.5678391456604004,0.36538461538461536,0.8269230769230769,0.21428571428571427,0.8571428571428571,0.0004
11,1.5754416584968567,1.567111611366272,0.36538461538461536,0.8269230769230769,0.21428571428571427,0.8571428571428571,0.0004
12,1.566679298877716,1.5510953664779663,0.36538461538461536,0.8269230769230769,0.21428571428571427,0.8571428571428571,0.0004
13,1.5705296993255615,1.5398623943328857,0.36538461538461536,0.8269230769230769,0.21428571428571427,0.8571428571428571,0.0004
14,1.5414166450500488,1.5376359224319458,0.36538461538461536,0.8269230769230769,0.21428571428571427,0.8571428571428571,0.0004
15,1.5800118446350098,1.5377490520477295,0.36538461538461536,0.8269230769230769,0.35714285714285715,0.8571428571428571,0.0004
16,1.5655790567398071,1.5383890867233276,0.3269230769230769,0.8269230769230769,0.35714285714285715,0.8571428571428571,0.0004
17,1.546625554561615,1.5394620895385742,0.3269230769230769,0.8269230769230769,0.35714285714285715,0.8571428571428571,0.0004
18,1.5813960433006287,1.5378000736236572,0.3076923076923077,0.8269230769230769,0.21428571428571427,0.8571428571428571,0.0004
19,1.593333125114441,1.5358158349990845,0.36538461538461536,0.8269230769230769,0.21428571428571427,0.8571428571428571,0.0004
20,1.5330134630203247,1.535334825515747,0.36538461538461536,0.8269230769230769,0.21428571428571427,0.8571428571428571,0.0004
21,1.5549280047416687,1.5333592891693115,0.36538461538461536,0.8269230769230769,0.21428571428571427,0.8571428571428571,0.0004
22,1.5811821818351746,1.531740427017212,0.36538461538461536,0.8269230769230769,0.21428571428571427,0.8571428571428571,0.0004
23,1.5860562324523926,1.5313160419464111,0.36538461538461536,0.8269230769230769,0.21428571428571427,0.8571428571428571,0.0004
24,1.565495491027832,1.5298824310302734,0.36538461538461536,0.8269230769230769,0.21428571428571427,0.8571428571428571,0.0004
25,1.5204850435256958,1.5291826725006104,0.36538461538461536,0.8269230769230769,0.21428571428571427,0.8571428571428571,0.0004
26,1.5665837526321411,1.5283914804458618,0.36538461538461536,0.8269230769230769,0.21428571428571427,0.8571428571428571,0.0004
27,1.5854052305221558,1.5284435749053955,0.36538461538461536,0.8269230769230769,0.21428571428571427,0.8571428571428571,0.0004
28,1.5499213337898254,1.528639793395996,0.36538461538461536,0.8269230769230769,0.21428571428571427,0.8571428571428571,0.0004
29,1.5681588649749756,1.52910315990448,0.36538461538461536,0.8269230769230769,0.21428571428571427,0.8571428571428571,0.0004
30,1.5513864159584045,1.5300911664962769,0.36538461538461536,0.8269230769230769,0.21428571428571427,0.8571428571428571,0.0004
31,1.5346307158470154,1.53108811378479,0.36538461538461536,0.8269230769230769,0.21428571428571427,0.8571428571428571,0.0004
32,1.570556104183197,1.5325888395309448,0.36538461538461536,0.8269230769230769,0.21428571428571427,0.8571428571428571,0.0004
33,1.5663387179374695,1.5328330993652344,0.36538461538461536,0.8269230769230769,0.21428571428571427,0.8571428571428571,0.0004
34,1.5423060655593872,1.5336413383483887,0.36538461538461536,0.8269230769230769,0.21428571428571427,0.8571428571428571,0.0004
35,1.5501751899719238,1.532516598701477,0.36538461538461536,0.8269230769230769,0.21428571428571427,0.8571428571428571,0.0004
36,1.5633133053779602,1.5314425230026245,0.36538461538461536,0.8269230769230769,0.21428571428571427,0.8571428571428571,0.0004
37,1.554097056388855,1.5313102006912231,0.36538461538461536,0.8269230769230769,0.21428571428571427,0.8571428571428571,0.0004
38,1.5531877279281616,1.5307426452636719,0.36538461538461536,0.8269230769230769,0.21428571428571427,0.8571428571428571,0.0004
39,1.5237929821014404,1.5297424793243408,0.36538461538461536,0.8269230769230769,0.21428571428571427,0.8571428571428571,0.0004
40,1.5220633149147034,1.5282844305038452,0.36538461538461536,0.8269230769230769,0.21428571428571427,0.8571428571428571,0.0004
41,1.5205564498901367,1.5270946025848389,0.36538461538461536,0.8269230769230769,0.21428571428571427,0.8571428571428571,0.0004
42,1.5823304653167725,1.5266313552856445,0.36538461538461536,0.8269230769230769,0.21428571428571427,0.8571428571428571,0.0004
43,1.612152338027954,1.5261114835739136,0.36538461538461536,0.8269230769230769,0.21428571428571427,0.8571428571428571,0.0004
44,1.5515798926353455,1.5265519618988037,0.36538461538461536,0.8269230769230769,0.21428571428571427,0.8571428571428571,0.0004
45,1.5631426572799683,1.526535153388977,0.36538461538461536,0.8269230769230769,0.21428571428571427,0.8571428571428571,0.0004
46,1.5637400150299072,1.5276079177856445,0.36538461538461536,0.8269230769230769,0.21428571428571427,0.8571428571428571,0.0004
47,1.5822197198867798,1.5295913219451904,0.36538461538461536,0.8269230769230769,0.21428571428571427,0.8571428571428571,0.0004
48,1.538961410522461,1.5314534902572632,0.36538461538461536,0.8269230769230769,0.21428571428571427,0.8571428571428571,0.0004
49,1.5916556119918823,1.5319303274154663,0.36538461538461536,0.8269230769230769,0.21428571428571427,0.8571428571428571,0.0004
50,1.5487074851989746,1.5335437059402466,0.36538461538461536,0.8269230769230769,0.21428571428571427,0.8571428571428571,0.0004
51,1.5785265564918518,1.5353131294250488,0.36538461538461536,0.8269230769230769,0.21428571428571427,0.8571428571428571,0.0004
52,1.5479422211647034,1.5370829105377197,0.36538461538461536,0.8269230769230769,0.21428571428571427,0.8571428571428571,0.0004
53,1.5822060108184814,1.5391734838485718,0.36538461538461536,0.8269230769230769,0.21428571428571427,0.8571428571428571,0.0004
54,1.5585432648658752,1.5399818420410156,0.36538461538461536,0.8269230769230769,0.21428571428571427,0.8571428571428571,0.0004
55,1.5610814094543457,1.541722059249878,0.36538461538461536,0.8269230769230769,0.21428571428571427,0.8571428571428571,0.0004
56,1.5774789452552795,1.5436670780181885,0.36538461538461536,0.8269230769230769,0.21428571428571427,0.8571428571428571,0.0004
57,1.5652234554290771,1.5455288887023926,0.36538461538461536,0.8269230769230769,0.21428571428571427,0.8571428571428571,0.0004
58,1.5770295858383179,1.5466200113296509,0.36538461538461536,0.8269230769230769,0.21428571428571427,0.8571428571428571,0.0004
59,1.5725667476654053,1.5473260879516602,0.36538461538461536,0.8269230769230769,0.21428571428571427,0.8571428571428571,0.0004
60,1.5668510794639587,1.5488818883895874,0.36538461538461536,0.8269230769230769,0.21428571428571427,0.8571428571428571,0.0004
61,1.5619902610778809,1.5493037700653076,0.36538461538461536,0.8269230769230769,0.21428571428571427,0.8571428571428571,0.0004
62,1.5837465524673462,1.5497950315475464,0.36538461538461536,0.8269230769230769,0.21428571428571427,0.8571428571428571,0.0004
63,1.5600056052207947,1.5487784147262573,0.36538461538461536,0.8269230769230769,0.21428571428571427,0.8571428571428571,0.0004
64,1.5693941712379456,1.5484989881515503,0.36538461538461536,0.8269230769230769,0.21428571428571427,0.8571428571428571,0.0004
65,1.5603599548339844,1.5467790365219116,0.36538461538461536,0.8269230769230769,0.21428571428571427,0.8571428571428571,0.0004
66,1.5266390442848206,1.5459082126617432,0.36538461538461536,0.8269230769230769,0.21428571428571427,0.8571428571428571,0.0004
67,1.554720163345337,1.544227123260498,0.36538461538461536,0.8269230769230769,0.21428571428571427,0.8571428571428571,0.0004
68,1.5516880750656128,1.5415542125701904,0.36538461538461536,0.8269230769230769,0.21428571428571427,0.8571428571428571,0.0004
69,1.524262249469757,1.5389552116394043,0.36538461538461536,0.8269230769230769,0.21428571428571427,0.8571428571428571,0.0004
70,1.5645116567611694,1.5357215404510498,0.36538461538461536,0.8269230769230769,0.21428571428571427,0.8571428571428571,0.0004
71,1.5526413321495056,1.5331709384918213,0.36538461538461536,0.8269230769230769,0.21428571428571427,0.8571428571428571,0.0004
72,1.5632880330085754,1.5301358699798584,0.36538461538461536,0.8269230769230769,0.21428571428571427,0.8571428571428571,0.0004
73,1.5493213534355164,1.5282865762710571,0.36538461538461536,0.8269230769230769,0.21428571428571427,0.8571428571428571,0.0004
74,1.5505372285842896,1.5270766019821167,0.36538461538461536,0.8269230769230769,0.21428571428571427,0.8571428571428571,0.0004
75,1.5156028866767883,1.5260605812072754,0.36538461538461536,0.8269230769230769,0.21428571428571427,0.8571428571428571,0.0004
76,1.5895259380340576,1.5271632671356201,0.36538461538461536,0.8269230769230769,0.21428571428571427,0.8571428571428571,0.0004
77,1.5665906071662903,1.5266015529632568,0.36538461538461536,0.8269230769230769,0.21428571428571427,0.8571428571428571,0.0004
78,1.565463900566101,1.5263278484344482,0.36538461538461536,0.8269230769230769,0.21428571428571427,0.8571428571428571,0.0004
79,1.5498546957969666,1.5268092155456543,0.36538461538461536,0.8269230769230769,0.21428571428571427,0.8571428571428571,0.0004
80,1.5511010885238647,1.5278472900390625,0.36538461538461536,0.8269230769230769,0.21428571428571427,0.8571428571428571,0.0004
81,1.549623191356659,1.5285625457763672,0.36538461538461536,0.8269230769230769,0.21428571428571427,0.8571428571428571,0.0004
82,1.5817312598228455,1.5295555591583252,0.36538461538461536,0.8269230769230769,0.21428571428571427,0.8571428571428571,0.0004
83,1.566554069519043,1.530766248703003,0.36538461538461536,0.8269230769230769,0.21428571428571427,0.8571428571428571,0.0004
84,1.5346046090126038,1.5315989255905151,0.36538461538461536,0.8269230769230769,0.21428571428571427,0.8571428571428571,0.0004
85,1.563464343547821,1.5325465202331543,0.36538461538461536,0.8269230769230769,0.21428571428571427,0.8571428571428571,0.0004
86,1.59434574842453,1.5340018272399902,0.36538461538461536,0.8269230769230769,0.21428571428571427,0.8571428571428571,0.0004
87,1.578239381313324,1.535545825958252,0.36538461538461536,0.8269230769230769,0.21428571428571427,0.8571428571428571,0.0004
88,1.5665481686592102,1.5373426675796509,0.36538461538461536,0.8269230769230769,0.21428571428571427,0.8571428571428571,0.0004
89,1.536826729774475,1.5385408401489258,0.36538461538461536,0.8269230769230769,0.21428571428571427,0.8571428571428571,0.0004
90,1.5806032419204712,1.5393493175506592,0.36538461538461536,0.8269230769230769,0.21428571428571427,0.8571428571428571,0.0004
91,1.5539206266403198,1.5398114919662476,0.36538461538461536,0.8269230769230769,0.21428571428571427,0.8571428571428571,0.0004
92,1.5672852396965027,1.5393306016921997,0.36538461538461536,0.8269230769230769,0.21428571428571427,0.8571428571428571,0.0004
93,1.5677838325500488,1.5384368896484375,0.36538461538461536,0.8269230769230769,0.21428571428571427,0.8571428571428571,0.0004
94,1.5689453482627869,1.536985158920288,0.36538461538461536,0.8269230769230769,0.21428571428571427,0.8571428571428571,0.0004
95,1.5419637560844421,1.5351910591125488,0.36538461538461536,0.8269230769230769,0.21428571428571427,0.8571428571428571,0.0004
96,1.5820367336273193,1.5327458381652832,0.36538461538461536,0.8269230769230769,0.21428571428571427,0.8571428571428571,0.0004
97,1.594853699207306,1.5301389694213867,0.36538461538461536,0.8269230769230769,0.21428571428571427,0.8571428571428571,0.0004
98,1.5783842206001282,1.5281587839126587,0.36538461538461536,0.8269230769230769,0.21428571428571427,0.8571428571428571,0.0004
99,1.5681581497192383,1.5276460647583008,0.36538461538461536,0.8269230769230769,0.21428571428571427,0.8571428571428571,0.0004
100,1.5356122255325317,1.526489019393921,0.36538461538461536,0.8269230769230769,0.21428571428571427,0.8571428571428571,0.0004
101,1.5776827335357666,1.5258252620697021,0.36538461538461536,0.8269230769230769,0.21428571428571427,0.8571428571428571,0.0004
102,1.549232840538025,1.5265083312988281,0.36538461538461536,0.8269230769230769,0.21428571428571427,0.8571428571428571,0.0004
103,1.5522988438606262,1.5279388427734375,0.36538461538461536,0.8269230769230769,0.21428571428571427,0.8571428571428571,0.0004
104,1.546897530555725,1.5286120176315308,0.36538461538461536,0.8269230769230769,0.21428571428571427,0.8571428571428571,0.0004
105,1.5483814477920532,1.5303499698638916,0.36538461538461536,0.8269230769230769,0.21428571428571427,0.8571428571428571,0.0004
106,1.5335566997528076,1.5325260162353516,0.36538461538461536,0.8269230769230769,0.21428571428571427,0.8571428571428571,0.0004
107,1.5640016794204712,1.534897804260254,0.36538461538461536,0.8269230769230769,0.21428571428571427,0.8571428571428571,0.0004
108,1.5657153129577637,1.5376639366149902,0.36538461538461536,0.8269230769230769,0.21428571428571427,0.8571428571428571,0.0004
109,1.5621358156204224,1.5399501323699951,0.36538461538461536,0.8269230769230769,0.21428571428571427,0.8571428571428571,0.0004
110,1.5664451718330383,1.5425472259521484,0.36538461538461536,0.8269230769230769,0.21428571428571427,0.8571428571428571,0.0004
111,1.5833408832550049,1.5444211959838867,0.36538461538461536,0.8269230769230769,0.21428571428571427,0.8571428571428571,0.0004
112,1.582268476486206,1.5453823804855347,0.36538461538461536,0.8269230769230769,0.21428571428571427,0.8571428571428571,0.0004
113,1.5875282287597656,1.5461015701293945,0.36538461538461536,0.8269230769230769,0.21428571428571427,0.8571428571428571,0.0004
114,1.599634051322937,1.5454802513122559,0.36538461538461536,0.8269230769230769,0.21428571428571427,0.8571428571428571,0.0004
115,1.5617144703865051,1.544622778892517,0.36538461538461536,0.8269230769230769,0.21428571428571427,0.8571428571428571,0.0004
116,1.5419057607650757,1.5422091484069824,0.36538461538461536,0.8269230769230769,0.21428571428571427,0.8571428571428571,0.0004
117,1.553183138370514,1.5391199588775635,0.36538461538461536,0.8269230769230769,0.21428571428571427,0.8571428571428571,0.0004
118,1.5524893403053284,1.5357921123504639,0.36538461538461536,0.8269230769230769,0.21428571428571427,0.8571428571428571,0.0004
119,1.590034008026123,1.5321568250656128,0.36538461538461536,0.8269230769230769,0.21428571428571427,0.8571428571428571,0.0004
120,1.5827405452728271,1.530252456665039,0.36538461538461536,0.8269230769230769,0.21428571428571427,0.8571428571428571,0.0004
121,1.5642937421798706,1.5278558731079102,0.36538461538461536,0.8269230769230769,0.21428571428571427,0.8571428571428571,0.0004
122,1.539109230041504,1.5261693000793457,0.36538461538461536,0.8269230769230769,0.21428571428571427,0.8571428571428571,0.0004
123,1.5376895070075989,1.5241453647613525,0.36538461538461536,0.8269230769230769,0.21428571428571427,0.8571428571428571,0.0004
124,1.594700038433075,1.5228859186172485,0.36538461538461536,0.8269230769230769,0.21428571428571427,0.8571428571428571,0.0004
125,1.5370774865150452,1.5226259231567383,0.36538461538461536,0.8269230769230769,0.21428571428571427,0.8571428571428571,0.0004
126,1.5503116846084595,1.522569179534912,0.36538461538461536,0.8269230769230769,0.21428571428571427,0.8571428571428571,0.0004
127,1.5682161450386047,1.5233497619628906,0.36538461538461536,0.8269230769230769,0.21428571428571427,0.8571428571428571,0.0004
128,1.5515555143356323,1.5238170623779297,0.36538461538461536,0.8269230769230769,0.21428571428571427,0.8571428571428571,0.0004
129,1.5343310236930847,1.5241897106170654,0.36538461538461536,0.8269230769230769,0.21428571428571427,0.8571428571428571,0.0004
130,1.5036727786064148,1.5251294374465942,0.36538461538461536,0.8269230769230769,0.21428571428571427,0.8571428571428571,0.0004
131,1.5172128081321716,1.5264744758605957,0.36538461538461536,0.8269230769230769,0.21428571428571427,0.8571428571428571,0.0004
132,1.5653597712516785,1.5285890102386475,0.36538461538461536,0.8269230769230769,0.21428571428571427,0.8571428571428571,0.0004
133,1.5349739789962769,1.5312062501907349,0.36538461538461536,0.8269230769230769,0.21428571428571427,0.8571428571428571,0.0004
134,1.5990304946899414,1.5335466861724854,0.36538461538461536,0.8269230769230769,0.21428571428571427,0.8571428571428571,0.0004
135,1.4972773790359497,1.5356926918029785,0.36538461538461536,0.8269230769230769,0.21428571428571427,0.8571428571428571,0.0004
136,1.5481549501419067,1.53878915309906,0.36538461538461536,0.8269230769230769,0.21428571428571427,0.8571428571428571,0.0004
137,1.5195549726486206,1.5418601036071777,0.36538461538461536,0.8269230769230769,0.21428571428571427,0.8571428571428571,0.0004
138,1.5551972389221191,1.544307827949524,0.36538461538461536,0.8269230769230769,0.21428571428571427,0.8571428571428571,0.0004
139,1.5706406235694885,1.5453457832336426,0.36538461538461536,0.8269230769230769,0.21428571428571427,0.8571428571428571,0.0004
140,1.5835688710212708,1.5451469421386719,0.36538461538461536,0.8269230769230769,0.21428571428571427,0.8571428571428571,0.0004
141,1.550125002861023,1.5444062948226929,0.36538461538461536,0.8269230769230769,0.21428571428571427,0.8571428571428571,0.0004
142,1.5757213830947876,1.543895959854126,0.36538461538461536,0.8269230769230769,0.21428571428571427,0.8571428571428571,0.0004
143,1.5879818201065063,1.5419681072235107,0.36538461538461536,0.8269230769230769,0.21428571428571427,0.8571428571428571,0.0004
144,1.5379014015197754,1.5397502183914185,0.36538461538461536,0.8269230769230769,0.21428571428571427,0.8571428571428571,0.0004
145,1.5827659368515015,1.53757905960083,0.36538461538461536,0.8269230769230769,0.21428571428571427,0.8571428571428571,0.0004
146,1.523686408996582,1.5355535745620728,0.36538461538461536,0.8269230769230769,0.21428571428571427,0.8571428571428571,0.0004
147,1.566572368144989,1.533448338508606,0.36538461538461536,0.8269230769230769,0.21428571428571427,0.8571428571428571,0.0004
148,1.5368417501449585,1.531298279762268,0.36538461538461536,0.8269230769230769,0.21428571428571427,0.8571428571428571,0.0004
149,1.5370399951934814,1.5294041633605957,0.36538461538461536,0.8269230769230769,0.21428571428571427,0.8571428571428571,0.0004
150,1.564315915107727,1.527686357498169,0.36538461538461536,0.8269230769230769,0.21428571428571427,0.8571428571428571,0.0004
151,1.535777986049652,1.5266380310058594,0.36538461538461536,0.8269230769230769,0.21428571428571427,0.8571428571428571,0.0004
152,1.580218255519867,1.5260910987854004,0.36538461538461536,0.8269230769230769,0.21428571428571427,0.8571428571428571,0.0004
153,1.5215457677841187,1.5260136127471924,0.36538461538461536,0.8269230769230769,0.21428571428571427,0.8571428571428571,0.0004
154,1.552926778793335,1.5262787342071533,0.36538461538461536,0.8269230769230769,0.21428571428571427,0.8571428571428571,0.0004
155,1.5804537534713745,1.5264538526535034,0.36538461538461536,0.8269230769230769,0.21428571428571427,0.8571428571428571,0.0004
156,1.551945984363556,1.5271849632263184,0.36538461538461536,0.8269230769230769,0.21428571428571427,0.8571428571428571,0.0004
157,1.5368200540542603,1.5278414487838745,0.36538461538461536,0.8269230769230769,0.21428571428571427,0.8571428571428571,0.0004
158,1.579359233379364,1.527777910232544,0.36538461538461536,0.8269230769230769,0.21428571428571427,0.8571428571428571,0.0004
159,1.5361289381980896,1.5286197662353516,0.36538461538461536,0.8269230769230769,0.21428571428571427,0.8571428571428571,0.0004
160,1.5789937376976013,1.5292588472366333,0.36538461538461536,0.8269230769230769,0.21428571428571427,0.8571428571428571,0.0004
161,1.5492793917655945,1.5305140018463135,0.36538461538461536,0.8269230769230769,0.21428571428571427,0.8571428571428571,0.0004
162,1.5487990379333496,1.5322067737579346,0.36538461538461536,0.8269230769230769,0.21428571428571427,0.8571428571428571,0.0004
163,1.566259503364563,1.534149169921875,0.36538461538461536,0.8269230769230769,0.21428571428571427,0.8571428571428571,0.0004
164,1.581144630908966,1.5357496738433838,0.36538461538461536,0.8269230769230769,0.21428571428571427,0.8571428571428571,0.0004
165,1.5495189428329468,1.5371006727218628,0.36538461538461536,0.8269230769230769,0.21428571428571427,0.8571428571428571,0.0004
166,1.5785372853279114,1.5382277965545654,0.36538461538461536,0.8269230769230769,0.21428571428571427,0.8571428571428571,0.0004
167,1.5497940182685852,1.5394071340560913,0.36538461538461536,0.8269230769230769,0.21428571428571427,0.8571428571428571,0.0004
168,1.5629255771636963,1.5403326749801636,0.36538461538461536,0.8269230769230769,0.21428571428571427,0.8571428571428571,0.0004
169,1.5836224555969238,1.541426181793213,0.36538461538461536,0.8269230769230769,0.21428571428571427,0.8571428571428571,0.0004
170,1.5519925951957703,1.541680097579956,0.36538461538461536,0.8269230769230769,0.21428571428571427,0.8571428571428571,0.0004
171,1.549164593219757,1.5413392782211304,0.36538461538461536,0.8269230769230769,0.21428571428571427,0.8571428571428571,0.0004
172,1.539233386516571,1.5410975217819214,0.36538461538461536,0.8269230769230769,0.21428571428571427,0.8571428571428571,0.0004
173,1.5518999695777893,1.540086269378662,0.36538461538461536,0.8269230769230769,0.21428571428571427,0.8571428571428571,0.0004
174,1.561887502670288,1.5385445356369019,0.36538461538461536,0.8269230769230769,0.21428571428571427,0.8571428571428571,0.0004
175,1.574798583984375,1.5374191999435425,0.36538461538461536,0.8269230769230769,0.21428571428571427,0.8571428571428571,0.0004
176,1.5497626066207886,1.5374596118927002,0.36538461538461536,0.8269230769230769,0.21428571428571427,0.8571428571428571,0.0004
177,1.5528312921524048,1.5374877452850342,0.36538461538461536,0.8269230769230769,0.21428571428571427,0.8571428571428571,0.0004
178,1.5474762916564941,1.5367441177368164,0.36538461538461536,0.8269230769230769,0.21428571428571427,0.8571428571428571,0.0004
179,1.566012442111969,1.5365010499954224,0.36538461538461536,0.8269230769230769,0.21428571428571427,0.8571428571428571,0.0004
180,1.5342389941215515,1.5359785556793213,0.36538461538461536,0.8269230769230769,0.21428571428571427,0.8571428571428571,0.0004
181,1.548188328742981,1.5354443788528442,0.36538461538461536,0.8269230769230769,0.21428571428571427,0.8571428571428571,0.0004
182,1.532644271850586,1.5350217819213867,0.36538461538461536,0.8269230769230769,0.21428571428571427,0.8571428571428571,0.0004
183,1.5772560834884644,1.5345431566238403,0.36538461538461536,0.8269230769230769,0.21428571428571427,0.8571428571428571,0.0004
184,1.5841338634490967,1.5352873802185059,0.36538461538461536,0.8269230769230769,0.21428571428571427,0.8571428571428571,0.0004
185,1.5213425159454346,1.5359408855438232,0.36538461538461536,0.8269230769230769,0.21428571428571427,0.8571428571428571,0.0004
186,1.539546549320221,1.5361590385437012,0.36538461538461536,0.8269230769230769,0.21428571428571427,0.8571428571428571,0.0004
187,1.5359388589859009,1.5354375839233398,0.36538461538461536,0.8269230769230769,0.21428571428571427,0.8571428571428571,0.0004
188,1.5478638410568237,1.5343362092971802,0.36538461538461536,0.8269230769230769,0.21428571428571427,0.8571428571428571,0.0004
189,1.5508520603179932,1.5337640047073364,0.36538461538461536,0.8269230769230769,0.21428571428571427,0.8571428571428571,0.0004
190,1.5476241707801819,1.5328960418701172,0.36538461538461536,0.8269230769230769,0.21428571428571427,0.8571428571428571,0.0004
191,1.5629141330718994,1.5326457023620605,0.36538461538461536,0.8269230769230769,0.21428571428571427,0.8571428571428571,0.0004
192,1.566877007484436,1.533118486404419,0.36538461538461536,0.8269230769230769,0.21428571428571427,0.8571428571428571,0.0004
193,1.5532828569412231,1.5335553884506226,0.36538461538461536,0.8269230769230769,0.21428571428571427,0.8571428571428571,0.0004
194,1.5806481838226318,1.5332326889038086,0.36538461538461536,0.8269230769230769,0.21428571428571427,0.8571428571428571,0.0004
195,1.5649232864379883,1.5332109928131104,0.36538461538461536,0.8269230769230769,0.21428571428571427,0.8571428571428571,0.0004
196,1.5639150142669678,1.533258318901062,0.36538461538461536,0.8269230769230769,0.21428571428571427,0.8571428571428571,0.0004
197,1.5363770723342896,1.533651351928711,0.36538461538461536,0.8269230769230769,0.21428571428571427,0.8571428571428571,0.0004
198,1.5690239071846008,1.5339810848236084,0.36538461538461536,0.8269230769230769,0.21428571428571427,0.8571428571428571,0.0004
199,1.5230109691619873,1.5336048603057861,0.36538461538461536,0.8269230769230769,0.21428571428571427,0.8571428571428571,0.0004
200,1.580251693725586,1.5328304767608643,0.36538461538461536,0.8269230769230769,0.21428571428571427,0.8571428571428571,0.0004
201,1.5806898474693298,1.5321228504180908,0.36538461538461536,0.8269230769230769,0.21428571428571427,0.8571428571428571,0.0004
202,1.552848994731903,1.5315266847610474,0.36538461538461536,0.8269230769230769,0.21428571428571427,0.8571428571428571,0.0004
203,1.565519630908966,1.5304840803146362,0.36538461538461536,0.8269230769230769,0.21428571428571427,0.8571428571428571,0.0004
204,1.5649431347846985,1.529476523399353,0.36538461538461536,0.8269230769230769,0.21428571428571427,0.8571428571428571,0.0004
205,1.5669236183166504,1.5287561416625977,0.36538461538461536,0.8269230769230769,0.21428571428571427,0.8571428571428571,0.0004
206,1.5201318860054016,1.5277116298675537,0.36538461538461536,0.8269230769230769,0.21428571428571427,0.8571428571428571,0.0004
207,1.5482351779937744,1.5273163318634033,0.36538461538461536,0.8269230769230769,0.21428571428571427,0.8571428571428571,0.0004
208,1.5465670824050903,1.5276896953582764,0.36538461538461536,0.8269230769230769,0.21428571428571427,0.8571428571428571,0.0004
209,1.548990786075592,1.529272437095642,0.36538461538461536,0.8269230769230769,0.21428571428571427,0.8571428571428571,0.0004
210,1.549795687198639,1.5312143564224243,0.36538461538461536,0.8269230769230769,0.21428571428571427,0.8571428571428571,0.0004
211,1.5524796843528748,1.533285140991211,0.36538461538461536,0.8269230769230769,0.21428571428571427,0.8571428571428571,0.0004
212,1.566534161567688,1.5347752571105957,0.36538461538461536,0.8269230769230769,0.21428571428571427,0.8571428571428571,0.0004
213,1.5646880269050598,1.5358532667160034,0.36538461538461536,0.8269230769230769,0.21428571428571427,0.8571428571428571,0.0004
214,1.5532845854759216,1.5370514392852783,0.36538461538461536,0.8269230769230769,0.21428571428571427,0.8571428571428571,0.0004
215,1.5229546427726746,1.5374970436096191,0.36538461538461536,0.8269230769230769,0.21428571428571427,0.8571428571428571,0.0004
216,1.5680811405181885,1.537145733833313,0.36538461538461536,0.8269230769230769,0.21428571428571427,0.8571428571428571,0.0004
217,1.5476292967796326,1.536137580871582,0.36538461538461536,0.8269230769230769,0.21428571428571427,0.8571428571428571,0.0004
218,1.5475687980651855,1.5354888439178467,0.36538461538461536,0.8269230769230769,0.21428571428571427,0.8571428571428571,0.0004
219,1.5962491035461426,1.5350017547607422,0.36538461538461536,0.8269230769230769,0.21428571428571427,0.8571428571428571,0.0004
220,1.562266230583191,1.534945011138916,0.36538461538461536,0.8269230769230769,0.21428571428571427,0.8571428571428571,0.0004
221,1.549696922302246,1.535895586013794,0.36538461538461536,0.8269230769230769,0.21428571428571427,0.8571428571428571,0.0004
222,1.59802907705307,1.5367815494537354,0.36538461538461536,0.8269230769230769,0.21428571428571427,0.8571428571428571,0.0004
223,1.5748615264892578,1.5381391048431396,0.36538461538461536,0.8269230769230769,0.21428571428571427,0.8571428571428571,0.0004
224,1.5544671416282654,1.5379939079284668,0.36538461538461536,0.8269230769230769,0.21428571428571427,0.8571428571428571,0.0004
225,1.5277243852615356,1.5374789237976074,0.36538461538461536,0.8269230769230769,0.21428571428571427,0.8571428571428571,0.0004
226,1.5516480803489685,1.5358011722564697,0.36538461538461536,0.8269230769230769,0.21428571428571427,0.8571428571428571,0.0004
227,1.5488481521606445,1.5338969230651855,0.36538461538461536,0.8269230769230769,0.21428571428571427,0.8571428571428571,0.0004
228,1.548293948173523,1.5323796272277832,0.36538461538461536,0.8269230769230769,0.21428571428571427,0.8571428571428571,0.0004
229,1.5389093160629272,1.5316509008407593,0.36538461538461536,0.8269230769230769,0.21428571428571427,0.8571428571428571,0.0004
230,1.5352680087089539,1.5303376913070679,0.36538461538461536,0.8269230769230769,0.21428571428571427,0.8571428571428571,0.0004
231,1.5634963512420654,1.5293151140213013,0.36538461538461536,0.8269230769230769,0.21428571428571427,0.8571428571428571,0.0004
232,1.5661286115646362,1.5289595127105713,0.36538461538461536,0.8269230769230769,0.21428571428571427,0.8571428571428571,0.0004
233,1.5358831286430359,1.528794765472412,0.36538461538461536,0.8269230769230769,0.21428571428571427,0.8571428571428571,0.0004
234,1.5410184860229492,1.528984546661377,0.36538461538461536,0.8269230769230769,0.21428571428571427,0.8571428571428571,0.0004
235,1.5497790575027466,1.5279778242111206,0.36538461538461536,0.8269230769230769,0.21428571428571427,0.8571428571428571,0.0004
236,1.5348442792892456,1.5274019241333008,0.36538461538461536,0.8269230769230769,0.21428571428571427,0.8571428571428571,0.0004
237,1.5499114394187927,1.527191162109375,0.36538461538461536,0.8269230769230769,0.21428571428571427,0.8571428571428571,0.0004
238,1.5510519742965698,1.5273842811584473,0.36538461538461536,0.8269230769230769,0.21428571428571427,0.8571428571428571,0.0004
239,1.5824750661849976,1.5276604890823364,0.36538461538461536,0.8269230769230769,0.21428571428571427,0.8571428571428571,0.0004
240,1.551875114440918,1.528268575668335,0.36538461538461536,0.8269230769230769,0.21428571428571427,0.8571428571428571,0.0004
241,1.551612138748169,1.5287543535232544,0.36538461538461536,0.8269230769230769,0.21428571428571427,0.8571428571428571,0.0004
242,1.5505538582801819,1.5290839672088623,0.36538461538461536,0.8269230769230769,0.21428571428571427,0.8571428571428571,0.0004
243,1.56544691324234,1.5294960737228394,0.36538461538461536,0.8269230769230769,0.21428571428571427,0.8571428571428571,0.0004
244,1.550735354423523,1.530266523361206,0.36538461538461536,0.8269230769230769,0.21428571428571427,0.8571428571428571,0.0004
245,1.5651923418045044,1.53091299533844,0.36538461538461536,0.8269230769230769,0.21428571428571427,0.8571428571428571,0.0004
246,1.580945372581482,1.5316195487976074,0.36538461538461536,0.8269230769230769,0.21428571428571427,0.8571428571428571,0.0004
247,1.5372618436813354,1.532685399055481,0.36538461538461536,0.8269230769230769,0.21428571428571427,0.8571428571428571,0.0004
248,1.5652369260787964,1.5332260131835938,0.36538461538461536,0.8269230769230769,0.21428571428571427,0.8571428571428571,0.0004
249,1.5776938199996948,1.5335203409194946,0.36538461538461536,0.8269230769230769,0.21428571428571427,0.8571428571428571,0.0004
250,1.550943374633789,1.534301996231079,0.36538461538461536,0.8269230769230769,0.21428571428571427,0.8571428571428571,0.0004
251,1.5768889784812927,1.5346392393112183,0.36538461538461536,0.8269230769230769,0.21428571428571427,0.8571428571428571,0.0004
252,1.5485936999320984,1.5355340242385864,0.36538461538461536,0.8269230769230769,0.21428571428571427,0.8571428571428571,0.0004
253,1.5656837224960327,1.5365992784500122,0.36538461538461536,0.8269230769230769,0.21428571428571427,0.8571428571428571,0.0004
254,1.5667190551757812,1.537412405014038,0.36538461538461536,0.8269230769230769,0.21428571428571427,0.8571428571428571,0.0004
255,1.5765769481658936,1.5375795364379883,0.36538461538461536,0.8269230769230769,0.21428571428571427,0.8571428571428571,0.0004
256,1.5482176542282104,1.5381234884262085,0.36538461538461536,0.8269230769230769,0.21428571428571427,0.8571428571428571,0.0004
257,1.52119779586792,1.5388540029525757,0.36538461538461536,0.8269230769230769,0.21428571428571427,0.8571428571428571,0.0004
258,1.5530078411102295,1.5393550395965576,0.36538461538461536,0.8269230769230769,0.21428571428571427,0.8571428571428571,0.0004
259,1.5324351787567139,1.539185643196106,0.36538461538461536,0.8269230769230769,0.21428571428571427,0.8571428571428571,0.0004
260,1.5621646642684937,1.5393236875534058,0.36538461538461536,0.8269230769230769,0.21428571428571427,0.8571428571428571,0.0004
261,1.580755352973938,1.5398718118667603,0.36538461538461536,0.8269230769230769,0.21428571428571427,0.8571428571428571,0.0004
262,1.569021463394165,1.5403728485107422,0.36538461538461536,0.8269230769230769,0.21428571428571427,0.8571428571428571,0.0004
263,1.551601529121399,1.5400543212890625,0.36538461538461536,0.8269230769230769,0.21428571428571427,0.8571428571428571,0.0004
264,1.5635813474655151,1.5391576290130615,0.36538461538461536,0.8269230769230769,0.21428571428571427,0.8571428571428571,0.0004
265,1.559732735157013,1.53826105594635,0.36538461538461536,0.8269230769230769,0.21428571428571427,0.8571428571428571,0.0004
266,1.5367242097854614,1.5384663343429565,0.36538461538461536,0.8269230769230769,0.21428571428571427,0.8571428571428571,0.0004
267,1.5346660614013672,1.5381531715393066,0.36538461538461536,0.8269230769230769,0.21428571428571427,0.8571428571428571,0.0004
268,1.5644587278366089,1.5376949310302734,0.36538461538461536,0.8269230769230769,0.21428571428571427,0.8571428571428571,0.0004
269,1.5504754781723022,1.5373544692993164,0.36538461538461536,0.8269230769230769,0.21428571428571427,0.8571428571428571,0.0004
270,1.5495473146438599,1.536879062652588,0.36538461538461536,0.8269230769230769,0.21428571428571427,0.8571428571428571,0.0004
271,1.5578515529632568,1.536075472831726,0.36538461538461536,0.8269230769230769,0.21428571428571427,0.8571428571428571,0.0004
272,1.5563538670539856,1.53709077835083,0.36538461538461536,0.8269230769230769,0.21428571428571427,0.8571428571428571,0.0004
273,1.5514760613441467,1.536834955215454,0.36538461538461536,0.8269230769230769,0.21428571428571427,0.8571428571428571,0.0004
274,1.5458722710609436,1.5360386371612549,0.36538461538461536,0.8269230769230769,0.21428571428571427,0.8571428571428571,0.0004
275,1.5967331528663635,1.5360350608825684,0.36538461538461536,0.8269230769230769,0.21428571428571427,0.8571428571428571,0.0004
276,1.563874363899231,1.5358949899673462,0.36538461538461536,0.8269230769230769,0.21428571428571427,0.8571428571428571,0.0004
277,1.5480034947395325,1.53585684299469,0.36538461538461536,0.8269230769230769,0.21428571428571427,0.8571428571428571,0.0004
278,1.547791302204132,1.5360296964645386,0.36538461538461536,0.8269230769230769,0.21428571428571427,0.8571428571428571,0.0004
279,1.5811479687690735,1.5365397930145264,0.36538461538461536,0.8269230769230769,0.21428571428571427,0.8571428571428571,0.0004
280,1.578382968902588,1.5366719961166382,0.36538461538461536,0.8269230769230769,0.21428571428571427,0.8571428571428571,0.0004
281,1.595420002937317,1.5369973182678223,0.36538461538461536,0.8269230769230769,0.21428571428571427,0.8571428571428571,0.0004
282,1.5491901636123657,1.537140130996704,0.36538461538461536,0.8269230769230769,0.21428571428571427,0.8571428571428571,0.0004
283,1.566624641418457,1.537445306777954,0.36538461538461536,0.8269230769230769,0.21428571428571427,0.8571428571428571,0.0004
284,1.5608819127082825,1.5371037721633911,0.36538461538461536,0.8269230769230769,0.21428571428571427,0.8571428571428571,0.0004
285,1.5649566054344177,1.5374481678009033,0.36538461538461536,0.8269230769230769,0.21428571428571427,0.8571428571428571,0.0004
286,1.5486407279968262,1.537539005279541,0.36538461538461536,0.8269230769230769,0.21428571428571427,0.8571428571428571,0.0004
287,1.6068228483200073,1.5376248359680176,0.36538461538461536,0.8269230769230769,0.21428571428571427,0.8571428571428571,0.0004
288,1.5798447728157043,1.538246512413025,0.36538461538461536,0.8269230769230769,0.21428571428571427,0.8571428571428571,0.0004
289,1.5412107706069946,1.5388851165771484,0.36538461538461536,0.8269230769230769,0.21428571428571427,0.8571428571428571,0.0004
290,1.5373614430427551,1.5384443998336792,0.36538461538461536,0.8269230769230769,0.21428571428571427,0.8571428571428571,0.0004
291,1.5742655396461487,1.537368893623352,0.36538461538461536,0.8269230769230769,0.21428571428571427,0.8571428571428571,0.0004
292,1.580335021018982,1.5374504327774048,0.36538461538461536,0.8269230769230769,0.21428571428571427,0.8571428571428571,0.0004
293,1.5640953183174133,1.5373536348342896,0.36538461538461536,0.8269230769230769,0.21428571428571427,0.8571428571428571,0.0004
294,1.5784457921981812,1.537218451499939,0.36538461538461536,0.8269230769230769,0.21428571428571427,0.8571428571428571,0.0004
295,1.5658549070358276,1.5373674631118774,0.36538461538461536,0.8269230769230769,0.21428571428571427,0.8571428571428571,0.0004
296,1.563979148864746,1.5371716022491455,0.36538461538461536,0.8269230769230769,0.21428571428571427,0.8571428571428571,0.0004
297,1.5478370189666748,1.5369348526000977,0.36538461538461536,0.8269230769230769,0.21428571428571427,0.8571428571428571,0.0004
298,1.5400083661079407,1.537218451499939,0.36538461538461536,0.8269230769230769,0.21428571428571427,0.8571428571428571,0.0004
299,1.5485882759094238,1.5364115238189697,0.36538461538461536,0.8269230769230769,0.21428571428571427,0.8571428571428571,0.0004
300,1.5808852314949036,1.5358343124389648,0.36538461538461536,0.8269230769230769,0.21428571428571427,0.8571428571428571,0.0004
301,1.5485280752182007,1.535188913345337,0.36538461538461536,0.8269230769230769,0.21428571428571427,0.8571428571428571,0.0004
302,1.5485025644302368,1.534744381904602,0.36538461538461536,0.8269230769230769,0.21428571428571427,0.8571428571428571,0.0004
303,1.593540906906128,1.5344305038452148,0.36538461538461536,0.8269230769230769,0.21428571428571427,0.8571428571428571,0.0004
304,1.5343392491340637,1.5346485376358032,0.36538461538461536,0.8269230769230769,0.21428571428571427,0.8571428571428571,0.0004
305,1.548516869544983,1.5350120067596436,0.36538461538461536,0.8269230769230769,0.21428571428571427,0.8571428571428571,0.0004
306,1.563999056816101,1.5355101823806763,0.36538461538461536,0.8269230769230769,0.21428571428571427,0.8571428571428571,0.0004
307,1.5553898811340332,1.536357045173645,0.36538461538461536,0.8269230769230769,0.21428571428571427,0.8571428571428571,0.0004
308,1.579039454460144,1.5359758138656616,0.36538461538461536,0.8269230769230769,0.21428571428571427,0.8571428571428571,0.0004
309,1.529496967792511,1.5357002019882202,0.36538461538461536,0.8269230769230769,0.21428571428571427,0.8571428571428571,0.0004
310,1.5301989316940308,1.536270260810852,0.36538461538461536,0.8269230769230769,0.21428571428571427,0.8571428571428571,0.0004
311,1.5970600843429565,1.5375986099243164,0.36538461538461536,0.8269230769230769,0.21428571428571427,0.8571428571428571,0.0004
312,1.5624727010726929,1.5384800434112549,0.36538461538461536,0.8269230769230769,0.21428571428571427,0.8571428571428571,0.0004
313,1.5659700632095337,1.5395554304122925,0.36538461538461536,0.8269230769230769,0.21428571428571427,0.8571428571428571,0.0004
314,1.5941460132598877,1.5402982234954834,0.36538461538461536,0.8269230769230769,0.21428571428571427,0.8571428571428571,0.0004
315,1.5810301303863525,1.5411494970321655,0.36538461538461536,0.8269230769230769,0.21428571428571427,0.8571428571428571,0.0004
316,1.5343774557113647,1.541608452796936,0.36538461538461536,0.8269230769230769,0.21428571428571427,0.8571428571428571,0.0004
317,1.5437085628509521,1.5416865348815918,0.36538461538461536,0.8269230769230769,0.21428571428571427,0.8571428571428571,0.0004
318,1.5643689632415771,1.5425652265548706,0.36538461538461536,0.8269230769230769,0.21428571428571427,0.8571428571428571,0.0004
319,1.5356919765472412,1.543197512626648,0.36538461538461536,0.8269230769230769,0.21428571428571427,0.8571428571428571,0.0004
320,1.5551642179489136,1.5436081886291504,0.36538461538461536,0.8269230769230769,0.21428571428571427,0.8571428571428571,0.0004
321,1.6070151925086975,1.5427868366241455,0.36538461538461536,0.8269230769230769,0.21428571428571427,0.8571428571428571,0.0004
322,1.5630488395690918,1.5424623489379883,0.36538461538461536,0.8269230769230769,0.21428571428571427,0.8571428571428571,0.0004
323,1.549609124660492,1.5422059297561646,0.36538461538461536,0.8269230769230769,0.21428571428571427,0.8571428571428571,0.0004
324,1.5630513429641724,1.5416953563690186,0.36538461538461536,0.8269230769230769,0.21428571428571427,0.8571428571428571,0.0004
325,1.5495424270629883,1.5412890911102295,0.36538461538461536,0.8269230769230769,0.21428571428571427,0.8571428571428571,0.0004
326,1.5964758396148682,1.5407769680023193,0.36538461538461536,0.8269230769230769,0.21428571428571427,0.8571428571428571,0.0004
327,1.575685977935791,1.5398309230804443,0.36538461538461536,0.8269230769230769,0.21428571428571427,0.8571428571428571,0.0004
328,1.5495041608810425,1.5395607948303223,0.36538461538461536,0.8269230769230769,0.21428571428571427,0.8571428571428571,0.0004
329,1.5186293721199036,1.5391299724578857,0.36538461538461536,0.8269230769230769,0.21428571428571427,0.8571428571428571,0.0004
330,1.5669598579406738,1.5389645099639893,0.36538461538461536,0.8269230769230769,0.21428571428571427,0.8571428571428571,0.0004
331,1.5836505889892578,1.5384498834609985,0.36538461538461536,0.8269230769230769,0.21428571428571427,0.8571428571428571,0.0004
332,1.5469568371772766,1.5371872186660767,0.36538461538461536,0.8269230769230769,0.21428571428571427,0.8571428571428571,0.0004
333,1.5348942279815674,1.5364935398101807,0.36538461538461536,0.8269230769230769,0.21428571428571427,0.8571428571428571,0.0004
334,1.5985639691352844,1.5358377695083618,0.36538461538461536,0.8269230769230769,0.21428571428571427,0.8571428571428571,0.0004
335,1.562955617904663,1.5346876382827759,0.36538461538461536,0.8269230769230769,0.21428571428571427,0.8571428571428571,0.0004
336,1.6105095148086548,1.533980131149292,0.36538461538461536,0.8269230769230769,0.21428571428571427,0.8571428571428571,0.0004
337,1.549893319606781,1.5336811542510986,0.36538461538461536,0.8269230769230769,0.21428571428571427,0.8571428571428571,0.0004
338,1.5924396514892578,1.5333166122436523,0.36538461538461536,0.8269230769230769,0.21428571428571427,0.8571428571428571,0.0004
339,1.5334149599075317,1.533559799194336,0.36538461538461536,0.8269230769230769,0.21428571428571427,0.8571428571428571,0.0004
340,1.5227434039115906,1.5342648029327393,0.36538461538461536,0.8269230769230769,0.21428571428571427,0.8571428571428571,0.0004
341,1.5406829118728638,1.5347646474838257,0.36538461538461536,0.8269230769230769,0.21428571428571427,0.8571428571428571,0.0004
342,1.538665771484375,1.534318208694458,0.36538461538461536,0.8269230769230769,0.21428571428571427,0.8571428571428571,0.0004
343,1.5186510682106018,1.533141851425171,0.36538461538461536,0.8269230769230769,0.21428571428571427,0.8571428571428571,0.0004
344,1.54677015542984,1.532318115234375,0.36538461538461536,0.8269230769230769,0.21428571428571427,0.8571428571428571,0.0004
345,1.5341456532478333,1.5323542356491089,0.36538461538461536,0.8269230769230769,0.21428571428571427,0.8571428571428571,0.0004
346,1.5813437700271606,1.5325841903686523,0.36538461538461536,0.8269230769230769,0.21428571428571427,0.8571428571428571,0.0004
347,1.5643630623817444,1.5328400135040283,0.36538461538461536,0.8269230769230769,0.21428571428571427,0.8571428571428571,0.0004
348,1.5645456910133362,1.5333774089813232,0.36538461538461536,0.8269230769230769,0.21428571428571427,0.8571428571428571,0.0004
349,1.534668207168579,1.5343737602233887,0.36538461538461536,0.8269230769230769,0.21428571428571427,0.8571428571428571,0.0004
350,1.585533618927002,1.5352038145065308,0.36538461538461536,0.8269230769230769,0.21428571428571427,0.8571428571428571,0.0004
351,1.5204195976257324,1.5354039669036865,0.36538461538461536,0.8269230769230769,0.21428571428571427,0.8571428571428571,0.0004
352,1.5176737904548645,1.5351210832595825,0.36538461538461536,0.8269230769230769,0.21428571428571427,0.8571428571428571,0.0004
353,1.5815908908843994,1.5350247621536255,0.36538461538461536,0.8269230769230769,0.21428571428571427,0.8571428571428571,0.0004
354,1.5498441457748413,1.5349678993225098,0.36538461538461536,0.8269230769230769,0.21428571428571427,0.8571428571428571,0.0004
355,1.5508885383605957,1.5348374843597412,0.36538461538461536,0.8269230769230769,0.21428571428571427,0.8571428571428571,0.0004
356,1.5507474541664124,1.5345160961151123,0.36538461538461536,0.8269230769230769,0.21428571428571427,0.8571428571428571,0.0004
357,1.585910677909851,1.5343248844146729,0.36538461538461536,0.8269230769230769,0.21428571428571427,0.8571428571428571,0.0004
358,1.5348687171936035,1.5332942008972168,0.36538461538461536,0.8269230769230769,0.21428571428571427,0.8571428571428571,0.0004
359,1.5682387351989746,1.5324528217315674,0.36538461538461536,0.8269230769230769,0.21428571428571427,0.8571428571428571,0.0004
360,1.5471293926239014,1.5311024188995361,0.36538461538461536,0.8269230769230769,0.21428571428571427,0.8571428571428571,0.0004
361,1.534054696559906,1.530657172203064,0.36538461538461536,0.8269230769230769,0.21428571428571427,0.8571428571428571,0.0004
362,1.5640299320220947,1.53054940700531,0.36538461538461536,0.8269230769230769,0.21428571428571427,0.8571428571428571,0.0004
363,1.5636699199676514,1.530654788017273,0.36538461538461536,0.8269230769230769,0.21428571428571427,0.8571428571428571,0.0004
364,1.581477403640747,1.5314522981643677,0.36538461538461536,0.8269230769230769,0.21428571428571427,0.8571428571428571,0.0004
365,1.5933701992034912,1.5318856239318848,0.36538461538461536,0.8269230769230769,0.21428571428571427,0.8571428571428571,0.0004
366,1.5647315979003906,1.5328960418701172,0.36538461538461536,0.8269230769230769,0.21428571428571427,0.8571428571428571,0.0004
367,1.5665369033813477,1.5339592695236206,0.36538461538461536,0.8269230769230769,0.21428571428571427,0.8571428571428571,0.0004
368,1.582237422466278,1.534691572189331,0.36538461538461536,0.8269230769230769,0.21428571428571427,0.8571428571428571,0.0004
369,1.5416359305381775,1.535056233406067,0.36538461538461536,0.8269230769230769,0.21428571428571427,0.8571428571428571,0.0004
370,1.5372229218482971,1.5345854759216309,0.36538461538461536,0.8269230769230769,0.21428571428571427,0.8571428571428571,0.0004
371,1.5366870760917664,1.5338232517242432,0.36538461538461536,0.8269230769230769,0.21428571428571427,0.8571428571428571,0.0004
372,1.5519778728485107,1.5330166816711426,0.36538461538461536,0.8269230769230769,0.21428571428571427,0.8571428571428571,0.0004
373,1.5642445087432861,1.5319654941558838,0.36538461538461536,0.8269230769230769,0.21428571428571427,0.8571428571428571,0.0004
374,1.5654940605163574,1.531496286392212,0.36538461538461536,0.8269230769230769,0.21428571428571427,0.8571428571428571,0.0004
375,1.5789240002632141,1.5309152603149414,0.36538461538461536,0.8269230769230769,0.21428571428571427,0.8571428571428571,0.0004
376,1.5337640643119812,1.5307257175445557,0.36538461538461536,0.8269230769230769,0.21428571428571427,0.8571428571428571,0.0004
377,1.5690715909004211,1.5311155319213867,0.36538461538461536,0.8269230769230769,0.21428571428571427,0.8571428571428571,0.0004
378,1.5481497645378113,1.5306676626205444,0.36538461538461536,0.8269230769230769,0.21428571428571427,0.8571428571428571,0.0004
379,1.530575156211853,1.5305731296539307,0.36538461538461536,0.8269230769230769,0.21428571428571427,0.8571428571428571,0.0004
380,1.5361058115959167,1.531660556793213,0.36538461538461536,0.8269230769230769,0.21428571428571427,0.8571428571428571,0.0004
381,1.550143837928772,1.5324537754058838,0.36538461538461536,0.8269230769230769,0.21428571428571427,0.8571428571428571,0.0004
382,1.5246350169181824,1.5334115028381348,0.36538461538461536,0.8269230769230769,0.21428571428571427,0.8571428571428571,0.0004
383,1.5062296390533447,1.5334333181381226,0.36538461538461536,0.8269230769230769,0.21428571428571427,0.8571428571428571,0.0004
384,1.5677471160888672,1.5331077575683594,0.36538461538461536,0.8269230769230769,0.21428571428571427,0.8571428571428571,0.0004
385,1.5647833943367004,1.5324795246124268,0.36538461538461536,0.8269230769230769,0.21428571428571427,0.8571428571428571,0.0004
386,1.5685717463493347,1.5324246883392334,0.36538461538461536,0.8269230769230769,0.21428571428571427,0.8571428571428571,0.0004
387,1.5684531927108765,1.532027244567871,0.36538461538461536,0.8269230769230769,0.21428571428571427,0.8571428571428571,0.0004
388,1.5666040778160095,1.5312870740890503,0.36538461538461536,0.8269230769230769,0.21428571428571427,0.8571428571428571,0.0004
389,1.5639243721961975,1.5304932594299316,0.36538461538461536,0.8269230769230769,0.21428571428571427,0.8571428571428571,0.0004
390,1.5974265336990356,1.5305569171905518,0.36538461538461536,0.8269230769230769,0.21428571428571427,0.8571428571428571,0.0004
391,1.5523895621299744,1.5313469171524048,0.36538461538461536,0.8269230769230769,0.21428571428571427,0.8571428571428571,0.0004
392,1.5667335987091064,1.5318527221679688,0.36538461538461536,0.8269230769230769,0.21428571428571427,0.8571428571428571,0.0004
393,1.5782729387283325,1.531990647315979,0.36538461538461536,0.8269230769230769,0.21428571428571427,0.8571428571428571,0.0004
394,1.5500768423080444,1.5327084064483643,0.36538461538461536,0.8269230769230769,0.21428571428571427,0.8571428571428571,0.0004
395,1.5508179664611816,1.533498764038086,0.36538461538461536,0.8269230769230769,0.21428571428571427,0.8571428571428571,0.0004
396,1.567177176475525,1.5341236591339111,0.36538461538461536,0.8269230769230769,0.21428571428571427,0.8571428571428571,0.0004
397,1.5630950331687927,1.53404700756073,0.36538461538461536,0.8269230769230769,0.21428571428571427,0.8571428571428571,0.0004
398,1.5643869638442993,1.5342967510223389,0.36538461538461536,0.8269230769230769,0.21428571428571427,0.8571428571428571,0.0004
399,1.5529333353042603,1.53466796875,0.36538461538461536,0.8269230769230769,0.21428571428571427,0.8571428571428571,0.0004
400,1.5506626963615417,1.534623146057129,0.36538461538461536,0.8269230769230769,0.21428571428571427,0.8571428571428571,0.0004
401,1.5508376359939575,1.5345537662506104,0.36538461538461536,0.8269230769230769,0.21428571428571427,0.8571428571428571,0.0004
402,1.5662713050842285,1.534437894821167,0.36538461538461536,0.8269230769230769,0.21428571428571427,0.8571428571428571,0.0004
403,1.580543041229248,1.5341788530349731,0.36538461538461536,0.8269230769230769,0.21428571428571427,0.8571428571428571,0.0004
404,1.5527603030204773,1.5340650081634521,0.36538461538461536,0.8269230769230769,0.21428571428571427,0.8571428571428571,0.0004
405,1.5341400504112244,1.5334017276763916,0.36538461538461536,0.8269230769230769,0.21428571428571427,0.8571428571428571,0.0004
406,1.5492311716079712,1.5330564975738525,0.36538461538461536,0.8269230769230769,0.21428571428571427,0.8571428571428571,0.0004
407,1.5802781581878662,1.532895803451538,0.36538461538461536,0.8269230769230769,0.21428571428571427,0.8571428571428571,0.0004
408,1.5659000277519226,1.5329747200012207,0.36538461538461536,0.8269230769230769,0.21428571428571427,0.8571428571428571,0.0004
409,1.5676271319389343,1.533052682876587,0.36538461538461536,0.8269230769230769,0.21428571428571427,0.8571428571428571,0.0004
410,1.5491921305656433,1.5327184200286865,0.36538461538461536,0.8269230769230769,0.21428571428571427,0.8571428571428571,0.0004
411,1.5676804780960083,1.532679557800293,0.36538461538461536,0.8269230769230769,0.21428571428571427,0.8571428571428571,0.0004
412,1.5658699870109558,1.5322513580322266,0.36538461538461536,0.8269230769230769,0.21428571428571427,0.8571428571428571,0.0004
413,1.551428496837616,1.5318970680236816,0.36538461538461536,0.8269230769230769,0.21428571428571427,0.8571428571428571,0.0004
414,1.537568747997284,1.5314769744873047,0.36538461538461536,0.8269230769230769,0.21428571428571427,0.8571428571428571,0.0004
415,1.5790390968322754,1.5304789543151855,0.36538461538461536,0.8269230769230769,0.21428571428571427,0.8571428571428571,0.0004
416,1.5501027703285217,1.5300792455673218,0.36538461538461536,0.8269230769230769,0.21428571428571427,0.8571428571428571,0.0004
417,1.5517532229423523,1.5298404693603516,0.36538461538461536,0.8269230769230769,0.21428571428571427,0.8571428571428571,0.0004
418,1.5197374820709229,1.5293550491333008,0.36538461538461536,0.8269230769230769,0.21428571428571427,0.8571428571428571,0.0004
419,1.5494759678840637,1.5290563106536865,0.36538461538461536,0.8269230769230769,0.21428571428571427,0.8571428571428571,0.0004
420,1.5495465397834778,1.5289967060089111,0.36538461538461536,0.8269230769230769,0.21428571428571427,0.8571428571428571,0.0004
421,1.5804146528244019,1.529267430305481,0.36538461538461536,0.8269230769230769,0.21428571428571427,0.8571428571428571,0.0004
422,1.5470980405807495,1.529666781425476,0.36538461538461536,0.8269230769230769,0.21428571428571427,0.8571428571428571,0.0004
423,1.5222861766815186,1.5309700965881348,0.36538461538461536,0.8269230769230769,0.21428571428571427,0.8571428571428571,0.0004
424,1.5466334819793701,1.5313622951507568,0.36538461538461536,0.8269230769230769,0.21428571428571427,0.8571428571428571,0.0004
425,1.5657436847686768,1.5324528217315674,0.36538461538461536,0.8269230769230769,0.21428571428571427,0.8571428571428571,0.0004
426,1.5673699975013733,1.5336930751800537,0.36538461538461536,0.8269230769230769,0.21428571428571427,0.8571428571428571,0.0004
427,1.562649667263031,1.5343711376190186,0.36538461538461536,0.8269230769230769,0.21428571428571427,0.8571428571428571,0.0004
428,1.5511887669563293,1.535599946975708,0.36538461538461536,0.8269230769230769,0.21428571428571427,0.8571428571428571,0.0004
429,1.544316053390503,1.5360733270645142,0.36538461538461536,0.8269230769230769,0.21428571428571427,0.8571428571428571,0.0004
430,1.594037115573883,1.5374524593353271,0.36538461538461536,0.8269230769230769,0.21428571428571427,0.8571428571428571,0.0004
431,1.5317007303237915,1.5389981269836426,0.36538461538461536,0.8269230769230769,0.21428571428571427,0.8571428571428571,0.0004
432,1.5199562907218933,1.5407339334487915,0.36538461538461536,0.8269230769230769,0.21428571428571427,0.8571428571428571,0.0004
433,1.559764564037323,1.5417909622192383,0.36538461538461536,0.8269230769230769,0.21428571428571427,0.8571428571428571,0.0004
434,1.519894540309906,1.54340660572052,0.36538461538461536,0.8269230769230769,0.21428571428571427,0.8571428571428571,0.0004
435,1.5398117899894714,1.5446600914001465,0.36538461538461536,0.8269230769230769,0.21428571428571427,0.8571428571428571,0.0004
436,1.5507128834724426,1.5446691513061523,0.36538461538461536,0.8269230769230769,0.21428571428571427,0.8571428571428571,0.0004
437,1.5168372988700867,1.5442471504211426,0.36538461538461536,0.8269230769230769,0.21428571428571427,0.8571428571428571,0.0004
438,1.5306586623191833,1.5437431335449219,0.36538461538461536,0.8269230769230769,0.21428571428571427,0.8571428571428571,0.0004
439,1.5627318024635315,1.5434281826019287,0.36538461538461536,0.8269230769230769,0.21428571428571427,0.8571428571428571,0.0004
440,1.5651323795318604,1.543243169784546,0.36538461538461536,0.8269230769230769,0.21428571428571427,0.8571428571428571,0.0004
441,1.569294035434723,1.5428892374038696,0.36538461538461536,0.8269230769230769,0.21428571428571427,0.8571428571428571,0.0004
442,1.5559918284416199,1.5419622659683228,0.36538461538461536,0.8269230769230769,0.21428571428571427,0.8571428571428571,0.0004
443,1.5195348858833313,1.5399725437164307,0.36538461538461536,0.8269230769230769,0.21428571428571427,0.8571428571428571,0.0004
444,1.603593111038208,1.5381817817687988,0.36538461538461536,0.8269230769230769,0.21428571428571427,0.8571428571428571,0.0004
445,1.534689724445343,1.535725712776184,0.36538461538461536,0.8269230769230769,0.21428571428571427,0.8571428571428571,0.0004
446,1.6030153036117554,1.5336995124816895,0.36538461538461536,0.8269230769230769,0.21428571428571427,0.8571428571428571,0.0004
447,1.54951673746109,1.5311763286590576,0.36538461538461536,0.8269230769230769,0.21428571428571427,0.8571428571428571,0.0004
448,1.5473988056182861,1.529113531112671,0.36538461538461536,0.8269230769230769,0.21428571428571427,0.8571428571428571,0.0004
449,1.5508429408073425,1.5283740758895874,0.36538461538461536,0.8269230769230769,0.21428571428571427,0.8571428571428571,0.0004
450,1.5649330615997314,1.5277162790298462,0.36538461538461536,0.8269230769230769,0.21428571428571427,0.8571428571428571,0.0004
451,1.5516695976257324,1.5274548530578613,0.36538461538461536,0.8269230769230769,0.21428571428571427,0.8571428571428571,0.0004
452,1.592783510684967,1.5269328355789185,0.36538461538461536,0.8269230769230769,0.21428571428571427,0.8571428571428571,0.0004
453,1.5649414658546448,1.5272854566574097,0.36538461538461536,0.8269230769230769,0.21428571428571427,0.8571428571428571,0.0004
454,1.548910140991211,1.5276597738265991,0.36538461538461536,0.8269230769230769,0.21428571428571427,0.8571428571428571,0.0004
455,1.5413867235183716,1.5290271043777466,0.36538461538461536,0.8269230769230769,0.21428571428571427,0.8571428571428571,0.0004
456,1.5549824237823486,1.5294822454452515,0.36538461538461536,0.8269230769230769,0.21428571428571427,0.8571428571428571,0.0004
457,1.5794095993041992,1.528982162475586,0.36538461538461536,0.8269230769230769,0.21428571428571427,0.8571428571428571,0.0004
458,1.566305696964264,1.528843879699707,0.36538461538461536,0.8269230769230769,0.21428571428571427,0.8571428571428571,0.0004
459,1.5229601860046387,1.5285638570785522,0.36538461538461536,0.8269230769230769,0.21428571428571427,0.8571428571428571,0.0004
460,1.5948213934898376,1.5282485485076904,0.36538461538461536,0.8269230769230769,0.21428571428571427,0.8571428571428571,0.0004
461,1.5381355285644531,1.5285052061080933,0.36538461538461536,0.8269230769230769,0.21428571428571427,0.8571428571428571,0.0004
462,1.563241720199585,1.528135895729065,0.36538461538461536,0.8269230769230769,0.21428571428571427,0.8571428571428571,0.0004
463,1.5201860070228577,1.5284316539764404,0.36538461538461536,0.8269230769230769,0.21428571428571427,0.8571428571428571,0.0004
464,1.5348070859909058,1.5288941860198975,0.36538461538461536,0.8269230769230769,0.21428571428571427,0.8571428571428571,0.0004
465,1.5337662100791931,1.529468059539795,0.36538461538461536,0.8269230769230769,0.21428571428571427,0.8571428571428571,0.0004
466,1.5657598376274109,1.5304155349731445,0.36538461538461536,0.8269230769230769,0.21428571428571427,0.8571428571428571,0.0004
467,1.5479686856269836,1.5313329696655273,0.36538461538461536,0.8269230769230769,0.21428571428571427,0.8571428571428571,0.0004
468,1.5468984842300415,1.5325511693954468,0.36538461538461536,0.8269230769230769,0.21428571428571427,0.8571428571428571,0.0004
469,1.6020036339759827,1.5344810485839844,0.36538461538461536,0.8269230769230769,0.21428571428571427,0.8571428571428571,0.0004
470,1.566019892692566,1.535554051399231,0.36538461538461536,0.8269230769230769,0.21428571428571427,0.8571428571428571,0.0004
471,1.5324841737747192,1.5363357067108154,0.36538461538461536,0.8269230769230769,0.21428571428571427,0.8571428571428571,0.0004
472,1.549374520778656,1.537401556968689,0.36538461538461536,0.8269230769230769,0.21428571428571427,0.8571428571428571,0.0004
473,1.5524206161499023,1.538459062576294,0.36538461538461536,0.8269230769230769,0.21428571428571427,0.8571428571428571,0.0004
474,1.5797622203826904,1.5388561487197876,0.36538461538461536,0.8269230769230769,0.21428571428571427,0.8571428571428571,0.0004
475,1.5652633905410767,1.5393024682998657,0.36538461538461536,0.8269230769230769,0.21428571428571427,0.8571428571428571,0.0004
476,1.548120379447937,1.5395042896270752,0.36538461538461536,0.8269230769230769,0.21428571428571427,0.8571428571428571,0.0004
477,1.553339958190918,1.539966344833374,0.36538461538461536,0.8269230769230769,0.21428571428571427,0.8571428571428571,0.0004
478,1.5519601106643677,1.5397865772247314,0.36538461538461536,0.8269230769230769,0.21428571428571427,0.8571428571428571,0.0004
479,1.563083291053772,1.5390843152999878,0.36538461538461536,0.8269230769230769,0.21428571428571427,0.8571428571428571,0.0004
480,1.5249784588813782,1.5387763977050781,0.36538461538461536,0.8269230769230769,0.21428571428571427,0.8571428571428571,0.0004
481,1.5626941919326782,1.537523865699768,0.36538461538461536,0.8269230769230769,0.21428571428571427,0.8571428571428571,0.0004
482,1.5644773840904236,1.5366750955581665,0.36538461538461536,0.8269230769230769,0.21428571428571427,0.8571428571428571,0.0004
483,1.5951783657073975,1.5358835458755493,0.36538461538461536,0.8269230769230769,0.21428571428571427,0.8571428571428571,0.0004
484,1.595784842967987,1.5351850986480713,0.36538461538461536,0.8269230769230769,0.21428571428571427,0.8571428571428571,0.0004
485,1.5370640754699707,1.5346368551254272,0.36538461538461536,0.8269230769230769,0.21428571428571427,0.8571428571428571,0.0004
486,1.5811310410499573,1.533782958984375,0.36538461538461536,0.8269230769230769,0.21428571428571427,0.8571428571428571,0.0004
487,1.577643632888794,1.5327200889587402,0.36538461538461536,0.8269230769230769,0.21428571428571427,0.8571428571428571,0.0004
488,1.5561957955360413,1.5324863195419312,0.36538461538461536,0.8269230769230769,0.21428571428571427,0.8571428571428571,0.0004
489,1.5623629093170166,1.5311243534088135,0.36538461538461536,0.8269230769230769,0.21428571428571427,0.8571428571428571,0.0004
490,1.5804190635681152,1.5306181907653809,0.36538461538461536,0.8269230769230769,0.21428571428571427,0.8571428571428571,0.0004
491,1.5368890762329102,1.5301671028137207,0.36538461538461536,0.8269230769230769,0.21428571428571427,0.8571428571428571,0.0004
492,1.5380247831344604,1.529715657234192,0.36538461538461536,0.8269230769230769,0.21428571428571427,0.8571428571428571,0.0004
493,1.5794236660003662,1.5288500785827637,0.36538461538461536,0.8269230769230769,0.21428571428571427,0.8571428571428571,0.0004
494,1.5488715767860413,1.5283164978027344,0.36538461538461536,0.8269230769230769,0.21428571428571427,0.8571428571428571,0.0004
495,1.5650705695152283,1.5283048152923584,0.36538461538461536,0.8269230769230769,0.21428571428571427,0.8571428571428571,0.0004
496,1.5806899666786194,1.5285062789916992,0.36538461538461536,0.8269230769230769,0.21428571428571427,0.8571428571428571,0.0004
497,1.5650478601455688,1.528826355934143,0.36538461538461536,0.8269230769230769,0.21428571428571427,0.8571428571428571,0.0004
498,1.5640986561775208,1.5292474031448364,0.36538461538461536,0.8269230769230769,0.21428571428571427,0.8571428571428571,0.0004
499,1.5625089406967163,1.529834508895874,0.36538461538461536,0.8269230769230769,0.21428571428571427,0.8571428571428571,0.0004
500,1.5528717637062073,1.5312516689300537,0.36538461538461536,0.8269230769230769,0.21428571428571427,0.8571428571428571,0.0004
501,1.5483208298683167,1.5319278240203857,0.36538461538461536,0.8269230769230769,0.21428571428571427,0.8571428571428571,0.0004
502,1.5379122495651245,1.5330218076705933,0.36538461538461536,0.8269230769230769,0.21428571428571427,0.8571428571428571,0.0004
503,1.5330909490585327,1.533341646194458,0.36538461538461536,0.8269230769230769,0.21428571428571427,0.8571428571428571,0.0004
504,1.5818346738815308,1.5340014696121216,0.36538461538461536,0.8269230769230769,0.21428571428571427,0.8571428571428571,0.0004
505,1.5474568605422974,1.534327745437622,0.36538461538461536,0.8269230769230769,0.21428571428571427,0.8571428571428571,0.0004
506,1.5466200113296509,1.534921646118164,0.36538461538461536,0.8269230769230769,0.21428571428571427,0.8571428571428571,0.0004
507,1.548982858657837,1.5359381437301636,0.36538461538461536,0.8269230769230769,0.21428571428571427,0.8571428571428571,0.0004
508,1.5640043020248413,1.5368807315826416,0.36538461538461536,0.8269230769230769,0.21428571428571427,0.8571428571428571,0.0004
509,1.5505343675613403,1.5378748178482056,0.36538461538461536,0.8269230769230769,0.21428571428571427,0.8571428571428571,0.0004
510,1.5210993885993958,1.5386377573013306,0.36538461538461536,0.8269230769230769,0.21428571428571427,0.8571428571428571,0.0004
511,1.563780128955841,1.5387080907821655,0.36538461538461536,0.8269230769230769,0.21428571428571427,0.8571428571428571,0.0004
512,1.5442559123039246,1.5387355089187622,0.36538461538461536,0.8269230769230769,0.21428571428571427,0.8571428571428571,0.0004
513,1.5575763583183289,1.5397677421569824,0.36538461538461536,0.8269230769230769,0.21428571428571427,0.8571428571428571,0.0004
514,1.5454946160316467,1.5391077995300293,0.36538461538461536,0.8269230769230769,0.21428571428571427,0.8571428571428571,0.0004
515,1.5508607625961304,1.5391514301300049,0.36538461538461536,0.8269230769230769,0.21428571428571427,0.8571428571428571,0.0004
516,1.5498507022857666,1.538934350013733,0.36538461538461536,0.8269230769230769,0.21428571428571427,0.8571428571428571,0.0004
517,1.5828773975372314,1.5385098457336426,0.36538461538461536,0.8269230769230769,0.21428571428571427,0.8571428571428571,0.0004
518,1.5639660358428955,1.5377254486083984,0.36538461538461536,0.8269230769230769,0.21428571428571427,0.8571428571428571,0.0004
519,1.5489071011543274,1.5372425317764282,0.36538461538461536,0.8269230769230769,0.21428571428571427,0.8571428571428571,0.0004
520,1.5529099106788635,1.5372874736785889,0.36538461538461536,0.8269230769230769,0.21428571428571427,0.8571428571428571,0.0004
521,1.5694145560264587,1.5368964672088623,0.36538461538461536,0.8269230769230769,0.21428571428571427,0.8571428571428571,0.0004
522,1.537771463394165,1.5358777046203613,0.36538461538461536,0.8269230769230769,0.21428571428571427,0.8571428571428571,0.0004
523,1.552591621875763,1.5345267057418823,0.36538461538461536,0.8269230769230769,0.21428571428571427,0.8571428571428571,0.0004
524,1.5805113911628723,1.5327972173690796,0.36538461538461536,0.8269230769230769,0.21428571428571427,0.8571428571428571,0.0004
525,1.5808192491531372,1.5312988758087158,0.36538461538461536,0.8269230769230769,0.21428571428571427,0.8571428571428571,0.0004
526,1.520179271697998,1.5299123525619507,0.36538461538461536,0.8269230769230769,0.21428571428571427,0.8571428571428571,0.0004
527,1.5800437927246094,1.5288469791412354,0.36538461538461536,0.8269230769230769,0.21428571428571427,0.8571428571428571,0.0004
528,1.5352526903152466,1.5280715227127075,0.36538461538461536,0.8269230769230769,0.21428571428571427,0.8571428571428571,0.0004
529,1.5795304775238037,1.527563214302063,0.36538461538461536,0.8269230769230769,0.21428571428571427,0.8571428571428571,0.0004
530,1.5701983571052551,1.5277037620544434,0.36538461538461536,0.8269230769230769,0.21428571428571427,0.8571428571428571,0.0004
531,1.5789920687675476,1.5268261432647705,0.36538461538461536,0.8269230769230769,0.21428571428571427,0.8571428571428571,0.0004
532,1.5795658230781555,1.5265045166015625,0.36538461538461536,0.8269230769230769,0.21428571428571427,0.8571428571428571,0.0004
533,1.5378572940826416,1.526651382446289,0.36538461538461536,0.8269230769230769,0.21428571428571427,0.8571428571428571,0.0004
534,1.5516723990440369,1.5265130996704102,0.36538461538461536,0.8269230769230769,0.21428571428571427,0.8571428571428571,0.0004
535,1.5489033460617065,1.526284098625183,0.36538461538461536,0.8269230769230769,0.21428571428571427,0.8571428571428571,0.0004
536,1.5954197645187378,1.5267467498779297,0.36538461538461536,0.8269230769230769,0.21428571428571427,0.8571428571428571,0.0004
537,1.533471167087555,1.5273020267486572,0.36538461538461536,0.8269230769230769,0.21428571428571427,0.8571428571428571,0.0004
538,1.5646830797195435,1.5285108089447021,0.36538461538461536,0.8269230769230769,0.21428571428571427,0.8571428571428571,0.0004
539,1.5501955151557922,1.5299160480499268,0.36538461538461536,0.8269230769230769,0.21428571428571427,0.8571428571428571,0.0004
540,1.5365729331970215,1.5313564538955688,0.36538461538461536,0.8269230769230769,0.21428571428571427,0.8571428571428571,0.0004
541,1.5358828902244568,1.532457709312439,0.36538461538461536,0.8269230769230769,0.21428571428571427,0.8571428571428571,0.0004
542,1.5480793714523315,1.5332542657852173,0.36538461538461536,0.8269230769230769,0.21428571428571427,0.8571428571428571,0.0004
543,1.5651769042015076,1.5343387126922607,0.36538461538461536,0.8269230769230769,0.21428571428571427,0.8571428571428571,0.0004
544,1.5485137104988098,1.5353368520736694,0.36538461538461536,0.8269230769230769,0.21428571428571427,0.8571428571428571,0.0004
545,1.5480903387069702,1.5363739728927612,0.36538461538461536,0.8269230769230769,0.21428571428571427,0.8571428571428571,0.0004
546,1.5816080570220947,1.537644624710083,0.36538461538461536,0.8269230769230769,0.21428571428571427,0.8571428571428571,0.0004
547,1.5667033195495605,1.5386502742767334,0.36538461538461536,0.8269230769230769,0.21428571428571427,0.8571428571428571,0.0004
548,1.5362637042999268,1.5393702983856201,0.36538461538461536,0.8269230769230769,0.21428571428571427,0.8571428571428571,0.0004
549,1.5358945727348328,1.539599061012268,0.36538461538461536,0.8269230769230769,0.21428571428571427,0.8571428571428571,0.0004
550,1.5504831075668335,1.539418339729309,0.36538461538461536,0.8269230769230769,0.21428571428571427,0.8571428571428571,0.0004
551,1.5062909722328186,1.539055585861206,0.36538461538461536,0.8269230769230769,0.21428571428571427,0.8571428571428571,0.0004
552,1.5380861163139343,1.5383999347686768,0.36538461538461536,0.8269230769230769,0.21428571428571427,0.8571428571428571,0.0004
553,1.5352045893669128,1.5370948314666748,0.36538461538461536,0.8269230769230769,0.21428571428571427,0.8571428571428571,0.0004
554,1.5691480040550232,1.5357558727264404,0.36538461538461536,0.8269230769230769,0.21428571428571427,0.8571428571428571,0.0004
555,1.5782437920570374,1.5337721109390259,0.36538461538461536,0.8269230769230769,0.21428571428571427,0.8571428571428571,0.0004
556,1.5338958501815796,1.5328131914138794,0.36538461538461536,0.8269230769230769,0.21428571428571427,0.8571428571428571,0.0004
557,1.566088080406189,1.532178282737732,0.36538461538461536,0.8269230769230769,0.21428571428571427,0.8571428571428571,0.0004
558,1.5688729882240295,1.5317050218582153,0.36538461538461536,0.8269230769230769,0.21428571428571427,0.8571428571428571,0.0004
559,1.5655719637870789,1.5307468175888062,0.36538461538461536,0.8269230769230769,0.21428571428571427,0.8571428571428571,0.0004
560,1.538166582584381,1.5302410125732422,0.36538461538461536,0.8269230769230769,0.21428571428571427,0.8571428571428571,0.0004
561,1.5323436260223389,1.5290288925170898,0.36538461538461536,0.8269230769230769,0.21428571428571427,0.8571428571428571,0.0004
562,1.5336962938308716,1.5285139083862305,0.36538461538461536,0.8269230769230769,0.21428571428571427,0.8571428571428571,0.0004
563,1.5827269554138184,1.5285236835479736,0.36538461538461536,0.8269230769230769,0.21428571428571427,0.8571428571428571,0.0004
564,1.580199658870697,1.5284103155136108,0.36538461538461536,0.8269230769230769,0.21428571428571427,0.8571428571428571,0.0004
565,1.5641677379608154,1.528684377670288,0.36538461538461536,0.8269230769230769,0.21428571428571427,0.8571428571428571,0.0004
566,1.5361315608024597,1.529383897781372,0.36538461538461536,0.8269230769230769,0.21428571428571427,0.8571428571428571,0.0004
567,1.5955371260643005,1.529741644859314,0.36538461538461536,0.8269230769230769,0.21428571428571427,0.8571428571428571,0.0004
568,1.5649248361587524,1.53037428855896,0.36538461538461536,0.8269230769230769,0.21428571428571427,0.8571428571428571,0.0004
569,1.5671374201774597,1.5312166213989258,0.36538461538461536,0.8269230769230769,0.21428571428571427,0.8571428571428571,0.0004
570,1.5377899408340454,1.5319023132324219,0.36538461538461536,0.8269230769230769,0.21428571428571427,0.8571428571428571,0.0004
571,1.5791501998901367,1.5320794582366943,0.36538461538461536,0.8269230769230769,0.21428571428571427,0.8571428571428571,0.0004
572,1.5506697297096252,1.5324928760528564,0.36538461538461536,0.8269230769230769,0.21428571428571427,0.8571428571428571,0.0004
573,1.549197793006897,1.5327308177947998,0.36538461538461536,0.8269230769230769,0.21428571428571427,0.8571428571428571,0.0004
574,1.5648157000541687,1.5331220626831055,0.36538461538461536,0.8269230769230769,0.21428571428571427,0.8571428571428571,0.0004
575,1.5654826164245605,1.5335572957992554,0.36538461538461536,0.8269230769230769,0.21428571428571427,0.8571428571428571,0.0004
576,1.5898035168647766,1.5335922241210938,0.36538461538461536,0.8269230769230769,0.21428571428571427,0.8571428571428571,0.0004
577,1.5442201495170593,1.5343968868255615,0.36538461538461536,0.8269230769230769,0.21428571428571427,0.8571428571428571,0.0004
578,1.5668869018554688,1.536230444908142,0.36538461538461536,0.8269230769230769,0.21428571428571427,0.8571428571428571,0.0004
579,1.5626602172851562,1.5374449491500854,0.36538461538461536,0.8269230769230769,0.21428571428571427,0.8571428571428571,0.0004
580,1.5386520028114319,1.539039134979248,0.36538461538461536,0.8269230769230769,0.21428571428571427,0.8571428571428571,0.0004
581,1.5401980876922607,1.5399489402770996,0.36538461538461536,0.8269230769230769,0.21428571428571427,0.8571428571428571,0.0004
582,1.550809621810913,1.5399513244628906,0.36538461538461536,0.8269230769230769,0.21428571428571427,0.8571428571428571,0.0004
583,1.5653883218765259,1.5396854877471924,0.36538461538461536,0.8269230769230769,0.21428571428571427,0.8571428571428571,0.0004
584,1.5352261066436768,1.5392835140228271,0.36538461538461536,0.8269230769230769,0.21428571428571427,0.8571428571428571,0.0004
585,1.5606130361557007,1.5385797023773193,0.36538461538461536,0.8269230769230769,0.21428571428571427,0.8571428571428571,0.0004
586,1.5616344213485718,1.538496971130371,0.36538461538461536,0.8269230769230769,0.21428571428571427,0.8571428571428571,0.0004
587,1.5504323244094849,1.5390206575393677,0.36538461538461536,0.8269230769230769,0.21428571428571427,0.8571428571428571,0.0004
588,1.5313044786453247,1.5391494035720825,0.36538461538461536,0.8269230769230769,0.21428571428571427,0.8571428571428571,0.0004
589,1.5835838913917542,1.5397549867630005,0.36538461538461536,0.8269230769230769,0.21428571428571427,0.8571428571428571,0.0004
590,1.553474485874176,1.5399155616760254,0.36538461538461536,0.8269230769230769,0.21428571428571427,0.8571428571428571,0.0004
591,1.5525874495506287,1.5394721031188965,0.36538461538461536,0.8269230769230769,0.21428571428571427,0.8571428571428571,0.0004
592,1.535648226737976,1.5385262966156006,0.36538461538461536,0.8269230769230769,0.21428571428571427,0.8571428571428571,0.0004
593,1.5189851522445679,1.5373539924621582,0.36538461538461536,0.8269230769230769,0.21428571428571427,0.8571428571428571,0.0004
594,1.5368149876594543,1.536300778388977,0.36538461538461536,0.8269230769230769,0.21428571428571427,0.8571428571428571,0.0004
595,1.5651206970214844,1.5348758697509766,0.36538461538461536,0.8269230769230769,0.21428571428571427,0.8571428571428571,0.0004
596,1.567226767539978,1.533759355545044,0.36538461538461536,0.8269230769230769,0.21428571428571427,0.8571428571428571,0.0004
597,1.600576639175415,1.5325690507888794,0.36538461538461536,0.8269230769230769,0.21428571428571427,0.8571428571428571,0.0004
598,1.5951140522956848,1.5309185981750488,0.36538461538461536,0.8269230769230769,0.21428571428571427,0.8571428571428571,0.0004
599,1.5792121887207031,1.530104160308838,0.36538461538461536,0.8269230769230769,0.21428571428571427,0.8571428571428571,0.0004
600,1.5943763256072998,1.5298542976379395,0.36538461538461536,0.8269230769230769,0.21428571428571427,0.8571428571428571,0.0004
601,1.5332616567611694,1.5301017761230469,0.36538461538461536,0.8269230769230769,0.21428571428571427,0.8571428571428571,0.0004
602,1.5344384908676147,1.5309398174285889,0.36538461538461536,0.8269230769230769,0.21428571428571427,0.8571428571428571,0.0004
603,1.5787116289138794,1.532074213027954,0.36538461538461536,0.8269230769230769,0.21428571428571427,0.8571428571428571,0.0004
604,1.5350401401519775,1.5331885814666748,0.36538461538461536,0.8269230769230769,0.21428571428571427,0.8571428571428571,0.0004
605,1.5640476942062378,1.534413456916809,0.36538461538461536,0.8269230769230769,0.21428571428571427,0.8571428571428571,0.0004
606,1.5825039148330688,1.5356751680374146,0.36538461538461536,0.8269230769230769,0.21428571428571427,0.8571428571428571,0.0004
607,1.5524448156356812,1.5364100933074951,0.36538461538461536,0.8269230769230769,0.21428571428571427,0.8571428571428571,0.0004
608,1.553038239479065,1.536792278289795,0.36538461538461536,0.8269230769230769,0.21428571428571427,0.8571428571428571,0.0004
609,1.5948211550712585,1.5366054773330688,0.36538461538461536,0.8269230769230769,0.21428571428571427,0.8571428571428571,0.0004
610,1.5842207074165344,1.5364811420440674,0.36538461538461536,0.8269230769230769,0.21428571428571427,0.8571428571428571,0.0004
611,1.5625039339065552,1.5354173183441162,0.36538461538461536,0.8269230769230769,0.21428571428571427,0.8571428571428571,0.0004
612,1.5473759174346924,1.5348575115203857,0.36538461538461536,0.8269230769230769,0.21428571428571427,0.8571428571428571,0.0004
613,1.5646978616714478,1.5348730087280273,0.36538461538461536,0.8269230769230769,0.21428571428571427,0.8571428571428571,0.0004
614,1.526176631450653,1.5349979400634766,0.36538461538461536,0.8269230769230769,0.21428571428571427,0.8571428571428571,0.0004
615,1.5632469058036804,1.5342555046081543,0.36538461538461536,0.8269230769230769,0.21428571428571427,0.8571428571428571,0.0004
616,1.575593650341034,1.5336685180664062,0.36538461538461536,0.8269230769230769,0.21428571428571427,0.8571428571428571,0.0004
617,1.5368234515190125,1.5340824127197266,0.36538461538461536,0.8269230769230769,0.21428571428571427,0.8571428571428571,0.0004
618,1.539427638053894,1.5342981815338135,0.36538461538461536,0.8269230769230769,0.21428571428571427,0.8571428571428571,0.0004
619,1.5469408631324768,1.5336400270462036,0.36538461538461536,0.8269230769230769,0.21428571428571427,0.8571428571428571,0.0004
620,1.5459184646606445,1.5334975719451904,0.36538461538461536,0.8269230769230769,0.21428571428571427,0.8571428571428571,0.0004
621,1.5619451403617859,1.5340759754180908,0.36538461538461536,0.8269230769230769,0.21428571428571427,0.8571428571428571,0.0004
622,1.538414478302002,1.5354468822479248,0.36538461538461536,0.8269230769230769,0.21428571428571427,0.8571428571428571,0.0004
623,1.5338115692138672,1.535949468612671,0.36538461538461536,0.8269230769230769,0.21428571428571427,0.8571428571428571,0.0004
624,1.5466777682304382,1.536287784576416,0.36538461538461536,0.8269230769230769,0.21428571428571427,0.8571428571428571,0.0004
625,1.5854747295379639,1.5373280048370361,0.36538461538461536,0.8269230769230769,0.21428571428571427,0.8571428571428571,0.0004
626,1.5682770609855652,1.5377229452133179,0.36538461538461536,0.8269230769230769,0.21428571428571427,0.8571428571428571,0.0004
627,1.5532052516937256,1.537710428237915,0.36538461538461536,0.8269230769230769,0.21428571428571427,0.8571428571428571,0.0004
628,1.5200574398040771,1.5371227264404297,0.36538461538461536,0.8269230769230769,0.21428571428571427,0.8571428571428571,0.0004
629,1.581196665763855,1.5362484455108643,0.36538461538461536,0.8269230769230769,0.21428571428571427,0.8571428571428571,0.0004
630,1.5672487020492554,1.535503625869751,0.36538461538461536,0.8269230769230769,0.21428571428571427,0.8571428571428571,0.0004
631,1.5345091819763184,1.5347082614898682,0.36538461538461536,0.8269230769230769,0.21428571428571427,0.8571428571428571,0.0004
632,1.5816976428031921,1.534036636352539,0.36538461538461536,0.8269230769230769,0.21428571428571427,0.8571428571428571,0.0004
633,1.5362963676452637,1.5334606170654297,0.36538461538461536,0.8269230769230769,0.21428571428571427,0.8571428571428571,0.0004
634,1.5809540748596191,1.532683253288269,0.36538461538461536,0.8269230769230769,0.21428571428571427,0.8571428571428571,0.0004
635,1.5534082651138306,1.5321602821350098,0.36538461538461536,0.8269230769230769,0.21428571428571427,0.8571428571428571,0.0004
636,1.5789883136749268,1.5310438871383667,0.36538461538461536,0.8269230769230769,0.21428571428571427,0.8571428571428571,0.0004
637,1.5196948051452637,1.530362844467163,0.36538461538461536,0.8269230769230769,0.21428571428571427,0.8571428571428571,0.0004
638,1.5481449961662292,1.5299636125564575,0.36538461538461536,0.8269230769230769,0.21428571428571427,0.8571428571428571,0.0004
639,1.5458197593688965,1.5298967361450195,0.36538461538461536,0.8269230769230769,0.21428571428571427,0.8571428571428571,0.0004
640,1.5372432470321655,1.5309736728668213,0.36538461538461536,0.8269230769230769,0.21428571428571427,0.8571428571428571,0.0004
641,1.5766127109527588,1.5315961837768555,0.36538461538461536,0.8269230769230769,0.21428571428571427,0.8571428571428571,0.0004
642,1.560265302658081,1.5327630043029785,0.36538461538461536,0.8269230769230769,0.21428571428571427,0.8571428571428571,0.0004
643,1.5667166709899902,1.5348243713378906,0.36538461538461536,0.8269230769230769,0.21428571428571427,0.8571428571428571,0.0004
644,1.57688307762146,1.5362993478775024,0.36538461538461536,0.8269230769230769,0.21428571428571427,0.8571428571428571,0.0004
645,1.5555543899536133,1.5383211374282837,0.36538461538461536,0.8269230769230769,0.21428571428571427,0.8571428571428571,0.0004
646,1.5641305446624756,1.5391228199005127,0.36538461538461536,0.8269230769230769,0.21428571428571427,0.8571428571428571,0.0004
647,1.563297152519226,1.5397863388061523,0.36538461538461536,0.8269230769230769,0.21428571428571427,0.8571428571428571,0.0004
648,1.5767408609390259,1.5404671430587769,0.36538461538461536,0.8269230769230769,0.21428571428571427,0.8571428571428571,0.0004
649,1.5499593615531921,1.5413486957550049,0.36538461538461536,0.8269230769230769,0.21428571428571427,0.8571428571428571,0.0004
650,1.5609908699989319,1.5419020652770996,0.36538461538461536,0.8269230769230769,0.21428571428571427,0.8571428571428571,0.0004
651,1.5618371963500977,1.542722463607788,0.36538461538461536,0.8269230769230769,0.21428571428571427,0.8571428571428571,0.0004
652,1.5354331135749817,1.543690800666809,0.36538461538461536,0.8269230769230769,0.21428571428571427,0.8571428571428571,0.0004
653,1.5345057845115662,1.5442941188812256,0.36538461538461536,0.8269230769230769,0.21428571428571427,0.8571428571428571,0.0004
654,1.5315155982971191,1.5445250272750854,0.36538461538461536,0.8269230769230769,0.21428571428571427,0.8571428571428571,0.0004
655,1.5816760659217834,1.5449745655059814,0.36538461538461536,0.8269230769230769,0.21428571428571427,0.8571428571428571,0.0004
656,1.5396431684494019,1.5451231002807617,0.36538461538461536,0.8269230769230769,0.21428571428571427,0.8571428571428571,0.0004
657,1.567921221256256,1.5443804264068604,0.36538461538461536,0.8269230769230769,0.21428571428571427,0.8571428571428571,0.0004
658,1.5399413108825684,1.543241262435913,0.36538461538461536,0.8269230769230769,0.21428571428571427,0.8571428571428571,0.0004
659,1.5495092272758484,1.541222333908081,0.36538461538461536,0.8269230769230769,0.21428571428571427,0.8571428571428571,0.0004
660,1.533799946308136,1.5393147468566895,0.36538461538461536,0.8269230769230769,0.21428571428571427,0.8571428571428571,0.0004
661,1.5497836470603943,1.537551999092102,0.36538461538461536,0.8269230769230769,0.21428571428571427,0.8571428571428571,0.0004
662,1.56683349609375,1.535909652709961,0.36538461538461536,0.8269230769230769,0.21428571428571427,0.8571428571428571,0.0004
663,1.550822913646698,1.5341920852661133,0.36538461538461536,0.8269230769230769,0.21428571428571427,0.8571428571428571,0.0004
664,1.5519384145736694,1.5325483083724976,0.36538461538461536,0.8269230769230769,0.21428571428571427,0.8571428571428571,0.0004
665,1.56165611743927,1.5305497646331787,0.36538461538461536,0.8269230769230769,0.21428571428571427,0.8571428571428571,0.0004
666,1.5949302911758423,1.5296313762664795,0.36538461538461536,0.8269230769230769,0.21428571428571427,0.8571428571428571,0.0004
667,1.5488370060920715,1.5296112298965454,0.36538461538461536,0.8269230769230769,0.21428571428571427,0.8571428571428571,0.0004
668,1.5667174458503723,1.5300111770629883,0.36538461538461536,0.8269230769230769,0.21428571428571427,0.8571428571428571,0.0004
669,1.5961618423461914,1.5302361249923706,0.36538461538461536,0.8269230769230769,0.21428571428571427,0.8571428571428571,0.0004
670,1.5494428873062134,1.5306458473205566,0.36538461538461536,0.8269230769230769,0.21428571428571427,0.8571428571428571,0.0004
671,1.5798361897468567,1.531195878982544,0.36538461538461536,0.8269230769230769,0.21428571428571427,0.8571428571428571,0.0004
672,1.5653555989265442,1.5319911241531372,0.36538461538461536,0.8269230769230769,0.21428571428571427,0.8571428571428571,0.0004
673,1.538189947605133,1.5328481197357178,0.36538461538461536,0.8269230769230769,0.21428571428571427,0.8571428571428571,0.0004
674,1.5648278594017029,1.5331616401672363,0.36538461538461536,0.8269230769230769,0.21428571428571427,0.8571428571428571,0.0004
675,1.564155399799347,1.5334076881408691,0.36538461538461536,0.8269230769230769,0.21428571428571427,0.8571428571428571,0.0004
676,1.5672405362129211,1.5338462591171265,0.36538461538461536,0.8269230769230769,0.21428571428571427,0.8571428571428571,0.0004
677,1.5543431639671326,1.5339839458465576,0.36538461538461536,0.8269230769230769,0.21428571428571427,0.8571428571428571,0.0004
678,1.5783586502075195,1.533389687538147,0.36538461538461536,0.8269230769230769,0.21428571428571427,0.8571428571428571,0.0004
679,1.5353540778160095,1.5330946445465088,0.36538461538461536,0.8269230769230769,0.21428571428571427,0.8571428571428571,0.0004
680,1.5363079905509949,1.5330229997634888,0.36538461538461536,0.8269230769230769,0.21428571428571427,0.8571428571428571,0.0004
681,1.5514246225357056,1.5328919887542725,0.36538461538461536,0.8269230769230769,0.21428571428571427,0.8571428571428571,0.0004
682,1.5525645017623901,1.5327149629592896,0.36538461538461536,0.8269230769230769,0.21428571428571427,0.8571428571428571,0.0004
683,1.5346890687942505,1.532180666923523,0.36538461538461536,0.8269230769230769,0.21428571428571427,0.8571428571428571,0.0004
684,1.5507110357284546,1.531867265701294,0.36538461538461536,0.8269230769230769,0.21428571428571427,0.8571428571428571,0.0004
685,1.5645429491996765,1.531481385231018,0.36538461538461536,0.8269230769230769,0.21428571428571427,0.8571428571428571,0.0004
686,1.584039032459259,1.531604528427124,0.36538461538461536,0.8269230769230769,0.21428571428571427,0.8571428571428571,0.0004
687,1.5496248602867126,1.5313174724578857,0.36538461538461536,0.8269230769230769,0.21428571428571427,0.8571428571428571,0.0004
688,1.5823348760604858,1.5311732292175293,0.36538461538461536,0.8269230769230769,0.21428571428571427,0.8571428571428571,0.0004
689,1.5535468459129333,1.5311733484268188,0.36538461538461536,0.8269230769230769,0.21428571428571427,0.8571428571428571,0.0004
690,1.5518602132797241,1.5306718349456787,0.36538461538461536,0.8269230769230769,0.21428571428571427,0.8571428571428571,0.0004
691,1.5684510469436646,1.530084490776062,0.36538461538461536,0.8269230769230769,0.21428571428571427,0.8571428571428571,0.0004
692,1.5662575364112854,1.529138445854187,0.36538461538461536,0.8269230769230769,0.21428571428571427,0.8571428571428571,0.0004
693,1.534666121006012,1.5284061431884766,0.36538461538461536,0.8269230769230769,0.21428571428571427,0.8571428571428571,0.0004
694,1.5818315744400024,1.527987003326416,0.36538461538461536,0.8269230769230769,0.21428571428571427,0.8571428571428571,0.0004
695,1.5804938077926636,1.5275399684906006,0.36538461538461536,0.8269230769230769,0.21428571428571427,0.8571428571428571,0.0004
696,1.5507250428199768,1.5274758338928223,0.36538461538461536,0.8269230769230769,0.21428571428571427,0.8571428571428571,0.0004
697,1.533896267414093,1.5274131298065186,0.36538461538461536,0.8269230769230769,0.21428571428571427,0.8571428571428571,0.0004
698,1.60811185836792,1.5277457237243652,0.36538461538461536,0.8269230769230769,0.21428571428571427,0.8571428571428571,0.0004
699,1.5517365336418152,1.5289225578308105,0.36538461538461536,0.8269230769230769,0.21428571428571427,0.8571428571428571,0.0004
700,1.552060842514038,1.5298840999603271,0.36538461538461536,0.8269230769230769,0.21428571428571427,0.8571428571428571,0.0004
701,1.5513778924942017,1.5304954051971436,0.36538461538461536,0.8269230769230769,0.21428571428571427,0.8571428571428571,0.0004
702,1.5229607820510864,1.530959963798523,0.36538461538461536,0.8269230769230769,0.21428571428571427,0.8571428571428571,0.0004
703,1.5340288877487183,1.5309830904006958,0.36538461538461536,0.8269230769230769,0.21428571428571427,0.8571428571428571,0.0004
704,1.5790109634399414,1.5313434600830078,0.36538461538461536,0.8269230769230769,0.21428571428571427,0.8571428571428571,0.0004
705,1.5783422589302063,1.5319246053695679,0.36538461538461536,0.8269230769230769,0.21428571428571427,0.8571428571428571,0.0004
706,1.5958967208862305,1.532977819442749,0.36538461538461536,0.8269230769230769,0.21428571428571427,0.8571428571428571,0.0004
707,1.5976386070251465,1.5340217351913452,0.36538461538461536,0.8269230769230769,0.21428571428571427,0.8571428571428571,0.0004
708,1.517766535282135,1.5345553159713745,0.36538461538461536,0.8269230769230769,0.21428571428571427,0.8571428571428571,0.0004
709,1.5361177921295166,1.5355061292648315,0.36538461538461536,0.8269230769230769,0.21428571428571427,0.8571428571428571,0.0004
710,1.5953612923622131,1.5360807180404663,0.36538461538461536,0.8269230769230769,0.21428571428571427,0.8571428571428571,0.0004
711,1.5475855469703674,1.5365318059921265,0.36538461538461536,0.8269230769230769,0.21428571428571427,0.8571428571428571,0.0004
712,1.5520644783973694,1.537288784980774,0.36538461538461536,0.8269230769230769,0.21428571428571427,0.8571428571428571,0.0004
713,1.5700523257255554,1.5377230644226074,0.36538461538461536,0.8269230769230769,0.21428571428571427,0.8571428571428571,0.0004
714,1.5562116503715515,1.537480115890503,0.36538461538461536,0.8269230769230769,0.21428571428571427,0.8571428571428571,0.0004
715,1.5814448595046997,1.5362329483032227,0.36538461538461536,0.8269230769230769,0.21428571428571427,0.8571428571428571,0.0004
716,1.519660770893097,1.534876823425293,0.36538461538461536,0.8269230769230769,0.21428571428571427,0.8571428571428571,0.0004
717,1.558345079421997,1.5339863300323486,0.36538461538461536,0.8269230769230769,0.21428571428571427,0.8571428571428571,0.0004
718,1.5833423137664795,1.5319082736968994,0.36538461538461536,0.8269230769230769,0.21428571428571427,0.8571428571428571,0.0004
719,1.5189338326454163,1.5295982360839844,0.36538461538461536,0.8269230769230769,0.21428571428571427,0.8571428571428571,0.0004
720,1.5372406244277954,1.5279673337936401,0.36538461538461536,0.8269230769230769,0.21428571428571427,0.8571428571428571,0.0004
721,1.5211580991744995,1.526197910308838,0.36538461538461536,0.8269230769230769,0.21428571428571427,0.8571428571428571,0.0004
722,1.5803196430206299,1.524346113204956,0.36538461538461536,0.8269230769230769,0.21428571428571427,0.8571428571428571,0.0004
723,1.548882782459259,1.5233359336853027,0.36538461538461536,0.8269230769230769,0.21428571428571427,0.8571428571428571,0.0004
724,1.532495379447937,1.5229501724243164,0.36538461538461536,0.8269230769230769,0.21428571428571427,0.8571428571428571,0.0004
725,1.5198653936386108,1.5236810445785522,0.36538461538461536,0.8269230769230769,0.21428571428571427,0.8571428571428571,0.0004
726,1.5341076254844666,1.5245205163955688,0.36538461538461536,0.8269230769230769,0.21428571428571427,0.8571428571428571,0.0004
727,1.5493131279945374,1.525686264038086,0.36538461538461536,0.8269230769230769,0.21428571428571427,0.8571428571428571,0.0004
728,1.5652141571044922,1.5272268056869507,0.36538461538461536,0.8269230769230769,0.21428571428571427,0.8571428571428571,0.0004
729,1.548128366470337,1.5289465188980103,0.36538461538461536,0.8269230769230769,0.21428571428571427,0.8571428571428571,0.0004
730,1.5884896516799927,1.5313318967819214,0.36538461538461536,0.8269230769230769,0.21428571428571427,0.8571428571428571,0.0004
731,1.5177963972091675,1.5324877500534058,0.36538461538461536,0.8269230769230769,0.21428571428571427,0.8571428571428571,0.0004
732,1.545967698097229,1.533588171005249,0.36538461538461536,0.8269230769230769,0.21428571428571427,0.8571428571428571,0.0004
733,1.5352150201797485,1.53536057472229,0.36538461538461536,0.8269230769230769,0.21428571428571427,0.8571428571428571,0.0004
734,1.5176910161972046,1.536710500717163,0.36538461538461536,0.8269230769230769,0.21428571428571427,0.8571428571428571,0.0004
735,1.5495691895484924,1.538021445274353,0.36538461538461536,0.8269230769230769,0.21428571428571427,0.8571428571428571,0.0004
736,1.5532088875770569,1.5392067432403564,0.36538461538461536,0.8269230769230769,0.21428571428571427,0.8571428571428571,0.0004
737,1.5495548844337463,1.5396207571029663,0.36538461538461536,0.8269230769230769,0.21428571428571427,0.8571428571428571,0.0004
738,1.5491436123847961,1.539811372756958,0.36538461538461536,0.8269230769230769,0.21428571428571427,0.8571428571428571,0.0004
739,1.5547767281532288,1.5400593280792236,0.36538461538461536,0.8269230769230769,0.21428571428571427,0.8571428571428571,0.0004
740,1.5033038258552551,1.5394721031188965,0.36538461538461536,0.8269230769230769,0.21428571428571427,0.8571428571428571,0.0004
741,1.5510636568069458,1.5389082431793213,0.36538461538461536,0.8269230769230769,0.21428571428571427,0.8571428571428571,0.0004
742,1.5645350813865662,1.5380405187606812,0.36538461538461536,0.8269230769230769,0.21428571428571427,0.8571428571428571,0.0004
743,1.5342220664024353,1.5372180938720703,0.36538461538461536,0.8269230769230769,0.21428571428571427,0.8571428571428571,0.0004
744,1.5811554193496704,1.5363720655441284,0.36538461538461536,0.8269230769230769,0.21428571428571427,0.8571428571428571,0.0004
745,1.5507930517196655,1.5357269048690796,0.36538461538461536,0.8269230769230769,0.21428571428571427,0.8571428571428571,0.0004
746,1.5465120673179626,1.5348974466323853,0.36538461538461536,0.8269230769230769,0.21428571428571427,0.8571428571428571,0.0004
747,1.568989634513855,1.5347604751586914,0.36538461538461536,0.8269230769230769,0.21428571428571427,0.8571428571428571,0.0004
748,1.5503982901573181,1.534053921699524,0.36538461538461536,0.8269230769230769,0.21428571428571427,0.8571428571428571,0.0004
749,1.54517662525177,1.5332518815994263,0.36538461538461536,0.8269230769230769,0.21428571428571427,0.8571428571428571,0.0004
750,1.5189185738563538,1.5333799123764038,0.36538461538461536,0.8269230769230769,0.21428571428571427,0.8571428571428571,0.0004
751,1.5360820293426514,1.5336393117904663,0.36538461538461536,0.8269230769230769,0.21428571428571427,0.8571428571428571,0.0004
752,1.520842969417572,1.533665418624878,0.36538461538461536,0.8269230769230769,0.21428571428571427,0.8571428571428571,0.0004
753,1.5815681219100952,1.5334172248840332,0.36538461538461536,0.8269230769230769,0.21428571428571427,0.8571428571428571,0.0004
754,1.53212171792984,1.5330649614334106,0.36538461538461536,0.8269230769230769,0.21428571428571427,0.8571428571428571,0.0004
755,1.5518942475318909,1.53322434425354,0.36538461538461536,0.8269230769230769,0.21428571428571427,0.8571428571428571,0.0004
756,1.5647751092910767,1.5330122709274292,0.36538461538461536,0.8269230769230769,0.21428571428571427,0.8571428571428571,0.0004
757,1.576162040233612,1.5327234268188477,0.36538461538461536,0.8269230769230769,0.21428571428571427,0.8571428571428571,0.0004
758,1.5819170475006104,1.533480167388916,0.36538461538461536,0.8269230769230769,0.21428571428571427,0.8571428571428571,0.0004
759,1.5526313185691833,1.5342042446136475,0.36538461538461536,0.8269230769230769,0.21428571428571427,0.8571428571428571,0.0004
760,1.561930775642395,1.5342583656311035,0.36538461538461536,0.8269230769230769,0.21428571428571427,0.8571428571428571,0.0004
761,1.562928020954132,1.5348055362701416,0.36538461538461536,0.8269230769230769,0.21428571428571427,0.8571428571428571,0.0004
762,1.5774150490760803,1.535571813583374,0.36538461538461536,0.8269230769230769,0.21428571428571427,0.8571428571428571,0.0004
763,1.5805562138557434,1.5367505550384521,0.36538461538461536,0.8269230769230769,0.21428571428571427,0.8571428571428571,0.0004
764,1.5636919140815735,1.5376818180084229,0.36538461538461536,0.8269230769230769,0.21428571428571427,0.8571428571428571,0.0004
765,1.546079158782959,1.5384825468063354,0.36538461538461536,0.8269230769230769,0.21428571428571427,0.8571428571428571,0.0004
766,1.5762170553207397,1.5395606756210327,0.36538461538461536,0.8269230769230769,0.21428571428571427,0.8571428571428571,0.0004
767,1.5649210214614868,1.5408680438995361,0.36538461538461536,0.8269230769230769,0.21428571428571427,0.8571428571428571,0.0004
768,1.5532448291778564,1.541999340057373,0.36538461538461536,0.8269230769230769,0.21428571428571427,0.8571428571428571,0.0004
769,1.5387083292007446,1.542482852935791,0.36538461538461536,0.8269230769230769,0.21428571428571427,0.8571428571428571,0.0004
770,1.5360435843467712,1.5422310829162598,0.36538461538461536,0.8269230769230769,0.21428571428571427,0.8571428571428571,0.0004
771,1.5783475041389465,1.5418157577514648,0.36538461538461536,0.8269230769230769,0.21428571428571427,0.8571428571428571,0.0004
772,1.5370606780052185,1.541517734527588,0.36538461538461536,0.8269230769230769,0.21428571428571427,0.8571428571428571,0.0004
773,1.5420191287994385,1.5410077571868896,0.36538461538461536,0.8269230769230769,0.21428571428571427,0.8571428571428571,0.0004
774,1.532490611076355,1.539414882659912,0.36538461538461536,0.8269230769230769,0.21428571428571427,0.8571428571428571,0.0004
775,1.568214476108551,1.5383657217025757,0.36538461538461536,0.8269230769230769,0.21428571428571427,0.8571428571428571,0.0004
776,1.57936030626297,1.5368571281433105,0.36538461538461536,0.8269230769230769,0.21428571428571427,0.8571428571428571,0.0004
777,1.5360971093177795,1.535709023475647,0.36538461538461536,0.8269230769230769,0.21428571428571427,0.8571428571428571,0.0004
778,1.5799035429954529,1.534371256828308,0.36538461538461536,0.8269230769230769,0.21428571428571427,0.8571428571428571,0.0004
779,1.5491671562194824,1.5333478450775146,0.36538461538461536,0.8269230769230769,0.21428571428571427,0.8571428571428571,0.0004
780,1.5214396715164185,1.5326488018035889,0.36538461538461536,0.8269230769230769,0.21428571428571427,0.8571428571428571,0.0004
781,1.5776044130325317,1.5314555168151855,0.36538461538461536,0.8269230769230769,0.21428571428571427,0.8571428571428571,0.0004
782,1.568805456161499,1.531356930732727,0.36538461538461536,0.8269230769230769,0.21428571428571427,0.8571428571428571,0.0004
783,1.5617350339889526,1.53059983253479,0.36538461538461536,0.8269230769230769,0.21428571428571427,0.8571428571428571,0.0004
784,1.533249020576477,1.5307375192642212,0.36538461538461536,0.8269230769230769,0.21428571428571427,0.8571428571428571,0.0004
785,1.5351600050926208,1.5312106609344482,0.36538461538461536,0.8269230769230769,0.21428571428571427,0.8571428571428571,0.0004
786,1.5672895908355713,1.5316146612167358,0.36538461538461536,0.8269230769230769,0.21428571428571427,0.8571428571428571,0.0004
787,1.5651442408561707,1.5316429138183594,0.36538461538461536,0.8269230769230769,0.21428571428571427,0.8571428571428571,0.0004
788,1.5802193880081177,1.5319041013717651,0.36538461538461536,0.8269230769230769,0.21428571428571427,0.8571428571428571,0.0004
789,1.5475146770477295,1.532267451286316,0.36538461538461536,0.8269230769230769,0.21428571428571427,0.8571428571428571,0.0004
790,1.5335749983787537,1.53318190574646,0.36538461538461536,0.8269230769230769,0.21428571428571427,0.8571428571428571,0.0004
791,1.5650294423103333,1.5341858863830566,0.36538461538461536,0.8269230769230769,0.21428571428571427,0.8571428571428571,0.0004
792,1.5394848585128784,1.5352717638015747,0.36538461538461536,0.8269230769230769,0.21428571428571427,0.8571428571428571,0.0004
793,1.5779467821121216,1.5353846549987793,0.36538461538461536,0.8269230769230769,0.21428571428571427,0.8571428571428571,0.0004
794,1.592053234577179,1.5356969833374023,0.36538461538461536,0.8269230769230769,0.21428571428571427,0.8571428571428571,0.0004
795,1.5483118295669556,1.5364809036254883,0.36538461538461536,0.8269230769230769,0.21428571428571427,0.8571428571428571,0.0004
796,1.5381497740745544,1.5374770164489746,0.36538461538461536,0.8269230769230769,0.21428571428571427,0.8571428571428571,0.0004
797,1.5678654909133911,1.537888526916504,0.36538461538461536,0.8269230769230769,0.21428571428571427,0.8571428571428571,0.0004
798,1.5532739162445068,1.5378282070159912,0.36538461538461536,0.8269230769230769,0.21428571428571427,0.8571428571428571,0.0004
799,1.5795456171035767,1.5371758937835693,0.36538461538461536,0.8269230769230769,0.21428571428571427,0.8571428571428571,0.0004
800,1.5373379588127136,1.5366226434707642,0.36538461538461536,0.8269230769230769,0.21428571428571427,0.8571428571428571,0.0004
801,1.5398715138435364,1.5359337329864502,0.36538461538461536,0.8269230769230769,0.21428571428571427,0.8571428571428571,0.0004
802,1.5352566838264465,1.5345804691314697,0.36538461538461536,0.8269230769230769,0.21428571428571427,0.8571428571428571,0.0004
803,1.5184432864189148,1.5332262516021729,0.36538461538461536,0.8269230769230769,0.21428571428571427,0.8571428571428571,0.0004
804,1.5470740795135498,1.5322184562683105,0.36538461538461536,0.8269230769230769,0.21428571428571427,0.8571428571428571,0.0004
805,1.6096961498260498,1.5318164825439453,0.36538461538461536,0.8269230769230769,0.21428571428571427,0.8571428571428571,0.0004
806,1.552839457988739,1.532172441482544,0.36538461538461536,0.8269230769230769,0.21428571428571427,0.8571428571428571,0.0004
807,1.595165193080902,1.5319557189941406,0.36538461538461536,0.8269230769230769,0.21428571428571427,0.8571428571428571,0.0004
808,1.5627013444900513,1.5319948196411133,0.36538461538461536,0.8269230769230769,0.21428571428571427,0.8571428571428571,0.0004
809,1.5656607151031494,1.5325696468353271,0.36538461538461536,0.8269230769230769,0.21428571428571427,0.8571428571428571,0.0004
810,1.6153016090393066,1.533191442489624,0.36538461538461536,0.8269230769230769,0.21428571428571427,0.8571428571428571,0.0004
811,1.5754204392433167,1.5330959558486938,0.36538461538461536,0.8269230769230769,0.21428571428571427,0.8571428571428571,0.0004
812,1.551985502243042,1.5340451002120972,0.36538461538461536,0.8269230769230769,0.21428571428571427,0.8571428571428571,0.0004
813,1.581651747226715,1.5346763134002686,0.36538461538461536,0.8269230769230769,0.21428571428571427,0.8571428571428571,0.0004
814,1.5375934839248657,1.5349557399749756,0.36538461538461536,0.8269230769230769,0.21428571428571427,0.8571428571428571,0.0004
815,1.5721932649612427,1.5352880954742432,0.36538461538461536,0.8269230769230769,0.21428571428571427,0.8571428571428571,0.0004
816,1.5637718439102173,1.53452467918396,0.36538461538461536,0.8269230769230769,0.21428571428571427,0.8571428571428571,0.0004
817,1.564967155456543,1.5341062545776367,0.36538461538461536,0.8269230769230769,0.21428571428571427,0.8571428571428571,0.0004
818,1.549843966960907,1.5336744785308838,0.36538461538461536,0.8269230769230769,0.21428571428571427,0.8571428571428571,0.0004
819,1.5432647466659546,1.5335893630981445,0.36538461538461536,0.8269230769230769,0.21428571428571427,0.8571428571428571,0.0004
820,1.5253920555114746,1.5325732231140137,0.36538461538461536,0.8269230769230769,0.21428571428571427,0.8571428571428571,0.0004
821,1.5619396567344666,1.5310039520263672,0.36538461538461536,0.8269230769230769,0.21428571428571427,0.8571428571428571,0.0004
822,1.5531994700431824,1.5304666757583618,0.36538461538461536,0.8269230769230769,0.21428571428571427,0.8571428571428571,0.0004
823,1.5654881596565247,1.5295648574829102,0.36538461538461536,0.8269230769230769,0.21428571428571427,0.8571428571428571,0.0004
824,1.5772190690040588,1.5287787914276123,0.36538461538461536,0.8269230769230769,0.21428571428571427,0.8571428571428571,0.0004
825,1.5530564188957214,1.5290875434875488,0.36538461538461536,0.8269230769230769,0.21428571428571427,0.8571428571428571,0.0004
826,1.5516067147254944,1.5289884805679321,0.36538461538461536,0.8269230769230769,0.21428571428571427,0.8571428571428571,0.0004
827,1.5972601771354675,1.5287158489227295,0.36538461538461536,0.8269230769230769,0.21428571428571427,0.8571428571428571,0.0004
828,1.5974303483963013,1.5286192893981934,0.36538461538461536,0.8269230769230769,0.21428571428571427,0.8571428571428571,0.0004
829,1.5330206155776978,1.528467059135437,0.36538461538461536,0.8269230769230769,0.21428571428571427,0.8571428571428571,0.0004
830,1.551519513130188,1.5289127826690674,0.36538461538461536,0.8269230769230769,0.21428571428571427,0.8571428571428571,0.0004
831,1.5821998119354248,1.5292474031448364,0.36538461538461536,0.8269230769230769,0.21428571428571427,0.8571428571428571,0.0004
832,1.5349202752113342,1.5293779373168945,0.36538461538461536,0.8269230769230769,0.21428571428571427,0.8571428571428571,0.0004
833,1.5805012583732605,1.5296088457107544,0.36538461538461536,0.8269230769230769,0.21428571428571427,0.8571428571428571,0.0004
834,1.5367932319641113,1.5299499034881592,0.36538461538461536,0.8269230769230769,0.21428571428571427,0.8571428571428571,0.0004
835,1.5803428888320923,1.5301339626312256,0.36538461538461536,0.8269230769230769,0.21428571428571427,0.8571428571428571,0.0004
836,1.551914095878601,1.53043794631958,0.36538461538461536,0.8269230769230769,0.21428571428571427,0.8571428571428571,0.0004
837,1.5341246128082275,1.530443787574768,0.36538461538461536,0.8269230769230769,0.21428571428571427,0.8571428571428571,0.0004
838,1.5345460176467896,1.5307772159576416,0.36538461538461536,0.8269230769230769,0.21428571428571427,0.8571428571428571,0.0004
839,1.5495017766952515,1.5312622785568237,0.36538461538461536,0.8269230769230769,0.21428571428571427,0.8571428571428571,0.0004
840,1.521982729434967,1.531943678855896,0.36538461538461536,0.8269230769230769,0.21428571428571427,0.8571428571428571,0.0004
841,1.5507415533065796,1.5322859287261963,0.36538461538461536,0.8269230769230769,0.21428571428571427,0.8571428571428571,0.0004
842,1.573122262954712,1.5327749252319336,0.36538461538461536,0.8269230769230769,0.21428571428571427,0.8571428571428571,0.0004
843,1.547948181629181,1.5319793224334717,0.36538461538461536,0.8269230769230769,0.21428571428571427,0.8571428571428571,0.0004
844,1.5805357694625854,1.5315937995910645,0.36538461538461536,0.8269230769230769,0.21428571428571427,0.8571428571428571,0.0004
845,1.5168920755386353,1.531333088874817,0.36538461538461536,0.8269230769230769,0.21428571428571427,0.8571428571428571,0.0004
846,1.5656841397285461,1.531574010848999,0.36538461538461536,0.8269230769230769,0.21428571428571427,0.8571428571428571,0.0004
847,1.5506485104560852,1.5318266153335571,0.36538461538461536,0.8269230769230769,0.21428571428571427,0.8571428571428571,0.0004
848,1.5997741222381592,1.5319960117340088,0.36538461538461536,0.8269230769230769,0.21428571428571427,0.8571428571428571,0.0004
849,1.5659033060073853,1.5319732427597046,0.36538461538461536,0.8269230769230769,0.21428571428571427,0.8571428571428571,0.0004
850,1.5185948014259338,1.5320029258728027,0.36538461538461536,0.8269230769230769,0.21428571428571427,0.8571428571428571,0.0004
851,1.5454620122909546,1.5319111347198486,0.36538461538461536,0.8269230769230769,0.21428571428571427,0.8571428571428571,0.0004
852,1.5539687871932983,1.5329278707504272,0.36538461538461536,0.8269230769230769,0.21428571428571427,0.8571428571428571,0.0004
853,1.5394741296768188,1.5333688259124756,0.36538461538461536,0.8269230769230769,0.21428571428571427,0.8571428571428571,0.0004
854,1.5819555521011353,1.532928228378296,0.36538461538461536,0.8269230769230769,0.21428571428571427,0.8571428571428571,0.0004
855,1.5347403287887573,1.5324852466583252,0.36538461538461536,0.8269230769230769,0.21428571428571427,0.8571428571428571,0.0004
856,1.5803735256195068,1.5319586992263794,0.36538461538461536,0.8269230769230769,0.21428571428571427,0.8571428571428571,0.0004
857,1.596334457397461,1.5318666696548462,0.36538461538461536,0.8269230769230769,0.21428571428571427,0.8571428571428571,0.0004
858,1.565442144870758,1.531988263130188,0.36538461538461536,0.8269230769230769,0.21428571428571427,0.8571428571428571,0.0004
859,1.5631367564201355,1.5320303440093994,0.36538461538461536,0.8269230769230769,0.21428571428571427,0.8571428571428571,0.0004
860,1.5524367094039917,1.5326085090637207,0.36538461538461536,0.8269230769230769,0.21428571428571427,0.8571428571428571,0.0004
861,1.5401731729507446,1.5329458713531494,0.36538461538461536,0.8269230769230769,0.21428571428571427,0.8571428571428571,0.0004
862,1.5655162334442139,1.5325666666030884,0.36538461538461536,0.8269230769230769,0.21428571428571427,0.8571428571428571,0.0004
863,1.5619337558746338,1.5320645570755005,0.36538461538461536,0.8269230769230769,0.21428571428571427,0.8571428571428571,0.0004
864,1.5529318451881409,1.5322668552398682,0.36538461538461536,0.8269230769230769,0.21428571428571427,0.8571428571428571,0.0004
865,1.5246881246566772,1.5321422815322876,0.36538461538461536,0.8269230769230769,0.21428571428571427,0.8571428571428571,0.0004
866,1.5375058054924011,1.5316455364227295,0.36538461538461536,0.8269230769230769,0.21428571428571427,0.8571428571428571,0.0004
867,1.5362080335617065,1.5310295820236206,0.36538461538461536,0.8269230769230769,0.21428571428571427,0.8571428571428571,0.0004
868,1.549701452255249,1.5304243564605713,0.36538461538461536,0.8269230769230769,0.21428571428571427,0.8571428571428571,0.0004
869,1.549418866634369,1.529999017715454,0.36538461538461536,0.8269230769230769,0.21428571428571427,0.8571428571428571,0.0004
870,1.5774973630905151,1.529699444770813,0.36538461538461536,0.8269230769230769,0.21428571428571427,0.8571428571428571,0.0004
871,1.537953794002533,1.5303552150726318,0.36538461538461536,0.8269230769230769,0.21428571428571427,0.8571428571428571,0.0004
872,1.5832164287567139,1.5305331945419312,0.36538461538461536,0.8269230769230769,0.21428571428571427,0.8571428571428571,0.0004
873,1.5222342610359192,1.5305832624435425,0.36538461538461536,0.8269230769230769,0.21428571428571427,0.8571428571428571,0.0004
874,1.5314263105392456,1.530004620552063,0.36538461538461536,0.8269230769230769,0.21428571428571427,0.8571428571428571,0.0004
875,1.5810678005218506,1.5301518440246582,0.36538461538461536,0.8269230769230769,0.21428571428571427,0.8571428571428571,0.0004
876,1.5781641006469727,1.5302934646606445,0.36538461538461536,0.8269230769230769,0.21428571428571427,0.8571428571428571,0.0004
877,1.5524029731750488,1.531427025794983,0.36538461538461536,0.8269230769230769,0.21428571428571427,0.8571428571428571,0.0004
878,1.5520163178443909,1.5321571826934814,0.36538461538461536,0.8269230769230769,0.21428571428571427,0.8571428571428571,0.0004
879,1.5496041178703308,1.5325183868408203,0.36538461538461536,0.8269230769230769,0.21428571428571427,0.8571428571428571,0.0004
880,1.5546827912330627,1.5330792665481567,0.36538461538461536,0.8269230769230769,0.21428571428571427,0.8571428571428571,0.0004
881,1.5495394468307495,1.5328161716461182,0.36538461538461536,0.8269230769230769,0.21428571428571427,0.8571428571428571,0.0004
882,1.5463124513626099,1.5324795246124268,0.36538461538461536,0.8269230769230769,0.21428571428571427,0.8571428571428571,0.0004
883,1.5462841391563416,1.5327019691467285,0.36538461538461536,0.8269230769230769,0.21428571428571427,0.8571428571428571,0.0004
884,1.5476219058036804,1.5334644317626953,0.36538461538461536,0.8269230769230769,0.21428571428571427,0.8571428571428571,0.0004
885,1.5494712591171265,1.5345196723937988,0.36538461538461536,0.8269230769230769,0.21428571428571427,0.8571428571428571,0.0004
886,1.5358707904815674,1.535505771636963,0.36538461538461536,0.8269230769230769,0.21428571428571427,0.8571428571428571,0.0004
887,1.5361831188201904,1.5362281799316406,0.36538461538461536,0.8269230769230769,0.21428571428571427,0.8571428571428571,0.0004
888,1.5326270461082458,1.5364933013916016,0.36538461538461536,0.8269230769230769,0.21428571428571427,0.8571428571428571,0.0004
889,1.5424963235855103,1.5372169017791748,0.36538461538461536,0.8269230769230769,0.21428571428571427,0.8571428571428571,0.0004
890,1.5531692504882812,1.5367511510849,0.36538461538461536,0.8269230769230769,0.21428571428571427,0.8571428571428571,0.0004
891,1.5343719720840454,1.535740852355957,0.36538461538461536,0.8269230769230769,0.21428571428571427,0.8571428571428571,0.0004
892,1.5824169516563416,1.5347354412078857,0.36538461538461536,0.8269230769230769,0.21428571428571427,0.8571428571428571,0.0004
893,1.5505343079566956,1.5337774753570557,0.36538461538461536,0.8269230769230769,0.21428571428571427,0.8571428571428571,0.0004
894,1.5505151748657227,1.5328521728515625,0.36538461538461536,0.8269230769230769,0.21428571428571427,0.8571428571428571,0.0004
895,1.5642473101615906,1.531909465789795,0.36538461538461536,0.8269230769230769,0.21428571428571427,0.8571428571428571,0.0004
896,1.5639936923980713,1.5313043594360352,0.36538461538461536,0.8269230769230769,0.21428571428571427,0.8571428571428571,0.0004
897,1.5517900586128235,1.5312823057174683,0.36538461538461536,0.8269230769230769,0.21428571428571427,0.8571428571428571,0.0004
898,1.5527963042259216,1.531124472618103,0.36538461538461536,0.8269230769230769,0.21428571428571427,0.8571428571428571,0.0004
899,1.536827027797699,1.5306422710418701,0.36538461538461536,0.8269230769230769,0.21428571428571427,0.8571428571428571,0.0004
900,1.5797920227050781,1.529821753501892,0.36538461538461536,0.8269230769230769,0.21428571428571427,0.8571428571428571,0.0004
901,1.5662047863006592,1.529518485069275,0.36538461538461536,0.8269230769230769,0.21428571428571427,0.8571428571428571,0.0004
902,1.5789770483970642,1.5291582345962524,0.36538461538461536,0.8269230769230769,0.21428571428571427,0.8571428571428571,0.0004
903,1.5941561460494995,1.5291943550109863,0.36538461538461536,0.8269230769230769,0.21428571428571427,0.8571428571428571,0.0004
904,1.5369261503219604,1.5297648906707764,0.36538461538461536,0.8269230769230769,0.21428571428571427,0.8571428571428571,0.0004
905,1.56360524892807,1.53006112575531,0.36538461538461536,0.8269230769230769,0.21428571428571427,0.8571428571428571,0.0004
906,1.5795328617095947,1.530658483505249,0.36538461538461536,0.8269230769230769,0.21428571428571427,0.8571428571428571,0.0004
907,1.5786438584327698,1.5312848091125488,0.36538461538461536,0.8269230769230769,0.21428571428571427,0.8571428571428571,0.0004
908,1.5648878812789917,1.5321117639541626,0.36538461538461536,0.8269230769230769,0.21428571428571427,0.8571428571428571,0.0004
909,1.5645502805709839,1.5328644514083862,0.36538461538461536,0.8269230769230769,0.21428571428571427,0.8571428571428571,0.0004
910,1.5766613483428955,1.533491611480713,0.36538461538461536,0.8269230769230769,0.21428571428571427,0.8571428571428571,0.0004
911,1.5808016657829285,1.5345940589904785,0.36538461538461536,0.8269230769230769,0.21428571428571427,0.8571428571428571,0.0004
912,1.595197856426239,1.5353810787200928,0.36538461538461536,0.8269230769230769,0.21428571428571427,0.8571428571428571,0.0004
913,1.6056832671165466,1.5357983112335205,0.36538461538461536,0.8269230769230769,0.21428571428571427,0.8571428571428571,0.0004
914,1.565877079963684,1.5366322994232178,0.36538461538461536,0.8269230769230769,0.21428571428571427,0.8571428571428571,0.0004
915,1.5509299039840698,1.5371556282043457,0.36538461538461536,0.8269230769230769,0.21428571428571427,0.8571428571428571,0.0004
916,1.5236558318138123,1.5374460220336914,0.36538461538461536,0.8269230769230769,0.21428571428571427,0.8571428571428571,0.0004
917,1.5547335147857666,1.5376683473587036,0.36538461538461536,0.8269230769230769,0.21428571428571427,0.8571428571428571,0.0004
918,1.5671405792236328,1.5373643636703491,0.36538461538461536,0.8269230769230769,0.21428571428571427,0.8571428571428571,0.0004
919,1.5353530049324036,1.536737322807312,0.36538461538461536,0.8269230769230769,0.21428571428571427,0.8571428571428571,0.0004
920,1.5493497252464294,1.5362344980239868,0.36538461538461536,0.8269230769230769,0.21428571428571427,0.8571428571428571,0.0004
921,1.537167489528656,1.535959005355835,0.36538461538461536,0.8269230769230769,0.21428571428571427,0.8571428571428571,0.0004
922,1.5374071598052979,1.5356061458587646,0.36538461538461536,0.8269230769230769,0.21428571428571427,0.8571428571428571,0.0004
923,1.5566290616989136,1.5354498624801636,0.36538461538461536,0.8269230769230769,0.21428571428571427,0.8571428571428571,0.0004
924,1.5853499174118042,1.5346759557724,0.36538461538461536,0.8269230769230769,0.21428571428571427,0.8571428571428571,0.0004
925,1.5654774904251099,1.5333819389343262,0.36538461538461536,0.8269230769230769,0.21428571428571427,0.8571428571428571,0.0004
926,1.583164632320404,1.5323326587677002,0.36538461538461536,0.8269230769230769,0.21428571428571427,0.8571428571428571,0.0004
927,1.5354005098342896,1.5311877727508545,0.36538461538461536,0.8269230769230769,0.21428571428571427,0.8571428571428571,0.0004
928,1.597283959388733,1.5300981998443604,0.36538461538461536,0.8269230769230769,0.21428571428571427,0.8571428571428571,0.0004
929,1.5663777589797974,1.5293269157409668,0.36538461538461536,0.8269230769230769,0.21428571428571427,0.8571428571428571,0.0004
930,1.5194116830825806,1.52863347530365,0.36538461538461536,0.8269230769230769,0.21428571428571427,0.8571428571428571,0.0004
931,1.5494442582130432,1.5282264947891235,0.36538461538461536,0.8269230769230769,0.21428571428571427,0.8571428571428571,0.0004
932,1.5974591374397278,1.528038740158081,0.36538461538461536,0.8269230769230769,0.21428571428571427,0.8571428571428571,0.0004
933,1.54733008146286,1.5280017852783203,0.36538461538461536,0.8269230769230769,0.21428571428571427,0.8571428571428571,0.0004
934,1.5666932463645935,1.528741478919983,0.36538461538461536,0.8269230769230769,0.21428571428571427,0.8571428571428571,0.0004
935,1.5521060824394226,1.5293207168579102,0.36538461538461536,0.8269230769230769,0.21428571428571427,0.8571428571428571,0.0004
936,1.563080072402954,1.529523253440857,0.36538461538461536,0.8269230769230769,0.21428571428571427,0.8571428571428571,0.0004
937,1.5211921334266663,1.5302848815917969,0.36538461538461536,0.8269230769230769,0.21428571428571427,0.8571428571428571,0.0004
938,1.565805196762085,1.5307949781417847,0.36538461538461536,0.8269230769230769,0.21428571428571427,0.8571428571428571,0.0004
939,1.5523163676261902,1.5315358638763428,0.36538461538461536,0.8269230769230769,0.21428571428571427,0.8571428571428571,0.0004
940,1.549927294254303,1.531922459602356,0.36538461538461536,0.8269230769230769,0.21428571428571427,0.8571428571428571,0.0004
941,1.5480955243110657,1.5321511030197144,0.36538461538461536,0.8269230769230769,0.21428571428571427,0.8571428571428571,0.0004
942,1.5393001437187195,1.532944917678833,0.36538461538461536,0.8269230769230769,0.21428571428571427,0.8571428571428571,0.0004
943,1.560868263244629,1.5328304767608643,0.36538461538461536,0.8269230769230769,0.21428571428571427,0.8571428571428571,0.0004
944,1.5345834493637085,1.5335391759872437,0.36538461538461536,0.8269230769230769,0.21428571428571427,0.8571428571428571,0.0004
945,1.5470744371414185,1.534118890762329,0.36538461538461536,0.8269230769230769,0.21428571428571427,0.8571428571428571,0.0004
946,1.5639460682868958,1.5350691080093384,0.36538461538461536,0.8269230769230769,0.21428571428571427,0.8571428571428571,0.0004
947,1.582230031490326,1.5361590385437012,0.36538461538461536,0.8269230769230769,0.21428571428571427,0.8571428571428571,0.0004
948,1.5154274106025696,1.5367577075958252,0.36538461538461536,0.8269230769230769,0.21428571428571427,0.8571428571428571,0.0004
949,1.5448185801506042,1.5376455783843994,0.36538461538461536,0.8269230769230769,0.21428571428571427,0.8571428571428571,0.0004
950,1.5242294073104858,1.539269208908081,0.36538461538461536,0.8269230769230769,0.21428571428571427,0.8571428571428571,0.0004
951,1.569325566291809,1.5400331020355225,0.36538461538461536,0.8269230769230769,0.21428571428571427,0.8571428571428571,0.0004
952,1.5334246754646301,1.5400264263153076,0.36538461538461536,0.8269230769230769,0.21428571428571427,0.8571428571428571,0.0004
953,1.5319223999977112,1.5399075746536255,0.36538461538461536,0.8269230769230769,0.21428571428571427,0.8571428571428571,0.0004
954,1.544606626033783,1.539798617362976,0.36538461538461536,0.8269230769230769,0.21428571428571427,0.8571428571428571,0.0004
955,1.5694211721420288,1.540422797203064,0.36538461538461536,0.8269230769230769,0.21428571428571427,0.8571428571428571,0.0004
956,1.5786101818084717,1.5402400493621826,0.36538461538461536,0.8269230769230769,0.21428571428571427,0.8571428571428571,0.0004
957,1.5507913827896118,1.5404051542282104,0.36538461538461536,0.8269230769230769,0.21428571428571427,0.8571428571428571,0.0004
958,1.5812479853630066,1.5402779579162598,0.36538461538461536,0.8269230769230769,0.21428571428571427,0.8571428571428571,0.0004
959,1.583032250404358,1.5400830507278442,0.36538461538461536,0.8269230769230769,0.21428571428571427,0.8571428571428571,0.0004
960,1.5654298067092896,1.539538025856018,0.36538461538461536,0.8269230769230769,0.21428571428571427,0.8571428571428571,0.0004
961,1.5648937225341797,1.5389606952667236,0.36538461538461536,0.8269230769230769,0.21428571428571427,0.8571428571428571,0.0004
962,1.5817619562149048,1.5385204553604126,0.36538461538461536,0.8269230769230769,0.21428571428571427,0.8571428571428571,0.0004
963,1.5328289866447449,1.537781000137329,0.36538461538461536,0.8269230769230769,0.21428571428571427,0.8571428571428571,0.0004
964,1.565701186656952,1.5374188423156738,0.36538461538461536,0.8269230769230769,0.21428571428571427,0.8571428571428571,0.0004
965,1.5490224361419678,1.5369229316711426,0.36538461538461536,0.8269230769230769,0.21428571428571427,0.8571428571428571,0.0004
966,1.532180368900299,1.5364364385604858,0.36538461538461536,0.8269230769230769,0.21428571428571427,0.8571428571428571,0.0004
967,1.5773159861564636,1.5363292694091797,0.36538461538461536,0.8269230769230769,0.21428571428571427,0.8571428571428571,0.0004
968,1.5524177551269531,1.5366147756576538,0.36538461538461536,0.8269230769230769,0.21428571428571427,0.8571428571428571,0.0004
969,1.5797517895698547,1.5363919734954834,0.36538461538461536,0.8269230769230769,0.21428571428571427,0.8571428571428571,0.0004
970,1.5245458483695984,1.5361460447311401,0.36538461538461536,0.8269230769230769,0.21428571428571427,0.8571428571428571,0.0004
971,1.5644893050193787,1.5355887413024902,0.36538461538461536,0.8269230769230769,0.21428571428571427,0.8571428571428571,0.0004
972,1.5667449831962585,1.535239338874817,0.36538461538461536,0.8269230769230769,0.21428571428571427,0.8571428571428571,0.0004
973,1.579407513141632,1.5346319675445557,0.36538461538461536,0.8269230769230769,0.21428571428571427,0.8571428571428571,0.0004
974,1.5854336023330688,1.534358263015747,0.36538461538461536,0.8269230769230769,0.21428571428571427,0.8571428571428571,0.0004
975,1.567197561264038,1.533408761024475,0.36538461538461536,0.8269230769230769,0.21428571428571427,0.8571428571428571,0.0004
976,1.5519647002220154,1.5322575569152832,0.36538461538461536,0.8269230769230769,0.21428571428571427,0.8571428571428571,0.0004
977,1.538141906261444,1.531005859375,0.36538461538461536,0.8269230769230769,0.21428571428571427,0.8571428571428571,0.0004
978,1.5630866289138794,1.5295488834381104,0.36538461538461536,0.8269230769230769,0.21428571428571427,0.8571428571428571,0.0004
979,1.5502779483795166,1.5287222862243652,0.36538461538461536,0.8269230769230769,0.21428571428571427,0.8571428571428571,0.0004
980,1.5485261678695679,1.5279698371887207,0.36538461538461536,0.8269230769230769,0.21428571428571427,0.8571428571428571,0.0004
981,1.5666036009788513,1.5278133153915405,0.36538461538461536,0.8269230769230769,0.21428571428571427,0.8571428571428571,0.0004
982,1.5356566309928894,1.5275797843933105,0.36538461538461536,0.8269230769230769,0.21428571428571427,0.8571428571428571,0.0004
983,1.5542206764221191,1.527535080909729,0.36538461538461536,0.8269230769230769,0.21428571428571427,0.8571428571428571,0.0004
984,1.5650919675827026,1.5268441438674927,0.36538461538461536,0.8269230769230769,0.21428571428571427,0.8571428571428571,0.0004
985,1.5646017789840698,1.526412010192871,0.36538461538461536,0.8269230769230769,0.21428571428571427,0.8571428571428571,0.0004
986,1.550865888595581,1.5264434814453125,0.36538461538461536,0.8269230769230769,0.21428571428571427,0.8571428571428571,0.0004
987,1.5353928804397583,1.5265241861343384,0.36538461538461536,0.8269230769230769,0.21428571428571427,0.8571428571428571,0.0004
988,1.5781455039978027,1.5265600681304932,0.36538461538461536,0.8269230769230769,0.21428571428571427,0.8571428571428571,0.0004
989,1.5635238289833069,1.5273255109786987,0.36538461538461536,0.8269230769230769,0.21428571428571427,0.8571428571428571,0.0004
990,1.5502511858940125,1.5285779237747192,0.36538461538461536,0.8269230769230769,0.21428571428571427,0.8571428571428571,0.0004
991,1.5392106175422668,1.5299657583236694,0.36538461538461536,0.8269230769230769,0.21428571428571427,0.8571428571428571,0.0004
992,1.5508713722229004,1.530596137046814,0.36538461538461536,0.8269230769230769,0.21428571428571427,0.8571428571428571,0.0004
993,1.5794833898544312,1.531042218208313,0.36538461538461536,0.8269230769230769,0.21428571428571427,0.8571428571428571,0.0004
994,1.599324107170105,1.5318291187286377,0.36538461538461536,0.8269230769230769,0.21428571428571427,0.8571428571428571,0.0004
995,1.5846800208091736,1.5322612524032593,0.36538461538461536,0.8269230769230769,0.21428571428571427,0.8571428571428571,0.0004
996,1.582569420337677,1.5321546792984009,0.36538461538461536,0.8269230769230769,0.21428571428571427,0.8571428571428571,0.0004
997,1.5366541147232056,1.531821370124817,0.36538461538461536,0.8269230769230769,0.21428571428571427,0.8571428571428571,0.0004
998,1.5630133152008057,1.5313308238983154,0.36538461538461536,0.8269230769230769,0.21428571428571427,0.8571428571428571,0.0004
999,1.5675487518310547,1.5314011573791504,0.36538461538461536,0.8269230769230769,0.21428571428571427,0.8571428571428571,0.0004
1000,1.592828392982483,1.530988097190857,0.36538461538461536,0.8269230769230769,0.21428571428571427,0.8571428571428571,0.0004
